observed_at,bar_start,bar_end,pair,delta_direction,close,delta_norm,volume_tempo_pct,directional_tempo_pct,trade_count_pct,entry_time,entry_price,horizon_bars,mfe_pct,mae_pct,response_label
2026-08-12T21:35:49.828235+00:00,1786539900,1786540200,SOL/USD,UP,76.56,0.9757288016305851,0.9864864864864865,0.9945945945945946,0.9621621621621622,2026-08-12T21:40:00+00:00,76.56,3,-0.01227795,-0.01397597,FAILED
2026-08-12T21:35:49.828235+00:00,1786539900,1786540200,SOL/USD,UP,76.56,0.9757288016305851,0.9864864864864865,0.9945945945945946,0.9621621621621622,2026-08-12T21:40:00+00:00,76.56,6,-0.01227795,-0.01645768,FAILED
2026-08-12T21:35:49.828235+00:00,1786539900,1786540200,SOL/USD,UP,76.56,0.9757288016305851,0.9864864864864865,0.9945945945945946,0.9621621621621622,2026-08-12T21:40:00+00:00,76.56,12,-0.01227795,-0.01645768,FAILED
2026-08-12T21:35:49.828301+00:00,1786539900,1786540200,ETH/USD,DOWN,1908.67,0.9724346999557777,0.972972972972973,0.972972972972973,0.9054054054054054,2026-08-12T21:40:00+00:00,1908.67,3,0.01706424,0.0138421,ACCEPTED
2026-08-12T21:35:49.828301+00:00,1786539900,1786540200,ETH/USD,DOWN,1908.67,0.9724346999557777,0.972972972972973,0.972972972972973,0.9054054054054054,2026-08-12T21:40:00+00:00,1908.67,6,0.01822735,0.0138421,ACCEPTED
2026-08-12T21:35:49.828301+00:00,1786539900,1786540200,ETH/USD,DOWN,1908.67,0.9724346999557777,0.972972972972973,0.972972972972973,0.9054054054054054,2026-08-12T21:40:00+00:00,1908.67,12,0.01822735,0.0138421,ACCEPTED
2026-08-12T21:35:49.828361+00:00,1786539900,1786540200,LINK/USD,DOWN,8.81051,0.9018090558208832,0.8179271708683473,0.8375350140056023,0.8207282913165266,2026-08-12T21:40:00+00:00,8.81051,3,0.01837805,0.01454172,ACCEPTED
2026-08-12T21:35:49.828361+00:00,1786539900,1786540200,LINK/USD,DOWN,8.81051,0.9018090558208832,0.8179271708683473,0.8375350140056023,0.8207282913165266,2026-08-12T21:40:00+00:00,8.81051,6,0.02084896,0.01454172,ACCEPTED
2026-08-12T21:35:49.828361+00:00,1786539900,1786540200,LINK/USD,DOWN,8.81051,0.9018090558208832,0.8179271708683473,0.8375350140056023,0.8207282913165266,2026-08-12T21:40:00+00:00,8.81051,12,0.02084896,0.0143011,ACCEPTED
2026-08-12T21:35:49.828403+00:00,1786539900,1786540200,AAVE/USD,UP,89.81,0.6517501274425949,0.9885496183206107,0.9885496183206107,0.9885496183206107,2026-08-12T21:40:00+00:00,89.81,3,-0.01870616,-0.020265,FAILED
2026-08-12T21:35:49.828403+00:00,1786539900,1786540200,AAVE/USD,UP,89.81,0.6517501274425949,0.9885496183206107,0.9885496183206107,0.9885496183206107,2026-08-12T21:40:00+00:00,89.81,6,-0.01859481,-0.02449616,FAILED
2026-08-12T21:35:49.828403+00:00,1786539900,1786540200,AAVE/USD,UP,89.81,0.6517501274425949,0.9885496183206107,0.9885496183206107,0.9885496183206107,2026-08-12T21:40:00+00:00,89.81,12,-0.01859481,-0.02449616,FAILED
2026-08-12T21:37:20.013391+00:00,1786570200,1786570500,SOL/USD,UP,75.5,0.6083031111059175,0.9945945945945946,0.9891891891891892,0.981081081081081,2026-08-12T21:40:00+00:00,75.5,3,0.0015894,-0.00013245,UNRESOLVED
2026-08-12T21:37:20.013391+00:00,1786570200,1786570500,SOL/USD,UP,75.5,0.6083031111059175,0.9945945945945946,0.9891891891891892,0.981081081081081,2026-08-12T21:40:00+00:00,75.5,6,0.0015894,-0.00264901,FAILED
2026-08-12T21:37:20.013391+00:00,1786570200,1786570500,SOL/USD,UP,75.5,0.6083031111059175,0.9945945945945946,0.9891891891891892,0.981081081081081,2026-08-12T21:40:00+00:00,75.5,12,0.0015894,-0.00264901,FAILED
2026-08-12T21:37:35.018246+00:00,1786570200,1786570500,DOGE/USD,DOWN,0.069599,0.9608704522214762,0.9859550561797753,0.9887640449438202,0.9691011235955056,2026-08-12T21:40:00+00:00,0.069599,3,0.00285636,-0.0034943,ACCEPTED
2026-08-12T21:37:35.018246+00:00,1786570200,1786570500,DOGE/USD,DOWN,0.069599,0.9608704522214762,0.9859550561797753,0.9887640449438202,0.9691011235955056,2026-08-12T21:40:00+00:00,0.069599,6,0.01141683,-0.0034943,ACCEPTED
2026-08-12T21:37:35.018246+00:00,1786570200,1786570500,DOGE/USD,DOWN,0.069599,0.9608704522214762,0.9859550561797753,0.9887640449438202,0.9691011235955056,2026-08-12T21:40:00+00:00,0.069599,12,0.01141683,-0.0034943,ACCEPTED
2026-08-12T21:37:35.018262+00:00,1786570200,1786570500,LINK/USD,DOWN,8.64598,0.8890372468582355,0.9971988795518207,1.0,0.9859943977591037,2026-08-12T21:40:00+00:00,8.64598,3,-0.00030187,-0.00421121,FAILED
2026-08-12T21:37:35.018262+00:00,1786570200,1786570500,LINK/USD,DOWN,8.64598,0.8890372468582355,0.9971988795518207,1.0,0.9859943977591037,2026-08-12T21:40:00+00:00,8.64598,6,0.00221606,-0.00421121,FAILED
2026-08-12T21:37:35.018262+00:00,1786570200,1786570500,LINK/USD,DOWN,8.64598,0.8890372468582355,0.9971988795518207,1.0,0.9859943977591037,2026-08-12T21:40:00+00:00,8.64598,12,0.00221606,-0.00445641,FAILED
2026-08-12T21:37:35.018292+00:00,1786570200,1786570500,DOT/USD,UP,0.7747,0.6769474024487875,0.9846625766871165,0.9815950920245399,0.9846625766871165,2026-08-12T21:40:00+00:00,0.7747,3,0.00167807,-0.00103266,UNRESOLVED
2026-08-12T21:37:35.018292+00:00,1786570200,1786570500,DOT/USD,UP,0.7747,0.6769474024487875,0.9846625766871165,0.9815950920245399,0.9846625766871165,2026-08-12T21:40:00+00:00,0.7747,6,0.00167807,-0.00929392,FAILED
2026-08-12T21:37:35.018292+00:00,1786570200,1786570500,DOT/USD,UP,0.7747,0.6769474024487875,0.9846625766871165,0.9815950920245399,0.9846625766871165,2026-08-12T21:40:00+00:00,0.7747,12,0.00167807,-0.00929392,FAILED
2026-08-12T21:37:50.023276+00:00,1786570200,1786570500,LTC/USD,UP,44.74,0.9891899779093947,0.8162162162162162,0.8675675675675676,0.7783783783783784,2026-08-12T21:40:00+00:00,44.74,3,0.00201162,-0.00067054,UNRESOLVED
2026-08-12T21:37:50.023276+00:00,1786570200,1786570500,LTC/USD,UP,44.74,0.9891899779093947,0.8162162162162162,0.8675675675675676,0.7783783783783784,2026-08-12T21:40:00+00:00,44.74,6,0.00357622,-0.00067054,ACCEPTED
2026-08-12T21:37:50.023276+00:00,1786570200,1786570500,LTC/USD,UP,44.74,0.9891899779093947,0.8162162162162162,0.8675675675675676,0.7783783783783784,2026-08-12T21:40:00+00:00,44.74,12,0.00424676,-0.00067054,ACCEPTED
2026-08-12T21:40:35.099547+00:00,1786570500,1786570800,ETH/USD,UP,1877.91,0.9670916965672351,0.8594594594594595,0.8972972972972973,0.745945945945946,2026-08-12T21:45:00+00:00,1877.91,3,0.00231108,6.923e-05,UNRESOLVED
2026-08-12T21:40:35.099547+00:00,1786570500,1786570800,ETH/USD,UP,1877.91,0.9670916965672351,0.8594594594594595,0.8972972972972973,0.745945945945946,2026-08-12T21:45:00+00:00,1877.91,6,0.00231108,-0.002146,UNRESOLVED
2026-08-12T21:40:35.099547+00:00,1786570500,1786570800,ETH/USD,UP,1877.91,0.9670916965672351,0.8594594594594595,0.8972972972972973,0.745945945945946,2026-08-12T21:45:00+00:00,1877.91,12,0.00231108,-0.002146,UNRESOLVED
2026-08-12T21:40:35.099595+00:00,1786570500,1786570800,DOGE/USD,UP,0.0696298,0.6643802666077014,0.7668539325842697,0.7612359550561798,0.8651685393258427,2026-08-12T21:45:00+00:00,0.0696298,3,0.00305042,-0.00037628,ACCEPTED
2026-08-12T21:40:35.099595+00:00,1786570500,1786570800,DOGE/USD,UP,0.0696298,0.6643802666077014,0.7668539325842697,0.7612359550561798,0.8651685393258427,2026-08-12T21:45:00+00:00,0.0696298,6,0.00305042,-0.01185412,ACCEPTED
2026-08-12T21:40:35.099595+00:00,1786570500,1786570800,DOGE/USD,UP,0.0696298,0.6643802666077014,0.7668539325842697,0.7612359550561798,0.8651685393258427,2026-08-12T21:45:00+00:00,0.0696298,12,0.00305042,-0.01185412,ACCEPTED
2026-08-12T21:40:35.099610+00:00,1786570500,1786570800,LINK/USD,UP,8.66488,0.8285359514817998,0.9131652661064426,0.9131652661064426,0.8207282913165266,2026-08-12T21:45:00+00:00,8.66488,3,0.0020208,-0.00033468,UNRESOLVED
2026-08-12T21:40:35.099610+00:00,1786570500,1786570800,LINK/USD,UP,8.66488,0.8285359514817998,0.9131652661064426,0.9131652661064426,0.8207282913165266,2026-08-12T21:45:00+00:00,8.66488,6,0.0020208,-0.00439244,FAILED
2026-08-12T21:40:35.099610+00:00,1786570500,1786570800,LINK/USD,UP,8.66488,0.8285359514817998,0.9131652661064426,0.9131652661064426,0.8207282913165266,2026-08-12T21:45:00+00:00,8.66488,12,0.00226547,-0.00439244,FAILED
2026-08-12T21:40:50.109273+00:00,1786570500,1786570800,LTC/USD,UP,44.75,0.5197256480865926,0.7837837837837838,0.7297297297297297,0.9135135135135135,2026-08-12T21:45:00+00:00,44.75,3,0.00335196,-0.00022346,ACCEPTED
2026-08-12T21:40:50.109273+00:00,1786570500,1786570800,LTC/USD,UP,44.75,0.5197256480865926,0.7837837837837838,0.7297297297297297,0.9135135135135135,2026-08-12T21:45:00+00:00,44.75,6,0.00402235,-0.00022346,ACCEPTED
2026-08-12T21:40:50.109273+00:00,1786570500,1786570800,LTC/USD,UP,44.75,0.5197256480865926,0.7837837837837838,0.7297297297297297,0.9135135135135135,2026-08-12T21:45:00+00:00,44.75,12,0.00402235,-0.00022346,ACCEPTED
2026-08-12T21:45:35.233553+00:00,1786570800,1786571100,ETH/USD,UP,1880.67,0.8342627062066312,0.7324324324324324,0.8054054054054054,0.9027027027027027,2026-08-12T21:50:00+00:00,1880.67,3,0.00084013,-0.0028341,FAILED
2026-08-12T21:45:35.233553+00:00,1786570800,1786571100,ETH/USD,UP,1880.67,0.8342627062066312,0.7324324324324324,0.8054054054054054,0.9027027027027027,2026-08-12T21:50:00+00:00,1880.67,6,0.00084013,-0.00361042,FAILED
2026-08-12T21:45:35.233553+00:00,1786570800,1786571100,ETH/USD,UP,1880.67,0.8342627062066312,0.7324324324324324,0.8054054054054054,0.9027027027027027,2026-08-12T21:50:00+00:00,1880.67,12,0.00084013,-0.00361042,FAILED
2026-08-12T21:45:50.248845+00:00,1786570800,1786571100,XRP/USD,UP,1.00581,0.9548187042288147,0.754054054054054,0.8567567567567568,0.5864864864864865,2026-08-12T21:50:00+00:00,1.00581,3,0.00027838,-0.00265458,FAILED
2026-08-12T21:45:50.248845+00:00,1786570800,1786571100,XRP/USD,UP,1.00581,0.9548187042288147,0.754054054054054,0.8567567567567568,0.5864864864864865,2026-08-12T21:50:00+00:00,1.00581,6,0.00027838,-0.00369851,FAILED
2026-08-12T21:45:50.248845+00:00,1786570800,1786571100,XRP/USD,UP,1.00581,0.9548187042288147,0.754054054054054,0.8567567567567568,0.5864864864864865,2026-08-12T21:50:00+00:00,1.00581,12,0.00099422,-0.00369851,FAILED
2026-08-12T21:45:50.248862+00:00,1786570800,1786571100,ADA/USD,UP,0.181379,0.7648390603813646,0.7916666666666666,0.8027777777777778,0.7416666666666667,2026-08-12T21:50:00+00:00,0.181379,3,0.00135628,-0.00208955,UNRESOLVED
2026-08-12T21:45:50.248862+00:00,1786570800,1786571100,ADA/USD,UP,0.181379,0.7648390603813646,0.7916666666666666,0.8027777777777778,0.7416666666666667,2026-08-12T21:50:00+00:00,0.181379,6,0.00276217,-0.00409639,FAILED
2026-08-12T21:45:50.248862+00:00,1786570800,1786571100,ADA/USD,UP,0.181379,0.7648390603813646,0.7916666666666666,0.8027777777777778,0.7416666666666667,2026-08-12T21:50:00+00:00,0.181379,12,0.00330248,-0.00409639,FAILED
2026-08-12T21:45:50.248878+00:00,1786570800,1786571100,DOGE/USD,UP,0.0696892,0.9469395474202319,1.0,1.0,0.9915730337078652,2026-08-12T21:50:00+00:00,0.0696892,3,0.00021094,-0.00904301,FAILED
2026-08-12T21:45:50.248878+00:00,1786570800,1786571100,DOGE/USD,UP,0.0696892,0.9469395474202319,1.0,1.0,0.9915730337078652,2026-08-12T21:50:00+00:00,0.0696892,6,0.00021094,-0.01269637,FAILED
2026-08-12T21:45:50.248878+00:00,1786570800,1786571100,DOGE/USD,UP,0.0696892,0.9469395474202319,1.0,1.0,0.9915730337078652,2026-08-12T21:50:00+00:00,0.0696892,12,0.00021094,-0.01269637,FAILED
2026-08-12T21:45:50.248894+00:00,1786570800,1786571100,LINK/USD,UP,8.66478,0.9457415106544536,0.9943977591036415,0.9971988795518207,1.0,2026-08-12T21:50:00+00:00,8.66478,3,0.00086211,-0.00186848,UNRESOLVED
2026-08-12T21:45:50.248894+00:00,1786570800,1786571100,LINK/USD,UP,8.66478,0.9457415106544536,0.9943977591036415,0.9971988795518207,1.0,2026-08-12T21:50:00+00:00,8.66478,6,0.00227703,-0.00438095,FAILED
2026-08-12T21:45:50.248894+00:00,1786570800,1786571100,LINK/USD,UP,8.66478,0.9457415106544536,0.9943977591036415,0.9971988795518207,1.0,2026-08-12T21:50:00+00:00,8.66478,12,0.00227703,-0.00438095,FAILED
2026-08-12T21:50:50.454491+00:00,1786571100,1786571400,ADA/USD,DOWN,0.181132,0.5975613434106054,0.8472222222222222,0.8194444444444444,0.8194444444444444,2026-08-12T21:55:00+00:00,0.181132,3,0.00273833,-0.0025175,ACCEPTED
2026-08-12T21:50:50.454491+00:00,1786571100,1786571400,ADA/USD,DOWN,0.181132,0.5975613434106054,0.8472222222222222,0.8194444444444444,0.8194444444444444,2026-08-12T21:55:00+00:00,0.181132,6,0.00273833,-0.00419584,ACCEPTED
2026-08-12T21:50:50.454491+00:00,1786571100,1786571400,ADA/USD,DOWN,0.181132,0.5975613434106054,0.8472222222222222,0.8194444444444444,0.8194444444444444,2026-08-12T21:55:00+00:00,0.181132,12,0.00273833,-0.00467063,ACCEPTED
2026-08-12T21:56:05.760081+00:00,1786571400,1786571700,LTC/USD,UP,44.88,0.9551684872955013,0.9027027027027027,0.927027027027027,0.8351351351351352,2026-08-12T22:00:00+00:00,44.88,3,0.00111408,-0.00311943,FAILED
2026-08-12T21:56:05.760081+00:00,1786571400,1786571700,LTC/USD,UP,44.88,0.9551684872955013,0.9027027027027027,0.927027027027027,0.8351351351351352,2026-08-12T22:00:00+00:00,44.88,6,0.00111408,-0.00311943,FAILED
2026-08-12T21:56:05.760081+00:00,1786571400,1786571700,LTC/USD,UP,44.88,0.9551684872955013,0.9027027027027027,0.927027027027027,0.8351351351351352,2026-08-12T22:00:00+00:00,44.88,12,0.00111408,-0.00311943,FAILED
2026-08-12T22:00:51.017123+00:00,1786571700,1786572000,DOGE/USD,DOWN,0.0692767,0.6123282618683543,0.9775280898876404,0.9747191011235955,0.9775280898876404,2026-08-12T22:05:00+00:00,0.0692767,3,0.00681759,-0.00124573,ACCEPTED
2026-08-12T22:00:51.017123+00:00,1786571700,1786572000,DOGE/USD,DOWN,0.0692767,0.6123282618683543,0.9775280898876404,0.9747191011235955,0.9775280898876404,2026-08-12T22:05:00+00:00,0.0692767,6,0.00681759,-0.00234278,ACCEPTED
2026-08-12T22:00:51.017123+00:00,1786571700,1786572000,DOGE/USD,DOWN,0.0692767,0.6123282618683543,0.9775280898876404,0.9747191011235955,0.9775280898876404,2026-08-12T22:05:00+00:00,0.0692767,12,0.00681759,-0.00234278,ACCEPTED
2026-08-12T22:00:51.017138+00:00,1786571700,1786572000,LINK/USD,DOWN,8.64859,0.8994800408709122,0.8935574229691877,0.9047619047619048,0.9103641456582633,2026-08-12T22:05:00+00:00,8.64859,3,0.00251717,-0.00415328,ACCEPTED
2026-08-12T22:00:51.017138+00:00,1786571700,1786572000,LINK/USD,DOWN,8.64859,0.8994800408709122,0.8935574229691877,0.9047619047619048,0.9103641456582633,2026-08-12T22:05:00+00:00,8.64859,6,0.00251717,-0.00415328,ACCEPTED
2026-08-12T22:00:51.017138+00:00,1786571700,1786572000,LINK/USD,DOWN,8.64859,0.8994800408709122,0.8935574229691877,0.9047619047619048,0.9103641456582633,2026-08-12T22:05:00+00:00,8.64859,12,0.00251717,-0.00415328,ACCEPTED
2026-08-12T22:00:51.017154+00:00,1786571700,1786572000,AVAX/USD,DOWN,6.331,0.64736914251647,0.8095238095238095,0.7927170868347339,0.8599439775910365,2026-08-12T22:05:00+00:00,6.331,3,0.00126362,-0.00221134,UNRESOLVED
2026-08-12T22:00:51.017154+00:00,1786571700,1786572000,AVAX/USD,DOWN,6.331,0.64736914251647,0.8095238095238095,0.7927170868347339,0.8599439775910365,2026-08-12T22:05:00+00:00,6.331,6,0.00173748,-0.00221134,UNRESOLVED
2026-08-12T22:00:51.017154+00:00,1786571700,1786572000,AVAX/USD,DOWN,6.331,0.64736914251647,0.8095238095238095,0.7927170868347339,0.8599439775910365,2026-08-12T22:05:00+00:00,6.331,12,0.00647607,-0.00221134,ACCEPTED
2026-08-12T22:01:06.048365+00:00,1786571700,1786572000,LTC/USD,UP,44.79,0.5160648570711631,0.7891891891891892,0.7324324324324324,0.7216216216216216,2026-08-12T22:05:00+00:00,44.79,3,0.0031257,-0.00111632,ACCEPTED
2026-08-12T22:01:06.048365+00:00,1786571700,1786572000,LTC/USD,UP,44.79,0.5160648570711631,0.7891891891891892,0.7324324324324324,0.7216216216216216,2026-08-12T22:05:00+00:00,44.79,6,0.0031257,-0.00111632,ACCEPTED
2026-08-12T22:01:06.048365+00:00,1786571700,1786572000,LTC/USD,UP,44.79,0.5160648570711631,0.7891891891891892,0.7324324324324324,0.7216216216216216,2026-08-12T22:05:00+00:00,44.79,12,0.0031257,-0.00111632,ACCEPTED
2026-08-12T22:05:36.324986+00:00,1786572000,1786572300,BTC/USD,UP,63411.5,0.5543700853667849,0.8211382113821138,0.8265582655826558,0.8265582655826558,2026-08-12T22:10:00+00:00,63411.5,3,0.00097301,-1.58e-06,UNRESOLVED
2026-08-12T22:05:36.324986+00:00,1786572000,1786572300,BTC/USD,UP,63411.5,0.5543700853667849,0.8211382113821138,0.8265582655826558,0.8265582655826558,2026-08-12T22:10:00+00:00,63411.5,6,0.00097301,-0.00129156,UNRESOLVED
2026-08-12T22:05:36.324986+00:00,1786572000,1786572300,BTC/USD,UP,63411.5,0.5543700853667849,0.8211382113821138,0.8265582655826558,0.8265582655826558,2026-08-12T22:10:00+00:00,63411.5,12,0.00097301,-0.00175836,UNRESOLVED
2026-08-12T22:05:36.325017+00:00,1786572000,1786572300,XRP/USD,UP,1.00421,0.8786850174974777,0.7027027027027027,0.8189189189189189,0.8189189189189189,2026-08-12T22:10:00+00:00,1.00421,3,0.00186216,9.96e-06,UNRESOLVED
2026-08-12T22:05:36.325017+00:00,1786572000,1786572300,XRP/USD,UP,1.00421,0.8786850174974777,0.7027027027027027,0.8189189189189189,0.8189189189189189,2026-08-12T22:10:00+00:00,1.00421,6,0.0025891,9.96e-06,ACCEPTED
2026-08-12T22:05:36.325017+00:00,1786572000,1786572300,XRP/USD,UP,1.00421,0.8786850174974777,0.7027027027027027,0.8189189189189189,0.8189189189189189,2026-08-12T22:10:00+00:00,1.00421,12,0.0025891,-0.00170283,ACCEPTED
2026-08-12T22:05:36.325034+00:00,1786572000,1786572300,ADA/USD,UP,0.181483,0.9149717713566923,0.7527777777777778,0.7805555555555556,0.6888888888888889,2026-08-12T22:10:00+00:00,0.181483,3,0.00225365,0.00094224,UNRESOLVED
2026-08-12T22:05:36.325034+00:00,1786572000,1786572300,ADA/USD,UP,0.181483,0.9149717713566923,0.7527777777777778,0.7805555555555556,0.6888888888888889,2026-08-12T22:10:00+00:00,0.181483,6,0.00272753,0.00094224,ACCEPTED
2026-08-12T22:05:36.325034+00:00,1786572000,1786572300,ADA/USD,UP,0.181483,0.9149717713566923,0.7527777777777778,0.7805555555555556,0.6888888888888889,2026-08-12T22:10:00+00:00,0.181483,12,0.00272753,0.00068326,ACCEPTED
2026-08-12T22:05:51.360155+00:00,1786572000,1786572300,LINK/USD,UP,8.65846,0.5340453251797522,0.7647058823529411,0.7058823529411765,0.8207282913165266,2026-08-12T22:10:00+00:00,8.65846,3,0.00300862,0.00085812,ACCEPTED
2026-08-12T22:05:51.360155+00:00,1786572000,1786572300,LINK/USD,UP,8.65846,0.5340453251797522,0.7647058823529411,0.7058823529411765,0.8207282913165266,2026-08-12T22:10:00+00:00,8.65846,6,0.00300862,0.00021944,ACCEPTED
2026-08-12T22:05:51.360155+00:00,1786572000,1786572300,LINK/USD,UP,8.65846,0.5340453251797522,0.7647058823529411,0.7058823529411765,0.8207282913165266,2026-08-12T22:10:00+00:00,8.65846,12,0.00300862,-0.00024138,ACCEPTED
2026-08-12T22:05:51.360188+00:00,1786572000,1786572300,DOT/USD,UP,0.7708,0.6930744855645652,0.9723926380368099,0.9631901840490797,0.9877300613496932,2026-08-12T22:10:00+00:00,0.7708,3,0.00025947,-0.00116762,UNRESOLVED
2026-08-12T22:05:51.360188+00:00,1786572000,1786572300,DOT/USD,UP,0.7708,0.6930744855645652,0.9723926380368099,0.9631901840490797,0.9877300613496932,2026-08-12T22:10:00+00:00,0.7708,6,0.00142709,-0.00116762,UNRESOLVED
2026-08-12T22:05:51.360188+00:00,1786572000,1786572300,DOT/USD,UP,0.7708,0.6930744855645652,0.9723926380368099,0.9631901840490797,0.9877300613496932,2026-08-12T22:10:00+00:00,0.7708,12,0.00142709,-0.00116762,UNRESOLVED
2026-08-12T22:10:37.197253+00:00,1786572300,1786572600,ETH/USD,DOWN,1877.58,0.9415367384738581,0.9756756756756757,0.9756756756756757,0.9459459459459459,2026-08-12T22:15:00+00:00,1877.58,3,0.00034619,-0.00088944,UNRESOLVED
2026-08-12T22:10:37.197253+00:00,1786572300,1786572600,ETH/USD,DOWN,1877.58,0.9415367384738581,0.9756756756756757,0.9756756756756757,0.9459459459459459,2026-08-12T22:15:00+00:00,1877.58,6,0.00083618,-0.00088944,UNRESOLVED
2026-08-12T22:10:37.197253+00:00,1786572300,1786572600,ETH/USD,DOWN,1877.58,0.9415367384738581,0.9756756756756757,0.9756756756756757,0.9459459459459459,2026-08-12T22:15:00+00:00,1877.58,12,0.00237007,-0.00088944,UNRESOLVED
2026-08-12T22:10:52.224637+00:00,1786572300,1786572600,DOGE/USD,UP,0.0693258,0.9566417342820226,0.9971910112359551,0.9971910112359551,0.9943820224719101,2026-08-12T22:15:00+00:00,0.0693258,3,0.00017165,-0.00275655,FAILED
2026-08-12T22:10:52.224637+00:00,1786572300,1786572600,DOGE/USD,UP,0.0693258,0.9566417342820226,0.9971910112359551,0.9971910112359551,0.9943820224719101,2026-08-12T22:15:00+00:00,0.0693258,6,0.00163287,-0.00275655,FAILED
2026-08-12T22:10:52.224637+00:00,1786572300,1786572600,DOGE/USD,UP,0.0693258,0.9566417342820226,0.9971910112359551,0.9971910112359551,0.9943820224719101,2026-08-12T22:15:00+00:00,0.0693258,12,0.00163287,-0.00275655,FAILED
2026-08-12T22:10:52.224670+00:00,1786572300,1786572600,AVAX/USD,DOWN,6.338,0.6655367497789562,0.84593837535014,0.8319327731092437,0.680672268907563,2026-08-12T22:15:00+00:00,6.338,3,0.00284001,0.00015778,ACCEPTED
2026-08-12T22:10:52.224670+00:00,1786572300,1786572600,AVAX/USD,DOWN,6.338,0.6655367497789562,0.84593837535014,0.8319327731092437,0.680672268907563,2026-08-12T22:15:00+00:00,6.338,6,0.00315557,0.00015778,ACCEPTED
2026-08-12T22:10:52.224670+00:00,1786572300,1786572600,AVAX/USD,DOWN,6.338,0.6655367497789562,0.84593837535014,0.8319327731092437,0.680672268907563,2026-08-12T22:15:00+00:00,6.338,12,0.00757337,0.00015778,ACCEPTED
2026-08-12T22:11:07.256530+00:00,1786572300,1786572600,LTC/USD,UP,44.9,0.7161912870122512,0.9918918918918919,0.9864864864864865,0.9864864864864865,2026-08-12T22:15:00+00:00,44.9,3,0.00022272,-0.0013363,UNRESOLVED
2026-08-12T22:11:07.256530+00:00,1786572300,1786572600,LTC/USD,UP,44.9,0.7161912870122512,0.9918918918918919,0.9864864864864865,0.9864864864864865,2026-08-12T22:15:00+00:00,44.9,6,0.00022272,-0.0013363,UNRESOLVED
2026-08-12T22:11:07.256530+00:00,1786572300,1786572600,LTC/USD,UP,44.9,0.7161912870122512,0.9918918918918919,0.9864864864864865,0.9864864864864865,2026-08-12T22:15:00+00:00,44.9,12,0.00022272,-0.00222717,UNRESOLVED
2026-08-12T22:15:52.641602+00:00,1786572600,1786572900,DOGE/USD,UP,0.0691347,0.9925456239755894,0.9325842696629213,0.9438202247191011,0.9353932584269663,2026-08-12T22:20:00+00:00,0.0691347,3,0.00440155,8.389e-05,ACCEPTED
2026-08-12T22:15:52.641602+00:00,1786572600,1786572900,DOGE/USD,UP,0.0691347,0.9925456239755894,0.9325842696629213,0.9438202247191011,0.9353932584269663,2026-08-12T22:20:00+00:00,0.0691347,6,0.00440155,8.389e-05,ACCEPTED
2026-08-12T22:15:52.641602+00:00,1786572600,1786572900,DOGE/USD,UP,0.0691347,0.9925456239755894,0.9325842696629213,0.9438202247191011,0.9353932584269663,2026-08-12T22:20:00+00:00,0.0691347,12,0.00440155,8.389e-05,ACCEPTED
2026-08-12T22:15:52.641629+00:00,1786572600,1786572900,LINK/USD,DOWN,8.67601,0.9985665899938458,0.9551820728291317,0.9635854341736695,0.8851540616246498,2026-08-12T22:20:00+00:00,8.67601,3,0.00109613,0.0,UNRESOLVED
2026-08-12T22:15:52.641629+00:00,1786572600,1786572900,LINK/USD,DOWN,8.67601,0.9985665899938458,0.9551820728291317,0.9635854341736695,0.8851540616246498,2026-08-12T22:20:00+00:00,8.67601,6,0.00226371,0.0,UNRESOLVED
2026-08-12T22:15:52.641629+00:00,1786572600,1786572900,LINK/USD,DOWN,8.67601,0.9985665899938458,0.9551820728291317,0.9635854341736695,0.8851540616246498,2026-08-12T22:20:00+00:00,8.67601,12,0.00317427,0.0,ACCEPTED
2026-08-12T22:16:52.739285+00:00,1786572600,1786572900,LTC/USD,DOWN,44.84,0.6349384658768102,0.7864864864864864,0.7837837837837838,0.8594594594594595,2026-08-12T22:20:00+00:00,44.84,3,-0.00044603,-0.00111508,UNRESOLVED
2026-08-12T22:16:52.739285+00:00,1786572600,1786572900,LTC/USD,DOWN,44.84,0.6349384658768102,0.7864864864864864,0.7837837837837838,0.8594594594594595,2026-08-12T22:20:00+00:00,44.84,6,-0.00044603,-0.00133809,UNRESOLVED
2026-08-12T22:16:52.739285+00:00,1786572600,1786572900,LTC/USD,DOWN,44.84,0.6349384658768102,0.7864864864864864,0.7837837837837838,0.8594594594594595,2026-08-12T22:20:00+00:00,44.84,12,0.00156111,-0.00133809,UNRESOLVED
2026-08-12T22:20:53.226072+00:00,1786572900,1786573200,LINK/USD,DOWN,8.67118,0.9496528552372208,0.9439775910364145,0.9467787114845938,0.9607843137254902,2026-08-12T22:25:00+00:00,8.67118,3,0.00124781,-0.00014531,UNRESOLVED
2026-08-12T22:20:53.226072+00:00,1786572900,1786573200,LINK/USD,DOWN,8.67118,0.9496528552372208,0.9439775910364145,0.9467787114845938,0.9607843137254902,2026-08-12T22:25:00+00:00,8.67118,6,0.00170796,-0.00014531,UNRESOLVED
2026-08-12T22:20:53.226072+00:00,1786572900,1786573200,LINK/USD,DOWN,8.67118,0.9496528552372208,0.9439775910364145,0.9467787114845938,0.9607843137254902,2026-08-12T22:25:00+00:00,8.67118,12,0.00261902,-0.00014531,ACCEPTED
2026-08-12T22:25:53.746332+00:00,1786573200,1786573500,LINK/USD,DOWN,8.66693,0.9613804208505534,0.7142857142857143,0.7591036414565826,0.34173669467787116,2026-08-12T22:30:00+00:00,8.66693,3,0.00121842,-0.00063575,UNRESOLVED
2026-08-12T22:25:53.746332+00:00,1786573200,1786573500,LINK/USD,DOWN,8.66693,0.9613804208505534,0.7142857142857143,0.7591036414565826,0.34173669467787116,2026-08-12T22:30:00+00:00,8.66693,6,0.00121842,-0.00063575,UNRESOLVED
2026-08-12T22:25:53.746332+00:00,1786573200,1786573500,LINK/USD,DOWN,8.66693,0.9613804208505534,0.7142857142857143,0.7591036414565826,0.34173669467787116,2026-08-12T22:30:00+00:00,8.66693,12,0.00212994,-0.00063575,UNRESOLVED
2026-08-12T22:25:53.746348+00:00,1786573200,1786573500,AVAX/USD,UP,6.323,0.8723310238299421,0.8543417366946778,0.8711484593837535,0.8375350140056023,2026-08-12T22:30:00+00:00,6.323,3,0.00047446,-0.00079076,UNRESOLVED
2026-08-12T22:25:53.746348+00:00,1786573200,1786573500,AVAX/USD,UP,6.323,0.8723310238299421,0.8543417366946778,0.8711484593837535,0.8375350140056023,2026-08-12T22:30:00+00:00,6.323,6,0.00047446,-0.00521904,FAILED
2026-08-12T22:25:53.746348+00:00,1786573200,1786573500,AVAX/USD,UP,6.323,0.8723310238299421,0.8543417366946778,0.8711484593837535,0.8375350140056023,2026-08-12T22:30:00+00:00,6.323,12,0.00047446,-0.00521904,FAILED
2026-08-12T22:26:38.826347+00:00,1786573200,1786573500,AAVE/USD,UP,87.87,0.5100206995314915,0.9312977099236641,0.9045801526717557,0.8893129770992366,2026-08-12T22:30:00+00:00,87.87,3,0.0,-0.00079663,UNRESOLVED
2026-08-12T22:26:38.826347+00:00,1786573200,1786573500,AAVE/USD,UP,87.87,0.5100206995314915,0.9312977099236641,0.9045801526717557,0.8893129770992366,2026-08-12T22:30:00+00:00,87.87,6,0.0,-0.00398316,FAILED
2026-08-12T22:26:38.826347+00:00,1786573200,1786573500,AAVE/USD,UP,87.87,0.5100206995314915,0.9312977099236641,0.9045801526717557,0.8893129770992366,2026-08-12T22:30:00+00:00,87.87,12,0.0,-0.00398316,FAILED
2026-08-12T22:30:54.307284+00:00,1786573500,1786573800,DOGE/USD,UP,0.0694031,0.9986791681557166,0.9634831460674157,0.9719101123595506,0.9634831460674157,2026-08-12T22:35:00+00:00,0.0694031,3,-0.0005749,-0.0025143,FAILED
2026-08-12T22:30:54.307284+00:00,1786573500,1786573800,DOGE/USD,UP,0.0694031,0.9986791681557166,0.9634831460674157,0.9719101123595506,0.9634831460674157,2026-08-12T22:35:00+00:00,0.0694031,6,-0.00023054,-0.0025143,FAILED
2026-08-12T22:30:54.307284+00:00,1786573500,1786573800,DOGE/USD,UP,0.0694031,0.9986791681557166,0.9634831460674157,0.9719101123595506,0.9634831460674157,2026-08-12T22:35:00+00:00,0.0694031,12,0.00066712,-0.0025143,FAILED
2026-08-12T22:30:54.307333+00:00,1786573500,1786573800,DOT/USD,UP,0.7719,1.0,0.7085889570552147,0.7423312883435583,0.6257668711656442,2026-08-12T22:35:00+00:00,0.7719,3,-0.00090685,-0.00194326,UNRESOLVED
2026-08-12T22:30:54.307333+00:00,1786573500,1786573800,DOT/USD,UP,0.7719,1.0,0.7085889570552147,0.7423312883435583,0.6257668711656442,2026-08-12T22:35:00+00:00,0.7719,6,-0.00064775,-0.00194326,UNRESOLVED
2026-08-12T22:30:54.307333+00:00,1786573500,1786573800,DOT/USD,UP,0.7719,1.0,0.7085889570552147,0.7423312883435583,0.6257668711656442,2026-08-12T22:35:00+00:00,0.7719,12,-0.00064775,-0.00246146,UNRESOLVED
2026-08-12T22:35:54.925616+00:00,1786573800,1786574100,XRP/USD,UP,1.00577,0.9810705118526564,0.8432432432432433,0.9027027027027027,0.8594594594594595,2026-08-12T22:40:00+00:00,1.00577,3,0.00027839,-0.00175985,UNRESOLVED
2026-08-12T22:35:54.925616+00:00,1786573800,1786574100,XRP/USD,UP,1.00577,0.9810705118526564,0.8432432432432433,0.9027027027027027,0.8594594594594595,2026-08-12T22:40:00+00:00,1.00577,6,0.00027839,-0.00325124,FAILED
2026-08-12T22:35:54.925616+00:00,1786573800,1786574100,XRP/USD,UP,1.00577,0.9810705118526564,0.8432432432432433,0.9027027027027027,0.8594594594594595,2026-08-12T22:40:00+00:00,1.00577,12,0.00027839,-0.0057369,FAILED
2026-08-12T22:40:55.561031+00:00,1786574100,1786574400,DOGE/USD,DOWN,0.0692979,0.8597659548344423,0.8455056179775281,0.8764044943820225,0.547752808988764,2026-08-12T22:45:00+00:00,0.0692979,3,0.00100003,-0.00090768,UNRESOLVED
2026-08-12T22:40:55.561031+00:00,1786574100,1786574400,DOGE/USD,DOWN,0.0692979,0.8597659548344423,0.8455056179775281,0.8764044943820225,0.547752808988764,2026-08-12T22:45:00+00:00,0.0692979,6,0.00100003,-0.00179371,UNRESOLVED
2026-08-12T22:40:55.561031+00:00,1786574100,1786574400,DOGE/USD,DOWN,0.0692979,0.8597659548344423,0.8455056179775281,0.8764044943820225,0.547752808988764,2026-08-12T22:45:00+00:00,0.0692979,12,0.00100003,-0.00368409,FAILED
2026-08-12T22:40:55.561046+00:00,1786574100,1786574400,LINK/USD,DOWN,8.65739,0.9849252779458629,0.84593837535014,0.8711484593837535,0.5154061624649859,2026-08-12T22:45:00+00:00,8.65739,3,0.0,-0.00064454,UNRESOLVED
2026-08-12T22:40:55.561046+00:00,1786574100,1786574400,LINK/USD,DOWN,8.65739,0.9849252779458629,0.84593837535014,0.8711484593837535,0.5154061624649859,2026-08-12T22:45:00+00:00,8.65739,6,0.00103033,-0.00094832,UNRESOLVED
2026-08-12T22:40:55.561046+00:00,1786574100,1786574400,LINK/USD,DOWN,8.65739,0.9849252779458629,0.84593837535014,0.8711484593837535,0.5154061624649859,2026-08-12T22:45:00+00:00,8.65739,12,0.00103033,-0.00261049,FAILED
2026-08-12T22:40:55.561075+00:00,1786574100,1786574400,DOT/USD,DOWN,0.7709,0.9438170472222633,0.7147239263803681,0.745398773006135,0.27300613496932513,2026-08-12T22:45:00+00:00,0.7709,3,0.00064859,-0.00064859,UNRESOLVED
2026-08-12T22:40:55.561075+00:00,1786574100,1786574400,DOT/USD,DOWN,0.7709,0.9438170472222633,0.7147239263803681,0.745398773006135,0.27300613496932513,2026-08-12T22:45:00+00:00,0.7709,6,0.00064859,-0.00064859,UNRESOLVED
2026-08-12T22:40:55.561075+00:00,1786574100,1786574400,DOT/USD,DOWN,0.7709,0.9438170472222633,0.7147239263803681,0.745398773006135,0.27300613496932513,2026-08-12T22:45:00+00:00,0.7709,12,0.00116747,-0.00064859,UNRESOLVED
2026-08-12T22:45:41.229263+00:00,1786574400,1786574700,DOGE/USD,UP,0.0693241,0.7183792903046898,0.8061797752808989,0.797752808988764,0.8651685393258427,2026-08-12T22:50:00+00:00,0.0693241,3,0.00090877,-0.00041832,UNRESOLVED
2026-08-12T22:45:41.229263+00:00,1786574400,1786574700,DOGE/USD,UP,0.0693241,0.7183792903046898,0.8061797752808989,0.797752808988764,0.8651685393258427,2026-08-12T22:50:00+00:00,0.0693241,6,0.00141509,-0.00041832,UNRESOLVED
2026-08-12T22:45:41.229263+00:00,1786574400,1786574700,DOGE/USD,UP,0.0693241,0.7183792903046898,0.8061797752808989,0.797752808988764,0.8651685393258427,2026-08-12T22:50:00+00:00,0.0693241,12,0.00387888,-0.00041832,ACCEPTED
2026-08-12T22:45:41.229279+00:00,1786574400,1786574700,LINK/USD,DOWN,8.66083,0.9996274431851905,0.8487394957983193,0.8795518207282913,0.8011204481792717,2026-08-12T22:50:00+00:00,8.66083,3,0.00034523,-0.00055076,UNRESOLVED
2026-08-12T22:45:41.229279+00:00,1786574400,1786574700,LINK/USD,DOWN,8.66083,0.9996274431851905,0.8487394957983193,0.8795518207282913,0.8011204481792717,2026-08-12T22:50:00+00:00,8.66083,6,0.00142711,-0.00055076,UNRESOLVED
2026-08-12T22:45:41.229279+00:00,1786574400,1786574700,LINK/USD,DOWN,8.66083,0.9996274431851905,0.8487394957983193,0.8795518207282913,0.8011204481792717,2026-08-12T22:50:00+00:00,8.66083,12,0.00142711,-0.00263023,FAILED
2026-08-12T22:45:56.273567+00:00,1786574400,1786574700,AAVE/USD,UP,87.78,1.0,0.8740458015267175,0.8931297709923665,0.7862595419847328,2026-08-12T22:50:00+00:00,87.78,3,0.0,-0.00296195,FAILED
2026-08-12T22:45:56.273567+00:00,1786574400,1786574700,AAVE/USD,UP,87.78,1.0,0.8740458015267175,0.8931297709923665,0.7862595419847328,2026-08-12T22:50:00+00:00,87.78,6,0.0,-0.00296195,FAILED
2026-08-12T22:45:56.273567+00:00,1786574400,1786574700,AAVE/USD,UP,87.78,1.0,0.8740458015267175,0.8931297709923665,0.7862595419847328,2026-08-12T22:50:00+00:00,87.78,12,0.00262019,-0.00296195,FAILED
2026-08-12T22:50:26.925979+00:00,1786574700,1786575000,SOL/USD,UP,75.42,0.875247932097887,0.9648648648648649,0.9756756756756757,0.9324324324324325,2026-08-12T22:55:00+00:00,75.42,3,0.00132591,-0.00026518,UNRESOLVED
2026-08-12T22:50:26.925979+00:00,1786574700,1786575000,SOL/USD,UP,75.42,0.875247932097887,0.9648648648648649,0.9756756756756757,0.9324324324324325,2026-08-12T22:55:00+00:00,75.42,6,0.00132591,-0.00066295,UNRESOLVED
2026-08-12T22:50:26.925979+00:00,1786574700,1786575000,SOL/USD,UP,75.42,0.875247932097887,0.9648648648648649,0.9756756756756757,0.9324324324324325,2026-08-12T22:55:00+00:00,75.42,12,0.0014585,-0.00119332,UNRESOLVED
2026-08-12T22:50:57.015870+00:00,1786574700,1786575000,LTC/USD,DOWN,44.87,0.5451263305323898,0.7648648648648648,0.7243243243243244,0.3945945945945946,2026-08-12T22:55:00+00:00,44.87,3,0.00156006,0.00022287,UNRESOLVED
2026-08-12T22:50:57.015870+00:00,1786574700,1786575000,LTC/USD,DOWN,44.87,0.5451263305323898,0.7648648648648648,0.7243243243243244,0.3945945945945946,2026-08-12T22:55:00+00:00,44.87,6,0.00222866,0.00022287,UNRESOLVED
2026-08-12T22:50:57.015870+00:00,1786574700,1786575000,LTC/USD,DOWN,44.87,0.5451263305323898,0.7648648648648648,0.7243243243243244,0.3945945945945946,2026-08-12T22:55:00+00:00,44.87,12,0.00222866,-0.0006686,UNRESOLVED
2026-08-12T22:55:27.674687+00:00,1786575000,1786575300,XRP/USD,DOWN,1.00383,0.6506793252890489,0.9675675675675676,0.9621621621621622,0.9864864864864865,2026-08-12T23:00:00+00:00,1.00383,3,0.00265981,-4.981e-05,ACCEPTED
2026-08-12T22:55:27.674687+00:00,1786575000,1786575300,XRP/USD,DOWN,1.00383,0.6506793252890489,0.9675675675675676,0.9621621621621622,0.9864864864864865,2026-08-12T23:00:00+00:00,1.00383,6,0.00363607,-4.981e-05,ACCEPTED
2026-08-12T22:55:27.674687+00:00,1786575000,1786575300,XRP/USD,DOWN,1.00383,0.6506793252890489,0.9675675675675676,0.9621621621621622,0.9864864864864865,2026-08-12T23:00:00+00:00,1.00383,12,0.00381539,-0.0005479,ACCEPTED
2026-08-12T22:55:42.733418+00:00,1786575000,1786575300,AVAX/USD,DOWN,6.298,0.7343671439519173,0.9943977591036415,1.0,0.9943977591036415,2026-08-12T23:00:00+00:00,6.298,3,0.00063512,-0.00158781,UNRESOLVED
2026-08-12T22:55:42.733418+00:00,1786575000,1786575300,AVAX/USD,DOWN,6.298,0.7343671439519173,0.9943977591036415,1.0,0.9943977591036415,2026-08-12T23:00:00+00:00,6.298,6,0.00063512,-0.00206415,UNRESOLVED
2026-08-12T22:55:42.733418+00:00,1786575000,1786575300,AVAX/USD,DOWN,6.298,0.7343671439519173,0.9943977591036415,1.0,0.9943977591036415,2026-08-12T23:00:00+00:00,6.298,12,0.00063512,-0.00254049,FAILED
2026-08-12T23:05:14.250379+00:00,1786575600,1786575900,DOGE/USD,UP,0.0694004,0.9106634584789707,0.8146067415730337,0.8370786516853933,0.8174157303370787,2026-08-12T23:10:00+00:00,0.0694004,3,0.00042363,-0.00106339,UNRESOLVED
2026-08-12T23:05:14.250379+00:00,1786575600,1786575900,DOGE/USD,UP,0.0694004,0.9106634584789707,0.8146067415730337,0.8370786516853933,0.8174157303370787,2026-08-12T23:10:00+00:00,0.0694004,6,0.00131267,-0.00106339,UNRESOLVED
2026-08-12T23:05:14.250379+00:00,1786575600,1786575900,DOGE/USD,UP,0.0694004,0.9106634584789707,0.8146067415730337,0.8370786516853933,0.8174157303370787,2026-08-12T23:10:00+00:00,0.0694004,12,0.00370171,-0.00106339,ACCEPTED
2026-08-12T23:10:45.261569+00:00,1786575900,1786576200,ETH/USD,DOWN,1874.97,0.7620660221075244,0.8513513513513513,0.8702702702702703,0.6972972972972973,2026-08-12T23:15:00+00:00,1874.97,3,0.00089068,-0.00064534,UNRESOLVED
2026-08-12T23:10:45.261569+00:00,1786575900,1786576200,ETH/USD,DOWN,1874.97,0.7620660221075244,0.8513513513513513,0.8702702702702703,0.6972972972972973,2026-08-12T23:15:00+00:00,1874.97,6,0.00089068,-0.00107202,UNRESOLVED
2026-08-12T23:10:45.261569+00:00,1786575900,1786576200,ETH/USD,DOWN,1874.97,0.7620660221075244,0.8513513513513513,0.8702702702702703,0.6972972972972973,2026-08-12T23:15:00+00:00,1874.97,12,0.00089068,-0.00328005,FAILED
2026-08-12T23:10:45.261616+00:00,1786575900,1786576200,DOGE/USD,DOWN,0.0693691,0.9328492756403541,0.8623595505617978,0.8876404494382022,0.547752808988764,2026-08-12T23:15:00+00:00,0.0693691,3,0.0004613,-0.00090819,UNRESOLVED
2026-08-12T23:10:45.261616+00:00,1786575900,1786576200,DOGE/USD,DOWN,0.0693691,0.9328492756403541,0.8623595505617978,0.8876404494382022,0.547752808988764,2026-08-12T23:15:00+00:00,0.0693691,6,0.0004613,-0.00265392,FAILED
2026-08-12T23:10:45.261616+00:00,1786575900,1786576200,DOGE/USD,DOWN,0.0693691,0.9328492756403541,0.8623595505617978,0.8876404494382022,0.547752808988764,2026-08-12T23:15:00+00:00,0.0693691,12,0.0004613,-0.0051262,FAILED
2026-08-12T23:10:45.261632+00:00,1786575900,1786576200,LINK/USD,DOWN,8.65665,0.6379938213915997,0.7815126050420168,0.7507002801120448,0.6946778711484594,2026-08-12T23:15:00+00:00,8.65665,3,-0.00038237,-0.00108472,UNRESOLVED
2026-08-12T23:10:45.261632+00:00,1786575900,1786576200,LINK/USD,DOWN,8.65665,0.6379938213915997,0.7815126050420168,0.7507002801120448,0.6946778711484594,2026-08-12T23:15:00+00:00,8.65665,6,-0.00038237,-0.00269619,FAILED
2026-08-12T23:10:45.261632+00:00,1786575900,1786576200,LINK/USD,DOWN,8.65665,0.6379938213915997,0.7815126050420168,0.7507002801120448,0.6946778711484594,2026-08-12T23:15:00+00:00,8.65665,12,-0.00038237,-0.00479169,FAILED
2026-08-12T23:11:00.312055+00:00,1786575900,1786576200,AVAX/USD,UP,6.303,0.9918829217556786,0.8571428571428571,0.876750700280112,0.5994397759103641,2026-08-12T23:15:00+00:00,6.303,3,0.00126924,-0.00111058,UNRESOLVED
2026-08-12T23:11:00.312055+00:00,1786575900,1786576200,AVAX/USD,UP,6.303,0.9918829217556786,0.8571428571428571,0.876750700280112,0.5994397759103641,2026-08-12T23:15:00+00:00,6.303,6,0.00126924,-0.00111058,UNRESOLVED
2026-08-12T23:11:00.312055+00:00,1786575900,1786576200,AVAX/USD,UP,6.303,0.9918829217556786,0.8571428571428571,0.876750700280112,0.5994397759103641,2026-08-12T23:15:00+00:00,6.303,12,0.00571157,-0.00111058,ACCEPTED
2026-08-12T23:15:46.203926+00:00,1786576200,1786576500,DOT/USD,DOWN,0.771,0.9953645549225051,0.9662576687116564,0.9693251533742331,0.8987730061349694,2026-08-12T23:20:00+00:00,0.771,3,0.00129702,-0.0002594,UNRESOLVED
2026-08-12T23:15:46.203926+00:00,1786576200,1786576500,DOT/USD,DOWN,0.771,0.9953645549225051,0.9662576687116564,0.9693251533742331,0.8987730061349694,2026-08-12T23:20:00+00:00,0.771,6,0.00129702,-0.00181582,UNRESOLVED
2026-08-12T23:15:46.203926+00:00,1786576200,1786576500,DOT/USD,DOWN,0.771,0.9953645549225051,0.9662576687116564,0.9693251533742331,0.8987730061349694,2026-08-12T23:20:00+00:00,0.771,12,0.00129702,-0.00492866,FAILED
2026-08-12T23:15:46.203954+00:00,1786576200,1786576500,LTC/USD,UP,44.81,0.6262665825334669,0.9135135135135135,0.8864864864864865,0.8972972972972973,2026-08-12T23:20:00+00:00,44.81,3,0.00089266,0.00044633,UNRESOLVED
2026-08-12T23:15:46.203954+00:00,1786576200,1786576500,LTC/USD,UP,44.81,0.6262665825334669,0.9135135135135135,0.8864864864864865,0.8972972972972973,2026-08-12T23:20:00+00:00,44.81,6,0.00200848,0.00044633,UNRESOLVED
2026-08-12T23:15:46.203954+00:00,1786576200,1786576500,LTC/USD,UP,44.81,0.6262665825334669,0.9135135135135135,0.8864864864864865,0.8972972972972973,2026-08-12T23:20:00+00:00,44.81,12,0.00200848,-0.00022316,UNRESOLVED
2026-08-12T23:16:31.354832+00:00,1786576200,1786576500,LINK/USD,UP,8.66545,0.7932759127091339,0.7086834733893558,0.7226890756302521,0.5826330532212886,2026-08-12T23:20:00+00:00,8.66545,3,8.655e-05,-0.00035082,UNRESOLVED
2026-08-12T23:16:31.354832+00:00,1786576200,1786576500,LINK/USD,UP,8.66545,0.7932759127091339,0.7086834733893558,0.7226890756302521,0.5826330532212886,2026-08-12T23:20:00+00:00,8.66545,6,0.00209568,-0.00035082,UNRESOLVED
2026-08-12T23:16:31.354832+00:00,1786576200,1786576500,LINK/USD,UP,8.66545,0.7932759127091339,0.7086834733893558,0.7226890756302521,0.5826330532212886,2026-08-12T23:20:00+00:00,8.66545,12,0.0037713,-0.00035082,ACCEPTED
2026-08-12T23:20:32.150259+00:00,1786576500,1786576800,XRP/USD,UP,1.00144,0.6066338503724421,0.7324324324324324,0.754054054054054,0.7972972972972973,2026-08-12T23:25:00+00:00,1.00144,3,0.00130812,-0.00143793,UNRESOLVED
2026-08-12T23:20:32.150259+00:00,1786576500,1786576800,XRP/USD,UP,1.00144,0.6066338503724421,0.7324324324324324,0.754054054054054,0.7972972972972973,2026-08-12T23:25:00+00:00,1.00144,6,0.00292579,-0.00143793,ACCEPTED
2026-08-12T23:20:32.150259+00:00,1786576500,1786576800,XRP/USD,UP,1.00144,0.6066338503724421,0.7324324324324324,0.754054054054054,0.7972972972972973,2026-08-12T23:25:00+00:00,1.00144,12,0.00527241,-0.00143793,ACCEPTED
2026-08-12T23:25:33.128981+00:00,1786576800,1786577100,ADA/USD,UP,0.181797,0.7762933441059106,0.7416666666666667,0.7527777777777778,0.8277777777777777,2026-08-12T23:30:00+00:00,0.181797,3,0.00353141,8.251e-05,ACCEPTED
2026-08-12T23:25:33.128981+00:00,1786576800,1786577100,ADA/USD,UP,0.181797,0.7762933441059106,0.7416666666666667,0.7527777777777778,0.8277777777777777,2026-08-12T23:30:00+00:00,0.181797,6,0.00363042,8.251e-05,ACCEPTED
2026-08-12T23:25:33.128981+00:00,1786576800,1786577100,ADA/USD,UP,0.181797,0.7762933441059106,0.7416666666666667,0.7527777777777778,0.8277777777777777,2026-08-12T23:30:00+00:00,0.181797,12,0.01101778,8.251e-05,ACCEPTED
2026-08-12T23:30:19.150610+00:00,1786577100,1786577400,XRP/USD,DOWN,1.00156,0.6722517702429713,0.8756756756756757,0.8945945945945946,0.9324324324324325,2026-08-12T23:35:00+00:00,1.00156,3,0.0,-0.002566,FAILED
2026-08-12T23:30:19.150610+00:00,1786577100,1786577400,XRP/USD,DOWN,1.00156,0.6722517702429713,0.8756756756756757,0.8945945945945946,0.9324324324324325,2026-08-12T23:35:00+00:00,1.00156,6,0.0,-0.00355446,FAILED
2026-08-12T23:30:19.150610+00:00,1786577100,1786577400,XRP/USD,DOWN,1.00156,0.6722517702429713,0.8756756756756757,0.8945945945945946,0.9324324324324325,2026-08-12T23:35:00+00:00,1.00156,12,0.0,-0.00515196,FAILED
2026-08-12T23:30:34.238030+00:00,1786577100,1786577400,ADA/USD,UP,0.18207,0.9441981109211403,0.8,0.8527777777777777,0.8083333333333333,2026-08-12T23:35:00+00:00,0.18207,3,0.00212556,0.0005053,UNRESOLVED
2026-08-12T23:30:34.238030+00:00,1786577100,1786577400,ADA/USD,UP,0.18207,0.9441981109211403,0.8,0.8527777777777777,0.8083333333333333,2026-08-12T23:35:00+00:00,0.18207,6,0.00269676,0.0005053,ACCEPTED
2026-08-12T23:30:34.238030+00:00,1786577100,1786577400,ADA/USD,UP,0.18207,0.9441981109211403,0.8,0.8527777777777777,0.8083333333333333,2026-08-12T23:35:00+00:00,0.18207,12,0.00950184,0.0005053,ACCEPTED
2026-08-12T23:35:20.384646+00:00,1786577400,1786577700,XRP/USD,UP,1.00272,0.9400919235937591,0.9324324324324325,0.9540540540540541,0.972972972972973,2026-08-12T23:40:00+00:00,1.00272,3,0.00164552,-3.989e-05,UNRESOLVED
2026-08-12T23:35:20.384646+00:00,1786577400,1786577700,XRP/USD,UP,1.00272,0.9400919235937591,0.9324324324324325,0.9540540540540541,0.972972972972973,2026-08-12T23:40:00+00:00,1.00272,6,0.00239349,-3.989e-05,UNRESOLVED
2026-08-12T23:35:20.384646+00:00,1786577400,1786577700,XRP/USD,UP,1.00272,0.9400919235937591,0.9324324324324325,0.9540540540540541,0.972972972972973,2026-08-12T23:40:00+00:00,1.00272,12,0.00398915,-3.989e-05,ACCEPTED
2026-08-12T23:40:06.499975+00:00,1786577700,1786578000,XRP/USD,DOWN,1.00373,0.5008399301768874,0.9567567567567568,0.9486486486486486,0.972972972972973,2026-08-12T23:45:00+00:00,1.00373,3,0.00035866,-0.00064758,UNRESOLVED
2026-08-12T23:40:06.499975+00:00,1786577700,1786578000,XRP/USD,DOWN,1.00373,0.5008399301768874,0.9567567567567568,0.9486486486486486,0.972972972972973,2026-08-12T23:45:00+00:00,1.00373,6,0.00035866,-0.00180327,UNRESOLVED
2026-08-12T23:40:06.499975+00:00,1786577700,1786578000,XRP/USD,DOWN,1.00373,0.5008399301768874,0.9567567567567568,0.9486486486486486,0.972972972972973,2026-08-12T23:45:00+00:00,1.00373,12,0.00035866,-0.00297889,FAILED
2026-08-12T23:40:21.573109+00:00,1786577700,1786578000,DOGE/USD,UP,0.0695532,0.9930986382254605,0.8567415730337079,0.8904494382022472,0.7415730337078652,2026-08-12T23:45:00+00:00,0.0695532,3,0.00058516,-0.00052622,UNRESOLVED
2026-08-12T23:40:21.573109+00:00,1786577700,1786578000,DOGE/USD,UP,0.0695532,0.9930986382254605,0.8567415730337079,0.8904494382022472,0.7415730337078652,2026-08-12T23:45:00+00:00,0.0695532,6,0.00246574,-0.00052622,UNRESOLVED
2026-08-12T23:40:21.573109+00:00,1786577700,1786578000,DOGE/USD,UP,0.0695532,0.9930986382254605,0.8567415730337079,0.8904494382022472,0.7415730337078652,2026-08-12T23:45:00+00:00,0.0695532,12,0.00459073,-0.00052622,ACCEPTED
2026-08-12T23:40:21.573125+00:00,1786577700,1786578000,LINK/USD,DOWN,8.67503,0.9588457005992466,0.7478991596638656,0.7927170868347339,0.5154061624649859,2026-08-12T23:45:00+00:00,8.67503,3,0.00022132,-0.00098905,UNRESOLVED
2026-08-12T23:40:21.573125+00:00,1786577700,1786578000,LINK/USD,DOWN,8.67503,0.9588457005992466,0.7478991596638656,0.7927170868347339,0.5154061624649859,2026-08-12T23:45:00+00:00,8.67503,6,0.00115504,-0.00266281,FAILED
2026-08-12T23:40:21.573125+00:00,1786577700,1786578000,LINK/USD,DOWN,8.67503,0.9588457005992466,0.7478991596638656,0.7927170868347339,0.5154061624649859,2026-08-12T23:45:00+00:00,8.67503,12,0.00128184,-0.00266281,FAILED
2026-08-12T23:45:52.852370+00:00,1786578000,1786578300,DOGE/USD,UP,0.0695222,0.7170123272199367,0.7752808988764045,0.7752808988764045,0.6853932584269663,2026-08-12T23:50:00+00:00,0.0695222,3,0.00154339,-8.055e-05,UNRESOLVED
2026-08-12T23:45:52.852370+00:00,1786578000,1786578300,DOGE/USD,UP,0.0695222,0.7170123272199367,0.7752808988764045,0.7752808988764045,0.6853932584269663,2026-08-12T23:50:00+00:00,0.0695222,6,0.00332124,-8.055e-05,ACCEPTED
2026-08-12T23:45:52.852370+00:00,1786578000,1786578300,DOGE/USD,UP,0.0695222,0.7170123272199367,0.7752808988764045,0.7752808988764045,0.6853932584269663,2026-08-12T23:50:00+00:00,0.0695222,12,0.00503868,-8.055e-05,ACCEPTED
2026-08-12T23:50:39.123395+00:00,1786578300,1786578600,SOL/USD,DOWN,75.48,0.8766939064864021,0.8027027027027027,0.8324324324324325,0.372972972972973,2026-08-12T23:55:00+00:00,75.48,3,-0.00013249,-0.00105988,UNRESOLVED
2026-08-12T23:50:39.123395+00:00,1786578300,1786578600,SOL/USD,DOWN,75.48,0.8766939064864021,0.8027027027027027,0.8324324324324325,0.372972972972973,2026-08-12T23:55:00+00:00,75.48,6,-0.00013249,-0.00423953,FAILED
2026-08-12T23:50:39.123395+00:00,1786578300,1786578600,SOL/USD,DOWN,75.48,0.8766939064864021,0.8027027027027027,0.8324324324324325,0.372972972972973,2026-08-12T23:55:00+00:00,75.48,12,-0.00013249,-0.00423953,FAILED
2026-08-12T23:51:09.286375+00:00,1786578300,1786578600,LINK/USD,UP,8.67808,0.929911408910351,0.7507002801120448,0.7871148459383753,0.42857142857142855,2026-08-12T23:55:00+00:00,8.67808,3,-0.00047015,-0.00150609,UNRESOLVED
2026-08-12T23:51:09.286375+00:00,1786578300,1786578600,LINK/USD,UP,8.67808,0.929911408910351,0.7507002801120448,0.7871148459383753,0.42857142857142855,2026-08-12T23:55:00+00:00,8.67808,6,0.00231042,-0.00150609,UNRESOLVED
2026-08-12T23:51:09.286375+00:00,1786578300,1786578600,LINK/USD,UP,8.67808,0.929911408910351,0.7507002801120448,0.7871148459383753,0.42857142857142855,2026-08-12T23:55:00+00:00,8.67808,12,0.00231042,-0.00437193,FAILED
2026-08-12T23:51:24.353254+00:00,1786578300,1786578600,LTC/USD,UP,44.9,0.9519859557626337,0.8621621621621621,0.8945945945945946,0.8351351351351352,2026-08-12T23:55:00+00:00,44.9,3,-0.00022272,-0.00222717,UNRESOLVED
2026-08-12T23:51:24.353254+00:00,1786578300,1786578600,LTC/USD,UP,44.9,0.9519859557626337,0.8621621621621621,0.8945945945945946,0.8351351351351352,2026-08-12T23:55:00+00:00,44.9,6,0.00066815,-0.00222717,UNRESOLVED
2026-08-12T23:51:24.353254+00:00,1786578300,1786578600,LTC/USD,UP,44.9,0.9519859557626337,0.8621621621621621,0.8945945945945946,0.8351351351351352,2026-08-12T23:55:00+00:00,44.9,12,0.00066815,-0.00222717,UNRESOLVED
2026-08-12T23:55:40.410006+00:00,1786578600,1786578900,BTC/USD,DOWN,63357.5,0.7460594290639591,0.9322493224932249,0.9322493224932249,0.7642276422764228,2026-08-13T00:00:00+00:00,63357.5,3,-4.893e-05,-0.00250326,FAILED
2026-08-12T23:55:40.410006+00:00,1786578600,1786578900,BTC/USD,DOWN,63357.5,0.7460594290639591,0.9322493224932249,0.9322493224932249,0.7642276422764228,2026-08-13T00:00:00+00:00,63357.5,6,-4.893e-05,-0.00426942,FAILED
2026-08-12T23:55:40.410006+00:00,1786578600,1786578900,BTC/USD,DOWN,63357.5,0.7460594290639591,0.9322493224932249,0.9322493224932249,0.7642276422764228,2026-08-13T00:00:00+00:00,63357.5,12,-4.893e-05,-0.00426942,FAILED
2026-08-13T00:00:11.639728+00:00,1786578900,1786579200,DOT/USD,DOWN,0.7729,0.9573030599024658,0.8773006134969326,0.8865030674846626,0.7085889570552147,2026-08-13T00:05:00+00:00,0.7729,3,0.00232889,-0.00245827,UNRESOLVED
2026-08-13T00:00:11.639728+00:00,1786578900,1786579200,DOT/USD,DOWN,0.7729,0.9573030599024658,0.8773006134969326,0.8865030674846626,0.7085889570552147,2026-08-13T00:05:00+00:00,0.7729,6,0.00232889,-0.00245827,UNRESOLVED
2026-08-13T00:00:11.639728+00:00,1786578900,1786579200,DOT/USD,DOWN,0.7729,0.9573030599024658,0.8773006134969326,0.8865030674846626,0.7085889570552147,2026-08-13T00:05:00+00:00,0.7729,12,0.00232889,-0.00245827,UNRESOLVED
2026-08-13T00:00:11.639758+00:00,1786578900,1786579200,LTC/USD,DOWN,44.85,0.5250730558682276,0.9432432432432433,0.918918918918919,0.9243243243243243,2026-08-13T00:05:00+00:00,44.85,3,0.00111483,-0.00089186,UNRESOLVED
2026-08-13T00:00:11.639758+00:00,1786578900,1786579200,LTC/USD,DOWN,44.85,0.5250730558682276,0.9432432432432433,0.918918918918919,0.9243243243243243,2026-08-13T00:05:00+00:00,44.85,6,0.00111483,-0.00178372,UNRESOLVED
2026-08-13T00:00:11.639758+00:00,1786578900,1786579200,LTC/USD,DOWN,44.85,0.5250730558682276,0.9432432432432433,0.918918918918919,0.9243243243243243,2026-08-13T00:05:00+00:00,44.85,12,0.00133779,-0.00178372,UNRESOLVED
2026-08-13T00:00:56.948217+00:00,1786578900,1786579200,BTC/USD,UP,63412.0,0.9887085505803436,0.7588075880758808,0.8536585365853658,0.11382113821138211,2026-08-13T00:05:00+00:00,63412.0,3,0.00169369,-0.00015454,UNRESOLVED
2026-08-13T00:00:56.948217+00:00,1786578900,1786579200,BTC/USD,UP,63412.0,0.9887085505803436,0.7588075880758808,0.8536585365853658,0.11382113821138211,2026-08-13T00:05:00+00:00,63412.0,6,0.0034063,-0.00015454,ACCEPTED
2026-08-13T00:00:56.948217+00:00,1786578900,1786579200,BTC/USD,UP,63412.0,0.9887085505803436,0.7588075880758808,0.8536585365853658,0.11382113821138211,2026-08-13T00:05:00+00:00,63412.0,12,0.0034063,-0.00015454,ACCEPTED
2026-08-13T00:00:56.948234+00:00,1786578900,1786579200,ETH/USD,UP,1878.32,0.9345174725073601,0.7081081081081081,0.7945945945945946,0.745945945945946,2026-08-13T00:05:00+00:00,1878.32,3,0.00160782,-0.00053239,UNRESOLVED
2026-08-13T00:00:56.948234+00:00,1786578900,1786579200,ETH/USD,UP,1878.32,0.9345174725073601,0.7081081081081081,0.7945945945945946,0.745945945945946,2026-08-13T00:05:00+00:00,1878.32,6,0.0026726,-0.00053239,ACCEPTED
2026-08-13T00:00:56.948234+00:00,1786578900,1786579200,ETH/USD,UP,1878.32,0.9345174725073601,0.7081081081081081,0.7945945945945946,0.745945945945946,2026-08-13T00:05:00+00:00,1878.32,12,0.0026726,-0.00155458,ACCEPTED
2026-08-13T00:00:56.948282+00:00,1786578900,1786579200,DOGE/USD,UP,0.0696184,0.9975121365281409,0.8792134831460674,0.9101123595505618,0.8398876404494382,2026-08-13T00:05:00+00:00,0.0696184,3,0.00193483,-0.00080726,UNRESOLVED
2026-08-13T00:00:56.948282+00:00,1786578900,1786579200,DOGE/USD,UP,0.0696184,0.9975121365281409,0.8792134831460674,0.9101123595505618,0.8398876404494382,2026-08-13T00:05:00+00:00,0.0696184,6,0.00360106,-0.00080726,ACCEPTED
2026-08-13T00:00:56.948282+00:00,1786578900,1786579200,DOGE/USD,UP,0.0696184,0.9975121365281409,0.8792134831460674,0.9101123595505618,0.8398876404494382,2026-08-13T00:05:00+00:00,0.0696184,12,0.00476311,-0.00080726,ACCEPTED
2026-08-13T00:05:58.456160+00:00,1786579200,1786579500,LINK/USD,DOWN,8.66691,0.9729276321919694,0.7759103641456583,0.8151260504201681,0.34173669467787116,2026-08-13T00:10:00+00:00,8.66691,3,-0.00088844,-0.00360221,FAILED
2026-08-13T00:05:58.456160+00:00,1786579200,1786579500,LINK/USD,DOWN,8.66691,0.9729276321919694,0.7759103641456583,0.8151260504201681,0.34173669467787116,2026-08-13T00:10:00+00:00,8.66691,6,0.00034614,-0.00360221,FAILED
2026-08-13T00:05:58.456160+00:00,1786579200,1786579500,LINK/USD,DOWN,8.66691,0.9729276321919694,0.7759103641456583,0.8151260504201681,0.34173669467787116,2026-08-13T00:10:00+00:00,8.66691,12,0.00316722,-0.00360221,FAILED
2026-08-13T00:05:58.456190+00:00,1786579200,1786579500,DOT/USD,DOWN,0.7711,0.9453252352062103,0.8220858895705522,0.8343558282208589,0.8466257668711656,2026-08-13T00:10:00+00:00,0.7711,3,-0.00103748,-0.00363118,FAILED
2026-08-13T00:05:58.456190+00:00,1786579200,1786579500,DOT/USD,DOWN,0.7711,0.9453252352062103,0.8220858895705522,0.8343558282208589,0.8466257668711656,2026-08-13T00:10:00+00:00,0.7711,6,-0.00103748,-0.0042796,FAILED
2026-08-13T00:05:58.456190+00:00,1786579200,1786579500,DOT/USD,DOWN,0.7711,0.9453252352062103,0.8220858895705522,0.8343558282208589,0.8466257668711656,2026-08-13T00:10:00+00:00,0.7711,12,0.00025937,-0.0042796,FAILED
2026-08-13T00:10:44.997163+00:00,1786579500,1786579800,BTC/USD,UP,63515.5,0.5384937860318455,0.94579945799458,0.9186991869918699,0.9214092140921409,2026-08-13T00:15:00+00:00,63515.5,3,0.00177122,-1.57e-06,UNRESOLVED
2026-08-13T00:10:44.997163+00:00,1786579500,1786579800,BTC/USD,UP,63515.5,0.5384937860318455,0.94579945799458,0.9186991869918699,0.9214092140921409,2026-08-13T00:15:00+00:00,63515.5,6,0.00177122,-0.00018893,UNRESOLVED
2026-08-13T00:10:44.997163+00:00,1786579500,1786579800,BTC/USD,UP,63515.5,0.5384937860318455,0.94579945799458,0.9186991869918699,0.9214092140921409,2026-08-13T00:15:00+00:00,63515.5,12,0.00177122,-0.00103124,UNRESOLVED
2026-08-13T00:11:00.080331+00:00,1786579500,1786579800,AVAX/USD,UP,6.339,0.7513420529284689,0.7871148459383753,0.7815126050420168,0.7310924369747899,2026-08-13T00:15:00+00:00,6.339,3,0.00410159,0.00063101,ACCEPTED
2026-08-13T00:11:00.080331+00:00,1786579500,1786579800,AVAX/USD,UP,6.339,0.7513420529284689,0.7871148459383753,0.7815126050420168,0.7310924369747899,2026-08-13T00:15:00+00:00,6.339,6,0.00504811,0.00063101,ACCEPTED
2026-08-13T00:11:00.080331+00:00,1786579500,1786579800,AVAX/USD,UP,6.339,0.7513420529284689,0.7871148459383753,0.7815126050420168,0.7310924369747899,2026-08-13T00:15:00+00:00,6.339,12,0.00583688,0.00063101,ACCEPTED
2026-08-13T00:15:46.437892+00:00,1786579800,1786580100,DOGE/USD,UP,0.0696921,0.9997668950693912,0.8932584269662921,0.9213483146067416,0.9353932584269663,2026-08-13T00:20:00+00:00,0.0696921,3,0.00253974,0.00134879,ACCEPTED
2026-08-13T00:15:46.437892+00:00,1786579800,1786580100,DOGE/USD,UP,0.0696921,0.9997668950693912,0.8932584269662921,0.9213483146067416,0.9353932584269663,2026-08-13T00:20:00+00:00,0.0696921,6,0.00258853,0.00134879,ACCEPTED
2026-08-13T00:15:46.437892+00:00,1786579800,1786580100,DOGE/USD,UP,0.0696921,0.9997668950693912,0.8932584269662921,0.9213483146067416,0.9353932584269663,2026-08-13T00:20:00+00:00,0.0696921,12,0.00397032,0.00104603,ACCEPTED
2026-08-13T00:16:01.530369+00:00,1786579800,1786580100,AAVE/USD,UP,88.35,0.7132941336700717,0.7900763358778626,0.7786259541984732,0.9312977099236641,2026-08-13T00:20:00+00:00,88.35,3,0.00090549,-0.00147142,UNRESOLVED
2026-08-13T00:16:01.530369+00:00,1786579800,1786580100,AAVE/USD,UP,88.35,0.7132941336700717,0.7900763358778626,0.7786259541984732,0.9312977099236641,2026-08-13T00:20:00+00:00,88.35,6,0.00090549,-0.00486701,FAILED
2026-08-13T00:16:01.530369+00:00,1786579800,1786580100,AAVE/USD,UP,88.35,0.7132941336700717,0.7900763358778626,0.7786259541984732,0.9312977099236641,2026-08-13T00:20:00+00:00,88.35,12,0.00090549,-0.00486701,FAILED
2026-08-13T00:20:47.986970+00:00,1786580100,1786580400,SOL/USD,DOWN,75.79,0.923462341769711,0.9486486486486486,0.9621621621621622,0.9459459459459459,2026-08-13T00:25:00+00:00,75.79,3,0.00237498,0.0,UNRESOLVED
2026-08-13T00:20:47.986970+00:00,1786580100,1786580400,SOL/USD,DOWN,75.79,0.923462341769711,0.9486486486486486,0.9621621621621622,0.9459459459459459,2026-08-13T00:25:00+00:00,75.79,6,0.00382636,0.0,ACCEPTED
2026-08-13T00:20:47.986970+00:00,1786580100,1786580400,SOL/USD,DOWN,75.79,0.923462341769711,0.9486486486486486,0.9621621621621622,0.9459459459459459,2026-08-13T00:25:00+00:00,75.79,12,0.00395831,0.0,ACCEPTED
2026-08-13T00:20:47.986992+00:00,1786580100,1786580400,BTC/USD,UP,63594.8,0.8230728307843648,0.9701897018970189,0.9701897018970189,0.8888888888888888,2026-08-13T00:25:00+00:00,63594.8,3,-0.00014309,-0.00143565,UNRESOLVED
2026-08-13T00:20:47.986992+00:00,1786580100,1786580400,BTC/USD,UP,63594.8,0.8230728307843648,0.9701897018970189,0.9701897018970189,0.8888888888888888,2026-08-13T00:25:00+00:00,63594.8,6,-0.00014309,-0.00227692,UNRESOLVED
2026-08-13T00:20:47.986992+00:00,1786580100,1786580400,BTC/USD,UP,63594.8,0.8230728307843648,0.9701897018970189,0.9701897018970189,0.8888888888888888,2026-08-13T00:25:00+00:00,63594.8,12,-0.00014309,-0.00227692,UNRESOLVED
2026-08-13T00:21:03.098941+00:00,1786580100,1786580400,ETH/USD,UP,1881.83,0.9850325947586362,0.9864864864864865,0.9837837837837838,0.9540540540540541,2026-08-13T00:25:00+00:00,1881.83,3,0.0,-0.00244443,UNRESOLVED
2026-08-13T00:21:03.098941+00:00,1786580100,1786580400,ETH/USD,UP,1881.83,0.9850325947586362,0.9864864864864865,0.9837837837837838,0.9540540540540541,2026-08-13T00:25:00+00:00,1881.83,6,0.0,-0.00341689,FAILED
2026-08-13T00:21:03.098941+00:00,1786580100,1786580400,ETH/USD,UP,1881.83,0.9850325947586362,0.9864864864864865,0.9837837837837838,0.9540540540540541,2026-08-13T00:25:00+00:00,1881.83,12,0.0,-0.00341689,FAILED
2026-08-13T00:21:03.098975+00:00,1786580100,1786580400,ADA/USD,UP,0.183264,0.971678572347479,0.9916666666666667,0.9944444444444445,1.0,2026-08-13T00:25:00+00:00,0.183264,3,-0.00037651,-0.00481819,FAILED
2026-08-13T00:21:03.098975+00:00,1786580100,1786580400,ADA/USD,UP,0.183264,0.971678572347479,0.9916666666666667,0.9944444444444445,1.0,2026-08-13T00:25:00+00:00,0.183264,6,-0.00037651,-0.00756286,FAILED
2026-08-13T00:21:03.098975+00:00,1786580100,1786580400,ADA/USD,UP,0.183264,0.971678572347479,0.9916666666666667,0.9944444444444445,1.0,2026-08-13T00:25:00+00:00,0.183264,12,-0.00037651,-0.0086651,FAILED
2026-08-13T00:21:18.187178+00:00,1786580100,1786580400,AVAX/USD,UP,6.365,1.0,0.7703081232492998,0.8123249299719888,0.42016806722689076,2026-08-13T00:25:00+00:00,6.365,3,0.00094266,-0.00204242,UNRESOLVED
2026-08-13T00:21:18.187178+00:00,1786580100,1786580400,AVAX/USD,UP,6.365,1.0,0.7703081232492998,0.8123249299719888,0.42016806722689076,2026-08-13T00:25:00+00:00,6.365,6,0.00094266,-0.00282797,FAILED
2026-08-13T00:21:18.187178+00:00,1786580100,1786580400,AVAX/USD,UP,6.365,1.0,0.7703081232492998,0.8123249299719888,0.42016806722689076,2026-08-13T00:25:00+00:00,6.365,12,0.00204242,-0.00282797,FAILED
2026-08-13T00:25:19.424353+00:00,1786580400,1786580700,SOL/USD,UP,75.68,0.9434119228941297,0.8162162162162162,0.8486486486486486,0.6675675675675675,2026-08-13T00:30:00+00:00,75.68,3,0.00079281,-0.00092495,UNRESOLVED
2026-08-13T00:25:19.424353+00:00,1786580400,1786580700,SOL/USD,UP,75.68,0.9434119228941297,0.8162162162162162,0.8486486486486486,0.6675675675675675,2026-08-13T00:30:00+00:00,75.68,6,0.00079281,-0.00237844,UNRESOLVED
2026-08-13T00:25:19.424353+00:00,1786580400,1786580700,SOL/USD,UP,75.68,0.9434119228941297,0.8162162162162162,0.8486486486486486,0.6675675675675675,2026-08-13T00:30:00+00:00,75.68,12,0.00079281,-0.00251057,FAILED
2026-08-13T00:25:19.424418+00:00,1786580400,1786580700,ADA/USD,DOWN,0.182999,0.9974027399061769,0.7861111111111111,0.8472222222222222,0.8083333333333333,2026-08-13T00:30:00+00:00,0.182999,3,0.00358472,0.00057377,ACCEPTED
2026-08-13T00:25:19.424418+00:00,1786580400,1786580700,ADA/USD,DOWN,0.182999,0.9974027399061769,0.7861111111111111,0.8472222222222222,0.8083333333333333,2026-08-13T00:30:00+00:00,0.182999,6,0.00612572,0.00057377,ACCEPTED
2026-08-13T00:25:19.424418+00:00,1786580400,1786580700,ADA/USD,DOWN,0.182999,0.9974027399061769,0.7861111111111111,0.8472222222222222,0.8083333333333333,2026-08-13T00:30:00+00:00,0.182999,12,0.00739348,0.00057377,ACCEPTED
2026-08-13T00:25:34.518634+00:00,1786580400,1786580700,DOT/USD,DOWN,0.7738,1.0,0.7638036809815951,0.7914110429447853,0.7085889570552147,2026-08-13T00:30:00+00:00,0.7738,3,0.00180925,-0.00077539,UNRESOLVED
2026-08-13T00:25:34.518634+00:00,1786580400,1786580700,DOT/USD,DOWN,0.7738,1.0,0.7638036809815951,0.7914110429447853,0.7085889570552147,2026-08-13T00:30:00+00:00,0.7738,6,0.00310158,-0.00077539,ACCEPTED
2026-08-13T00:25:34.518634+00:00,1786580400,1786580700,DOT/USD,DOWN,0.7738,1.0,0.7638036809815951,0.7914110429447853,0.7085889570552147,2026-08-13T00:30:00+00:00,0.7738,12,0.0043939,-0.00077539,ACCEPTED
2026-08-13T00:26:19.766635+00:00,1786580400,1786580700,LINK/USD,UP,8.681,0.5268288724800106,0.8907563025210085,0.8571428571428571,0.6946778711484594,2026-08-13T00:30:00+00:00,8.681,3,0.0,-0.00196867,UNRESOLVED
2026-08-13T00:26:19.766635+00:00,1786580400,1786580700,LINK/USD,UP,8.681,0.5268288724800106,0.8907563025210085,0.8571428571428571,0.6946778711484594,2026-08-13T00:30:00+00:00,8.681,6,0.0,-0.00470683,FAILED
2026-08-13T00:26:19.766635+00:00,1786580400,1786580700,LINK/USD,UP,8.681,0.5268288724800106,0.8907563025210085,0.8571428571428571,0.6946778711484594,2026-08-13T00:30:00+00:00,8.681,12,0.0,-0.00478862,FAILED
2026-08-13T00:26:19.766651+00:00,1786580400,1786580700,LTC/USD,UP,44.86,1.0,0.8864864864864865,0.9243243243243243,0.8594594594594595,2026-08-13T00:30:00+00:00,44.86,3,0.00133749,-0.00111458,UNRESOLVED
2026-08-13T00:26:19.766651+00:00,1786580400,1786580700,LTC/USD,UP,44.86,1.0,0.8864864864864865,0.9243243243243243,0.8594594594594595,2026-08-13T00:30:00+00:00,44.86,6,0.00133749,-0.00133749,UNRESOLVED
2026-08-13T00:26:19.766651+00:00,1786580400,1786580700,LTC/USD,UP,44.86,1.0,0.8864864864864865,0.9243243243243243,0.8594594594594595,2026-08-13T00:30:00+00:00,44.86,12,0.00133749,-0.00356665,FAILED
2026-08-13T00:30:36.096545+00:00,1786580700,1786581000,DOGE/USD,UP,0.0698691,1.0,0.7921348314606742,0.8314606741573034,0.6853932584269663,2026-08-13T00:35:00+00:00,0.0698691,3,4.866e-05,-0.00114643,UNRESOLVED
2026-08-13T00:30:36.096545+00:00,1786580700,1786581000,DOGE/USD,UP,0.0698691,1.0,0.7921348314606742,0.8314606741573034,0.6853932584269663,2026-08-13T00:35:00+00:00,0.0698691,6,0.00115788,-0.00114643,UNRESOLVED
2026-08-13T00:30:36.096545+00:00,1786580700,1786581000,DOGE/USD,UP,0.0698691,1.0,0.7921348314606742,0.8314606741573034,0.6853932584269663,2026-08-13T00:35:00+00:00,0.0698691,12,0.00142695,-0.00173181,UNRESOLVED
2026-08-13T00:30:51.191216+00:00,1786580700,1786581000,LTC/USD,UP,44.89,0.8202336115674463,0.7054054054054054,0.7783783783783784,0.8,2026-08-13T00:35:00+00:00,44.89,3,0.0006683,-0.0006683,UNRESOLVED
2026-08-13T00:30:51.191216+00:00,1786580700,1786581000,LTC/USD,UP,44.89,0.8202336115674463,0.7054054054054054,0.7783783783783784,0.8,2026-08-13T00:35:00+00:00,44.89,6,0.0006683,-0.00222767,UNRESOLVED
2026-08-13T00:30:51.191216+00:00,1786580700,1786581000,LTC/USD,UP,44.89,0.8202336115674463,0.7054054054054054,0.7783783783783784,0.8,2026-08-13T00:35:00+00:00,44.89,12,0.0006683,-0.00490087,FAILED
2026-08-13T00:35:22.646415+00:00,1786581000,1786581300,ADA/USD,DOWN,0.182391,0.6681058738926465,0.7666666666666667,0.75,0.4527777777777778,2026-08-13T00:40:00+00:00,0.182391,3,0.00281264,5.483e-05,ACCEPTED
2026-08-13T00:35:22.646415+00:00,1786581000,1786581300,ADA/USD,DOWN,0.182391,0.6681058738926465,0.7666666666666667,0.75,0.4527777777777778,2026-08-13T00:40:00+00:00,0.182391,6,0.00392015,5.483e-05,ACCEPTED
2026-08-13T00:35:22.646415+00:00,1786581000,1786581300,ADA/USD,DOWN,0.182391,0.6681058738926465,0.7666666666666667,0.75,0.4527777777777778,2026-08-13T00:40:00+00:00,0.182391,12,0.00648058,5.483e-05,ACCEPTED
2026-08-13T00:35:37.740032+00:00,1786581000,1786581300,AAVE/USD,DOWN,88.03,0.6765672622731059,0.7175572519083969,0.7137404580152672,0.6106870229007634,2026-08-13T00:40:00+00:00,88.03,3,0.00124957,0.0,UNRESOLVED
2026-08-13T00:35:37.740032+00:00,1786581000,1786581300,AAVE/USD,DOWN,88.03,0.6765672622731059,0.7175572519083969,0.7137404580152672,0.6106870229007634,2026-08-13T00:40:00+00:00,88.03,6,0.00124957,-0.00147677,UNRESOLVED
2026-08-13T00:35:37.740032+00:00,1786581000,1786581300,AAVE/USD,DOWN,88.03,0.6765672622731059,0.7175572519083969,0.7137404580152672,0.6106870229007634,2026-08-13T00:40:00+00:00,88.03,12,0.00159037,-0.00193116,UNRESOLVED
2026-08-13T00:35:52.833159+00:00,1786581000,1786581300,LTC/USD,UP,44.89,0.9589727705468843,0.8756756756756757,0.9135135135135135,0.9459459459459459,2026-08-13T00:40:00+00:00,44.89,3,0.0006683,-0.0020049,UNRESOLVED
2026-08-13T00:35:52.833159+00:00,1786581000,1786581300,LTC/USD,UP,44.89,0.9589727705468843,0.8756756756756757,0.9135135135135135,0.9459459459459459,2026-08-13T00:40:00+00:00,44.89,6,0.0006683,-0.00245043,UNRESOLVED
2026-08-13T00:35:52.833159+00:00,1786581000,1786581300,LTC/USD,UP,44.89,0.9589727705468843,0.8756756756756757,0.9135135135135135,0.9459459459459459,2026-08-13T00:40:00+00:00,44.89,12,0.0006683,-0.00490087,FAILED
2026-08-13T00:40:39.429703+00:00,1786581300,1786581600,DOGE/USD,UP,0.0698483,0.8628070493121156,0.8651685393258427,0.8820224719101124,0.7612359550561798,2026-08-13T00:45:00+00:00,0.0698483,3,0.00145601,-0.00084898,UNRESOLVED
2026-08-13T00:40:39.429703+00:00,1786581300,1786581600,DOGE/USD,UP,0.0698483,0.8628070493121156,0.8651685393258427,0.8820224719101124,0.7612359550561798,2026-08-13T00:45:00+00:00,0.0698483,6,0.00145601,-0.00119258,UNRESOLVED
2026-08-13T00:40:39.429703+00:00,1786581300,1786581600,DOGE/USD,UP,0.0698483,0.8628070493121156,0.8651685393258427,0.8820224719101124,0.7612359550561798,2026-08-13T00:45:00+00:00,0.0698483,12,0.00172517,-0.00143454,UNRESOLVED
2026-08-13T00:45:26.061286+00:00,1786581600,1786581900,ETH/USD,UP,1877.04,0.6274864236450579,0.8162162162162162,0.8297297297297297,0.8378378378378378,2026-08-13T00:50:00+00:00,1877.04,3,0.0022056,-0.00026638,UNRESOLVED
2026-08-13T00:45:26.061286+00:00,1786581600,1786581900,ETH/USD,UP,1877.04,0.6274864236450579,0.8162162162162162,0.8297297297297297,0.8378378378378378,2026-08-13T00:50:00+00:00,1877.04,6,0.0022056,-0.00026638,UNRESOLVED
2026-08-13T00:45:26.061286+00:00,1786581600,1786581900,ETH/USD,UP,1877.04,0.6274864236450579,0.8162162162162162,0.8297297297297297,0.8378378378378378,2026-08-13T00:50:00+00:00,1877.04,12,0.0022056,-0.00182735,UNRESOLVED
2026-08-13T00:45:41.178119+00:00,1786581600,1786581900,LINK/USD,DOWN,8.64793,0.9099785714134938,0.8235294117647058,0.8431372549019608,0.7338935574229691,2026-08-13T00:50:00+00:00,8.64793,3,0.00090079,-0.00109275,UNRESOLVED
2026-08-13T00:45:41.178119+00:00,1786581600,1786581900,LINK/USD,DOWN,8.64793,0.9099785714134938,0.8235294117647058,0.8431372549019608,0.7338935574229691,2026-08-13T00:50:00+00:00,8.64793,6,0.00097943,-0.00115519,UNRESOLVED
2026-08-13T00:45:41.178119+00:00,1786581600,1786581900,LINK/USD,DOWN,8.64793,0.9099785714134938,0.8235294117647058,0.8431372549019608,0.7338935574229691,2026-08-13T00:50:00+00:00,8.64793,12,0.00263647,-0.00152985,ACCEPTED
2026-08-13T00:45:56.278365+00:00,1786581600,1786581900,AAVE/USD,DOWN,87.92,0.9707734300326163,0.7786259541984732,0.8015267175572519,0.6603053435114504,2026-08-13T00:50:00+00:00,87.92,3,0.0,-0.00272975,FAILED
2026-08-13T00:45:56.278365+00:00,1786581600,1786581900,AAVE/USD,DOWN,87.92,0.9707734300326163,0.7786259541984732,0.8015267175572519,0.6603053435114504,2026-08-13T00:50:00+00:00,87.92,6,0.0,-0.00272975,FAILED
2026-08-13T00:45:56.278365+00:00,1786581600,1786581900,AAVE/USD,DOWN,87.92,0.9707734300326163,0.7786259541984732,0.8015267175572519,0.6603053435114504,2026-08-13T00:50:00+00:00,87.92,12,0.00034122,-0.00341219,FAILED
2026-08-13T00:50:27.806281+00:00,1786581900,1786582200,ETH/USD,DOWN,1880.27,0.9497825109211198,0.9783783783783784,0.981081081081081,0.7945945945945946,2026-08-13T00:55:00+00:00,1880.27,3,0.00176039,-0.00048397,UNRESOLVED
2026-08-13T00:50:27.806281+00:00,1786581900,1786582200,ETH/USD,DOWN,1880.27,0.9497825109211198,0.9783783783783784,0.981081081081081,0.7945945945945946,2026-08-13T00:55:00+00:00,1880.27,6,0.00176039,-0.00048397,UNRESOLVED
2026-08-13T00:50:27.806281+00:00,1786581900,1786582200,ETH/USD,DOWN,1880.27,0.9497825109211198,0.9783783783783784,0.981081081081081,0.7945945945945946,2026-08-13T00:55:00+00:00,1880.27,12,0.00373351,-0.00048397,ACCEPTED
2026-08-13T00:50:42.902198+00:00,1786581900,1786582200,XRP/USD,DOWN,1.0039,0.55933703014116,0.8567567567567568,0.8513513513513513,0.745945945945946,2026-08-13T00:55:00+00:00,1.0039,3,0.00136468,-0.00074709,UNRESOLVED
2026-08-13T00:50:42.902198+00:00,1786581900,1786582200,XRP/USD,DOWN,1.0039,0.55933703014116,0.8567567567567568,0.8513513513513513,0.745945945945946,2026-08-13T00:55:00+00:00,1.0039,6,0.00136468,-0.00105588,UNRESOLVED
2026-08-13T00:50:42.902198+00:00,1786581900,1786582200,XRP/USD,DOWN,1.0039,0.55933703014116,0.8567567567567568,0.8513513513513513,0.745945945945946,2026-08-13T00:55:00+00:00,1.0039,12,0.00277916,-0.00105588,ACCEPTED
2026-08-13T00:55:44.816163+00:00,1786582200,1786582500,XRP/USD,UP,1.00435,0.8883769277729496,0.7594594594594595,0.8378378378378378,0.7621621621621621,2026-08-13T01:00:00+00:00,1.00435,3,0.00016926,-0.00181212,UNRESOLVED
2026-08-13T00:55:44.816163+00:00,1786582200,1786582500,XRP/USD,UP,1.00435,0.8883769277729496,0.7594594594594595,0.8378378378378378,0.7621621621621621,2026-08-13T01:00:00+00:00,1.00435,6,0.00060736,-0.00217056,UNRESOLVED
2026-08-13T00:55:44.816163+00:00,1786582200,1786582500,XRP/USD,UP,1.00435,0.8883769277729496,0.7594594594594595,0.8378378378378378,0.7621621621621621,2026-08-13T01:00:00+00:00,1.00435,12,0.00060736,-0.00322597,FAILED
2026-08-13T01:00:31.565293+00:00,1786582500,1786582800,SOL/USD,DOWN,75.56,0.8678421074844713,0.8108108108108109,0.8378378378378378,0.46756756756756757,2026-08-13T01:05:00+00:00,75.56,3,0.00092642,-0.00158814,UNRESOLVED
2026-08-13T01:00:31.565293+00:00,1786582500,1786582800,SOL/USD,DOWN,75.56,0.8678421074844713,0.8108108108108109,0.8378378378378378,0.46756756756756757,2026-08-13T01:05:00+00:00,75.56,6,0.00185283,-0.00158814,UNRESOLVED
2026-08-13T01:00:31.565293+00:00,1786582500,1786582800,SOL/USD,DOWN,75.56,0.8678421074844713,0.8108108108108109,0.8378378378378378,0.46756756756756757,2026-08-13T01:05:00+00:00,75.56,12,0.00185283,-0.00224987,UNRESOLVED
2026-08-13T01:00:46.683710+00:00,1786582500,1786582800,ETH/USD,DOWN,1878.89,0.8588357453435519,0.8081081081081081,0.8567567567567568,0.37567567567567567,2026-08-13T01:05:00+00:00,1878.89,3,0.0010272,-0.00109107,UNRESOLVED
2026-08-13T01:00:46.683710+00:00,1786582500,1786582800,ETH/USD,DOWN,1878.89,0.8588357453435519,0.8081081081081081,0.8567567567567568,0.37567567567567567,2026-08-13T01:05:00+00:00,1878.89,6,0.00281017,-0.00109107,ACCEPTED
2026-08-13T01:00:46.683710+00:00,1786582500,1786582800,ETH/USD,DOWN,1878.89,0.8588357453435519,0.8081081081081081,0.8567567567567568,0.37567567567567567,2026-08-13T01:05:00+00:00,1878.89,12,0.00300177,-0.00109107,ACCEPTED
2026-08-13T01:05:48.686390+00:00,1786582800,1786583100,SOL/USD,UP,75.54,0.9663194118067047,0.9513513513513514,0.9702702702702702,0.8783783783783784,2026-08-13T01:10:00+00:00,75.54,3,0.00185332,-0.00013238,UNRESOLVED
2026-08-13T01:05:48.686390+00:00,1786582800,1786583100,SOL/USD,UP,75.54,0.9663194118067047,0.9513513513513514,0.9702702702702702,0.8783783783783784,2026-08-13T01:10:00+00:00,75.54,6,0.00185332,-0.00158856,UNRESOLVED
2026-08-13T01:05:48.686390+00:00,1786582800,1786583100,SOL/USD,UP,75.54,0.9663194118067047,0.9513513513513514,0.9702702702702702,0.8783783783783784,2026-08-13T01:10:00+00:00,75.54,12,0.00251522,-0.00158856,ACCEPTED
2026-08-13T01:05:48.686407+00:00,1786582800,1786583100,BTC/USD,DOWN,63499.5,0.7539599901204649,0.7208672086720868,0.8075880758807588,0.6775067750677507,2026-08-13T01:10:00+00:00,63499.5,3,0.0006504,-0.00095119,UNRESOLVED
2026-08-13T01:05:48.686407+00:00,1786582800,1786583100,BTC/USD,DOWN,63499.5,0.7539599901204649,0.7208672086720868,0.8075880758807588,0.6775067750677507,2026-08-13T01:10:00+00:00,63499.5,6,0.00264726,-0.00095119,ACCEPTED
2026-08-13T01:05:48.686407+00:00,1786582800,1786583100,BTC/USD,DOWN,63499.5,0.7539599901204649,0.7208672086720868,0.8075880758807588,0.6775067750677507,2026-08-13T01:10:00+00:00,63499.5,12,0.00284254,-0.00095119,ACCEPTED
2026-08-13T01:06:03.796383+00:00,1786582800,1786583100,LINK/USD,DOWN,8.6524,0.988427965807035,0.957983193277311,0.969187675070028,0.9103641456582633,2026-08-13T01:10:00+00:00,8.6524,3,0.00032245,-0.00101244,UNRESOLVED
2026-08-13T01:06:03.796383+00:00,1786582800,1786583100,LINK/USD,DOWN,8.6524,0.988427965807035,0.957983193277311,0.969187675070028,0.9103641456582633,2026-08-13T01:10:00+00:00,8.6524,6,0.00287435,-0.00101244,ACCEPTED
2026-08-13T01:06:03.796383+00:00,1786582800,1786583100,LINK/USD,DOWN,8.6524,0.988427965807035,0.957983193277311,0.969187675070028,0.9103641456582633,2026-08-13T01:10:00+00:00,8.6524,12,0.00374463,-0.00101244,ACCEPTED
2026-08-13T01:10:20.576894+00:00,1786583100,1786583400,BTC/USD,DOWN,63496.7,0.9524332943776485,0.8753387533875339,0.926829268292683,0.5420054200542005,2026-08-13T01:15:00+00:00,63496.7,3,0.00194183,-0.00099533,UNRESOLVED
2026-08-13T01:10:20.576894+00:00,1786583100,1786583400,BTC/USD,DOWN,63496.7,0.9524332943776485,0.8753387533875339,0.926829268292683,0.5420054200542005,2026-08-13T01:15:00+00:00,63496.7,6,0.00260328,-0.00099533,ACCEPTED
2026-08-13T01:10:20.576894+00:00,1786583100,1786583400,BTC/USD,DOWN,63496.7,0.9524332943776485,0.8753387533875339,0.926829268292683,0.5420054200542005,2026-08-13T01:15:00+00:00,63496.7,12,0.00279857,-0.00099533,ACCEPTED
2026-08-13T01:10:20.576911+00:00,1786583100,1786583400,ETH/USD,UP,1878.35,0.683638076156912,0.7108108108108108,0.7405405405405405,0.22702702702702704,2026-08-13T01:15:00+00:00,1878.35,3,0.00137887,-0.00143743,UNRESOLVED
2026-08-13T01:10:20.576911+00:00,1786583100,1786583400,ETH/USD,UP,1878.35,0.683638076156912,0.7108108108108108,0.7405405405405405,0.22702702702702704,2026-08-13T01:15:00+00:00,1878.35,6,0.00137887,-0.00252349,FAILED
2026-08-13T01:10:20.576911+00:00,1786583100,1786583400,ETH/USD,UP,1878.35,0.683638076156912,0.7108108108108108,0.7405405405405405,0.22702702702702704,2026-08-13T01:15:00+00:00,1878.35,12,0.00137887,-0.00271515,FAILED
2026-08-13T01:15:22.519757+00:00,1786583400,1786583700,ETH/USD,UP,1880.7,0.6063514627132105,0.7864864864864864,0.7972972972972973,0.6027027027027027,2026-08-13T01:20:00+00:00,1880.7,3,-0.00020737,-0.00376987,FAILED
2026-08-13T01:15:22.519757+00:00,1786583400,1786583700,ETH/USD,UP,1880.7,0.6063514627132105,0.7864864864864864,0.7972972972972973,0.6027027027027027,2026-08-13T01:20:00+00:00,1880.7,6,-0.00020737,-0.00376987,FAILED
2026-08-13T01:15:22.519757+00:00,1786583400,1786583700,ETH/USD,UP,1880.7,0.6063514627132105,0.7864864864864864,0.7972972972972973,0.6027027027027027,2026-08-13T01:20:00+00:00,1880.7,12,-0.00020737,-0.00396129,FAILED
2026-08-13T01:20:39.745044+00:00,1786583700,1786584000,BTC/USD,UP,63469.5,0.8785950499588328,0.8482384823848238,0.9105691056910569,0.7100271002710027,2026-08-13T01:25:00+00:00,63469.5,3,0.0,-0.00217585,UNRESOLVED
2026-08-13T01:20:39.745044+00:00,1786583700,1786584000,BTC/USD,UP,63469.5,0.8785950499588328,0.8482384823848238,0.9105691056910569,0.7100271002710027,2026-08-13T01:25:00+00:00,63469.5,6,3.466e-05,-0.00237122,UNRESOLVED
2026-08-13T01:20:39.745044+00:00,1786583700,1786584000,BTC/USD,UP,63469.5,0.8785950499588328,0.8482384823848238,0.9105691056910569,0.7100271002710027,2026-08-13T01:25:00+00:00,63469.5,12,3.466e-05,-0.00237122,UNRESOLVED
2026-08-13T01:20:39.745059+00:00,1786583700,1786584000,ETH/USD,DOWN,1878.07,0.727090179882067,0.7405405405405405,0.7756756756756756,0.12702702702702703,2026-08-13T01:25:00+00:00,1878.07,3,0.00237478,-0.00030883,UNRESOLVED
2026-08-13T01:20:39.745059+00:00,1786583700,1786584000,ETH/USD,DOWN,1878.07,0.727090179882067,0.7405405405405405,0.7756756756756756,0.12702702702702703,2026-08-13T01:25:00+00:00,1878.07,6,0.00256646,-0.00030883,ACCEPTED
2026-08-13T01:20:39.745059+00:00,1786583700,1786584000,ETH/USD,DOWN,1878.07,0.727090179882067,0.7405405405405405,0.7756756756756756,0.12702702702702703,2026-08-13T01:25:00+00:00,1878.07,12,0.00256646,-0.00030883,ACCEPTED
2026-08-13T01:20:54.854592+00:00,1786583700,1786584000,LINK/USD,DOWN,8.64961,1.0,0.876750700280112,0.9019607843137255,0.7871148459383753,2026-08-13T01:25:00+00:00,8.64961,3,0.00255272,0.00043933,ACCEPTED
2026-08-13T01:20:54.854592+00:00,1786583700,1786584000,LINK/USD,DOWN,8.64961,1.0,0.876750700280112,0.9019607843137255,0.7871148459383753,2026-08-13T01:25:00+00:00,8.64961,6,0.00342328,0.00040002,ACCEPTED
2026-08-13T01:20:54.854592+00:00,1786583700,1786584000,LINK/USD,DOWN,8.64961,1.0,0.876750700280112,0.9019607843137255,0.7871148459383753,2026-08-13T01:25:00+00:00,8.64961,12,0.00342328,0.00040002,ACCEPTED
2026-08-13T01:20:54.854622+00:00,1786583700,1786584000,DOT/USD,DOWN,0.7711,1.0,0.8098159509202454,0.8282208588957055,0.4294478527607362,2026-08-13T01:25:00+00:00,0.7711,3,0.00155622,0.00025937,UNRESOLVED
2026-08-13T01:20:54.854622+00:00,1786583700,1786584000,DOT/USD,DOWN,0.7711,1.0,0.8098159509202454,0.8282208588957055,0.4294478527607362,2026-08-13T01:25:00+00:00,0.7711,6,0.00155622,-0.00155622,UNRESOLVED
2026-08-13T01:20:54.854622+00:00,1786583700,1786584000,DOT/USD,DOWN,0.7711,1.0,0.8098159509202454,0.8282208588957055,0.4294478527607362,2026-08-13T01:25:00+00:00,0.7711,12,0.00207496,-0.00155622,UNRESOLVED
2026-08-13T01:26:42.344050+00:00,1786584000,1786584300,DOT/USD,UP,0.7704,0.958788605777039,0.9325153374233128,0.9447852760736196,0.950920245398773,2026-08-13T01:30:00+00:00,0.7704,3,0.00064901,-0.00064901,UNRESOLVED
2026-08-13T01:26:42.344050+00:00,1786584000,1786584300,DOT/USD,UP,0.7704,0.958788605777039,0.9325153374233128,0.9447852760736196,0.950920245398773,2026-08-13T01:30:00+00:00,0.7704,6,0.00246625,-0.00064901,UNRESOLVED
2026-08-13T01:26:42.344050+00:00,1786584000,1786584300,DOT/USD,UP,0.7704,0.958788605777039,0.9325153374233128,0.9447852760736196,0.950920245398773,2026-08-13T01:30:00+00:00,0.7704,12,0.00246625,-0.00116822,UNRESOLVED
2026-08-13T01:30:44.072814+00:00,1786584300,1786584600,XRP/USD,UP,1.00182,0.7068967607041066,0.7972972972972973,0.827027027027027,0.8189189189189189,2026-08-13T01:35:00+00:00,1.00182,3,0.00248548,-7.985e-05,UNRESOLVED
2026-08-13T01:30:44.072814+00:00,1786584300,1786584600,XRP/USD,UP,1.00182,0.7068967607041066,0.7972972972972973,0.827027027027027,0.8189189189189189,2026-08-13T01:35:00+00:00,1.00182,6,0.00260526,-7.985e-05,ACCEPTED
2026-08-13T01:30:44.072814+00:00,1786584300,1786584600,XRP/USD,UP,1.00182,0.7068967607041066,0.7972972972972973,0.827027027027027,0.8189189189189189,2026-08-13T01:35:00+00:00,1.00182,12,0.00277495,-7.985e-05,ACCEPTED
2026-08-13T01:31:14.285645+00:00,1786584300,1786584600,ADA/USD,DOWN,0.181333,0.5988551327006905,0.8833333333333333,0.8888888888888888,0.85,2026-08-13T01:35:00+00:00,0.181333,3,-0.00058456,-0.00334192,FAILED
2026-08-13T01:31:14.285645+00:00,1786584300,1786584600,ADA/USD,DOWN,0.181333,0.5988551327006905,0.8833333333333333,0.8888888888888888,0.85,2026-08-13T01:35:00+00:00,0.181333,6,0.00062868,-0.00334192,FAILED
2026-08-13T01:31:14.285645+00:00,1786584300,1786584600,ADA/USD,DOWN,0.181333,0.5988551327006905,0.8833333333333333,0.8888888888888888,0.85,2026-08-13T01:35:00+00:00,0.181333,12,0.00083272,-0.00334192,FAILED
2026-08-13T01:31:29.406916+00:00,1786584300,1786584600,LINK/USD,DOWN,8.62753,1.0,0.7254901960784313,0.7787114845938375,0.5826330532212886,2026-08-13T01:35:00+00:00,8.62753,3,0.00027818,-0.00215821,UNRESOLVED
2026-08-13T01:31:29.406916+00:00,1786584300,1786584600,LINK/USD,DOWN,8.62753,1.0,0.7254901960784313,0.7787114845938375,0.5826330532212886,2026-08-13T01:35:00+00:00,8.62753,6,0.00087279,-0.00215821,UNRESOLVED
2026-08-13T01:31:29.406916+00:00,1786584300,1786584600,LINK/USD,DOWN,8.62753,1.0,0.7254901960784313,0.7787114845938375,0.5826330532212886,2026-08-13T01:35:00+00:00,8.62753,12,0.00087279,-0.00215821,UNRESOLVED
2026-08-13T01:32:30.019227+00:00,1786584300,1786584600,LTC/USD,UP,44.71,0.8254989187164876,0.8567567567567568,0.8783783783783784,0.8594594594594595,2026-08-13T01:35:00+00:00,44.71,3,0.00201297,-0.00022366,UNRESOLVED
2026-08-13T01:32:30.019227+00:00,1786584300,1786584600,LTC/USD,UP,44.71,0.8254989187164876,0.8567567567567568,0.8783783783783784,0.8594594594594595,2026-08-13T01:35:00+00:00,44.71,6,0.00290763,-0.00022366,ACCEPTED
2026-08-13T01:32:30.019227+00:00,1786584300,1786584600,LTC/USD,UP,44.71,0.8254989187164876,0.8567567567567568,0.8783783783783784,0.8594594594594595,2026-08-13T01:35:00+00:00,44.71,12,0.00290763,-0.00022366,ACCEPTED
2026-08-13T01:33:15.374379+00:00,1786584300,1786584600,BTC/USD,DOWN,63371.3,0.6392335448636585,0.8672086720867209,0.8915989159891599,0.7235772357723578,2026-08-13T01:35:00+00:00,63371.3,3,0.00049234,-0.00158431,UNRESOLVED
2026-08-13T01:33:15.374379+00:00,1786584300,1786584600,BTC/USD,DOWN,63371.3,0.6392335448636585,0.8672086720867209,0.8915989159891599,0.7235772357723578,2026-08-13T01:35:00+00:00,63371.3,6,0.00082529,-0.00158431,UNRESOLVED
2026-08-13T01:33:15.374379+00:00,1786584300,1786584600,BTC/USD,DOWN,63371.3,0.6392335448636585,0.8672086720867209,0.8915989159891599,0.7235772357723578,2026-08-13T01:35:00+00:00,63371.3,12,0.00082529,-0.00158431,UNRESOLVED
2026-08-13T01:35:16.301690+00:00,1786584600,1786584900,XRP/USD,UP,1.00359,0.8466955234335305,0.8108108108108109,0.8675675675675676,0.8918918918918919,2026-08-13T01:40:00+00:00,1.00359,3,0.00071742,-0.00163413,UNRESOLVED
2026-08-13T01:35:16.301690+00:00,1786584600,1786584900,XRP/USD,UP,1.00359,0.8466955234335305,0.8108108108108109,0.8675675675675676,0.8918918918918919,2026-08-13T01:40:00+00:00,1.00359,6,0.00085692,-0.00163413,UNRESOLVED
2026-08-13T01:35:16.301690+00:00,1786584600,1786584900,XRP/USD,UP,1.00359,0.8466955234335305,0.8108108108108109,0.8675675675675676,0.8918918918918919,2026-08-13T01:40:00+00:00,1.00359,12,0.00100639,-0.00165406,UNRESOLVED
2026-08-13T01:35:31.417206+00:00,1786584600,1786584900,AAVE/USD,UP,88.2,1.0,0.9580152671755725,0.9732824427480916,0.9465648854961832,2026-08-13T01:40:00+00:00,88.2,3,0.00022676,-0.00181406,UNRESOLVED
2026-08-13T01:35:31.417206+00:00,1786584600,1786584900,AAVE/USD,UP,88.2,1.0,0.9580152671755725,0.9732824427480916,0.9465648854961832,2026-08-13T01:40:00+00:00,88.2,6,0.00022676,-0.00204082,UNRESOLVED
2026-08-13T01:35:31.417206+00:00,1786584600,1786584900,AAVE/USD,UP,88.2,1.0,0.9580152671755725,0.9732824427480916,0.9465648854961832,2026-08-13T01:40:00+00:00,88.2,12,0.00022676,-0.00634921,FAILED
2026-08-13T01:40:18.497262+00:00,1786584900,1786585200,BTC/USD,UP,63468.6,0.8880730682716065,0.8943089430894309,0.9295392953929539,0.7859078590785907,2026-08-13T01:45:00+00:00,63468.6,3,0.0,-0.00235707,UNRESOLVED
2026-08-13T01:40:18.497262+00:00,1786584900,1786585200,BTC/USD,UP,63468.6,0.8880730682716065,0.8943089430894309,0.9295392953929539,0.7859078590785907,2026-08-13T01:45:00+00:00,63468.6,6,0.0,-0.00235707,UNRESOLVED
2026-08-13T01:40:18.497262+00:00,1786584900,1786585200,BTC/USD,UP,63468.6,0.8880730682716065,0.8943089430894309,0.9295392953929539,0.7859078590785907,2026-08-13T01:45:00+00:00,63468.6,12,0.0,-0.00235707,UNRESOLVED
2026-08-13T01:40:18.497310+00:00,1786584900,1786585200,DOGE/USD,DOWN,0.069927,0.978543854961616,0.8904494382022472,0.9129213483146067,0.6853932584269663,2026-08-13T01:45:00+00:00,0.069927,3,0.00229096,0.0,UNRESOLVED
2026-08-13T01:40:18.497310+00:00,1786584900,1786585200,DOGE/USD,DOWN,0.069927,0.978543854961616,0.8904494382022472,0.9129213483146067,0.6853932584269663,2026-08-13T01:45:00+00:00,0.069927,6,0.00229096,0.0,UNRESOLVED
2026-08-13T01:40:18.497310+00:00,1786584900,1786585200,DOGE/USD,DOWN,0.069927,0.978543854961616,0.8904494382022472,0.9129213483146067,0.6853932584269663,2026-08-13T01:45:00+00:00,0.069927,12,0.00229096,0.0,UNRESOLVED
2026-08-13T01:40:33.606195+00:00,1786584900,1786585200,LTC/USD,UP,44.79,0.9834425548339591,0.7135135135135136,0.8162162162162162,0.9135135135135135,2026-08-13T01:45:00+00:00,44.79,3,0.00111632,-0.00178611,UNRESOLVED
2026-08-13T01:40:33.606195+00:00,1786584900,1786585200,LTC/USD,UP,44.79,0.9834425548339591,0.7135135135135136,0.8162162162162162,0.9135135135135135,2026-08-13T01:45:00+00:00,44.79,6,0.00111632,-0.00178611,UNRESOLVED
2026-08-13T01:40:33.606195+00:00,1786584900,1786585200,LTC/USD,UP,44.79,0.9834425548339591,0.7135135135135136,0.8162162162162162,0.9135135135135135,2026-08-13T01:45:00+00:00,44.79,12,0.00111632,-0.00178611,UNRESOLVED
2026-08-13T01:41:18.943935+00:00,1786584900,1786585200,XRP/USD,DOWN,1.00415,0.6106662734722701,0.8621621621621621,0.8729729729729729,0.7972972972972973,2026-08-13T01:45:00+00:00,1.00415,3,0.00219091,6.971e-05,UNRESOLVED
2026-08-13T01:41:18.943935+00:00,1786584900,1786585200,XRP/USD,DOWN,1.00415,0.6106662734722701,0.8621621621621621,0.8729729729729729,0.7972972972972973,2026-08-13T01:45:00+00:00,1.00415,6,0.00219091,-0.00044814,UNRESOLVED
2026-08-13T01:41:18.943935+00:00,1786584900,1786585200,XRP/USD,DOWN,1.00415,0.6106662734722701,0.8621621621621621,0.8729729729729729,0.7972972972972973,2026-08-13T01:45:00+00:00,1.00415,12,0.00221083,-0.00044814,UNRESOLVED
2026-08-13T01:45:20.812196+00:00,1786585200,1786585500,SOL/USD,DOWN,75.56,0.9420965573312542,0.7918918918918919,0.8351351351351352,0.46756756756756757,2026-08-13T01:50:00+00:00,75.56,3,0.00052938,-0.0014558,UNRESOLVED
2026-08-13T01:45:20.812196+00:00,1786585200,1786585500,SOL/USD,DOWN,75.56,0.9420965573312542,0.7918918918918919,0.8351351351351352,0.46756756756756757,2026-08-13T01:50:00+00:00,75.56,6,0.00079407,-0.0014558,UNRESOLVED
2026-08-13T01:45:20.812196+00:00,1786585200,1786585500,SOL/USD,DOWN,75.56,0.9420965573312542,0.7918918918918919,0.8351351351351352,0.46756756756756757,2026-08-13T01:50:00+00:00,75.56,12,0.0014558,-0.0014558,UNRESOLVED
2026-08-13T01:45:20.812263+00:00,1786585200,1786585500,ETH/USD,DOWN,1874.67,0.5830530986514978,0.7135135135135136,0.7108108108108108,0.3891891891891892,2026-08-13T01:50:00+00:00,1874.67,3,0.00075747,-0.00178165,UNRESOLVED
2026-08-13T01:45:20.812263+00:00,1786585200,1786585500,ETH/USD,DOWN,1874.67,0.5830530986514978,0.7135135135135136,0.7108108108108108,0.3891891891891892,2026-08-13T01:50:00+00:00,1874.67,6,0.00075747,-0.00178165,UNRESOLVED
2026-08-13T01:45:20.812263+00:00,1786585200,1786585500,ETH/USD,DOWN,1874.67,0.5830530986514978,0.7135135135135136,0.7108108108108108,0.3891891891891892,2026-08-13T01:50:00+00:00,1874.67,12,0.00155227,-0.00178165,UNRESOLVED
2026-08-13T01:45:20.812296+00:00,1786585200,1786585500,XRP/USD,UP,1.00236,0.9309302311572225,0.827027027027027,0.8891891891891892,0.6297297297297297,2026-08-13T01:50:00+00:00,1.00236,3,0.00206513,-0.00040903,UNRESOLVED
2026-08-13T01:45:20.812296+00:00,1786585200,1786585500,XRP/USD,UP,1.00236,0.9309302311572225,0.827027027027027,0.8891891891891892,0.6297297297297297,2026-08-13T01:50:00+00:00,1.00236,6,0.00223473,-0.00040903,UNRESOLVED
2026-08-13T01:45:20.812296+00:00,1786585200,1786585500,XRP/USD,UP,1.00236,0.9309302311572225,0.827027027027027,0.8891891891891892,0.6297297297297297,2026-08-13T01:50:00+00:00,1.00236,12,0.00223473,-0.00042899,UNRESOLVED
2026-08-13T01:45:35.928491+00:00,1786585200,1786585500,AVAX/USD,UP,6.392,0.5665708001558069,0.8067226890756303,0.7675070028011205,0.8207282913165266,2026-08-13T01:50:00+00:00,6.392,3,0.00156446,-0.00140801,UNRESOLVED
2026-08-13T01:45:35.928491+00:00,1786585200,1786585500,AVAX/USD,UP,6.392,0.5665708001558069,0.8067226890756303,0.7675070028011205,0.8207282913165266,2026-08-13T01:50:00+00:00,6.392,6,0.00203379,-0.00140801,UNRESOLVED
2026-08-13T01:45:35.928491+00:00,1786585200,1786585500,AVAX/USD,UP,6.392,0.5665708001558069,0.8067226890756303,0.7675070028011205,0.8207282913165266,2026-08-13T01:50:00+00:00,6.392,12,0.00203379,-0.00312891,FAILED
2026-08-13T01:45:35.928506+00:00,1786585200,1786585500,DOT/USD,DOWN,0.7705,0.9670739298885813,0.9294478527607362,0.9386503067484663,0.8466257668711656,2026-08-13T01:50:00+00:00,0.7705,3,0.00051914,-0.00038936,UNRESOLVED
2026-08-13T01:45:35.928506+00:00,1786585200,1786585500,DOT/USD,DOWN,0.7705,0.9670739298885813,0.9294478527607362,0.9386503067484663,0.8466257668711656,2026-08-13T01:50:00+00:00,0.7705,6,0.00129786,-0.00038936,UNRESOLVED
2026-08-13T01:45:35.928506+00:00,1786585200,1786585500,DOT/USD,DOWN,0.7705,0.9670739298885813,0.9294478527607362,0.9386503067484663,0.8466257668711656,2026-08-13T01:50:00+00:00,0.7705,12,0.00194679,-0.00038936,UNRESOLVED
2026-08-13T01:50:23.222958+00:00,1786585500,1786585800,LINK/USD,DOWN,8.62615,0.9959960195000909,0.988795518207283,0.9915966386554622,0.9943977591036415,2026-08-13T01:55:00+00:00,8.62615,3,-0.00035705,-0.00115811,UNRESOLVED
2026-08-13T01:50:23.222958+00:00,1786585500,1786585800,LINK/USD,DOWN,8.62615,0.9959960195000909,0.988795518207283,0.9915966386554622,0.9943977591036415,2026-08-13T01:55:00+00:00,8.62615,6,-0.00035705,-0.00151864,UNRESOLVED
2026-08-13T01:50:23.222958+00:00,1786585500,1786585800,LINK/USD,DOWN,8.62615,0.9959960195000909,0.988795518207283,0.9915966386554622,0.9943977591036415,2026-08-13T01:55:00+00:00,8.62615,12,0.00140735,-0.00310915,FAILED
2026-08-13T02:06:00.852610+00:00,1786586400,1786586700,XRP/USD,UP,1.0038,0.7265116360033864,0.9459459459459459,0.9567567567567568,0.9027027027027027,2026-08-13T02:10:00+00:00,1.0038,3,0.00079697,-0.00050807,UNRESOLVED
2026-08-13T02:06:00.852610+00:00,1786586400,1786586700,XRP/USD,UP,1.0038,0.7265116360033864,0.9459459459459459,0.9567567567567568,0.9027027027027027,2026-08-13T02:10:00+00:00,1.0038,6,0.00079697,-0.00186292,UNRESOLVED
2026-08-13T02:06:00.852610+00:00,1786586400,1786586700,XRP/USD,UP,1.0038,0.7265116360033864,0.9459459459459459,0.9567567567567568,0.9027027027027027,2026-08-13T02:10:00+00:00,1.0038,12,0.0038155,-0.00186292,ACCEPTED
2026-08-13T02:06:15.994802+00:00,1786586400,1786586700,AVAX/USD,UP,6.402,1.0,0.9355742296918768,0.9635854341736695,0.9019607843137255,2026-08-13T02:10:00+00:00,6.402,3,-0.0001562,-0.00093721,UNRESOLVED
2026-08-13T02:06:15.994802+00:00,1786586400,1786586700,AVAX/USD,UP,6.402,1.0,0.9355742296918768,0.9635854341736695,0.9019607843137255,2026-08-13T02:10:00+00:00,6.402,6,-0.0001562,-0.00437363,FAILED
2026-08-13T02:06:15.994802+00:00,1786586400,1786586700,AVAX/USD,UP,6.402,1.0,0.9355742296918768,0.9635854341736695,0.9019607843137255,2026-08-13T02:10:00+00:00,6.402,12,0.00687285,-0.00468604,FAILED
2026-08-13T02:10:34.779699+00:00,1786586700,1786587000,XRP/USD,DOWN,1.0046,0.8735433192100883,0.9702702702702702,0.981081081081081,0.9567567567567568,2026-08-13T02:15:00+00:00,1.0046,3,0.00159267,1.991e-05,UNRESOLVED
2026-08-13T02:10:34.779699+00:00,1786586700,1786587000,XRP/USD,DOWN,1.0046,0.8735433192100883,0.9702702702702702,0.981081081081081,0.9567567567567568,2026-08-13T02:15:00+00:00,1.0046,6,0.00265777,1.991e-05,ACCEPTED
2026-08-13T02:10:34.779699+00:00,1786586700,1786587000,XRP/USD,DOWN,1.0046,0.8735433192100883,0.9702702702702702,0.981081081081081,0.9567567567567568,2026-08-13T02:15:00+00:00,1.0046,12,0.00265777,-0.00388214,ACCEPTED
2026-08-13T02:10:50.628717+00:00,1786586700,1786587000,LINK/USD,DOWN,8.63577,0.9771369363652639,0.8375350140056023,0.8627450980392157,0.711484593837535,2026-08-13T02:15:00+00:00,8.63577,3,0.00100281,-0.00040298,UNRESOLVED
2026-08-13T02:10:50.628717+00:00,1786586700,1786587000,LINK/USD,DOWN,8.63577,0.9771369363652639,0.8375350140056023,0.8627450980392157,0.711484593837535,2026-08-13T02:15:00+00:00,8.63577,6,0.00251975,-0.00040298,ACCEPTED
2026-08-13T02:10:50.628717+00:00,1786586700,1786587000,LINK/USD,DOWN,8.63577,0.9771369363652639,0.8375350140056023,0.8627450980392157,0.711484593837535,2026-08-13T02:15:00+00:00,8.63577,12,0.00251975,-0.00745156,ACCEPTED
2026-08-13T02:11:37.326749+00:00,1786586700,1786587000,LTC/USD,UP,44.79,1.0,0.8135135135135135,0.8702702702702703,0.6756756756756757,2026-08-13T02:15:00+00:00,44.79,3,0.0,-0.00066979,UNRESOLVED
2026-08-13T02:11:37.326749+00:00,1786586700,1786587000,LTC/USD,UP,44.79,1.0,0.8135135135135135,0.8702702702702703,0.6756756756756757,2026-08-13T02:15:00+00:00,44.79,6,0.00066979,-0.00066979,UNRESOLVED
2026-08-13T02:11:37.326749+00:00,1786586700,1786587000,LTC/USD,UP,44.79,1.0,0.8135135135135135,0.8702702702702703,0.6756756756756757,2026-08-13T02:15:00+00:00,44.79,12,0.00178611,-0.00066979,UNRESOLVED
2026-08-13T02:20:42.426289+00:00,1786587300,1786587600,LINK/USD,DOWN,8.63789,0.9938786330696416,0.7927170868347339,0.8263305322128851,0.7703081232492998,2026-08-13T02:25:00+00:00,8.63789,3,0.00276456,0.00041908,ACCEPTED
2026-08-13T02:20:42.426289+00:00,1786587300,1786587600,LINK/USD,DOWN,8.63789,0.9938786330696416,0.7927170868347339,0.8263305322128851,0.7703081232492998,2026-08-13T02:25:00+00:00,8.63789,6,0.00276456,-0.0017458,ACCEPTED
2026-08-13T02:20:42.426289+00:00,1786587300,1786587600,LINK/USD,DOWN,8.63789,0.9938786330696416,0.7927170868347339,0.8263305322128851,0.7703081232492998,2026-08-13T02:25:00+00:00,8.63789,12,0.00276456,-0.00998855,ACCEPTED
2026-08-13T02:20:57.560824+00:00,1786587300,1786587600,DOT/USD,DOWN,0.7706,0.9652079839305462,0.9938650306748467,0.9969325153374233,0.9938650306748467,2026-08-13T02:25:00+00:00,0.7706,3,0.00142746,-0.00012977,UNRESOLVED
2026-08-13T02:20:57.560824+00:00,1786587300,1786587600,DOT/USD,DOWN,0.7706,0.9652079839305462,0.9938650306748467,0.9969325153374233,0.9938650306748467,2026-08-13T02:25:00+00:00,0.7706,6,0.0020763,-0.00012977,UNRESOLVED
2026-08-13T02:20:57.560824+00:00,1786587300,1786587600,DOT/USD,DOWN,0.7706,0.9652079839305462,0.9938650306748467,0.9969325153374233,0.9938650306748467,2026-08-13T02:25:00+00:00,0.7706,12,0.0020763,-0.00506099,FAILED
2026-08-13T02:20:57.560841+00:00,1786587300,1786587600,AAVE/USD,UP,87.89,1.0,0.9236641221374046,0.9312977099236641,0.6603053435114504,2026-08-13T02:25:00+00:00,87.89,3,0.00034134,-0.00261691,FAILED
2026-08-13T02:20:57.560841+00:00,1786587300,1786587600,AAVE/USD,UP,87.89,1.0,0.9236641221374046,0.9312977099236641,0.6603053435114504,2026-08-13T02:25:00+00:00,87.89,6,0.00034134,-0.00386847,FAILED
2026-08-13T02:20:57.560841+00:00,1786587300,1786587600,AAVE/USD,UP,87.89,1.0,0.9236641221374046,0.9312977099236641,0.6603053435114504,2026-08-13T02:25:00+00:00,87.89,12,0.0031858,-0.00386847,FAILED
2026-08-13T02:26:00.152986+00:00,1786587600,1786587900,DOT/USD,DOWN,0.7698,0.9974029798371192,0.8619631901840491,0.8711656441717791,1.0,2026-08-13T02:30:00+00:00,0.7698,3,0.00038971,0.0,UNRESOLVED
2026-08-13T02:26:00.152986+00:00,1786587600,1786587900,DOT/USD,DOWN,0.7698,0.9974029798371192,0.8619631901840491,0.8711656441717791,1.0,2026-08-13T02:30:00+00:00,0.7698,6,0.00103923,-0.00285789,FAILED
2026-08-13T02:26:00.152986+00:00,1786587600,1786587900,DOT/USD,DOWN,0.7698,0.9974029798371192,0.8619631901840491,0.8711656441717791,1.0,2026-08-13T02:30:00+00:00,0.7698,12,0.00103923,-0.00623539,FAILED
2026-08-13T02:30:17.365611+00:00,1786587900,1786588200,LTC/USD,UP,44.82,0.8360844210502709,0.8297297297297297,0.8567567567567568,0.8594594594594595,2026-08-13T02:35:00+00:00,44.82,3,0.0,-0.00133869,UNRESOLVED
2026-08-13T02:30:17.365611+00:00,1786587900,1786588200,LTC/USD,UP,44.82,0.8360844210502709,0.8297297297297297,0.8567567567567568,0.8594594594594595,2026-08-13T02:35:00+00:00,44.82,6,0.00066934,-0.00133869,UNRESOLVED
2026-08-13T02:30:17.365611+00:00,1786587900,1786588200,LTC/USD,UP,44.82,0.8360844210502709,0.8297297297297297,0.8567567567567568,0.8594594594594595,2026-08-13T02:35:00+00:00,44.82,12,0.00178492,-0.00133869,UNRESOLVED
2026-08-13T02:30:47.657506+00:00,1786587900,1786588200,SOL/USD,UP,75.6,0.9532199046265809,0.7,0.7810810810810811,0.42162162162162165,2026-08-13T02:35:00+00:00,75.6,3,0.00066138,-0.00198413,UNRESOLVED
2026-08-13T02:30:47.657506+00:00,1786587900,1786588200,SOL/USD,UP,75.6,0.9532199046265809,0.7,0.7810810810810811,0.42162162162162165,2026-08-13T02:35:00+00:00,75.6,6,0.00396825,-0.00198413,ACCEPTED
2026-08-13T02:30:47.657506+00:00,1786587900,1786588200,SOL/USD,UP,75.6,0.9532199046265809,0.7,0.7810810810810811,0.42162162162162165,2026-08-13T02:35:00+00:00,75.6,12,0.00753968,-0.00198413,ACCEPTED
2026-08-13T02:31:17.938841+00:00,1786587900,1786588200,AVAX/USD,UP,6.383,0.7988675635152954,0.7675070028011205,0.7703081232492998,0.680672268907563,2026-08-13T02:35:00+00:00,6.383,3,-0.00062666,-0.00172333,UNRESOLVED
2026-08-13T02:31:17.938841+00:00,1786587900,1786588200,AVAX/USD,UP,6.383,0.7988675635152954,0.7675070028011205,0.7703081232492998,0.680672268907563,2026-08-13T02:35:00+00:00,6.383,6,0.00438665,-0.00172333,ACCEPTED
2026-08-13T02:31:17.938841+00:00,1786587900,1786588200,AVAX/USD,UP,6.383,0.7988675635152954,0.7675070028011205,0.7703081232492998,0.680672268907563,2026-08-13T02:35:00+00:00,6.383,12,0.01347329,-0.00172333,ACCEPTED
2026-08-13T02:40:27.058167+00:00,1786588500,1786588800,ADA/USD,UP,0.181722,0.7920244686898839,0.8138888888888889,0.8361111111111111,0.7972222222222223,2026-08-13T02:45:00+00:00,0.181722,3,0.00576155,-0.00053929,ACCEPTED
2026-08-13T02:40:27.058167+00:00,1786588500,1786588800,ADA/USD,UP,0.181722,0.7920244686898839,0.8138888888888889,0.8361111111111111,0.7972222222222223,2026-08-13T02:45:00+00:00,0.181722,6,0.00846898,-0.00053929,ACCEPTED
2026-08-13T02:40:27.058167+00:00,1786588500,1786588800,ADA/USD,UP,0.181722,0.7920244686898839,0.8138888888888889,0.8361111111111111,0.7972222222222223,2026-08-13T02:45:00+00:00,0.181722,12,0.01091778,-0.00053929,ACCEPTED
2026-08-13T02:45:45.825436+00:00,1786588800,1786589100,ADA/USD,DOWN,0.181774,0.9979106317163402,0.8055555555555556,0.8611111111111112,0.7861111111111111,2026-08-13T02:50:00+00:00,0.181774,3,1.1e-05,-0.00607348,FAILED
2026-08-13T02:45:45.825436+00:00,1786588800,1786589100,ADA/USD,DOWN,0.181774,0.9979106317163402,0.8055555555555556,0.8611111111111112,0.7861111111111111,2026-08-13T02:50:00+00:00,0.181774,6,1.1e-05,-0.00818049,FAILED
2026-08-13T02:45:45.825436+00:00,1786588800,1786589100,ADA/USD,DOWN,0.181774,0.9979106317163402,0.8055555555555556,0.8611111111111112,0.7861111111111111,2026-08-13T02:50:00+00:00,0.181774,12,1.1e-05,-0.01282912,FAILED
2026-08-13T02:45:45.825486+00:00,1786588800,1786589100,AVAX/USD,UP,6.379,1.0,0.7507002801120448,0.7843137254901961,0.680672268907563,2026-08-13T02:50:00+00:00,6.379,3,0.00501646,0.00109735,ACCEPTED
2026-08-13T02:45:45.825486+00:00,1786588800,1786589100,AVAX/USD,UP,6.379,1.0,0.7507002801120448,0.7843137254901961,0.680672268907563,2026-08-13T02:50:00+00:00,6.379,6,0.01050321,0.00109735,ACCEPTED
2026-08-13T02:45:45.825486+00:00,1786588800,1786589100,AVAX/USD,UP,6.379,1.0,0.7507002801120448,0.7843137254901961,0.680672268907563,2026-08-13T02:50:00+00:00,6.379,12,0.01473585,0.00109735,ACCEPTED
2026-08-13T02:46:01.488600+00:00,1786588800,1786589100,AAVE/USD,UP,87.77,1.0,0.9541984732824428,0.9694656488549618,0.8664122137404581,2026-08-13T02:50:00+00:00,87.77,3,0.00307622,0.0,ACCEPTED
2026-08-13T02:46:01.488600+00:00,1786588800,1786589100,AAVE/USD,UP,87.77,1.0,0.9541984732824428,0.9694656488549618,0.8664122137404581,2026-08-13T02:50:00+00:00,87.77,6,0.00319016,0.0,ACCEPTED
2026-08-13T02:46:01.488600+00:00,1786588800,1786589100,AAVE/USD,UP,87.77,1.0,0.9541984732824428,0.9694656488549618,0.8664122137404581,2026-08-13T02:50:00+00:00,87.77,12,0.00478523,0.0,ACCEPTED
2026-08-13T02:50:19.321396+00:00,1786589100,1786589400,ETH/USD,UP,1876.23,0.6375193637134668,0.7918918918918919,0.8162162162162162,0.7594594594594595,2026-08-13T02:55:00+00:00,1876.23,3,0.00265959,-5.863e-05,ACCEPTED
2026-08-13T02:50:19.321396+00:00,1786589100,1786589400,ETH/USD,UP,1876.23,0.6375193637134668,0.7918918918918919,0.8162162162162162,0.7594594594594595,2026-08-13T02:55:00+00:00,1876.23,6,0.00332582,-5.863e-05,ACCEPTED
2026-08-13T02:50:19.321396+00:00,1786589100,1786589400,ETH/USD,UP,1876.23,0.6375193637134668,0.7918918918918919,0.8162162162162162,0.7594594594594595,2026-08-13T02:55:00+00:00,1876.23,12,0.00474888,-5.863e-05,ACCEPTED
2026-08-13T02:50:34.549097+00:00,1786589100,1786589400,DOGE/USD,DOWN,0.0700921,0.9538537698318217,0.9747191011235955,0.9775280898876404,0.9859550561797753,2026-08-13T02:55:00+00:00,0.0700921,3,-2.283e-05,-0.00182474,UNRESOLVED
2026-08-13T02:50:34.549097+00:00,1786589100,1786589400,DOGE/USD,DOWN,0.0700921,0.9538537698318217,0.9747191011235955,0.9775280898876404,0.9859550561797753,2026-08-13T02:55:00+00:00,0.0700921,6,-2.283e-05,-0.00264652,FAILED
2026-08-13T02:50:34.549097+00:00,1786589100,1786589400,DOGE/USD,DOWN,0.0700921,0.9538537698318217,0.9747191011235955,0.9775280898876404,0.9859550561797753,2026-08-13T02:55:00+00:00,0.0700921,12,0.0004865,-0.00333418,FAILED
2026-08-13T02:50:34.549130+00:00,1786589100,1786589400,AVAX/USD,UP,6.387,0.949569573744542,0.7647058823529411,0.8011204481792717,0.7983193277310925,2026-08-13T02:55:00+00:00,6.387,3,0.00923751,0.0004697,ACCEPTED
2026-08-13T02:50:34.549130+00:00,1786589100,1786589400,AVAX/USD,UP,6.387,0.949569573744542,0.7647058823529411,0.8011204481792717,0.7983193277310925,2026-08-13T02:55:00+00:00,6.387,6,0.0117426,0.0004697,ACCEPTED
2026-08-13T02:50:34.549130+00:00,1786589100,1786589400,AVAX/USD,UP,6.387,0.949569573744542,0.7647058823529411,0.8011204481792717,0.7983193277310925,2026-08-13T02:55:00+00:00,6.387,12,0.01831846,0.0004697,ACCEPTED
2026-08-13T02:55:22.376994+00:00,1786589400,1786589700,ETH/USD,UP,1878.93,0.9890500624617309,0.7972972972972973,0.8675675675675676,0.5432432432432432,2026-08-13T03:00:00+00:00,1878.93,3,0.00187873,0.00021289,UNRESOLVED
2026-08-13T02:55:22.376994+00:00,1786589400,1786589700,ETH/USD,UP,1878.93,0.9890500624617309,0.7972972972972973,0.8675675675675676,0.5432432432432432,2026-08-13T03:00:00+00:00,1878.93,6,0.00207565,0.00021289,UNRESOLVED
2026-08-13T02:55:22.376994+00:00,1786589400,1786589700,ETH/USD,UP,1878.93,0.9890500624617309,0.7972972972972973,0.8675675675675676,0.5432432432432432,2026-08-13T03:00:00+00:00,1878.93,12,0.00416194,0.00021289,ACCEPTED
2026-08-13T02:55:37.898800+00:00,1786589400,1786589700,XRP/USD,UP,1.00593,0.7862372940041276,0.7135135135135136,0.8054054054054054,0.727027027027027,2026-08-13T03:00:00+00:00,1.00593,3,0.00255485,-0.00022864,ACCEPTED
2026-08-13T02:55:37.898800+00:00,1786589400,1786589700,XRP/USD,UP,1.00593,0.7862372940041276,0.7135135135135136,0.8054054054054054,0.727027027027027,2026-08-13T03:00:00+00:00,1.00593,6,0.00376766,-0.00022864,ACCEPTED
2026-08-13T02:55:37.898800+00:00,1786589400,1786589700,XRP/USD,UP,1.00593,0.7862372940041276,0.7135135135135136,0.8054054054054054,0.727027027027027,2026-08-13T03:00:00+00:00,1.00593,12,0.00582546,-0.00022864,ACCEPTED
2026-08-13T02:55:37.898830+00:00,1786589400,1786589700,ADA/USD,UP,0.182769,0.9906089386284691,0.7138888888888889,0.7722222222222223,0.6888888888888889,2026-08-13T03:00:00+00:00,0.182769,3,0.00269192,-0.00049242,ACCEPTED
2026-08-13T02:55:37.898830+00:00,1786589400,1786589700,ADA/USD,UP,0.182769,0.9906089386284691,0.7138888888888889,0.7722222222222223,0.6888888888888889,2026-08-13T03:00:00+00:00,0.182769,6,0.00304756,-0.00049242,ACCEPTED
2026-08-13T02:55:37.898830+00:00,1786589400,1786589700,ADA/USD,UP,0.182769,0.9906089386284691,0.7138888888888889,0.7722222222222223,0.6888888888888889,2026-08-13T03:00:00+00:00,0.182769,12,0.00837669,-0.00049242,ACCEPTED
2026-08-13T02:55:37.898858+00:00,1786589400,1786589700,DOGE/USD,UP,0.0701873,1.0,0.7219101123595506,0.7780898876404494,0.7415730337078652,2026-08-13T03:00:00+00:00,0.0701873,3,0.00087765,-0.00067961,UNRESOLVED
2026-08-13T02:55:37.898858+00:00,1786589400,1786589700,DOGE/USD,UP,0.0701873,1.0,0.7219101123595506,0.7780898876404494,0.7415730337078652,2026-08-13T03:00:00+00:00,0.0701873,6,0.00197329,-0.00067961,UNRESOLVED
2026-08-13T02:55:37.898858+00:00,1786589400,1786589700,DOGE/USD,UP,0.0701873,1.0,0.7219101123595506,0.7780898876404494,0.7415730337078652,2026-08-13T03:00:00+00:00,0.0701873,12,0.00197329,-0.00184221,UNRESOLVED
2026-08-13T02:55:37.898887+00:00,1786589400,1786589700,LINK/USD,UP,8.67119,0.9968104617072178,0.9299719887955182,0.9411764705882353,0.8319327731092437,2026-08-13T03:00:00+00:00,8.67119,3,0.00333634,-0.0005328,ACCEPTED
2026-08-13T02:55:37.898887+00:00,1786589400,1786589700,LINK/USD,UP,8.67119,0.9968104617072178,0.9299719887955182,0.9411764705882353,0.8319327731092437,2026-08-13T03:00:00+00:00,8.67119,6,0.00610989,-0.0005328,ACCEPTED
2026-08-13T02:55:37.898887+00:00,1786589400,1786589700,LINK/USD,UP,8.67119,0.9968104617072178,0.9299719887955182,0.9411764705882353,0.8319327731092437,2026-08-13T03:00:00+00:00,8.67119,12,0.00610989,-0.0005328,ACCEPTED
2026-08-13T02:55:53.087318+00:00,1786589400,1786589700,DOT/USD,UP,0.772,0.9772080014874691,0.7730061349693251,0.7944785276073619,0.5521472392638037,2026-08-13T03:00:00+00:00,0.772,3,0.00181347,-0.00064767,UNRESOLVED
2026-08-13T02:55:53.087318+00:00,1786589400,1786589700,DOT/USD,UP,0.772,0.9772080014874691,0.7730061349693251,0.7944785276073619,0.5521472392638037,2026-08-13T03:00:00+00:00,0.772,6,0.00336788,-0.00064767,ACCEPTED
2026-08-13T02:55:53.087318+00:00,1786589400,1786589700,DOT/USD,UP,0.772,0.9772080014874691,0.7730061349693251,0.7944785276073619,0.5521472392638037,2026-08-13T03:00:00+00:00,0.772,12,0.00556995,-0.00064767,ACCEPTED
2026-08-13T02:55:53.087334+00:00,1786589400,1786589700,AAVE/USD,UP,88.04,1.0,0.9007633587786259,0.916030534351145,0.8893129770992366,2026-08-13T03:00:00+00:00,88.04,3,0.00011358,-0.00011358,UNRESOLVED
2026-08-13T02:55:53.087334+00:00,1786589400,1786589700,AAVE/USD,UP,88.04,1.0,0.9007633587786259,0.916030534351145,0.8893129770992366,2026-08-13T03:00:00+00:00,88.04,6,0.0014766,-0.00011358,UNRESOLVED
2026-08-13T02:55:53.087334+00:00,1786589400,1786589700,AAVE/USD,UP,88.04,1.0,0.9007633587786259,0.916030534351145,0.8893129770992366,2026-08-13T03:00:00+00:00,88.04,12,0.00261245,-0.00011358,ACCEPTED
2026-08-13T03:00:25.819488+00:00,1786589700,1786590000,AVAX/USD,UP,6.411,1.0,0.8291316526610645,0.8543417366946778,0.9019607843137255,2026-08-13T03:05:00+00:00,6.411,3,0.00545937,0.00062393,ACCEPTED
2026-08-13T03:00:25.819488+00:00,1786589700,1786590000,AVAX/USD,UP,6.411,1.0,0.8291316526610645,0.8543417366946778,0.9019607843137255,2026-08-13T03:05:00+00:00,6.411,6,0.00904695,0.00062393,ACCEPTED
2026-08-13T03:00:25.819488+00:00,1786589700,1786590000,AVAX/USD,UP,6.411,1.0,0.8291316526610645,0.8543417366946778,0.9019607843137255,2026-08-13T03:05:00+00:00,6.411,12,0.01669006,0.00062393,ACCEPTED
2026-08-13T03:01:26.520524+00:00,1786589700,1786590000,SOL/USD,DOWN,75.9,0.7583461498959737,0.7810810810810811,0.8135135135135135,0.6675675675675675,2026-08-13T03:05:00+00:00,75.9,3,0.00013175,-0.00223979,UNRESOLVED
2026-08-13T03:01:26.520524+00:00,1786589700,1786590000,SOL/USD,DOWN,75.9,0.7583461498959737,0.7810810810810811,0.8135135135135135,0.6675675675675675,2026-08-13T03:05:00+00:00,75.9,6,0.00013175,-0.00355731,FAILED
2026-08-13T03:01:26.520524+00:00,1786589700,1786590000,SOL/USD,DOWN,75.9,0.7583461498959737,0.7810810810810811,0.8135135135135135,0.6675675675675675,2026-08-13T03:05:00+00:00,75.9,12,0.00013175,-0.00434783,FAILED
2026-08-13T03:05:28.981298+00:00,1786590000,1786590300,SOL/USD,DOWN,75.94,0.8217049966561591,0.8324324324324325,0.8513513513513513,0.7891891891891892,2026-08-13T03:10:00+00:00,75.94,3,0.0,-0.00237029,UNRESOLVED
2026-08-13T03:05:28.981298+00:00,1786590000,1786590300,SOL/USD,DOWN,75.94,0.8217049966561591,0.8324324324324325,0.8513513513513513,0.7891891891891892,2026-08-13T03:10:00+00:00,75.94,6,0.0,-0.0038188,FAILED
2026-08-13T03:05:28.981298+00:00,1786590000,1786590300,SOL/USD,DOWN,75.94,0.8217049966561591,0.8324324324324325,0.8513513513513513,0.7891891891891892,2026-08-13T03:10:00+00:00,75.94,12,0.0,-0.0038188,FAILED
2026-08-13T03:05:59.449515+00:00,1786590000,1786590300,AVAX/USD,UP,6.446,0.7893815559009664,0.9019607843137255,0.896358543417367,0.9411764705882353,2026-08-13T03:10:00+00:00,6.446,3,0.00248216,-0.00186162,UNRESOLVED
2026-08-13T03:05:59.449515+00:00,1786590000,1786590300,AVAX/USD,UP,6.446,0.7893815559009664,0.9019607843137255,0.896358543417367,0.9411764705882353,2026-08-13T03:10:00+00:00,6.446,6,0.0035681,-0.00186162,ACCEPTED
2026-08-13T03:05:59.449515+00:00,1786590000,1786590300,AVAX/USD,UP,6.446,0.7893815559009664,0.9019607843137255,0.896358543417367,0.9411764705882353,2026-08-13T03:10:00+00:00,6.446,12,0.01442755,-0.00186162,ACCEPTED
2026-08-13T03:06:14.592933+00:00,1786590000,1786590300,AAVE/USD,UP,88.05,1.0,0.7709923664122137,0.7977099236641222,0.4770992366412214,2026-08-13T03:10:00+00:00,88.05,3,0.00136286,-0.00022714,UNRESOLVED
2026-08-13T03:06:14.592933+00:00,1786590000,1786590300,AAVE/USD,UP,88.05,1.0,0.7709923664122137,0.7977099236641222,0.4770992366412214,2026-08-13T03:10:00+00:00,88.05,6,0.00159001,-0.00022714,UNRESOLVED
2026-08-13T03:06:14.592933+00:00,1786590000,1786590300,AAVE/USD,UP,88.05,1.0,0.7709923664122137,0.7977099236641222,0.4770992366412214,2026-08-13T03:10:00+00:00,88.05,12,0.00249858,-0.00022714,UNRESOLVED
2026-08-13T03:06:14.592949+00:00,1786590000,1786590300,LTC/USD,UP,44.87,0.970138435986082,0.827027027027027,0.8810810810810811,0.7783783783783784,2026-08-13T03:10:00+00:00,44.87,3,0.00022287,-0.00089146,UNRESOLVED
2026-08-13T03:06:14.592949+00:00,1786590000,1786590300,LTC/USD,UP,44.87,0.970138435986082,0.827027027027027,0.8810810810810811,0.7783783783783784,2026-08-13T03:10:00+00:00,44.87,6,0.00089146,-0.00089146,UNRESOLVED
2026-08-13T03:06:14.592949+00:00,1786590000,1786590300,LTC/USD,UP,44.87,0.970138435986082,0.827027027027027,0.8810810810810811,0.7783783783783784,2026-08-13T03:10:00+00:00,44.87,12,0.00156006,-0.00089146,UNRESOLVED
2026-08-13T03:10:17.013849+00:00,1786590300,1786590600,LINK/USD,DOWN,8.69485,0.8939924854264145,0.9047619047619048,0.9187675070028011,0.7703081232492998,2026-08-13T03:15:00+00:00,8.69485,3,0.00023232,-0.00337211,FAILED
2026-08-13T03:10:17.013849+00:00,1786590300,1786590600,LINK/USD,DOWN,8.69485,0.8939924854264145,0.9047619047619048,0.9187675070028011,0.7703081232492998,2026-08-13T03:15:00+00:00,8.69485,6,0.00023232,-0.00337211,FAILED
2026-08-13T03:10:17.013849+00:00,1786590300,1786590600,LINK/USD,DOWN,8.69485,0.8939924854264145,0.9047619047619048,0.9187675070028011,0.7703081232492998,2026-08-13T03:15:00+00:00,8.69485,12,0.00023232,-0.00459582,FAILED
2026-08-13T03:11:17.645081+00:00,1786590300,1786590600,ETH/USD,UP,1880.12,0.7043158592844679,0.7189189189189189,0.7675675675675676,0.6378378378378379,2026-08-13T03:15:00+00:00,1880.12,3,0.0014414,-0.00012233,UNRESOLVED
2026-08-13T03:11:17.645081+00:00,1786590300,1786590600,ETH/USD,UP,1880.12,0.7043158592844679,0.7189189189189189,0.7675675675675676,0.6378378378378379,2026-08-13T03:15:00+00:00,1880.12,6,0.00211157,-0.00012233,UNRESOLVED
2026-08-13T03:11:17.645081+00:00,1786590300,1786590600,ETH/USD,UP,1880.12,0.7043158592844679,0.7189189189189189,0.7675675675675676,0.6378378378378379,2026-08-13T03:15:00+00:00,1880.12,12,0.00352637,-0.00012233,ACCEPTED
2026-08-13T03:11:17.645097+00:00,1786590300,1786590600,XRP/USD,DOWN,1.00751,0.8346295051372467,0.9621621621621622,0.9648648648648649,0.9216216216216216,2026-08-13T03:15:00+00:00,1.00751,3,0.00053597,-0.00219353,UNRESOLVED
2026-08-13T03:11:17.645097+00:00,1786590300,1786590600,XRP/USD,DOWN,1.00751,0.8346295051372467,0.9621621621621622,0.9648648648648649,0.9216216216216216,2026-08-13T03:15:00+00:00,1.00751,6,0.00053597,-0.00364264,FAILED
2026-08-13T03:11:17.645097+00:00,1786590300,1786590600,XRP/USD,DOWN,1.00751,0.8346295051372467,0.9621621621621622,0.9648648648648649,0.9216216216216216,2026-08-13T03:15:00+00:00,1.00751,12,0.00053597,-0.0042481,FAILED
2026-08-13T03:15:50.693355+00:00,1786590600,1786590900,AVAX/USD,UP,6.442,1.0,0.9131652661064426,0.9411764705882353,0.8851540616246498,2026-08-13T03:20:00+00:00,6.442,3,0.00419124,0.00077616,ACCEPTED
2026-08-13T03:15:50.693355+00:00,1786590600,1786590900,AVAX/USD,UP,6.442,1.0,0.9131652661064426,0.9411764705882353,0.8851540616246498,2026-08-13T03:20:00+00:00,6.442,6,0.00481217,0.00046569,ACCEPTED
2026-08-13T03:15:50.693355+00:00,1786590600,1786590900,AVAX/USD,UP,6.442,1.0,0.9131652661064426,0.9411764705882353,0.8851540616246498,2026-08-13T03:20:00+00:00,6.442,12,0.01505744,0.00046569,ACCEPTED
2026-08-13T03:20:23.493111+00:00,1786590900,1786591200,AVAX/USD,UP,6.462,0.9379895785628345,0.8739495798319328,0.9047619047619048,0.8375350140056023,2026-08-13T03:25:00+00:00,6.462,3,0.00108326,-0.00185701,UNRESOLVED
2026-08-13T03:20:23.493111+00:00,1786590900,1786591200,AVAX/USD,UP,6.462,0.9379895785628345,0.8739495798319328,0.9047619047619048,0.8375350140056023,2026-08-13T03:25:00+00:00,6.462,6,0.00649954,-0.00263076,FAILED
2026-08-13T03:20:23.493111+00:00,1786590900,1786591200,AVAX/USD,UP,6.462,0.9379895785628345,0.8739495798319328,0.9047619047619048,0.8375350140056023,2026-08-13T03:25:00+00:00,6.462,12,0.01191582,-0.00263076,FAILED
2026-08-13T03:25:11.786149+00:00,1786591200,1786591500,SOL/USD,DOWN,76.06,0.6121862032065022,0.845945945945946,0.8243243243243243,0.8324324324324325,2026-08-13T03:30:00+00:00,76.06,3,-0.00013148,-0.00223508,UNRESOLVED
2026-08-13T03:25:11.786149+00:00,1786591200,1786591500,SOL/USD,DOWN,76.06,0.6121862032065022,0.845945945945946,0.8243243243243243,0.8324324324324325,2026-08-13T03:30:00+00:00,76.06,6,-0.00013148,-0.00223508,UNRESOLVED
2026-08-13T03:25:11.786149+00:00,1786591200,1786591500,SOL/USD,DOWN,76.06,0.6121862032065022,0.845945945945946,0.8243243243243243,0.8324324324324325,2026-08-13T03:30:00+00:00,76.06,12,0.00144623,-0.00223508,UNRESOLVED
2026-08-13T03:25:11.786166+00:00,1786591200,1786591500,BTC/USD,UP,63551.3,0.6512950866785021,0.8726287262872628,0.8970189701897019,0.7371273712737128,2026-08-13T03:30:00+00:00,63551.3,3,5.822e-05,-0.00084813,UNRESOLVED
2026-08-13T03:25:11.786166+00:00,1786591200,1786591500,BTC/USD,UP,63551.3,0.6512950866785021,0.8726287262872628,0.8970189701897019,0.7371273712737128,2026-08-13T03:30:00+00:00,63551.3,6,0.00089219,-0.00084813,UNRESOLVED
2026-08-13T03:25:11.786166+00:00,1786591200,1786591500,BTC/USD,UP,63551.3,0.6512950866785021,0.8726287262872628,0.8970189701897019,0.7371273712737128,2026-08-13T03:30:00+00:00,63551.3,12,0.00089849,-0.00084813,UNRESOLVED
2026-08-13T03:25:42.124848+00:00,1786591200,1786591500,DOT/USD,UP,0.7744,0.7734007952729849,0.8466257668711656,0.8466257668711656,0.9263803680981595,2026-08-13T03:30:00+00:00,0.7744,3,0.00103306,-0.00064566,UNRESOLVED
2026-08-13T03:25:42.124848+00:00,1786591200,1786591500,DOT/USD,UP,0.7744,0.7734007952729849,0.8466257668711656,0.8466257668711656,0.9263803680981595,2026-08-13T03:30:00+00:00,0.7744,6,0.00245351,-0.00064566,UNRESOLVED
2026-08-13T03:25:42.124848+00:00,1786591200,1786591500,DOT/USD,UP,0.7744,0.7734007952729849,0.8466257668711656,0.8466257668711656,0.9263803680981595,2026-08-13T03:30:00+00:00,0.7744,12,0.00245351,-0.00116219,UNRESOLVED
2026-08-13T03:30:15.012424+00:00,1786591500,1786591800,ETH/USD,DOWN,1880.9,0.8975479215068466,0.8891891891891892,0.9054054054054054,0.6648648648648648,2026-08-13T03:35:00+00:00,1880.9,3,-5.317e-05,-0.001696,UNRESOLVED
2026-08-13T03:30:15.012424+00:00,1786591500,1786591800,ETH/USD,DOWN,1880.9,0.8975479215068466,0.8891891891891892,0.9054054054054054,0.6648648648648648,2026-08-13T03:35:00+00:00,1880.9,6,-5.317e-05,-0.00311021,FAILED
2026-08-13T03:30:15.012424+00:00,1786591500,1786591800,ETH/USD,DOWN,1880.9,0.8975479215068466,0.8891891891891892,0.9054054054054054,0.6648648648648648,2026-08-13T03:35:00+00:00,1880.9,12,-5.317e-05,-0.00311021,FAILED
2026-08-13T03:30:30.284591+00:00,1786591500,1786591800,DOGE/USD,DOWN,0.0702606,0.6536075537303148,0.8370786516853933,0.8146067415730337,0.8314606741573034,2026-08-13T03:35:00+00:00,0.0702606,3,0.00219896,0.00074437,UNRESOLVED
2026-08-13T03:30:30.284591+00:00,1786591500,1786591800,DOGE/USD,DOWN,0.0702606,0.6536075537303148,0.8370786516853933,0.8146067415730337,0.8314606741573034,2026-08-13T03:35:00+00:00,0.0702606,6,0.00288355,0.00074437,ACCEPTED
2026-08-13T03:30:30.284591+00:00,1786591500,1786591800,DOGE/USD,DOWN,0.0702606,0.6536075537303148,0.8370786516853933,0.8146067415730337,0.8314606741573034,2026-08-13T03:35:00+00:00,0.0702606,12,0.00330626,0.00074437,ACCEPTED
2026-08-13T03:35:18.519890+00:00,1786591800,1786592100,SOL/USD,UP,76.17,0.9726780483122812,0.8567567567567568,0.9027027027027027,0.8351351351351352,2026-08-13T03:40:00+00:00,76.17,3,0.00078771,-0.00078771,UNRESOLVED
2026-08-13T03:35:18.519890+00:00,1786591800,1786592100,SOL/USD,UP,76.17,0.9726780483122812,0.8567567567567568,0.9027027027027027,0.8351351351351352,2026-08-13T03:40:00+00:00,76.17,6,0.00078771,-0.00078771,UNRESOLVED
2026-08-13T03:35:18.519890+00:00,1786591800,1786592100,SOL/USD,UP,76.17,0.9726780483122812,0.8567567567567568,0.9027027027027027,0.8351351351351352,2026-08-13T03:40:00+00:00,76.17,12,0.00078771,-0.00288828,FAILED
2026-08-13T03:35:33.724048+00:00,1786591800,1786592100,ETH/USD,UP,1883.7,0.9583579620617247,0.9243243243243243,0.9432432432432433,0.8837837837837837,2026-08-13T03:40:00+00:00,1883.7,3,0.00076445,-0.0008547,UNRESOLVED
2026-08-13T03:35:33.724048+00:00,1786591800,1786592100,ETH/USD,UP,1883.7,0.9583579620617247,0.9243243243243243,0.9432432432432433,0.8837837837837837,2026-08-13T03:40:00+00:00,1883.7,6,0.00161915,-0.0008547,UNRESOLVED
2026-08-13T03:35:33.724048+00:00,1786591800,1786592100,ETH/USD,UP,1883.7,0.9583579620617247,0.9243243243243243,0.9432432432432433,0.8837837837837837,2026-08-13T03:40:00+00:00,1883.7,12,0.00161915,-0.0008547,UNRESOLVED
2026-08-13T03:40:37.293803+00:00,1786592100,1786592400,SOL/USD,UP,76.17,0.6726020612108704,0.7297297297297297,0.727027027027027,0.42162162162162165,2026-08-13T03:45:00+00:00,76.17,3,0.00078771,-0.00052514,UNRESOLVED
2026-08-13T03:40:37.293803+00:00,1786592100,1786592400,SOL/USD,UP,76.17,0.6726020612108704,0.7297297297297297,0.727027027027027,0.42162162162162165,2026-08-13T03:45:00+00:00,76.17,6,0.00078771,-0.00052514,UNRESOLVED
2026-08-13T03:40:37.293803+00:00,1786592100,1786592400,SOL/USD,UP,76.17,0.6726020612108704,0.7297297297297297,0.727027027027027,0.42162162162162165,2026-08-13T03:45:00+00:00,76.17,12,0.00078771,-0.00288828,FAILED
2026-08-13T03:40:52.495578+00:00,1786592100,1786592400,XRP/USD,UP,1.01068,0.9781914739790243,0.9756756756756757,0.9891891891891892,0.918918918918919,2026-08-13T03:45:00+00:00,1.01068,3,0.00109827,-0.00041556,UNRESOLVED
2026-08-13T03:40:52.495578+00:00,1786592100,1786592400,XRP/USD,UP,1.01068,0.9781914739790243,0.9756756756756757,0.9891891891891892,0.918918918918919,2026-08-13T03:45:00+00:00,1.01068,6,0.00109827,-0.00114774,UNRESOLVED
2026-08-13T03:40:52.495578+00:00,1786592100,1786592400,XRP/USD,UP,1.01068,0.9781914739790243,0.9756756756756757,0.9891891891891892,0.918918918918919,2026-08-13T03:45:00+00:00,1.01068,12,0.00109827,-0.00114774,UNRESOLVED
2026-08-13T03:40:52.495595+00:00,1786592100,1786592400,ADA/USD,UP,0.183706,0.987983998085217,0.9277777777777778,0.95,0.8916666666666667,2026-08-13T03:45:00+00:00,0.183706,3,0.00323343,-0.0005879,ACCEPTED
2026-08-13T03:40:52.495595+00:00,1786592100,1786592400,ADA/USD,UP,0.183706,0.987983998085217,0.9277777777777778,0.95,0.8916666666666667,2026-08-13T03:45:00+00:00,0.183706,6,0.00323343,-0.00063144,ACCEPTED
2026-08-13T03:40:52.495595+00:00,1786592100,1786592400,ADA/USD,UP,0.183706,0.987983998085217,0.9277777777777778,0.95,0.8916666666666667,2026-08-13T03:45:00+00:00,0.183706,12,0.00323343,-0.00063144,ACCEPTED
2026-08-13T03:40:52.495611+00:00,1786592100,1786592400,DOGE/USD,UP,0.0701569,0.9510737071409774,0.8764044943820225,0.901685393258427,0.8820224719101124,2026-08-13T03:45:00+00:00,0.0701569,3,-0.00012401,-0.0014097,UNRESOLVED
2026-08-13T03:40:52.495611+00:00,1786592100,1786592400,DOGE/USD,UP,0.0701569,0.9510737071409774,0.8764044943820225,0.901685393258427,0.8820224719101124,2026-08-13T03:45:00+00:00,0.0701569,6,-0.00012401,-0.0014097,UNRESOLVED
2026-08-13T03:40:52.495611+00:00,1786592100,1786592400,DOGE/USD,UP,0.0701569,0.9510737071409774,0.8764044943820225,0.901685393258427,0.8820224719101124,2026-08-13T03:45:00+00:00,0.0701569,12,0.00126859,-0.00183303,UNRESOLVED
2026-08-13T03:45:56.002586+00:00,1786592400,1786592700,XRP/USD,DOWN,1.01045,0.6633500741587561,0.7621621621621621,0.7810810810810811,0.3567567567567568,2026-08-13T03:50:00+00:00,1.01045,3,0.00092038,-0.00132614,UNRESOLVED
2026-08-13T03:45:56.002586+00:00,1786592400,1786592700,XRP/USD,DOWN,1.01045,0.6633500741587561,0.7621621621621621,0.7810810810810811,0.3567567567567568,2026-08-13T03:50:00+00:00,1.01045,6,0.00092038,-0.00132614,UNRESOLVED
2026-08-13T03:45:56.002586+00:00,1786592400,1786592700,XRP/USD,DOWN,1.01045,0.6633500741587561,0.7621621621621621,0.7810810810810811,0.3567567567567568,2026-08-13T03:50:00+00:00,1.01045,12,0.00092038,-0.00132614,UNRESOLVED
2026-08-13T03:45:56.002602+00:00,1786592400,1786592700,ADA/USD,UP,0.18379,0.9904715956594666,0.8638888888888889,0.9166666666666666,0.8194444444444444,2026-08-13T03:50:00+00:00,0.18379,3,0.00277491,-0.0010882,ACCEPTED
2026-08-13T03:45:56.002602+00:00,1786592400,1786592700,ADA/USD,UP,0.18379,0.9904715956594666,0.8638888888888889,0.9166666666666666,0.8194444444444444,2026-08-13T03:50:00+00:00,0.18379,6,0.00277491,-0.0010882,ACCEPTED
2026-08-13T03:45:56.002602+00:00,1786592400,1786592700,ADA/USD,UP,0.18379,0.9904715956594666,0.8638888888888889,0.9166666666666666,0.8194444444444444,2026-08-13T03:50:00+00:00,0.18379,12,0.00277491,-0.0010882,ACCEPTED
2026-08-13T03:46:11.173615+00:00,1786592400,1786592700,AVAX/USD,UP,6.462,0.9553687444496661,0.9635854341736695,0.9943977591036415,0.9831932773109243,2026-08-13T03:50:00+00:00,6.462,3,0.00866605,0.00077375,ACCEPTED
2026-08-13T03:46:11.173615+00:00,1786592400,1786592700,AVAX/USD,UP,6.462,0.9553687444496661,0.9635854341736695,0.9943977591036415,0.9831932773109243,2026-08-13T03:50:00+00:00,6.462,6,0.01191582,0.00077375,ACCEPTED
2026-08-13T03:46:11.173615+00:00,1786592400,1786592700,AVAX/USD,UP,6.462,0.9553687444496661,0.9635854341736695,0.9943977591036415,0.9831932773109243,2026-08-13T03:50:00+00:00,6.462,12,0.01191582,0.00077375,ACCEPTED
2026-08-13T03:50:14.285478+00:00,1786592700,1786593000,BTC/USD,UP,63566.4,0.9221479631117987,0.7804878048780488,0.8563685636856369,0.7235772357723578,2026-08-13T03:55:00+00:00,63566.4,3,0.00065443,-5.191e-05,UNRESOLVED
2026-08-13T03:50:14.285478+00:00,1786592700,1786593000,BTC/USD,UP,63566.4,0.9221479631117987,0.7804878048780488,0.8563685636856369,0.7235772357723578,2026-08-13T03:55:00+00:00,63566.4,6,0.00066073,-0.00019193,UNRESOLVED
2026-08-13T03:50:14.285478+00:00,1786592700,1786593000,BTC/USD,UP,63566.4,0.9221479631117987,0.7804878048780488,0.8563685636856369,0.7235772357723578,2026-08-13T03:55:00+00:00,63566.4,12,0.0022213,-0.00065601,UNRESOLVED
2026-08-13T03:50:14.285512+00:00,1786592700,1786593000,XRP/USD,DOWN,1.01105,0.858970223811181,0.9081081081081082,0.9297297297297298,0.7891891891891892,2026-08-13T03:55:00+00:00,1.01105,3,0.00151328,-0.00073191,UNRESOLVED
2026-08-13T03:50:14.285512+00:00,1786592700,1786593000,XRP/USD,DOWN,1.01105,0.858970223811181,0.9081081081081082,0.9297297297297298,0.7891891891891892,2026-08-13T03:55:00+00:00,1.01105,6,0.00151328,-0.00073191,UNRESOLVED
2026-08-13T03:50:14.285512+00:00,1786592700,1786593000,XRP/USD,DOWN,1.01105,0.858970223811181,0.9081081081081082,0.9297297297297298,0.7891891891891892,2026-08-13T03:55:00+00:00,1.01105,12,0.00151328,-0.00073191,UNRESOLVED
2026-08-13T03:50:29.517190+00:00,1786592700,1786593000,ADA/USD,UP,0.18394,0.9061347781437271,0.9666666666666667,0.9722222222222222,0.9527777777777777,2026-08-13T03:55:00+00:00,0.18394,3,0.00148962,-0.00190279,UNRESOLVED
2026-08-13T03:50:29.517190+00:00,1786592700,1786593000,ADA/USD,UP,0.18394,0.9061347781437271,0.9666666666666667,0.9722222222222222,0.9527777777777777,2026-08-13T03:55:00+00:00,0.18394,6,0.00148962,-0.00190279,UNRESOLVED
2026-08-13T03:50:29.517190+00:00,1786592700,1786593000,ADA/USD,UP,0.18394,0.9061347781437271,0.9666666666666667,0.9722222222222222,0.9527777777777777,2026-08-13T03:55:00+00:00,0.18394,12,0.00148962,-0.00254431,FAILED
2026-08-13T03:50:29.517208+00:00,1786592700,1786593000,DOGE/USD,UP,0.0701183,0.9993405131090234,0.9353932584269663,0.9466292134831461,0.7808988764044944,2026-08-13T03:55:00+00:00,0.0701183,3,0.00037793,-0.0004036,UNRESOLVED
2026-08-13T03:50:29.517208+00:00,1786592700,1786593000,DOGE/USD,UP,0.0701183,0.9993405131090234,0.9353932584269663,0.9466292134831461,0.7808988764044944,2026-08-13T03:55:00+00:00,0.0701183,6,0.00037793,-0.00128355,UNRESOLVED
2026-08-13T03:50:29.517208+00:00,1786592700,1786593000,DOGE/USD,UP,0.0701183,0.9993405131090234,0.9353932584269663,0.9466292134831461,0.7808988764044944,2026-08-13T03:55:00+00:00,0.0701183,12,0.00181978,-0.00128355,UNRESOLVED
2026-08-13T03:55:18.051581+00:00,1786593000,1786593300,SOL/USD,UP,76.18,0.9742211769241952,0.8432432432432433,0.8864864864864865,0.5864864864864865,2026-08-13T04:00:00+00:00,76.18,3,0.00026254,-0.0003938,UNRESOLVED
2026-08-13T03:55:18.051581+00:00,1786593000,1786593300,SOL/USD,UP,76.18,0.9742211769241952,0.8432432432432433,0.8864864864864865,0.5864864864864865,2026-08-13T04:00:00+00:00,76.18,6,0.00026254,-0.00301917,FAILED
2026-08-13T03:55:18.051581+00:00,1786593000,1786593300,SOL/USD,UP,76.18,0.9742211769241952,0.8432432432432433,0.8864864864864865,0.5864864864864865,2026-08-13T04:00:00+00:00,76.18,12,0.00026254,-0.00301917,FAILED
2026-08-13T03:55:33.279920+00:00,1786593000,1786593300,ETH/USD,UP,1885.08,0.9361765650035212,0.8405405405405405,0.8864864864864865,0.6243243243243243,2026-08-13T04:00:00+00:00,1885.08,3,0.00030237,-0.0001061,UNRESOLVED
2026-08-13T03:55:33.279920+00:00,1786593000,1786593300,ETH/USD,UP,1885.08,0.9361765650035212,0.8405405405405405,0.8864864864864865,0.6243243243243243,2026-08-13T04:00:00+00:00,1885.08,6,0.00046152,-0.00079042,UNRESOLVED
2026-08-13T03:55:33.279920+00:00,1786593000,1786593300,ETH/USD,UP,1885.08,0.9361765650035212,0.8405405405405405,0.8864864864864865,0.6243243243243243,2026-08-13T04:00:00+00:00,1885.08,12,0.00405818,-0.00079042,ACCEPTED
2026-08-13T03:55:33.279983+00:00,1786593000,1786593300,ADA/USD,DOWN,0.1838,0.9898960477735191,0.9777777777777777,0.9888888888888889,0.9916666666666667,2026-08-13T04:00:00+00:00,0.1838,3,0.00114255,-0.00225245,UNRESOLVED
2026-08-13T03:55:33.279983+00:00,1786593000,1786593300,ADA/USD,DOWN,0.1838,0.9898960477735191,0.9777777777777777,0.9888888888888889,0.9916666666666667,2026-08-13T04:00:00+00:00,0.1838,6,0.00114255,-0.00225245,UNRESOLVED
2026-08-13T03:55:33.279983+00:00,1786593000,1786593300,ADA/USD,DOWN,0.1838,0.9898960477735191,0.9777777777777777,0.9888888888888889,0.9916666666666667,2026-08-13T04:00:00+00:00,0.1838,12,0.00292709,-0.00225245,ACCEPTED
2026-08-13T03:55:48.494397+00:00,1786593000,1786593300,AVAX/USD,UP,6.516,0.6706444213061316,0.957983193277311,0.9495798319327731,0.9327731092436975,2026-08-13T04:00:00+00:00,6.516,3,0.00352977,-0.00475752,ACCEPTED
2026-08-13T03:55:48.494397+00:00,1786593000,1786593300,AVAX/USD,UP,6.516,0.6706444213061316,0.957983193277311,0.9495798319327731,0.9327731092436975,2026-08-13T04:00:00+00:00,6.516,6,0.00352977,-0.00506446,ACCEPTED
2026-08-13T03:55:48.494397+00:00,1786593000,1786593300,AVAX/USD,UP,6.516,0.6706444213061316,0.957983193277311,0.9495798319327731,0.9327731092436975,2026-08-13T04:00:00+00:00,6.516,12,0.00352977,-0.00506446,ACCEPTED
2026-08-13T03:55:48.494430+00:00,1786593000,1786593300,LTC/USD,UP,44.91,0.8129787013724655,0.7351351351351352,0.7918918918918919,0.6756756756756757,2026-08-13T04:00:00+00:00,44.91,3,0.00044534,-0.00044534,UNRESOLVED
2026-08-13T03:55:48.494430+00:00,1786593000,1786593300,LTC/USD,UP,44.91,0.8129787013724655,0.7351351351351352,0.7918918918918919,0.6756756756756757,2026-08-13T04:00:00+00:00,44.91,6,0.00044534,-0.00111334,UNRESOLVED
2026-08-13T03:55:48.494430+00:00,1786593000,1786593300,LTC/USD,UP,44.91,0.8129787013724655,0.7351351351351352,0.7918918918918919,0.6756756756756757,2026-08-13T04:00:00+00:00,44.91,12,0.00044534,-0.00111334,UNRESOLVED
2026-08-13T03:56:34.054266+00:00,1786593000,1786593300,DOT/USD,UP,0.7756,0.7857726732322182,0.8588957055214724,0.8619631901840491,0.941717791411043,2026-08-13T04:00:00+00:00,0.7756,3,0.0,-0.0003868,UNRESOLVED
2026-08-13T03:56:34.054266+00:00,1786593000,1786593300,DOT/USD,UP,0.7756,0.7857726732322182,0.8588957055214724,0.8619631901840491,0.941717791411043,2026-08-13T04:00:00+00:00,0.7756,6,0.0,-0.00270758,FAILED
2026-08-13T03:56:34.054266+00:00,1786593000,1786593300,DOT/USD,UP,0.7756,0.7857726732322182,0.8588957055214724,0.8619631901840491,0.941717791411043,2026-08-13T04:00:00+00:00,0.7756,12,0.0,-0.00270758,FAILED
2026-08-13T04:00:37.005083+00:00,1786593300,1786593600,SOL/USD,DOWN,76.16,0.9579144294046014,0.8486486486486486,0.8891891891891892,0.6162162162162163,2026-08-13T04:05:00+00:00,76.16,3,0.00091912,-0.00052521,UNRESOLVED
2026-08-13T04:00:37.005083+00:00,1786593300,1786593600,SOL/USD,DOWN,76.16,0.9579144294046014,0.8486486486486486,0.8891891891891892,0.6162162162162163,2026-08-13T04:05:00+00:00,76.16,6,0.00275735,-0.00052521,ACCEPTED
2026-08-13T04:00:37.005083+00:00,1786593300,1786593600,SOL/USD,DOWN,76.16,0.9579144294046014,0.8486486486486486,0.8891891891891892,0.6162162162162163,2026-08-13T04:05:00+00:00,76.16,12,0.00275735,-0.00052521,ACCEPTED
2026-08-13T04:00:52.346471+00:00,1786593300,1786593600,AVAX/USD,DOWN,6.503,0.772509654116453,0.927170868347339,0.9299719887955182,0.9103641456582633,2026-08-13T04:05:00+00:00,6.503,3,0.00276795,-0.00553591,FAILED
2026-08-13T04:00:52.346471+00:00,1786593300,1786593600,AVAX/USD,DOWN,6.503,0.772509654116453,0.927170868347339,0.9299719887955182,0.9103641456582633,2026-08-13T04:05:00+00:00,6.503,6,0.0030755,-0.00553591,FAILED
2026-08-13T04:00:52.346471+00:00,1786593300,1786593600,AVAX/USD,DOWN,6.503,0.772509654116453,0.927170868347339,0.9299719887955182,0.9103641456582633,2026-08-13T04:05:00+00:00,6.503,12,0.0030755,-0.00553591,FAILED
2026-08-13T04:10:30.233009+00:00,1786593900,1786594200,AVAX/USD,DOWN,6.489,0.579449945742252,0.8375350140056023,0.8151260504201681,0.7310924369747899,2026-08-13T04:15:00+00:00,6.489,3,0.00092464,-0.00061643,UNRESOLVED
2026-08-13T04:10:30.233009+00:00,1786593900,1786594200,AVAX/USD,DOWN,6.489,0.579449945742252,0.8375350140056023,0.8151260504201681,0.7310924369747899,2026-08-13T04:15:00+00:00,6.489,6,0.00092464,-0.00200339,UNRESOLVED
2026-08-13T04:10:30.233009+00:00,1786593900,1786594200,AVAX/USD,DOWN,6.489,0.579449945742252,0.8375350140056023,0.8151260504201681,0.7310924369747899,2026-08-13T04:15:00+00:00,6.489,12,0.00092464,-0.00246571,UNRESOLVED
2026-08-13T04:20:38.202805+00:00,1786594500,1786594800,AVAX/USD,DOWN,6.488,0.9063870615888453,0.9523809523809523,0.9663865546218487,0.9411764705882353,2026-08-13T04:25:00+00:00,6.488,3,0.00077065,-0.00092478,UNRESOLVED
2026-08-13T04:20:38.202805+00:00,1786594500,1786594800,AVAX/USD,DOWN,6.488,0.9063870615888453,0.9523809523809523,0.9663865546218487,0.9411764705882353,2026-08-13T04:25:00+00:00,6.488,6,0.00077065,-0.00262022,FAILED
2026-08-13T04:20:38.202805+00:00,1786594500,1786594800,AVAX/USD,DOWN,6.488,0.9063870615888453,0.9523809523809523,0.9663865546218487,0.9411764705882353,2026-08-13T04:25:00+00:00,6.488,12,0.00077065,-0.00339088,FAILED
2026-08-13T04:25:27.194504+00:00,1786594800,1786595100,SOL/USD,DOWN,76.0,0.8582276454749803,0.745945945945946,0.7945945945945946,0.46756756756756757,2026-08-13T04:30:00+00:00,76.0,3,0.0,-0.00157895,UNRESOLVED
2026-08-13T04:25:27.194504+00:00,1786594800,1786595100,SOL/USD,DOWN,76.0,0.8582276454749803,0.745945945945946,0.7945945945945946,0.46756756756756757,2026-08-13T04:30:00+00:00,76.0,6,0.0,-0.00157895,UNRESOLVED
2026-08-13T04:25:27.194504+00:00,1786594800,1786595100,SOL/USD,DOWN,76.0,0.8582276454749803,0.745945945945946,0.7945945945945946,0.46756756756756757,2026-08-13T04:30:00+00:00,76.0,12,0.0,-0.00381579,FAILED
2026-08-13T04:25:57.594762+00:00,1786594800,1786595100,AVAX/USD,DOWN,6.491,0.8293830735761849,0.9159663865546218,0.9215686274509803,0.9243697478991597,2026-08-13T04:30:00+00:00,6.491,3,0.00092436,-0.00169465,UNRESOLVED
2026-08-13T04:25:57.594762+00:00,1786594800,1786595100,AVAX/USD,DOWN,6.491,0.8293830735761849,0.9159663865546218,0.9215686274509803,0.9243697478991597,2026-08-13T04:30:00+00:00,6.491,6,0.00092436,-0.00215683,UNRESOLVED
2026-08-13T04:25:57.594762+00:00,1786594800,1786595100,AVAX/USD,DOWN,6.491,0.8293830735761849,0.9159663865546218,0.9215686274509803,0.9243697478991597,2026-08-13T04:30:00+00:00,6.491,12,0.00107842,-0.00292713,FAILED
2026-08-13T04:35:50.263017+00:00,1786595400,1786595700,DOGE/USD,DOWN,0.0701684,0.9011106345913514,0.7331460674157303,0.7696629213483146,0.3258426966292135,2026-08-13T04:40:00+00:00,0.0701684,3,-0.00049452,-0.00110449,UNRESOLVED
2026-08-13T04:35:50.263017+00:00,1786595400,1786595700,DOGE/USD,DOWN,0.0701684,0.9011106345913514,0.7331460674157303,0.7696629213483146,0.3258426966292135,2026-08-13T04:40:00+00:00,0.0701684,6,-2.993e-05,-0.00110449,UNRESOLVED
2026-08-13T04:35:50.263017+00:00,1786595400,1786595700,DOGE/USD,DOWN,0.0701684,0.9011106345913514,0.7331460674157303,0.7696629213483146,0.3258426966292135,2026-08-13T04:40:00+00:00,0.0701684,12,9.98e-06,-0.00206503,UNRESOLVED
2026-08-13T04:35:50.263050+00:00,1786595400,1786595700,AVAX/USD,DOWN,6.494,0.7815679878423073,0.8935574229691877,0.8907563025210085,0.8375350140056023,2026-08-13T04:40:00+00:00,6.494,3,0.0,-0.00169387,UNRESOLVED
2026-08-13T04:35:50.263050+00:00,1786595400,1786595700,AVAX/USD,DOWN,6.494,0.7815679878423073,0.8935574229691877,0.8907563025210085,0.8375350140056023,2026-08-13T04:40:00+00:00,6.494,6,0.00092393,-0.00169387,UNRESOLVED
2026-08-13T04:35:50.263050+00:00,1786595400,1786595700,AVAX/USD,DOWN,6.494,0.7815679878423073,0.8935574229691877,0.8907563025210085,0.8375350140056023,2026-08-13T04:40:00+00:00,6.494,12,0.00153988,-0.00246381,UNRESOLVED
2026-08-13T04:41:09.364805+00:00,1786595700,1786596000,LTC/USD,UP,44.87,0.9986630423584272,0.9891891891891892,0.9918918918918919,0.9945945945945946,2026-08-13T04:45:00+00:00,44.87,3,0.00044573,-0.00022287,UNRESOLVED
2026-08-13T04:41:09.364805+00:00,1786595700,1786596000,LTC/USD,UP,44.87,0.9986630423584272,0.9891891891891892,0.9918918918918919,0.9945945945945946,2026-08-13T04:45:00+00:00,44.87,6,0.00044573,-0.00111433,UNRESOLVED
2026-08-13T04:41:09.364805+00:00,1786595700,1786596000,LTC/USD,UP,44.87,0.9986630423584272,0.9891891891891892,0.9918918918918919,0.9945945945945946,2026-08-13T04:45:00+00:00,44.87,12,0.00267439,-0.00111433,ACCEPTED
2026-08-13T04:45:57.863964+00:00,1786596000,1786596300,AVAX/USD,DOWN,6.499,0.6019885087638595,0.8179271708683473,0.7983193277310925,0.7310924369747899,2026-08-13T04:50:00+00:00,6.499,3,0.00092322,-0.00076935,UNRESOLVED
2026-08-13T04:45:57.863964+00:00,1786596000,1786596300,AVAX/USD,DOWN,6.499,0.6019885087638595,0.8179271708683473,0.7983193277310925,0.7310924369747899,2026-08-13T04:50:00+00:00,6.499,6,0.00230805,-0.00076935,UNRESOLVED
2026-08-13T04:45:57.863964+00:00,1786596000,1786596300,AVAX/USD,DOWN,6.499,0.6019885087638595,0.8179271708683473,0.7983193277310925,0.7310924369747899,2026-08-13T04:50:00+00:00,6.499,12,0.00230805,-0.0030774,FAILED
2026-08-13T04:50:31.315654+00:00,1786596300,1786596600,BTC/USD,UP,63655.8,0.7435039320426755,0.8048780487804879,0.8509485094850948,0.8590785907859079,2026-08-13T04:55:00+00:00,63655.8,3,0.00042573,-0.0005624,UNRESOLVED
2026-08-13T04:50:31.315654+00:00,1786596300,1786596600,BTC/USD,UP,63655.8,0.7435039320426755,0.8048780487804879,0.8509485094850948,0.8590785907859079,2026-08-13T04:55:00+00:00,63655.8,6,0.0043044,-0.0005624,ACCEPTED
2026-08-13T04:50:31.315654+00:00,1786596300,1786596600,BTC/USD,UP,63655.8,0.7435039320426755,0.8048780487804879,0.8509485094850948,0.8590785907859079,2026-08-13T04:55:00+00:00,63655.8,12,0.0043044,-0.0005624,ACCEPTED
2026-08-13T04:50:46.579261+00:00,1786596300,1786596600,AVAX/USD,UP,6.496,1.0,0.9103641456582633,0.9355742296918768,0.680672268907563,2026-08-13T04:55:00+00:00,6.496,3,0.00123153,-0.00123153,UNRESOLVED
2026-08-13T04:50:46.579261+00:00,1786596300,1786596600,AVAX/USD,UP,6.496,1.0,0.9103641456582633,0.9355742296918768,0.680672268907563,2026-08-13T04:55:00+00:00,6.496,6,0.00215517,-0.00184729,UNRESOLVED
2026-08-13T04:50:46.579261+00:00,1786596300,1786596600,AVAX/USD,UP,6.496,1.0,0.9103641456582633,0.9355742296918768,0.680672268907563,2026-08-13T04:55:00+00:00,6.496,12,0.0041564,-0.00184729,ACCEPTED
2026-08-13T05:00:39.729344+00:00,1786596900,1786597200,BTC/USD,DOWN,63622.1,0.7672054061510697,0.8265582655826558,0.8807588075880759,0.5962059620596206,2026-08-13T05:05:00+00:00,63622.1,3,3.301e-05,-0.00300525,FAILED
2026-08-13T05:00:39.729344+00:00,1786596900,1786597200,BTC/USD,DOWN,63622.1,0.7672054061510697,0.8265582655826558,0.8807588075880759,0.5962059620596206,2026-08-13T05:05:00+00:00,63622.1,6,3.301e-05,-0.00483637,FAILED
2026-08-13T05:00:39.729344+00:00,1786596900,1786597200,BTC/USD,DOWN,63622.1,0.7672054061510697,0.8265582655826558,0.8807588075880759,0.5962059620596206,2026-08-13T05:05:00+00:00,63622.1,12,3.301e-05,-0.00483637,FAILED
2026-08-13T05:00:54.932777+00:00,1786596900,1786597200,AVAX/USD,DOWN,6.499,0.777893707844788,0.9047619047619048,0.8991596638655462,0.9215686274509803,2026-08-13T05:05:00+00:00,6.499,3,0.00230805,-0.00015387,UNRESOLVED
2026-08-13T05:00:54.932777+00:00,1786596900,1786597200,AVAX/USD,DOWN,6.499,0.777893707844788,0.9047619047619048,0.8991596638655462,0.9215686274509803,2026-08-13T05:05:00+00:00,6.499,6,0.00230805,-0.00169257,UNRESOLVED
2026-08-13T05:00:54.932777+00:00,1786596900,1786597200,AVAX/USD,DOWN,6.499,0.777893707844788,0.9047619047619048,0.8991596638655462,0.9215686274509803,2026-08-13T05:05:00+00:00,6.499,12,0.00230805,-0.00553931,FAILED
2026-08-13T05:00:54.932822+00:00,1786596900,1786597200,LTC/USD,DOWN,44.89,0.6976725901906355,0.9405405405405406,0.9351351351351351,0.9783783783783784,2026-08-13T05:05:00+00:00,44.89,3,0.00155937,0.0,UNRESOLVED
2026-08-13T05:00:54.932822+00:00,1786596900,1786597200,LTC/USD,DOWN,44.89,0.6976725901906355,0.9405405405405406,0.9351351351351351,0.9783783783783784,2026-08-13T05:05:00+00:00,44.89,6,0.00155937,-0.00178213,UNRESOLVED
2026-08-13T05:00:54.932822+00:00,1786596900,1786597200,LTC/USD,DOWN,44.89,0.6976725901906355,0.9405405405405406,0.9351351351351351,0.9783783783783784,2026-08-13T05:05:00+00:00,44.89,12,0.00155937,-0.00289597,FAILED
2026-08-13T05:05:44.367232+00:00,1786597200,1786597500,ADA/USD,DOWN,0.182959,0.862268027933788,0.8527777777777777,0.8861111111111111,0.8361111111111111,2026-08-13T05:10:00+00:00,0.182959,3,0.00039353,-0.00260714,FAILED
2026-08-13T05:05:44.367232+00:00,1786597200,1786597500,ADA/USD,DOWN,0.182959,0.862268027933788,0.8527777777777777,0.8861111111111111,0.8361111111111111,2026-08-13T05:10:00+00:00,0.182959,6,0.00039353,-0.00508311,FAILED
2026-08-13T05:05:44.367232+00:00,1786597200,1786597500,ADA/USD,DOWN,0.182959,0.862268027933788,0.8527777777777777,0.8861111111111111,0.8361111111111111,2026-08-13T05:10:00+00:00,0.182959,12,0.00039353,-0.01088222,FAILED
2026-08-13T05:05:44.367265+00:00,1786597200,1786597500,LINK/USD,DOWN,8.74441,0.9953769052781213,0.9775910364145658,0.9803921568627451,0.8907563025210085,2026-08-13T05:10:00+00:00,8.74441,3,5.261e-05,-0.00680778,FAILED
2026-08-13T05:05:44.367265+00:00,1786597200,1786597500,LINK/USD,DOWN,8.74441,0.9953769052781213,0.9775910364145658,0.9803921568627451,0.8907563025210085,2026-08-13T05:10:00+00:00,8.74441,6,5.261e-05,-0.00680778,FAILED
2026-08-13T05:05:44.367265+00:00,1786597200,1786597500,LINK/USD,DOWN,8.74441,0.9953769052781213,0.9775910364145658,0.9803921568627451,0.8907563025210085,2026-08-13T05:10:00+00:00,8.74441,12,5.261e-05,-0.00680778,FAILED
2026-08-13T05:05:59.575085+00:00,1786597200,1786597500,DOT/USD,UP,0.7738,0.9234160749441191,0.9570552147239264,0.9539877300613497,0.941717791411043,2026-08-13T05:10:00+00:00,0.7738,3,0.00155079,-0.00103386,UNRESOLVED
2026-08-13T05:05:59.575085+00:00,1786597200,1786597500,DOT/USD,UP,0.7738,0.9234160749441191,0.9570552147239264,0.9539877300613497,0.941717791411043,2026-08-13T05:10:00+00:00,0.7738,6,0.00219695,-0.00103386,UNRESOLVED
2026-08-13T05:05:59.575085+00:00,1786597200,1786597500,DOT/USD,UP,0.7738,0.9234160749441191,0.9570552147239264,0.9539877300613497,0.941717791411043,2026-08-13T05:10:00+00:00,0.7738,12,0.00219695,-0.00103386,UNRESOLVED
2026-08-13T05:05:59.575118+00:00,1786597200,1786597500,LTC/USD,DOWN,44.83,0.8881548852731286,0.9864864864864865,0.9891891891891892,0.9972972972972973,2026-08-13T05:10:00+00:00,44.83,3,-0.00022306,-0.00312291,FAILED
2026-08-13T05:05:59.575118+00:00,1786597200,1786597500,LTC/USD,DOWN,44.83,0.8881548852731286,0.9864864864864865,0.9891891891891892,0.9972972972972973,2026-08-13T05:10:00+00:00,44.83,6,-0.00022306,-0.00356904,FAILED
2026-08-13T05:05:59.575118+00:00,1786597200,1786597500,LTC/USD,DOWN,44.83,0.8881548852731286,0.9864864864864865,0.9891891891891892,0.9972972972972973,2026-08-13T05:10:00+00:00,44.83,12,-0.00022306,-0.00423823,FAILED
2026-08-13T05:10:33.110429+00:00,1786597500,1786597800,BTC/USD,UP,63763.9,0.6469773716132422,0.7262872628726287,0.7750677506775068,0.8780487804878049,2026-08-13T05:15:00+00:00,63763.9,3,0.00260179,-4.7e-06,ACCEPTED
2026-08-13T05:10:33.110429+00:00,1786597500,1786597800,BTC/USD,UP,63763.9,0.6469773716132422,0.7262872628726287,0.7750677506775068,0.8780487804878049,2026-08-13T05:15:00+00:00,63763.9,6,0.00260179,-4.7e-06,ACCEPTED
2026-08-13T05:10:33.110429+00:00,1786597500,1786597800,BTC/USD,UP,63763.9,0.6469773716132422,0.7262872628726287,0.7750677506775068,0.8780487804878049,2026-08-13T05:15:00+00:00,63763.9,12,0.00260179,-0.00053322,ACCEPTED
2026-08-13T05:10:33.110444+00:00,1786597500,1786597800,ETH/USD,UP,1894.22,0.7300914400173504,0.9432432432432433,0.9405405405405406,0.9297297297297298,2026-08-13T05:15:00+00:00,1894.22,3,0.00198499,-0.0001267,UNRESOLVED
2026-08-13T05:10:33.110444+00:00,1786597500,1786597800,ETH/USD,UP,1894.22,0.7300914400173504,0.9432432432432433,0.9405405405405406,0.9297297297297298,2026-08-13T05:15:00+00:00,1894.22,6,0.00198499,-0.0001267,UNRESOLVED
2026-08-13T05:10:33.110444+00:00,1786597500,1786597800,ETH/USD,UP,1894.22,0.7300914400173504,0.9432432432432433,0.9405405405405406,0.9297297297297298,2026-08-13T05:15:00+00:00,1894.22,12,0.00198499,-0.00174742,UNRESOLVED
2026-08-13T05:10:33.110476+00:00,1786597500,1786597800,ADA/USD,UP,0.18316,0.7775679943679631,0.7472222222222222,0.7555555555555555,0.5027777777777778,2026-08-13T05:15:00+00:00,0.18316,3,0.00398013,-0.00045316,ACCEPTED
2026-08-13T05:10:33.110476+00:00,1786597500,1786597800,ADA/USD,UP,0.18316,0.7775679943679631,0.7472222222222222,0.7555555555555555,0.5027777777777778,2026-08-13T05:15:00+00:00,0.18316,6,0.00453156,-0.00045316,ACCEPTED
2026-08-13T05:10:33.110476+00:00,1786597500,1786597800,ADA/USD,UP,0.18316,0.7775679943679631,0.7472222222222222,0.7555555555555555,0.5027777777777778,2026-08-13T05:15:00+00:00,0.18316,12,0.00977288,-0.00045316,ACCEPTED
2026-08-13T05:10:48.597090+00:00,1786597500,1786597800,LINK/USD,UP,8.77,1.0,0.7226890756302521,0.7759103641456583,0.6274509803921569,2026-08-13T05:15:00+00:00,8.77,3,0.00387001,-0.00049031,ACCEPTED
2026-08-13T05:10:48.597090+00:00,1786597500,1786597800,LINK/USD,UP,8.77,1.0,0.7226890756302521,0.7759103641456583,0.6274509803921569,2026-08-13T05:15:00+00:00,8.77,6,0.00387001,-0.00049031,ACCEPTED
2026-08-13T05:10:48.597090+00:00,1786597500,1786597800,LINK/USD,UP,8.77,1.0,0.7226890756302521,0.7759103641456583,0.6274509803921569,2026-08-13T05:15:00+00:00,8.77,12,0.00387001,-0.00120753,ACCEPTED
2026-08-13T05:10:48.597123+00:00,1786597500,1786597800,DOT/USD,DOWN,0.7739,0.966834043492204,0.8742331288343558,0.8803680981595092,0.5521472392638037,2026-08-13T05:15:00+00:00,0.7739,3,0.0,-0.00142137,UNRESOLVED
2026-08-13T05:10:48.597123+00:00,1786597500,1786597800,DOT/USD,DOWN,0.7739,0.966834043492204,0.8742331288343558,0.8803680981595092,0.5521472392638037,2026-08-13T05:15:00+00:00,0.7739,6,0.0,-0.00206745,UNRESOLVED
2026-08-13T05:10:48.597123+00:00,1786597500,1786597800,DOT/USD,DOWN,0.7739,0.966834043492204,0.8742331288343558,0.8803680981595092,0.5521472392638037,2026-08-13T05:15:00+00:00,0.7739,12,0.0,-0.00206745,UNRESOLVED
2026-08-13T05:15:37.456744+00:00,1786597800,1786598100,XRP/USD,UP,1.01014,0.973806686228207,0.9108108108108108,0.9459459459459459,0.44054054054054054,2026-08-13T05:20:00+00:00,1.01014,3,0.00175223,-0.00039598,UNRESOLVED
2026-08-13T05:15:37.456744+00:00,1786597800,1786598100,XRP/USD,UP,1.01014,0.973806686228207,0.9108108108108108,0.9459459459459459,0.44054054054054054,2026-08-13T05:20:00+00:00,1.01014,6,0.00366286,-0.00039598,ACCEPTED
2026-08-13T05:15:37.456744+00:00,1786597800,1786598100,XRP/USD,UP,1.01014,0.973806686228207,0.9108108108108108,0.9459459459459459,0.44054054054054054,2026-08-13T05:20:00+00:00,1.01014,12,0.00366286,-0.00039598,ACCEPTED
2026-08-13T05:20:26.348376+00:00,1786598100,1786598400,SOL/USD,DOWN,76.24,0.9000101751475593,0.8891891891891892,0.9135135135135135,0.8945945945945946,2026-08-13T05:25:00+00:00,76.24,3,0.00065582,-0.00144281,UNRESOLVED
2026-08-13T05:20:26.348376+00:00,1786598100,1786598400,SOL/USD,DOWN,76.24,0.9000101751475593,0.8891891891891892,0.9135135135135135,0.8945945945945946,2026-08-13T05:25:00+00:00,76.24,6,0.00065582,-0.00393494,FAILED
2026-08-13T05:20:26.348376+00:00,1786598100,1786598400,SOL/USD,DOWN,76.24,0.9000101751475593,0.8891891891891892,0.9135135135135135,0.8945945945945946,2026-08-13T05:25:00+00:00,76.24,12,0.00065582,-0.00393494,FAILED
2026-08-13T05:20:26.348411+00:00,1786598100,1786598400,BTC/USD,UP,63847.5,0.5416374510930203,0.9295392953929539,0.907859078590786,0.964769647696477,2026-08-13T05:25:00+00:00,63847.5,3,0.00098986,-0.00027409,UNRESOLVED
2026-08-13T05:20:26.348411+00:00,1786598100,1786598400,BTC/USD,UP,63847.5,0.5416374510930203,0.9295392953929539,0.907859078590786,0.964769647696477,2026-08-13T05:25:00+00:00,63847.5,6,0.00098986,-0.00035397,UNRESOLVED
2026-08-13T05:20:26.348411+00:00,1786598100,1786598400,BTC/USD,UP,63847.5,0.5416374510930203,0.9295392953929539,0.907859078590786,0.964769647696477,2026-08-13T05:25:00+00:00,63847.5,12,0.00098986,-0.00184189,UNRESOLVED
2026-08-13T05:20:26.348476+00:00,1786598100,1786598400,XRP/USD,UP,1.01012,0.9651328794994035,0.8675675675675676,0.9135135135135135,0.24864864864864866,2026-08-13T05:25:00+00:00,1.01012,3,0.00177207,-0.00037619,UNRESOLVED
2026-08-13T05:20:26.348476+00:00,1786598100,1786598400,XRP/USD,UP,1.01012,0.9651328794994035,0.8675675675675676,0.9135135135135135,0.24864864864864866,2026-08-13T05:25:00+00:00,1.01012,6,0.00368273,-0.00037619,ACCEPTED
2026-08-13T05:20:26.348476+00:00,1786598100,1786598400,XRP/USD,UP,1.01012,0.9651328794994035,0.8675675675675676,0.9135135135135135,0.24864864864864866,2026-08-13T05:25:00+00:00,1.01012,12,0.00368273,-0.00037619,ACCEPTED
2026-08-13T05:20:56.828866+00:00,1786598100,1786598400,LTC/USD,UP,44.96,0.9973299778128262,1.0,1.0,1.0,2026-08-13T05:25:00+00:00,44.96,3,0.00066726,-0.00044484,UNRESOLVED
2026-08-13T05:20:56.828866+00:00,1786598100,1786598400,LTC/USD,UP,44.96,0.9973299778128262,1.0,1.0,1.0,2026-08-13T05:25:00+00:00,44.96,6,0.00133452,-0.00044484,UNRESOLVED
2026-08-13T05:20:56.828866+00:00,1786598100,1786598400,LTC/USD,UP,44.96,0.9973299778128262,1.0,1.0,1.0,2026-08-13T05:25:00+00:00,44.96,12,0.00133452,-0.0011121,UNRESOLVED
2026-08-13T05:25:30.985629+00:00,1786598400,1786598700,BTC/USD,UP,63889.2,0.9141107985721797,0.7560975609756098,0.8401084010840109,0.5826558265582655,2026-08-13T05:30:00+00:00,63889.2,3,-1.409e-05,-0.0009266,UNRESOLVED
2026-08-13T05:25:30.985629+00:00,1786598400,1786598700,BTC/USD,UP,63889.2,0.9141107985721797,0.7560975609756098,0.8401084010840109,0.5826558265582655,2026-08-13T05:30:00+00:00,63889.2,6,-1.409e-05,-0.00109565,UNRESOLVED
2026-08-13T05:25:30.985629+00:00,1786598400,1786598700,BTC/USD,UP,63889.2,0.9141107985721797,0.7560975609756098,0.8401084010840109,0.5826558265582655,2026-08-13T05:30:00+00:00,63889.2,12,-1.409e-05,-0.00249338,UNRESOLVED
2026-08-13T05:26:01.399841+00:00,1786598400,1786598700,LTC/USD,DOWN,44.95,0.5942141758432935,0.7378378378378379,0.7081081081081081,0.9621621621621622,2026-08-13T05:30:00+00:00,44.95,3,0.0,-0.00088988,UNRESOLVED
2026-08-13T05:26:01.399841+00:00,1786598400,1786598700,LTC/USD,DOWN,44.95,0.5942141758432935,0.7378378378378379,0.7081081081081081,0.9621621621621622,2026-08-13T05:30:00+00:00,44.95,6,0.0,-0.00155729,UNRESOLVED
2026-08-13T05:26:01.399841+00:00,1786598400,1786598700,LTC/USD,DOWN,44.95,0.5942141758432935,0.7378378378378379,0.7081081081081081,0.9621621621621622,2026-08-13T05:30:00+00:00,44.95,12,0.00088988,-0.00155729,UNRESOLVED
2026-08-13T05:30:35.219576+00:00,1786598700,1786599000,ADA/USD,DOWN,0.183794,0.9853922488396926,0.7277777777777777,0.775,0.6111111111111112,2026-08-13T05:35:00+00:00,0.183794,3,0.00041351,-0.00140375,UNRESOLVED
2026-08-13T05:30:35.219576+00:00,1786598700,1786599000,ADA/USD,DOWN,0.183794,0.9853922488396926,0.7277777777777777,0.775,0.6111111111111112,2026-08-13T05:35:00+00:00,0.183794,6,0.00041351,-0.00628965,FAILED
2026-08-13T05:30:35.219576+00:00,1786598700,1786599000,ADA/USD,DOWN,0.183794,0.9853922488396926,0.7277777777777777,0.775,0.6111111111111112,2026-08-13T05:35:00+00:00,0.183794,12,0.00041351,-0.00628965,FAILED
2026-08-13T05:35:24.599877+00:00,1786599000,1786599300,SOL/USD,UP,76.23,0.9208867551368094,0.7324324324324324,0.7972972972972973,0.7756756756756756,2026-08-13T05:40:00+00:00,76.23,3,0.00406664,0.00013118,ACCEPTED
2026-08-13T05:35:24.599877+00:00,1786599000,1786599300,SOL/USD,UP,76.23,0.9208867551368094,0.7324324324324324,0.7972972972972973,0.7756756756756756,2026-08-13T05:40:00+00:00,76.23,6,0.00406664,0.00013118,ACCEPTED
2026-08-13T05:35:24.599877+00:00,1786599000,1786599300,SOL/USD,UP,76.23,0.9208867551368094,0.7324324324324324,0.7972972972972973,0.7756756756756756,2026-08-13T05:40:00+00:00,76.23,12,0.00406664,0.00013118,ACCEPTED
2026-08-13T05:35:39.903736+00:00,1786599000,1786599300,XRP/USD,DOWN,1.01152,0.9078331761339914,0.9405405405405406,0.9594594594594594,0.727027027027027,2026-08-13T05:40:00+00:00,1.01152,3,0.00019772,-0.00229358,UNRESOLVED
2026-08-13T05:35:39.903736+00:00,1786599000,1786599300,XRP/USD,DOWN,1.01152,0.9078331761339914,0.9405405405405406,0.9594594594594594,0.727027027027027,2026-08-13T05:40:00+00:00,1.01152,6,0.00019772,-0.00229358,UNRESOLVED
2026-08-13T05:35:39.903736+00:00,1786599000,1786599300,XRP/USD,DOWN,1.01152,0.9078331761339914,0.9405405405405406,0.9594594594594594,0.727027027027027,2026-08-13T05:40:00+00:00,1.01152,12,0.00019772,-0.00229358,UNRESOLVED
2026-08-13T05:35:55.116741+00:00,1786599000,1786599300,AAVE/USD,UP,88.79,0.798065522529004,0.8931297709923665,0.8969465648854962,0.8893129770992366,2026-08-13T05:40:00+00:00,88.79,3,0.00191463,-0.00123888,UNRESOLVED
2026-08-13T05:35:55.116741+00:00,1786599000,1786599300,AAVE/USD,UP,88.79,0.798065522529004,0.8931297709923665,0.8969465648854962,0.8893129770992366,2026-08-13T05:40:00+00:00,88.79,6,0.00191463,-0.00123888,UNRESOLVED
2026-08-13T05:35:55.116741+00:00,1786599000,1786599300,AAVE/USD,UP,88.79,0.798065522529004,0.8931297709923665,0.8969465648854962,0.8893129770992366,2026-08-13T05:40:00+00:00,88.79,12,0.00641964,-0.0013515,ACCEPTED
2026-08-13T05:40:29.603086+00:00,1786599300,1786599600,SOL/USD,UP,76.43,0.9703408384643506,0.9081081081081082,0.9324324324324325,0.8864864864864865,2026-08-13T05:45:00+00:00,76.43,3,0.00143923,-0.00065419,UNRESOLVED
2026-08-13T05:40:29.603086+00:00,1786599300,1786599600,SOL/USD,UP,76.43,0.9703408384643506,0.9081081081081082,0.9324324324324325,0.8864864864864865,2026-08-13T05:45:00+00:00,76.43,6,0.00143923,-0.00065419,UNRESOLVED
2026-08-13T05:40:29.603086+00:00,1786599300,1786599600,SOL/USD,UP,76.43,0.9703408384643506,0.9081081081081082,0.9324324324324325,0.8864864864864865,2026-08-13T05:45:00+00:00,76.43,12,0.00143923,-0.00222426,UNRESOLVED
2026-08-13T05:40:29.603102+00:00,1786599300,1786599600,BTC/USD,UP,63863.0,0.8451984326018072,0.981029810298103,0.978319783197832,0.7723577235772358,2026-08-13T05:45:00+00:00,63863.0,3,0.00023958,-0.00068584,UNRESOLVED
2026-08-13T05:40:29.603102+00:00,1786599300,1786599600,BTC/USD,UP,63863.0,0.8451984326018072,0.981029810298103,0.978319783197832,0.7723577235772358,2026-08-13T05:45:00+00:00,63863.0,6,0.00023958,-0.00208415,UNRESOLVED
2026-08-13T05:40:29.603102+00:00,1786599300,1786599600,BTC/USD,UP,63863.0,0.8451984326018072,0.981029810298103,0.978319783197832,0.7723577235772358,2026-08-13T05:45:00+00:00,63863.0,12,0.00023958,-0.00247248,UNRESOLVED
2026-08-13T05:40:29.603133+00:00,1786599300,1786599600,XRP/USD,UP,1.0137,0.9305121321483397,0.9891891891891892,0.9918918918918919,0.9621621621621622,2026-08-13T05:45:00+00:00,1.0137,3,-0.00021703,-0.00093716,UNRESOLVED
2026-08-13T05:40:29.603133+00:00,1786599300,1786599600,XRP/USD,UP,1.0137,0.9305121321483397,0.9891891891891892,0.9918918918918919,0.9621621621621622,2026-08-13T05:45:00+00:00,1.0137,6,-6.905e-05,-0.00193351,UNRESOLVED
2026-08-13T05:40:29.603133+00:00,1786599300,1786599600,XRP/USD,UP,1.0137,0.9305121321483397,0.9891891891891892,0.9918918918918919,0.9621621621621622,2026-08-13T05:45:00+00:00,1.0137,12,-6.905e-05,-0.00274243,FAILED
2026-08-13T05:40:44.827151+00:00,1786599300,1786599600,LINK/USD,DOWN,8.79843,0.716052951488706,0.7338935574229691,0.7338935574229691,0.5826330532212886,2026-08-13T05:45:00+00:00,8.79843,3,0.00179464,0.0,UNRESOLVED
2026-08-13T05:40:44.827151+00:00,1786599300,1786599600,LINK/USD,DOWN,8.79843,0.716052951488706,0.7338935574229691,0.7338935574229691,0.5826330532212886,2026-08-13T05:45:00+00:00,8.79843,6,0.00443488,-0.00011138,ACCEPTED
2026-08-13T05:40:44.827151+00:00,1786599300,1786599600,LINK/USD,DOWN,8.79843,0.716052951488706,0.7338935574229691,0.7338935574229691,0.5826330532212886,2026-08-13T05:45:00+00:00,8.79843,12,0.00616815,-0.00011138,ACCEPTED
2026-08-13T05:45:49.231219+00:00,1786599600,1786599900,DOGE/USD,UP,0.0704979,0.9892850601431837,0.9803370786516854,0.9831460674157303,0.9831460674157303,2026-08-13T05:50:00+00:00,0.0704979,3,-3.546e-05,-0.00064966,UNRESOLVED
2026-08-13T05:45:49.231219+00:00,1786599600,1786599900,DOGE/USD,UP,0.0704979,0.9892850601431837,0.9803370786516854,0.9831460674157303,0.9831460674157303,2026-08-13T05:50:00+00:00,0.0704979,6,0.00109223,-0.00064966,UNRESOLVED
2026-08-13T05:45:49.231219+00:00,1786599600,1786599900,DOGE/USD,UP,0.0704979,0.9892850601431837,0.9803370786516854,0.9831460674157303,0.9831460674157303,2026-08-13T05:50:00+00:00,0.0704979,12,0.00141281,-0.00219865,UNRESOLVED
2026-08-13T05:46:04.436482+00:00,1786599600,1786599900,AAVE/USD,UP,88.84,0.9860632456504888,0.9694656488549618,0.9847328244274809,0.9694656488549618,2026-08-13T05:50:00+00:00,88.84,3,0.00067537,-0.00022512,UNRESOLVED
2026-08-13T05:46:04.436482+00:00,1786599600,1786599900,AAVE/USD,UP,88.84,0.9860632456504888,0.9694656488549618,0.9847328244274809,0.9694656488549618,2026-08-13T05:50:00+00:00,88.84,6,0.00067537,-0.00191355,UNRESOLVED
2026-08-13T05:46:04.436482+00:00,1786599600,1786599900,AAVE/USD,UP,88.84,0.9860632456504888,0.9694656488549618,0.9847328244274809,0.9694656488549618,2026-08-13T05:50:00+00:00,88.84,12,0.00585322,-0.00191355,ACCEPTED
2026-08-13T05:50:38.381675+00:00,1786599900,1786600200,DOGE/USD,DOWN,0.0704521,0.9443172463182734,0.898876404494382,0.9185393258426966,0.3258426966292135,2026-08-13T05:55:00+00:00,0.0704521,3,0.0,-0.00174303,UNRESOLVED
2026-08-13T05:50:38.381675+00:00,1786599900,1786600200,DOGE/USD,DOWN,0.0704521,0.9443172463182734,0.898876404494382,0.9185393258426966,0.3258426966292135,2026-08-13T05:55:00+00:00,0.0704521,6,0.0,-0.00174303,UNRESOLVED
2026-08-13T05:50:38.381675+00:00,1786599900,1786600200,DOGE/USD,DOWN,0.0704521,0.9443172463182734,0.898876404494382,0.9185393258426966,0.3258426966292135,2026-08-13T05:55:00+00:00,0.0704521,12,0.00154999,-0.00206381,UNRESOLVED
2026-08-13T05:50:53.595718+00:00,1786599900,1786600200,AAVE/USD,DOWN,88.82,0.9965550435080321,0.9198473282442748,0.9274809160305344,0.9312977099236641,2026-08-13T05:55:00+00:00,88.82,3,0.00157622,-0.00078811,UNRESOLVED
2026-08-13T05:50:53.595718+00:00,1786599900,1786600200,AAVE/USD,DOWN,88.82,0.9965550435080321,0.9198473282442748,0.9274809160305344,0.9312977099236641,2026-08-13T05:55:00+00:00,88.82,6,0.00168881,-0.00112587,UNRESOLVED
2026-08-13T05:50:53.595718+00:00,1786599900,1786600200,AAVE/USD,DOWN,88.82,0.9965550435080321,0.9198473282442748,0.9274809160305344,0.9312977099236641,2026-08-13T05:55:00+00:00,88.82,12,0.00168881,-0.00653006,FAILED
2026-08-13T05:56:59.002466+00:00,1786600200,1786600500,ADA/USD,UP,0.18475,0.6118695807723044,0.9416666666666667,0.9333333333333333,0.9361111111111111,2026-08-13T06:00:00+00:00,0.18475,3,0.00097429,-0.00363194,FAILED
2026-08-13T05:56:59.002466+00:00,1786600200,1786600500,ADA/USD,UP,0.18475,0.6118695807723044,0.9416666666666667,0.9333333333333333,0.9361111111111111,2026-08-13T06:00:00+00:00,0.18475,6,0.00097429,-0.00363194,FAILED
2026-08-13T05:56:59.002466+00:00,1786600200,1786600500,ADA/USD,UP,0.18475,0.6118695807723044,0.9416666666666667,0.9333333333333333,0.9361111111111111,2026-08-13T06:00:00+00:00,0.18475,12,0.00097429,-0.00463329,FAILED
2026-08-13T05:58:30.381623+00:00,1786600200,1786600500,AVAX/USD,UP,6.521,1.0,0.8123249299719888,0.8515406162464986,0.42016806722689076,2026-08-13T06:00:00+00:00,6.521,3,0.00214691,-0.00184021,UNRESOLVED
2026-08-13T05:58:30.381623+00:00,1786600200,1786600500,AVAX/USD,UP,6.521,1.0,0.8123249299719888,0.8515406162464986,0.42016806722689076,2026-08-13T06:00:00+00:00,6.521,6,0.00230026,-0.00184021,UNRESOLVED
2026-08-13T05:58:30.381623+00:00,1786600200,1786600500,AVAX/USD,UP,6.521,1.0,0.8123249299719888,0.8515406162464986,0.42016806722689076,2026-08-13T06:00:00+00:00,6.521,12,0.00230026,-0.00184021,UNRESOLVED
2026-08-13T06:00:32.144712+00:00,1786600500,1786600800,ETH/USD,DOWN,1894.44,0.9147221354629825,0.7216216216216216,0.8108108108108109,0.4189189189189189,2026-08-13T06:05:00+00:00,1894.44,3,0.00186335,0.00027977,UNRESOLVED
2026-08-13T06:00:32.144712+00:00,1786600500,1786600800,ETH/USD,DOWN,1894.44,0.9147221354629825,0.7216216216216216,0.8108108108108109,0.4189189189189189,2026-08-13T06:05:00+00:00,1894.44,6,0.00186335,0.00027977,UNRESOLVED
2026-08-13T06:00:32.144712+00:00,1786600500,1786600800,ETH/USD,DOWN,1894.44,0.9147221354629825,0.7216216216216216,0.8108108108108109,0.4189189189189189,2026-08-13T06:05:00+00:00,1894.44,12,0.00226452,-0.00114546,UNRESOLVED
2026-08-13T06:00:47.377368+00:00,1786600500,1786600800,AVAX/USD,DOWN,6.512,0.9785835861683183,0.8263305322128851,0.8431372549019608,0.8851540616246498,2026-08-13T06:05:00+00:00,6.512,3,0.00046069,-0.00322482,FAILED
2026-08-13T06:00:47.377368+00:00,1786600500,1786600800,AVAX/USD,DOWN,6.512,0.9785835861683183,0.8263305322128851,0.8431372549019608,0.8851540616246498,2026-08-13T06:05:00+00:00,6.512,6,0.00046069,-0.0036855,FAILED
2026-08-13T06:00:47.377368+00:00,1786600500,1786600800,AVAX/USD,DOWN,6.512,0.9785835861683183,0.8263305322128851,0.8431372549019608,0.8851540616246498,2026-08-13T06:05:00+00:00,6.512,12,0.00046069,-0.0036855,FAILED
2026-08-13T06:00:47.377399+00:00,1786600500,1786600800,AAVE/USD,UP,88.89,1.0,0.8206106870229007,0.8435114503816794,0.7099236641221374,2026-08-13T06:05:00+00:00,88.89,3,-0.00044999,-0.00247497,UNRESOLVED
2026-08-13T06:00:47.377399+00:00,1786600500,1786600800,AAVE/USD,UP,88.89,1.0,0.8206106870229007,0.8435114503816794,0.7099236641221374,2026-08-13T06:05:00+00:00,88.89,6,0.00528743,-0.00247497,ACCEPTED
2026-08-13T06:00:47.377399+00:00,1786600500,1786600800,AAVE/USD,UP,88.89,1.0,0.8206106870229007,0.8435114503816794,0.7099236641221374,2026-08-13T06:05:00+00:00,88.89,12,0.00573743,-0.00247497,ACCEPTED
2026-08-13T06:05:21.237319+00:00,1786600800,1786601100,BTC/USD,DOWN,63759.2,0.9717321378853132,0.8970189701897019,0.943089430894309,0.6856368563685636,2026-08-13T06:10:00+00:00,63759.2,3,0.00045954,-0.00046268,UNRESOLVED
2026-08-13T06:05:21.237319+00:00,1786600800,1786601100,BTC/USD,DOWN,63759.2,0.9717321378853132,0.8970189701897019,0.943089430894309,0.6856368563685636,2026-08-13T06:10:00+00:00,63759.2,6,0.00062579,-0.00046268,UNRESOLVED
2026-08-13T06:05:21.237319+00:00,1786600800,1786601100,BTC/USD,DOWN,63759.2,0.9717321378853132,0.8970189701897019,0.943089430894309,0.6856368563685636,2026-08-13T06:10:00+00:00,63759.2,12,0.00111827,-0.00173465,UNRESOLVED
2026-08-13T06:05:36.468974+00:00,1786600800,1786601100,AVAX/USD,UP,6.516,0.7449508621879232,0.7983193277310925,0.8067226890756303,0.8935574229691877,2026-08-13T06:10:00+00:00,6.516,3,0.00306937,0.0,ACCEPTED
2026-08-13T06:05:36.468974+00:00,1786600800,1786601100,AVAX/USD,UP,6.516,0.7449508621879232,0.7983193277310925,0.8067226890756303,0.8935574229691877,2026-08-13T06:10:00+00:00,6.516,6,0.00306937,0.0,ACCEPTED
2026-08-13T06:05:36.468974+00:00,1786600800,1786601100,AVAX/USD,UP,6.516,0.7449508621879232,0.7983193277310925,0.8067226890756303,0.8935574229691877,2026-08-13T06:10:00+00:00,6.516,12,0.00306937,-0.00030694,ACCEPTED
2026-08-13T06:06:37.394509+00:00,1786600800,1786601100,LTC/USD,DOWN,45.01,0.9937772734745361,0.9972972972972973,0.9972972972972973,0.9837837837837838,2026-08-13T06:10:00+00:00,45.01,3,0.00222173,0.0,UNRESOLVED
2026-08-13T06:06:37.394509+00:00,1786600800,1786601100,LTC/USD,DOWN,45.01,0.9937772734745361,0.9972972972972973,0.9972972972972973,0.9837837837837838,2026-08-13T06:10:00+00:00,45.01,6,0.00222173,0.0,UNRESOLVED
2026-08-13T06:06:37.394509+00:00,1786600800,1786601100,LTC/USD,DOWN,45.01,0.9937772734745361,0.9972972972972973,0.9972972972972973,0.9837837837837838,2026-08-13T06:10:00+00:00,45.01,12,0.00222173,0.0,UNRESOLVED
2026-08-13T06:10:25.649842+00:00,1786601100,1786601400,ADA/USD,UP,0.184572,0.5908908401371086,0.8916666666666667,0.8972222222222223,0.875,2026-08-13T06:15:00+00:00,0.184572,3,0.00012461,-0.00196129,UNRESOLVED
2026-08-13T06:10:25.649842+00:00,1786601100,1786601400,ADA/USD,UP,0.184572,0.5908908401371086,0.8916666666666667,0.8972222222222223,0.875,2026-08-13T06:15:00+00:00,0.184572,6,0.00012461,-0.00367336,FAILED
2026-08-13T06:10:25.649842+00:00,1786601100,1786601400,ADA/USD,UP,0.184572,0.5908908401371086,0.8916666666666667,0.8972222222222223,0.875,2026-08-13T06:15:00+00:00,0.184572,12,0.00012461,-0.00367336,FAILED
2026-08-13T06:10:25.649858+00:00,1786601100,1786601400,DOGE/USD,DOWN,0.0704887,0.5890867332479787,0.7696629213483146,0.7443820224719101,0.8174157303370787,2026-08-13T06:15:00+00:00,0.0704887,3,0.00021564,-0.00154351,UNRESOLVED
2026-08-13T06:10:25.649858+00:00,1786601100,1786601400,DOGE/USD,DOWN,0.0704887,0.5890867332479787,0.7696629213483146,0.7443820224719101,0.8174157303370787,2026-08-13T06:15:00+00:00,0.0704887,6,0.00052349,-0.00154351,UNRESOLVED
2026-08-13T06:10:25.649858+00:00,1786601100,1786601400,DOGE/USD,DOWN,0.0704887,0.5890867332479787,0.7696629213483146,0.7443820224719101,0.8174157303370787,2026-08-13T06:15:00+00:00,0.0704887,12,0.00206842,-0.00374103,FAILED
2026-08-13T06:10:25.649888+00:00,1786601100,1786601400,AVAX/USD,UP,6.531,0.895935430500151,0.8823529411764706,0.9103641456582633,0.8935574229691877,2026-08-13T06:15:00+00:00,6.531,3,0.00076558,-0.00199051,UNRESOLVED
2026-08-13T06:10:25.649888+00:00,1786601100,1786601400,AVAX/USD,UP,6.531,0.895935430500151,0.8823529411764706,0.9103641456582633,0.8935574229691877,2026-08-13T06:15:00+00:00,6.531,6,0.00076558,-0.00229674,UNRESOLVED
2026-08-13T06:10:25.649888+00:00,1786601100,1786601400,AVAX/USD,UP,6.531,0.895935430500151,0.8823529411764706,0.9103641456582633,0.8935574229691877,2026-08-13T06:15:00+00:00,6.531,12,0.00076558,-0.00260297,FAILED
2026-08-13T06:10:40.891061+00:00,1786601100,1786601400,LTC/USD,DOWN,45.0,0.9154684142146652,0.8891891891891892,0.9216216216216216,0.5675675675675675,2026-08-13T06:15:00+00:00,45.0,3,0.002,-0.00022222,UNRESOLVED
2026-08-13T06:10:40.891061+00:00,1786601100,1786601400,LTC/USD,DOWN,45.0,0.9154684142146652,0.8891891891891892,0.9216216216216216,0.5675675675675675,2026-08-13T06:15:00+00:00,45.0,6,0.002,-0.00022222,UNRESOLVED
2026-08-13T06:10:40.891061+00:00,1786601100,1786601400,LTC/USD,DOWN,45.0,0.9154684142146652,0.8891891891891892,0.9216216216216216,0.5675675675675675,2026-08-13T06:15:00+00:00,45.0,12,0.002,-0.00022222,UNRESOLVED
2026-08-13T06:16:00.418031+00:00,1786601400,1786601700,LTC/USD,DOWN,44.99,0.9770567868378788,0.9837837837837838,0.9837837837837838,0.9459459459459459,2026-08-13T06:20:00+00:00,44.99,3,0.00177817,0.0,UNRESOLVED
2026-08-13T06:16:00.418031+00:00,1786601400,1786601700,LTC/USD,DOWN,44.99,0.9770567868378788,0.9837837837837838,0.9837837837837838,0.9459459459459459,2026-08-13T06:20:00+00:00,44.99,6,0.00177817,0.0,UNRESOLVED
2026-08-13T06:16:00.418031+00:00,1786601400,1786601700,LTC/USD,DOWN,44.99,0.9770567868378788,0.9837837837837838,0.9837837837837838,0.9459459459459459,2026-08-13T06:20:00+00:00,44.99,12,0.00177817,0.0,UNRESOLVED
2026-08-13T06:21:35.234156+00:00,1786601700,1786602000,LTC/USD,UP,44.98,0.9524074030921936,0.8648648648648649,0.8972972972972973,0.6756756756756757,2026-08-13T06:25:00+00:00,44.98,3,0.00022232,-0.00111161,UNRESOLVED
2026-08-13T06:21:35.234156+00:00,1786601700,1786602000,LTC/USD,UP,44.98,0.9524074030921936,0.8648648648648649,0.8972972972972973,0.6756756756756757,2026-08-13T06:25:00+00:00,44.98,6,0.00022232,-0.00111161,UNRESOLVED
2026-08-13T06:21:35.234156+00:00,1786601700,1786602000,LTC/USD,UP,44.98,0.9524074030921936,0.8648648648648649,0.8972972972972973,0.6756756756756757,2026-08-13T06:25:00+00:00,44.98,12,0.00022232,-0.00111161,UNRESOLVED
2026-08-13T06:25:38.719088+00:00,1786602000,1786602300,AVAX/USD,DOWN,6.523,0.7659455261622797,0.9243697478991597,0.9243697478991597,0.7983193277310925,2026-08-13T06:30:00+00:00,6.523,3,0.00107313,-0.0001533,UNRESOLVED
2026-08-13T06:25:38.719088+00:00,1786602000,1786602300,AVAX/USD,DOWN,6.523,0.7659455261622797,0.9243697478991597,0.9243697478991597,0.7983193277310925,2026-08-13T06:30:00+00:00,6.523,6,0.00137973,-0.0001533,UNRESOLVED
2026-08-13T06:25:38.719088+00:00,1786602000,1786602300,AVAX/USD,DOWN,6.523,0.7659455261622797,0.9243697478991597,0.9243697478991597,0.7983193277310925,2026-08-13T06:30:00+00:00,6.523,12,0.00137973,-0.00199295,UNRESOLVED
2026-08-13T06:30:12.627005+00:00,1786602300,1786602600,AAVE/USD,UP,89.18,0.5055161544591437,0.8358778625954199,0.7557251908396947,0.9656488549618321,2026-08-13T06:35:00+00:00,89.18,3,0.00011213,-0.00156986,UNRESOLVED
2026-08-13T06:30:12.627005+00:00,1786602300,1786602600,AAVE/USD,UP,89.18,0.5055161544591437,0.8358778625954199,0.7557251908396947,0.9656488549618321,2026-08-13T06:35:00+00:00,89.18,6,0.00246692,-0.00156986,UNRESOLVED
2026-08-13T06:30:12.627005+00:00,1786602300,1786602600,AAVE/USD,UP,89.18,0.5055161544591437,0.8358778625954199,0.7557251908396947,0.9656488549618321,2026-08-13T06:35:00+00:00,89.18,12,0.00313972,-0.00156986,ACCEPTED
2026-08-13T06:45:41.198847+00:00,1786603200,1786603500,DOT/USD,UP,0.7736,0.6945771031662634,1.0,1.0,0.9723926380368099,2026-08-13T06:50:00+00:00,0.7736,3,0.00155119,0.00025853,UNRESOLVED
2026-08-13T06:45:41.198847+00:00,1786603200,1786603500,DOT/USD,UP,0.7736,0.6945771031662634,1.0,1.0,0.9723926380368099,2026-08-13T06:50:00+00:00,0.7736,6,0.00232678,0.00025853,UNRESOLVED
2026-08-13T06:45:41.198847+00:00,1786603200,1786603500,DOT/USD,UP,0.7736,0.6945771031662634,1.0,1.0,0.9723926380368099,2026-08-13T06:50:00+00:00,0.7736,12,0.00232678,0.00025853,UNRESOLVED
2026-08-13T06:50:15.153237+00:00,1786603500,1786603800,ETH/USD,UP,1894.31,0.9796615946399728,0.8756756756756757,0.9081081081081082,0.5081081081081081,2026-08-13T06:55:00+00:00,1894.31,3,0.00128279,-0.00011086,UNRESOLVED
2026-08-13T06:50:15.153237+00:00,1786603500,1786603800,ETH/USD,UP,1894.31,0.9796615946399728,0.8756756756756757,0.9081081081081082,0.5081081081081081,2026-08-13T06:55:00+00:00,1894.31,6,0.00128279,-0.00011086,UNRESOLVED
2026-08-13T06:50:15.153237+00:00,1786603500,1786603800,ETH/USD,UP,1894.31,0.9796615946399728,0.8756756756756757,0.9081081081081082,0.5081081081081081,2026-08-13T06:55:00+00:00,1894.31,12,0.00128279,-0.00014781,UNRESOLVED
2026-08-13T06:50:30.405808+00:00,1786603500,1786603800,DOT/USD,DOWN,0.7744,0.981899699897614,0.8650306748466258,0.8742331288343558,0.7085889570552147,2026-08-13T06:55:00+00:00,0.7744,3,0.0003874,-0.00129132,UNRESOLVED
2026-08-13T06:50:30.405808+00:00,1786603500,1786603800,DOT/USD,DOWN,0.7744,0.981899699897614,0.8650306748466258,0.8742331288343558,0.7085889570552147,2026-08-13T06:55:00+00:00,0.7744,6,0.0003874,-0.00129132,UNRESOLVED
2026-08-13T06:50:30.405808+00:00,1786603500,1786603800,DOT/USD,DOWN,0.7744,0.981899699897614,0.8650306748466258,0.8742331288343558,0.7085889570552147,2026-08-13T06:55:00+00:00,0.7744,12,0.00103306,-0.00129132,UNRESOLVED
2026-08-13T06:51:16.086517+00:00,1786603500,1786603800,DOGE/USD,UP,0.0705459,0.998625399408642,0.9719101123595506,0.9803370786516854,0.9747191011235955,2026-08-13T06:55:00+00:00,0.0705459,3,0.00096533,-0.00010915,UNRESOLVED
2026-08-13T06:51:16.086517+00:00,1786603500,1786603800,DOGE/USD,UP,0.0705459,0.998625399408642,0.9719101123595506,0.9803370786516854,0.9747191011235955,2026-08-13T06:55:00+00:00,0.0705459,6,0.00292717,-0.00010915,ACCEPTED
2026-08-13T06:51:16.086517+00:00,1786603500,1786603800,DOGE/USD,UP,0.0705459,0.998625399408642,0.9719101123595506,0.9803370786516854,0.9747191011235955,2026-08-13T06:55:00+00:00,0.0705459,12,0.00292717,-0.00011482,ACCEPTED
2026-08-13T06:55:50.079708+00:00,1786603800,1786604100,ETH/USD,UP,1895.44,0.9591372780360758,0.8324324324324325,0.8837837837837837,0.6378378378378379,2026-08-13T07:00:00+00:00,1895.44,3,0.00068586,-0.000459,UNRESOLVED
2026-08-13T06:55:50.079708+00:00,1786603800,1786604100,ETH/USD,UP,1895.44,0.9591372780360758,0.8324324324324325,0.8837837837837837,0.6378378378378379,2026-08-13T07:00:00+00:00,1895.44,6,0.00068586,-0.000459,UNRESOLVED
2026-08-13T06:55:50.079708+00:00,1786603800,1786604100,ETH/USD,UP,1895.44,0.9591372780360758,0.8324324324324325,0.8837837837837837,0.6378378378378379,2026-08-13T07:00:00+00:00,1895.44,12,0.00068586,-0.00075444,UNRESOLVED
2026-08-13T06:55:50.079769+00:00,1786603800,1786604100,LINK/USD,UP,8.75335,1.0,0.7030812324929971,0.7647058823529411,0.2605042016806723,2026-08-13T07:00:00+00:00,8.75335,3,0.0014166,0.00015423,UNRESOLVED
2026-08-13T06:55:50.079769+00:00,1786603800,1786604100,LINK/USD,UP,8.75335,1.0,0.7030812324929971,0.7647058823529411,0.2605042016806723,2026-08-13T07:00:00+00:00,8.75335,6,0.0014166,2.742e-05,UNRESOLVED
2026-08-13T06:55:50.079769+00:00,1786603800,1786604100,LINK/USD,UP,8.75335,1.0,0.7030812324929971,0.7647058823529411,0.2605042016806723,2026-08-13T07:00:00+00:00,8.75335,12,0.0014166,-0.00078027,UNRESOLVED
2026-08-13T07:00:39.330092+00:00,1786604100,1786604400,DOGE/USD,UP,0.0706022,0.9964787769201594,0.8286516853932584,0.8679775280898876,0.7415730337078652,2026-08-13T07:05:00+00:00,0.0706022,3,0.00212741,-6.799e-05,UNRESOLVED
2026-08-13T07:00:39.330092+00:00,1786604100,1786604400,DOGE/USD,UP,0.0706022,0.9964787769201594,0.8286516853932584,0.8679775280898876,0.7415730337078652,2026-08-13T07:05:00+00:00,0.0706022,6,0.00212741,-6.799e-05,UNRESOLVED
2026-08-13T07:00:39.330092+00:00,1786604100,1786604400,DOGE/USD,UP,0.0706022,0.9964787769201594,0.8286516853932584,0.8679775280898876,0.7415730337078652,2026-08-13T07:05:00+00:00,0.0706022,12,0.00212741,-0.00135548,UNRESOLVED
2026-08-13T07:00:39.330122+00:00,1786604100,1786604400,AVAX/USD,DOWN,6.525,0.5040663543118041,0.7955182072829131,0.7563025210084033,0.8599439775910365,2026-08-13T07:05:00+00:00,6.525,3,-0.00015326,-0.00168582,UNRESOLVED
2026-08-13T07:00:39.330122+00:00,1786604100,1786604400,AVAX/USD,DOWN,6.525,0.5040663543118041,0.7955182072829131,0.7563025210084033,0.8599439775910365,2026-08-13T07:05:00+00:00,6.525,6,0.00091954,-0.00168582,UNRESOLVED
2026-08-13T07:00:39.330122+00:00,1786604100,1786604400,AVAX/USD,DOWN,6.525,0.5040663543118041,0.7955182072829131,0.7563025210084033,0.8599439775910365,2026-08-13T07:05:00+00:00,6.525,12,0.00306513,-0.00168582,ACCEPTED
2026-08-13T07:00:54.570986+00:00,1786604100,1786604400,AAVE/USD,UP,89.32,1.0,0.8091603053435115,0.8244274809160306,0.8129770992366412,2026-08-13T07:05:00+00:00,89.32,3,0.0015674,0.00033587,UNRESOLVED
2026-08-13T07:00:54.570986+00:00,1786604100,1786604400,AAVE/USD,UP,89.32,1.0,0.8091603053435115,0.8244274809160306,0.8129770992366412,2026-08-13T07:05:00+00:00,89.32,6,0.0015674,-0.00011196,UNRESOLVED
2026-08-13T07:00:54.570986+00:00,1786604100,1786604400,AAVE/USD,UP,89.32,1.0,0.8091603053435115,0.8244274809160306,0.8129770992366412,2026-08-13T07:05:00+00:00,89.32,12,0.00179131,-0.0015674,UNRESOLVED
2026-08-13T07:05:28.582942+00:00,1786604400,1786604700,ADA/USD,DOWN,0.184043,0.9639417779313452,0.9166666666666666,0.9444444444444444,0.8888888888888888,2026-08-13T07:10:00+00:00,0.184043,3,0.00038035,-0.00031514,UNRESOLVED
2026-08-13T07:05:28.582942+00:00,1786604400,1786604700,ADA/USD,DOWN,0.184043,0.9639417779313452,0.9166666666666666,0.9444444444444444,0.8888888888888888,2026-08-13T07:10:00+00:00,0.184043,6,0.00112474,-0.00174416,UNRESOLVED
2026-08-13T07:05:28.582942+00:00,1786604400,1786604700,ADA/USD,DOWN,0.184043,0.9639417779313452,0.9166666666666666,0.9444444444444444,0.8888888888888888,2026-08-13T07:10:00+00:00,0.184043,12,0.00112474,-0.00934564,FAILED
2026-08-13T07:11:03.570964+00:00,1786604700,1786605000,DOGE/USD,DOWN,0.0707253,0.8231366794041194,0.9241573033707865,0.9269662921348315,0.8820224719101124,2026-08-13T07:15:00+00:00,0.0707253,3,0.0007013,4.1e-05,UNRESOLVED
2026-08-13T07:11:03.570964+00:00,1786604700,1786605000,DOGE/USD,DOWN,0.0707253,0.8231366794041194,0.9241573033707865,0.9269662921348315,0.8820224719101124,2026-08-13T07:15:00+00:00,0.0707253,6,0.00094874,2.545e-05,UNRESOLVED
2026-08-13T07:11:03.570964+00:00,1786604700,1786605000,DOGE/USD,DOWN,0.0707253,0.8231366794041194,0.9241573033707865,0.9269662921348315,0.8820224719101124,2026-08-13T07:15:00+00:00,0.0707253,12,0.00309366,2.545e-05,ACCEPTED
2026-08-13T07:15:22.359848+00:00,1786605000,1786605300,SOL/USD,UP,76.35,0.9989108922555009,0.8135135135135135,0.8567567567567568,0.25675675675675674,2026-08-13T07:20:00+00:00,76.35,3,0.00104781,-0.00026195,UNRESOLVED
2026-08-13T07:15:22.359848+00:00,1786605000,1786605300,SOL/USD,UP,76.35,0.9989108922555009,0.8135135135135135,0.8567567567567568,0.25675675675675674,2026-08-13T07:20:00+00:00,76.35,6,0.00117878,-0.00026195,UNRESOLVED
2026-08-13T07:15:22.359848+00:00,1786605000,1786605300,SOL/USD,UP,76.35,0.9989108922555009,0.8135135135135135,0.8567567567567568,0.25675675675675674,2026-08-13T07:20:00+00:00,76.35,12,0.00117878,-0.00144073,UNRESOLVED
2026-08-13T07:20:42.150228+00:00,1786605300,1786605600,LTC/USD,DOWN,44.97,0.7931444968681008,0.8486486486486486,0.8648648648648649,0.6756756756756757,2026-08-13T07:25:00+00:00,44.97,3,0.00155659,0.00044474,UNRESOLVED
2026-08-13T07:20:42.150228+00:00,1786605300,1786605600,LTC/USD,DOWN,44.97,0.7931444968681008,0.8486486486486486,0.8648648648648649,0.6756756756756757,2026-08-13T07:25:00+00:00,44.97,6,0.00200133,0.00044474,UNRESOLVED
2026-08-13T07:20:42.150228+00:00,1786605300,1786605600,LTC/USD,DOWN,44.97,0.7931444968681008,0.8486486486486486,0.8648648648648649,0.6756756756756757,2026-08-13T07:25:00+00:00,44.97,12,0.00355793,0.00044474,ACCEPTED
2026-08-13T07:25:16.212430+00:00,1786605600,1786605900,AVAX/USD,UP,6.523,1.0,0.7058823529411765,0.7535014005602241,0.42016806722689076,2026-08-13T07:30:00+00:00,6.523,3,0.00061321,-0.00137973,UNRESOLVED
2026-08-13T07:25:16.212430+00:00,1786605600,1786605900,AVAX/USD,UP,6.523,1.0,0.7058823529411765,0.7535014005602241,0.42016806722689076,2026-08-13T07:30:00+00:00,6.523,6,0.00061321,-0.00275947,FAILED
2026-08-13T07:25:16.212430+00:00,1786605600,1786605900,AVAX/USD,UP,6.523,1.0,0.7058823529411765,0.7535014005602241,0.42016806722689076,2026-08-13T07:30:00+00:00,6.523,12,0.00061321,-0.00459911,FAILED
2026-08-13T07:35:40.606211+00:00,1786606200,1786606500,AAVE/USD,DOWN,89.44,1.0,0.8129770992366412,0.8320610687022901,0.7099236641221374,2026-08-13T07:40:00+00:00,89.44,3,0.00290698,-0.00044723,ACCEPTED
2026-08-13T07:35:40.606211+00:00,1786606200,1786606500,AAVE/USD,DOWN,89.44,1.0,0.8129770992366412,0.8320610687022901,0.7099236641221374,2026-08-13T07:40:00+00:00,89.44,6,0.00290698,-0.00044723,ACCEPTED
2026-08-13T07:35:40.606211+00:00,1786606200,1786606500,AAVE/USD,DOWN,89.44,1.0,0.8129770992366412,0.8320610687022901,0.7099236641221374,2026-08-13T07:40:00+00:00,89.44,12,0.00592576,-0.00044723,ACCEPTED
2026-08-13T07:36:56.773961+00:00,1786606200,1786606500,DOT/USD,DOWN,0.7744,1.0,0.8926380368098159,0.901840490797546,0.9539877300613497,2026-08-13T07:40:00+00:00,0.7744,3,0.00103306,0.0,UNRESOLVED
2026-08-13T07:36:56.773961+00:00,1786606200,1786606500,DOT/USD,DOWN,0.7744,1.0,0.8926380368098159,0.901840490797546,0.9539877300613497,2026-08-13T07:40:00+00:00,0.7744,6,0.00129132,0.0,UNRESOLVED
2026-08-13T07:36:56.773961+00:00,1786606200,1786606500,DOT/USD,DOWN,0.7744,1.0,0.8926380368098159,0.901840490797546,0.9539877300613497,2026-08-13T07:40:00+00:00,0.7744,12,0.00219525,0.0,UNRESOLVED
2026-08-13T07:40:45.186371+00:00,1786606500,1786606800,ADA/USD,DOWN,0.184708,0.9882593241274281,0.8361111111111111,0.8833333333333333,0.6611111111111111,2026-08-13T07:45:00+00:00,0.184708,3,-0.00049808,-0.00324296,FAILED
2026-08-13T07:40:45.186371+00:00,1786606500,1786606800,ADA/USD,DOWN,0.184708,0.9882593241274281,0.8361111111111111,0.8833333333333333,0.6611111111111111,2026-08-13T07:45:00+00:00,0.184708,6,-0.00049808,-0.00571172,FAILED
2026-08-13T07:40:45.186371+00:00,1786606500,1786606800,ADA/USD,DOWN,0.184708,0.9882593241274281,0.8361111111111111,0.8833333333333333,0.6611111111111111,2026-08-13T07:45:00+00:00,0.184708,12,-0.00049808,-0.00612859,FAILED
2026-08-13T07:45:34.571939+00:00,1786606800,1786607100,ETH/USD,DOWN,1895.51,0.8953561121567718,0.7486486486486487,0.8216216216216217,0.11351351351351352,2026-08-13T07:50:00+00:00,1895.51,3,0.00079662,0.0,UNRESOLVED
2026-08-13T07:45:34.571939+00:00,1786606800,1786607100,ETH/USD,DOWN,1895.51,0.8953561121567718,0.7486486486486487,0.8216216216216217,0.11351351351351352,2026-08-13T07:50:00+00:00,1895.51,6,0.00242679,0.0,UNRESOLVED
2026-08-13T07:45:34.571939+00:00,1786606800,1786607100,ETH/USD,DOWN,1895.51,0.8953561121567718,0.7486486486486487,0.8216216216216217,0.11351351351351352,2026-08-13T07:50:00+00:00,1895.51,12,0.00290159,0.0,ACCEPTED
2026-08-13T07:45:34.571970+00:00,1786606800,1786607100,ADA/USD,DOWN,0.185111,0.7056355483474337,0.9,0.9277777777777778,0.9583333333333334,2026-08-13T07:50:00+00:00,0.185111,3,0.00086975,-0.00283073,FAILED
2026-08-13T07:45:34.571970+00:00,1786606800,1786607100,ADA/USD,DOWN,0.185111,0.7056355483474337,0.9,0.9277777777777778,0.9583333333333334,2026-08-13T07:50:00+00:00,0.185111,6,0.00086975,-0.00352221,FAILED
2026-08-13T07:45:34.571970+00:00,1786606800,1786607100,ADA/USD,DOWN,0.185111,0.7056355483474337,0.9,0.9277777777777778,0.9583333333333334,2026-08-13T07:50:00+00:00,0.185111,12,0.00086975,-0.00393818,FAILED
2026-08-13T07:50:23.965218+00:00,1786607100,1786607400,ETH/USD,DOWN,1894.03,0.97708444475945,0.9135135135135135,0.9351351351351351,0.4783783783783784,2026-08-13T07:55:00+00:00,1894.03,3,1.584e-05,-0.00062301,UNRESOLVED
2026-08-13T07:50:23.965218+00:00,1786607100,1786607400,ETH/USD,DOWN,1894.03,0.97708444475945,0.9135135135135135,0.9351351351351351,0.4783783783783784,2026-08-13T07:55:00+00:00,1894.03,6,0.0017476,-0.00062301,UNRESOLVED
2026-08-13T07:50:23.965218+00:00,1786607100,1786607400,ETH/USD,DOWN,1894.03,0.97708444475945,0.9135135135135135,0.9351351351351351,0.4783783783783784,2026-08-13T07:55:00+00:00,1894.03,12,0.00271907,-0.00062301,ACCEPTED
2026-08-13T07:50:23.965263+00:00,1786607100,1786607400,DOGE/USD,DOWN,0.0705378,0.9989839421366429,0.8679775280898876,0.8932584269662921,0.8174157303370787,2026-08-13T07:55:00+00:00,0.0705378,3,0.00044373,-0.00063654,UNRESOLVED
2026-08-13T07:50:23.965263+00:00,1786607100,1786607400,DOGE/USD,DOWN,0.0705378,0.9989839421366429,0.8679775280898876,0.8932584269662921,0.8174157303370787,2026-08-13T07:55:00+00:00,0.0705378,6,0.00083643,-0.00063654,UNRESOLVED
2026-08-13T07:50:23.965263+00:00,1786607100,1786607400,DOGE/USD,DOWN,0.0705378,0.9989839421366429,0.8679775280898876,0.8932584269662921,0.8174157303370787,2026-08-13T07:55:00+00:00,0.0705378,12,0.00124472,-0.00063654,UNRESOLVED
2026-08-13T07:55:13.643563+00:00,1786607400,1786607700,ADA/USD,UP,0.185307,0.9991224377927623,0.7833333333333333,0.8416666666666667,0.7972222222222223,2026-08-13T08:00:00+00:00,0.185307,3,0.00246078,5.4e-06,UNRESOLVED
2026-08-13T07:55:13.643563+00:00,1786607400,1786607700,ADA/USD,UP,0.185307,0.9991224377927623,0.7833333333333333,0.8416666666666667,0.7972222222222223,2026-08-13T08:00:00+00:00,0.185307,6,0.00246078,-0.00109548,UNRESOLVED
2026-08-13T07:55:13.643563+00:00,1786607400,1786607700,ADA/USD,UP,0.185307,0.9991224377927623,0.7833333333333333,0.8416666666666667,0.7972222222222223,2026-08-13T08:00:00+00:00,0.185307,12,0.00291408,-0.00161354,ACCEPTED
2026-08-13T07:55:28.900674+00:00,1786607400,1786607700,AVAX/USD,DOWN,6.514,0.8291506812631854,0.969187675070028,0.9915966386554622,0.9747899159663865,2026-08-13T08:00:00+00:00,6.514,3,0.00061406,-0.00122812,UNRESOLVED
2026-08-13T07:55:28.900674+00:00,1786607400,1786607700,AVAX/USD,DOWN,6.514,0.8291506812631854,0.969187675070028,0.9915966386554622,0.9747899159663865,2026-08-13T08:00:00+00:00,6.514,6,0.00322383,-0.00122812,ACCEPTED
2026-08-13T07:55:28.900674+00:00,1786607400,1786607700,AVAX/USD,DOWN,6.514,0.8291506812631854,0.969187675070028,0.9915966386554622,0.9747899159663865,2026-08-13T08:00:00+00:00,6.514,12,0.00322383,-0.00122812,ACCEPTED
2026-08-13T07:55:28.900720+00:00,1786607400,1786607700,LTC/USD,DOWN,44.86,0.8918326360757233,0.8783783783783784,0.9,0.9459459459459459,2026-08-13T08:00:00+00:00,44.86,3,0.00022292,0.0,UNRESOLVED
2026-08-13T07:55:28.900720+00:00,1786607400,1786607700,LTC/USD,DOWN,44.86,0.8918326360757233,0.8783783783783784,0.9,0.9459459459459459,2026-08-13T08:00:00+00:00,44.86,6,0.00089166,0.0,UNRESOLVED
2026-08-13T07:55:28.900720+00:00,1786607400,1786607700,LTC/USD,DOWN,44.86,0.8918326360757233,0.8783783783783784,0.9,0.9459459459459459,2026-08-13T08:00:00+00:00,44.86,12,0.00111458,0.0,UNRESOLVED
2026-08-13T08:00:49.037611+00:00,1786607700,1786608000,ADA/USD,DOWN,0.185468,0.7524067090130915,0.7888888888888889,0.7888888888888889,0.7222222222222222,2026-08-13T08:05:00+00:00,0.185468,3,0.0019626,-0.00159057,UNRESOLVED
2026-08-13T08:00:49.037611+00:00,1786607700,1786608000,ADA/USD,DOWN,0.185468,0.7524067090130915,0.7888888888888889,0.7888888888888889,0.7222222222222222,2026-08-13T08:05:00+00:00,0.185468,6,0.00248021,-0.00159057,UNRESOLVED
2026-08-13T08:00:49.037611+00:00,1786607700,1786608000,ADA/USD,DOWN,0.185468,0.7524067090130915,0.7888888888888889,0.7888888888888889,0.7222222222222222,2026-08-13T08:05:00+00:00,0.185468,12,0.00248021,-0.00507904,FAILED
2026-08-13T08:00:49.037656+00:00,1786607700,1786608000,AVAX/USD,DOWN,6.51,0.7860035888085659,0.9551820728291317,0.957983193277311,0.9355742296918768,2026-08-13T08:05:00+00:00,6.51,3,0.00261137,-0.00184332,ACCEPTED
2026-08-13T08:00:49.037656+00:00,1786607700,1786608000,AVAX/USD,DOWN,6.51,0.7860035888085659,0.9551820728291317,0.957983193277311,0.9355742296918768,2026-08-13T08:05:00+00:00,6.51,6,0.00261137,-0.00184332,ACCEPTED
2026-08-13T08:00:49.037656+00:00,1786607700,1786608000,AVAX/USD,DOWN,6.51,0.7860035888085659,0.9551820728291317,0.957983193277311,0.9355742296918768,2026-08-13T08:05:00+00:00,6.51,12,0.00261137,-0.00184332,ACCEPTED
2026-08-13T08:05:23.575340+00:00,1786608000,1786608300,ETH/USD,UP,1895.0,0.9019389008599946,0.8108108108108109,0.8648648648648649,0.37567567567567567,2026-08-13T08:10:00+00:00,1895.0,3,0.0,-0.00225858,UNRESOLVED
2026-08-13T08:05:23.575340+00:00,1786608000,1786608300,ETH/USD,UP,1895.0,0.9019389008599946,0.8108108108108109,0.8648648648648649,0.37567567567567567,2026-08-13T08:10:00+00:00,1895.0,6,0.0,-0.00225858,UNRESOLVED
2026-08-13T08:05:23.575340+00:00,1786608000,1786608300,ETH/USD,UP,1895.0,0.9019389008599946,0.8108108108108109,0.8648648648648649,0.37567567567567567,2026-08-13T08:10:00+00:00,1895.0,12,0.0,-0.0046438,FAILED
2026-08-13T08:15:48.872579+00:00,1786608600,1786608900,BTC/USD,DOWN,63769.4,0.8986058004385389,0.7967479674796748,0.8726287262872628,0.15989159891598917,2026-08-13T08:20:00+00:00,63769.4,3,0.0007731,-1.57e-06,UNRESOLVED
2026-08-13T08:15:48.872579+00:00,1786608600,1786608900,BTC/USD,DOWN,63769.4,0.8986058004385389,0.7967479674796748,0.8726287262872628,0.15989159891598917,2026-08-13T08:20:00+00:00,63769.4,6,0.00092364,-1.57e-06,UNRESOLVED
2026-08-13T08:15:48.872579+00:00,1786608600,1786608900,BTC/USD,DOWN,63769.4,0.8986058004385389,0.7967479674796748,0.8726287262872628,0.15989159891598917,2026-08-13T08:20:00+00:00,63769.4,12,0.0032743,-1.57e-06,ACCEPTED
2026-08-13T08:15:48.872643+00:00,1786608600,1786608900,DOGE/USD,UP,0.0705354,0.9991317910130983,0.8258426966292135,0.8623595505617978,0.6264044943820225,2026-08-13T08:20:00+00:00,0.0705354,3,-5.387e-05,-0.00083929,UNRESOLVED
2026-08-13T08:15:48.872643+00:00,1786608600,1786608900,DOGE/USD,UP,0.0705354,0.9991317910130983,0.8258426966292135,0.8623595505617978,0.6264044943820225,2026-08-13T08:20:00+00:00,0.0705354,6,7.939e-05,-0.00101368,UNRESOLVED
2026-08-13T08:15:48.872643+00:00,1786608600,1786608900,DOGE/USD,UP,0.0705354,0.9991317910130983,0.8258426966292135,0.8623595505617978,0.6264044943820225,2026-08-13T08:20:00+00:00,0.0705354,12,7.939e-05,-0.00407171,FAILED
2026-08-13T08:16:04.144817+00:00,1786608600,1786608900,AVAX/USD,DOWN,6.493,0.9907438488812498,0.8151260504201681,0.84593837535014,0.8207282913165266,2026-08-13T08:20:00+00:00,6.493,3,0.0,-0.00292623,FAILED
2026-08-13T08:16:04.144817+00:00,1786608600,1786608900,AVAX/USD,DOWN,6.493,0.9907438488812498,0.8151260504201681,0.84593837535014,0.8207282913165266,2026-08-13T08:20:00+00:00,6.493,6,0.0,-0.00292623,FAILED
2026-08-13T08:16:04.144817+00:00,1786608600,1786608900,AVAX/USD,DOWN,6.493,0.9907438488812498,0.8151260504201681,0.84593837535014,0.8207282913165266,2026-08-13T08:20:00+00:00,6.493,12,0.0,-0.00292623,FAILED
2026-08-13T08:20:38.637362+00:00,1786608900,1786609200,DOGE/USD,DOWN,0.0705061,0.9178914458064406,0.7471910112359551,0.7921348314606742,0.7808988764044944,2026-08-13T08:25:00+00:00,0.0705061,3,0.00059853,-9.93e-06,UNRESOLVED
2026-08-13T08:20:38.637362+00:00,1786608900,1786609200,DOGE/USD,DOWN,0.0705061,0.9178914458064406,0.7471910112359551,0.7921348314606742,0.7808988764044944,2026-08-13T08:25:00+00:00,0.0705061,6,0.00079568,-0.00049499,UNRESOLVED
2026-08-13T08:20:38.637362+00:00,1786608900,1786609200,DOGE/USD,DOWN,0.0705061,0.9178914458064406,0.7471910112359551,0.7921348314606742,0.7808988764044944,2026-08-13T08:25:00+00:00,0.0705061,12,0.00365784,-0.00049499,ACCEPTED
2026-08-13T08:20:38.637393+00:00,1786608900,1786609200,AVAX/USD,UP,6.495,0.9943815481894046,0.7142857142857143,0.7591036414565826,0.5098039215686274,2026-08-13T08:25:00+00:00,6.495,3,0.0026174,0.00061586,ACCEPTED
2026-08-13T08:20:38.637393+00:00,1786608900,1786609200,AVAX/USD,UP,6.495,0.9943815481894046,0.7142857142857143,0.7591036414565826,0.5098039215686274,2026-08-13T08:25:00+00:00,6.495,6,0.0026174,0.00061586,ACCEPTED
2026-08-13T08:20:38.637393+00:00,1786608900,1786609200,AVAX/USD,UP,6.495,0.9943815481894046,0.7142857142857143,0.7591036414565826,0.5098039215686274,2026-08-13T08:25:00+00:00,6.495,12,0.0026174,-0.00138568,ACCEPTED
2026-08-13T08:21:24.410999+00:00,1786608900,1786609200,ADA/USD,UP,0.185582,1.0,0.9444444444444444,0.9611111111111111,0.9166666666666666,2026-08-13T08:25:00+00:00,0.185582,3,0.00042569,-0.00309297,FAILED
2026-08-13T08:21:24.410999+00:00,1786608900,1786609200,ADA/USD,UP,0.185582,1.0,0.9444444444444444,0.9611111111111111,0.9166666666666666,2026-08-13T08:25:00+00:00,0.185582,6,0.00142794,-0.00309297,FAILED
2026-08-13T08:21:24.410999+00:00,1786608900,1786609200,ADA/USD,UP,0.185582,1.0,0.9444444444444444,0.9611111111111111,0.9166666666666666,2026-08-13T08:25:00+00:00,0.185582,12,0.00464485,-0.00309297,FAILED
2026-08-13T08:30:33.772288+00:00,1786609500,1786609800,AAVE/USD,UP,89.08,1.0,0.8473282442748091,0.8740458015267175,0.8969465648854962,2026-08-13T08:35:00+00:00,89.08,3,-0.00056129,-0.00202066,UNRESOLVED
2026-08-13T08:30:33.772288+00:00,1786609500,1786609800,AAVE/USD,UP,89.08,1.0,0.8473282442748091,0.8740458015267175,0.8969465648854962,2026-08-13T08:35:00+00:00,89.08,6,0.00011226,-0.00202066,UNRESOLVED
2026-08-13T08:30:33.772288+00:00,1786609500,1786609800,AAVE/USD,UP,89.08,1.0,0.8473282442748091,0.8740458015267175,0.8969465648854962,2026-08-13T08:35:00+00:00,89.08,12,0.00011226,-0.00415357,FAILED
2026-08-13T08:40:29.517833+00:00,1786610100,1786610400,ADA/USD,DOWN,0.185806,0.9079461097295183,0.7722222222222223,0.8,0.6361111111111111,2026-08-13T08:45:00+00:00,0.185806,3,0.00123247,-0.00022066,UNRESOLVED
2026-08-13T08:40:29.517833+00:00,1786610100,1786610400,ADA/USD,DOWN,0.185806,0.9079461097295183,0.7722222222222223,0.8,0.6361111111111111,2026-08-13T08:45:00+00:00,0.185806,6,0.00248646,-0.00343369,FAILED
2026-08-13T08:40:29.517833+00:00,1786610100,1786610400,ADA/USD,DOWN,0.185806,0.9079461097295183,0.7722222222222223,0.8,0.6361111111111111,2026-08-13T08:45:00+00:00,0.185806,12,0.00399879,-0.00343369,FAILED
2026-08-13T08:40:29.517892+00:00,1786610100,1786610400,LINK/USD,UP,8.75338,1.0,0.7002801120448179,0.7619047619047619,0.047619047619047616,2026-08-13T08:45:00+00:00,8.75338,3,0.00049581,-0.00099162,UNRESOLVED
2026-08-13T08:40:29.517892+00:00,1786610100,1786610400,LINK/USD,UP,8.75338,1.0,0.7002801120448179,0.7619047619047619,0.047619047619047616,2026-08-13T08:45:00+00:00,8.75338,6,0.00049581,-0.00282062,FAILED
2026-08-13T08:40:29.517892+00:00,1786610100,1786610400,LINK/USD,UP,8.75338,1.0,0.7002801120448179,0.7619047619047619,0.047619047619047616,2026-08-13T08:45:00+00:00,8.75338,12,0.00049581,-0.00663172,FAILED
2026-08-13T08:40:44.958011+00:00,1786610100,1786610400,DOT/USD,DOWN,0.7735,0.9325264396161369,0.8803680981595092,0.8834355828220859,0.8987730061349694,2026-08-13T08:45:00+00:00,0.7735,3,0.0,-0.00077569,UNRESOLVED
2026-08-13T08:40:44.958011+00:00,1786610100,1786610400,DOT/USD,DOWN,0.7735,0.9325264396161369,0.8803680981595092,0.8834355828220859,0.8987730061349694,2026-08-13T08:45:00+00:00,0.7735,6,0.00025856,-0.00129282,UNRESOLVED
2026-08-13T08:40:44.958011+00:00,1786610100,1786610400,DOT/USD,DOWN,0.7735,0.9325264396161369,0.8803680981595092,0.8834355828220859,0.8987730061349694,2026-08-13T08:45:00+00:00,0.7735,12,0.00232708,-0.00129282,UNRESOLVED
2026-08-13T08:45:35.692822+00:00,1786610400,1786610700,DOT/USD,DOWN,0.7735,0.9735957103142384,0.7760736196319018,0.7975460122699386,0.9325153374233128,2026-08-13T08:50:00+00:00,0.7735,3,0.0,-0.00077569,UNRESOLVED
2026-08-13T08:45:35.692822+00:00,1786610400,1786610700,DOT/USD,DOWN,0.7735,0.9735957103142384,0.7760736196319018,0.7975460122699386,0.9325153374233128,2026-08-13T08:50:00+00:00,0.7735,6,0.00142211,-0.00129282,UNRESOLVED
2026-08-13T08:45:35.692822+00:00,1786610400,1786610700,DOT/USD,DOWN,0.7735,0.9735957103142384,0.7760736196319018,0.7975460122699386,0.9325153374233128,2026-08-13T08:50:00+00:00,0.7735,12,0.00232708,-0.00129282,UNRESOLVED
2026-08-13T08:50:26.395892+00:00,1786610700,1786611000,DOT/USD,DOWN,0.7736,1.0,0.852760736196319,0.8680981595092024,0.8466257668711656,2026-08-13T08:55:00+00:00,0.7736,3,0.00012927,-0.00116339,UNRESOLVED
2026-08-13T08:50:26.395892+00:00,1786610700,1786611000,DOT/USD,DOWN,0.7736,1.0,0.852760736196319,0.8680981595092024,0.8466257668711656,2026-08-13T08:55:00+00:00,0.7736,6,0.00245605,-0.00116339,UNRESOLVED
2026-08-13T08:50:26.395892+00:00,1786610700,1786611000,DOT/USD,DOWN,0.7736,1.0,0.852760736196319,0.8680981595092024,0.8466257668711656,2026-08-13T08:55:00+00:00,0.7736,12,0.00245605,-0.00116339,UNRESOLVED
2026-08-13T08:55:16.721556+00:00,1786611000,1786611300,DOT/USD,UP,0.7741,0.9622905825206691,0.8374233128834356,0.852760736196319,0.7085889570552147,2026-08-13T09:00:00+00:00,0.7741,3,0.00051673,-0.00103346,UNRESOLVED
2026-08-13T08:55:16.721556+00:00,1786611000,1786611300,DOT/USD,UP,0.7741,0.9622905825206691,0.8374233128834356,0.852760736196319,0.7085889570552147,2026-08-13T09:00:00+00:00,0.7741,6,0.00051673,-0.00310037,FAILED
2026-08-13T08:55:16.721556+00:00,1786611000,1786611300,DOT/USD,UP,0.7741,0.9622905825206691,0.8374233128834356,0.852760736196319,0.7085889570552147,2026-08-13T09:00:00+00:00,0.7741,12,0.00051673,-0.00310037,FAILED
2026-08-13T08:56:02.730112+00:00,1786611000,1786611300,SOL/USD,UP,76.13,0.7417247670260445,0.7351351351351352,0.754054054054054,0.42162162162162165,2026-08-13T09:00:00+00:00,76.13,3,0.00026271,-0.0014449,UNRESOLVED
2026-08-13T08:56:02.730112+00:00,1786611000,1786611300,SOL/USD,UP,76.13,0.7417247670260445,0.7351351351351352,0.754054054054054,0.42162162162162165,2026-08-13T09:00:00+00:00,76.13,6,0.00026271,-0.00407198,FAILED
2026-08-13T08:56:02.730112+00:00,1786611000,1786611300,SOL/USD,UP,76.13,0.7417247670260445,0.7351351351351352,0.754054054054054,0.42162162162162165,2026-08-13T09:00:00+00:00,76.13,12,0.00026271,-0.00407198,FAILED
2026-08-13T08:56:02.730146+00:00,1786611000,1786611300,ETH/USD,UP,1887.2,0.9200306322283599,0.9918918918918919,0.9945945945945946,0.9216216216216216,2026-08-13T09:00:00+00:00,1887.2,3,0.00049809,-0.00199237,UNRESOLVED
2026-08-13T08:56:02.730146+00:00,1786611000,1786611300,ETH/USD,UP,1887.2,0.9200306322283599,0.9918918918918919,0.9945945945945946,0.9216216216216216,2026-08-13T09:00:00+00:00,1887.2,6,0.00049809,-0.00391585,FAILED
2026-08-13T08:56:02.730146+00:00,1786611000,1786611300,ETH/USD,UP,1887.2,0.9200306322283599,0.9918918918918919,0.9945945945945946,0.9216216216216216,2026-08-13T09:00:00+00:00,1887.2,12,0.00049809,-0.00391585,FAILED
2026-08-13T09:00:52.983252+00:00,1786611300,1786611600,XRP/USD,UP,1.01177,0.7842848437043046,0.8891891891891892,0.9162162162162162,0.33513513513513515,2026-08-13T09:05:00+00:00,1.01177,3,0.00022732,-0.00260929,FAILED
2026-08-13T09:00:52.983252+00:00,1786611300,1786611600,XRP/USD,UP,1.01177,0.7842848437043046,0.8891891891891892,0.9162162162162162,0.33513513513513515,2026-08-13T09:05:00+00:00,1.01177,6,0.00022732,-0.00265871,FAILED
2026-08-13T09:00:52.983252+00:00,1786611300,1786611600,XRP/USD,UP,1.01177,0.7842848437043046,0.8891891891891892,0.9162162162162162,0.33513513513513515,2026-08-13T09:05:00+00:00,1.01177,12,0.00022732,-0.00265871,FAILED
2026-08-13T09:00:52.983268+00:00,1786611300,1786611600,ADA/USD,UP,0.186273,0.6313078961033812,0.8861111111111111,0.9,0.8833333333333333,2026-08-13T09:05:00+00:00,0.186273,3,0.00091801,-0.00570668,FAILED
2026-08-13T09:00:52.983268+00:00,1786611300,1786611600,ADA/USD,UP,0.186273,0.6313078961033812,0.8861111111111111,0.9,0.8833333333333333,2026-08-13T09:05:00+00:00,0.186273,6,0.00091801,-0.00586773,FAILED
2026-08-13T09:00:52.983268+00:00,1786611300,1786611600,ADA/USD,UP,0.186273,0.6313078961033812,0.8861111111111111,0.9,0.8833333333333333,2026-08-13T09:05:00+00:00,0.186273,12,0.00091801,-0.00649584,FAILED
2026-08-13T09:01:08.263550+00:00,1786611300,1786611600,DOGE/USD,DOWN,0.0704265,1.0,0.7528089887640449,0.800561797752809,0.547752808988764,2026-08-13T09:05:00+00:00,0.0704265,3,0.00253172,-0.00012495,ACCEPTED
2026-08-13T09:01:08.263550+00:00,1786611300,1786611600,DOGE/USD,DOWN,0.0704265,1.0,0.7528089887640449,0.800561797752809,0.547752808988764,2026-08-13T09:05:00+00:00,0.0704265,6,0.00253172,-0.00012495,ACCEPTED
2026-08-13T09:01:08.263550+00:00,1786611300,1786611600,DOGE/USD,DOWN,0.0704265,1.0,0.7528089887640449,0.800561797752809,0.547752808988764,2026-08-13T09:05:00+00:00,0.0704265,12,0.00253172,-0.00018885,ACCEPTED
2026-08-13T09:01:08.263597+00:00,1786611300,1786611600,DOT/USD,DOWN,0.7738,1.0,0.7484662576687117,0.7791411042944786,0.7699386503067485,2026-08-13T09:05:00+00:00,0.7738,3,0.00180925,-0.00090463,UNRESOLVED
2026-08-13T09:01:08.263597+00:00,1786611300,1786611600,DOT/USD,DOWN,0.7738,1.0,0.7484662576687117,0.7791411042944786,0.7699386503067485,2026-08-13T09:05:00+00:00,0.7738,6,0.00271388,-0.00090463,ACCEPTED
2026-08-13T09:01:08.263597+00:00,1786611300,1786611600,DOT/USD,DOWN,0.7738,1.0,0.7484662576687117,0.7791411042944786,0.7699386503067485,2026-08-13T09:05:00+00:00,0.7738,12,0.00271388,-0.00090463,ACCEPTED
2026-08-13T09:10:33.121311+00:00,1786611900,1786612200,ADA/USD,DOWN,0.185514,0.9105208550637427,0.825,0.8666666666666667,0.6611111111111111,2026-08-13T09:15:00+00:00,0.185514,3,0.0018004,0.00027491,UNRESOLVED
2026-08-13T09:10:33.121311+00:00,1786611900,1786612200,ADA/USD,DOWN,0.185514,0.9105208550637427,0.825,0.8666666666666667,0.6611111111111111,2026-08-13T09:15:00+00:00,0.185514,6,0.00243108,0.00027491,UNRESOLVED
2026-08-13T09:10:33.121311+00:00,1786611900,1786612200,ADA/USD,DOWN,0.185514,0.9105208550637427,0.825,0.8666666666666667,0.6611111111111111,2026-08-13T09:15:00+00:00,0.185514,12,0.00243108,-0.00012937,UNRESOLVED
2026-08-13T09:10:33.121357+00:00,1786611900,1786612200,AVAX/USD,UP,6.498,0.8294943259798273,0.7030812324929971,0.7226890756302521,0.42016806722689076,2026-08-13T09:15:00+00:00,6.498,3,-0.00015389,-0.00184672,UNRESOLVED
2026-08-13T09:10:33.121357+00:00,1786611900,1786612200,AVAX/USD,UP,6.498,0.8294943259798273,0.7030812324929971,0.7226890756302521,0.42016806722689076,2026-08-13T09:15:00+00:00,6.498,6,-0.00015389,-0.00338566,FAILED
2026-08-13T09:10:33.121357+00:00,1786611900,1786612200,AVAX/USD,UP,6.498,0.8294943259798273,0.7030812324929971,0.7226890756302521,0.42016806722689076,2026-08-13T09:15:00+00:00,6.498,12,-0.00015389,-0.00338566,FAILED
2026-08-13T09:15:23.465392+00:00,1786612200,1786612500,SOL/USD,DOWN,75.91,0.9652446939057832,0.8243243243243243,0.8621621621621621,0.8891891891891892,2026-08-13T09:20:00+00:00,75.91,3,0.00118561,-0.00118561,UNRESOLVED
2026-08-13T09:15:23.465392+00:00,1786612200,1786612500,SOL/USD,DOWN,75.91,0.9652446939057832,0.8243243243243243,0.8621621621621621,0.8891891891891892,2026-08-13T09:20:00+00:00,75.91,6,0.00118561,-0.00118561,UNRESOLVED
2026-08-13T09:15:23.465392+00:00,1786612200,1786612500,SOL/USD,DOWN,75.91,0.9652446939057832,0.8243243243243243,0.8621621621621621,0.8891891891891892,2026-08-13T09:20:00+00:00,75.91,12,0.00210776,-0.0026347,FAILED
2026-08-13T09:15:38.893473+00:00,1786612200,1786612500,LINK/USD,UP,8.7,0.7297501945584939,0.742296918767507,0.7450980392156863,0.7871148459383753,2026-08-13T09:20:00+00:00,8.7,3,0.00028736,-0.00053678,UNRESOLVED
2026-08-13T09:15:38.893473+00:00,1786612200,1786612500,LINK/USD,UP,8.7,0.7297501945584939,0.742296918767507,0.7450980392156863,0.7871148459383753,2026-08-13T09:20:00+00:00,8.7,6,0.00098276,-0.00053678,UNRESOLVED
2026-08-13T09:15:38.893473+00:00,1786612200,1786612500,LINK/USD,UP,8.7,0.7297501945584939,0.742296918767507,0.7450980392156863,0.7871148459383753,2026-08-13T09:20:00+00:00,8.7,12,0.0017954,-0.00152069,UNRESOLVED
2026-08-13T09:15:54.171933+00:00,1786612200,1786612500,DOT/USD,UP,0.7724,0.940335239207101,0.9754601226993865,0.9754601226993865,0.9662576687116564,2026-08-13T09:20:00+00:00,0.7724,3,0.00051787,-0.00090627,UNRESOLVED
2026-08-13T09:15:54.171933+00:00,1786612200,1786612500,DOT/USD,UP,0.7724,0.940335239207101,0.9754601226993865,0.9754601226993865,0.9662576687116564,2026-08-13T09:20:00+00:00,0.7724,6,0.00051787,-0.00090627,UNRESOLVED
2026-08-13T09:15:54.171933+00:00,1786612200,1786612500,DOT/USD,UP,0.7724,0.940335239207101,0.9754601226993865,0.9754601226993865,0.9662576687116564,2026-08-13T09:20:00+00:00,0.7724,12,0.00051787,-0.001942,UNRESOLVED
2026-08-13T09:20:44.642891+00:00,1786612500,1786612800,DOT/USD,DOWN,0.7726,1.0,0.7699386503067485,0.8006134969325154,0.9447852760736196,2026-08-13T09:25:00+00:00,0.7726,3,0.00051773,-0.00025887,UNRESOLVED
2026-08-13T09:20:44.642891+00:00,1786612500,1786612800,DOT/USD,DOWN,0.7726,1.0,0.7699386503067485,0.8006134969325154,0.9447852760736196,2026-08-13T09:25:00+00:00,0.7726,6,0.00103546,-0.00025887,UNRESOLVED
2026-08-13T09:20:44.642891+00:00,1786612500,1786612800,DOT/USD,DOWN,0.7726,1.0,0.7699386503067485,0.8006134969325154,0.9447852760736196,2026-08-13T09:25:00+00:00,0.7726,12,0.00220036,-0.00025887,UNRESOLVED
2026-08-13T09:25:35.164477+00:00,1786612800,1786613100,ADA/USD,UP,0.185236,0.9526957357881358,0.9305555555555556,0.9472222222222222,0.9111111111111111,2026-08-13T09:30:00+00:00,0.185236,3,0.00114988,-0.00093394,UNRESOLVED
2026-08-13T09:25:35.164477+00:00,1786612800,1786613100,ADA/USD,UP,0.185236,0.9526957357881358,0.9305555555555556,0.9472222222222222,0.9111111111111111,2026-08-13T09:30:00+00:00,0.185236,6,0.00163035,-0.00093394,UNRESOLVED
2026-08-13T09:25:35.164477+00:00,1786612800,1786613100,ADA/USD,UP,0.185236,0.9526957357881358,0.9305555555555556,0.9472222222222222,0.9111111111111111,2026-08-13T09:30:00+00:00,0.185236,12,0.00163035,-0.00341186,FAILED
2026-08-13T09:35:32.680053+00:00,1786613400,1786613700,AVAX/USD,UP,6.491,0.9904894300379726,0.7226890756302521,0.7619047619047619,0.7310924369747899,2026-08-13T09:40:00+00:00,6.491,3,0.0,-0.00231089,UNRESOLVED
2026-08-13T09:35:32.680053+00:00,1786613400,1786613700,AVAX/USD,UP,6.491,0.9904894300379726,0.7226890756302521,0.7619047619047619,0.7310924369747899,2026-08-13T09:40:00+00:00,6.491,6,0.0,-0.00231089,UNRESOLVED
2026-08-13T09:35:32.680053+00:00,1786613400,1786613700,AVAX/USD,UP,6.491,0.9904894300379726,0.7226890756302521,0.7619047619047619,0.7310924369747899,2026-08-13T09:40:00+00:00,6.491,12,0.00123248,-0.00231089,UNRESOLVED
2026-08-13T09:40:53.887787+00:00,1786613700,1786614000,BTC/USD,DOWN,63608.8,0.8895579503655522,0.7181571815718157,0.8238482384823849,0.12466124661246612,2026-08-13T09:45:00+00:00,63608.8,3,0.0,-0.00157211,UNRESOLVED
2026-08-13T09:40:53.887787+00:00,1786613700,1786614000,BTC/USD,DOWN,63608.8,0.8895579503655522,0.7181571815718157,0.8238482384823849,0.12466124661246612,2026-08-13T09:45:00+00:00,63608.8,6,0.000654,-0.00222768,UNRESOLVED
2026-08-13T09:40:53.887787+00:00,1786613700,1786614000,BTC/USD,DOWN,63608.8,0.8895579503655522,0.7181571815718157,0.8238482384823849,0.12466124661246612,2026-08-13T09:45:00+00:00,63608.8,12,0.00131428,-0.00222768,UNRESOLVED
2026-08-13T09:41:09.226669+00:00,1786613700,1786614000,LINK/USD,UP,8.70636,1.0,0.8515406162464986,0.8851540616246498,0.6946778711484594,2026-08-13T09:45:00+00:00,8.70636,3,-0.00032735,-0.00106244,UNRESOLVED
2026-08-13T09:41:09.226669+00:00,1786613700,1786614000,LINK/USD,UP,8.70636,1.0,0.8515406162464986,0.8851540616246498,0.6946778711484594,2026-08-13T09:45:00+00:00,8.70636,6,0.00099353,-0.00225008,UNRESOLVED
2026-08-13T09:41:09.226669+00:00,1786613700,1786614000,LINK/USD,UP,8.70636,1.0,0.8515406162464986,0.8851540616246498,0.6946778711484594,2026-08-13T09:45:00+00:00,8.70636,12,0.00222366,-0.00225008,UNRESOLVED
2026-08-13T09:55:24.600510+00:00,1786614600,1786614900,DOGE/USD,UP,0.0704397,0.9770818691015161,0.7387640449438202,0.7893258426966292,0.7415730337078652,2026-08-13T10:00:00+00:00,0.0704397,3,0.000318,-0.00386004,FAILED
2026-08-13T09:55:24.600510+00:00,1786614600,1786614900,DOGE/USD,UP,0.0704397,0.9770818691015161,0.7387640449438202,0.7893258426966292,0.7415730337078652,2026-08-13T10:00:00+00:00,0.0704397,6,0.000318,-0.00547703,FAILED
2026-08-13T09:55:24.600510+00:00,1786614600,1786614900,DOGE/USD,UP,0.0704397,0.9770818691015161,0.7387640449438202,0.7893258426966292,0.7415730337078652,2026-08-13T10:00:00+00:00,0.0704397,12,0.000318,-0.00757527,FAILED
2026-08-13T09:55:24.600525+00:00,1786614600,1786614900,LINK/USD,UP,8.69744,0.9532352660118901,0.7535014005602241,0.8067226890756303,0.2605042016806723,2026-08-13T10:00:00+00:00,8.69744,3,0.00202013,-0.0012268,UNRESOLVED
2026-08-13T09:55:24.600525+00:00,1786614600,1786614900,LINK/USD,UP,8.69744,0.9532352660118901,0.7535014005602241,0.8067226890756303,0.2605042016806723,2026-08-13T10:00:00+00:00,8.69744,6,0.00322854,-0.0012268,ACCEPTED
2026-08-13T09:55:24.600525+00:00,1786614600,1786614900,LINK/USD,UP,8.69744,0.9532352660118901,0.7535014005602241,0.8067226890756303,0.2605042016806723,2026-08-13T10:00:00+00:00,8.69744,12,0.00348033,-0.0012268,ACCEPTED
2026-08-13T10:05:20.312037+00:00,1786615200,1786615500,BTC/USD,DOWN,63639.4,0.9736709524893036,0.9376693766937669,0.9539295392953929,0.978319783197832,2026-08-13T10:10:00+00:00,63639.4,3,0.00129794,-0.0006254,UNRESOLVED
2026-08-13T10:05:20.312037+00:00,1786615200,1786615500,BTC/USD,DOWN,63639.4,0.9736709524893036,0.9376693766937669,0.9539295392953929,0.978319783197832,2026-08-13T10:10:00+00:00,63639.4,6,0.00179449,-0.0006254,UNRESOLVED
2026-08-13T10:05:20.312037+00:00,1786615200,1786615500,BTC/USD,DOWN,63639.4,0.9736709524893036,0.9376693766937669,0.9539295392953929,0.978319783197832,2026-08-13T10:10:00+00:00,63639.4,12,0.00179449,-0.0006254,UNRESOLVED
2026-08-13T10:05:35.605015+00:00,1786615200,1786615500,ETH/USD,DOWN,1881.07,0.8267793748592879,0.8243243243243243,0.8621621621621621,0.8918918918918919,2026-08-13T10:10:00+00:00,1881.07,3,-0.00039871,-0.00242415,UNRESOLVED
2026-08-13T10:05:35.605015+00:00,1786615200,1786615500,ETH/USD,DOWN,1881.07,0.8267793748592879,0.8243243243243243,0.8621621621621621,0.8918918918918919,2026-08-13T10:10:00+00:00,1881.07,6,0.00037744,-0.00242415,UNRESOLVED
2026-08-13T10:05:35.605015+00:00,1786615200,1786615500,ETH/USD,DOWN,1881.07,0.8267793748592879,0.8243243243243243,0.8621621621621621,0.8918918918918919,2026-08-13T10:10:00+00:00,1881.07,12,0.00038808,-0.00242415,UNRESOLVED
2026-08-13T10:05:35.605031+00:00,1786615200,1786615500,XRP/USD,DOWN,1.00905,0.9241486386300557,0.8648648648648649,0.9108108108108108,0.6297297297297297,2026-08-13T10:10:00+00:00,1.00905,3,0.0026956,-9.91e-05,ACCEPTED
2026-08-13T10:05:35.605031+00:00,1786615200,1786615500,XRP/USD,DOWN,1.00905,0.9241486386300557,0.8648648648648649,0.9108108108108108,0.6297297297297297,2026-08-13T10:10:00+00:00,1.00905,6,0.00376592,-9.91e-05,ACCEPTED
2026-08-13T10:05:35.605031+00:00,1786615200,1786615500,XRP/USD,DOWN,1.00905,0.9241486386300557,0.8648648648648649,0.9108108108108108,0.6297297297297297,2026-08-13T10:10:00+00:00,1.00905,12,0.00376592,-9.91e-05,ACCEPTED
2026-08-13T10:05:50.896443+00:00,1786615200,1786615500,DOT/USD,UP,0.7719,0.9715363866917273,0.9447852760736196,0.9478527607361963,0.9601226993865031,2026-08-13T10:10:00+00:00,0.7719,3,0.00116595,-0.0012955,UNRESOLVED
2026-08-13T10:05:50.896443+00:00,1786615200,1786615500,DOT/USD,UP,0.7719,0.9715363866917273,0.9447852760736196,0.9478527607361963,0.9601226993865031,2026-08-13T10:10:00+00:00,0.7719,6,0.00116595,-0.0012955,UNRESOLVED
2026-08-13T10:05:50.896443+00:00,1786615200,1786615500,DOT/USD,UP,0.7719,0.9715363866917273,0.9447852760736196,0.9478527607361963,0.9601226993865031,2026-08-13T10:10:00+00:00,0.7719,12,0.00168416,-0.0012955,UNRESOLVED
2026-08-13T10:10:25.706705+00:00,1786615500,1786615800,SOL/USD,DOWN,75.81,0.9282725474548308,0.8351351351351352,0.8675675675675676,0.927027027027027,2026-08-13T10:15:00+00:00,75.81,3,0.00079145,-0.00079145,UNRESOLVED
2026-08-13T10:10:25.706705+00:00,1786615500,1786615800,SOL/USD,DOWN,75.81,0.9282725474548308,0.8351351351351352,0.8675675675675676,0.927027027027027,2026-08-13T10:15:00+00:00,75.81,6,0.00237436,-0.00079145,UNRESOLVED
2026-08-13T10:10:25.706705+00:00,1786615500,1786615800,SOL/USD,DOWN,75.81,0.9282725474548308,0.8351351351351352,0.8675675675675676,0.927027027027027,2026-08-13T10:15:00+00:00,75.81,12,0.00263817,-0.00079145,ACCEPTED
2026-08-13T10:10:41.004624+00:00,1786615500,1786615800,DOGE/USD,DOWN,0.0701692,0.9378923627871454,0.9438202247191011,0.952247191011236,0.9662921348314607,2026-08-13T10:15:00+00:00,0.0701692,3,0.00164317,-0.00038763,UNRESOLVED
2026-08-13T10:10:41.004624+00:00,1786615500,1786615800,DOGE/USD,DOWN,0.0701692,0.9378923627871454,0.9438202247191011,0.952247191011236,0.9662921348314607,2026-08-13T10:15:00+00:00,0.0701692,6,0.00374951,-0.00038763,ACCEPTED
2026-08-13T10:10:41.004624+00:00,1786615500,1786615800,DOGE/USD,DOWN,0.0701692,0.9378923627871454,0.9438202247191011,0.952247191011236,0.9662921348314607,2026-08-13T10:15:00+00:00,0.0701692,12,0.00374951,-0.00038763,ACCEPTED
2026-08-13T10:10:41.004641+00:00,1786615500,1786615800,LINK/USD,DOWN,8.70102,0.721151423919474,0.8319327731092437,0.8319327731092437,0.7478991596638656,2026-08-13T10:15:00+00:00,8.70102,3,-0.0012079,-0.00281576,FAILED
2026-08-13T10:10:41.004641+00:00,1786615500,1786615800,LINK/USD,DOWN,8.70102,0.721151423919474,0.8319327731092437,0.8319327731092437,0.7478991596638656,2026-08-13T10:15:00+00:00,8.70102,6,-0.0012079,-0.00283875,FAILED
2026-08-13T10:10:41.004641+00:00,1786615500,1786615800,LINK/USD,DOWN,8.70102,0.721151423919474,0.8319327731092437,0.8319327731092437,0.7478991596638656,2026-08-13T10:15:00+00:00,8.70102,12,-0.0012079,-0.00515572,FAILED
2026-08-13T10:10:41.004656+00:00,1786615500,1786615800,AVAX/USD,DOWN,6.479,0.7300906782360345,0.896358543417367,0.8851540616246498,0.680672268907563,2026-08-13T10:15:00+00:00,6.479,3,-0.00015434,-0.00169779,UNRESOLVED
2026-08-13T10:10:41.004656+00:00,1786615500,1786615800,AVAX/USD,DOWN,6.479,0.7300906782360345,0.896358543417367,0.8851540616246498,0.680672268907563,2026-08-13T10:15:00+00:00,6.479,6,-0.00015434,-0.0030869,FAILED
2026-08-13T10:10:41.004656+00:00,1786615500,1786615800,AVAX/USD,DOWN,6.479,0.7300906782360345,0.896358543417367,0.8851540616246498,0.680672268907563,2026-08-13T10:15:00+00:00,6.479,12,-0.00015434,-0.00463034,FAILED
2026-08-13T10:10:41.004672+00:00,1786615500,1786615800,DOT/USD,DOWN,0.7714,0.7228409114337451,0.911042944785276,0.9079754601226994,0.9263803680981595,2026-08-13T10:15:00+00:00,0.7714,3,-0.00064817,-0.00181488,UNRESOLVED
2026-08-13T10:10:41.004672+00:00,1786615500,1786615800,DOT/USD,DOWN,0.7714,0.7228409114337451,0.911042944785276,0.9079754601226994,0.9263803680981595,2026-08-13T10:15:00+00:00,0.7714,6,-0.0003889,-0.00181488,UNRESOLVED
2026-08-13T10:10:41.004672+00:00,1786615500,1786615800,DOT/USD,DOWN,0.7714,0.7228409114337451,0.911042944785276,0.9079754601226994,0.9263803680981595,2026-08-13T10:15:00+00:00,0.7714,12,-0.0003889,-0.00233342,UNRESOLVED
2026-08-13T10:10:56.289647+00:00,1786615500,1786615800,LTC/USD,DOWN,44.87,0.8632077201774786,0.8837837837837837,0.9027027027027027,0.7783783783783784,2026-08-13T10:15:00+00:00,44.87,3,0.00022287,-0.0006686,UNRESOLVED
2026-08-13T10:10:56.289647+00:00,1786615500,1786615800,LTC/USD,DOWN,44.87,0.8632077201774786,0.8837837837837837,0.9027027027027027,0.7783783783783784,2026-08-13T10:15:00+00:00,44.87,6,0.00156006,-0.0006686,UNRESOLVED
2026-08-13T10:10:56.289647+00:00,1786615500,1786615800,LTC/USD,DOWN,44.87,0.8632077201774786,0.8837837837837837,0.9027027027027027,0.7783783783783784,2026-08-13T10:15:00+00:00,44.87,12,0.00178293,-0.0006686,UNRESOLVED
2026-08-13T10:15:15.858595+00:00,1786615800,1786616100,XRP/USD,DOWN,1.00693,0.8934569187396096,0.9594594594594594,0.9675675675675676,0.9486486486486486,2026-08-13T10:20:00+00:00,1.00693,3,0.00089381,-0.00067532,UNRESOLVED
2026-08-13T10:15:15.858595+00:00,1786615800,1786616100,XRP/USD,DOWN,1.00693,0.8934569187396096,0.9594594594594594,0.9675675675675676,0.9486486486486486,2026-08-13T10:20:00+00:00,1.00693,6,0.00166844,-0.00067532,UNRESOLVED
2026-08-13T10:15:15.858595+00:00,1786615800,1786616100,XRP/USD,DOWN,1.00693,0.8934569187396096,0.9594594594594594,0.9675675675675676,0.9486486486486486,2026-08-13T10:20:00+00:00,1.00693,12,0.00166844,-0.00067532,UNRESOLVED
2026-08-13T10:15:31.146490+00:00,1786615800,1786616100,LINK/USD,UP,8.71451,1.0,0.834733893557423,0.8599439775910365,0.34173669467787116,2026-08-13T10:20:00+00:00,8.71451,3,0.00128636,0.00045786,UNRESOLVED
2026-08-13T10:15:31.146490+00:00,1786615800,1786616100,LINK/USD,UP,8.71451,1.0,0.834733893557423,0.8599439775910365,0.34173669467787116,2026-08-13T10:20:00+00:00,8.71451,6,0.00151472,0.00045786,UNRESOLVED
2026-08-13T10:15:31.146490+00:00,1786615800,1786616100,LINK/USD,UP,8.71451,1.0,0.834733893557423,0.8599439775910365,0.34173669467787116,2026-08-13T10:20:00+00:00,8.71451,12,0.00359974,-0.0016811,ACCEPTED
2026-08-13T10:20:06.000709+00:00,1786616100,1786616400,AAVE/USD,DOWN,88.76,1.0,0.816793893129771,0.8396946564885496,0.4770992366412214,2026-08-13T10:25:00+00:00,88.76,3,0.00180261,0.00011266,UNRESOLVED
2026-08-13T10:20:06.000709+00:00,1786616100,1786616400,AAVE/USD,DOWN,88.76,1.0,0.816793893129771,0.8396946564885496,0.4770992366412214,2026-08-13T10:25:00+00:00,88.76,6,0.00180261,-0.00090131,UNRESOLVED
2026-08-13T10:20:06.000709+00:00,1786616100,1786616400,AAVE/USD,DOWN,88.76,1.0,0.816793893129771,0.8396946564885496,0.4770992366412214,2026-08-13T10:25:00+00:00,88.76,12,0.00180261,-0.00180261,UNRESOLVED
2026-08-13T10:21:07.182240+00:00,1786616100,1786616400,DOGE/USD,UP,0.0700924,0.641068611576362,0.7612359550561798,0.7528089887640449,0.8174157303370787,2026-08-13T10:25:00+00:00,0.0700924,3,0.00044798,-0.00265792,FAILED
2026-08-13T10:21:07.182240+00:00,1786616100,1786616400,DOGE/USD,UP,0.0700924,0.641068611576362,0.7612359550561798,0.7528089887640449,0.8174157303370787,2026-08-13T10:25:00+00:00,0.0700924,6,0.00044798,-0.00265792,FAILED
2026-08-13T10:21:07.182240+00:00,1786616100,1786616400,DOGE/USD,UP,0.0700924,0.641068611576362,0.7612359550561798,0.7528089887640449,0.8174157303370787,2026-08-13T10:25:00+00:00,0.0700924,12,0.00067054,-0.00265792,FAILED
2026-08-13T10:25:11.485176+00:00,1786616400,1786616700,LINK/USD,DOWN,8.72342,0.7499951371200688,0.8739495798319328,0.876750700280112,0.84593837535014,2026-08-13T10:30:00+00:00,8.72342,3,0.00046885,-0.00026366,UNRESOLVED
2026-08-13T10:25:11.485176+00:00,1786616400,1786616700,LINK/USD,DOWN,8.72342,0.7499951371200688,0.8739495798319328,0.876750700280112,0.84593837535014,2026-08-13T10:30:00+00:00,8.72342,6,0.00088383,-0.00049178,UNRESOLVED
2026-08-13T10:25:11.485176+00:00,1786616400,1786616700,LINK/USD,DOWN,8.72342,0.7499951371200688,0.8739495798319328,0.876750700280112,0.84593837535014,2026-08-13T10:30:00+00:00,8.72342,12,0.00672901,-0.00257468,FAILED
2026-08-13T10:25:11.485192+00:00,1786616400,1786616700,AVAX/USD,UP,6.49,0.9363378809220105,0.9411764705882353,0.9551820728291317,0.9803921568627451,2026-08-13T10:30:00+00:00,6.49,3,0.00138675,0.00015408,UNRESOLVED
2026-08-13T10:25:11.485192+00:00,1786616400,1786616700,AVAX/USD,UP,6.49,0.9363378809220105,0.9411764705882353,0.9551820728291317,0.9803921568627451,2026-08-13T10:30:00+00:00,6.49,6,0.0027735,0.00015408,ACCEPTED
2026-08-13T10:25:11.485192+00:00,1786616400,1786616700,AVAX/USD,UP,6.49,0.9363378809220105,0.9411764705882353,0.9551820728291317,0.9803921568627451,2026-08-13T10:30:00+00:00,6.49,12,0.00292758,0.0,ACCEPTED
2026-08-13T10:25:26.774720+00:00,1786616400,1786616700,AAVE/USD,UP,88.74,1.0,0.7290076335877863,0.767175572519084,0.26717557251908397,2026-08-13T10:30:00+00:00,88.74,3,0.00011269,-0.00157764,UNRESOLVED
2026-08-13T10:25:26.774720+00:00,1786616400,1786616700,AAVE/USD,UP,88.74,1.0,0.7290076335877863,0.767175572519084,0.26717557251908397,2026-08-13T10:30:00+00:00,88.74,6,0.0020284,-0.00157764,UNRESOLVED
2026-08-13T10:25:26.774720+00:00,1786616400,1786616700,AAVE/USD,UP,88.74,1.0,0.7290076335877863,0.767175572519084,0.26717557251908397,2026-08-13T10:30:00+00:00,88.74,12,0.0020284,-0.00247915,UNRESOLVED
2026-08-13T10:31:02.817185+00:00,1786616700,1786617000,AAVE/USD,DOWN,88.63,0.9774897256984669,0.8549618320610687,0.8893129770992366,0.851145038167939,2026-08-13T10:35:00+00:00,88.63,3,0.00033849,-0.00203092,UNRESOLVED
2026-08-13T10:31:02.817185+00:00,1786616700,1786617000,AAVE/USD,DOWN,88.63,0.9774897256984669,0.8549618320610687,0.8893129770992366,0.851145038167939,2026-08-13T10:35:00+00:00,88.63,6,0.00033849,-0.00327203,FAILED
2026-08-13T10:31:02.817185+00:00,1786616700,1786617000,AAVE/USD,DOWN,88.63,0.9774897256984669,0.8549618320610687,0.8893129770992366,0.851145038167939,2026-08-13T10:35:00+00:00,88.63,12,0.00225657,-0.00327203,FAILED
2026-08-13T10:35:22.426836+00:00,1786617000,1786617300,SOL/USD,DOWN,75.64,0.5822630402523167,0.7108108108108108,0.7,0.8648648648648649,2026-08-13T10:40:00+00:00,75.64,3,-0.00013221,-0.00092544,UNRESOLVED
2026-08-13T10:35:22.426836+00:00,1786617000,1786617300,SOL/USD,DOWN,75.64,0.5822630402523167,0.7108108108108108,0.7,0.8648648648648649,2026-08-13T10:40:00+00:00,75.64,6,0.0,-0.00092544,UNRESOLVED
2026-08-13T10:35:22.426836+00:00,1786617000,1786617300,SOL/USD,DOWN,75.64,0.5822630402523167,0.7108108108108108,0.7,0.8648648648648649,2026-08-13T10:40:00+00:00,75.64,12,0.00198308,-0.00092544,UNRESOLVED
2026-08-13T10:35:37.722733+00:00,1786617000,1786617300,ADA/USD,DOWN,0.18467,0.7244199722597102,0.7194444444444444,0.7222222222222222,0.7111111111111111,2026-08-13T10:40:00+00:00,0.18467,3,0.00025992,-0.00172741,UNRESOLVED
2026-08-13T10:35:37.722733+00:00,1786617000,1786617300,ADA/USD,DOWN,0.18467,0.7244199722597102,0.7194444444444444,0.7222222222222222,0.7111111111111111,2026-08-13T10:40:00+00:00,0.18467,6,0.0016191,-0.00172741,UNRESOLVED
2026-08-13T10:35:37.722733+00:00,1786617000,1786617300,ADA/USD,DOWN,0.18467,0.7244199722597102,0.7194444444444444,0.7222222222222222,0.7111111111111111,2026-08-13T10:40:00+00:00,0.18467,12,0.00788975,-0.00172741,ACCEPTED
2026-08-13T10:35:53.021125+00:00,1786617000,1786617300,AAVE/USD,DOWN,88.6,1.0,0.9465648854961832,0.950381679389313,0.9618320610687023,2026-08-13T10:40:00+00:00,88.6,3,0.0,-0.0027088,FAILED
2026-08-13T10:35:53.021125+00:00,1786617000,1786617300,AAVE/USD,DOWN,88.6,1.0,0.9465648854961832,0.950381679389313,0.9618320610687023,2026-08-13T10:40:00+00:00,88.6,6,0.0,-0.00361174,FAILED
2026-08-13T10:35:53.021125+00:00,1786617000,1786617300,AAVE/USD,DOWN,88.6,1.0,0.9465648854961832,0.950381679389313,0.9618320610687023,2026-08-13T10:40:00+00:00,88.6,12,0.00406321,-0.00361174,FAILED
2026-08-13T10:45:18.137776+00:00,1786617600,1786617900,ETH/USD,UP,1881.85,0.9919224392924949,0.727027027027027,0.8243243243243243,0.24594594594594596,2026-08-13T10:50:00+00:00,1881.85,3,-3.72e-05,-0.00050482,UNRESOLVED
2026-08-13T10:45:18.137776+00:00,1786617600,1786617900,ETH/USD,UP,1881.85,0.9919224392924949,0.727027027027027,0.8243243243243243,0.24594594594594596,2026-08-13T10:50:00+00:00,1881.85,6,-3.72e-05,-0.00140819,UNRESOLVED
2026-08-13T10:45:18.137776+00:00,1786617600,1786617900,ETH/USD,UP,1881.85,0.9919224392924949,0.727027027027027,0.8243243243243243,0.24594594594594596,2026-08-13T10:50:00+00:00,1881.85,12,-3.72e-05,-0.00411829,FAILED
2026-08-13T10:45:33.430685+00:00,1786617600,1786617900,XRP/USD,UP,1.0071,0.8130551237105405,0.7810810810810811,0.8351351351351352,0.08648648648648649,2026-08-13T10:50:00+00:00,1.0071,3,0.00037732,-0.00019859,UNRESOLVED
2026-08-13T10:45:33.430685+00:00,1786617600,1786617900,XRP/USD,UP,1.0071,0.8130551237105405,0.7810810810810811,0.8351351351351352,0.08648648648648649,2026-08-13T10:50:00+00:00,1.0071,6,0.00037732,-0.00100288,UNRESOLVED
2026-08-13T10:45:33.430685+00:00,1786617600,1786617900,XRP/USD,UP,1.0071,0.8130551237105405,0.7810810810810811,0.8351351351351352,0.08648648648648649,2026-08-13T10:50:00+00:00,1.0071,12,0.00037732,-0.00493496,FAILED
2026-08-13T10:45:48.730855+00:00,1786617600,1786617900,AAVE/USD,UP,88.81,0.6235312202129869,0.8816793893129771,0.8549618320610687,0.8396946564885496,2026-08-13T10:50:00+00:00,88.81,3,0.0012386,0.0002252,UNRESOLVED
2026-08-13T10:45:48.730855+00:00,1786617600,1786617900,AAVE/USD,UP,88.81,0.6235312202129869,0.8816793893129771,0.8549618320610687,0.8396946564885496,2026-08-13T10:50:00+00:00,88.81,6,0.0012386,0.0002252,UNRESOLVED
2026-08-13T10:45:48.730855+00:00,1786617600,1786617900,AAVE/USD,UP,88.81,0.6235312202129869,0.8816793893129771,0.8549618320610687,0.8396946564885496,2026-08-13T10:50:00+00:00,88.81,12,0.0012386,-0.007319,FAILED
2026-08-13T10:50:38.989902+00:00,1786617900,1786618200,AAVE/USD,DOWN,88.83,1.0,0.8435114503816794,0.8664122137404581,0.7099236641221374,2026-08-13T10:55:00+00:00,88.83,3,-0.00101317,-0.00101317,UNRESOLVED
2026-08-13T10:50:38.989902+00:00,1786617900,1786618200,AAVE/USD,DOWN,88.83,1.0,0.8435114503816794,0.8664122137404581,0.7099236641221374,2026-08-13T10:55:00+00:00,88.83,6,-0.00101317,-0.00101317,UNRESOLVED
2026-08-13T10:50:38.989902+00:00,1786617900,1786618200,AAVE/USD,DOWN,88.83,1.0,0.8435114503816794,0.8664122137404581,0.7099236641221374,2026-08-13T10:55:00+00:00,88.83,12,0.0075425,-0.00101317,ACCEPTED
2026-08-13T10:55:59.914258+00:00,1786618200,1786618500,LINK/USD,UP,8.7219,1.0,0.9411764705882353,0.9495798319327731,0.927170868347339,2026-08-13T11:00:00+00:00,8.7219,3,0.0027494,0.00074181,ACCEPTED
2026-08-13T10:55:59.914258+00:00,1786618200,1786618500,LINK/USD,UP,8.7219,1.0,0.9411764705882353,0.9495798319327731,0.927170868347339,2026-08-13T11:00:00+00:00,8.7219,6,0.0027494,-0.00655591,ACCEPTED
2026-08-13T10:55:59.914258+00:00,1786618200,1786618500,LINK/USD,UP,8.7219,1.0,0.9411764705882353,0.9495798319327731,0.927170868347339,2026-08-13T11:00:00+00:00,8.7219,12,0.0027494,-0.00655591,ACCEPTED
2026-08-13T11:00:34.844668+00:00,1786618500,1786618800,SOL/USD,DOWN,75.66,0.9592639783777847,0.7513513513513513,0.8054054054054054,0.0918918918918919,2026-08-13T11:05:00+00:00,75.66,3,0.00118953,-0.00013217,UNRESOLVED
2026-08-13T11:00:34.844668+00:00,1786618500,1786618800,SOL/USD,DOWN,75.66,0.9592639783777847,0.7513513513513513,0.8054054054054054,0.0918918918918919,2026-08-13T11:05:00+00:00,75.66,6,0.00185038,-0.00013217,UNRESOLVED
2026-08-13T11:00:34.844668+00:00,1786618500,1786618800,SOL/USD,DOWN,75.66,0.9592639783777847,0.7513513513513513,0.8054054054054054,0.0918918918918919,2026-08-13T11:05:00+00:00,75.66,12,0.00224689,-0.00013217,UNRESOLVED
2026-08-13T11:10:45.742117+00:00,1786619100,1786619400,LINK/USD,UP,8.73956,0.9738048541290104,0.9467787114845938,0.9523809523809523,0.8907563025210085,2026-08-13T11:15:00+00:00,8.73956,3,-0.00027805,-0.00856336,FAILED
2026-08-13T11:10:45.742117+00:00,1786619100,1786619400,LINK/USD,UP,8.73956,0.9738048541290104,0.9467787114845938,0.9523809523809523,0.8907563025210085,2026-08-13T11:15:00+00:00,8.73956,6,-0.00027805,-0.00856336,FAILED
2026-08-13T11:10:45.742117+00:00,1786619100,1786619400,LINK/USD,UP,8.73956,0.9738048541290104,0.9467787114845938,0.9523809523809523,0.8907563025210085,2026-08-13T11:15:00+00:00,8.73956,12,-0.00027805,-0.00856336,FAILED
2026-08-13T11:15:35.817330+00:00,1786619400,1786619700,LINK/USD,DOWN,8.69986,0.9128432031074545,0.9747899159663865,0.9747899159663865,0.9803921568627451,2026-08-13T11:20:00+00:00,8.69986,3,0.00403915,-3.793e-05,ACCEPTED
2026-08-13T11:15:35.817330+00:00,1786619400,1786619700,LINK/USD,DOWN,8.69986,0.9128432031074545,0.9747899159663865,0.9747899159663865,0.9803921568627451,2026-08-13T11:20:00+00:00,8.69986,6,0.00403915,-3.793e-05,ACCEPTED
2026-08-13T11:15:35.817330+00:00,1786619400,1786619700,LINK/USD,DOWN,8.69986,0.9128432031074545,0.9747899159663865,0.9747899159663865,0.9803921568627451,2026-08-13T11:20:00+00:00,8.69986,12,0.00403915,-0.0020713,ACCEPTED
2026-08-13T11:20:25.909171+00:00,1786619700,1786620000,ADA/USD,DOWN,0.184203,0.7228108343689782,0.7111111111111111,0.7194444444444444,0.7694444444444445,2026-08-13T11:25:00+00:00,0.184203,3,0.00537451,-0.00253525,FAILED
2026-08-13T11:20:25.909171+00:00,1786619700,1786620000,ADA/USD,DOWN,0.184203,0.7228108343689782,0.7111111111111111,0.7194444444444444,0.7694444444444445,2026-08-13T11:25:00+00:00,0.184203,6,0.00565137,-0.00253525,FAILED
2026-08-13T11:20:25.909171+00:00,1786619700,1786620000,ADA/USD,DOWN,0.184203,0.7228108343689782,0.7111111111111111,0.7194444444444444,0.7694444444444445,2026-08-13T11:25:00+00:00,0.184203,12,0.0072963,-0.00253525,FAILED
2026-08-13T11:25:46.522889+00:00,1786620000,1786620300,BTC/USD,DOWN,63424.1,0.8204895708601443,0.7073170731707317,0.8157181571815718,0.9539295392953929,2026-08-13T11:30:00+00:00,63424.1,3,0.00194721,-0.00011352,UNRESOLVED
2026-08-13T11:25:46.522889+00:00,1786620000,1786620300,BTC/USD,DOWN,63424.1,0.8204895708601443,0.7073170731707317,0.8157181571815718,0.9539295392953929,2026-08-13T11:30:00+00:00,63424.1,6,0.00194721,-0.00021128,UNRESOLVED
2026-08-13T11:25:46.522889+00:00,1786620000,1786620300,BTC/USD,DOWN,63424.1,0.8204895708601443,0.7073170731707317,0.8157181571815718,0.9539295392953929,2026-08-13T11:30:00+00:00,63424.1,12,0.00194721,-0.00107372,UNRESOLVED
2026-08-13T11:25:46.522920+00:00,1786620000,1786620300,XRP/USD,UP,1.00623,0.9768561068808078,0.9540540540540541,0.9702702702702702,0.7,2026-08-13T11:30:00+00:00,1.00623,3,3.975e-05,-0.00407462,FAILED
2026-08-13T11:25:46.522920+00:00,1786620000,1786620300,XRP/USD,UP,1.00623,0.9768561068808078,0.9540540540540541,0.9702702702702702,0.7,2026-08-13T11:30:00+00:00,1.00623,6,3.975e-05,-0.00407462,FAILED
2026-08-13T11:25:46.522920+00:00,1786620000,1786620300,XRP/USD,UP,1.00623,0.9768561068808078,0.9540540540540541,0.9702702702702702,0.7,2026-08-13T11:30:00+00:00,1.00623,12,3.975e-05,-0.00407462,FAILED
2026-08-13T11:26:01.816186+00:00,1786620000,1786620300,DOT/USD,UP,0.7708,1.0,0.9539877300613497,0.9570552147239264,0.5521472392638037,2026-08-13T11:30:00+00:00,0.7708,3,0.00038921,-0.00012974,UNRESOLVED
2026-08-13T11:26:01.816186+00:00,1786620000,1786620300,DOT/USD,UP,0.7708,1.0,0.9539877300613497,0.9570552147239264,0.5521472392638037,2026-08-13T11:30:00+00:00,0.7708,6,0.00038921,-0.00155682,UNRESOLVED
2026-08-13T11:26:01.816186+00:00,1786620000,1786620300,DOT/USD,UP,0.7708,1.0,0.9539877300613497,0.9570552147239264,0.5521472392638037,2026-08-13T11:30:00+00:00,0.7708,12,0.00090815,-0.00389206,FAILED
2026-08-13T11:30:36.631239+00:00,1786620300,1786620600,DOT/USD,UP,0.7709,0.9681714496976948,0.7177914110429447,0.754601226993865,0.7699386503067485,2026-08-13T11:35:00+00:00,0.7709,3,0.0,-0.00051887,UNRESOLVED
2026-08-13T11:30:36.631239+00:00,1786620300,1786620600,DOT/USD,UP,0.7709,0.9681714496976948,0.7177914110429447,0.754601226993865,0.7699386503067485,2026-08-13T11:35:00+00:00,0.7709,6,0.0,-0.00194578,UNRESOLVED
2026-08-13T11:30:36.631239+00:00,1786620300,1786620600,DOT/USD,UP,0.7709,0.9681714496976948,0.7177914110429447,0.754601226993865,0.7699386503067485,2026-08-13T11:35:00+00:00,0.7709,12,0.00077831,-0.00402127,FAILED
2026-08-13T11:35:11.470778+00:00,1786620600,1786620900,SOL/USD,UP,75.55,0.9803741555482043,0.9432432432432433,0.9594594594594594,0.8135135135135135,2026-08-13T11:40:00+00:00,75.55,3,0.0010589,-0.00066181,UNRESOLVED
2026-08-13T11:35:11.470778+00:00,1786620600,1786620900,SOL/USD,UP,75.55,0.9803741555482043,0.9432432432432433,0.9594594594594594,0.8135135135135135,2026-08-13T11:40:00+00:00,75.55,6,0.0010589,-0.00066181,UNRESOLVED
2026-08-13T11:35:11.470778+00:00,1786620600,1786620900,SOL/USD,UP,75.55,0.9803741555482043,0.9432432432432433,0.9594594594594594,0.8135135135135135,2026-08-13T11:40:00+00:00,75.55,12,0.00476506,-0.00066181,ACCEPTED
2026-08-13T11:35:26.755750+00:00,1786620600,1786620900,ETH/USD,DOWN,1874.29,0.9509729931340691,0.9405405405405406,0.9540540540540541,0.918918918918919,2026-08-13T11:40:00+00:00,1874.29,3,0.00010137,-0.00250228,FAILED
2026-08-13T11:35:26.755750+00:00,1786620600,1786620900,ETH/USD,DOWN,1874.29,0.9509729931340691,0.9405405405405406,0.9540540540540541,0.918918918918919,2026-08-13T11:40:00+00:00,1874.29,6,0.00010137,-0.00250228,FAILED
2026-08-13T11:35:26.755750+00:00,1786620600,1786620900,ETH/USD,DOWN,1874.29,0.9509729931340691,0.9405405405405406,0.9540540540540541,0.918918918918919,2026-08-13T11:40:00+00:00,1874.29,12,0.00010137,-0.0072294,FAILED
2026-08-13T11:35:26.755765+00:00,1786620600,1786620900,XRP/USD,DOWN,1.00283,0.5345077135810992,0.9783783783783784,0.9783783783783784,0.981081081081081,2026-08-13T11:40:00+00:00,1.00283,3,3.989e-05,-0.00105701,UNRESOLVED
2026-08-13T11:35:26.755765+00:00,1786620600,1786620900,XRP/USD,DOWN,1.00283,0.5345077135810992,0.9783783783783784,0.9783783783783784,0.981081081081081,2026-08-13T11:40:00+00:00,1.00283,6,0.00018946,-0.00105701,UNRESOLVED
2026-08-13T11:35:26.755765+00:00,1786620600,1786620900,XRP/USD,DOWN,1.00283,0.5345077135810992,0.9783783783783784,0.9783783783783784,0.981081081081081,2026-08-13T11:40:00+00:00,1.00283,12,0.00018946,-0.00411835,FAILED
2026-08-13T11:35:26.755780+00:00,1786620600,1786620900,ADA/USD,DOWN,0.183308,0.7029115826299122,0.95,0.9527777777777777,0.9611111111111111,2026-08-13T11:40:00+00:00,0.183308,3,0.00079647,-0.00133109,UNRESOLVED
2026-08-13T11:35:26.755780+00:00,1786620600,1786620900,ADA/USD,DOWN,0.183308,0.7029115826299122,0.95,0.9527777777777777,0.9611111111111111,2026-08-13T11:40:00+00:00,0.183308,6,0.00244943,-0.00133109,UNRESOLVED
2026-08-13T11:35:26.755780+00:00,1786620600,1786620900,ADA/USD,DOWN,0.183308,0.7029115826299122,0.95,0.9527777777777777,0.9611111111111111,2026-08-13T11:40:00+00:00,0.183308,12,0.00244943,-0.00213302,UNRESOLVED
2026-08-13T11:35:26.755796+00:00,1786620600,1786620900,DOGE/USD,DOWN,0.0699259,0.9122774532468407,0.9466292134831461,0.949438202247191,0.9438202247191011,2026-08-13T11:40:00+00:00,0.0699259,3,0.0,-0.00098819,UNRESOLVED
2026-08-13T11:35:26.755796+00:00,1786620600,1786620900,DOGE/USD,DOWN,0.0699259,0.9122774532468407,0.9466292134831461,0.949438202247191,0.9438202247191011,2026-08-13T11:40:00+00:00,0.0699259,6,0.0,-0.00138003,UNRESOLVED
2026-08-13T11:35:26.755796+00:00,1786620600,1786620900,DOGE/USD,DOWN,0.0699259,0.9122774532468407,0.9466292134831461,0.949438202247191,0.9438202247191011,2026-08-13T11:40:00+00:00,0.0699259,12,0.0,-0.00481081,FAILED
2026-08-13T11:35:42.044842+00:00,1786620600,1786620900,DOT/USD,DOWN,0.7707,1.0,0.9202453987730062,0.9263803680981595,0.27300613496932513,2026-08-13T11:40:00+00:00,0.7707,3,0.00142727,-0.0002595,UNRESOLVED
2026-08-13T11:35:42.044842+00:00,1786620600,1786620900,DOT/USD,DOWN,0.7707,1.0,0.9202453987730062,0.9263803680981595,0.27300613496932513,2026-08-13T11:40:00+00:00,0.7707,6,0.00376281,-0.0002595,ACCEPTED
2026-08-13T11:35:42.044842+00:00,1786620600,1786620900,DOT/USD,DOWN,0.7707,1.0,0.9202453987730062,0.9263803680981595,0.27300613496932513,2026-08-13T11:40:00+00:00,0.7707,12,0.00376281,-0.00103802,ACCEPTED
2026-08-13T11:35:42.044857+00:00,1786620600,1786620900,AAVE/USD,DOWN,88.24,1.0,0.7022900763358778,0.7442748091603053,0.26717557251908397,2026-08-13T11:40:00+00:00,88.24,3,0.00090662,-0.00079329,UNRESOLVED
2026-08-13T11:35:42.044857+00:00,1786620600,1786620900,AAVE/USD,DOWN,88.24,1.0,0.7022900763358778,0.7442748091603053,0.26717557251908397,2026-08-13T11:40:00+00:00,88.24,6,0.00113327,-0.00079329,UNRESOLVED
2026-08-13T11:35:42.044857+00:00,1786620600,1786620900,AAVE/USD,DOWN,88.24,1.0,0.7022900763358778,0.7442748091603053,0.26717557251908397,2026-08-13T11:40:00+00:00,88.24,12,0.00113327,-0.00634633,FAILED
2026-08-13T11:40:16.871628+00:00,1786620900,1786621200,XRP/USD,UP,1.00384,0.6944150109749052,0.745945945945946,0.7837837837837838,0.5864864864864865,2026-08-13T11:45:00+00:00,1.00384,3,0.0,-0.0009364,UNRESOLVED
2026-08-13T11:40:16.871628+00:00,1786620900,1786621200,XRP/USD,UP,1.00384,0.6944150109749052,0.745945945945946,0.7837837837837838,0.5864864864864865,2026-08-13T11:45:00+00:00,1.00384,6,0.00043832,-0.00119541,UNRESOLVED
2026-08-13T11:40:16.871628+00:00,1786620900,1786621200,XRP/USD,UP,1.00384,0.6944150109749052,0.745945945945946,0.7837837837837838,0.5864864864864865,2026-08-13T11:45:00+00:00,1.00384,12,0.00310807,-0.00119541,ACCEPTED
2026-08-13T11:41:02.718323+00:00,1786620900,1786621200,SOL/USD,UP,75.61,0.9786853439398983,0.8756756756756757,0.9108108108108108,0.6162162162162163,2026-08-13T11:45:00+00:00,75.61,3,0.00013226,-0.00079355,UNRESOLVED
2026-08-13T11:41:02.718323+00:00,1786620900,1786621200,SOL/USD,UP,75.61,0.9786853439398983,0.8756756756756757,0.9108108108108108,0.6162162162162163,2026-08-13T11:45:00+00:00,75.61,6,0.00158709,-0.00079355,UNRESOLVED
2026-08-13T11:41:02.718323+00:00,1786620900,1786621200,SOL/USD,UP,75.61,0.9786853439398983,0.8756756756756757,0.9108108108108108,0.6162162162162163,2026-08-13T11:45:00+00:00,75.61,12,0.00449676,-0.00079355,ACCEPTED
2026-08-13T11:45:37.564268+00:00,1786621200,1786621500,SOL/USD,UP,75.59,0.9807114241624227,0.9162162162162162,0.9405405405405406,0.6675675675675675,2026-08-13T11:50:00+00:00,75.59,3,0.00026459,-0.00052917,UNRESOLVED
2026-08-13T11:45:37.564268+00:00,1786621200,1786621500,SOL/USD,UP,75.59,0.9807114241624227,0.9162162162162162,0.9405405405405406,0.6675675675675675,2026-08-13T11:50:00+00:00,75.59,6,0.00238127,-0.00052917,UNRESOLVED
2026-08-13T11:45:37.564268+00:00,1786621200,1786621500,SOL/USD,UP,75.59,0.9807114241624227,0.9162162162162162,0.9405405405405406,0.6675675675675675,2026-08-13T11:50:00+00:00,75.59,12,0.00476253,-0.00052917,ACCEPTED
2026-08-13T11:45:52.854747+00:00,1786621200,1786621500,DOT/USD,UP,0.7705,0.7051354899500007,0.99079754601227,0.99079754601227,0.9785276073619632,2026-08-13T11:50:00+00:00,0.7705,3,-0.00116807,-0.00142764,UNRESOLVED
2026-08-13T11:45:52.854747+00:00,1786621200,1786621500,DOT/USD,UP,0.7705,0.7051354899500007,0.99079754601227,0.99079754601227,0.9785276073619632,2026-08-13T11:50:00+00:00,0.7705,6,-0.00025957,-0.00350422,FAILED
2026-08-13T11:45:52.854747+00:00,1786621200,1786621500,DOT/USD,UP,0.7705,0.7051354899500007,0.99079754601227,0.99079754601227,0.9785276073619632,2026-08-13T11:50:00+00:00,0.7705,12,0.00129786,-0.00350422,FAILED
2026-08-13T11:50:43.023173+00:00,1786621500,1786621800,AVAX/USD,DOWN,6.49,0.5193678498797816,0.8487394957983193,0.8179271708683473,0.680672268907563,2026-08-13T11:55:00+00:00,6.49,3,0.00015408,-0.00061633,UNRESOLVED
2026-08-13T11:50:43.023173+00:00,1786621500,1786621800,AVAX/USD,DOWN,6.49,0.5193678498797816,0.8487394957983193,0.8179271708683473,0.680672268907563,2026-08-13T11:55:00+00:00,6.49,6,0.00015408,-0.00600924,FAILED
2026-08-13T11:50:43.023173+00:00,1786621500,1786621800,AVAX/USD,DOWN,6.49,0.5193678498797816,0.8487394957983193,0.8179271708683473,0.680672268907563,2026-08-13T11:55:00+00:00,6.49,12,0.00015408,-0.00600924,FAILED
2026-08-13T11:50:58.320629+00:00,1786621500,1786621800,LTC/USD,DOWN,44.63,0.8970437037592512,0.8513513513513513,0.8837837837837837,0.9135135135135135,2026-08-13T11:55:00+00:00,44.63,3,0.0,-0.00067219,UNRESOLVED
2026-08-13T11:50:58.320629+00:00,1786621500,1786621800,LTC/USD,DOWN,44.63,0.8970437037592512,0.8513513513513513,0.8837837837837837,0.9135135135135135,2026-08-13T11:55:00+00:00,44.63,6,0.0,-0.00448129,FAILED
2026-08-13T11:50:58.320629+00:00,1786621500,1786621800,LTC/USD,DOWN,44.63,0.8970437037592512,0.8513513513513513,0.8837837837837837,0.9135135135135135,2026-08-13T11:55:00+00:00,44.63,12,0.0,-0.00492942,FAILED
2026-08-13T11:55:17.913446+00:00,1786621800,1786622100,ETH/USD,DOWN,1877.0,0.9325554358362679,0.7837837837837838,0.8540540540540541,0.22702702702702704,2026-08-13T12:00:00+00:00,1877.0,3,-4.262e-05,-0.00205115,UNRESOLVED
2026-08-13T11:55:17.913446+00:00,1786621800,1786622100,ETH/USD,DOWN,1877.0,0.9325554358362679,0.7837837837837838,0.8540540540540541,0.22702702702702704,2026-08-13T12:00:00+00:00,1877.0,6,-4.262e-05,-0.00266383,FAILED
2026-08-13T11:55:17.913446+00:00,1786621800,1786622100,ETH/USD,DOWN,1877.0,0.9325554358362679,0.7837837837837838,0.8540540540540541,0.22702702702702704,2026-08-13T12:00:00+00:00,1877.0,12,-4.262e-05,-0.00577517,FAILED
2026-08-13T11:55:33.203778+00:00,1786621800,1786622100,LINK/USD,DOWN,8.66901,0.9824583579403715,0.8851540616246498,0.907563025210084,0.9243697478991597,2026-08-13T12:00:00+00:00,8.66901,3,-0.00044526,-0.00227708,UNRESOLVED
2026-08-13T11:55:33.203778+00:00,1786621800,1786622100,LINK/USD,DOWN,8.66901,0.9824583579403715,0.8851540616246498,0.907563025210084,0.9243697478991597,2026-08-13T12:00:00+00:00,8.66901,6,-0.00044526,-0.00563732,FAILED
2026-08-13T11:55:33.203778+00:00,1786621800,1786622100,LINK/USD,DOWN,8.66901,0.9824583579403715,0.8851540616246498,0.907563025210084,0.9243697478991597,2026-08-13T12:00:00+00:00,8.66901,12,-0.00044526,-0.01164954,FAILED
2026-08-13T11:55:33.203793+00:00,1786621800,1786622100,AVAX/USD,UP,6.49,0.9987186172133193,0.7535014005602241,0.7871148459383753,0.7310924369747899,2026-08-13T12:00:00+00:00,6.49,3,0.00308166,0.0,ACCEPTED
2026-08-13T11:55:33.203793+00:00,1786621800,1786622100,AVAX/USD,UP,6.49,0.9987186172133193,0.7535014005602241,0.7871148459383753,0.7310924369747899,2026-08-13T12:00:00+00:00,6.49,6,0.00600924,0.0,ACCEPTED
2026-08-13T11:55:33.203793+00:00,1786621800,1786622100,AVAX/USD,UP,6.49,0.9987186172133193,0.7535014005602241,0.7871148459383753,0.7310924369747899,2026-08-13T12:00:00+00:00,6.49,12,0.00616333,0.0,ACCEPTED
2026-08-13T12:00:23.402502+00:00,1786622100,1786622400,XRP/USD,DOWN,1.003,0.6086617968995438,0.8,0.8135135135135135,0.727027027027027,2026-08-13T12:05:00+00:00,1.003,3,0.00035892,-0.00188435,UNRESOLVED
2026-08-13T12:00:23.402502+00:00,1786622100,1786622400,XRP/USD,DOWN,1.003,0.6086617968995438,0.8,0.8135135135135135,0.727027027027027,2026-08-13T12:05:00+00:00,1.003,6,0.00035892,-0.00220339,UNRESOLVED
2026-08-13T12:00:23.402502+00:00,1786622100,1786622400,XRP/USD,DOWN,1.003,0.6086617968995438,0.8,0.8135135135135135,0.727027027027027,2026-08-13T12:05:00+00:00,1.003,12,0.00035892,-0.00394816,FAILED
2026-08-13T12:05:13.594328+00:00,1786622400,1786622700,DOGE/USD,UP,0.0700224,0.9785758062327484,0.7949438202247191,0.8286516853932584,0.7415730337078652,2026-08-13T12:10:00+00:00,0.0700224,3,0.00227784,0.00048413,UNRESOLVED
2026-08-13T12:05:13.594328+00:00,1786622400,1786622700,DOGE/USD,UP,0.0700224,0.9785758062327484,0.7949438202247191,0.8286516853932584,0.7415730337078652,2026-08-13T12:10:00+00:00,0.0700224,6,0.00342605,-1.571e-05,ACCEPTED
2026-08-13T12:05:13.594328+00:00,1786622400,1786622700,DOGE/USD,UP,0.0700224,0.9785758062327484,0.7949438202247191,0.8286516853932584,0.7415730337078652,2026-08-13T12:10:00+00:00,0.0700224,12,0.00342605,-1.571e-05,ACCEPTED
2026-08-13T12:05:28.888116+00:00,1786622400,1786622700,DOT/USD,DOWN,0.7684,0.6049848424816404,0.9877300613496932,0.9846625766871165,0.99079754601227,2026-08-13T12:10:00+00:00,0.7684,3,0.0006507,-0.00403436,FAILED
2026-08-13T12:05:28.888116+00:00,1786622400,1786622700,DOT/USD,DOWN,0.7684,0.6049848424816404,0.9877300613496932,0.9846625766871165,0.99079754601227,2026-08-13T12:10:00+00:00,0.7684,6,0.0006507,-0.00403436,FAILED
2026-08-13T12:05:28.888116+00:00,1786622400,1786622700,DOT/USD,DOWN,0.7684,0.6049848424816404,0.9877300613496932,0.9846625766871165,0.99079754601227,2026-08-13T12:10:00+00:00,0.7684,12,0.0006507,-0.00403436,FAILED
2026-08-13T12:10:03.815951+00:00,1786622700,1786623000,DOT/USD,UP,0.7689,0.9906604296689722,0.9233128834355828,0.9325153374233128,0.8834355828220859,2026-08-13T12:15:00+00:00,0.7689,3,0.00338145,0.0011705,ACCEPTED
2026-08-13T12:10:03.815951+00:00,1786622700,1786623000,DOT/USD,UP,0.7689,0.9906604296689722,0.9233128834355828,0.9325153374233128,0.8834355828220859,2026-08-13T12:15:00+00:00,0.7689,6,0.00338145,0.00065028,ACCEPTED
2026-08-13T12:10:03.815951+00:00,1786622700,1786623000,DOT/USD,UP,0.7689,0.9906604296689722,0.9233128834355828,0.9325153374233128,0.8834355828220859,2026-08-13T12:15:00+00:00,0.7689,12,0.00338145,-0.00013006,ACCEPTED
2026-08-13T12:10:19.112969+00:00,1786622700,1786623000,AAVE/USD,UP,88.41,1.0,0.7480916030534351,0.7900763358778626,0.7442748091603053,2026-08-13T12:15:00+00:00,88.41,3,0.00441127,0.00192286,ACCEPTED
2026-08-13T12:10:19.112969+00:00,1786622700,1786623000,AAVE/USD,UP,88.41,1.0,0.7480916030534351,0.7900763358778626,0.7442748091603053,2026-08-13T12:15:00+00:00,88.41,6,0.00441127,0.00192286,ACCEPTED
2026-08-13T12:10:19.112969+00:00,1786622700,1786623000,AAVE/USD,UP,88.41,1.0,0.7480916030534351,0.7900763358778626,0.7442748091603053,2026-08-13T12:15:00+00:00,88.41,12,0.00441127,0.00192286,ACCEPTED
2026-08-13T12:10:49.702164+00:00,1786622700,1786623000,XRP/USD,UP,1.00428,0.8872223575190484,0.972972972972973,0.9864864864864865,0.9405405405405406,2026-08-13T12:15:00+00:00,1.00428,3,0.00062732,-0.00029872,UNRESOLVED
2026-08-13T12:10:49.702164+00:00,1786622700,1786623000,XRP/USD,UP,1.00428,0.8872223575190484,0.972972972972973,0.9864864864864865,0.9405405405405406,2026-08-13T12:15:00+00:00,1.00428,6,0.00266858,-0.00029872,ACCEPTED
2026-08-13T12:10:49.702164+00:00,1786622700,1786623000,XRP/USD,UP,1.00428,0.8872223575190484,0.972972972972973,0.9864864864864865,0.9405405405405406,2026-08-13T12:15:00+00:00,1.00428,12,0.00266858,-0.00088621,ACCEPTED
2026-08-13T12:11:04.995546+00:00,1786622700,1786623000,DOGE/USD,DOWN,0.0701043,0.9807244960791576,0.9269662921348315,0.9410112359550562,0.898876404494382,2026-08-13T12:15:00+00:00,0.0701043,3,0.00043792,-0.00110692,UNRESOLVED
2026-08-13T12:11:04.995546+00:00,1786622700,1786623000,DOGE/USD,DOWN,0.0701043,0.9807244960791576,0.9269662921348315,0.9410112359550562,0.898876404494382,2026-08-13T12:15:00+00:00,0.0701043,6,0.00118395,-0.00225378,UNRESOLVED
2026-08-13T12:11:04.995546+00:00,1786622700,1786623000,DOGE/USD,DOWN,0.0701043,0.9807244960791576,0.9269662921348315,0.9410112359550562,0.898876404494382,2026-08-13T12:15:00+00:00,0.0701043,12,0.00118395,-0.00225378,UNRESOLVED
2026-08-13T12:11:04.995562+00:00,1786622700,1786623000,LINK/USD,UP,8.68741,0.9810829053520681,0.7450980392156863,0.7983193277310925,0.7338935574229691,2026-08-13T12:15:00+00:00,8.68741,3,0.00350737,0.00080576,ACCEPTED
2026-08-13T12:11:04.995562+00:00,1786622700,1786623000,LINK/USD,UP,8.68741,0.9810829053520681,0.7450980392156863,0.7983193277310925,0.7338935574229691,2026-08-13T12:15:00+00:00,8.68741,6,0.00950686,0.00080576,ACCEPTED
2026-08-13T12:11:04.995562+00:00,1786622700,1786623000,LINK/USD,UP,8.68741,0.9810829053520681,0.7450980392156863,0.7983193277310925,0.7338935574229691,2026-08-13T12:15:00+00:00,8.68741,12,0.01326632,0.00080576,ACCEPTED
2026-08-13T12:15:39.924005+00:00,1786623000,1786623300,DOGE/USD,DOWN,0.0701037,0.9983879395294055,0.8342696629213483,0.8735955056179775,0.6264044943820225,2026-08-13T12:20:00+00:00,0.0701037,3,0.00042936,-0.00063335,UNRESOLVED
2026-08-13T12:15:39.924005+00:00,1786623000,1786623300,DOGE/USD,DOWN,0.0701037,0.9983879395294055,0.8342696629213483,0.8735955056179775,0.6264044943820225,2026-08-13T12:20:00+00:00,0.0701037,6,0.0011754,-0.00226236,UNRESOLVED
2026-08-13T12:15:39.924005+00:00,1786623000,1786623300,DOGE/USD,DOWN,0.0701037,0.9983879395294055,0.8342696629213483,0.8735955056179775,0.6264044943820225,2026-08-13T12:20:00+00:00,0.0701037,12,0.0011754,-0.00226236,UNRESOLVED
2026-08-13T12:20:30.148557+00:00,1786623300,1786623600,ETH/USD,UP,1881.09,0.7999046390545504,0.7891891891891892,0.8378378378378378,0.6027027027027027,2026-08-13T12:25:00+00:00,1881.09,3,0.00358835,-0.00038807,ACCEPTED
2026-08-13T12:20:30.148557+00:00,1786623300,1786623600,ETH/USD,UP,1881.09,0.7999046390545504,0.7891891891891892,0.8378378378378378,0.6027027027027027,2026-08-13T12:25:00+00:00,1881.09,6,0.00358835,-0.00038807,ACCEPTED
2026-08-13T12:20:30.148557+00:00,1786623300,1786623600,ETH/USD,UP,1881.09,0.7999046390545504,0.7891891891891892,0.8378378378378378,0.6027027027027027,2026-08-13T12:25:00+00:00,1881.09,12,0.00643776,-0.00038807,ACCEPTED
2026-08-13T12:20:45.442510+00:00,1786623300,1786623600,DOT/USD,UP,0.7709,0.9502502411136133,0.9693251533742331,0.9723926380368099,0.9662576687116564,2026-08-13T12:25:00+00:00,0.7709,3,0.00064859,-0.00194578,UNRESOLVED
2026-08-13T12:20:45.442510+00:00,1786623300,1786623600,DOT/USD,UP,0.7709,0.9502502411136133,0.9693251533742331,0.9723926380368099,0.9662576687116564,2026-08-13T12:25:00+00:00,0.7709,6,0.00064859,-0.00272409,FAILED
2026-08-13T12:20:45.442510+00:00,1786623300,1786623600,DOT/USD,UP,0.7709,0.9502502411136133,0.9693251533742331,0.9723926380368099,0.9662576687116564,2026-08-13T12:25:00+00:00,0.7709,12,0.00064859,-0.00622649,FAILED
2026-08-13T12:20:45.442539+00:00,1786623300,1786623600,LTC/USD,UP,44.83,0.7753195860421033,0.9945945945945946,0.9945945945945946,0.9918918918918919,2026-08-13T12:25:00+00:00,44.83,3,0.00022306,-0.00200758,UNRESOLVED
2026-08-13T12:20:45.442539+00:00,1786623300,1786623600,LTC/USD,UP,44.83,0.7753195860421033,0.9945945945945946,0.9945945945945946,0.9918918918918919,2026-08-13T12:25:00+00:00,44.83,6,0.00044613,-0.00200758,UNRESOLVED
2026-08-13T12:20:45.442539+00:00,1786623300,1786623600,LTC/USD,UP,44.83,0.7753195860421033,0.9945945945945946,0.9945945945945946,0.9918918918918919,2026-08-13T12:25:00+00:00,44.83,12,0.00156145,-0.00200758,UNRESOLVED
2026-08-13T12:25:20.409103+00:00,1786623600,1786623900,ADA/USD,DOWN,0.183137,0.5865659868947637,0.8416666666666667,0.8111111111111111,0.7222222222222222,2026-08-13T12:30:00+00:00,0.183137,3,9.283e-05,-0.00306874,FAILED
2026-08-13T12:25:20.409103+00:00,1786623600,1786623900,ADA/USD,DOWN,0.183137,0.5865659868947637,0.8416666666666667,0.8111111111111111,0.7222222222222222,2026-08-13T12:30:00+00:00,0.183137,6,0.0007863,-0.00306874,FAILED
2026-08-13T12:25:20.409103+00:00,1786623600,1786623900,ADA/USD,DOWN,0.183137,0.5865659868947637,0.8416666666666667,0.8111111111111111,0.7222222222222222,2026-08-13T12:30:00+00:00,0.183137,12,0.00135418,-0.00306874,FAILED
2026-08-13T12:25:20.409118+00:00,1786623600,1786623900,DOGE/USD,UP,0.0700816,0.9191383264116233,0.7078651685393258,0.7584269662921348,0.3258426966292135,2026-08-13T12:30:00+00:00,0.0700816,3,0.00257842,-0.00086043,ACCEPTED
2026-08-13T12:25:20.409118+00:00,1786623600,1786623900,DOGE/USD,UP,0.0700816,0.9191383264116233,0.7078651685393258,0.7584269662921348,0.3258426966292135,2026-08-13T12:30:00+00:00,0.0700816,6,0.00257842,-0.00086043,ACCEPTED
2026-08-13T12:25:20.409118+00:00,1786623600,1786623900,DOGE/USD,UP,0.0700816,0.9191383264116233,0.7078651685393258,0.7584269662921348,0.3258426966292135,2026-08-13T12:30:00+00:00,0.0700816,12,0.00257842,-0.00114295,ACCEPTED
2026-08-13T12:25:20.409149+00:00,1786623600,1786623900,AVAX/USD,UP,6.52,0.9625062507173406,0.8627450980392157,0.8795518207282913,0.680672268907563,2026-08-13T12:30:00+00:00,6.52,3,0.00138037,-0.00092025,UNRESOLVED
2026-08-13T12:25:20.409149+00:00,1786623600,1786623900,AVAX/USD,UP,6.52,0.9625062507173406,0.8627450980392157,0.8795518207282913,0.680672268907563,2026-08-13T12:30:00+00:00,6.52,6,0.00153374,-0.00092025,UNRESOLVED
2026-08-13T12:25:20.409149+00:00,1786623600,1786623900,AVAX/USD,UP,6.52,0.9625062507173406,0.8627450980392157,0.8795518207282913,0.680672268907563,2026-08-13T12:30:00+00:00,6.52,12,0.00352761,-0.00168712,ACCEPTED
2026-08-13T12:25:35.705299+00:00,1786623600,1786623900,DOT/USD,UP,0.7705,1.0,0.7914110429447853,0.8251533742331288,0.4294478527607362,2026-08-13T12:30:00+00:00,0.7705,3,0.00116807,-0.00142764,UNRESOLVED
2026-08-13T12:25:35.705299+00:00,1786623600,1786623900,DOT/USD,UP,0.7705,1.0,0.7914110429447853,0.8251533742331288,0.4294478527607362,2026-08-13T12:30:00+00:00,0.7705,6,0.00116807,-0.00220636,UNRESOLVED
2026-08-13T12:25:35.705299+00:00,1786623600,1786623900,DOT/USD,UP,0.7705,1.0,0.7914110429447853,0.8251533742331288,0.4294478527607362,2026-08-13T12:30:00+00:00,0.7705,12,0.00116807,-0.00648929,FAILED
2026-08-13T12:25:35.705328+00:00,1786623600,1786623900,LTC/USD,DOWN,44.78,0.9241551440796292,0.9648648648648649,0.972972972972973,0.9891891891891892,2026-08-13T12:30:00+00:00,44.78,3,0.00022331,-0.00133988,UNRESOLVED
2026-08-13T12:25:35.705328+00:00,1786623600,1786623900,LTC/USD,DOWN,44.78,0.9241551440796292,0.9648648648648649,0.972972972972973,0.9891891891891892,2026-08-13T12:30:00+00:00,44.78,6,0.00022331,-0.0015632,UNRESOLVED
2026-08-13T12:25:35.705328+00:00,1786623600,1786623900,LTC/USD,DOWN,44.78,0.9241551440796292,0.9648648648648649,0.972972972972973,0.9891891891891892,2026-08-13T12:30:00+00:00,44.78,12,0.00022331,-0.00267977,FAILED
2026-08-13T12:30:41.202669+00:00,1786623900,1786624200,BTC/USD,UP,63524.9,0.6073529519564599,0.7344173441734417,0.7669376693766937,0.3035230352303523,2026-08-13T12:35:00+00:00,63524.9,3,0.00119638,-0.00199292,UNRESOLVED
2026-08-13T12:30:41.202669+00:00,1786623900,1786624200,BTC/USD,UP,63524.9,0.6073529519564599,0.7344173441734417,0.7669376693766937,0.3035230352303523,2026-08-13T12:35:00+00:00,63524.9,6,0.00176151,-0.00199292,UNRESOLVED
2026-08-13T12:30:41.202669+00:00,1786623900,1786624200,BTC/USD,UP,63524.9,0.6073529519564599,0.7344173441734417,0.7669376693766937,0.3035230352303523,2026-08-13T12:35:00+00:00,63524.9,12,0.00300827,-0.00199292,ACCEPTED
2026-08-13T12:30:56.498172+00:00,1786623900,1786624200,DOGE/USD,UP,0.0701335,1.0,0.7640449438202247,0.8089887640449438,0.8174157303370787,2026-08-13T12:35:00+00:00,0.0701335,3,0.0018365,-0.00159981,UNRESOLVED
2026-08-13T12:30:56.498172+00:00,1786623900,1786624200,DOGE/USD,UP,0.0701335,1.0,0.7640449438202247,0.8089887640449438,0.8174157303370787,2026-08-13T12:35:00+00:00,0.0701335,6,0.0018365,-0.00159981,UNRESOLVED
2026-08-13T12:30:56.498172+00:00,1786623900,1786624200,DOGE/USD,UP,0.0701335,1.0,0.7640449438202247,0.8089887640449438,0.8174157303370787,2026-08-13T12:35:00+00:00,0.0701335,12,0.0018365,-0.00253944,FAILED
2026-08-13T12:35:31.468282+00:00,1786624200,1786624500,XRP/USD,UP,1.00561,0.7255462690887047,0.9243243243243243,0.9324324324324325,0.745945945945946,2026-08-13T12:40:00+00:00,1.00561,3,0.00067621,-0.00095464,UNRESOLVED
2026-08-13T12:35:31.468282+00:00,1786624200,1786624500,XRP/USD,UP,1.00561,0.7255462690887047,0.9243243243243243,0.9324324324324325,0.745945945945946,2026-08-13T12:40:00+00:00,1.00561,6,0.00067621,-0.00220762,UNRESOLVED
2026-08-13T12:35:31.468282+00:00,1786624200,1786624500,XRP/USD,UP,1.00561,0.7255462690887047,0.9243243243243243,0.9324324324324325,0.745945945945946,2026-08-13T12:40:00+00:00,1.00561,12,0.00213801,-0.00220762,UNRESOLVED
2026-08-13T12:40:21.747109+00:00,1786624500,1786624800,ETH/USD,DOWN,1885.17,0.9529352262335198,0.9297297297297298,0.9486486486486486,0.5297297297297298,2026-08-13T12:45:00+00:00,1885.17,3,0.00098665,-0.00099726,UNRESOLVED
2026-08-13T12:40:21.747109+00:00,1786624500,1786624800,ETH/USD,DOWN,1885.17,0.9529352262335198,0.9297297297297298,0.9486486486486486,0.5297297297297298,2026-08-13T12:45:00+00:00,1885.17,6,0.00098665,-0.00425956,FAILED
2026-08-13T12:40:21.747109+00:00,1786624500,1786624800,ETH/USD,DOWN,1885.17,0.9529352262335198,0.9297297297297298,0.9486486486486486,0.5297297297297298,2026-08-13T12:45:00+00:00,1885.17,12,0.00098665,-0.00425956,FAILED
2026-08-13T12:40:21.747124+00:00,1786624500,1786624800,XRP/USD,UP,1.00567,0.6625599922960618,0.8216216216216217,0.8405405405405405,0.5864864864864865,2026-08-13T12:45:00+00:00,1.00567,3,0.0,-0.0020285,UNRESOLVED
2026-08-13T12:40:21.747124+00:00,1786624500,1786624800,XRP/USD,UP,1.00567,0.6625599922960618,0.8216216216216217,0.8405405405405405,0.5864864864864865,2026-08-13T12:45:00+00:00,1.00567,6,0.0003182,-0.00226715,UNRESOLVED
2026-08-13T12:40:21.747124+00:00,1786624500,1786624800,XRP/USD,UP,1.00567,0.6625599922960618,0.8216216216216217,0.8405405405405405,0.5864864864864865,2026-08-13T12:45:00+00:00,1.00567,12,0.00207822,-0.00226715,UNRESOLVED
2026-08-13T12:40:37.049470+00:00,1786624500,1786624800,DOGE/USD,UP,0.0701765,1.0,0.7808988764044944,0.8202247191011236,0.547752808988764,2026-08-13T12:45:00+00:00,0.0701765,3,-0.00051299,-0.00125113,UNRESOLVED
2026-08-13T12:40:37.049470+00:00,1786624500,1786624800,DOGE/USD,UP,0.0701765,1.0,0.7808988764044944,0.8202247191011236,0.547752808988764,2026-08-13T12:45:00+00:00,0.0701765,6,0.00106303,-0.00125113,UNRESOLVED
2026-08-13T12:40:37.049470+00:00,1786624500,1786624800,DOGE/USD,UP,0.0701765,1.0,0.7808988764044944,0.8202247191011236,0.547752808988764,2026-08-13T12:45:00+00:00,0.0701765,12,0.00106303,-0.00315063,FAILED
2026-08-13T12:40:37.049486+00:00,1786624500,1786624800,LINK/USD,UP,8.75216,0.9641746703014595,0.7843137254901961,0.8207282913165266,0.8571428571428571,2026-08-13T12:45:00+00:00,8.75216,3,0.00203835,0.00025365,UNRESOLVED
2026-08-13T12:40:37.049486+00:00,1786624500,1786624800,LINK/USD,UP,8.75216,0.9641746703014595,0.7843137254901961,0.8207282913165266,0.8571428571428571,2026-08-13T12:45:00+00:00,8.75216,6,0.00577,0.00025365,ACCEPTED
2026-08-13T12:40:37.049486+00:00,1786624500,1786624800,LINK/USD,UP,8.75216,0.9641746703014595,0.7843137254901961,0.8207282913165266,0.8571428571428571,2026-08-13T12:45:00+00:00,8.75216,12,0.00640185,0.00025365,ACCEPTED
2026-08-13T12:45:27.339005+00:00,1786624800,1786625100,DOGE/USD,DOWN,0.070127,0.913413018303589,0.8876404494382022,0.9073033707865169,0.7808988764044944,2026-08-13T12:50:00+00:00,0.070127,3,0.00054615,-0.00100247,UNRESOLVED
2026-08-13T12:45:27.339005+00:00,1786624800,1786625100,DOGE/USD,DOWN,0.070127,0.913413018303589,0.8876404494382022,0.9073033707865169,0.7808988764044944,2026-08-13T12:50:00+00:00,0.070127,6,0.00054615,-0.00176965,UNRESOLVED
2026-08-13T12:45:27.339005+00:00,1786624800,1786625100,DOGE/USD,DOWN,0.070127,0.913413018303589,0.8876404494382022,0.9073033707865169,0.7808988764044944,2026-08-13T12:50:00+00:00,0.070127,12,0.00244699,-0.00176965,UNRESOLVED
2026-08-13T12:51:03.518142+00:00,1786625100,1786625400,ADA/USD,DOWN,0.1832,0.9464337809729119,0.7611111111111111,0.7944444444444444,0.7111111111111111,2026-08-13T12:55:00+00:00,0.1832,3,0.00112991,-0.00094432,UNRESOLVED
2026-08-13T12:51:03.518142+00:00,1786625100,1786625400,ADA/USD,DOWN,0.1832,0.9464337809729119,0.7611111111111111,0.7944444444444444,0.7111111111111111,2026-08-13T12:55:00+00:00,0.1832,6,0.0016976,-0.0011845,UNRESOLVED
2026-08-13T12:51:03.518142+00:00,1786625100,1786625400,ADA/USD,DOWN,0.1832,0.9464337809729119,0.7611111111111111,0.7944444444444444,0.7111111111111111,2026-08-13T12:55:00+00:00,0.1832,12,0.00279476,-0.00634279,ACCEPTED
2026-08-13T12:55:38.526252+00:00,1786625400,1786625700,ETH/USD,UP,1886.5,0.9446061228475375,0.7621621621621621,0.8432432432432433,0.6378378378378379,2026-08-13T13:00:00+00:00,1886.5,3,0.00355155,-0.00029685,ACCEPTED
2026-08-13T12:55:38.526252+00:00,1786625400,1786625700,ETH/USD,UP,1886.5,0.9446061228475375,0.7621621621621621,0.8432432432432433,0.6378378378378379,2026-08-13T13:00:00+00:00,1886.5,6,0.00355155,-0.00029685,ACCEPTED
2026-08-13T12:55:38.526252+00:00,1786625400,1786625700,ETH/USD,UP,1886.5,0.9446061228475375,0.7621621621621621,0.8432432432432433,0.6378378378378379,2026-08-13T13:00:00+00:00,1886.5,12,0.00355155,-0.00078982,ACCEPTED
2026-08-13T12:55:38.526267+00:00,1786625400,1786625700,XRP/USD,DOWN,1.00426,0.8859596947797268,0.9972972972972973,0.9972972972972973,0.9945945945945946,2026-08-13T13:00:00+00:00,1.00426,3,0.00086631,-0.00172266,UNRESOLVED
2026-08-13T12:55:38.526267+00:00,1786625400,1786625700,XRP/USD,DOWN,1.00426,0.8859596947797268,0.9972972972972973,0.9972972972972973,0.9945945945945946,2026-08-13T13:00:00+00:00,1.00426,6,0.00086631,-0.00348515,FAILED
2026-08-13T12:55:38.526267+00:00,1786625400,1786625700,XRP/USD,DOWN,1.00426,0.8859596947797268,0.9972972972972973,0.9972972972972973,0.9945945945945946,2026-08-13T13:00:00+00:00,1.00426,12,0.00086631,-0.00412244,FAILED
2026-08-13T12:55:53.826286+00:00,1786625400,1786625700,DOT/USD,UP,0.7698,1.0,0.7055214723926381,0.7392638036809815,0.1656441717791411,2026-08-13T13:00:00+00:00,0.7698,3,-0.0001299,-0.00051962,UNRESOLVED
2026-08-13T12:55:53.826286+00:00,1786625400,1786625700,DOT/USD,UP,0.7698,1.0,0.7055214723926381,0.7392638036809815,0.1656441717791411,2026-08-13T13:00:00+00:00,0.7698,6,-0.0001299,-0.00558587,FAILED
2026-08-13T12:55:53.826286+00:00,1786625400,1786625700,DOT/USD,UP,0.7698,1.0,0.7055214723926381,0.7392638036809815,0.1656441717791411,2026-08-13T13:00:00+00:00,0.7698,12,-0.0001299,-0.00558587,FAILED
2026-08-13T12:55:53.826317+00:00,1786625400,1786625700,LTC/USD,UP,44.83,0.9989090906984901,0.8945945945945946,0.9297297297297298,0.7783783783783784,2026-08-13T13:00:00+00:00,44.83,3,0.00156145,0.0,UNRESOLVED
2026-08-13T12:55:53.826317+00:00,1786625400,1786625700,LTC/USD,UP,44.83,0.9989090906984901,0.8945945945945946,0.9297297297297298,0.7783783783783784,2026-08-13T13:00:00+00:00,44.83,6,0.00156145,0.0,UNRESOLVED
2026-08-13T12:55:53.826317+00:00,1786625400,1786625700,LTC/USD,UP,44.83,0.9989090906984901,0.8945945945945946,0.9297297297297298,0.7783783783783784,2026-08-13T13:00:00+00:00,44.83,12,0.00289984,-0.00245371,ACCEPTED
2026-08-13T13:00:29.122828+00:00,1786625700,1786626000,SOL/USD,DOWN,76.05,0.8990729525532701,0.9540540540540541,0.9648648648648649,0.9621621621621622,2026-08-13T13:05:00+00:00,76.05,3,0.00052597,-0.00118343,UNRESOLVED
2026-08-13T13:00:29.122828+00:00,1786625700,1786626000,SOL/USD,DOWN,76.05,0.8990729525532701,0.9540540540540541,0.9648648648648649,0.9621621621621622,2026-08-13T13:05:00+00:00,76.05,6,0.00092045,-0.00118343,UNRESOLVED
2026-08-13T13:00:29.122828+00:00,1786625700,1786626000,SOL/USD,DOWN,76.05,0.8990729525532701,0.9540540540540541,0.9648648648648649,0.9621621621621622,2026-08-13T13:05:00+00:00,76.05,12,0.00092045,-0.00289283,FAILED
2026-08-13T13:00:29.122876+00:00,1786625700,1786626000,XRP/USD,DOWN,1.00457,0.8292849379008147,0.9945945945945946,0.9945945945945946,0.9918918918918919,2026-08-13T13:05:00+00:00,1.00457,3,0.000219,-0.00141354,UNRESOLVED
2026-08-13T13:00:29.122876+00:00,1786625700,1786626000,XRP/USD,DOWN,1.00457,0.8292849379008147,0.9945945945945946,0.9945945945945946,0.9918918918918919,2026-08-13T13:05:00+00:00,1.00457,6,0.000219,-0.00317549,FAILED
2026-08-13T13:00:29.122876+00:00,1786625700,1786626000,XRP/USD,DOWN,1.00457,0.8292849379008147,0.9945945945945946,0.9945945945945946,0.9918918918918919,2026-08-13T13:05:00+00:00,1.00457,12,0.000219,-0.00381258,FAILED
2026-08-13T13:00:29.122892+00:00,1786625700,1786626000,ADA/USD,DOWN,0.18327,0.8901287569267726,0.8444444444444444,0.875,0.8472222222222222,2026-08-13T13:05:00+00:00,0.18327,3,0.00088394,-0.0008021,UNRESOLVED
2026-08-13T13:00:29.122892+00:00,1786625700,1786626000,ADA/USD,DOWN,0.18327,0.8901287569267726,0.8444444444444444,0.875,0.8472222222222222,2026-08-13T13:05:00+00:00,0.18327,6,0.00317564,-0.0008021,ACCEPTED
2026-08-13T13:00:29.122892+00:00,1786625700,1786626000,ADA/USD,DOWN,0.18327,0.8901287569267726,0.8444444444444444,0.875,0.8472222222222222,2026-08-13T13:05:00+00:00,0.18327,12,0.00317564,-0.00609483,ACCEPTED
2026-08-13T13:00:44.483615+00:00,1786625700,1786626000,LINK/USD,UP,8.76984,0.9977711969432752,0.9915966386554622,0.9943977591036415,0.988795518207283,2026-08-13T13:05:00+00:00,8.76984,3,0.00374237,0.00021893,ACCEPTED
2026-08-13T13:00:44.483615+00:00,1786625700,1786626000,LINK/USD,UP,8.76984,0.9977711969432752,0.9915966386554622,0.9943977591036415,0.988795518207283,2026-08-13T13:05:00+00:00,8.76984,6,0.00374237,-0.0012771,ACCEPTED
2026-08-13T13:00:44.483615+00:00,1786625700,1786626000,LINK/USD,UP,8.76984,0.9977711969432752,0.9915966386554622,0.9943977591036415,0.988795518207283,2026-08-13T13:05:00+00:00,8.76984,12,0.00713126,-0.0012771,ACCEPTED
2026-08-13T13:05:50.813719+00:00,1786626000,1786626300,AAVE/USD,DOWN,88.67,1.0,0.7977099236641222,0.8129770992366412,0.7862595419847328,2026-08-13T13:10:00+00:00,88.67,3,0.00236833,0.0,UNRESOLVED
2026-08-13T13:05:50.813719+00:00,1786626000,1786626300,AAVE/USD,DOWN,88.67,1.0,0.7977099236641222,0.8129770992366412,0.7862595419847328,2026-08-13T13:10:00+00:00,88.67,6,0.00755611,0.0,ACCEPTED
2026-08-13T13:05:50.813719+00:00,1786626000,1786626300,AAVE/USD,DOWN,88.67,1.0,0.7977099236641222,0.8129770992366412,0.7862595419847328,2026-08-13T13:10:00+00:00,88.67,12,0.01195444,0.0,ACCEPTED
2026-08-13T13:10:26.673239+00:00,1786626300,1786626600,ETH/USD,DOWN,1890.74,0.6685004049305994,0.8729729729729729,0.8783783783783784,0.9135135135135135,2026-08-13T13:15:00+00:00,1890.74,3,0.00232184,-0.00023271,UNRESOLVED
2026-08-13T13:10:26.673239+00:00,1786626300,1786626600,ETH/USD,DOWN,1890.74,0.6685004049305994,0.8729729729729729,0.8783783783783784,0.9135135135135135,2026-08-13T13:15:00+00:00,1890.74,6,0.00303056,-0.00056063,ACCEPTED
2026-08-13T13:10:26.673239+00:00,1786626300,1786626600,ETH/USD,DOWN,1890.74,0.6685004049305994,0.8729729729729729,0.8783783783783784,0.9135135135135135,2026-08-13T13:15:00+00:00,1890.74,12,0.00303056,-0.00120588,ACCEPTED
2026-08-13T13:10:26.673255+00:00,1786626300,1786626600,XRP/USD,UP,1.00545,0.8878351118857473,0.8081081081081081,0.8756756756756757,0.8297297297297297,2026-08-13T13:15:00+00:00,1.00545,3,0.00229748,-0.00013924,UNRESOLVED
2026-08-13T13:10:26.673255+00:00,1786626300,1786626600,XRP/USD,UP,1.00545,0.8878351118857473,0.8081081081081081,0.8756756756756757,0.8297297297297297,2026-08-13T13:15:00+00:00,1.00545,6,0.00229748,-0.00055696,UNRESOLVED
2026-08-13T13:10:26.673255+00:00,1786626300,1786626600,XRP/USD,UP,1.00545,0.8878351118857473,0.8081081081081081,0.8756756756756757,0.8297297297297297,2026-08-13T13:15:00+00:00,1.00545,12,0.00293401,-0.00231737,ACCEPTED
2026-08-13T13:10:26.673271+00:00,1786626300,1786626600,ADA/USD,DOWN,0.183248,0.9657993568686037,0.775,0.8277777777777777,0.7527777777777778,2026-08-13T13:15:00+00:00,0.183248,3,0.00195909,-0.00065485,UNRESOLVED
2026-08-13T13:10:26.673271+00:00,1786626300,1786626600,ADA/USD,DOWN,0.183248,0.9657993568686037,0.775,0.8277777777777777,0.7527777777777778,2026-08-13T13:15:00+00:00,0.183248,6,0.00305597,-0.00259757,ACCEPTED
2026-08-13T13:10:26.673271+00:00,1786626300,1786626600,ADA/USD,DOWN,0.183248,0.9657993568686037,0.775,0.8277777777777777,0.7527777777777778,2026-08-13T13:15:00+00:00,0.183248,12,0.00305597,-0.00792369,ACCEPTED
2026-08-13T13:10:41.983791+00:00,1786626300,1786626600,LINK/USD,UP,8.7947,0.97507332032613,0.8599439775910365,0.8879551820728291,0.8711484593837535,2026-08-13T13:15:00+00:00,8.7947,3,0.00070042,-0.00148953,UNRESOLVED
2026-08-13T13:10:41.983791+00:00,1786626300,1786626600,LINK/USD,UP,8.7947,0.97507332032613,0.8599439775910365,0.8879551820728291,0.8711484593837535,2026-08-13T13:15:00+00:00,8.7947,6,0.00153388,-0.0041002,FAILED
2026-08-13T13:10:41.983791+00:00,1786626300,1786626600,LINK/USD,UP,8.7947,0.97507332032613,0.8599439775910365,0.8879551820728291,0.8711484593837535,2026-08-13T13:15:00+00:00,8.7947,12,0.0042844,-0.0041002,FAILED
2026-08-13T13:10:41.983806+00:00,1786626300,1786626600,AVAX/USD,DOWN,6.54,0.5549059159263223,0.9803921568627451,0.988795518207283,0.9215686274509803,2026-08-13T13:15:00+00:00,6.54,3,0.00474006,-0.00045872,ACCEPTED
2026-08-13T13:10:41.983806+00:00,1786626300,1786626600,AVAX/USD,DOWN,6.54,0.5549059159263223,0.9803921568627451,0.988795518207283,0.9215686274509803,2026-08-13T13:15:00+00:00,6.54,6,0.00902141,-0.00045872,ACCEPTED
2026-08-13T13:10:41.983806+00:00,1786626300,1786626600,AVAX/USD,DOWN,6.54,0.5549059159263223,0.9803921568627451,0.988795518207283,0.9215686274509803,2026-08-13T13:15:00+00:00,6.54,12,0.00902141,-0.00045872,ACCEPTED
2026-08-13T13:15:48.283720+00:00,1786626600,1786626900,DOT/USD,UP,0.7679,0.9827102653565867,0.9263803680981595,0.9355828220858896,0.9171779141104295,2026-08-13T13:20:00+00:00,0.7679,3,-0.0005209,-0.00312541,FAILED
2026-08-13T13:15:48.283720+00:00,1786626600,1786626900,DOT/USD,UP,0.7679,0.9827102653565867,0.9263803680981595,0.9355828220858896,0.9171779141104295,2026-08-13T13:20:00+00:00,0.7679,6,0.00117203,-0.00312541,FAILED
2026-08-13T13:15:48.283720+00:00,1786626600,1786626900,DOT/USD,UP,0.7679,0.9827102653565867,0.9263803680981595,0.9355828220858896,0.9171779141104295,2026-08-13T13:20:00+00:00,0.7679,12,0.00182315,-0.00312541,FAILED
2026-08-13T13:15:48.283737+00:00,1786626600,1786626900,AAVE/USD,UP,88.58,0.9305820452542589,0.8587786259541985,0.8854961832061069,0.4770992366412214,2026-08-13T13:20:00+00:00,88.58,3,-0.00079025,-0.00259652,FAILED
2026-08-13T13:15:48.283737+00:00,1786626600,1786626900,AAVE/USD,UP,88.58,0.9305820452542589,0.8587786259541985,0.8854961832061069,0.4770992366412214,2026-08-13T13:20:00+00:00,88.58,6,-0.00079025,-0.00654775,FAILED
2026-08-13T13:15:48.283737+00:00,1786626600,1786626900,AAVE/USD,UP,88.58,0.9305820452542589,0.8587786259541985,0.8854961832061069,0.4770992366412214,2026-08-13T13:20:00+00:00,88.58,12,-0.00079025,-0.01151501,FAILED
2026-08-13T13:20:24.458779+00:00,1786626900,1786627200,SOL/USD,DOWN,76.05,0.8758506442229823,0.8405405405405405,0.8648648648648649,0.8756756756756757,2026-08-13T13:25:00+00:00,76.05,3,0.00092045,-0.00118343,UNRESOLVED
2026-08-13T13:20:24.458779+00:00,1786626900,1786627200,SOL/USD,DOWN,76.05,0.8758506442229823,0.8405405405405405,0.8648648648648649,0.8756756756756757,2026-08-13T13:25:00+00:00,76.05,6,0.00092045,-0.00289283,FAILED
2026-08-13T13:20:24.458779+00:00,1786626900,1786627200,SOL/USD,DOWN,76.05,0.8758506442229823,0.8405405405405405,0.8648648648648649,0.8756756756756757,2026-08-13T13:25:00+00:00,76.05,12,0.00092045,-0.00420776,FAILED
2026-08-13T13:20:39.838149+00:00,1786626900,1786627200,XRP/USD,UP,1.00657,0.9310558449441377,1.0,1.0,0.9972972972972973,2026-08-13T13:25:00+00:00,1.00657,3,0.00027817,-0.00166903,UNRESOLVED
2026-08-13T13:20:39.838149+00:00,1786626900,1786627200,XRP/USD,UP,1.00657,0.9310558449441377,1.0,1.0,0.9972972972972973,2026-08-13T13:25:00+00:00,1.00657,6,0.00181806,-0.00166903,UNRESOLVED
2026-08-13T13:20:39.838149+00:00,1786626900,1786627200,XRP/USD,UP,1.00657,0.9310558449441377,1.0,1.0,0.9972972972972973,2026-08-13T13:25:00+00:00,1.00657,12,0.00181806,-0.00342748,FAILED
2026-08-13T13:20:39.838166+00:00,1786626900,1786627200,ADA/USD,UP,0.183092,0.6254048395127838,0.8083333333333333,0.7833333333333333,0.6888888888888889,2026-08-13T13:25:00+00:00,0.183092,3,0.00092303,-0.00220654,UNRESOLVED
2026-08-13T13:20:39.838166+00:00,1786626900,1786627200,ADA/USD,UP,0.183092,0.6254048395127838,0.8083333333333333,0.7833333333333333,0.6888888888888889,2026-08-13T13:25:00+00:00,0.183092,6,0.0069364,-0.00220654,ACCEPTED
2026-08-13T13:20:39.838166+00:00,1786626900,1786627200,ADA/USD,UP,0.183092,0.6254048395127838,0.8083333333333333,0.7833333333333333,0.6888888888888889,2026-08-13T13:25:00+00:00,0.183092,12,0.01053023,-0.00220654,ACCEPTED
2026-08-13T13:20:39.838198+00:00,1786626900,1786627200,LINK/USD,UP,8.79033,0.6829392032434879,0.7198879551820728,0.7030812324929971,0.7871148459383753,2026-08-13T13:25:00+00:00,8.79033,3,-4.437e-05,-0.0036051,FAILED
2026-08-13T13:20:39.838198+00:00,1786626900,1786627200,LINK/USD,UP,8.79033,0.6829392032434879,0.7198879551820728,0.7030812324929971,0.7871148459383753,2026-08-13T13:25:00+00:00,8.79033,6,0.00478367,-0.0036051,FAILED
2026-08-13T13:20:39.838198+00:00,1786626900,1786627200,LINK/USD,UP,8.79033,0.6829392032434879,0.7198879551820728,0.7030812324929971,0.7871148459383753,2026-08-13T13:25:00+00:00,8.79033,12,0.00478367,-0.0036051,FAILED
2026-08-13T13:25:31.047734+00:00,1786627200,1786627500,DOGE/USD,UP,0.0700018,0.9726467880187846,0.9550561797752809,0.9662921348314607,0.9719101123595506,2026-08-13T13:30:00+00:00,0.0700018,3,0.00233994,-0.00066284,UNRESOLVED
2026-08-13T13:25:31.047734+00:00,1786627200,1786627500,DOGE/USD,UP,0.0700018,0.9726467880187846,0.9550561797752809,0.9662921348314607,0.9719101123595506,2026-08-13T13:30:00+00:00,0.0700018,6,0.00342563,-0.00066284,ACCEPTED
2026-08-13T13:25:31.047734+00:00,1786627200,1786627500,DOGE/USD,UP,0.0700018,0.9726467880187846,0.9550561797752809,0.9662921348314607,0.9719101123595506,2026-08-13T13:30:00+00:00,0.0700018,12,0.00414561,-0.00066284,ACCEPTED
2026-08-13T13:25:46.411592+00:00,1786627200,1786627500,AVAX/USD,DOWN,6.509,0.9785259722005683,0.8011204481792717,0.834733893557423,0.7535014005602241,2026-08-13T13:30:00+00:00,6.509,3,0.00430174,-0.0004609,ACCEPTED
2026-08-13T13:25:46.411592+00:00,1786627200,1786627500,AVAX/USD,DOWN,6.509,0.9785259722005683,0.8011204481792717,0.834733893557423,0.7535014005602241,2026-08-13T13:30:00+00:00,6.509,6,0.00430174,-0.0004609,ACCEPTED
2026-08-13T13:25:46.411592+00:00,1786627200,1786627500,AVAX/USD,DOWN,6.509,0.9785259722005683,0.8011204481792717,0.834733893557423,0.7535014005602241,2026-08-13T13:30:00+00:00,6.509,12,0.0050699,-0.0009218,ACCEPTED
2026-08-13T13:25:46.411623+00:00,1786627200,1786627500,DOT/USD,UP,0.7655,0.9182476811719995,0.9785276073619632,0.9785276073619632,0.941717791411043,2026-08-13T13:30:00+00:00,0.7655,3,0.00300457,0.0003919,ACCEPTED
2026-08-13T13:25:46.411623+00:00,1786627200,1786627500,DOT/USD,UP,0.7655,0.9182476811719995,0.9785276073619632,0.9785276073619632,0.941717791411043,2026-08-13T13:30:00+00:00,0.7655,6,0.00496408,0.0003919,ACCEPTED
2026-08-13T13:25:46.411623+00:00,1786627200,1786627500,DOT/USD,UP,0.7655,0.9182476811719995,0.9785276073619632,0.9785276073619632,0.941717791411043,2026-08-13T13:30:00+00:00,0.7655,12,0.00640105,0.0003919,ACCEPTED
2026-08-13T13:26:01.726609+00:00,1786627200,1786627500,LTC/USD,DOWN,44.85,0.9510507832474929,0.9459459459459459,0.9567567567567568,0.8351351351351352,2026-08-13T13:30:00+00:00,44.85,3,0.0,-0.00222965,UNRESOLVED
2026-08-13T13:26:01.726609+00:00,1786627200,1786627500,LTC/USD,DOWN,44.85,0.9510507832474929,0.9459459459459459,0.9567567567567568,0.8351351351351352,2026-08-13T13:30:00+00:00,44.85,6,0.00289855,-0.00245262,ACCEPTED
2026-08-13T13:26:01.726609+00:00,1786627200,1786627500,LTC/USD,DOWN,44.85,0.9510507832474929,0.9459459459459459,0.9567567567567568,0.8351351351351352,2026-08-13T13:30:00+00:00,44.85,12,0.00512821,-0.00245262,ACCEPTED
2026-08-13T13:30:37.748152+00:00,1786627500,1786627800,XRP/USD,DOWN,1.00552,0.7646001096232428,0.8324324324324325,0.8648648648648649,0.3918918918918919,2026-08-13T13:35:00+00:00,1.00552,3,0.00062654,-0.00286419,FAILED
2026-08-13T13:30:37.748152+00:00,1786627500,1786627800,XRP/USD,DOWN,1.00552,0.7646001096232428,0.8324324324324325,0.8648648648648649,0.3918918918918919,2026-08-13T13:35:00+00:00,1.00552,6,0.00062654,-0.00286419,FAILED
2026-08-13T13:30:37.748152+00:00,1786627500,1786627800,XRP/USD,DOWN,1.00552,0.7646001096232428,0.8324324324324325,0.8648648648648649,0.3918918918918919,2026-08-13T13:35:00+00:00,1.00552,12,0.00238682,-0.00286419,FAILED
2026-08-13T13:30:37.748184+00:00,1786627500,1786627800,ADA/USD,DOWN,0.182815,0.9493635171396458,0.9027777777777778,0.9361111111111111,0.9222222222222223,2026-08-13T13:35:00+00:00,0.182815,3,0.00032273,-0.00846211,FAILED
2026-08-13T13:30:37.748184+00:00,1786627500,1786627800,ADA/USD,DOWN,0.182815,0.9493635171396458,0.9027777777777778,0.9361111111111111,0.9222222222222223,2026-08-13T13:35:00+00:00,0.182815,6,0.00032273,-0.00859886,FAILED
2026-08-13T13:30:37.748184+00:00,1786627500,1786627800,ADA/USD,DOWN,0.182815,0.9493635171396458,0.9027777777777778,0.9361111111111111,0.9222222222222223,2026-08-13T13:35:00+00:00,0.182815,12,0.00032273,-0.01206137,FAILED
2026-08-13T13:30:37.748216+00:00,1786627500,1786627800,DOGE/USD,UP,0.0699778,0.934847879278725,0.8089887640449438,0.8398876404494382,0.8174157303370787,2026-08-13T13:35:00+00:00,0.0699778,3,0.00376977,0.0,ACCEPTED
2026-08-13T13:30:37.748216+00:00,1786627500,1786627800,DOGE/USD,UP,0.0699778,0.934847879278725,0.8089887640449438,0.8398876404494382,0.8174157303370787,2026-08-13T13:35:00+00:00,0.0699778,6,0.00376977,0.0,ACCEPTED
2026-08-13T13:30:37.748216+00:00,1786627500,1786627800,DOGE/USD,UP,0.0699778,0.934847879278725,0.8089887640449438,0.8398876404494382,0.8174157303370787,2026-08-13T13:35:00+00:00,0.0699778,12,0.00449,0.0,ACCEPTED
2026-08-13T13:35:29.902181+00:00,1786627800,1786628100,BTC/USD,UP,63659.7,0.6404482850253234,0.948509485094851,0.9376693766937669,0.924119241192412,2026-08-13T13:40:00+00:00,63659.7,3,0.00177035,-0.00044455,UNRESOLVED
2026-08-13T13:35:29.902181+00:00,1786627800,1786628100,BTC/USD,UP,63659.7,0.6404482850253234,0.948509485094851,0.9376693766937669,0.924119241192412,2026-08-13T13:40:00+00:00,63659.7,6,0.00177035,-0.0005875,UNRESOLVED
2026-08-13T13:35:29.902181+00:00,1786627800,1786628100,BTC/USD,UP,63659.7,0.6404482850253234,0.948509485094851,0.9376693766937669,0.924119241192412,2026-08-13T13:40:00+00:00,63659.7,12,0.00350614,-0.00065976,ACCEPTED
2026-08-13T13:35:45.453804+00:00,1786627800,1786628100,DOGE/USD,UP,0.0701321,0.8864821025599124,0.8848314606741573,0.9044943820224719,0.9213483146067416,2026-08-13T13:40:00+00:00,0.0701321,3,0.00156134,-5.561e-05,UNRESOLVED
2026-08-13T13:35:45.453804+00:00,1786627800,1786628100,DOGE/USD,UP,0.0701321,0.8864821025599124,0.8848314606741573,0.9044943820224719,0.9213483146067416,2026-08-13T13:40:00+00:00,0.0701321,6,0.00156134,-0.00050048,UNRESOLVED
2026-08-13T13:35:45.453804+00:00,1786627800,1786628100,DOGE/USD,UP,0.0701321,0.8864821025599124,0.8848314606741573,0.9044943820224719,0.9213483146067416,2026-08-13T13:40:00+00:00,0.0701321,12,0.00227998,-0.00233559,UNRESOLVED
2026-08-13T13:36:00.866222+00:00,1786627800,1786628100,DOT/USD,UP,0.7671,0.9413029240984371,0.9815950920245399,0.9877300613496932,0.8987730061349694,2026-08-13T13:40:00+00:00,0.7671,3,0.00221614,0.00065181,UNRESOLVED
2026-08-13T13:36:00.866222+00:00,1786627800,1786628100,DOT/USD,UP,0.7671,0.9413029240984371,0.9815950920245399,0.9877300613496932,0.8987730061349694,2026-08-13T13:40:00+00:00,0.7671,6,0.00286794,0.00065181,ACCEPTED
2026-08-13T13:36:00.866222+00:00,1786627800,1786628100,DOT/USD,UP,0.7671,0.9413029240984371,0.9815950920245399,0.9877300613496932,0.8987730061349694,2026-08-13T13:40:00+00:00,0.7671,12,0.00756094,0.00026072,ACCEPTED
2026-08-13T13:36:00.866238+00:00,1786627800,1786628100,AAVE/USD,DOWN,88.0,1.0,0.8282442748091603,0.851145038167939,0.6603053435114504,2026-08-13T13:40:00+00:00,88.0,3,-0.00011364,-0.00329545,FAILED
2026-08-13T13:36:00.866238+00:00,1786627800,1786628100,AAVE/USD,DOWN,88.0,1.0,0.8282442748091603,0.851145038167939,0.6603053435114504,2026-08-13T13:40:00+00:00,88.0,6,0.00443182,-0.00329545,FAILED
2026-08-13T13:36:00.866238+00:00,1786627800,1786628100,AAVE/USD,DOWN,88.0,1.0,0.8282442748091603,0.851145038167939,0.6603053435114504,2026-08-13T13:40:00+00:00,88.0,12,0.005,-0.00329545,FAILED
2026-08-13T13:40:07.579126+00:00,1786628100,1786628400,AAVE/USD,UP,88.17,1.0,0.7824427480916031,0.8053435114503816,0.7862595419847328,2026-08-13T13:45:00+00:00,88.17,3,0.00136101,-0.00340252,FAILED
2026-08-13T13:40:07.579126+00:00,1786628100,1786628400,AAVE/USD,UP,88.17,1.0,0.7824427480916031,0.8053435114503816,0.7862595419847328,2026-08-13T13:45:00+00:00,88.17,6,0.00136101,-0.00691845,FAILED
2026-08-13T13:40:07.579126+00:00,1786628100,1786628400,AAVE/USD,UP,88.17,1.0,0.7824427480916031,0.8053435114503816,0.7862595419847328,2026-08-13T13:45:00+00:00,88.17,12,0.0058977,-0.00691845,FAILED
2026-08-13T13:41:09.348568+00:00,1786628100,1786628400,LINK/USD,UP,8.80516,0.8356521897997599,0.9859943977591037,0.988795518207283,0.9831932773109243,2026-08-13T13:45:00+00:00,8.80516,3,0.00309137,-0.00081202,ACCEPTED
2026-08-13T13:41:09.348568+00:00,1786628100,1786628400,LINK/USD,UP,8.80516,0.8356521897997599,0.9859943977591037,0.988795518207283,0.9831932773109243,2026-08-13T13:45:00+00:00,8.80516,6,0.00309137,-0.00203517,ACCEPTED
2026-08-13T13:41:09.348568+00:00,1786628100,1786628400,LINK/USD,UP,8.80516,0.8356521897997599,0.9859943977591037,0.988795518207283,0.9831932773109243,2026-08-13T13:45:00+00:00,8.80516,12,0.00350136,-0.00203517,ACCEPTED
2026-08-13T13:45:29.734791+00:00,1786628400,1786628700,SOL/USD,DOWN,76.22,0.9376299097922708,0.7702702702702703,0.8108108108108109,0.7891891891891892,2026-08-13T13:50:00+00:00,76.22,3,0.00170559,0.0,UNRESOLVED
2026-08-13T13:45:29.734791+00:00,1786628400,1786628700,SOL/USD,DOWN,76.22,0.9376299097922708,0.7702702702702703,0.8108108108108109,0.7891891891891892,2026-08-13T13:50:00+00:00,76.22,6,0.00209919,-0.00196799,UNRESOLVED
2026-08-13T13:45:29.734791+00:00,1786628400,1786628700,SOL/USD,DOWN,76.22,0.9376299097922708,0.7702702702702703,0.8108108108108109,0.7891891891891892,2026-08-13T13:50:00+00:00,76.22,12,0.00209919,-0.00354238,FAILED
2026-08-13T13:45:29.734819+00:00,1786628400,1786628700,BTC/USD,UP,63731.6,0.7113066597688131,0.986449864498645,0.981029810298103,0.9512195121951219,2026-08-13T13:50:00+00:00,63731.6,3,0.00056958,-0.00157222,UNRESOLVED
2026-08-13T13:45:29.734819+00:00,1786628400,1786628700,BTC/USD,UP,63731.6,0.7113066597688131,0.986449864498645,0.981029810298103,0.9512195121951219,2026-08-13T13:50:00+00:00,63731.6,6,0.00082063,-0.00178718,UNRESOLVED
2026-08-13T13:45:29.734819+00:00,1786628400,1786628700,BTC/USD,UP,63731.6,0.7113066597688131,0.986449864498645,0.981029810298103,0.9512195121951219,2026-08-13T13:50:00+00:00,63731.6,12,0.00287769,-0.00178718,ACCEPTED
2026-08-13T13:45:45.223787+00:00,1786628400,1786628700,LINK/USD,UP,8.8033,0.9408726713664292,0.8095238095238095,0.834733893557423,0.9355742296918768,2026-08-13T13:50:00+00:00,8.8033,3,0.00127679,-0.00123817,UNRESOLVED
2026-08-13T13:45:45.223787+00:00,1786628400,1786628700,LINK/USD,UP,8.8033,0.9408726713664292,0.8095238095238095,0.834733893557423,0.9355742296918768,2026-08-13T13:50:00+00:00,8.8033,6,0.00211398,-0.00182432,UNRESOLVED
2026-08-13T13:45:45.223787+00:00,1786628400,1786628700,LINK/USD,UP,8.8033,0.9408726713664292,0.8095238095238095,0.834733893557423,0.9355742296918768,2026-08-13T13:50:00+00:00,8.8033,12,0.00371338,-0.00182432,ACCEPTED
2026-08-13T13:46:00.615505+00:00,1786628400,1786628700,AAVE/USD,DOWN,88.08,0.9746602206067699,1.0,1.0,0.9961832061068703,2026-08-13T13:50:00+00:00,88.08,3,0.0023842,-0.0006812,UNRESOLVED
2026-08-13T13:46:00.615505+00:00,1786628400,1786628700,AAVE/USD,DOWN,88.08,0.9746602206067699,1.0,1.0,0.9961832061068703,2026-08-13T13:50:00+00:00,88.08,6,0.00590372,-0.0006812,ACCEPTED
2026-08-13T13:46:00.615505+00:00,1786628400,1786628700,AAVE/USD,DOWN,88.08,0.9746602206067699,1.0,1.0,0.9961832061068703,2026-08-13T13:50:00+00:00,88.08,12,0.00590372,-0.00737965,ACCEPTED
2026-08-13T13:50:36.401607+00:00,1786628700,1786629000,BTC/USD,DOWN,63762.1,0.5120272306786003,0.8401084010840109,0.8319783197831978,0.907859078590786,2026-08-13T13:55:00+00:00,63762.1,3,0.00219253,-6.901e-05,UNRESOLVED
2026-08-13T13:50:36.401607+00:00,1786628700,1786629000,BTC/USD,DOWN,63762.1,0.5120272306786003,0.8401084010840109,0.8319783197831978,0.907859078590786,2026-08-13T13:55:00+00:00,63762.1,6,0.00226467,-0.00048461,UNRESOLVED
2026-08-13T13:50:36.401607+00:00,1786628700,1786629000,BTC/USD,DOWN,63762.1,0.5120272306786003,0.8401084010840109,0.8319783197831978,0.907859078590786,2026-08-13T13:55:00+00:00,63762.1,12,0.00226467,-0.00239798,UNRESOLVED
2026-08-13T13:50:36.401636+00:00,1786628700,1786629000,ETH/USD,DOWN,1892.12,0.8934262721058613,0.9567567567567568,0.9621621621621622,0.9837837837837838,2026-08-13T13:55:00+00:00,1892.12,3,0.00255269,0.00034882,ACCEPTED
2026-08-13T13:50:36.401636+00:00,1786628700,1786629000,ETH/USD,DOWN,1892.12,0.8934262721058613,0.9567567567567568,0.9621621621621622,0.9837837837837838,2026-08-13T13:55:00+00:00,1892.12,6,0.00273767,-0.00020612,ACCEPTED
2026-08-13T13:50:36.401636+00:00,1786628700,1786629000,ETH/USD,DOWN,1892.12,0.8934262721058613,0.9567567567567568,0.9621621621621622,0.9837837837837838,2026-08-13T13:55:00+00:00,1892.12,12,0.00273767,-0.00167008,ACCEPTED
2026-08-13T13:50:36.401694+00:00,1786628700,1786629000,ADA/USD,DOWN,0.183926,0.726070680235326,0.8194444444444444,0.825,0.7416666666666667,2026-08-13T13:55:00+00:00,0.183926,3,-0.00117439,-0.00420821,FAILED
2026-08-13T13:50:36.401694+00:00,1786628700,1786629000,ADA/USD,DOWN,0.183926,0.726070680235326,0.8194444444444444,0.825,0.7416666666666667,2026-08-13T13:55:00+00:00,0.183926,6,-0.00117439,-0.00594804,FAILED
2026-08-13T13:50:36.401694+00:00,1786628700,1786629000,ADA/USD,DOWN,0.183926,0.726070680235326,0.8194444444444444,0.825,0.7416666666666667,2026-08-13T13:55:00+00:00,0.183926,12,-0.00059263,-0.00672009,FAILED
2026-08-13T13:50:51.919517+00:00,1786628700,1786629000,AAVE/USD,UP,88.14,0.9409831932804972,0.7099236641221374,0.7366412213740458,0.7862595419847328,2026-08-13T13:55:00+00:00,88.14,3,-0.00090765,-0.00601316,FAILED
2026-08-13T13:50:51.919517+00:00,1786628700,1786629000,AAVE/USD,UP,88.14,0.9409831932804972,0.7099236641221374,0.7366412213740458,0.7862595419847328,2026-08-13T13:55:00+00:00,88.14,6,-0.00090765,-0.00658044,FAILED
2026-08-13T13:50:51.919517+00:00,1786628700,1786629000,AAVE/USD,UP,88.14,0.9409831932804972,0.7099236641221374,0.7366412213740458,0.7862595419847328,2026-08-13T13:55:00+00:00,88.14,12,0.00760154,-0.00658044,FAILED
2026-08-13T13:55:29.281461+00:00,1786629000,1786629300,ETH/USD,DOWN,1888.89,0.9183679036627204,0.981081081081081,0.9783783783783784,0.9918918918918919,2026-08-13T14:00:00+00:00,1888.89,3,0.00103235,-0.00011118,UNRESOLVED
2026-08-13T13:55:29.281461+00:00,1786629000,1786629300,ETH/USD,DOWN,1888.89,0.9183679036627204,0.981081081081081,0.9783783783783784,0.9918918918918919,2026-08-13T14:00:00+00:00,1888.89,6,0.00103235,-0.00191647,UNRESOLVED
2026-08-13T13:55:29.281461+00:00,1786629000,1786629300,ETH/USD,DOWN,1888.89,0.9183679036627204,0.981081081081081,0.9783783783783784,0.9918918918918919,2026-08-13T14:00:00+00:00,1888.89,12,0.00103235,-0.00338294,FAILED
2026-08-13T14:00:35.911409+00:00,1786629300,1786629600,ETH/USD,DOWN,1887.64,0.9941925780271686,0.9837837837837838,0.9864864864864865,0.9783783783783784,2026-08-13T14:05:00+00:00,1887.64,3,0.00037083,-0.00257994,FAILED
2026-08-13T14:00:35.911409+00:00,1786629300,1786629600,ETH/USD,DOWN,1887.64,0.9941925780271686,0.9837837837837838,0.9864864864864865,0.9783783783783784,2026-08-13T14:05:00+00:00,1887.64,6,0.00037083,-0.00257994,FAILED
2026-08-13T14:00:35.911409+00:00,1786629300,1786629600,ETH/USD,DOWN,1887.64,0.9941925780271686,0.9837837837837838,0.9864864864864865,0.9783783783783784,2026-08-13T14:05:00+00:00,1887.64,12,0.00037083,-0.00404738,FAILED
2026-08-13T14:00:51.390418+00:00,1786629300,1786629600,AVAX/USD,DOWN,6.484,0.8731179356851947,0.8851540616246498,0.9019607843137255,0.8375350140056023,2026-08-13T14:05:00+00:00,6.484,3,0.0,-0.004781,FAILED
2026-08-13T14:00:51.390418+00:00,1786629300,1786629600,AVAX/USD,DOWN,6.484,0.8731179356851947,0.8851540616246498,0.9019607843137255,0.8375350140056023,2026-08-13T14:05:00+00:00,6.484,6,0.00308452,-0.004781,FAILED
2026-08-13T14:00:51.390418+00:00,1786629300,1786629600,AVAX/USD,DOWN,6.484,0.8731179356851947,0.8851540616246498,0.9019607843137255,0.8375350140056023,2026-08-13T14:05:00+00:00,6.484,12,0.00308452,-0.004781,FAILED
2026-08-13T14:00:51.390451+00:00,1786629300,1786629600,LTC/USD,UP,44.7,0.9770937068625466,0.7432432432432432,0.8243243243243243,0.8,2026-08-13T14:05:00+00:00,44.7,3,0.001566,-0.00178971,UNRESOLVED
2026-08-13T14:00:51.390451+00:00,1786629300,1786629600,LTC/USD,UP,44.7,0.9770937068625466,0.7432432432432432,0.8243243243243243,0.8,2026-08-13T14:05:00+00:00,44.7,6,0.00402685,-0.00178971,ACCEPTED
2026-08-13T14:00:51.390451+00:00,1786629300,1786629600,LTC/USD,UP,44.7,0.9770937068625466,0.7432432432432432,0.8243243243243243,0.8,2026-08-13T14:05:00+00:00,44.7,12,0.00469799,-0.00178971,ACCEPTED
2026-08-13T14:05:43.848594+00:00,1786629600,1786629900,XRP/USD,UP,1.00475,0.7116253546476071,0.8378378378378378,0.8621621621621621,0.8405405405405405,2026-08-13T14:10:00+00:00,1.00475,3,0.00156258,-0.00162229,UNRESOLVED
2026-08-13T14:05:43.848594+00:00,1786629600,1786629900,XRP/USD,UP,1.00475,0.7116253546476071,0.8378378378378378,0.8621621621621621,0.8405405405405405,2026-08-13T14:10:00+00:00,1.00475,6,0.00271709,-0.00162229,ACCEPTED
2026-08-13T14:05:43.848594+00:00,1786629600,1786629900,XRP/USD,UP,1.00475,0.7116253546476071,0.8378378378378378,0.8621621621621621,0.8405405405405405,2026-08-13T14:10:00+00:00,1.00475,12,0.00582234,-0.00162229,ACCEPTED
2026-08-13T14:05:59.284386+00:00,1786629600,1786629900,AVAX/USD,UP,6.492,1.0,0.8907563025210085,0.927170868347339,0.7310924369747899,2026-08-13T14:10:00+00:00,6.492,3,0.00354282,-0.00107825,ACCEPTED
2026-08-13T14:05:59.284386+00:00,1786629600,1786629900,AVAX/USD,UP,6.492,1.0,0.8907563025210085,0.927170868347339,0.7310924369747899,2026-08-13T14:10:00+00:00,6.492,6,0.00354282,-0.004313,ACCEPTED
2026-08-13T14:05:59.284386+00:00,1786629600,1786629900,AVAX/USD,UP,6.492,1.0,0.8907563025210085,0.927170868347339,0.7310924369747899,2026-08-13T14:10:00+00:00,6.492,12,0.00354282,-0.004313,ACCEPTED
2026-08-13T14:05:59.284401+00:00,1786629600,1786629900,DOT/USD,UP,0.7685,1.0,0.7883435582822086,0.8190184049079755,0.4294478527607362,2026-08-13T14:10:00+00:00,0.7685,3,0.00169161,-0.00156148,UNRESOLVED
2026-08-13T14:05:59.284401+00:00,1786629600,1786629900,DOT/USD,UP,0.7685,1.0,0.7883435582822086,0.8190184049079755,0.4294478527607362,2026-08-13T14:10:00+00:00,0.7685,6,0.00572544,-0.00156148,ACCEPTED
2026-08-13T14:05:59.284401+00:00,1786629600,1786629900,DOT/USD,UP,0.7685,1.0,0.7883435582822086,0.8190184049079755,0.4294478527607362,2026-08-13T14:10:00+00:00,0.7685,12,0.00819779,-0.00156148,ACCEPTED
2026-08-13T14:06:14.848251+00:00,1786629600,1786629900,AAVE/USD,UP,87.61,0.7476048232602271,0.9122137404580153,0.9122137404580153,0.9122137404580153,2026-08-13T14:10:00+00:00,87.61,3,0.00353841,-0.00057071,ACCEPTED
2026-08-13T14:06:14.848251+00:00,1786629600,1786629900,AAVE/USD,UP,87.61,0.7476048232602271,0.9122137404580153,0.9122137404580153,0.9122137404580153,2026-08-13T14:10:00+00:00,87.61,6,0.00536468,-0.00057071,ACCEPTED
2026-08-13T14:06:14.848251+00:00,1786629600,1786629900,AAVE/USD,UP,87.61,0.7476048232602271,0.9122137404580153,0.9122137404580153,0.9122137404580153,2026-08-13T14:10:00+00:00,87.61,12,0.01449606,-0.00057071,ACCEPTED
2026-08-13T14:10:50.724809+00:00,1786629900,1786630200,ADA/USD,DOWN,0.18422,0.9221429892153485,0.725,0.7694444444444445,0.7416666666666667,2026-08-13T14:15:00+00:00,0.18422,3,4.343e-05,-0.00434263,FAILED
2026-08-13T14:10:50.724809+00:00,1786629900,1786630200,ADA/USD,DOWN,0.18422,0.9221429892153485,0.725,0.7694444444444445,0.7416666666666667,2026-08-13T14:15:00+00:00,0.18422,6,0.00100423,-0.00500489,FAILED
2026-08-13T14:10:50.724809+00:00,1786629900,1786630200,ADA/USD,DOWN,0.18422,0.9221429892153485,0.725,0.7694444444444445,0.7416666666666667,2026-08-13T14:15:00+00:00,0.18422,12,0.00100423,-0.00511345,FAILED
2026-08-13T14:11:06.077641+00:00,1786629900,1786630200,AVAX/USD,UP,6.492,0.8901397698780793,0.8431372549019608,0.8571428571428571,0.9019607843137255,2026-08-13T14:15:00+00:00,6.492,3,0.00354282,-0.00246457,ACCEPTED
2026-08-13T14:11:06.077641+00:00,1786629900,1786630200,AVAX/USD,UP,6.492,0.8901397698780793,0.8431372549019608,0.8571428571428571,0.9019607843137255,2026-08-13T14:15:00+00:00,6.492,6,0.00354282,-0.004313,ACCEPTED
2026-08-13T14:11:06.077641+00:00,1786629900,1786630200,AVAX/USD,UP,6.492,0.8901397698780793,0.8431372549019608,0.8571428571428571,0.9019607843137255,2026-08-13T14:15:00+00:00,6.492,12,0.00354282,-0.00508318,ACCEPTED
2026-08-13T14:15:42.173849+00:00,1786630200,1786630500,BTC/USD,UP,63745.7,0.9731086694800898,0.940379403794038,0.959349593495935,0.9566395663956639,2026-08-13T14:20:00+00:00,63745.7,3,0.00103223,-0.00050513,UNRESOLVED
2026-08-13T14:15:42.173849+00:00,1786630200,1786630500,BTC/USD,UP,63745.7,0.9731086694800898,0.940379403794038,0.959349593495935,0.9566395663956639,2026-08-13T14:20:00+00:00,63745.7,6,0.00265587,-0.00050513,ACCEPTED
2026-08-13T14:15:42.173849+00:00,1786630200,1786630500,BTC/USD,UP,63745.7,0.9731086694800898,0.940379403794038,0.959349593495935,0.9566395663956639,2026-08-13T14:20:00+00:00,63745.7,12,0.00265587,-0.00050513,ACCEPTED
2026-08-13T14:15:42.173895+00:00,1786630200,1786630500,ADA/USD,UP,0.184641,0.6053148585290524,0.875,0.8805555555555555,0.875,2026-08-13T14:20:00+00:00,0.184641,3,0.00116984,-0.00328204,FAILED
2026-08-13T14:15:42.173895+00:00,1786630200,1786630500,ADA/USD,UP,0.184641,0.6053148585290524,0.875,0.8805555555555555,0.875,2026-08-13T14:20:00+00:00,0.184641,6,0.00282169,-0.00328204,FAILED
2026-08-13T14:15:42.173895+00:00,1786630200,1786630500,ADA/USD,UP,0.184641,0.6053148585290524,0.875,0.8805555555555555,0.875,2026-08-13T14:20:00+00:00,0.184641,12,0.00282169,-0.00328204,FAILED
2026-08-13T14:17:29.635435+00:00,1786630200,1786630500,DOGE/USD,DOWN,0.0701132,0.6833909649015703,0.9157303370786517,0.9157303370786517,0.9213483146067416,2026-08-13T14:20:00+00:00,0.0701132,3,0.00156604,-0.00052772,UNRESOLVED
2026-08-13T14:17:29.635435+00:00,1786630200,1786630500,DOGE/USD,DOWN,0.0701132,0.6833909649015703,0.9157303370786517,0.9157303370786517,0.9213483146067416,2026-08-13T14:20:00+00:00,0.0701132,6,0.00206666,-0.00052772,UNRESOLVED
2026-08-13T14:17:29.635435+00:00,1786630200,1786630500,DOGE/USD,DOWN,0.0701132,0.6833909649015703,0.9157303370786517,0.9157303370786517,0.9213483146067416,2026-08-13T14:20:00+00:00,0.0701132,12,0.00206666,-0.000793,UNRESOLVED
2026-08-13T14:17:29.635452+00:00,1786630200,1786630500,LINK/USD,UP,8.82068,0.826254916070718,0.8823529411764706,0.896358543417367,0.9719887955182073,2026-08-13T14:20:00+00:00,8.82068,3,-0.00063147,-0.00201118,UNRESOLVED
2026-08-13T14:17:29.635452+00:00,1786630200,1786630500,LINK/USD,UP,8.82068,0.826254916070718,0.8823529411764706,0.896358543417367,0.9719887955182073,2026-08-13T14:20:00+00:00,8.82068,6,0.00173569,-0.00201118,UNRESOLVED
2026-08-13T14:17:29.635452+00:00,1786630200,1786630500,LINK/USD,UP,8.82068,0.826254916070718,0.8823529411764706,0.896358543417367,0.9719887955182073,2026-08-13T14:20:00+00:00,8.82068,12,0.00387952,-0.00201118,ACCEPTED
2026-08-13T14:19:01.717458+00:00,1786630200,1786630500,AAVE/USD,UP,87.82,0.5331734366103946,0.8854961832061069,0.8282442748091603,0.950381679389313,2026-08-13T14:20:00+00:00,87.82,3,-0.00079708,-0.00170804,UNRESOLVED
2026-08-13T14:19:01.717458+00:00,1786630200,1786630500,AAVE/USD,UP,87.82,0.5331734366103946,0.8854961832061069,0.8282442748091603,0.950381679389313,2026-08-13T14:20:00+00:00,87.82,6,0.0103621,-0.00170804,ACCEPTED
2026-08-13T14:19:01.717458+00:00,1786630200,1786630500,AAVE/USD,UP,87.82,0.5331734366103946,0.8854961832061069,0.8282442748091603,0.950381679389313,2026-08-13T14:20:00+00:00,87.82,12,0.01207014,-0.00170804,ACCEPTED
2026-08-13T14:20:18.420061+00:00,1786630500,1786630800,BTC/USD,UP,63784.9,0.951061778598592,0.983739837398374,0.986449864498645,0.9051490514905149,2026-08-13T14:25:00+00:00,63784.9,3,0.00153641,-0.00111939,UNRESOLVED
2026-08-13T14:20:18.420061+00:00,1786630500,1786630800,BTC/USD,UP,63784.9,0.951061778598592,0.983739837398374,0.986449864498645,0.9051490514905149,2026-08-13T14:25:00+00:00,63784.9,6,0.00203967,-0.00111939,UNRESOLVED
2026-08-13T14:20:18.420061+00:00,1786630500,1786630800,BTC/USD,UP,63784.9,0.951061778598592,0.983739837398374,0.986449864498645,0.9051490514905149,2026-08-13T14:25:00+00:00,63784.9,12,0.00203967,-0.00111939,UNRESOLVED
2026-08-13T14:20:18.420077+00:00,1786630500,1786630800,ETH/USD,DOWN,1890.68,0.8273246183975698,0.9162162162162162,0.927027027027027,0.927027027027027,2026-08-13T14:25:00+00:00,1890.68,3,0.0012641,-0.00187763,UNRESOLVED
2026-08-13T14:20:18.420077+00:00,1786630500,1786630800,ETH/USD,DOWN,1890.68,0.8273246183975698,0.9162162162162162,0.927027027027027,0.927027027027027,2026-08-13T14:25:00+00:00,1890.68,6,0.0012641,-0.00243299,UNRESOLVED
2026-08-13T14:20:18.420077+00:00,1786630500,1786630800,ETH/USD,DOWN,1890.68,0.8273246183975698,0.9162162162162162,0.927027027027027,0.927027027027027,2026-08-13T14:25:00+00:00,1890.68,12,0.0012641,-0.00243299,UNRESOLVED
2026-08-13T14:20:49.121484+00:00,1786630500,1786630800,DOT/USD,UP,0.7698,0.9530062959256645,0.9355828220858896,0.941717791411043,0.9079754601226994,2026-08-13T14:25:00+00:00,0.7698,3,0.00402702,0.0001299,ACCEPTED
2026-08-13T14:20:49.121484+00:00,1786630500,1786630800,DOT/USD,UP,0.7698,0.9530062959256645,0.9355828220858896,0.941717791411043,0.9079754601226994,2026-08-13T14:25:00+00:00,0.7698,6,0.00649519,0.0001299,ACCEPTED
2026-08-13T14:20:49.121484+00:00,1786630500,1786630800,DOT/USD,UP,0.7698,0.9530062959256645,0.9355828220858896,0.941717791411043,0.9079754601226994,2026-08-13T14:25:00+00:00,0.7698,12,0.00649519,0.0001299,ACCEPTED
2026-08-13T14:25:25.049010+00:00,1786630800,1786631100,SOL/USD,UP,76.24,0.6061121010604336,0.9027027027027027,0.8729729729729729,0.9108108108108108,2026-08-13T14:30:00+00:00,76.24,3,0.00327912,-0.00091815,ACCEPTED
2026-08-13T14:25:25.049010+00:00,1786630800,1786631100,SOL/USD,UP,76.24,0.6061121010604336,0.9027027027027027,0.8729729729729729,0.9108108108108108,2026-08-13T14:30:00+00:00,76.24,6,0.00341028,-0.00091815,ACCEPTED
2026-08-13T14:25:25.049010+00:00,1786630800,1786631100,SOL/USD,UP,76.24,0.6061121010604336,0.9027027027027027,0.8729729729729729,0.9108108108108108,2026-08-13T14:30:00+00:00,76.24,12,0.00341028,-0.00091815,ACCEPTED
2026-08-13T14:25:25.049027+00:00,1786630800,1786631100,BTC/USD,DOWN,63768.8,0.7083205623789807,0.9728997289972899,0.967479674796748,0.9159891598915989,2026-08-13T14:30:00+00:00,63768.8,3,0.0008672,-0.00229266,UNRESOLVED
2026-08-13T14:25:25.049027+00:00,1786630800,1786631100,BTC/USD,DOWN,63768.8,0.7083205623789807,0.9728997289972899,0.967479674796748,0.9159891598915989,2026-08-13T14:30:00+00:00,63768.8,6,0.0008672,-0.00229266,UNRESOLVED
2026-08-13T14:25:25.049027+00:00,1786630800,1786631100,BTC/USD,DOWN,63768.8,0.7083205623789807,0.9728997289972899,0.967479674796748,0.9159891598915989,2026-08-13T14:30:00+00:00,63768.8,12,0.0008672,-0.00229266,UNRESOLVED
2026-08-13T14:25:25.049058+00:00,1786630800,1786631100,XRP/USD,UP,1.00409,0.8845858164398096,0.8945945945945946,0.9243243243243243,0.9432432432432433,2026-08-13T14:30:00+00:00,1.00409,3,0.00426257,-0.00083658,ACCEPTED
2026-08-13T14:25:25.049058+00:00,1786630800,1786631100,XRP/USD,UP,1.00409,0.8845858164398096,0.8945945945945946,0.9243243243243243,0.9432432432432433,2026-08-13T14:30:00+00:00,1.00409,6,0.00426257,-0.00083658,ACCEPTED
2026-08-13T14:25:25.049058+00:00,1786630800,1786631100,XRP/USD,UP,1.00409,0.8845858164398096,0.8945945945945946,0.9243243243243243,0.9432432432432433,2026-08-13T14:30:00+00:00,1.00409,12,0.00648348,-0.00083658,ACCEPTED
2026-08-13T14:25:40.393135+00:00,1786630800,1786631100,AVAX/USD,DOWN,6.476,0.9960966730468547,0.803921568627451,0.8375350140056023,0.5098039215686274,2026-08-13T14:30:00+00:00,6.476,3,0.001853,-0.00061767,UNRESOLVED
2026-08-13T14:25:40.393135+00:00,1786630800,1786631100,AVAX/USD,DOWN,6.476,0.9960966730468547,0.803921568627451,0.8375350140056023,0.5098039215686274,2026-08-13T14:30:00+00:00,6.476,6,0.001853,-0.00463249,FAILED
2026-08-13T14:25:40.393135+00:00,1786630800,1786631100,AVAX/USD,DOWN,6.476,0.9960966730468547,0.803921568627451,0.8375350140056023,0.5098039215686274,2026-08-13T14:30:00+00:00,6.476,12,0.0066399,-0.00463249,FAILED
2026-08-13T14:30:16.338018+00:00,1786631100,1786631400,XRP/USD,UP,1.00412,0.9668775304412427,0.9,0.9378378378378378,0.6081081081081081,2026-08-13T14:35:00+00:00,1.00412,3,0.00423256,-0.00086643,ACCEPTED
2026-08-13T14:30:16.338018+00:00,1786631100,1786631400,XRP/USD,UP,1.00412,0.9668775304412427,0.9,0.9378378378378378,0.6081081081081081,2026-08-13T14:35:00+00:00,1.00412,6,0.00564674,-0.00086643,ACCEPTED
2026-08-13T14:30:16.338018+00:00,1786631100,1786631400,XRP/USD,UP,1.00412,0.9668775304412427,0.9,0.9378378378378378,0.6081081081081081,2026-08-13T14:35:00+00:00,1.00412,12,0.00645341,-0.00086643,ACCEPTED
2026-08-13T14:30:16.338049+00:00,1786631100,1786631400,DOGE/USD,UP,0.0700235,0.5768534166699786,0.8539325842696629,0.8258426966292135,0.851123595505618,2026-08-13T14:35:00+00:00,0.0700235,3,0.00178369,-0.00078831,UNRESOLVED
2026-08-13T14:30:16.338049+00:00,1786631100,1786631400,DOGE/USD,UP,0.0700235,0.5768534166699786,0.8539325842696629,0.8258426966292135,0.851123595505618,2026-08-13T14:35:00+00:00,0.0700235,6,0.00207502,-0.00078831,UNRESOLVED
2026-08-13T14:30:16.338049+00:00,1786631100,1786631400,DOGE/USD,UP,0.0700235,0.5768534166699786,0.8539325842696629,0.8258426966292135,0.851123595505618,2026-08-13T14:35:00+00:00,0.0700235,12,0.00207502,-0.00395581,FAILED
2026-08-13T14:30:16.338064+00:00,1786631100,1786631400,LINK/USD,DOWN,8.8073,0.9831204570524298,0.9663865546218487,0.9775910364145658,0.9943977591036415,2026-08-13T14:35:00+00:00,8.8073,3,0.00024639,-0.00325753,FAILED
2026-08-13T14:30:16.338064+00:00,1786631100,1786631400,LINK/USD,DOWN,8.8073,0.9831204570524298,0.9663865546218487,0.9775910364145658,0.9943977591036415,2026-08-13T14:35:00+00:00,8.8073,6,0.00024639,-0.00394786,FAILED
2026-08-13T14:30:16.338064+00:00,1786631100,1786631400,LINK/USD,DOWN,8.8073,0.9831204570524298,0.9663865546218487,0.9775910364145658,0.9943977591036415,2026-08-13T14:35:00+00:00,8.8073,12,0.00355387,-0.00540461,FAILED
2026-08-13T14:30:31.690278+00:00,1786631100,1786631400,DOT/USD,DOWN,0.7704,0.9722864658433906,0.8190184049079755,0.843558282208589,0.8220858895705522,2026-08-13T14:35:00+00:00,0.7704,3,-0.00064901,-0.00389408,FAILED
2026-08-13T14:30:31.690278+00:00,1786631100,1786631400,DOT/USD,DOWN,0.7704,0.9722864658433906,0.8190184049079755,0.843558282208589,0.8220858895705522,2026-08-13T14:35:00+00:00,0.7704,6,-0.00064901,-0.00571132,FAILED
2026-08-13T14:30:31.690278+00:00,1786631100,1786631400,DOT/USD,DOWN,0.7704,0.9722864658433906,0.8190184049079755,0.843558282208589,0.8220858895705522,2026-08-13T14:35:00+00:00,0.7704,12,-0.00064901,-0.00571132,FAILED
2026-08-13T14:31:17.735439+00:00,1786631100,1786631400,BTC/USD,DOWN,63747.8,0.9101312052136223,0.967479674796748,0.9728997289972899,0.9186991869918699,2026-08-13T14:35:00+00:00,63747.8,3,0.00043609,-0.00262284,FAILED
2026-08-13T14:31:17.735439+00:00,1786631100,1786631400,BTC/USD,DOWN,63747.8,0.9101312052136223,0.967479674796748,0.9728997289972899,0.9186991869918699,2026-08-13T14:35:00+00:00,63747.8,6,0.00043609,-0.00262284,FAILED
2026-08-13T14:31:17.735439+00:00,1786631100,1786631400,BTC/USD,DOWN,63747.8,0.9101312052136223,0.967479674796748,0.9728997289972899,0.9186991869918699,2026-08-13T14:35:00+00:00,63747.8,12,0.00343384,-0.00262284,FAILED
2026-08-13T14:35:23.048143+00:00,1786631400,1786631700,SOL/USD,UP,76.36,0.8253974724664846,0.7594594594594595,0.8,0.7945945945945946,2026-08-13T14:40:00+00:00,76.36,3,0.00183342,0.00013096,UNRESOLVED
2026-08-13T14:35:23.048143+00:00,1786631400,1786631700,SOL/USD,UP,76.36,0.8253974724664846,0.7594594594594595,0.8,0.7945945945945946,2026-08-13T14:40:00+00:00,76.36,6,0.00183342,0.00013096,UNRESOLVED
2026-08-13T14:35:23.048143+00:00,1786631400,1786631700,SOL/USD,UP,76.36,0.8253974724664846,0.7594594594594595,0.8,0.7945945945945946,2026-08-13T14:40:00+00:00,76.36,12,0.00183342,-0.00576218,FAILED
2026-08-13T14:35:23.048160+00:00,1786631400,1786631700,BTC/USD,UP,63868.5,0.5395811052156186,0.9566395663956639,0.924119241192412,0.983739837398374,2026-08-13T14:40:00+00:00,63868.5,3,0.00072806,-0.0004932,UNRESOLVED
2026-08-13T14:35:23.048160+00:00,1786631400,1786631700,BTC/USD,UP,63868.5,0.5395811052156186,0.9566395663956639,0.924119241192412,0.983739837398374,2026-08-13T14:40:00+00:00,63868.5,6,0.00072806,-0.00115706,UNRESOLVED
2026-08-13T14:35:23.048160+00:00,1786631400,1786631700,BTC/USD,UP,63868.5,0.5395811052156186,0.9566395663956639,0.924119241192412,0.983739837398374,2026-08-13T14:40:00+00:00,63868.5,12,0.00072806,-0.00531718,FAILED
2026-08-13T14:35:38.411870+00:00,1786631400,1786631700,XRP/USD,DOWN,1.00748,0.5821732442462709,0.8837837837837837,0.8864864864864865,0.918918918918919,2026-08-13T14:40:00+00:00,1.00748,3,0.00040696,-0.00088339,UNRESOLVED
2026-08-13T14:35:38.411870+00:00,1786631400,1786631700,XRP/USD,DOWN,1.00748,0.5821732442462709,0.8837837837837837,0.8864864864864865,0.918918918918919,2026-08-13T14:40:00+00:00,1.00748,6,0.00040696,-0.00309684,FAILED
2026-08-13T14:35:38.411870+00:00,1786631400,1786631700,XRP/USD,DOWN,1.00748,0.5821732442462709,0.8837837837837837,0.8864864864864865,0.918918918918919,2026-08-13T14:40:00+00:00,1.00748,12,0.00310676,-0.00309684,FAILED
2026-08-13T14:35:38.411941+00:00,1786631400,1786631700,LINK/USD,UP,8.8229,1.0,0.7366946778711485,0.7899159663865546,0.5826330532212886,2026-08-13T14:40:00+00:00,8.8229,3,0.00148364,-0.00014168,UNRESOLVED
2026-08-13T14:35:38.411941+00:00,1786631400,1786631700,LINK/USD,UP,8.8229,1.0,0.7366946778711485,0.7899159663865546,0.5826330532212886,2026-08-13T14:40:00+00:00,8.8229,6,0.00362693,-0.00014168,ACCEPTED
2026-08-13T14:35:38.411941+00:00,1786631400,1786631700,LINK/USD,UP,8.8229,1.0,0.7366946778711485,0.7899159663865546,0.5826330532212886,2026-08-13T14:40:00+00:00,8.8229,12,0.00362693,-0.00576228,ACCEPTED
2026-08-13T14:35:53.759633+00:00,1786631400,1786631700,AAVE/USD,UP,88.08,1.0,0.8053435114503816,0.816793893129771,0.9389312977099237,2026-08-13T14:40:00+00:00,88.08,3,0.00828792,0.00090827,ACCEPTED
2026-08-13T14:35:53.759633+00:00,1786631400,1786631700,AAVE/USD,UP,88.08,1.0,0.8053435114503816,0.816793893129771,0.9389312977099237,2026-08-13T14:40:00+00:00,88.08,6,0.00908265,0.00090827,ACCEPTED
2026-08-13T14:35:53.759633+00:00,1786631400,1786631700,AAVE/USD,UP,88.08,1.0,0.8053435114503816,0.816793893129771,0.9389312977099237,2026-08-13T14:40:00+00:00,88.08,12,0.00908265,-0.0003406,ACCEPTED
2026-08-13T14:40:14.353480+00:00,1786631700,1786632000,SOL/USD,UP,76.41,0.9433646370006691,0.7972972972972973,0.8405405405405405,0.8540540540540541,2026-08-13T14:45:00+00:00,76.41,3,0.00117786,-0.00026175,UNRESOLVED
2026-08-13T14:40:14.353480+00:00,1786631700,1786632000,SOL/USD,UP,76.41,0.9433646370006691,0.7972972972972973,0.8405405405405405,0.8540540540540541,2026-08-13T14:45:00+00:00,76.41,6,0.00117786,-0.0014396,UNRESOLVED
2026-08-13T14:40:14.353480+00:00,1786631700,1786632000,SOL/USD,UP,76.41,0.9433646370006691,0.7972972972972973,0.8405405405405405,0.8540540540540541,2026-08-13T14:45:00+00:00,76.41,12,0.00117786,-0.00641277,FAILED
2026-08-13T14:40:14.353496+00:00,1786631700,1786632000,BTC/USD,UP,63883.3,0.6431761168278124,0.8915989159891599,0.9024390243902439,0.981029810298103,2026-08-13T14:45:00+00:00,63883.3,3,0.00029898,-0.00096426,UNRESOLVED
2026-08-13T14:40:14.353496+00:00,1786631700,1786632000,BTC/USD,UP,63883.3,0.6431761168278124,0.8915989159891599,0.9024390243902439,0.981029810298103,2026-08-13T14:45:00+00:00,63883.3,6,0.00029898,-0.00194574,UNRESOLVED
2026-08-13T14:40:14.353496+00:00,1786631700,1786632000,BTC/USD,UP,63883.3,0.6431761168278124,0.8915989159891599,0.9024390243902439,0.981029810298103,2026-08-13T14:45:00+00:00,63883.3,12,0.00029898,-0.00554762,FAILED
2026-08-13T14:40:29.688147+00:00,1786631700,1786632000,ETH/USD,UP,1893.4,0.6160230512541758,0.8,0.8135135135135135,0.6243243243243243,2026-08-13T14:45:00+00:00,1893.4,3,0.00062322,-0.00087673,UNRESOLVED
2026-08-13T14:40:29.688147+00:00,1786631700,1786632000,ETH/USD,UP,1893.4,0.6160230512541758,0.8,0.8135135135135135,0.6243243243243243,2026-08-13T14:45:00+00:00,1893.4,6,0.00062322,-0.00216542,UNRESOLVED
2026-08-13T14:40:29.688147+00:00,1786631700,1786632000,ETH/USD,UP,1893.4,0.6160230512541758,0.8,0.8135135135135135,0.6243243243243243,2026-08-13T14:45:00+00:00,1893.4,12,0.00062322,-0.00653322,FAILED
2026-08-13T14:40:29.688162+00:00,1786631700,1786632000,XRP/USD,DOWN,1.00754,0.633453156343684,0.9378378378378378,0.927027027027027,0.8918918918918919,2026-08-13T14:45:00+00:00,1.00754,3,0.00034738,-0.00070469,UNRESOLVED
2026-08-13T14:40:29.688162+00:00,1786631700,1786632000,XRP/USD,DOWN,1.00754,0.633453156343684,0.9378378378378378,0.927027027027027,0.8918918918918919,2026-08-13T14:45:00+00:00,1.00754,6,0.00034738,-0.0030371,FAILED
2026-08-13T14:40:29.688162+00:00,1786631700,1786632000,XRP/USD,DOWN,1.00754,0.633453156343684,0.9378378378378378,0.927027027027027,0.8918918918918919,2026-08-13T14:45:00+00:00,1.00754,12,0.00316613,-0.0030371,FAILED
2026-08-13T14:40:29.688178+00:00,1786631700,1786632000,ADA/USD,UP,0.185107,0.8359720398598803,0.7,0.7388888888888889,0.5833333333333334,2026-08-13T14:45:00+00:00,0.185107,3,0.00029713,-0.00206367,UNRESOLVED
2026-08-13T14:40:29.688178+00:00,1786631700,1786632000,ADA/USD,UP,0.185107,0.8359720398598803,0.7,0.7388888888888889,0.5833333333333334,2026-08-13T14:45:00+00:00,0.185107,6,0.00029713,-0.00443527,FAILED
2026-08-13T14:40:29.688178+00:00,1786631700,1786632000,ADA/USD,UP,0.185107,0.8359720398598803,0.7,0.7388888888888889,0.5833333333333334,2026-08-13T14:45:00+00:00,0.185107,12,0.00029713,-0.01240904,FAILED
2026-08-13T14:40:29.688206+00:00,1786631700,1786632000,LINK/USD,DOWN,8.82648,0.7311692473048285,0.7591036414565826,0.7675070028011205,0.84593837535014,2026-08-13T14:45:00+00:00,8.82648,3,0.00054722,-0.00173115,UNRESOLVED
2026-08-13T14:40:29.688206+00:00,1786631700,1786632000,LINK/USD,DOWN,8.82648,0.7311692473048285,0.7591036414565826,0.7675070028011205,0.84593837535014,2026-08-13T14:45:00+00:00,8.82648,6,0.00091543,-0.00321986,FAILED
2026-08-13T14:40:29.688206+00:00,1786631700,1786632000,LINK/USD,DOWN,8.82648,0.7311692473048285,0.7591036414565826,0.7675070028011205,0.84593837535014,2026-08-13T14:45:00+00:00,8.82648,12,0.00616554,-0.00321986,FAILED
2026-08-13T14:40:45.026816+00:00,1786631700,1786632000,AAVE/USD,UP,88.69,0.9977951804293551,0.9618320610687023,0.9770992366412213,0.9312977099236641,2026-08-13T14:45:00+00:00,88.69,3,0.00214229,-0.00112752,UNRESOLVED
2026-08-13T14:40:45.026816+00:00,1786631700,1786632000,AAVE/USD,UP,88.69,0.9977951804293551,0.9618320610687023,0.9770992366412213,0.9312977099236641,2026-08-13T14:45:00+00:00,88.69,6,0.00214229,-0.00315706,FAILED
2026-08-13T14:40:45.026816+00:00,1786631700,1786632000,AAVE/USD,UP,88.69,0.9977951804293551,0.9618320610687023,0.9770992366412213,0.9312977099236641,2026-08-13T14:45:00+00:00,88.69,12,0.00214229,-0.0073289,FAILED
2026-08-13T14:45:36.071498+00:00,1786632000,1786632300,AAVE/USD,DOWN,88.73,0.9992439041266503,0.916030534351145,0.9236641221374046,0.4770992366412214,2026-08-13T14:50:00+00:00,88.73,3,0.00157782,-0.00169052,UNRESOLVED
2026-08-13T14:45:36.071498+00:00,1786632000,1786632300,AAVE/USD,DOWN,88.73,0.9992439041266503,0.916030534351145,0.9236641221374046,0.4770992366412214,2026-08-13T14:50:00+00:00,88.73,6,0.00405725,-0.00169052,ACCEPTED
2026-08-13T14:45:36.071498+00:00,1786632000,1786632300,AAVE/USD,DOWN,88.73,0.9992439041266503,0.916030534351145,0.9236641221374046,0.4770992366412214,2026-08-13T14:50:00+00:00,88.73,12,0.0077764,-0.00169052,ACCEPTED
2026-08-13T14:50:11.789726+00:00,1786632300,1786632600,BTC/USD,DOWN,63852.0,0.6998057718198276,0.7886178861788617,0.8346883468834688,0.8319783197831978,2026-08-13T14:55:00+00:00,63852.0,3,0.00089895,-0.00029913,UNRESOLVED
2026-08-13T14:50:11.789726+00:00,1786632300,1786632600,BTC/USD,DOWN,63852.0,0.6998057718198276,0.7886178861788617,0.8346883468834688,0.8319783197831978,2026-08-13T14:55:00+00:00,63852.0,6,0.0020939,-0.00029913,UNRESOLVED
2026-08-13T14:50:11.789726+00:00,1786632300,1786632600,BTC/USD,DOWN,63852.0,0.6998057718198276,0.7886178861788617,0.8346883468834688,0.8319783197831978,2026-08-13T14:55:00+00:00,63852.0,12,0.00506014,-0.00029913,ACCEPTED
2026-08-13T14:50:27.129515+00:00,1786632300,1786632600,ETH/USD,UP,1892.52,0.9844077231908355,0.9513513513513514,0.9594594594594594,0.845945945945946,2026-08-13T14:55:00+00:00,1892.52,3,0.00057067,-0.00083487,UNRESOLVED
2026-08-13T14:50:27.129515+00:00,1786632300,1786632600,ETH/USD,UP,1892.52,0.9844077231908355,0.9513513513513514,0.9594594594594594,0.845945945945946,2026-08-13T14:55:00+00:00,1892.52,6,0.00057067,-0.00222983,UNRESOLVED
2026-08-13T14:50:27.129515+00:00,1786632300,1786632600,ETH/USD,UP,1892.52,0.9844077231908355,0.9513513513513514,0.9594594594594594,0.845945945945946,2026-08-13T14:55:00+00:00,1892.52,12,0.00057067,-0.00607127,FAILED
2026-08-13T14:50:27.129547+00:00,1786632300,1786632600,ADA/USD,DOWN,0.184872,0.9094426025758839,0.7166666666666667,0.7611111111111111,0.3888888888888889,2026-08-13T14:55:00+00:00,0.184872,3,0.00079514,-0.00021096,UNRESOLVED
2026-08-13T14:50:27.129547+00:00,1786632300,1786632600,ADA/USD,DOWN,0.184872,0.9094426025758839,0.7166666666666667,0.7611111111111111,0.3888888888888889,2026-08-13T14:55:00+00:00,0.184872,6,0.00404063,-0.00021096,ACCEPTED
2026-08-13T14:50:27.129547+00:00,1786632300,1786632600,ADA/USD,DOWN,0.184872,0.9094426025758839,0.7166666666666667,0.7611111111111111,0.3888888888888889,2026-08-13T14:55:00+00:00,0.184872,12,0.01115366,-0.00021096,ACCEPTED
2026-08-13T14:50:27.129578+00:00,1786632300,1786632600,LINK/USD,DOWN,8.82968,0.9341972356128425,0.7787114845938375,0.8123249299719888,0.6274509803921569,2026-08-13T14:55:00+00:00,8.82968,3,-0.00032844,-0.00285628,FAILED
2026-08-13T14:50:27.129578+00:00,1786632300,1786632600,LINK/USD,DOWN,8.82968,0.9341972356128425,0.7787114845938375,0.8123249299719888,0.6274509803921569,2026-08-13T14:55:00+00:00,8.82968,6,0.00295594,-0.00285628,FAILED
2026-08-13T14:50:27.129578+00:00,1786632300,1786632600,LINK/USD,DOWN,8.82968,0.9341972356128425,0.7787114845938375,0.8123249299719888,0.6274509803921569,2026-08-13T14:55:00+00:00,8.82968,12,0.00652572,-0.00285628,FAILED
2026-08-13T14:50:42.468608+00:00,1786632300,1786632600,DOT/USD,DOWN,0.7748,0.9389305502665,0.8680981595092024,0.8773006134969326,0.6257668711656442,2026-08-13T14:55:00+00:00,0.7748,3,0.00051626,0.0,UNRESOLVED
2026-08-13T14:50:42.468608+00:00,1786632300,1786632600,DOT/USD,DOWN,0.7748,0.9389305502665,0.8680981595092024,0.8773006134969326,0.6257668711656442,2026-08-13T14:55:00+00:00,0.7748,6,0.00154879,0.0,UNRESOLVED
2026-08-13T14:50:42.468608+00:00,1786632300,1786632600,DOT/USD,DOWN,0.7748,0.9389305502665,0.8680981595092024,0.8773006134969326,0.6257668711656442,2026-08-13T14:55:00+00:00,0.7748,12,0.00438823,0.0,ACCEPTED
2026-08-13T14:50:42.468624+00:00,1786632300,1786632600,AAVE/USD,DOWN,88.81,0.9810235150464841,0.9961832061068703,0.9961832061068703,1.0,2026-08-13T14:55:00+00:00,88.81,3,0.0021394,-0.0007882,UNRESOLVED
2026-08-13T14:50:42.468624+00:00,1786632300,1786632600,AAVE/USD,DOWN,88.81,0.9810235150464841,0.9961832061068703,0.9961832061068703,1.0,2026-08-13T14:55:00+00:00,88.81,6,0.0049544,-0.0007882,ACCEPTED
2026-08-13T14:50:42.468624+00:00,1786632300,1786632600,AAVE/USD,DOWN,88.81,0.9810235150464841,0.9961832061068703,0.9961832061068703,1.0,2026-08-13T14:55:00+00:00,88.81,12,0.00900799,-0.0007882,ACCEPTED
2026-08-13T14:55:33.518536+00:00,1786632600,1786632900,AAVE/USD,UP,88.73,0.6407141052027597,0.8015267175572519,0.7633587786259542,0.8396946564885496,2026-08-13T15:00:00+00:00,88.73,3,0.00045081,-0.00360645,FAILED
2026-08-13T14:55:33.518536+00:00,1786632600,1786632900,AAVE/USD,UP,88.73,0.6407141052027597,0.8015267175572519,0.7633587786259542,0.8396946564885496,2026-08-13T15:00:00+00:00,88.73,6,0.00045081,-0.00405725,FAILED
2026-08-13T14:55:33.518536+00:00,1786632600,1786632900,AAVE/USD,UP,88.73,0.6407141052027597,0.8015267175572519,0.7633587786259542,0.8396946564885496,2026-08-13T15:00:00+00:00,88.73,12,0.00045081,-0.01025583,FAILED
2026-08-13T14:56:04.179074+00:00,1786632600,1786632900,SOL/USD,UP,76.42,0.9956205615778004,0.9837837837837838,0.9918918918918919,0.9756756756756757,2026-08-13T15:00:00+00:00,76.42,3,0.00065428,-0.00157027,UNRESOLVED
2026-08-13T14:56:04.179074+00:00,1786632600,1786632900,SOL/USD,UP,76.42,0.9956205615778004,0.9837837837837838,0.9918918918918919,0.9756756756756757,2026-08-13T15:00:00+00:00,76.42,6,0.00065428,-0.00261712,FAILED
2026-08-13T14:56:04.179074+00:00,1786632600,1786632900,SOL/USD,UP,76.42,0.9956205615778004,0.9837837837837838,0.9918918918918919,0.9756756756756757,2026-08-13T15:00:00+00:00,76.42,12,0.00065428,-0.00758964,FAILED
2026-08-13T15:00:09.255650+00:00,1786632900,1786633200,LINK/USD,DOWN,8.84055,0.7839663074497906,0.8403361344537815,0.8487394957983193,0.7703081232492998,2026-08-13T15:05:00+00:00,8.84055,3,0.0025055,-0.0016232,ACCEPTED
2026-08-13T15:00:09.255650+00:00,1786632900,1786633200,LINK/USD,DOWN,8.84055,0.7839663074497906,0.8403361344537815,0.8487394957983193,0.7703081232492998,2026-08-13T15:05:00+00:00,8.84055,6,0.00730158,-0.0016232,ACCEPTED
2026-08-13T15:00:09.255650+00:00,1786632900,1786633200,LINK/USD,DOWN,8.84055,0.7839663074497906,0.8403361344537815,0.8487394957983193,0.7703081232492998,2026-08-13T15:05:00+00:00,8.84055,12,0.01177868,-0.0016232,ACCEPTED
2026-08-13T15:00:24.601618+00:00,1786632900,1786633200,AVAX/USD,DOWN,6.484,0.995145863391897,0.7759103641456583,0.8207282913165266,0.42016806722689076,2026-08-13T15:05:00+00:00,6.484,3,0.00694016,-0.00107958,ACCEPTED
2026-08-13T15:00:24.601618+00:00,1786632900,1786633200,AVAX/USD,DOWN,6.484,0.995145863391897,0.7759103641456583,0.8207282913165266,0.42016806722689076,2026-08-13T15:05:00+00:00,6.484,6,0.01033313,-0.00107958,ACCEPTED
2026-08-13T15:00:24.601618+00:00,1786632900,1786633200,AVAX/USD,DOWN,6.484,0.995145863391897,0.7759103641456583,0.8207282913165266,0.42016806722689076,2026-08-13T15:05:00+00:00,6.484,12,0.01187539,-0.00107958,ACCEPTED
2026-08-13T15:00:24.601648+00:00,1786632900,1786633200,AAVE/USD,UP,88.74,1.0,0.950381679389313,0.9656488549618321,0.9312977099236641,2026-08-13T15:05:00+00:00,88.74,3,0.00033807,-0.00416948,FAILED
2026-08-13T15:00:24.601648+00:00,1786632900,1786633200,AAVE/USD,UP,88.74,1.0,0.950381679389313,0.9656488549618321,0.9312977099236641,2026-08-13T15:05:00+00:00,88.74,6,0.00033807,-0.0059725,FAILED
2026-08-13T15:00:24.601648+00:00,1786632900,1786633200,AAVE/USD,UP,88.74,1.0,0.950381679389313,0.9656488549618321,0.9312977099236641,2026-08-13T15:05:00+00:00,88.74,12,0.00033807,-0.01870633,FAILED
2026-08-13T15:00:24.601663+00:00,1786632900,1786633200,LTC/USD,UP,44.84,0.6812785535816928,0.8,0.8108108108108109,0.5027027027027027,2026-08-13T15:05:00+00:00,44.84,3,0.00133809,-0.00022302,UNRESOLVED
2026-08-13T15:00:24.601663+00:00,1786632900,1786633200,LTC/USD,UP,44.84,0.6812785535816928,0.8,0.8108108108108109,0.5027027027027027,2026-08-13T15:05:00+00:00,44.84,6,0.00133809,-0.00089206,UNRESOLVED
2026-08-13T15:00:24.601663+00:00,1786632900,1786633200,LTC/USD,UP,44.84,0.6812785535816928,0.8,0.8108108108108109,0.5027027027027027,2026-08-13T15:05:00+00:00,44.84,12,0.00133809,-0.00312221,FAILED
2026-08-13T15:05:31.045980+00:00,1786633200,1786633500,LTC/USD,UP,44.9,1.0,0.754054054054054,0.8351351351351352,0.5675675675675675,2026-08-13T15:10:00+00:00,44.9,3,-0.00044543,-0.00155902,UNRESOLVED
2026-08-13T15:05:31.045980+00:00,1786633200,1786633500,LTC/USD,UP,44.9,1.0,0.754054054054054,0.8351351351351352,0.5675675675675675,2026-08-13T15:10:00+00:00,44.9,6,-0.00044543,-0.00222717,UNRESOLVED
2026-08-13T15:05:31.045980+00:00,1786633200,1786633500,LTC/USD,UP,44.9,1.0,0.754054054054054,0.8351351351351352,0.5675675675675675,2026-08-13T15:10:00+00:00,44.9,12,-0.00044543,-0.00489978,FAILED
2026-08-13T15:06:01.703779+00:00,1786633200,1786633500,BTC/USD,UP,63851.0,0.5842061104623031,0.7398373983739838,0.7588075880758808,0.7371273712737128,2026-08-13T15:10:00+00:00,63851.0,3,-0.00012999,-0.00207828,UNRESOLVED
2026-08-13T15:06:01.703779+00:00,1786633200,1786633500,BTC/USD,UP,63851.0,0.5842061104623031,0.7398373983739838,0.7588075880758808,0.7371273712737128,2026-08-13T15:10:00+00:00,63851.0,6,-0.00012999,-0.00504456,FAILED
2026-08-13T15:06:01.703779+00:00,1786633200,1786633500,BTC/USD,UP,63851.0,0.5842061104623031,0.7398373983739838,0.7588075880758808,0.7371273712737128,2026-08-13T15:10:00+00:00,63851.0,12,-0.00012999,-0.0080265,FAILED
2026-08-13T15:06:01.703795+00:00,1786633200,1786633500,ETH/USD,UP,1892.31,0.7140144372748192,0.827027027027027,0.845945945945946,0.8810810810810811,2026-08-13T15:10:00+00:00,1892.31,3,2.642e-05,-0.0021191,UNRESOLVED
2026-08-13T15:06:01.703795+00:00,1786633200,1786633500,ETH/USD,UP,1892.31,0.7140144372748192,0.827027027027027,0.845945945945946,0.8810810810810811,2026-08-13T15:10:00+00:00,1892.31,6,2.642e-05,-0.00596097,FAILED
2026-08-13T15:06:01.703795+00:00,1786633200,1786633500,ETH/USD,UP,1892.31,0.7140144372748192,0.827027027027027,0.845945945945946,0.8810810810810811,2026-08-13T15:10:00+00:00,1892.31,12,2.642e-05,-0.00819105,FAILED
2026-08-13T15:10:06.840164+00:00,1786633500,1786633800,SOL/USD,UP,76.31,0.963894983859576,0.9567567567567568,0.972972972972973,0.9702702702702702,2026-08-13T15:15:00+00:00,76.31,3,0.00078627,-0.0011794,UNRESOLVED
2026-08-13T15:10:06.840164+00:00,1786633500,1786633800,SOL/USD,UP,76.31,0.963894983859576,0.9567567567567568,0.972972972972973,0.9702702702702702,2026-08-13T15:15:00+00:00,76.31,6,0.00078627,-0.00511073,FAILED
2026-08-13T15:10:06.840164+00:00,1786633500,1786633800,SOL/USD,UP,76.31,0.963894983859576,0.9567567567567568,0.972972972972973,0.9702702702702702,2026-08-13T15:15:00+00:00,76.31,12,0.00078627,-0.01074564,FAILED
2026-08-13T15:10:22.184674+00:00,1786633500,1786633800,DOGE/USD,DOWN,0.0700149,0.9993753642504813,0.7780898876404494,0.8174157303370787,0.547752808988764,2026-08-13T15:15:00+00:00,0.0700149,3,8.57e-06,-0.00163108,UNRESOLVED
2026-08-13T15:10:22.184674+00:00,1786633500,1786633800,DOGE/USD,DOWN,0.0700149,0.9993753642504813,0.7780898876404494,0.8174157303370787,0.547752808988764,2026-08-13T15:15:00+00:00,0.0700149,6,0.00383347,-0.00163108,ACCEPTED
2026-08-13T15:10:22.184674+00:00,1786633500,1786633800,DOGE/USD,DOWN,0.0700149,0.9993753642504813,0.7780898876404494,0.8174157303370787,0.547752808988764,2026-08-13T15:15:00+00:00,0.0700149,12,0.00672,-0.00163108,ACCEPTED
2026-08-13T15:10:37.530214+00:00,1786633500,1786633800,DOT/USD,DOWN,0.7736,0.8750734046766386,0.8834355828220859,0.8895705521472392,0.7699386503067485,2026-08-13T15:15:00+00:00,0.7736,3,0.00012927,-0.00103413,UNRESOLVED
2026-08-13T15:10:37.530214+00:00,1786633500,1786633800,DOT/USD,DOWN,0.7736,0.8750734046766386,0.8834355828220859,0.8895705521472392,0.7699386503067485,2026-08-13T15:15:00+00:00,0.7736,6,0.00284385,-0.00103413,ACCEPTED
2026-08-13T15:10:37.530214+00:00,1786633500,1786633800,DOT/USD,DOWN,0.7736,0.8750734046766386,0.8834355828220859,0.8895705521472392,0.7699386503067485,2026-08-13T15:15:00+00:00,0.7736,12,0.00478283,-0.00103413,ACCEPTED
2026-08-13T15:10:37.530244+00:00,1786633500,1786633800,LTC/USD,DOWN,44.84,0.8561231691068768,0.7027027027027027,0.7864864864864864,0.5027027027027027,2026-08-13T15:15:00+00:00,44.84,3,0.0,-0.00089206,UNRESOLVED
2026-08-13T15:10:37.530244+00:00,1786633500,1786633800,LTC/USD,DOWN,44.84,0.8561231691068768,0.7027027027027027,0.7864864864864864,0.5027027027027027,2026-08-13T15:15:00+00:00,44.84,6,0.00089206,-0.00089206,UNRESOLVED
2026-08-13T15:10:37.530244+00:00,1786633500,1786633800,LTC/USD,DOWN,44.84,0.8561231691068768,0.7027027027027027,0.7864864864864864,0.5027027027027027,2026-08-13T15:15:00+00:00,44.84,12,0.00356824,-0.00089206,ACCEPTED
2026-08-13T15:15:13.321251+00:00,1786633800,1786634100,ADA/USD,DOWN,0.184391,0.9911088587802199,0.9611111111111111,0.9694444444444444,0.9777777777777777,2026-08-13T15:20:00+00:00,0.184391,3,0.00646452,-0.00153478,ACCEPTED
2026-08-13T15:15:13.321251+00:00,1786633800,1786634100,ADA/USD,DOWN,0.184391,0.9911088587802199,0.9611111111111111,0.9694444444444444,0.9777777777777777,2026-08-13T15:20:00+00:00,0.184391,6,0.00857417,-0.00153478,ACCEPTED
2026-08-13T15:15:13.321251+00:00,1786633800,1786634100,ADA/USD,DOWN,0.184391,0.9911088587802199,0.9611111111111111,0.9694444444444444,0.9777777777777777,2026-08-13T15:20:00+00:00,0.184391,12,0.01411674,-0.00153478,ACCEPTED
2026-08-13T15:15:13.321267+00:00,1786633800,1786634100,DOGE/USD,DOWN,0.0700485,1.0,0.8174157303370787,0.851123595505618,0.4157303370786517,2026-08-13T15:20:00+00:00,0.0700485,3,0.0043113,-0.00115063,ACCEPTED
2026-08-13T15:15:13.321267+00:00,1786633800,1786634100,DOGE/USD,DOWN,0.0700485,1.0,0.8174157303370787,0.851123595505618,0.4157303370786517,2026-08-13T15:20:00+00:00,0.0700485,6,0.0043113,-0.00115063,ACCEPTED
2026-08-13T15:15:13.321267+00:00,1786633800,1786634100,DOGE/USD,DOWN,0.0700485,1.0,0.8174157303370787,0.851123595505618,0.4157303370786517,2026-08-13T15:20:00+00:00,0.0700485,12,0.00719644,-0.00115063,ACCEPTED
2026-08-13T15:16:14.676334+00:00,1786633800,1786634100,ETH/USD,DOWN,1890.04,0.6426208606978422,0.7675675675675676,0.7864864864864864,0.7945945945945946,2026-08-13T15:20:00+00:00,1890.04,3,0.00476709,-0.00097882,ACCEPTED
2026-08-13T15:16:14.676334+00:00,1786633800,1786634100,ETH/USD,DOWN,1890.04,0.6426208606978422,0.7675675675675676,0.7864864864864864,0.7945945945945946,2026-08-13T15:20:00+00:00,1890.04,6,0.00476709,-0.00097882,ACCEPTED
2026-08-13T15:16:14.676334+00:00,1786633800,1786634100,ETH/USD,DOWN,1890.04,0.6426208606978422,0.7675675675675676,0.7864864864864864,0.7945945945945946,2026-08-13T15:20:00+00:00,1890.04,12,0.00706863,-0.00097882,ACCEPTED
2026-08-13T15:20:19.852376+00:00,1786634100,1786634400,AVAX/USD,DOWN,6.445,0.5748344298423824,0.9663865546218487,0.9747899159663865,0.9495798319327731,2026-08-13T15:25:00+00:00,6.445,3,0.00434445,0.00031032,ACCEPTED
2026-08-13T15:20:19.852376+00:00,1786634100,1786634400,AVAX/USD,DOWN,6.445,0.5748344298423824,0.9663865546218487,0.9747899159663865,0.9495798319327731,2026-08-13T15:25:00+00:00,6.445,6,0.00434445,0.00031032,ACCEPTED
2026-08-13T15:20:19.852376+00:00,1786634100,1786634400,AVAX/USD,DOWN,6.445,0.5748344298423824,0.9663865546218487,0.9747899159663865,0.9495798319327731,2026-08-13T15:25:00+00:00,6.445,12,0.01101629,0.00031032,ACCEPTED
2026-08-13T15:21:05.851152+00:00,1786634100,1786634400,BTC/USD,DOWN,63784.4,0.9621374406342516,0.991869918699187,0.994579945799458,0.967479674796748,2026-08-13T15:25:00+00:00,63784.4,3,0.00400568,-0.00063652,ACCEPTED
2026-08-13T15:21:05.851152+00:00,1786634100,1786634400,BTC/USD,DOWN,63784.4,0.9621374406342516,0.991869918699187,0.994579945799458,0.967479674796748,2026-08-13T15:25:00+00:00,63784.4,6,0.00400568,-0.00063652,ACCEPTED
2026-08-13T15:21:05.851152+00:00,1786634100,1786634400,BTC/USD,DOWN,63784.4,0.9621374406342516,0.991869918699187,0.994579945799458,0.967479674796748,2026-08-13T15:25:00+00:00,63784.4,12,0.00699074,-0.00063652,ACCEPTED
2026-08-13T15:30:17.506046+00:00,1786634700,1786635000,SOL/USD,DOWN,75.98,0.8060370556236448,0.8,0.8216216216216217,0.9405405405405406,2026-08-13T15:35:00+00:00,75.98,3,0.00013161,-0.00171098,UNRESOLVED
2026-08-13T15:30:17.506046+00:00,1786634700,1786635000,SOL/USD,DOWN,75.98,0.8060370556236448,0.8,0.8216216216216217,0.9405405405405406,2026-08-13T15:35:00+00:00,75.98,6,0.00539616,-0.00171098,ACCEPTED
2026-08-13T15:30:17.506046+00:00,1786634700,1786635000,SOL/USD,DOWN,75.98,0.8060370556236448,0.8,0.8216216216216217,0.9405405405405406,2026-08-13T15:35:00+00:00,75.98,12,0.00644907,-0.00171098,ACCEPTED
2026-08-13T15:30:17.506077+00:00,1786634700,1786635000,ETH/USD,DOWN,1882.89,0.8766753242745475,0.9216216216216216,0.9378378378378378,0.972972972972973,2026-08-13T15:35:00+00:00,1882.89,3,1.062e-05,-0.00385577,FAILED
2026-08-13T15:30:17.506077+00:00,1786634700,1786635000,ETH/USD,DOWN,1882.89,0.8766753242745475,0.9216216216216216,0.9378378378378378,0.972972972972973,2026-08-13T15:35:00+00:00,1882.89,6,0.00258114,-0.00385577,FAILED
2026-08-13T15:30:17.506077+00:00,1786634700,1786635000,ETH/USD,DOWN,1882.89,0.8766753242745475,0.9216216216216216,0.9378378378378378,0.972972972972973,2026-08-13T15:35:00+00:00,1882.89,12,0.00329812,-0.00385577,FAILED
2026-08-13T15:30:17.506108+00:00,1786634700,1786635000,ADA/USD,DOWN,0.183207,0.9984157968347854,0.9055555555555556,0.9416666666666667,0.9138888888888889,2026-08-13T15:35:00+00:00,0.183207,3,0.00216695,-0.00079145,UNRESOLVED
2026-08-13T15:30:17.506108+00:00,1786634700,1786635000,ADA/USD,DOWN,0.183207,0.9984157968347854,0.9055555555555556,0.9416666666666667,0.9138888888888889,2026-08-13T15:35:00+00:00,0.183207,6,0.0038099,-0.00079145,ACCEPTED
2026-08-13T15:30:17.506108+00:00,1786634700,1786635000,ADA/USD,DOWN,0.183207,0.9984157968347854,0.9055555555555556,0.9416666666666667,0.9138888888888889,2026-08-13T15:35:00+00:00,0.183207,12,0.01032166,-0.00079145,ACCEPTED
2026-08-13T15:30:32.845742+00:00,1786634700,1786635000,DOGE/USD,DOWN,0.0697625,0.843739763751812,0.9382022471910112,0.9382022471910112,0.9410112359550562,2026-08-13T15:35:00+00:00,0.0697625,3,0.00010607,-0.00331984,FAILED
2026-08-13T15:30:32.845742+00:00,1786634700,1786635000,DOGE/USD,DOWN,0.0697625,0.843739763751812,0.9382022471910112,0.9382022471910112,0.9410112359550562,2026-08-13T15:35:00+00:00,0.0697625,6,0.00175022,-0.00331984,FAILED
2026-08-13T15:30:32.845742+00:00,1786634700,1786635000,DOGE/USD,DOWN,0.0697625,0.843739763751812,0.9382022471910112,0.9382022471910112,0.9410112359550562,2026-08-13T15:35:00+00:00,0.0697625,12,0.00312632,-0.00331984,FAILED
2026-08-13T15:30:32.845759+00:00,1786634700,1786635000,LINK/USD,DOWN,8.776,0.9955081398025981,0.8571428571428571,0.8907563025210085,0.7478991596638656,2026-08-13T15:35:00+00:00,8.776,3,0.00044895,-0.00205561,UNRESOLVED
2026-08-13T15:30:32.845759+00:00,1786634700,1786635000,LINK/USD,DOWN,8.776,0.9955081398025981,0.8571428571428571,0.8907563025210085,0.7478991596638656,2026-08-13T15:35:00+00:00,8.776,6,0.00451003,-0.00205561,ACCEPTED
2026-08-13T15:30:32.845759+00:00,1786634700,1786635000,LINK/USD,DOWN,8.776,0.9955081398025981,0.8571428571428571,0.8907563025210085,0.7478991596638656,2026-08-13T15:35:00+00:00,8.776,12,0.0083284,-0.00205561,ACCEPTED
2026-08-13T15:30:32.845774+00:00,1786634700,1786635000,AVAX/USD,DOWN,6.427,0.9949692097100766,0.9327731092436975,0.9523809523809523,0.9663865546218487,2026-08-13T15:35:00+00:00,6.427,3,0.00077797,-0.00077797,UNRESOLVED
2026-08-13T15:30:32.845774+00:00,1786634700,1786635000,AVAX/USD,DOWN,6.427,0.9949692097100766,0.9327731092436975,0.9523809523809523,0.9663865546218487,2026-08-13T15:35:00+00:00,6.427,6,0.00311187,-0.00077797,ACCEPTED
2026-08-13T15:30:32.845774+00:00,1786634700,1786635000,AVAX/USD,DOWN,6.427,0.9949692097100766,0.9327731092436975,0.9523809523809523,0.9663865546218487,2026-08-13T15:35:00+00:00,6.427,12,0.00824646,-0.00077797,ACCEPTED
2026-08-13T15:35:08.634322+00:00,1786635000,1786635300,BTC/USD,UP,63599.0,0.7331350661528605,0.9024390243902439,0.9159891598915989,0.94579945799458,2026-08-13T15:40:00+00:00,63599.0,3,0.00144185,-0.00054875,UNRESOLVED
2026-08-13T15:35:08.634322+00:00,1786635000,1786635300,BTC/USD,UP,63599.0,0.7331350661528605,0.9024390243902439,0.9159891598915989,0.94579945799458,2026-08-13T15:40:00+00:00,63599.0,6,0.00144185,-0.00409598,FAILED
2026-08-13T15:35:08.634322+00:00,1786635000,1786635300,BTC/USD,UP,63599.0,0.7331350661528605,0.9024390243902439,0.9159891598915989,0.94579945799458,2026-08-13T15:40:00+00:00,63599.0,12,0.00144185,-0.00504882,FAILED
2026-08-13T15:35:23.975055+00:00,1786635000,1786635300,ADA/USD,DOWN,0.183089,0.9917378149789935,0.9694444444444444,0.9805555555555555,0.9416666666666667,2026-08-13T15:40:00+00:00,0.183089,3,0.00113606,-0.00143646,UNRESOLVED
2026-08-13T15:35:23.975055+00:00,1786635000,1786635300,ADA/USD,DOWN,0.183089,0.9917378149789935,0.9694444444444444,0.9805555555555555,0.9416666666666667,2026-08-13T15:40:00+00:00,0.183089,6,0.00507404,-0.00143646,ACCEPTED
2026-08-13T15:35:23.975055+00:00,1786635000,1786635300,ADA/USD,DOWN,0.183089,0.9917378149789935,0.9694444444444444,0.9805555555555555,0.9416666666666667,2026-08-13T15:40:00+00:00,0.183089,12,0.00968381,-0.00143646,ACCEPTED
2026-08-13T15:35:23.975070+00:00,1786635000,1786635300,DOGE/USD,DOWN,0.0698066,0.7073991717706826,0.8960674157303371,0.8960674157303371,0.8820224719101124,2026-08-13T15:40:00+00:00,0.0698066,3,-0.00048706,-0.00268599,FAILED
2026-08-13T15:35:23.975070+00:00,1786635000,1786635300,DOGE/USD,DOWN,0.0698066,0.7073991717706826,0.8960674157303371,0.8960674157303371,0.8820224719101124,2026-08-13T15:40:00+00:00,0.0698066,6,0.00375609,-0.00268599,FAILED
2026-08-13T15:35:23.975070+00:00,1786635000,1786635300,DOGE/USD,DOWN,0.0698066,0.7073991717706826,0.8960674157303371,0.8960674157303371,0.8820224719101124,2026-08-13T15:40:00+00:00,0.0698066,12,0.00375609,-0.00268599,FAILED
2026-08-13T15:35:23.975085+00:00,1786635000,1786635300,LINK/USD,DOWN,8.78273,0.9681339338484786,0.8991596638655462,0.9159663865546218,0.8571428571428571,2026-08-13T15:40:00+00:00,8.78273,3,0.00100652,-0.00128775,UNRESOLVED
2026-08-13T15:35:23.975085+00:00,1786635000,1786635300,LINK/USD,DOWN,8.78273,0.9681339338484786,0.8991596638655462,0.9159663865546218,0.8571428571428571,2026-08-13T15:40:00+00:00,8.78273,6,0.00685778,-0.00128775,ACCEPTED
2026-08-13T15:35:23.975085+00:00,1786635000,1786635300,LINK/USD,DOWN,8.78273,0.9681339338484786,0.8991596638655462,0.9159663865546218,0.8571428571428571,2026-08-13T15:40:00+00:00,8.78273,12,0.00908829,-0.00128775,ACCEPTED
2026-08-13T15:40:30.461701+00:00,1786635300,1786635600,BTC/USD,UP,63638.5,0.6191425644312646,0.7533875338753387,0.7859078590785907,0.8590785907859079,2026-08-13T15:45:00+00:00,63638.5,3,0.00082026,-0.00171909,UNRESOLVED
2026-08-13T15:40:30.461701+00:00,1786635300,1786635600,BTC/USD,UP,63638.5,0.6191425644312646,0.7533875338753387,0.7859078590785907,0.8590785907859079,2026-08-13T15:45:00+00:00,63638.5,6,0.00082026,-0.00471413,FAILED
2026-08-13T15:40:30.461701+00:00,1786635300,1786635600,BTC/USD,UP,63638.5,0.6191425644312646,0.7533875338753387,0.7859078590785907,0.8590785907859079,2026-08-13T15:45:00+00:00,63638.5,12,0.00082026,-0.01001752,FAILED
2026-08-13T15:40:30.461779+00:00,1786635300,1786635600,LINK/USD,UP,8.78726,0.9811731547618032,0.7871148459383753,0.8235294117647058,0.6498599439775911,2026-08-13T15:45:00+00:00,8.78726,3,0.00077157,-0.00281772,FAILED
2026-08-13T15:40:30.461779+00:00,1786635300,1786635600,LINK/USD,UP,8.78726,0.9811731547618032,0.7871148459383753,0.8235294117647058,0.6498599439775911,2026-08-13T15:45:00+00:00,8.78726,6,0.00077157,-0.00892656,FAILED
2026-08-13T15:40:30.461779+00:00,1786635300,1786635600,LINK/USD,UP,8.78726,0.9811731547618032,0.7871148459383753,0.8235294117647058,0.6498599439775911,2026-08-13T15:45:00+00:00,8.78726,12,0.00077157,-0.01163616,FAILED
2026-08-13T15:40:45.803252+00:00,1786635300,1786635600,DOT/USD,DOWN,0.7727,1.0,0.9631901840490797,0.9662576687116564,0.6257668711656442,2026-08-13T15:45:00+00:00,0.7727,3,0.00103533,-0.00090591,UNRESOLVED
2026-08-13T15:40:45.803252+00:00,1786635300,1786635600,DOT/USD,DOWN,0.7727,1.0,0.9631901840490797,0.9662576687116564,0.6257668711656442,2026-08-13T15:45:00+00:00,0.7727,6,0.00362366,-0.00090591,ACCEPTED
2026-08-13T15:40:45.803252+00:00,1786635300,1786635600,DOT/USD,DOWN,0.7727,1.0,0.9631901840490797,0.9662576687116564,0.6257668711656442,2026-08-13T15:45:00+00:00,0.7727,12,0.00776498,-0.00090591,ACCEPTED
2026-08-13T15:40:45.803268+00:00,1786635300,1786635600,AAVE/USD,UP,88.05,1.0,0.7366412213740458,0.7748091603053435,0.6106870229007634,2026-08-13T15:45:00+00:00,88.05,3,0.00056786,-0.00261215,FAILED
2026-08-13T15:40:45.803268+00:00,1786635300,1786635600,AAVE/USD,UP,88.05,1.0,0.7366412213740458,0.7748091603053435,0.6106870229007634,2026-08-13T15:45:00+00:00,88.05,6,0.00056786,-0.01124361,FAILED
2026-08-13T15:40:45.803268+00:00,1786635300,1786635600,AAVE/USD,UP,88.05,1.0,0.7366412213740458,0.7748091603053435,0.6106870229007634,2026-08-13T15:45:00+00:00,88.05,12,0.00056786,-0.01203861,FAILED
2026-08-13T15:45:21.629368+00:00,1786635600,1786635900,ADA/USD,DOWN,0.183163,0.7949773615288727,0.8166666666666667,0.8388888888888889,0.7972222222222223,2026-08-13T15:50:00+00:00,0.183163,3,0.00357059,0.00035488,ACCEPTED
2026-08-13T15:45:21.629368+00:00,1786635600,1786635900,ADA/USD,DOWN,0.183163,0.7949773615288727,0.8166666666666667,0.8388888888888889,0.7972222222222223,2026-08-13T15:50:00+00:00,0.183163,6,0.00750697,0.00035488,ACCEPTED
2026-08-13T15:45:21.629368+00:00,1786635600,1786635900,ADA/USD,DOWN,0.183163,0.7949773615288727,0.8166666666666667,0.8388888888888889,0.7972222222222223,2026-08-13T15:50:00+00:00,0.183163,12,0.01631334,0.00035488,ACCEPTED
2026-08-13T15:45:36.972752+00:00,1786635600,1786635900,LINK/USD,UP,8.79404,1.0,0.711484593837535,0.773109243697479,0.6498599439775911,2026-08-13T15:50:00+00:00,8.79404,3,-0.00057425,-0.00655216,FAILED
2026-08-13T15:45:36.972752+00:00,1786635600,1786635900,LINK/USD,UP,8.79404,1.0,0.711484593837535,0.773109243697479,0.6498599439775911,2026-08-13T15:50:00+00:00,8.79404,6,-0.00057425,-0.00969065,FAILED
2026-08-13T15:45:36.972752+00:00,1786635600,1786635900,LINK/USD,UP,8.79404,1.0,0.711484593837535,0.773109243697479,0.6498599439775911,2026-08-13T15:50:00+00:00,8.79404,12,-0.00057425,-0.01339771,FAILED
2026-08-13T15:50:28.175010+00:00,1786635900,1786636200,DOGE/USD,UP,0.0698406,0.9979737936104413,0.7359550561797753,0.7865168539325843,0.8314606741573034,2026-08-13T15:55:00+00:00,0.0698406,3,-0.00046391,-0.00424109,FAILED
2026-08-13T15:50:28.175010+00:00,1786635900,1786636200,DOGE/USD,UP,0.0698406,0.9979737936104413,0.7359550561797753,0.7865168539325843,0.8314606741573034,2026-08-13T15:55:00+00:00,0.0698406,6,-0.00046391,-0.00424109,FAILED
2026-08-13T15:50:28.175010+00:00,1786635900,1786636200,DOGE/USD,UP,0.0698406,0.9979737936104413,0.7359550561797753,0.7865168539325843,0.8314606741573034,2026-08-13T15:55:00+00:00,0.0698406,12,0.00091924,-0.00490975,FAILED
2026-08-13T15:50:28.175040+00:00,1786635900,1786636200,AVAX/USD,UP,6.425,0.7132935442272208,0.8319327731092437,0.8235294117647058,0.9103641456582633,2026-08-13T15:55:00+00:00,6.425,3,-0.00031128,-0.00466926,FAILED
2026-08-13T15:50:28.175040+00:00,1786635900,1786636200,AVAX/USD,UP,6.425,0.7132935442272208,0.8319327731092437,0.8235294117647058,0.9103641456582633,2026-08-13T15:55:00+00:00,6.425,6,-0.00031128,-0.00793774,FAILED
2026-08-13T15:50:28.175040+00:00,1786635900,1786636200,AVAX/USD,UP,6.425,0.7132935442272208,0.8319327731092437,0.8235294117647058,0.9103641456582633,2026-08-13T15:55:00+00:00,6.425,12,-0.00031128,-0.00996109,FAILED
2026-08-13T15:55:19.383108+00:00,1786636200,1786636500,SOL/USD,UP,75.89,0.8565880135161833,0.8837837837837837,0.9054054054054054,0.9135135135135135,2026-08-13T16:00:00+00:00,75.89,3,-0.00026354,-0.00527079,FAILED
2026-08-13T15:55:19.383108+00:00,1786636200,1786636500,SOL/USD,UP,75.89,0.8565880135161833,0.8837837837837837,0.9054054054054054,0.9135135135135135,2026-08-13T16:00:00+00:00,75.89,6,-0.00026354,-0.00527079,FAILED
2026-08-13T15:55:19.383108+00:00,1786636200,1786636500,SOL/USD,UP,75.89,0.8565880135161833,0.8837837837837837,0.9054054054054054,0.9135135135135135,2026-08-13T16:00:00+00:00,75.89,12,-0.00026354,-0.0117275,FAILED
2026-08-13T15:55:19.383180+00:00,1786636200,1786636500,ADA/USD,DOWN,0.182792,0.867802267845952,0.8805555555555555,0.9222222222222223,0.9055555555555556,2026-08-13T16:00:00+00:00,0.182792,3,0.00480327,-0.00013677,ACCEPTED
2026-08-13T15:55:19.383180+00:00,1786636200,1786636500,ADA/USD,DOWN,0.182792,0.867802267845952,0.8805555555555555,0.9222222222222223,0.9055555555555556,2026-08-13T16:00:00+00:00,0.182792,6,0.00661955,-0.00013677,ACCEPTED
2026-08-13T15:55:19.383180+00:00,1786636200,1786636500,ADA/USD,DOWN,0.182792,0.867802267845952,0.8805555555555555,0.9222222222222223,0.9055555555555556,2026-08-13T16:00:00+00:00,0.182792,12,0.01431682,-0.00013677,ACCEPTED
2026-08-13T15:55:34.731442+00:00,1786636200,1786636500,DOGE/USD,DOWN,0.0697659,1.0,0.7865168539325843,0.8230337078651685,0.7612359550561798,2026-08-13T16:00:00+00:00,0.0697659,3,0.0031749,-0.00045724,ACCEPTED
2026-08-13T15:55:34.731442+00:00,1786636200,1786636500,DOGE/USD,DOWN,0.0697659,1.0,0.7865168539325843,0.8230337078651685,0.7612359550561798,2026-08-13T16:00:00+00:00,0.0697659,6,0.0031749,-0.00160394,ACCEPTED
2026-08-13T15:55:34.731442+00:00,1786636200,1786636500,DOGE/USD,DOWN,0.0697659,1.0,0.7865168539325843,0.8230337078651685,0.7612359550561798,2026-08-13T16:00:00+00:00,0.0697659,12,0.00384428,-0.00267896,ACCEPTED
2026-08-13T15:55:50.090211+00:00,1786636200,1786636500,LTC/USD,DOWN,44.75,0.7532178468914011,0.845945945945946,0.8486486486486486,0.8,2026-08-13T16:00:00+00:00,44.75,3,0.00156425,-0.00022346,UNRESOLVED
2026-08-13T15:55:50.090211+00:00,1786636200,1786636500,LTC/USD,DOWN,44.75,0.7532178468914011,0.845945945945946,0.8486486486486486,0.8,2026-08-13T16:00:00+00:00,44.75,6,0.00156425,-0.00156425,UNRESOLVED
2026-08-13T15:55:50.090211+00:00,1786636200,1786636500,LTC/USD,DOWN,44.75,0.7532178468914011,0.845945945945946,0.8486486486486486,0.8,2026-08-13T16:00:00+00:00,44.75,12,0.00156425,-0.00156425,UNRESOLVED
2026-08-13T16:00:10.650077+00:00,1786636500,1786636800,ETH/USD,DOWN,1878.22,0.9338013893320208,0.9054054054054054,0.9297297297297298,0.9567567567567568,2026-08-13T16:05:00+00:00,1878.22,3,0.00081993,-0.00202319,UNRESOLVED
2026-08-13T16:00:10.650077+00:00,1786636500,1786636800,ETH/USD,DOWN,1878.22,0.9338013893320208,0.9054054054054054,0.9297297297297298,0.9567567567567568,2026-08-13T16:05:00+00:00,1878.22,6,0.00081993,-0.00251834,FAILED
2026-08-13T16:00:10.650077+00:00,1786636500,1786636800,ETH/USD,DOWN,1878.22,0.9338013893320208,0.9054054054054054,0.9297297297297298,0.9567567567567568,2026-08-13T16:05:00+00:00,1878.22,12,0.0086944,-0.00251834,FAILED
2026-08-13T16:00:10.650093+00:00,1786636500,1786636800,XRP/USD,DOWN,1.00196,0.5754243018484703,0.8972972972972973,0.9,0.9648648648648649,2026-08-13T16:05:00+00:00,1.00196,3,0.00151703,-0.00083836,UNRESOLVED
2026-08-13T16:00:10.650093+00:00,1786636500,1786636800,XRP/USD,DOWN,1.00196,0.5754243018484703,0.8972972972972973,0.9,0.9648648648648649,2026-08-13T16:05:00+00:00,1.00196,6,0.00151703,-0.00283444,FAILED
2026-08-13T16:00:10.650093+00:00,1786636500,1786636800,XRP/USD,DOWN,1.00196,0.5754243018484703,0.8972972972972973,0.9,0.9648648648648649,2026-08-13T16:05:00+00:00,1.00196,12,0.00445128,-0.00451116,FAILED
2026-08-13T16:00:25.995089+00:00,1786636500,1786636800,DOGE/USD,DOWN,0.069671,0.9621196185393253,0.8230337078651685,0.8595505617977528,0.8932584269662921,2026-08-13T16:05:00+00:00,0.069671,3,0.00181711,-0.00093296,UNRESOLVED
2026-08-13T16:00:25.995089+00:00,1786636500,1786636800,DOGE/USD,DOWN,0.069671,0.9621196185393253,0.8230337078651685,0.8595505617977528,0.8932584269662921,2026-08-13T16:05:00+00:00,0.069671,6,0.00181711,-0.00326965,FAILED
2026-08-13T16:00:25.995089+00:00,1786636500,1786636800,DOGE/USD,DOWN,0.069671,0.9621196185393253,0.8230337078651685,0.8595505617977528,0.8932584269662921,2026-08-13T16:05:00+00:00,0.069671,12,0.00248741,-0.00404472,FAILED
2026-08-13T16:00:25.995106+00:00,1786636500,1786636800,LINK/USD,DOWN,8.73642,0.8451335384812083,0.969187675070028,0.9663865546218487,0.9775910364145658,2026-08-13T16:05:00+00:00,8.73642,3,0.00315919,-0.00036399,ACCEPTED
2026-08-13T16:00:25.995106+00:00,1786636500,1786636800,LINK/USD,DOWN,8.73642,0.8451335384812083,0.969187675070028,0.9663865546218487,0.9775910364145658,2026-08-13T16:05:00+00:00,8.73642,6,0.00383567,-0.00036399,ACCEPTED
2026-08-13T16:00:25.995106+00:00,1786636500,1786636800,LINK/USD,DOWN,8.73642,0.8451335384812083,0.969187675070028,0.9663865546218487,0.9775910364145658,2026-08-13T16:05:00+00:00,8.73642,12,0.00689069,-0.00040863,ACCEPTED
2026-08-13T16:01:11.987769+00:00,1786636500,1786636800,SOL/USD,DOWN,75.57,0.9824540477329561,0.8918918918918919,0.918918918918919,0.9486486486486486,2026-08-13T16:05:00+00:00,75.57,3,0.00105862,-0.00158793,UNRESOLVED
2026-08-13T16:01:11.987769+00:00,1786636500,1786636800,SOL/USD,DOWN,75.57,0.9824540477329561,0.8918918918918919,0.918918918918919,0.9486486486486486,2026-08-13T16:05:00+00:00,75.57,6,0.00105862,-0.00304354,FAILED
2026-08-13T16:01:11.987769+00:00,1786636500,1786636800,SOL/USD,DOWN,75.57,0.9824540477329561,0.8918918918918919,0.918918918918919,0.9486486486486486,2026-08-13T16:05:00+00:00,75.57,12,0.00754268,-0.00304354,FAILED
2026-08-13T16:01:11.987785+00:00,1786636500,1786636800,BTC/USD,DOWN,63369.1,0.9081551593870131,0.924119241192412,0.94579945799458,0.994579945799458,2026-08-13T16:05:00+00:00,63369.1,3,0.00048289,-0.00128454,UNRESOLVED
2026-08-13T16:01:11.987785+00:00,1786636500,1786636800,BTC/USD,DOWN,63369.1,0.9081551593870131,0.924119241192412,0.94579945799458,0.994579945799458,2026-08-13T16:05:00+00:00,63369.1,6,0.00143919,-0.00206568,UNRESOLVED
2026-08-13T16:01:11.987785+00:00,1786636500,1786636800,BTC/USD,DOWN,63369.1,0.9081551593870131,0.924119241192412,0.94579945799458,0.994579945799458,2026-08-13T16:05:00+00:00,63369.1,12,0.00898072,-0.00206568,ACCEPTED
2026-08-13T16:05:01.918525+00:00,1786636800,1786637100,ETH/USD,UP,1879.99,0.5779100000269888,0.8621621621621621,0.8486486486486486,0.9486486486486486,2026-08-13T16:10:00+00:00,1879.99,3,0.00107979,-0.00176065,UNRESOLVED
2026-08-13T16:05:01.918525+00:00,1786636800,1786637100,ETH/USD,UP,1879.99,0.5779100000269888,0.8621621621621621,0.8486486486486486,0.9486486486486486,2026-08-13T16:10:00+00:00,1879.99,6,0.00157448,-0.00176065,UNRESOLVED
2026-08-13T16:05:01.918525+00:00,1786636800,1786637100,ETH/USD,UP,1879.99,0.5779100000269888,0.8621621621621621,0.8486486486486486,0.9486486486486486,2026-08-13T16:10:00+00:00,1879.99,12,0.00157448,-0.00962771,FAILED
2026-08-13T16:05:17.264173+00:00,1786636800,1786637100,LINK/USD,DOWN,8.72711,0.9697545917019709,0.8795518207282913,0.8991596638655462,0.9523809523809523,2026-08-13T16:10:00+00:00,8.72711,3,0.00209577,9.74e-05,UNRESOLVED
2026-08-13T16:05:17.264173+00:00,1786636800,1786637100,LINK/USD,DOWN,8.72711,0.9697545917019709,0.8795518207282913,0.8991596638655462,0.9523809523809523,2026-08-13T16:10:00+00:00,8.72711,6,0.00277297,9.74e-05,ACCEPTED
2026-08-13T16:05:17.264173+00:00,1786636800,1786637100,LINK/USD,DOWN,8.72711,0.9697545917019709,0.8795518207282913,0.8991596638655462,0.9523809523809523,2026-08-13T16:10:00+00:00,8.72711,12,0.00583125,-0.00244182,ACCEPTED
2026-08-13T16:05:17.264188+00:00,1786636800,1786637100,AVAX/USD,DOWN,6.396,0.8100482975881667,0.8991596638655462,0.907563025210084,0.9299719887955182,2026-08-13T16:10:00+00:00,6.396,3,0.00343965,-0.00078174,ACCEPTED
2026-08-13T16:05:17.264188+00:00,1786636800,1786637100,AVAX/USD,DOWN,6.396,0.8100482975881667,0.8991596638655462,0.907563025210084,0.9299719887955182,2026-08-13T16:10:00+00:00,6.396,6,0.00343965,-0.00078174,ACCEPTED
2026-08-13T16:05:17.264188+00:00,1786636800,1786637100,AVAX/USD,DOWN,6.396,0.8100482975881667,0.8991596638655462,0.907563025210084,0.9299719887955182,2026-08-13T16:10:00+00:00,6.396,12,0.00547217,-0.00203252,ACCEPTED
2026-08-13T16:05:32.608050+00:00,1786636800,1786637100,AAVE/USD,DOWN,87.29,0.8315549953700007,0.8625954198473282,0.8702290076335878,0.8396946564885496,2026-08-13T16:10:00+00:00,87.29,3,0.0026349,-0.00045824,ACCEPTED
2026-08-13T16:05:32.608050+00:00,1786636800,1786637100,AAVE/USD,DOWN,87.29,0.8315549953700007,0.8625954198473282,0.8702290076335878,0.8396946564885496,2026-08-13T16:10:00+00:00,87.29,6,0.0026349,-0.0037805,ACCEPTED
2026-08-13T16:05:32.608050+00:00,1786636800,1786637100,AAVE/USD,DOWN,87.29,0.8315549953700007,0.8625954198473282,0.8702290076335878,0.8396946564885496,2026-08-13T16:10:00+00:00,87.29,12,0.00446787,-0.0037805,ACCEPTED
2026-08-13T16:10:08.546050+00:00,1786637100,1786637400,LINK/USD,DOWN,8.72142,0.8418374766459269,0.9719887955182073,0.9719887955182073,0.9243697478991597,2026-08-13T16:15:00+00:00,8.72142,3,0.00125209,-7.453e-05,UNRESOLVED
2026-08-13T16:10:08.546050+00:00,1786637100,1786637400,LINK/USD,DOWN,8.72142,0.8418374766459269,0.9719887955182073,0.9719887955182073,0.9243697478991597,2026-08-13T16:15:00+00:00,8.72142,6,0.00417478,-7.453e-05,ACCEPTED
2026-08-13T16:10:08.546050+00:00,1786637100,1786637400,LINK/USD,DOWN,8.72142,0.8418374766459269,0.9719887955182073,0.9719887955182073,0.9243697478991597,2026-08-13T16:15:00+00:00,8.72142,12,0.00518264,-0.00309583,ACCEPTED
2026-08-13T16:10:08.546066+00:00,1786637100,1786637400,AVAX/USD,DOWN,6.385,0.9833240426783098,0.8235294117647058,0.8487394957983193,0.8739495798319328,2026-08-13T16:15:00+00:00,6.385,3,0.00172279,-0.0009397,UNRESOLVED
2026-08-13T16:10:08.546066+00:00,1786637100,1786637400,AVAX/USD,DOWN,6.385,0.9833240426783098,0.8235294117647058,0.8487394957983193,0.8739495798319328,2026-08-13T16:15:00+00:00,6.385,6,0.00375881,-0.0009397,ACCEPTED
2026-08-13T16:10:08.546066+00:00,1786637100,1786637400,AVAX/USD,DOWN,6.385,0.9833240426783098,0.8235294117647058,0.8487394957983193,0.8739495798319328,2026-08-13T16:15:00+00:00,6.385,12,0.00375881,-0.00375881,ACCEPTED
2026-08-13T16:10:23.898195+00:00,1786637100,1786637400,AAVE/USD,DOWN,87.25,0.9712670822830527,0.9923664122137404,0.9923664122137404,0.9541984732824428,2026-08-13T16:15:00+00:00,87.25,3,-0.00080229,-0.00424069,FAILED
2026-08-13T16:10:23.898195+00:00,1786637100,1786637400,AAVE/USD,DOWN,87.25,0.9712670822830527,0.9923664122137404,0.9923664122137404,0.9541984732824428,2026-08-13T16:15:00+00:00,87.25,6,0.00297994,-0.00424069,FAILED
2026-08-13T16:10:23.898195+00:00,1786637100,1786637400,AAVE/USD,DOWN,87.25,0.9712670822830527,0.9923664122137404,0.9923664122137404,0.9541984732824428,2026-08-13T16:15:00+00:00,87.25,12,0.00401146,-0.00424069,FAILED
2026-08-13T16:10:23.898211+00:00,1786637100,1786637400,LTC/USD,UP,44.74,0.6558846361244179,0.7621621621621621,0.772972972972973,0.8594594594594595,2026-08-13T16:15:00+00:00,44.74,3,0.00178811,-0.00067054,UNRESOLVED
2026-08-13T16:10:23.898211+00:00,1786637100,1786637400,LTC/USD,UP,44.74,0.6558846361244179,0.7621621621621621,0.772972972972973,0.8594594594594595,2026-08-13T16:15:00+00:00,44.74,6,0.00178811,-0.00134108,UNRESOLVED
2026-08-13T16:10:23.898211+00:00,1786637100,1786637400,LTC/USD,UP,44.74,0.6558846361244179,0.7621621621621621,0.772972972972973,0.8594594594594595,2026-08-13T16:15:00+00:00,44.74,12,0.00178811,-0.00134108,UNRESOLVED
2026-08-13T16:15:45.850862+00:00,1786637400,1786637700,XRP/USD,UP,1.00242,0.9306089704650944,0.772972972972973,0.8594594594594595,0.8837837837837837,2026-08-13T16:20:00+00:00,1.00242,3,0.00237425,-0.00142655,UNRESOLVED
2026-08-13T16:15:45.850862+00:00,1786637400,1786637700,XRP/USD,UP,1.00242,0.9306089704650944,0.772972972972973,0.8594594594594595,0.8837837837837837,2026-08-13T16:20:00+00:00,1.00242,6,0.00237425,-0.00490812,FAILED
2026-08-13T16:15:45.850862+00:00,1786637400,1786637700,XRP/USD,UP,1.00242,0.9306089704650944,0.772972972972973,0.8594594594594595,0.8837837837837837,2026-08-13T16:20:00+00:00,1.00242,12,0.0040502,-0.00490812,FAILED
2026-08-13T16:15:45.850878+00:00,1786637400,1786637700,ADA/USD,DOWN,0.181788,0.747451944492946,0.9805555555555555,0.9777777777777777,0.9722222222222222,2026-08-13T16:20:00+00:00,0.181788,3,0.00259643,-0.00162277,ACCEPTED
2026-08-13T16:15:45.850878+00:00,1786637400,1786637700,ADA/USD,DOWN,0.181788,0.747451944492946,0.9805555555555555,0.9777777777777777,0.9722222222222222,2026-08-13T16:20:00+00:00,0.181788,6,0.00887297,-0.00162277,ACCEPTED
2026-08-13T16:15:45.850878+00:00,1786637400,1786637700,ADA/USD,DOWN,0.181788,0.747451944492946,0.9805555555555555,0.9777777777777777,0.9722222222222222,2026-08-13T16:20:00+00:00,0.181788,12,0.00887297,-0.00162277,ACCEPTED
2026-08-13T16:16:01.198884+00:00,1786637400,1786637700,AVAX/USD,DOWN,6.376,0.9964060725027352,0.907563025210084,0.9327731092436975,0.8207282913165266,2026-08-13T16:20:00+00:00,6.376,3,0.00031368,-0.00235257,UNRESOLVED
2026-08-13T16:16:01.198884+00:00,1786637400,1786637700,AVAX/USD,DOWN,6.376,0.9964060725027352,0.907563025210084,0.9327731092436975,0.8207282913165266,2026-08-13T16:20:00+00:00,6.376,6,0.00235257,-0.00235257,UNRESOLVED
2026-08-13T16:16:01.198884+00:00,1786637400,1786637700,AVAX/USD,DOWN,6.376,0.9964060725027352,0.907563025210084,0.9327731092436975,0.8207282913165266,2026-08-13T16:20:00+00:00,6.376,12,0.00235257,-0.00517566,FAILED
2026-08-13T16:16:01.198930+00:00,1786637400,1786637700,LTC/USD,UP,44.76,0.8563906281851353,0.927027027027027,0.9405405405405406,0.9243243243243243,2026-08-13T16:20:00+00:00,44.76,3,0.00134048,-0.00067024,UNRESOLVED
2026-08-13T16:16:01.198930+00:00,1786637400,1786637700,LTC/USD,UP,44.76,0.8563906281851353,0.927027027027027,0.9405405405405406,0.9243243243243243,2026-08-13T16:20:00+00:00,44.76,6,0.00134048,-0.00178731,UNRESOLVED
2026-08-13T16:16:01.198930+00:00,1786637400,1786637700,LTC/USD,UP,44.76,0.8563906281851353,0.927027027027027,0.9405405405405406,0.9243243243243243,2026-08-13T16:20:00+00:00,44.76,12,0.00134048,-0.00178731,UNRESOLVED
2026-08-13T16:20:37.123165+00:00,1786637700,1786638000,BTC/USD,DOWN,63437.4,0.8309817377563605,0.7777777777777778,0.8428184281842819,0.8834688346883469,2026-08-13T16:25:00+00:00,63437.4,3,0.00251429,-0.0009868,ACCEPTED
2026-08-13T16:20:37.123165+00:00,1786637700,1786638000,BTC/USD,DOWN,63437.4,0.8309817377563605,0.7777777777777778,0.8428184281842819,0.8834688346883469,2026-08-13T16:25:00+00:00,63437.4,6,0.0100477,-0.0009868,ACCEPTED
2026-08-13T16:20:37.123165+00:00,1786637700,1786638000,BTC/USD,DOWN,63437.4,0.8309817377563605,0.7777777777777778,0.8428184281842819,0.8834688346883469,2026-08-13T16:25:00+00:00,63437.4,12,0.0100477,-0.0009868,ACCEPTED
2026-08-13T16:21:07.827286+00:00,1786637700,1786638000,AVAX/USD,UP,6.374,1.0,0.7450980392156863,0.7787114845938375,0.7535014005602241,2026-08-13T16:25:00+00:00,6.374,3,0.00266709,0.00047066,ACCEPTED
2026-08-13T16:21:07.827286+00:00,1786637700,1786638000,AVAX/USD,UP,6.374,1.0,0.7450980392156863,0.7787114845938375,0.7535014005602241,2026-08-13T16:25:00+00:00,6.374,6,0.00345152,-0.00203954,ACCEPTED
2026-08-13T16:21:07.827286+00:00,1786637700,1786638000,AVAX/USD,UP,6.374,1.0,0.7450980392156863,0.7787114845938375,0.7535014005602241,2026-08-13T16:25:00+00:00,6.374,12,0.00549106,-0.00203954,ACCEPTED
2026-08-13T16:25:43.767438+00:00,1786638000,1786638300,XRP/USD,UP,1.00405,0.854567435216712,0.918918918918919,0.9432432432432433,0.9513513513513514,2026-08-13T16:30:00+00:00,1.00405,3,0.00017927,-0.00652358,FAILED
2026-08-13T16:25:43.767438+00:00,1786638000,1786638300,XRP/USD,UP,1.00405,0.854567435216712,0.918918918918919,0.9432432432432433,0.9513513513513514,2026-08-13T16:30:00+00:00,1.00405,6,0.0024202,-0.00652358,FAILED
2026-08-13T16:25:43.767438+00:00,1786638000,1786638300,XRP/USD,UP,1.00405,0.854567435216712,0.918918918918919,0.9432432432432433,0.9513513513513514,2026-08-13T16:30:00+00:00,1.00405,12,0.0024202,-0.00652358,FAILED
2026-08-13T16:25:43.767453+00:00,1786638000,1786638300,ADA/USD,UP,0.181721,0.8159427758914153,0.8888888888888888,0.9194444444444444,0.8777777777777778,2026-08-13T16:30:00+00:00,0.181721,3,0.00011556,-0.00554146,FAILED
2026-08-13T16:25:43.767453+00:00,1786638000,1786638300,ADA/USD,UP,0.181721,0.8159427758914153,0.8888888888888888,0.9194444444444444,0.8777777777777778,2026-08-13T16:30:00+00:00,0.181721,6,0.00011556,-0.00850755,FAILED
2026-08-13T16:25:43.767453+00:00,1786638000,1786638300,ADA/USD,UP,0.181721,0.8159427758914153,0.8888888888888888,0.9194444444444444,0.8777777777777778,2026-08-13T16:30:00+00:00,0.181721,12,0.00053379,-0.00850755,FAILED
2026-08-13T16:25:59.123412+00:00,1786638000,1786638300,AVAX/USD,DOWN,6.385,0.7944876702069814,0.7843137254901961,0.7899159663865546,0.8739495798319328,2026-08-13T16:30:00+00:00,6.385,3,0.00375881,-0.0009397,ACCEPTED
2026-08-13T16:25:59.123412+00:00,1786638000,1786638300,AVAX/USD,DOWN,6.385,0.7944876702069814,0.7843137254901961,0.7899159663865546,0.8739495798319328,2026-08-13T16:30:00+00:00,6.385,6,0.00375881,-0.00172279,ACCEPTED
2026-08-13T16:25:59.123412+00:00,1786638000,1786638300,AVAX/USD,DOWN,6.385,0.7944876702069814,0.7843137254901961,0.7899159663865546,0.8739495798319328,2026-08-13T16:30:00+00:00,6.385,12,0.00375881,-0.00375881,ACCEPTED
2026-08-13T16:30:35.075352+00:00,1786638300,1786638600,SOL/USD,UP,75.61,0.8411259085931104,0.8783783783783784,0.9,0.7756756756756756,2026-08-13T16:35:00+00:00,75.61,3,0.00026452,-0.00806772,FAILED
2026-08-13T16:30:35.075352+00:00,1786638300,1786638600,SOL/USD,UP,75.61,0.8411259085931104,0.8783783783783784,0.9,0.7756756756756756,2026-08-13T16:35:00+00:00,75.61,6,0.00026452,-0.00806772,FAILED
2026-08-13T16:30:35.075352+00:00,1786638300,1786638600,SOL/USD,UP,75.61,0.8411259085931104,0.8783783783783784,0.9,0.7756756756756756,2026-08-13T16:35:00+00:00,75.61,12,0.0025129,-0.00806772,FAILED
2026-08-13T16:30:35.075388+00:00,1786638300,1786638600,BTC/USD,DOWN,63293.9,0.8002948454785794,0.994579945799458,0.989159891598916,0.975609756097561,2026-08-13T16:35:00+00:00,63293.9,3,0.00780328,-0.00123551,ACCEPTED
2026-08-13T16:30:35.075388+00:00,1786638300,1786638600,BTC/USD,DOWN,63293.9,0.8002948454785794,0.994579945799458,0.989159891598916,0.975609756097561,2026-08-13T16:35:00+00:00,63293.9,6,0.00780328,-0.00123551,ACCEPTED
2026-08-13T16:30:35.075388+00:00,1786638300,1786638600,BTC/USD,DOWN,63293.9,0.8002948454785794,0.994579945799458,0.989159891598916,0.975609756097561,2026-08-13T16:35:00+00:00,63293.9,12,0.00780328,-0.00123551,ACCEPTED
2026-08-13T16:30:50.442013+00:00,1786638300,1786638600,AVAX/USD,UP,6.379,0.9082023542503301,0.8515406162464986,0.8739495798319328,0.9103641456582633,2026-08-13T16:35:00+00:00,6.379,3,0.00188117,-0.00282176,FAILED
2026-08-13T16:30:50.442013+00:00,1786638300,1786638600,AVAX/USD,UP,6.379,0.9082023542503301,0.8515406162464986,0.8739495798319328,0.9103641456582633,2026-08-13T16:35:00+00:00,6.379,6,0.00266499,-0.00282176,FAILED
2026-08-13T16:30:50.442013+00:00,1786638300,1786638600,AVAX/USD,UP,6.379,0.9082023542503301,0.8515406162464986,0.8739495798319328,0.9103641456582633,2026-08-13T16:35:00+00:00,6.379,12,0.00470293,-0.00282176,FAILED
2026-08-13T16:30:50.442028+00:00,1786638300,1786638600,DOT/USD,DOWN,0.7681,0.7184678982435225,0.9141104294478528,0.9171779141104295,0.9263803680981595,2026-08-13T16:35:00+00:00,0.7681,3,0.00572842,-0.00065096,ACCEPTED
2026-08-13T16:30:50.442028+00:00,1786638300,1786638600,DOT/USD,DOWN,0.7681,0.7184678982435225,0.9141104294478528,0.9171779141104295,0.9263803680981595,2026-08-13T16:35:00+00:00,0.7681,6,0.00572842,-0.00091134,ACCEPTED
2026-08-13T16:30:50.442028+00:00,1786638300,1786638600,DOT/USD,DOWN,0.7681,0.7184678982435225,0.9141104294478528,0.9171779141104295,0.9263803680981595,2026-08-13T16:35:00+00:00,0.7681,12,0.00572842,-0.00325478,ACCEPTED
2026-08-13T16:31:05.793392+00:00,1786638300,1786638600,AAVE/USD,UP,87.25,1.0,0.9389312977099237,0.9427480916030534,0.8129770992366412,2026-08-13T16:35:00+00:00,87.25,3,0.0,-0.00401146,FAILED
2026-08-13T16:31:05.793392+00:00,1786638300,1786638600,AAVE/USD,UP,87.25,1.0,0.9389312977099237,0.9427480916030534,0.8129770992366412,2026-08-13T16:35:00+00:00,87.25,6,0.00286533,-0.00401146,FAILED
2026-08-13T16:31:05.793392+00:00,1786638300,1786638600,AAVE/USD,UP,87.25,1.0,0.9389312977099237,0.9427480916030534,0.8129770992366412,2026-08-13T16:35:00+00:00,87.25,12,0.00366762,-0.00401146,FAILED
2026-08-13T16:35:41.768648+00:00,1786638600,1786638900,XRP/USD,UP,1.00219,0.8076348194580536,0.8297297297297297,0.8702702702702703,0.6945945945945946,2026-08-13T16:40:00+00:00,1.00219,3,0.00338259,-0.00467975,FAILED
2026-08-13T16:35:41.768648+00:00,1786638600,1786638900,XRP/USD,UP,1.00219,0.8076348194580536,0.8297297297297297,0.8702702702702703,0.6945945945945946,2026-08-13T16:40:00+00:00,1.00219,6,0.00428063,-0.00467975,FAILED
2026-08-13T16:35:41.768648+00:00,1786638600,1786638900,XRP/USD,UP,1.00219,0.8076348194580536,0.8297297297297297,0.8702702702702703,0.6945945945945946,2026-08-13T16:40:00+00:00,1.00219,12,0.00501901,-0.00467975,FAILED
2026-08-13T16:35:41.768663+00:00,1786638600,1786638900,ADA/USD,DOWN,0.181412,0.9883378473981126,0.9361111111111111,0.9555555555555556,0.7527777777777778,2026-08-13T16:40:00+00:00,0.181412,3,0.00681873,3.307e-05,ACCEPTED
2026-08-13T16:35:41.768663+00:00,1786638600,1786638900,ADA/USD,DOWN,0.181412,0.9883378473981126,0.9361111111111111,0.9555555555555556,0.7527777777777778,2026-08-13T16:40:00+00:00,0.181412,6,0.00681873,-0.00131193,ACCEPTED
2026-08-13T16:35:41.768663+00:00,1786638600,1786638900,ADA/USD,DOWN,0.181412,0.9883378473981126,0.9361111111111111,0.9555555555555556,0.7527777777777778,2026-08-13T16:40:00+00:00,0.181412,12,0.00681873,-0.00230415,ACCEPTED
2026-08-13T16:35:41.768693+00:00,1786638600,1786638900,LINK/USD,DOWN,8.71626,0.7885597102430361,0.9831932773109243,0.9831932773109243,0.9635854341736695,2026-08-13T16:40:00+00:00,8.71626,3,0.00459371,-0.00240814,ACCEPTED
2026-08-13T16:35:41.768693+00:00,1786638600,1786638900,LINK/USD,DOWN,8.71626,0.7885597102430361,0.9831932773109243,0.9831932773109243,0.9635854341736695,2026-08-13T16:40:00+00:00,8.71626,6,0.00459371,-0.00368966,ACCEPTED
2026-08-13T16:35:41.768693+00:00,1786638600,1786638900,LINK/USD,DOWN,8.71626,0.7885597102430361,0.9831932773109243,0.9831932773109243,0.9635854341736695,2026-08-13T16:40:00+00:00,8.71626,12,0.00459371,-0.0064787,ACCEPTED
2026-08-13T16:40:33.105488+00:00,1786638900,1786639200,SOL/USD,DOWN,75.25,0.8497485410612966,0.9405405405405406,0.9459459459459459,0.9945945945945946,2026-08-13T16:45:00+00:00,75.25,3,0.00332226,-0.00451827,ACCEPTED
2026-08-13T16:40:33.105488+00:00,1786638900,1786639200,SOL/USD,DOWN,75.25,0.8497485410612966,0.9405405405405406,0.9459459459459459,0.9945945945945946,2026-08-13T16:45:00+00:00,75.25,6,0.00332226,-0.0054485,ACCEPTED
2026-08-13T16:40:33.105488+00:00,1786638900,1786639200,SOL/USD,DOWN,75.25,0.8497485410612966,0.9405405405405406,0.9459459459459459,0.9945945945945946,2026-08-13T16:45:00+00:00,75.25,12,0.00332226,-0.00810631,ACCEPTED
2026-08-13T16:40:33.105504+00:00,1786638900,1786639200,BTC/USD,DOWN,63022.3,0.9378250640983747,1.0,1.0,1.0,2026-08-13T16:45:00+00:00,63022.3,3,0.00352732,-0.00246738,ACCEPTED
2026-08-13T16:40:33.105504+00:00,1786638900,1786639200,BTC/USD,DOWN,63022.3,0.9378250640983747,1.0,1.0,1.0,2026-08-13T16:45:00+00:00,63022.3,6,0.00352732,-0.00246738,ACCEPTED
2026-08-13T16:40:33.105504+00:00,1786638900,1786639200,BTC/USD,DOWN,63022.3,0.9378250640983747,1.0,1.0,1.0,2026-08-13T16:45:00+00:00,63022.3,12,0.00352732,-0.00248801,ACCEPTED
2026-08-13T16:40:33.105520+00:00,1786638900,1786639200,ETH/USD,DOWN,1868.32,0.7732969652577726,1.0,1.0,1.0,2026-08-13T16:45:00+00:00,1868.32,3,0.00344159,-0.00385908,ACCEPTED
2026-08-13T16:40:33.105520+00:00,1786638900,1786639200,ETH/USD,DOWN,1868.32,0.7732969652577726,1.0,1.0,1.0,2026-08-13T16:45:00+00:00,1868.32,6,0.00344159,-0.00385908,ACCEPTED
2026-08-13T16:40:33.105520+00:00,1786638900,1786639200,ETH/USD,DOWN,1868.32,0.7732969652577726,1.0,1.0,1.0,2026-08-13T16:45:00+00:00,1868.32,12,0.00344159,-0.00525071,ACCEPTED
2026-08-13T16:40:33.105551+00:00,1786638900,1786639200,ADA/USD,DOWN,0.181005,0.8884950241150693,0.9972222222222222,0.9972222222222222,0.9944444444444445,2026-08-13T16:45:00+00:00,0.181005,3,0.00458551,-0.00195575,ACCEPTED
2026-08-13T16:40:33.105551+00:00,1786638900,1786639200,ADA/USD,DOWN,0.181005,0.8884950241150693,0.9972222222222222,0.9972222222222222,0.9944444444444445,2026-08-13T16:45:00+00:00,0.181005,6,0.00458551,-0.00356344,ACCEPTED
2026-08-13T16:40:33.105551+00:00,1786638900,1786639200,ADA/USD,DOWN,0.181005,0.8884950241150693,0.9972222222222222,0.9972222222222222,0.9944444444444445,2026-08-13T16:45:00+00:00,0.181005,12,0.00458551,-0.00455789,ACCEPTED
2026-08-13T16:40:48.458703+00:00,1786638900,1786639200,DOGE/USD,DOWN,0.0696583,0.9180591263150601,0.9578651685393258,0.9634831460674157,0.9466292134831461,2026-08-13T16:45:00+00:00,0.0696583,3,0.00230554,-0.00422778,FAILED
2026-08-13T16:40:48.458703+00:00,1786638900,1786639200,DOGE/USD,DOWN,0.0696583,0.9180591263150601,0.9578651685393258,0.9634831460674157,0.9466292134831461,2026-08-13T16:45:00+00:00,0.0696583,6,0.00230554,-0.00422778,FAILED
2026-08-13T16:40:48.458703+00:00,1786638900,1786639200,DOGE/USD,DOWN,0.0696583,0.9180591263150601,0.9578651685393258,0.9634831460674157,0.9466292134831461,2026-08-13T16:45:00+00:00,0.0696583,12,0.00230554,-0.00422778,FAILED
2026-08-13T16:40:48.458720+00:00,1786638900,1786639200,LINK/USD,DOWN,8.6928,0.6489591944692852,0.9635854341736695,0.9439775910364145,0.9747899159663865,2026-08-13T16:45:00+00:00,8.6928,3,0.00190733,-0.00542863,FAILED
2026-08-13T16:40:48.458720+00:00,1786638900,1786639200,LINK/USD,DOWN,8.6928,0.6489591944692852,0.9635854341736695,0.9439775910364145,0.9747899159663865,2026-08-13T16:45:00+00:00,8.6928,6,0.00190733,-0.0063984,FAILED
2026-08-13T16:40:48.458720+00:00,1786638900,1786639200,LINK/USD,DOWN,8.6928,0.6489591944692852,0.9635854341736695,0.9439775910364145,0.9747899159663865,2026-08-13T16:45:00+00:00,8.6928,12,0.00190733,-0.00919497,FAILED
2026-08-13T16:40:48.458734+00:00,1786638900,1786639200,AVAX/USD,DOWN,6.361,0.9129246024369506,0.9439775910364145,0.9607843137254902,0.9495798319327731,2026-08-13T16:45:00+00:00,6.361,3,0.0,-0.00550228,FAILED
2026-08-13T16:40:48.458734+00:00,1786638900,1786639200,AVAX/USD,DOWN,6.361,0.9129246024369506,0.9439775910364145,0.9607843137254902,0.9495798319327731,2026-08-13T16:45:00+00:00,6.361,6,0.0,-0.00754598,FAILED
2026-08-13T16:40:48.458734+00:00,1786638900,1786639200,AVAX/USD,DOWN,6.361,0.9129246024369506,0.9439775910364145,0.9607843137254902,0.9495798319327731,2026-08-13T16:45:00+00:00,6.361,12,0.0,-0.00754598,FAILED
2026-08-13T16:40:48.458749+00:00,1786638900,1786639200,DOT/USD,DOWN,0.7679,1.0,0.8865030674846626,0.8957055214723927,0.8987730061349694,2026-08-13T16:45:00+00:00,0.7679,3,0.00546946,-0.00117203,ACCEPTED
2026-08-13T16:40:48.458749+00:00,1786638900,1786639200,DOT/USD,DOWN,0.7679,1.0,0.8865030674846626,0.8957055214723927,0.8987730061349694,2026-08-13T16:45:00+00:00,0.7679,6,0.00546946,-0.00143248,ACCEPTED
2026-08-13T16:40:48.458749+00:00,1786638900,1786639200,DOT/USD,DOWN,0.7679,1.0,0.8865030674846626,0.8957055214723927,0.8987730061349694,2026-08-13T16:45:00+00:00,0.7679,12,0.00546946,-0.00351608,ACCEPTED
2026-08-13T16:40:48.458765+00:00,1786638900,1786639200,AAVE/USD,DOWN,87.04,0.8438745824348645,0.8969465648854962,0.9007633587786259,0.9312977099236641,2026-08-13T16:45:00+00:00,87.04,3,0.00160846,-0.00528493,FAILED
2026-08-13T16:40:48.458765+00:00,1786638900,1786639200,AAVE/USD,DOWN,87.04,0.8438745824348645,0.8969465648854962,0.9007633587786259,0.9312977099236641,2026-08-13T16:45:00+00:00,87.04,6,0.00160846,-0.00528493,FAILED
2026-08-13T16:40:48.458765+00:00,1786638900,1786639200,AAVE/USD,DOWN,87.04,0.8438745824348645,0.8969465648854962,0.9007633587786259,0.9312977099236641,2026-08-13T16:45:00+00:00,87.04,12,0.00160846,-0.00608915,FAILED
2026-08-13T16:40:48.458781+00:00,1786638900,1786639200,LTC/USD,DOWN,44.71,0.7128528108887953,0.8324324324324325,0.8378378378378378,0.9621621621621622,2026-08-13T16:45:00+00:00,44.71,3,0.00044733,-0.00156565,UNRESOLVED
2026-08-13T16:40:48.458781+00:00,1786638900,1786639200,LTC/USD,DOWN,44.71,0.7128528108887953,0.8324324324324325,0.8378378378378378,0.9621621621621622,2026-08-13T16:45:00+00:00,44.71,6,0.00044733,-0.00156565,UNRESOLVED
2026-08-13T16:40:48.458781+00:00,1786638900,1786639200,LTC/USD,DOWN,44.71,0.7128528108887953,0.8324324324324325,0.8378378378378378,0.9621621621621622,2026-08-13T16:45:00+00:00,44.71,12,0.00111832,-0.00178931,UNRESOLVED
2026-08-13T16:45:24.457584+00:00,1786639200,1786639500,SOL/USD,DOWN,75.27,0.5445824498389238,0.9702702702702702,0.9513513513513514,0.9972972972972973,2026-08-13T16:50:00+00:00,75.27,3,0.00066428,-0.00425136,FAILED
2026-08-13T16:45:24.457584+00:00,1786639200,1786639500,SOL/USD,DOWN,75.27,0.5445824498389238,0.9702702702702702,0.9513513513513514,0.9972972972972973,2026-08-13T16:50:00+00:00,75.27,6,0.00066428,-0.00597848,FAILED
2026-08-13T16:45:24.457584+00:00,1786639200,1786639500,SOL/USD,DOWN,75.27,0.5445824498389238,0.9702702702702702,0.9513513513513514,0.9972972972972973,2026-08-13T16:50:00+00:00,75.27,12,0.00066428,-0.00783845,FAILED
2026-08-13T16:45:24.457630+00:00,1786639200,1786639500,ETH/USD,DOWN,1869.11,0.7313787457852333,0.9972972972972973,0.9918918918918919,0.9972972972972973,2026-08-13T16:50:00+00:00,1869.11,3,0.00086672,-0.00343479,FAILED
2026-08-13T16:45:24.457630+00:00,1786639200,1786639500,ETH/USD,DOWN,1869.11,0.7313787457852333,0.9972972972972973,0.9918918918918919,0.9972972972972973,2026-08-13T16:50:00+00:00,1869.11,6,0.00086672,-0.00343479,FAILED
2026-08-13T16:45:24.457630+00:00,1786639200,1786639500,ETH/USD,DOWN,1869.11,0.7313787457852333,0.9972972972972973,0.9918918918918919,0.9972972972972973,2026-08-13T16:50:00+00:00,1869.11,12,0.00086672,-0.00482583,FAILED
2026-08-13T16:45:24.457646+00:00,1786639200,1786639500,XRP/USD,UP,1.00208,0.6986936689285977,0.9837837837837838,0.9837837837837838,0.9891891891891892,2026-08-13T16:50:00+00:00,1.00208,3,0.00439087,-0.00056882,ACCEPTED
2026-08-13T16:45:24.457646+00:00,1786639200,1786639500,XRP/USD,UP,1.00208,0.6986936689285977,0.9837837837837838,0.9837837837837838,0.9891891891891892,2026-08-13T16:50:00+00:00,1.00208,6,0.00439087,-0.00056882,ACCEPTED
2026-08-13T16:45:24.457646+00:00,1786639200,1786639500,XRP/USD,UP,1.00208,0.6986936689285977,0.9837837837837838,0.9837837837837838,0.9891891891891892,2026-08-13T16:50:00+00:00,1.00208,12,0.00512933,-0.00056882,ACCEPTED
2026-08-13T16:45:24.457661+00:00,1786639200,1786639500,ADA/USD,DOWN,0.180809,0.8709708273056799,1.0,1.0,0.9972222222222222,2026-08-13T16:50:00+00:00,0.180809,3,0.00148776,-0.00304188,FAILED
2026-08-13T16:45:24.457661+00:00,1786639200,1786639500,ADA/USD,DOWN,0.180809,0.8709708273056799,1.0,1.0,0.9972222222222222,2026-08-13T16:50:00+00:00,0.180809,6,0.00148776,-0.00465132,FAILED
2026-08-13T16:45:24.457661+00:00,1786639200,1786639500,ADA/USD,DOWN,0.180809,0.8709708273056799,1.0,1.0,0.9972222222222222,2026-08-13T16:50:00+00:00,0.180809,12,0.00148776,-0.00564684,FAILED
2026-08-13T16:45:39.810956+00:00,1786639200,1786639500,LINK/USD,DOWN,8.71037,0.5592877841194396,0.8711484593837535,0.8403361344537815,0.9019607843137255,2026-08-13T16:50:00+00:00,8.71037,3,0.00219968,-0.00340054,FAILED
2026-08-13T16:45:39.810956+00:00,1786639200,1786639500,LINK/USD,DOWN,8.71037,0.5592877841194396,0.8711484593837535,0.8403361344537815,0.9019607843137255,2026-08-13T16:50:00+00:00,8.71037,6,0.00219968,-0.00436836,FAILED
2026-08-13T16:45:39.810956+00:00,1786639200,1786639500,LINK/USD,DOWN,8.71037,0.5592877841194396,0.8711484593837535,0.8403361344537815,0.9019607843137255,2026-08-13T16:50:00+00:00,8.71037,12,0.00219968,-0.00715928,FAILED
2026-08-13T16:45:39.810971+00:00,1786639200,1786639500,AVAX/USD,DOWN,6.373,0.556505784744853,0.9719887955182073,0.9831932773109243,0.9775910364145658,2026-08-13T16:50:00+00:00,6.373,3,0.00047074,-0.00360898,FAILED
2026-08-13T16:45:39.810971+00:00,1786639200,1786639500,AVAX/USD,DOWN,6.373,0.556505784744853,0.9719887955182073,0.9831932773109243,0.9775910364145658,2026-08-13T16:50:00+00:00,6.373,6,0.00047074,-0.00564883,FAILED
2026-08-13T16:45:39.810971+00:00,1786639200,1786639500,AVAX/USD,DOWN,6.373,0.556505784744853,0.9719887955182073,0.9831932773109243,0.9775910364145658,2026-08-13T16:50:00+00:00,6.373,12,0.00047074,-0.00580574,FAILED
2026-08-13T16:50:15.809230+00:00,1786639500,1786639800,BTC/USD,UP,63119.5,0.8305739873702854,0.9214092140921409,0.940379403794038,0.989159891598916,2026-08-13T16:55:00+00:00,63119.5,3,0.00092364,-0.00178867,UNRESOLVED
2026-08-13T16:50:15.809230+00:00,1786639500,1786639800,BTC/USD,UP,63119.5,0.8305739873702854,0.9214092140921409,0.940379403794038,0.989159891598916,2026-08-13T16:55:00+00:00,63119.5,6,0.00092364,-0.00178867,UNRESOLVED
2026-08-13T16:50:15.809230+00:00,1786639500,1786639800,BTC/USD,UP,63119.5,0.8305739873702854,0.9214092140921409,0.940379403794038,0.989159891598916,2026-08-13T16:55:00+00:00,63119.5,12,0.00178233,-0.00178867,UNRESOLVED
2026-08-13T16:50:15.809245+00:00,1786639500,1786639800,ETH/USD,UP,1873.94,0.9675481703950001,0.9945945945945946,0.9972972972972973,0.9945945945945946,2026-08-13T16:55:00+00:00,1873.94,3,0.00080579,-0.00162225,UNRESOLVED
2026-08-13T16:50:15.809245+00:00,1786639500,1786639800,ETH/USD,UP,1873.94,0.9675481703950001,0.9945945945945946,0.9972972972972973,0.9945945945945946,2026-08-13T16:55:00+00:00,1873.94,6,0.00147817,-0.00162225,UNRESOLVED
2026-08-13T16:50:15.809245+00:00,1786639500,1786639800,ETH/USD,UP,1873.94,0.9675481703950001,0.9945945945945946,0.9972972972972973,0.9945945945945946,2026-08-13T16:55:00+00:00,1873.94,12,0.00271087,-0.00162225,ACCEPTED
2026-08-13T16:50:15.809275+00:00,1786639500,1786639800,ADA/USD,UP,0.181037,0.8358169276505512,0.8694444444444445,0.9138888888888889,0.875,2026-08-13T16:55:00+00:00,0.181037,3,0.00338605,0.00022095,ACCEPTED
2026-08-13T16:50:15.809275+00:00,1786639500,1786639800,ADA/USD,UP,0.181037,0.8358169276505512,0.8694444444444445,0.9138888888888889,0.875,2026-08-13T16:55:00+00:00,0.181037,6,0.00338605,0.00022095,ACCEPTED
2026-08-13T16:50:15.809275+00:00,1786639500,1786639800,ADA/USD,UP,0.181037,0.8358169276505512,0.8694444444444445,0.9138888888888889,0.875,2026-08-13T16:55:00+00:00,0.181037,12,0.00438032,0.00022095,ACCEPTED
2026-08-13T16:50:31.173355+00:00,1786639500,1786639800,AVAX/USD,UP,6.396,0.7739699165866386,0.7927170868347339,0.7955182072829131,0.8375350140056023,2026-08-13T16:55:00+00:00,6.396,3,0.00203252,-0.00281426,FAILED
2026-08-13T16:50:31.173355+00:00,1786639500,1786639800,AVAX/USD,UP,6.396,0.7739699165866386,0.7927170868347339,0.7955182072829131,0.8375350140056023,2026-08-13T16:55:00+00:00,6.396,6,0.00203252,-0.00281426,FAILED
2026-08-13T16:50:31.173355+00:00,1786639500,1786639800,AVAX/USD,UP,6.396,0.7739699165866386,0.7927170868347339,0.7955182072829131,0.8375350140056023,2026-08-13T16:55:00+00:00,6.396,12,0.00218887,-0.00281426,FAILED
2026-08-13T16:50:31.173370+00:00,1786639500,1786639800,DOT/USD,UP,0.7684,0.9502701449690077,0.843558282208589,0.8588957055214724,0.8619631901840491,2026-08-13T16:55:00+00:00,0.7684,3,0.00052056,-0.00195211,UNRESOLVED
2026-08-13T16:50:31.173370+00:00,1786639500,1786639800,DOT/USD,UP,0.7684,0.9502701449690077,0.843558282208589,0.8588957055214724,0.8619631901840491,2026-08-13T16:55:00+00:00,0.7684,6,0.00195211,-0.00195211,UNRESOLVED
2026-08-13T16:50:31.173370+00:00,1786639500,1786639800,DOT/USD,UP,0.7684,0.9502701449690077,0.843558282208589,0.8588957055214724,0.8619631901840491,2026-08-13T16:55:00+00:00,0.7684,12,0.00286309,-0.00195211,ACCEPTED
2026-08-13T16:55:07.186924+00:00,1786639800,1786640100,SOL/USD,UP,75.43,0.9891561931052647,0.8297297297297297,0.8756756756756757,0.9540540540540541,2026-08-13T17:00:00+00:00,75.43,3,0.00304918,-0.00026515,ACCEPTED
2026-08-13T16:55:07.186924+00:00,1786639800,1786640100,SOL/USD,UP,75.43,0.9891561931052647,0.8297297297297297,0.8756756756756757,0.9540540540540541,2026-08-13T17:00:00+00:00,75.43,6,0.00490521,-0.00026515,ACCEPTED
2026-08-13T16:55:07.186924+00:00,1786639800,1786640100,SOL/USD,UP,75.43,0.9891561931052647,0.8297297297297297,0.8756756756756757,0.9540540540540541,2026-08-13T17:00:00+00:00,75.43,12,0.00570065,-0.00026515,ACCEPTED
2026-08-13T16:55:22.538616+00:00,1786639800,1786640100,ADA/USD,UP,0.181293,0.7198473431323046,0.9388888888888889,0.9388888888888889,0.9333333333333333,2026-08-13T17:00:00+00:00,0.181293,3,0.00196919,-0.00091013,UNRESOLVED
2026-08-13T16:55:22.538616+00:00,1786639800,1786640100,ADA/USD,UP,0.181293,0.7198473431323046,0.9388888888888889,0.9388888888888889,0.9333333333333333,2026-08-13T17:00:00+00:00,0.181293,6,0.00289586,-0.0011087,ACCEPTED
2026-08-13T16:55:22.538616+00:00,1786639800,1786640100,ADA/USD,UP,0.181293,0.7198473431323046,0.9388888888888889,0.9388888888888889,0.9333333333333333,2026-08-13T17:00:00+00:00,0.181293,12,0.00296206,-0.0011087,ACCEPTED
2026-08-13T17:00:13.911210+00:00,1786640100,1786640400,LTC/USD,UP,44.74,0.9860948389086956,0.8675675675675676,0.9054054054054054,0.6756756756756757,2026-08-13T17:05:00+00:00,44.74,3,0.00089405,-0.00089405,UNRESOLVED
2026-08-13T17:00:13.911210+00:00,1786640100,1786640400,LTC/USD,UP,44.74,0.9860948389086956,0.8675675675675676,0.9054054054054054,0.6756756756756757,2026-08-13T17:05:00+00:00,44.74,6,0.00111757,-0.00178811,UNRESOLVED
2026-08-13T17:00:13.911210+00:00,1786640100,1786640400,LTC/USD,UP,44.74,0.9860948389086956,0.8675675675675676,0.9054054054054054,0.6756756756756757,2026-08-13T17:05:00+00:00,44.74,12,0.00111757,-0.00178811,UNRESOLVED
2026-08-13T17:00:59.951317+00:00,1786640100,1786640400,ADA/USD,UP,0.181254,0.9915248418827699,0.7944444444444444,0.8555555555555555,0.7861111111111111,2026-08-13T17:05:00+00:00,0.181254,3,0.00218478,-0.00040275,UNRESOLVED
2026-08-13T17:00:59.951317+00:00,1786640100,1786640400,ADA/USD,UP,0.181254,0.9915248418827699,0.7944444444444444,0.8555555555555555,0.7861111111111111,2026-08-13T17:05:00+00:00,0.181254,6,0.00317786,-0.00089377,ACCEPTED
2026-08-13T17:00:59.951317+00:00,1786640100,1786640400,ADA/USD,UP,0.181254,0.9915248418827699,0.7944444444444444,0.8555555555555555,0.7861111111111111,2026-08-13T17:05:00+00:00,0.181254,12,0.00317786,-0.00089377,ACCEPTED
2026-08-13T17:00:59.951348+00:00,1786640100,1786640400,LINK/USD,DOWN,8.7174,0.9478373364596914,0.9355742296918768,0.938375350140056,0.8319327731092437,2026-08-13T17:05:00+00:00,8.7174,3,0.00056209,-0.0035584,FAILED
2026-08-13T17:00:59.951348+00:00,1786640100,1786640400,LINK/USD,DOWN,8.7174,0.9478373364596914,0.9355742296918768,0.938375350140056,0.8319327731092437,2026-08-13T17:05:00+00:00,8.7174,6,0.00056209,-0.00549017,FAILED
2026-08-13T17:00:59.951348+00:00,1786640100,1786640400,LINK/USD,DOWN,8.7174,0.9478373364596914,0.9355742296918768,0.938375350140056,0.8319327731092437,2026-08-13T17:05:00+00:00,8.7174,12,0.00056209,-0.00634708,FAILED
2026-08-13T17:05:20.709096+00:00,1786640400,1786640700,LTC/USD,UP,44.73,0.879387522202322,0.9756756756756757,0.9756756756756757,0.8351351351351352,2026-08-13T17:10:00+00:00,44.73,3,0.00134138,-0.00067069,UNRESOLVED
2026-08-13T17:05:20.709096+00:00,1786640400,1786640700,LTC/USD,UP,44.73,0.879387522202322,0.9756756756756757,0.9756756756756757,0.8351351351351352,2026-08-13T17:10:00+00:00,44.73,6,0.00134138,-0.00156495,UNRESOLVED
2026-08-13T17:05:20.709096+00:00,1786640400,1786640700,LTC/USD,UP,44.73,0.879387522202322,0.9756756756756757,0.9756756756756757,0.8351351351351352,2026-08-13T17:10:00+00:00,44.73,12,0.00134138,-0.00156495,UNRESOLVED
2026-08-13T17:05:51.399312+00:00,1786640400,1786640700,ADA/USD,UP,0.181414,0.9932365951968259,0.9527777777777777,0.9638888888888889,0.9388888888888889,2026-08-13T17:10:00+00:00,0.181414,3,0.00070557,-0.00176943,UNRESOLVED
2026-08-13T17:05:51.399312+00:00,1786640400,1786640700,ADA/USD,UP,0.181414,0.9932365951968259,0.9527777777777777,0.9638888888888889,0.9388888888888889,2026-08-13T17:10:00+00:00,0.181414,6,0.0022931,-0.00177495,UNRESOLVED
2026-08-13T17:05:51.399312+00:00,1786640400,1786640700,ADA/USD,UP,0.181414,0.9932365951968259,0.9527777777777777,0.9638888888888889,0.9388888888888889,2026-08-13T17:10:00+00:00,0.181414,12,0.0022931,-0.00177495,UNRESOLVED
2026-08-13T17:06:06.753071+00:00,1786640400,1786640700,LINK/USD,UP,8.74842,0.9973989512181434,0.9495798319327731,0.9607843137254902,0.9551820728291317,2026-08-13T17:10:00+00:00,8.74842,3,0.00065498,-0.0011282,UNRESOLVED
2026-08-13T17:06:06.753071+00:00,1786640400,1786640700,LINK/USD,UP,8.74842,0.9973989512181434,0.9495798319327731,0.9607843137254902,0.9551820728291317,2026-08-13T17:10:00+00:00,8.74842,6,0.00277879,-0.0011282,ACCEPTED
2026-08-13T17:06:06.753071+00:00,1786640400,1786640700,LINK/USD,UP,8.74842,0.9973989512181434,0.9495798319327731,0.9607843137254902,0.9551820728291317,2026-08-13T17:10:00+00:00,8.74842,12,0.00312971,-0.0011282,ACCEPTED
2026-08-13T17:06:06.753086+00:00,1786640400,1786640700,AVAX/USD,UP,6.405,0.7130701794631024,0.7394957983193278,0.7394957983193278,0.7535014005602241,2026-08-13T17:10:00+00:00,6.405,3,0.00046838,-0.00140515,UNRESOLVED
2026-08-13T17:06:06.753086+00:00,1786640400,1786640700,AVAX/USD,UP,6.405,0.7130701794631024,0.7394957983193278,0.7394957983193278,0.7535014005602241,2026-08-13T17:10:00+00:00,6.405,6,0.00046838,-0.00202966,UNRESOLVED
2026-08-13T17:06:06.753086+00:00,1786640400,1786640700,AVAX/USD,UP,6.405,0.7130701794631024,0.7394957983193278,0.7394957983193278,0.7535014005602241,2026-08-13T17:10:00+00:00,6.405,12,0.00343482,-0.00202966,ACCEPTED
2026-08-13T17:10:42.855843+00:00,1786640700,1786641000,BTC/USD,UP,63069.1,0.6673394132059636,0.8455284552845529,0.8780487804878049,0.8130081300813008,2026-08-13T17:15:00+00:00,63069.1,3,0.00147457,-0.00038054,UNRESOLVED
2026-08-13T17:10:42.855843+00:00,1786640700,1786641000,BTC/USD,UP,63069.1,0.6673394132059636,0.8455284552845529,0.8780487804878049,0.8130081300813008,2026-08-13T17:15:00+00:00,63069.1,6,0.00174412,-0.00047408,UNRESOLVED
2026-08-13T17:10:42.855843+00:00,1786640700,1786641000,BTC/USD,UP,63069.1,0.6673394132059636,0.8455284552845529,0.8780487804878049,0.8130081300813008,2026-08-13T17:15:00+00:00,63069.1,12,0.0026352,-0.00047408,ACCEPTED
2026-08-13T17:10:42.855903+00:00,1786640700,1786641000,DOGE/USD,UP,0.0697854,0.9968272584461881,0.9887640449438202,0.9915730337078652,0.9915730337078652,2026-08-13T17:15:00+00:00,0.0697854,3,0.00075087,-0.00082539,UNRESOLVED
2026-08-13T17:10:42.855903+00:00,1786640700,1786641000,DOGE/USD,UP,0.0697854,0.9968272584461881,0.9887640449438202,0.9915730337078652,0.9915730337078652,2026-08-13T17:15:00+00:00,0.0697854,6,0.00191301,-0.00082539,UNRESOLVED
2026-08-13T17:10:42.855903+00:00,1786640700,1786641000,DOGE/USD,UP,0.0697854,0.9968272584461881,0.9887640449438202,0.9915730337078652,0.9915730337078652,2026-08-13T17:15:00+00:00,0.0697854,12,0.00191301,-0.00082539,UNRESOLVED
2026-08-13T17:10:58.209079+00:00,1786640700,1786641000,AVAX/USD,DOWN,6.406,0.9982114456902909,0.7591036414565826,0.803921568627451,0.5098039215686274,2026-08-13T17:15:00+00:00,6.406,3,0.00218545,0.00062441,UNRESOLVED
2026-08-13T17:10:58.209079+00:00,1786640700,1786641000,AVAX/USD,DOWN,6.406,0.9982114456902909,0.7591036414565826,0.803921568627451,0.5098039215686274,2026-08-13T17:15:00+00:00,6.406,6,0.00218545,-0.00031221,UNRESOLVED
2026-08-13T17:10:58.209079+00:00,1786640700,1786641000,AVAX/USD,DOWN,6.406,0.9982114456902909,0.7591036414565826,0.803921568627451,0.5098039215686274,2026-08-13T17:15:00+00:00,6.406,12,0.00218545,-0.00327818,FAILED
2026-08-13T17:10:58.209126+00:00,1786640700,1786641000,LTC/USD,DOWN,44.7,0.8468812140397283,0.9594594594594594,0.9621621621621622,0.8972972972972973,2026-08-13T17:15:00+00:00,44.7,3,0.00089485,-0.00201342,UNRESOLVED
2026-08-13T17:10:58.209126+00:00,1786640700,1786641000,LTC/USD,DOWN,44.7,0.8468812140397283,0.9594594594594594,0.9621621621621622,0.8972972972972973,2026-08-13T17:15:00+00:00,44.7,6,0.00089485,-0.00201342,UNRESOLVED
2026-08-13T17:10:58.209126+00:00,1786640700,1786641000,LTC/USD,DOWN,44.7,0.8468812140397283,0.9594594594594594,0.9621621621621622,0.8972972972972973,2026-08-13T17:15:00+00:00,44.7,12,0.00089485,-0.00201342,UNRESOLVED
2026-08-13T17:15:34.297284+00:00,1786641000,1786641300,ETH/USD,UP,1874.31,0.9875693850592545,0.9351351351351351,0.9513513513513514,0.9027027027027027,2026-08-13T17:20:00+00:00,1874.31,3,0.001814,-0.00077362,UNRESOLVED
2026-08-13T17:15:34.297284+00:00,1786641000,1786641300,ETH/USD,UP,1874.31,0.9875693850592545,0.9351351351351351,0.9513513513513514,0.9027027027027027,2026-08-13T17:20:00+00:00,1874.31,6,0.00203808,-0.00077362,UNRESOLVED
2026-08-13T17:15:34.297284+00:00,1786641000,1786641300,ETH/USD,UP,1874.31,0.9875693850592545,0.9351351351351351,0.9513513513513514,0.9027027027027027,2026-08-13T17:20:00+00:00,1874.31,12,0.00307847,-0.00077362,ACCEPTED
2026-08-13T17:15:34.297329+00:00,1786641000,1786641300,DOGE/USD,UP,0.0697788,0.9991018533667125,0.9915730337078652,0.9943820224719101,0.9269662921348315,2026-08-13T17:20:00+00:00,0.0697788,3,0.00130555,-0.00073088,UNRESOLVED
2026-08-13T17:15:34.297329+00:00,1786641000,1786641300,DOGE/USD,UP,0.0697788,0.9991018533667125,0.9915730337078652,0.9943820224719101,0.9269662921348315,2026-08-13T17:20:00+00:00,0.0697788,6,0.00200777,-0.00073088,UNRESOLVED
2026-08-13T17:15:34.297329+00:00,1786641000,1786641300,DOGE/USD,UP,0.0697788,0.9991018533667125,0.9915730337078652,0.9943820224719101,0.9269662921348315,2026-08-13T17:20:00+00:00,0.0697788,12,0.00200777,-0.00073088,UNRESOLVED
2026-08-13T17:15:49.654867+00:00,1786641000,1786641300,LTC/USD,UP,44.75,0.6802356356081853,0.7756756756756756,0.7972972972972973,0.8,2026-08-13T17:20:00+00:00,44.75,3,0.00089385,-0.00201117,UNRESOLVED
2026-08-13T17:15:49.654867+00:00,1786641000,1786641300,LTC/USD,UP,44.75,0.6802356356081853,0.7756756756756756,0.7972972972972973,0.8,2026-08-13T17:20:00+00:00,44.75,6,0.00089385,-0.00201117,UNRESOLVED
2026-08-13T17:15:49.654867+00:00,1786641000,1786641300,LTC/USD,UP,44.75,0.6802356356081853,0.7756756756756756,0.7972972972972973,0.8,2026-08-13T17:20:00+00:00,44.75,12,0.00089385,-0.00201117,UNRESOLVED
2026-08-13T17:20:25.712786+00:00,1786641300,1786641600,BTC/USD,UP,63051.5,0.6564579664950373,0.7479674796747967,0.8021680216802168,0.8482384823848238,2026-08-13T17:25:00+00:00,63051.5,3,0.00202374,-0.0001015,UNRESOLVED
2026-08-13T17:20:25.712786+00:00,1786641300,1786641600,BTC/USD,UP,63051.5,0.6564579664950373,0.7479674796747967,0.8021680216802168,0.8482384823848238,2026-08-13T17:25:00+00:00,63051.5,6,0.00286274,-0.00019508,ACCEPTED
2026-08-13T17:20:25.712786+00:00,1786641300,1786641600,BTC/USD,UP,63051.5,0.6564579664950373,0.7479674796747967,0.8021680216802168,0.8482384823848238,2026-08-13T17:25:00+00:00,63051.5,12,0.00291508,-0.00019508,ACCEPTED
2026-08-13T17:20:25.712801+00:00,1786641300,1786641600,ETH/USD,UP,1873.2,0.8963466699142466,0.9648648648648649,0.9675675675675676,0.9621621621621622,2026-08-13T17:25:00+00:00,1873.2,3,0.00263186,-0.00018151,ACCEPTED
2026-08-13T17:20:25.712801+00:00,1786641300,1786641600,ETH/USD,UP,1873.2,0.8963466699142466,0.9648648648648649,0.9675675675675676,0.9621621621621622,2026-08-13T17:25:00+00:00,1873.2,6,0.00310698,-0.00018151,ACCEPTED
2026-08-13T17:20:25.712801+00:00,1786641300,1786641600,ETH/USD,UP,1873.2,0.8963466699142466,0.9648648648648649,0.9675675675675676,0.9621621621621622,2026-08-13T17:25:00+00:00,1873.2,12,0.00367286,-0.00018151,ACCEPTED
2026-08-13T17:20:25.712817+00:00,1786641300,1786641600,XRP/USD,UP,1.00455,0.9628569991222676,0.8810810810810811,0.9216216216216216,0.8405405405405405,2026-08-13T17:25:00+00:00,1.00455,3,0.00265791,-9.95e-06,ACCEPTED
2026-08-13T17:20:25.712817+00:00,1786641300,1786641600,XRP/USD,UP,1.00455,0.9628569991222676,0.8810810810810811,0.9216216216216216,0.8405405405405405,2026-08-13T17:25:00+00:00,1.00455,6,0.00293664,-9.95e-06,ACCEPTED
2026-08-13T17:20:25.712817+00:00,1786641300,1786641600,XRP/USD,UP,1.00455,0.9628569991222676,0.8810810810810811,0.9216216216216216,0.8405405405405405,2026-08-13T17:25:00+00:00,1.00455,12,0.00293664,-9.95e-06,ACCEPTED
2026-08-13T17:20:41.071791+00:00,1786641300,1786641600,DOGE/USD,UP,0.0697278,0.9930607626972368,0.9831460674157303,0.9859550561797753,0.9129213483146067,2026-08-13T17:25:00+00:00,0.0697278,3,0.00274066,0.00079165,ACCEPTED
2026-08-13T17:20:41.071791+00:00,1786641300,1786641600,DOGE/USD,UP,0.0697278,0.9930607626972368,0.9831460674157303,0.9859550561797753,0.9129213483146067,2026-08-13T17:25:00+00:00,0.0697278,6,0.00274066,0.00079165,ACCEPTED
2026-08-13T17:20:41.071791+00:00,1786641300,1786641600,DOGE/USD,UP,0.0697278,0.9930607626972368,0.9831460674157303,0.9859550561797753,0.9129213483146067,2026-08-13T17:25:00+00:00,0.0697278,12,0.00329854,0.00079165,ACCEPTED
2026-08-13T17:25:17.171891+00:00,1786641600,1786641900,BTC/USD,UP,63160.2,0.9849911681629651,0.9512195121951219,0.962059620596206,0.9051490514905149,2026-08-13T17:30:00+00:00,63160.2,3,0.00029924,-0.00191576,UNRESOLVED
2026-08-13T17:25:17.171891+00:00,1786641600,1786641900,BTC/USD,UP,63160.2,0.9849911681629651,0.9512195121951219,0.962059620596206,0.9051490514905149,2026-08-13T17:30:00+00:00,63160.2,6,0.00113679,-0.00191576,UNRESOLVED
2026-08-13T17:25:17.171891+00:00,1786641600,1786641900,BTC/USD,UP,63160.2,0.9849911681629651,0.9512195121951219,0.962059620596206,0.9051490514905149,2026-08-13T17:30:00+00:00,63160.2,12,0.00118904,-0.00191576,UNRESOLVED
2026-08-13T17:25:32.533452+00:00,1786641600,1786641900,ETH/USD,UP,1876.53,0.9262607347048522,0.9621621621621622,0.9648648648648649,0.9675675675675676,2026-08-13T17:30:00+00:00,1876.53,3,0.00085264,-0.00125231,UNRESOLVED
2026-08-13T17:25:32.533452+00:00,1786641600,1786641900,ETH/USD,UP,1876.53,0.9262607347048522,0.9621621621621622,0.9648648648648649,0.9675675675675676,2026-08-13T17:30:00+00:00,1876.53,6,0.00132692,-0.00125231,UNRESOLVED
2026-08-13T17:25:32.533452+00:00,1786641600,1786641900,ETH/USD,UP,1876.53,0.9262607347048522,0.9621621621621622,0.9648648648648649,0.9675675675675676,2026-08-13T17:30:00+00:00,1876.53,12,0.00189179,-0.00125231,UNRESOLVED
2026-08-13T17:25:32.533468+00:00,1786641600,1786641900,XRP/USD,UP,1.00543,0.9162907134647402,0.9027027027027027,0.9351351351351351,0.8810810810810811,2026-08-13T17:30:00+00:00,1.00543,3,0.00178033,-0.00032822,UNRESOLVED
2026-08-13T17:25:32.533468+00:00,1786641600,1786641900,XRP/USD,UP,1.00543,0.9162907134647402,0.9027027027027027,0.9351351351351351,0.8810810810810811,2026-08-13T17:30:00+00:00,1.00543,6,0.00205882,-0.00032822,UNRESOLVED
2026-08-13T17:25:32.533468+00:00,1786641600,1786641900,XRP/USD,UP,1.00543,0.9162907134647402,0.9027027027027027,0.9351351351351351,0.8810810810810811,2026-08-13T17:30:00+00:00,1.00543,12,0.00205882,-0.00032822,UNRESOLVED
2026-08-13T17:25:47.894945+00:00,1786641600,1786641900,LTC/USD,DOWN,44.7,0.5218163494696054,0.918918918918919,0.8756756756756757,0.9513513513513514,2026-08-13T17:30:00+00:00,44.7,3,0.00089485,-0.00067114,UNRESOLVED
2026-08-13T17:25:47.894945+00:00,1786641600,1786641900,LTC/USD,DOWN,44.7,0.5218163494696054,0.918918918918919,0.8756756756756757,0.9513513513513514,2026-08-13T17:30:00+00:00,44.7,6,0.00089485,-0.00111857,UNRESOLVED
2026-08-13T17:25:47.894945+00:00,1786641600,1786641900,LTC/USD,DOWN,44.7,0.5218163494696054,0.918918918918919,0.8756756756756757,0.9513513513513514,2026-08-13T17:30:00+00:00,44.7,12,0.00089485,-0.00111857,UNRESOLVED
2026-08-13T17:30:08.681733+00:00,1786641900,1786642200,ETH/USD,UP,1875.52,0.935653357479283,0.9459459459459459,0.9567567567567568,0.8918918918918919,2026-08-13T17:35:00+00:00,1875.52,3,0.00139161,-0.00071447,UNRESOLVED
2026-08-13T17:30:08.681733+00:00,1786641900,1786642200,ETH/USD,UP,1875.52,0.935653357479283,0.9459459459459459,0.9567567567567568,0.8918918918918919,2026-08-13T17:35:00+00:00,1875.52,6,0.00186615,-0.00071447,UNRESOLVED
2026-08-13T17:30:08.681733+00:00,1786641900,1786642200,ETH/USD,UP,1875.52,0.935653357479283,0.9459459459459459,0.9567567567567568,0.8918918918918919,2026-08-13T17:35:00+00:00,1875.52,12,0.00243133,-0.00071447,UNRESOLVED
2026-08-13T17:35:15.518833+00:00,1786642200,1786642500,DOGE/USD,DOWN,0.0698785,0.9579532094057142,0.8398876404494382,0.8651685393258427,0.9129213483146067,2026-08-13T17:40:00+00:00,0.0698785,3,0.00068261,-0.00044792,UNRESOLVED
2026-08-13T17:35:15.518833+00:00,1786642200,1786642500,DOGE/USD,DOWN,0.0698785,0.9579532094057142,0.8398876404494382,0.8651685393258427,0.9129213483146067,2026-08-13T17:40:00+00:00,0.0698785,6,0.00115772,-0.00044792,UNRESOLVED
2026-08-13T17:35:15.518833+00:00,1786642200,1786642500,DOGE/USD,DOWN,0.0698785,0.9579532094057142,0.8398876404494382,0.8651685393258427,0.9129213483146067,2026-08-13T17:40:00+00:00,0.0698785,12,0.00183891,-0.00113483,UNRESOLVED
2026-08-13T17:35:15.518849+00:00,1786642200,1786642500,LINK/USD,DOWN,8.7591,0.9610916387334278,0.9523809523809523,0.957983193277311,0.9607843137254902,2026-08-13T17:40:00+00:00,8.7591,3,0.00082999,-0.00114738,UNRESOLVED
2026-08-13T17:35:15.518849+00:00,1786642200,1786642500,LINK/USD,DOWN,8.7591,0.9610916387334278,0.9523809523809523,0.957983193277311,0.9607843137254902,2026-08-13T17:40:00+00:00,8.7591,6,0.00082999,-0.00190659,UNRESOLVED
2026-08-13T17:35:15.518849+00:00,1786642200,1786642500,LINK/USD,DOWN,8.7591,0.9610916387334278,0.9523809523809523,0.957983193277311,0.9607843137254902,2026-08-13T17:40:00+00:00,8.7591,12,0.00082999,-0.00230275,UNRESOLVED
2026-08-13T17:40:53.139077+00:00,1786642500,1786642800,ETH/USD,DOWN,1875.94,0.9393658311220345,0.9,0.9216216216216216,0.8783783783783784,2026-08-13T17:45:00+00:00,1875.94,3,0.00028253,-0.00164184,UNRESOLVED
2026-08-13T17:40:53.139077+00:00,1786642500,1786642800,ETH/USD,DOWN,1875.94,0.9393658311220345,0.9,0.9216216216216216,0.8783783783783784,2026-08-13T17:45:00+00:00,1875.94,6,0.00062369,-0.00220689,UNRESOLVED
2026-08-13T17:40:53.139077+00:00,1786642500,1786642800,ETH/USD,DOWN,1875.94,0.9393658311220345,0.9,0.9216216216216216,0.8783783783783784,2026-08-13T17:45:00+00:00,1875.94,12,0.00067699,-0.00220689,UNRESOLVED
2026-08-13T17:40:53.139092+00:00,1786642500,1786642800,XRP/USD,UP,1.00628,0.8920682601209378,0.8513513513513513,0.8972972972972973,0.6945945945945946,2026-08-13T17:45:00+00:00,1.00628,3,0.00121239,-0.00057638,UNRESOLVED
2026-08-13T17:40:53.139092+00:00,1786642500,1786642800,XRP/USD,UP,1.00628,0.8920682601209378,0.8513513513513513,0.8972972972972973,0.6945945945945946,2026-08-13T17:45:00+00:00,1.00628,6,0.00121239,-0.00077513,UNRESOLVED
2026-08-13T17:40:53.139092+00:00,1786642500,1786642800,XRP/USD,UP,1.00628,0.8920682601209378,0.8513513513513513,0.8972972972972973,0.6945945945945946,2026-08-13T17:45:00+00:00,1.00628,12,0.00121239,-0.00258377,FAILED
2026-08-13T17:45:44.626210+00:00,1786642800,1786643100,BTC/USD,UP,63178.5,0.6746973952260916,0.8536585365853658,0.8943089430894309,0.7886178861788617,2026-08-13T17:50:00+00:00,63178.5,3,0.00084681,-0.00140079,UNRESOLVED
2026-08-13T17:45:44.626210+00:00,1786642800,1786643100,BTC/USD,UP,63178.5,0.6746973952260916,0.8536585365853658,0.8943089430894309,0.7886178861788617,2026-08-13T17:50:00+00:00,63178.5,6,0.00089904,-0.00159073,UNRESOLVED
2026-08-13T17:45:44.626210+00:00,1786642800,1786643100,BTC/USD,UP,63178.5,0.6746973952260916,0.8536585365853658,0.8943089430894309,0.7886178861788617,2026-08-13T17:50:00+00:00,63178.5,12,0.00089904,-0.00203392,UNRESOLVED
2026-08-13T17:45:44.626226+00:00,1786642800,1786643100,ETH/USD,UP,1877.65,0.8833113565806971,0.8297297297297297,0.8729729729729729,0.7594594594594595,2026-08-13T17:50:00+00:00,1877.65,3,0.00072964,-0.00141666,UNRESOLVED
2026-08-13T17:45:44.626226+00:00,1786642800,1786643100,ETH/USD,UP,1877.65,0.8833113565806971,0.8297297297297297,0.8729729729729729,0.7594594594594595,2026-08-13T17:50:00+00:00,1877.65,6,0.00129417,-0.00153383,UNRESOLVED
2026-08-13T17:45:44.626226+00:00,1786642800,1786643100,ETH/USD,UP,1877.65,0.8833113565806971,0.8297297297297297,0.8729729729729729,0.7594594594594595,2026-08-13T17:50:00+00:00,1877.65,12,0.00129417,-0.00158709,UNRESOLVED
2026-08-13T17:45:59.986510+00:00,1786642800,1786643100,LINK/USD,DOWN,8.75701,0.9651098454845515,0.896358543417367,0.9103641456582633,0.8851540616246498,2026-08-13T17:50:00+00:00,8.75701,3,0.00039968,-0.00169693,UNRESOLVED
2026-08-13T17:45:59.986510+00:00,1786642800,1786643100,LINK/USD,DOWN,8.75701,0.9651098454845515,0.896358543417367,0.9103641456582633,0.8851540616246498,2026-08-13T17:50:00+00:00,8.75701,6,0.00039968,-0.00214571,UNRESOLVED
2026-08-13T17:45:59.986510+00:00,1786642800,1786643100,LINK/USD,DOWN,8.75701,0.9651098454845515,0.896358543417367,0.9103641456582633,0.8851540616246498,2026-08-13T17:50:00+00:00,8.75701,12,0.00039968,-0.00294279,FAILED
2026-08-13T17:45:59.986541+00:00,1786642800,1786643100,DOT/USD,UP,0.768,0.9301085542498272,0.8895705521472392,0.8926380368098159,0.7085889570552147,2026-08-13T17:50:00+00:00,0.768,3,0.00104167,0.00026042,UNRESOLVED
2026-08-13T17:45:59.986541+00:00,1786642800,1786643100,DOT/USD,UP,0.768,0.9301085542498272,0.8895705521472392,0.8926380368098159,0.7085889570552147,2026-08-13T17:50:00+00:00,0.768,6,0.00221354,0.00026042,UNRESOLVED
2026-08-13T17:45:59.986541+00:00,1786642800,1786643100,DOT/USD,UP,0.768,0.9301085542498272,0.8895705521472392,0.8926380368098159,0.7085889570552147,2026-08-13T17:50:00+00:00,0.768,12,0.00299479,-0.00052083,ACCEPTED
2026-08-13T17:50:36.156375+00:00,1786643100,1786643400,BTC/USD,UP,63187.4,0.8203012907118101,0.9539295392953929,0.9512195121951219,0.9376693766937669,2026-08-13T17:55:00+00:00,63187.4,3,0.00075806,-0.00173136,UNRESOLVED
2026-08-13T17:50:36.156375+00:00,1786643100,1786643400,BTC/USD,UP,63187.4,0.8203012907118101,0.9539295392953929,0.9512195121951219,0.9376693766937669,2026-08-13T17:55:00+00:00,63187.4,6,0.00075806,-0.00173136,UNRESOLVED
2026-08-13T17:50:36.156375+00:00,1786643100,1786643400,BTC/USD,UP,63187.4,0.8203012907118101,0.9539295392953929,0.9512195121951219,0.9376693766937669,2026-08-13T17:55:00+00:00,63187.4,12,0.00075806,-0.00217448,UNRESOLVED
2026-08-13T17:50:51.513583+00:00,1786643100,1786643400,AAVE/USD,UP,87.48,1.0,0.7061068702290076,0.7519083969465649,0.7862595419847328,2026-08-13T17:55:00+00:00,87.48,3,0.0,-0.00160037,UNRESOLVED
2026-08-13T17:50:51.513583+00:00,1786643100,1786643400,AAVE/USD,UP,87.48,1.0,0.7061068702290076,0.7519083969465649,0.7862595419847328,2026-08-13T17:55:00+00:00,87.48,6,0.0,-0.00160037,UNRESOLVED
2026-08-13T17:50:51.513583+00:00,1786643100,1786643400,AAVE/USD,UP,87.48,1.0,0.7061068702290076,0.7519083969465649,0.7862595419847328,2026-08-13T17:55:00+00:00,87.48,12,0.00034294,-0.00342936,FAILED
2026-08-13T17:55:27.701617+00:00,1786643400,1786643700,BTC/USD,DOWN,63134.7,0.5104821626155652,0.7913279132791328,0.7940379403794038,0.7452574525745257,2026-08-13T18:00:00+00:00,63134.7,3,0.00089808,-0.00159342,UNRESOLVED
2026-08-13T17:55:27.701617+00:00,1786643400,1786643700,BTC/USD,DOWN,63134.7,0.5104821626155652,0.7913279132791328,0.7940379403794038,0.7452574525745257,2026-08-13T18:00:00+00:00,63134.7,6,0.00089808,-0.00159342,UNRESOLVED
2026-08-13T17:55:27.701617+00:00,1786643400,1786643700,BTC/USD,DOWN,63134.7,0.5104821626155652,0.7913279132791328,0.7940379403794038,0.7452574525745257,2026-08-13T18:00:00+00:00,63134.7,12,0.00134158,-0.00238696,UNRESOLVED
2026-08-13T17:55:27.701632+00:00,1786643400,1786643700,ETH/USD,DOWN,1875.8,0.841437389171181,0.9702702702702702,0.9702702702702702,0.9405405405405406,2026-08-13T18:00:00+00:00,1875.8,3,0.0005491,-0.00228169,UNRESOLVED
2026-08-13T17:55:27.701632+00:00,1786643400,1786643700,ETH/USD,DOWN,1875.8,0.841437389171181,0.9702702702702702,0.9702702702702702,0.9405405405405406,2026-08-13T18:00:00+00:00,1875.8,6,0.0005491,-0.00228169,UNRESOLVED
2026-08-13T17:55:27.701632+00:00,1786643400,1786643700,ETH/USD,DOWN,1875.8,0.841437389171181,0.9702702702702702,0.9702702702702702,0.9405405405405406,2026-08-13T18:00:00+00:00,1875.8,12,0.00060241,-0.00490991,FAILED
2026-08-13T18:00:19.246483+00:00,1786643700,1786644000,SOL/USD,DOWN,75.7,0.8101310724931918,0.7756756756756756,0.8162162162162162,0.527027027027027,2026-08-13T18:05:00+00:00,75.7,3,0.0,-0.00198151,UNRESOLVED
2026-08-13T18:00:19.246483+00:00,1786643700,1786644000,SOL/USD,DOWN,75.7,0.8101310724931918,0.7756756756756756,0.8162162162162162,0.527027027027027,2026-08-13T18:05:00+00:00,75.7,6,0.0002642,-0.00250991,FAILED
2026-08-13T18:00:19.246483+00:00,1786643700,1786644000,SOL/USD,DOWN,75.7,0.8101310724931918,0.7756756756756756,0.8162162162162162,0.527027027027027,2026-08-13T18:05:00+00:00,75.7,12,0.0011889,-0.00435931,FAILED
2026-08-13T18:00:34.605605+00:00,1786643700,1786644000,LINK/USD,UP,8.7584,0.9348254113746552,0.7563025210084033,0.803921568627451,0.8599439775910365,2026-08-13T18:05:00+00:00,8.7584,3,0.00198666,-0.00018497,UNRESOLVED
2026-08-13T18:00:34.605605+00:00,1786643700,1786644000,LINK/USD,UP,8.7584,0.9348254113746552,0.7563025210084033,0.803921568627451,0.8599439775910365,2026-08-13T18:05:00+00:00,8.7584,6,0.00238286,-0.00018497,UNRESOLVED
2026-08-13T18:00:34.605605+00:00,1786643700,1786644000,LINK/USD,UP,8.7584,0.9348254113746552,0.7563025210084033,0.803921568627451,0.8599439775910365,2026-08-13T18:05:00+00:00,8.7584,12,0.00589149,-0.00018497,ACCEPTED
2026-08-13T18:00:34.605651+00:00,1786643700,1786644000,AAVE/USD,DOWN,87.35,0.789506120365886,0.7862595419847328,0.7862595419847328,0.8129770992366412,2026-08-13T18:05:00+00:00,87.35,3,0.0,0.0,UNRESOLVED
2026-08-13T18:00:34.605651+00:00,1786643700,1786644000,AAVE/USD,DOWN,87.35,0.789506120365886,0.7862595419847328,0.7862595419847328,0.8129770992366412,2026-08-13T18:05:00+00:00,87.35,6,0.00034345,-0.00057241,UNRESOLVED
2026-08-13T18:00:34.605651+00:00,1786643700,1786644000,AAVE/USD,DOWN,87.35,0.789506120365886,0.7862595419847328,0.7862595419847328,0.8129770992366412,2026-08-13T18:05:00+00:00,87.35,12,0.00194619,-0.00435031,FAILED
2026-08-13T18:05:10.788327+00:00,1786644000,1786644300,ETH/USD,UP,1878.8,0.6346308211063094,0.7810810810810811,0.8027027027027027,0.918918918918919,2026-08-13T18:10:00+00:00,1878.8,3,0.00015435,-0.00083564,UNRESOLVED
2026-08-13T18:05:10.788327+00:00,1786644000,1786644300,ETH/USD,UP,1878.8,0.6346308211063094,0.7810810810810811,0.8027027027027027,0.918918918918919,2026-08-13T18:10:00+00:00,1878.8,6,0.00015435,-0.00219821,UNRESOLVED
2026-08-13T18:05:10.788327+00:00,1786644000,1786644300,ETH/USD,UP,1878.8,0.6346308211063094,0.7810810810810811,0.8027027027027027,0.918918918918919,2026-08-13T18:10:00+00:00,1878.8,12,0.00331062,-0.00219821,ACCEPTED
2026-08-13T18:05:26.159487+00:00,1786644000,1786644300,ADA/USD,DOWN,0.181722,0.9776605996666295,0.7055555555555556,0.7666666666666667,0.5583333333333333,2026-08-13T18:10:00+00:00,0.181722,3,0.00120514,-0.00091348,UNRESOLVED
2026-08-13T18:05:26.159487+00:00,1786644000,1786644300,ADA/USD,DOWN,0.181722,0.9776605996666295,0.7055555555555556,0.7666666666666667,0.5583333333333333,2026-08-13T18:10:00+00:00,0.181722,6,0.00495812,-0.00091348,ACCEPTED
2026-08-13T18:05:26.159487+00:00,1786644000,1786644300,ADA/USD,DOWN,0.181722,0.9776605996666295,0.7055555555555556,0.7666666666666667,0.5583333333333333,2026-08-13T18:10:00+00:00,0.181722,12,0.00495812,-0.00091348,ACCEPTED
2026-08-13T18:10:17.732341+00:00,1786644300,1786644600,LTC/USD,UP,44.69,0.8026165106557176,0.7918918918918919,0.827027027027027,0.8351351351351352,2026-08-13T18:15:00+00:00,44.69,3,0.00067129,-0.00022376,UNRESOLVED
2026-08-13T18:10:17.732341+00:00,1786644300,1786644600,LTC/USD,UP,44.69,0.8026165106557176,0.7918918918918919,0.827027027027027,0.8351351351351352,2026-08-13T18:15:00+00:00,44.69,6,0.00067129,-0.00179011,UNRESOLVED
2026-08-13T18:10:17.732341+00:00,1786644300,1786644600,LTC/USD,UP,44.69,0.8026165106557176,0.7918918918918919,0.827027027027027,0.8351351351351352,2026-08-13T18:15:00+00:00,44.69,12,0.00067129,-0.00201387,UNRESOLVED
2026-08-13T18:15:40.014808+00:00,1786644600,1786644900,ADA/USD,DOWN,0.181503,0.9941275571665071,0.7444444444444445,0.7916666666666666,0.7694444444444445,2026-08-13T18:20:00+00:00,0.181503,3,0.0032892,-0.00128373,ACCEPTED
2026-08-13T18:15:40.014808+00:00,1786644600,1786644900,ADA/USD,DOWN,0.181503,0.9941275571665071,0.7444444444444445,0.7916666666666666,0.7694444444444445,2026-08-13T18:20:00+00:00,0.181503,6,0.00375751,-0.00128373,ACCEPTED
2026-08-13T18:15:40.014808+00:00,1786644600,1786644900,ADA/USD,DOWN,0.181503,0.9941275571665071,0.7444444444444445,0.7916666666666666,0.7694444444444445,2026-08-13T18:20:00+00:00,0.181503,12,0.00375751,-0.00368589,ACCEPTED
2026-08-13T18:20:46.965282+00:00,1786644900,1786645200,LINK/USD,UP,8.77426,0.9550647667036722,0.907563025210084,0.9243697478991597,0.8571428571428571,2026-08-13T18:25:00+00:00,8.77426,3,0.00028151,-0.00096418,UNRESOLVED
2026-08-13T18:20:46.965282+00:00,1786644900,1786645200,LINK/USD,UP,8.77426,0.9550647667036722,0.907563025210084,0.9243697478991597,0.8571428571428571,2026-08-13T18:25:00+00:00,8.77426,6,0.00162977,-0.00096418,UNRESOLVED
2026-08-13T18:20:46.965282+00:00,1786644900,1786645200,LINK/USD,UP,8.77426,0.9550647667036722,0.907563025210084,0.9243697478991597,0.8571428571428571,2026-08-13T18:25:00+00:00,8.77426,12,0.00547169,-0.00096418,ACCEPTED
2026-08-13T18:25:23.256297+00:00,1786645200,1786645500,DOGE/USD,DOWN,0.0697695,0.897568684070645,0.702247191011236,0.7471910112359551,0.23314606741573032,2026-08-13T18:30:00+00:00,0.0697695,3,0.00046439,-0.00043859,UNRESOLVED
2026-08-13T18:25:23.256297+00:00,1786645200,1786645500,DOGE/USD,DOWN,0.0697695,0.897568684070645,0.702247191011236,0.7471910112359551,0.23314606741573032,2026-08-13T18:30:00+00:00,0.0697695,6,0.00051312,-0.00329084,FAILED
2026-08-13T18:25:23.256297+00:00,1786645200,1786645500,DOGE/USD,DOWN,0.0697695,0.897568684070645,0.702247191011236,0.7471910112359551,0.23314606741573032,2026-08-13T18:30:00+00:00,0.0697695,12,0.00051312,-0.0055368,FAILED
2026-08-13T18:26:09.331278+00:00,1786645200,1786645500,BTC/USD,UP,63110.1,0.6661796335525757,0.8184281842818428,0.8455284552845529,0.7018970189701897,2026-08-13T18:30:00+00:00,63110.1,3,0.00039772,-0.0009523,UNRESOLVED
2026-08-13T18:26:09.331278+00:00,1786645200,1786645500,BTC/USD,UP,63110.1,0.6661796335525757,0.8184281842818428,0.8455284552845529,0.7018970189701897,2026-08-13T18:30:00+00:00,63110.1,6,0.00277769,-0.0009523,ACCEPTED
2026-08-13T18:26:09.331278+00:00,1786645200,1786645500,BTC/USD,UP,63110.1,0.6661796335525757,0.8184281842818428,0.8455284552845529,0.7018970189701897,2026-08-13T18:30:00+00:00,63110.1,12,0.00518301,-0.0009523,ACCEPTED
2026-08-13T18:30:30.277498+00:00,1786645500,1786645800,DOT/USD,DOWN,0.7679,1.0,0.7300613496932515,0.7730061349693251,0.27300613496932513,2026-08-13T18:35:00+00:00,0.7679,3,0.00039068,-0.00299518,FAILED
2026-08-13T18:30:30.277498+00:00,1786645500,1786645800,DOT/USD,DOWN,0.7679,1.0,0.7300613496932515,0.7730061349693251,0.27300613496932513,2026-08-13T18:35:00+00:00,0.7679,6,0.00039068,-0.00586014,FAILED
2026-08-13T18:30:30.277498+00:00,1786645500,1786645800,DOT/USD,DOWN,0.7679,1.0,0.7300613496932515,0.7730061349693251,0.27300613496932513,2026-08-13T18:35:00+00:00,0.7679,12,0.00039068,-0.00755307,FAILED
2026-08-13T18:30:30.277528+00:00,1786645500,1786645800,LTC/USD,DOWN,44.62,0.7827841522828332,0.8918918918918919,0.8918918918918919,0.7405405405405405,2026-08-13T18:35:00+00:00,44.62,3,0.00044823,-0.00089646,UNRESOLVED
2026-08-13T18:30:30.277528+00:00,1786645500,1786645800,LTC/USD,DOWN,44.62,0.7827841522828332,0.8918918918918919,0.8918918918918919,0.7405405405405405,2026-08-13T18:35:00+00:00,44.62,6,0.00044823,-0.00224115,UNRESOLVED
2026-08-13T18:30:30.277528+00:00,1786645500,1786645800,LTC/USD,DOWN,44.62,0.7827841522828332,0.8918918918918919,0.8918918918918919,0.7405405405405405,2026-08-13T18:35:00+00:00,44.62,12,0.00044823,-0.00224115,UNRESOLVED
2026-08-13T18:31:01.014064+00:00,1786645500,1786645800,SOL/USD,DOWN,75.68,0.8169420699599912,0.8054054054054054,0.827027027027027,0.754054054054054,2026-08-13T18:35:00+00:00,75.68,3,0.00092495,-0.00132135,UNRESOLVED
2026-08-13T18:31:01.014064+00:00,1786645500,1786645800,SOL/USD,DOWN,75.68,0.8169420699599912,0.8054054054054054,0.827027027027027,0.754054054054054,2026-08-13T18:35:00+00:00,75.68,6,0.00092495,-0.00462474,FAILED
2026-08-13T18:31:01.014064+00:00,1786645500,1786645800,SOL/USD,DOWN,75.68,0.8169420699599912,0.8054054054054054,0.827027027027027,0.754054054054054,2026-08-13T18:35:00+00:00,75.68,12,0.00092495,-0.00687104,FAILED
2026-08-13T18:35:06.652727+00:00,1786645800,1786646100,ADA/USD,UP,0.180859,0.9744143270160297,0.975,0.9861111111111112,0.975,2026-08-13T18:40:00+00:00,0.180859,3,0.00461686,-0.00021011,ACCEPTED
2026-08-13T18:35:06.652727+00:00,1786645800,1786646100,ADA/USD,UP,0.180859,0.9744143270160297,0.975,0.9861111111111112,0.975,2026-08-13T18:40:00+00:00,0.180859,6,0.00469979,-0.00021011,ACCEPTED
2026-08-13T18:35:06.652727+00:00,1786645800,1786646100,ADA/USD,UP,0.180859,0.9744143270160297,0.975,0.9861111111111112,0.975,2026-08-13T18:40:00+00:00,0.180859,12,0.0072598,-0.00021011,ACCEPTED
2026-08-13T18:40:29.017067+00:00,1786646100,1786646400,LTC/USD,DOWN,44.61,0.6871739772709266,0.9108108108108108,0.8891891891891892,0.8594594594594595,2026-08-13T18:45:00+00:00,44.61,3,0.00022416,-0.00246581,UNRESOLVED
2026-08-13T18:40:29.017067+00:00,1786646100,1786646400,LTC/USD,DOWN,44.61,0.6871739772709266,0.9108108108108108,0.8891891891891892,0.8594594594594595,2026-08-13T18:45:00+00:00,44.61,6,0.00022416,-0.00246581,UNRESOLVED
2026-08-13T18:40:29.017067+00:00,1786646100,1786646400,LTC/USD,DOWN,44.61,0.6871739772709266,0.9108108108108108,0.8891891891891892,0.8594594594594595,2026-08-13T18:45:00+00:00,44.61,12,0.00022416,-0.00268998,FAILED
2026-08-13T18:40:59.741677+00:00,1786646100,1786646400,SOL/USD,UP,75.66,0.8664874202872501,0.9216216216216216,0.927027027027027,0.754054054054054,2026-08-13T18:45:00+00:00,75.66,3,0.0048903,-0.00026434,ACCEPTED
2026-08-13T18:40:59.741677+00:00,1786646100,1786646400,SOL/USD,UP,75.66,0.8664874202872501,0.9216216216216216,0.927027027027027,0.754054054054054,2026-08-13T18:45:00+00:00,75.66,6,0.00713719,-0.00026434,ACCEPTED
2026-08-13T18:40:59.741677+00:00,1786646100,1786646400,SOL/USD,UP,75.66,0.8664874202872501,0.9216216216216216,0.927027027027027,0.754054054054054,2026-08-13T18:45:00+00:00,75.66,12,0.00713719,-0.00026434,ACCEPTED
2026-08-13T18:46:06.786703+00:00,1786646400,1786646700,AVAX/USD,UP,6.415,0.988636000292215,0.9299719887955182,0.9467787114845938,0.7983193277310925,2026-08-13T18:50:00+00:00,6.415,3,0.00296181,0.0,ACCEPTED
2026-08-13T18:46:06.786703+00:00,1786646400,1786646700,AVAX/USD,UP,6.415,0.988636000292215,0.9299719887955182,0.9467787114845938,0.7983193277310925,2026-08-13T18:50:00+00:00,6.415,6,0.00296181,-0.00062354,ACCEPTED
2026-08-13T18:46:06.786703+00:00,1786646400,1786646700,AVAX/USD,UP,6.415,0.988636000292215,0.9299719887955182,0.9467787114845938,0.7983193277310925,2026-08-13T18:50:00+00:00,6.415,12,0.00296181,-0.00062354,ACCEPTED
2026-08-13T18:50:12.450008+00:00,1786646700,1786647000,DOT/USD,UP,0.7709,1.0,0.9601226993865031,0.9601226993865031,0.8466257668711656,2026-08-13T18:55:00+00:00,0.7709,3,0.00194578,0.0,UNRESOLVED
2026-08-13T18:50:12.450008+00:00,1786646700,1786647000,DOT/USD,UP,0.7709,1.0,0.9601226993865031,0.9601226993865031,0.8466257668711656,2026-08-13T18:55:00+00:00,0.7709,6,0.00363212,0.0,ACCEPTED
2026-08-13T18:50:12.450008+00:00,1786646700,1786647000,DOT/USD,UP,0.7709,1.0,0.9601226993865031,0.9601226993865031,0.8466257668711656,2026-08-13T18:55:00+00:00,0.7709,12,0.00363212,0.0,ACCEPTED
2026-08-13T18:50:27.824053+00:00,1786646700,1786647000,LTC/USD,UP,44.66,0.9376600977942933,0.8810810810810811,0.9108108108108108,0.9243243243243243,2026-08-13T18:55:00+00:00,44.66,3,0.00134348,-0.00067174,UNRESOLVED
2026-08-13T18:50:27.824053+00:00,1786646700,1786647000,LTC/USD,UP,44.66,0.9376600977942933,0.8810810810810811,0.9108108108108108,0.9243243243243243,2026-08-13T18:55:00+00:00,44.66,6,0.00134348,-0.00067174,UNRESOLVED
2026-08-13T18:50:27.824053+00:00,1786646700,1786647000,LTC/USD,UP,44.66,0.9376600977942933,0.8810810810810811,0.9108108108108108,0.9243243243243243,2026-08-13T18:55:00+00:00,44.66,12,0.0015674,-0.00067174,UNRESOLVED
2026-08-13T18:51:13.947468+00:00,1786646700,1786647000,ADA/USD,DOWN,0.18142,0.7260911218188282,0.8722222222222222,0.9027777777777778,0.8527777777777777,2026-08-13T18:55:00+00:00,0.18142,3,0.00033624,-0.00159299,UNRESOLVED
2026-08-13T18:51:13.947468+00:00,1786646700,1786647000,ADA/USD,DOWN,0.18142,0.7260911218188282,0.8722222222222222,0.9027777777777778,0.8527777777777777,2026-08-13T18:55:00+00:00,0.18142,6,0.00072759,-0.00414508,FAILED
2026-08-13T18:51:13.947468+00:00,1786646700,1786647000,ADA/USD,DOWN,0.18142,0.7260911218188282,0.8722222222222222,0.9027777777777778,0.8527777777777777,2026-08-13T18:55:00+00:00,0.18142,12,0.00138904,-0.00414508,FAILED
2026-08-13T18:55:19.533033+00:00,1786647000,1786647300,BTC/USD,UP,63285.4,0.9776735002193163,0.8157181571815718,0.8997289972899729,0.7669376693766937,2026-08-13T19:00:00+00:00,63285.4,3,0.00239866,-0.00056095,UNRESOLVED
2026-08-13T18:55:19.533033+00:00,1786647000,1786647300,BTC/USD,UP,63285.4,0.9776735002193163,0.8157181571815718,0.8997289972899729,0.7669376693766937,2026-08-13T19:00:00+00:00,63285.4,6,0.00239866,-0.00056095,UNRESOLVED
2026-08-13T18:55:19.533033+00:00,1786647000,1786647300,BTC/USD,UP,63285.4,0.9776735002193163,0.8157181571815718,0.8997289972899729,0.7669376693766937,2026-08-13T19:00:00+00:00,63285.4,12,0.00239866,-0.00056095,UNRESOLVED
2026-08-13T18:55:19.533048+00:00,1786647000,1786647300,ETH/USD,UP,1884.09,0.9752803084463099,0.9891891891891892,0.9891891891891892,0.9891891891891892,2026-08-13T19:00:00+00:00,1884.09,3,0.00321641,-0.00078022,ACCEPTED
2026-08-13T18:55:19.533048+00:00,1786647000,1786647300,ETH/USD,UP,1884.09,0.9752803084463099,0.9891891891891892,0.9891891891891892,0.9891891891891892,2026-08-13T19:00:00+00:00,1884.09,6,0.00321641,-0.00078022,ACCEPTED
2026-08-13T18:55:19.533048+00:00,1786647000,1786647300,ETH/USD,UP,1884.09,0.9752803084463099,0.9891891891891892,0.9891891891891892,0.9891891891891892,2026-08-13T19:00:00+00:00,1884.09,12,0.00321641,-0.00078022,ACCEPTED
2026-08-13T18:55:19.533078+00:00,1786647000,1786647300,ADA/USD,UP,0.181539,0.55307421918963,0.9472222222222222,0.9305555555555556,0.9333333333333333,2026-08-13T19:00:00+00:00,0.181539,3,0.00348685,-0.00094745,ACCEPTED
2026-08-13T18:55:19.533078+00:00,1786647000,1786647300,ADA/USD,UP,0.181539,0.55307421918963,0.9472222222222222,0.9305555555555556,0.9333333333333333,2026-08-13T19:00:00+00:00,0.181539,6,0.00348685,-0.00138262,ACCEPTED
2026-08-13T18:55:19.533078+00:00,1786647000,1786647300,ADA/USD,UP,0.181539,0.55307421918963,0.9472222222222222,0.9305555555555556,0.9333333333333333,2026-08-13T19:00:00+00:00,0.181539,12,0.00348685,-0.00204364,ACCEPTED
2026-08-13T18:55:34.903035+00:00,1786647000,1786647300,LINK/USD,UP,8.79971,0.7735533743778308,0.7058823529411765,0.7170868347338936,0.9019607843137255,2026-08-13T19:00:00+00:00,8.79971,3,0.00182051,-0.00015455,UNRESOLVED
2026-08-13T18:55:34.903035+00:00,1786647000,1786647300,LINK/USD,UP,8.79971,0.7735533743778308,0.7058823529411765,0.7170868347338936,0.9019607843137255,2026-08-13T19:00:00+00:00,8.79971,6,0.00256372,-0.00060343,ACCEPTED
2026-08-13T18:55:34.903035+00:00,1786647000,1786647300,LINK/USD,UP,8.79971,0.7735533743778308,0.7058823529411765,0.7170868347338936,0.9019607843137255,2026-08-13T19:00:00+00:00,8.79971,12,0.00256372,-0.00201257,ACCEPTED
2026-08-13T18:55:34.903066+00:00,1786647000,1786647300,DOT/USD,DOWN,0.7721,0.9210873641690904,0.7607361963190185,0.7760736196319018,0.9079754601226994,2026-08-13T19:00:00+00:00,0.7721,3,0.00090662,-0.00103614,UNRESOLVED
2026-08-13T18:55:34.903066+00:00,1786647000,1786647300,DOT/USD,DOWN,0.7721,0.9210873641690904,0.7607361963190185,0.7760736196319018,0.9079754601226994,2026-08-13T19:00:00+00:00,0.7721,6,0.00090662,-0.00207227,UNRESOLVED
2026-08-13T18:55:34.903066+00:00,1786647000,1786647300,DOT/USD,DOWN,0.7721,0.9210873641690904,0.7607361963190185,0.7760736196319018,0.9079754601226994,2026-08-13T19:00:00+00:00,0.7721,12,0.00090662,-0.00207227,UNRESOLVED
2026-08-13T19:00:41.926414+00:00,1786647300,1786647600,BTC/USD,UP,63249.9,0.7295886252087301,0.7154471544715447,0.7886178861788617,0.7777777777777778,2026-08-13T19:05:00+00:00,63249.9,3,0.00296127,0.0,ACCEPTED
2026-08-13T19:00:41.926414+00:00,1786647300,1786647600,BTC/USD,UP,63249.9,0.7295886252087301,0.7154471544715447,0.7886178861788617,0.7777777777777778,2026-08-13T19:05:00+00:00,63249.9,6,0.00296127,0.0,ACCEPTED
2026-08-13T19:00:41.926414+00:00,1786647300,1786647600,BTC/USD,UP,63249.9,0.7295886252087301,0.7154471544715447,0.7886178861788617,0.7777777777777778,2026-08-13T19:05:00+00:00,63249.9,12,0.00296127,0.0,ACCEPTED
2026-08-13T19:00:57.296766+00:00,1786647300,1786647600,ADA/USD,DOWN,0.181501,0.5652889018349752,0.85,0.8305555555555556,0.9277777777777778,2026-08-13T19:05:00+00:00,0.181501,3,0.00073829,-0.00369695,FAILED
2026-08-13T19:00:57.296766+00:00,1786647300,1786647600,ADA/USD,DOWN,0.181501,0.5652889018349752,0.85,0.8305555555555556,0.9277777777777778,2026-08-13T19:05:00+00:00,0.181501,6,0.00158126,-0.00369695,FAILED
2026-08-13T19:00:57.296766+00:00,1786647300,1786647600,ADA/USD,DOWN,0.181501,0.5652889018349752,0.85,0.8305555555555556,0.9277777777777778,2026-08-13T19:05:00+00:00,0.181501,12,0.0018347,-0.00369695,FAILED
2026-08-13T19:05:18.360773+00:00,1786647600,1786647900,SOL/USD,DOWN,75.92,0.8356639351183658,0.9756756756756757,0.9837837837837838,0.972972972972973,2026-08-13T19:10:00+00:00,75.92,3,0.0,-0.00368809,FAILED
2026-08-13T19:05:18.360773+00:00,1786647600,1786647900,SOL/USD,DOWN,75.92,0.8356639351183658,0.9756756756756757,0.9837837837837838,0.972972972972973,2026-08-13T19:10:00+00:00,75.92,6,0.0,-0.00368809,FAILED
2026-08-13T19:05:18.360773+00:00,1786647600,1786647900,SOL/USD,DOWN,75.92,0.8356639351183658,0.9756756756756757,0.9837837837837838,0.972972972972973,2026-08-13T19:10:00+00:00,75.92,12,0.0,-0.00368809,FAILED
2026-08-13T19:05:18.360803+00:00,1786647600,1786647900,ETH/USD,DOWN,1883.76,0.8490446289632462,0.8972972972972973,0.9027027027027027,0.9648648648648649,2026-08-13T19:10:00+00:00,1883.76,3,0.00020703,-0.00339215,FAILED
2026-08-13T19:05:18.360803+00:00,1786647600,1786647900,ETH/USD,DOWN,1883.76,0.8490446289632462,0.8972972972972973,0.9027027027027027,0.9648648648648649,2026-08-13T19:10:00+00:00,1883.76,6,0.00020703,-0.00339215,FAILED
2026-08-13T19:05:18.360803+00:00,1786647600,1786647900,ETH/USD,DOWN,1883.76,0.8490446289632462,0.8972972972972973,0.9027027027027027,0.9648648648648649,2026-08-13T19:10:00+00:00,1883.76,12,0.00020703,-0.00339215,FAILED
2026-08-13T19:05:18.360819+00:00,1786647600,1786647900,XRP/USD,UP,1.00736,0.6336582083863059,0.7891891891891892,0.8,0.4972972972972973,2026-08-13T19:10:00+00:00,1.00736,3,0.0020251,-8.934e-05,UNRESOLVED
2026-08-13T19:05:18.360819+00:00,1786647600,1786647900,XRP/USD,UP,1.00736,0.6336582083863059,0.7891891891891892,0.8,0.4972972972972973,2026-08-13T19:10:00+00:00,1.00736,6,0.0020251,-8.934e-05,UNRESOLVED
2026-08-13T19:05:18.360819+00:00,1786647600,1786647900,XRP/USD,UP,1.00736,0.6336582083863059,0.7891891891891892,0.8,0.4972972972972973,2026-08-13T19:10:00+00:00,1.00736,12,0.0020251,-8.934e-05,UNRESOLVED
2026-08-13T19:05:33.736965+00:00,1786647600,1786647900,ADA/USD,UP,0.181454,0.8990445162018817,0.9722222222222222,0.9833333333333333,0.95,2026-08-13T19:10:00+00:00,0.181454,3,0.00395693,-0.00091483,ACCEPTED
2026-08-13T19:05:33.736965+00:00,1786647600,1786647900,ADA/USD,UP,0.181454,0.8990445162018817,0.9722222222222222,0.9833333333333333,0.95,2026-08-13T19:10:00+00:00,0.181454,6,0.00395693,-0.00157616,ACCEPTED
2026-08-13T19:05:33.736965+00:00,1786647600,1786647900,ADA/USD,UP,0.181454,0.8990445162018817,0.9722222222222222,0.9833333333333333,0.95,2026-08-13T19:10:00+00:00,0.181454,12,0.00395693,-0.00201153,ACCEPTED
2026-08-13T19:05:33.737011+00:00,1786647600,1786647900,AVAX/USD,DOWN,6.423,0.9790350826908668,0.876750700280112,0.9159663865546218,0.7983193277310925,2026-08-13T19:10:00+00:00,6.423,3,0.00186829,-0.00093414,UNRESOLVED
2026-08-13T19:05:33.737011+00:00,1786647600,1786647900,AVAX/USD,DOWN,6.423,0.9790350826908668,0.876750700280112,0.9159663865546218,0.7983193277310925,2026-08-13T19:10:00+00:00,6.423,6,0.00186829,-0.00093414,UNRESOLVED
2026-08-13T19:05:33.737011+00:00,1786647600,1786647900,AVAX/USD,DOWN,6.423,0.9790350826908668,0.876750700280112,0.9159663865546218,0.7983193277310925,2026-08-13T19:10:00+00:00,6.423,12,0.00186829,-0.00093414,UNRESOLVED
2026-08-13T19:05:33.737026+00:00,1786647600,1786647900,DOT/USD,DOWN,0.7714,0.9561823253667817,0.9079754601226994,0.9202453987730062,0.8220858895705522,2026-08-13T19:10:00+00:00,0.7714,3,0.0,-0.00298159,FAILED
2026-08-13T19:05:33.737026+00:00,1786647600,1786647900,DOT/USD,DOWN,0.7714,0.9561823253667817,0.9079754601226994,0.9202453987730062,0.8220858895705522,2026-08-13T19:10:00+00:00,0.7714,6,0.0,-0.00298159,FAILED
2026-08-13T19:05:33.737026+00:00,1786647600,1786647900,DOT/USD,DOWN,0.7714,0.9561823253667817,0.9079754601226994,0.9202453987730062,0.8220858895705522,2026-08-13T19:10:00+00:00,0.7714,12,0.0,-0.0033705,FAILED
2026-08-13T19:05:33.737042+00:00,1786647600,1786647900,AAVE/USD,DOWN,87.65,1.0,0.7404580152671756,0.7824427480916031,0.6603053435114504,2026-08-13T19:10:00+00:00,87.65,3,-0.00193953,-0.0022818,UNRESOLVED
2026-08-13T19:05:33.737042+00:00,1786647600,1786647900,AAVE/USD,DOWN,87.65,1.0,0.7404580152671756,0.7824427480916031,0.6603053435114504,2026-08-13T19:10:00+00:00,87.65,6,0.00022818,-0.0022818,UNRESOLVED
2026-08-13T19:05:33.737042+00:00,1786647600,1786647900,AAVE/USD,DOWN,87.65,1.0,0.7404580152671756,0.7824427480916031,0.6603053435114504,2026-08-13T19:10:00+00:00,87.65,12,0.00079863,-0.0022818,UNRESOLVED
2026-08-13T19:05:49.109552+00:00,1786647600,1786647900,LTC/USD,DOWN,44.65,0.9766311704872318,0.981081081081081,0.981081081081081,0.972972972972973,2026-08-13T19:10:00+00:00,44.65,3,-0.00022396,-0.00156775,UNRESOLVED
2026-08-13T19:05:49.109552+00:00,1786647600,1786647900,LTC/USD,DOWN,44.65,0.9766311704872318,0.981081081081081,0.981081081081081,0.972972972972973,2026-08-13T19:10:00+00:00,44.65,6,-0.00022396,-0.00156775,UNRESOLVED
2026-08-13T19:05:49.109552+00:00,1786647600,1786647900,LTC/USD,DOWN,44.65,0.9766311704872318,0.981081081081081,0.981081081081081,0.972972972972973,2026-08-13T19:10:00+00:00,44.65,12,-0.00022396,-0.00201568,UNRESOLVED
2026-08-13T19:10:10.159539+00:00,1786647900,1786648200,SOL/USD,DOWN,76.13,0.7502970865779394,0.9675675675675676,0.9675675675675676,1.0,2026-08-13T19:15:00+00:00,76.13,3,0.00170761,-0.00065677,UNRESOLVED
2026-08-13T19:10:10.159539+00:00,1786647900,1786648200,SOL/USD,DOWN,76.13,0.7502970865779394,0.9675675675675676,0.9675675675675676,1.0,2026-08-13T19:15:00+00:00,76.13,6,0.00170761,-0.00065677,UNRESOLVED
2026-08-13T19:10:10.159539+00:00,1786647900,1786648200,SOL/USD,DOWN,76.13,0.7502970865779394,0.9675675675675676,0.9675675675675676,1.0,2026-08-13T19:15:00+00:00,76.13,12,0.00183896,-0.00170761,UNRESOLVED
2026-08-13T19:10:25.526823+00:00,1786647900,1786648200,BTC/USD,UP,63394.8,0.9423003296264316,0.962059620596206,0.964769647696477,0.948509485094851,2026-08-13T19:15:00+00:00,63394.8,3,4.259e-05,-0.00113101,UNRESOLVED
2026-08-13T19:10:25.526823+00:00,1786647900,1786648200,BTC/USD,UP,63394.8,0.9423003296264316,0.962059620596206,0.964769647696477,0.948509485094851,2026-08-13T19:15:00+00:00,63394.8,6,4.259e-05,-0.00113101,UNRESOLVED
2026-08-13T19:10:25.526823+00:00,1786647900,1786648200,BTC/USD,UP,63394.8,0.9423003296264316,0.962059620596206,0.964769647696477,0.948509485094851,2026-08-13T19:15:00+00:00,63394.8,12,4.259e-05,-0.00145596,UNRESOLVED
2026-08-13T19:10:40.900460+00:00,1786647900,1786648200,DOGE/USD,DOWN,0.0701029,0.6975366819989618,0.7106741573033708,0.7219101123595506,0.8820224719101124,2026-08-13T19:15:00+00:00,0.0701029,3,0.00032238,-0.00075461,UNRESOLVED
2026-08-13T19:10:40.900460+00:00,1786647900,1786648200,DOGE/USD,DOWN,0.0701029,0.6975366819989618,0.7106741573033708,0.7219101123595506,0.8820224719101124,2026-08-13T19:15:00+00:00,0.0701029,6,0.00032238,-0.00217395,UNRESOLVED
2026-08-13T19:10:40.900460+00:00,1786647900,1786648200,DOGE/USD,DOWN,0.0701029,0.6975366819989618,0.7106741573033708,0.7219101123595506,0.8820224719101124,2026-08-13T19:15:00+00:00,0.0701029,12,0.00032238,-0.00265324,FAILED
2026-08-13T19:15:32.598146+00:00,1786648200,1786648500,BTC/USD,DOWN,63336.6,0.7849317658001047,0.8319783197831978,0.8888888888888888,0.5230352303523035,2026-08-13T19:20:00+00:00,63336.6,3,0.00021315,-0.00032525,UNRESOLVED
2026-08-13T19:15:32.598146+00:00,1786648200,1786648500,BTC/USD,DOWN,63336.6,0.7849317658001047,0.8319783197831978,0.8888888888888888,0.5230352303523035,2026-08-13T19:20:00+00:00,63336.6,6,0.00021315,-0.00037103,UNRESOLVED
2026-08-13T19:15:32.598146+00:00,1786648200,1786648500,BTC/USD,DOWN,63336.6,0.7849317658001047,0.8319783197831978,0.8888888888888888,0.5230352303523035,2026-08-13T19:20:00+00:00,63336.6,12,0.00053839,-0.00077838,UNRESOLVED
2026-08-13T19:16:03.348833+00:00,1786648200,1786648500,DOT/USD,DOWN,0.7728,0.8047166323893321,0.8496932515337423,0.8558282208588958,0.8220858895705522,2026-08-13T19:20:00+00:00,0.7728,3,0.0003882,-0.0001294,UNRESOLVED
2026-08-13T19:16:03.348833+00:00,1786648200,1786648500,DOT/USD,DOWN,0.7728,0.8047166323893321,0.8496932515337423,0.8558282208588958,0.8220858895705522,2026-08-13T19:20:00+00:00,0.7728,6,0.0003882,-0.0007764,UNRESOLVED
2026-08-13T19:16:03.348833+00:00,1786648200,1786648500,DOT/USD,DOWN,0.7728,0.8047166323893321,0.8496932515337423,0.8558282208588958,0.8220858895705522,2026-08-13T19:20:00+00:00,0.7728,12,0.00258799,-0.00181159,ACCEPTED
2026-08-13T19:21:10.517873+00:00,1786648500,1786648800,SOL/USD,UP,76.1,0.7489326552978934,0.7621621621621621,0.7891891891891892,0.754054054054054,2026-08-13T19:25:00+00:00,76.1,3,0.00013141,-0.00131406,UNRESOLVED
2026-08-13T19:21:10.517873+00:00,1786648500,1786648800,SOL/USD,UP,76.1,0.7489326552978934,0.7621621621621621,0.7891891891891892,0.754054054054054,2026-08-13T19:25:00+00:00,76.1,6,0.00026281,-0.00144547,UNRESOLVED
2026-08-13T19:21:10.517873+00:00,1786648500,1786648800,SOL/USD,UP,76.1,0.7489326552978934,0.7621621621621621,0.7891891891891892,0.754054054054054,2026-08-13T19:25:00+00:00,76.1,12,0.0021025,-0.00144547,UNRESOLVED
2026-08-13T19:25:31.636846+00:00,1786648800,1786649100,ETH/USD,UP,1886.94,0.9238728650838858,0.9027027027027027,0.918918918918919,0.8594594594594595,2026-08-13T19:30:00+00:00,1886.94,3,-5.3e-06,-0.00148918,UNRESOLVED
2026-08-13T19:25:31.636846+00:00,1786648800,1786649100,ETH/USD,UP,1886.94,0.9238728650838858,0.9027027027027027,0.918918918918919,0.8594594594594595,2026-08-13T19:30:00+00:00,1886.94,6,0.00027558,-0.00160577,UNRESOLVED
2026-08-13T19:25:31.636846+00:00,1786648800,1786649100,ETH/USD,UP,1886.94,0.9238728650838858,0.9027027027027027,0.918918918918919,0.8594594594594595,2026-08-13T19:30:00+00:00,1886.94,12,0.00027558,-0.00160577,UNRESOLVED
2026-08-13T19:25:47.019929+00:00,1786648800,1786649100,LINK/USD,DOWN,8.7944,0.8473597048105055,0.865546218487395,0.8739495798319328,0.9467787114845938,2026-08-13T19:30:00+00:00,8.7944,3,0.00140999,-0.00153962,UNRESOLVED
2026-08-13T19:25:47.019929+00:00,1786648800,1786649100,LINK/USD,DOWN,8.7944,0.8473597048105055,0.865546218487395,0.8739495798319328,0.9467787114845938,2026-08-13T19:30:00+00:00,8.7944,6,0.00140999,-0.00269035,FAILED
2026-08-13T19:25:47.019929+00:00,1786648800,1786649100,LINK/USD,DOWN,8.7944,0.8473597048105055,0.865546218487395,0.8739495798319328,0.9467787114845938,2026-08-13T19:30:00+00:00,8.7944,12,0.00140999,-0.00573319,FAILED
2026-08-13T19:30:23.409406+00:00,1786649100,1786649400,SOL/USD,DOWN,76.07,0.8937869108479829,0.8216216216216217,0.8432432432432433,0.44054054054054054,2026-08-13T19:35:00+00:00,76.07,3,0.00105166,-0.00013146,UNRESOLVED
2026-08-13T19:30:23.409406+00:00,1786649100,1786649400,SOL/USD,DOWN,76.07,0.8937869108479829,0.8216216216216217,0.8432432432432433,0.44054054054054054,2026-08-13T19:35:00+00:00,76.07,6,0.00105166,-0.00078875,UNRESOLVED
2026-08-13T19:30:23.409406+00:00,1786649100,1786649400,SOL/USD,DOWN,76.07,0.8937869108479829,0.8216216216216217,0.8432432432432433,0.44054054054054054,2026-08-13T19:35:00+00:00,76.07,12,0.00105166,-0.0024977,UNRESOLVED
2026-08-13T19:30:38.785153+00:00,1786649100,1786649400,DOGE/USD,UP,0.0701553,1.0,0.8202247191011236,0.8567415730337079,0.4157303370786517,2026-08-13T19:35:00+00:00,0.0701553,3,0.00142541,0.00022807,UNRESOLVED
2026-08-13T19:30:38.785153+00:00,1786649100,1786649400,DOGE/USD,UP,0.0701553,1.0,0.8202247191011236,0.8567415730337079,0.4157303370786517,2026-08-13T19:35:00+00:00,0.0701553,6,0.00142541,0.00022807,UNRESOLVED
2026-08-13T19:30:38.785153+00:00,1786649100,1786649400,DOGE/USD,UP,0.0701553,1.0,0.8202247191011236,0.8567415730337079,0.4157303370786517,2026-08-13T19:35:00+00:00,0.0701553,12,0.00190435,9.123e-05,UNRESOLVED
2026-08-13T19:30:54.158700+00:00,1786649100,1786649400,DOT/USD,UP,0.7729,0.9699384420367767,0.7361963190184049,0.7699386503067485,0.7085889570552147,2026-08-13T19:35:00+00:00,0.7729,3,0.00064691,0.00025877,UNRESOLVED
2026-08-13T19:30:54.158700+00:00,1786649100,1786649400,DOT/USD,UP,0.7729,0.9699384420367767,0.7361963190184049,0.7699386503067485,0.7085889570552147,2026-08-13T19:35:00+00:00,0.7729,6,0.00090568,0.00025877,UNRESOLVED
2026-08-13T19:30:54.158700+00:00,1786649100,1786649400,DOT/USD,UP,0.7729,0.9699384420367767,0.7361963190184049,0.7699386503067485,0.7085889570552147,2026-08-13T19:35:00+00:00,0.7729,12,0.00168198,-0.00271704,FAILED
2026-08-13T19:30:54.158716+00:00,1786649100,1786649400,AAVE/USD,DOWN,87.68,0.9873267882394905,0.8320610687022901,0.8473282442748091,0.851145038167939,2026-08-13T19:35:00+00:00,87.68,3,0.00034215,-0.0002281,UNRESOLVED
2026-08-13T19:30:54.158716+00:00,1786649100,1786649400,AAVE/USD,DOWN,87.68,0.9873267882394905,0.8320610687022901,0.8473282442748091,0.851145038167939,2026-08-13T19:35:00+00:00,87.68,6,0.00114051,-0.00034215,UNRESOLVED
2026-08-13T19:30:54.158716+00:00,1786649100,1786649400,AAVE/USD,DOWN,87.68,0.9873267882394905,0.8320610687022901,0.8473282442748091,0.851145038167939,2026-08-13T19:35:00+00:00,87.68,12,0.00114051,-0.00501825,FAILED
2026-08-13T19:35:45.941800+00:00,1786649400,1786649700,BTC/USD,UP,63342.2,0.6445335043806212,0.7506775067750677,0.7967479674796748,0.6531165311653117,2026-08-13T19:40:00+00:00,63342.2,3,0.00056361,-0.00026838,UNRESOLVED
2026-08-13T19:35:45.941800+00:00,1786649400,1786649700,BTC/USD,UP,63342.2,0.6445335043806212,0.7506775067750677,0.7967479674796748,0.6531165311653117,2026-08-13T19:40:00+00:00,63342.2,6,0.00056361,-0.00062675,UNRESOLVED
2026-08-13T19:35:45.941800+00:00,1786649400,1786649700,BTC/USD,UP,63342.2,0.6445335043806212,0.7506775067750677,0.7967479674796748,0.6531165311653117,2026-08-13T19:40:00+00:00,63342.2,12,0.00103091,-0.00062675,UNRESOLVED
2026-08-13T19:35:45.941831+00:00,1786649400,1786649700,XRP/USD,UP,1.00841,0.8737939592754453,0.8162162162162162,0.8783783783783784,0.7891891891891892,2026-08-13T19:40:00+00:00,1.00841,3,0.00097183,-0.00061483,UNRESOLVED
2026-08-13T19:35:45.941831+00:00,1786649400,1786649700,XRP/USD,UP,1.00841,0.8737939592754453,0.8162162162162162,0.8783783783783784,0.7891891891891892,2026-08-13T19:40:00+00:00,1.00841,6,0.00098174,-0.00061483,UNRESOLVED
2026-08-13T19:35:45.941831+00:00,1786649400,1786649700,XRP/USD,UP,1.00841,0.8737939592754453,0.8162162162162162,0.8783783783783784,0.7891891891891892,2026-08-13T19:40:00+00:00,1.00841,12,0.00223124,-0.00061483,UNRESOLVED
2026-08-13T19:36:01.331697+00:00,1786649400,1786649700,LINK/USD,UP,8.79691,1.0,0.8627450980392157,0.8935574229691877,0.6274509803921569,2026-08-13T19:40:00+00:00,8.79691,3,0.00240425,0.00015119,UNRESOLVED
2026-08-13T19:36:01.331697+00:00,1786649400,1786649700,LINK/USD,UP,8.79691,1.0,0.8627450980392157,0.8935574229691877,0.6274509803921569,2026-08-13T19:40:00+00:00,8.79691,6,0.00298969,0.00015119,ACCEPTED
2026-08-13T19:36:01.331697+00:00,1786649400,1786649700,LINK/USD,UP,8.79691,1.0,0.8627450980392157,0.8935574229691877,0.6274509803921569,2026-08-13T19:40:00+00:00,8.79691,12,0.00544623,0.00015119,ACCEPTED
2026-08-13T19:36:01.331712+00:00,1786649400,1786649700,AVAX/USD,DOWN,6.423,0.9992754746183926,0.8683473389355743,0.8935574229691877,0.5994397759103641,2026-08-13T19:40:00+00:00,6.423,3,0.00077845,-0.00077845,UNRESOLVED
2026-08-13T19:36:01.331712+00:00,1786649400,1786649700,AVAX/USD,DOWN,6.423,0.9992754746183926,0.8683473389355743,0.8935574229691877,0.5994397759103641,2026-08-13T19:40:00+00:00,6.423,6,0.00140121,-0.00077845,UNRESOLVED
2026-08-13T19:36:01.331712+00:00,1786649400,1786649700,AVAX/USD,DOWN,6.423,0.9992754746183926,0.8683473389355743,0.8935574229691877,0.5994397759103641,2026-08-13T19:40:00+00:00,6.423,12,0.00295812,-0.00077845,ACCEPTED
2026-08-13T19:45:29.704676+00:00,1786650000,1786650300,BTC/USD,UP,63349.1,0.7923678750836368,0.7371273712737128,0.8184281842818428,0.48509485094850946,2026-08-13T19:50:00+00:00,63349.1,3,0.00045462,-0.00022573,UNRESOLVED
2026-08-13T19:45:29.704676+00:00,1786650000,1786650300,BTC/USD,UP,63349.1,0.7923678750836368,0.7371273712737128,0.8184281842818428,0.48509485094850946,2026-08-13T19:50:00+00:00,63349.1,6,0.00058091,-0.00073561,UNRESOLVED
2026-08-13T19:45:29.704676+00:00,1786650000,1786650300,BTC/USD,UP,63349.1,0.7923678750836368,0.7371273712737128,0.8184281842818428,0.48509485094850946,2026-08-13T19:50:00+00:00,63349.1,12,0.00092188,-0.00073561,UNRESOLVED
2026-08-13T19:45:45.078788+00:00,1786650000,1786650300,DOT/USD,DOWN,0.7732,1.0,0.8957055214723927,0.9049079754601227,0.8619631901840491,2026-08-13T19:50:00+00:00,0.7732,3,0.00012933,-0.00051733,UNRESOLVED
2026-08-13T19:45:45.078788+00:00,1786650000,1786650300,DOT/USD,DOWN,0.7732,1.0,0.8957055214723927,0.9049079754601227,0.8619631901840491,2026-08-13T19:50:00+00:00,0.7732,6,0.00310398,-0.00129333,ACCEPTED
2026-08-13T19:45:45.078788+00:00,1786650000,1786650300,DOT/USD,DOWN,0.7732,1.0,0.8957055214723927,0.9049079754601227,0.8619631901840491,2026-08-13T19:50:00+00:00,0.7732,12,0.00310398,-0.00129333,ACCEPTED
2026-08-13T19:50:36.876694+00:00,1786650300,1786650600,SOL/USD,UP,76.09,0.5822378105918634,0.8621621621621621,0.8297297297297297,0.7945945945945946,2026-08-13T19:55:00+00:00,76.09,3,0.00131423,-0.00039427,UNRESOLVED
2026-08-13T19:50:36.876694+00:00,1786650300,1786650600,SOL/USD,UP,76.09,0.5822378105918634,0.8621621621621621,0.8297297297297297,0.7945945945945946,2026-08-13T19:55:00+00:00,76.09,6,0.0022342,-0.00039427,UNRESOLVED
2026-08-13T19:50:36.876694+00:00,1786650300,1786650600,SOL/USD,UP,76.09,0.5822378105918634,0.8621621621621621,0.8297297297297297,0.7945945945945946,2026-08-13T19:55:00+00:00,76.09,12,0.0022342,-0.00039427,UNRESOLVED
2026-08-13T19:50:36.876724+00:00,1786650300,1786650600,ETH/USD,DOWN,1885.97,0.5384706577885265,0.7432432432432432,0.727027027027027,0.6027027027027027,2026-08-13T19:55:00+00:00,1885.97,3,0.00050902,-0.00028632,UNRESOLVED
2026-08-13T19:50:36.876724+00:00,1786650300,1786650600,ETH/USD,DOWN,1885.97,0.5384706577885265,0.7432432432432432,0.727027027027027,0.6027027027027027,2026-08-13T19:55:00+00:00,1885.97,6,0.00080065,-0.00069991,UNRESOLVED
2026-08-13T19:50:36.876724+00:00,1786650300,1786650600,ETH/USD,DOWN,1885.97,0.5384706577885265,0.7432432432432432,0.727027027027027,0.6027027027027027,2026-08-13T19:55:00+00:00,1885.97,12,0.00104456,-0.00085367,UNRESOLVED
2026-08-13T19:50:52.254201+00:00,1786650300,1786650600,DOGE/USD,UP,0.0702329,0.7677497484650763,0.8426966292134831,0.848314606741573,0.8567415730337079,2026-08-13T19:55:00+00:00,0.0702329,3,0.00042857,-0.00030612,UNRESOLVED
2026-08-13T19:50:52.254201+00:00,1786650300,1786650600,DOGE/USD,UP,0.0702329,0.7677497484650763,0.8426966292134831,0.848314606741573,0.8567415730337079,2026-08-13T19:55:00+00:00,0.0702329,6,0.00079735,-0.00101377,UNRESOLVED
2026-08-13T19:50:52.254201+00:00,1786650300,1786650600,DOGE/USD,UP,0.0702329,0.7677497484650763,0.8426966292134831,0.848314606741573,0.8567415730337079,2026-08-13T19:55:00+00:00,0.0702329,12,0.00079735,-0.00143238,UNRESOLVED
2026-08-13T19:51:07.640517+00:00,1786650300,1786650600,LTC/USD,UP,44.73,0.9559202131218439,0.7243243243243244,0.8135135135135135,0.6216216216216216,2026-08-13T19:55:00+00:00,44.73,3,0.00022356,-0.00089425,UNRESOLVED
2026-08-13T19:51:07.640517+00:00,1786650300,1786650600,LTC/USD,UP,44.73,0.9559202131218439,0.7243243243243244,0.8135135135135135,0.6216216216216216,2026-08-13T19:55:00+00:00,44.73,6,0.00067069,-0.00089425,UNRESOLVED
2026-08-13T19:51:07.640517+00:00,1786650300,1786650600,LTC/USD,UP,44.73,0.9559202131218439,0.7243243243243244,0.8135135135135135,0.6216216216216216,2026-08-13T19:55:00+00:00,44.73,12,0.00067069,-0.00111782,UNRESOLVED
2026-08-13T19:55:59.550672+00:00,1786650600,1786650900,DOT/USD,DOWN,0.7731,0.9367062504817895,0.8251533742331288,0.8374233128834356,0.6257668711656442,2026-08-13T20:00:00+00:00,0.7731,3,0.00232829,-0.00142284,UNRESOLVED
2026-08-13T19:55:59.550672+00:00,1786650600,1786650900,DOT/USD,DOWN,0.7731,0.9367062504817895,0.8251533742331288,0.8374233128834356,0.6257668711656442,2026-08-13T20:00:00+00:00,0.7731,6,0.00297504,-0.00142284,ACCEPTED
2026-08-13T19:55:59.550672+00:00,1786650600,1786650900,DOT/USD,DOWN,0.7731,0.9367062504817895,0.8251533742331288,0.8374233128834356,0.6257668711656442,2026-08-13T20:00:00+00:00,0.7731,12,0.00297504,-0.00142284,ACCEPTED
2026-08-13T19:55:59.550702+00:00,1786650600,1786650900,LTC/USD,DOWN,44.73,0.7458452989765646,0.9702702702702702,0.9648648648648649,0.9837837837837838,2026-08-13T20:00:00+00:00,44.73,3,0.00022356,-0.00067069,UNRESOLVED
2026-08-13T19:55:59.550702+00:00,1786650600,1786650900,LTC/USD,DOWN,44.73,0.7458452989765646,0.9702702702702702,0.9648648648648649,0.9837837837837838,2026-08-13T20:00:00+00:00,44.73,6,0.00022356,-0.00067069,UNRESOLVED
2026-08-13T19:55:59.550702+00:00,1786650600,1786650900,LTC/USD,DOWN,44.73,0.7458452989765646,0.9702702702702702,0.9648648648648649,0.9837837837837838,2026-08-13T20:00:00+00:00,44.73,12,0.00111782,-0.00067069,UNRESOLVED
2026-08-13T20:00:36.102851+00:00,1786650900,1786651200,LINK/USD,UP,8.80991,0.9801970060332925,0.9243697478991597,0.9355742296918768,0.8011204481792717,2026-08-13T20:05:00+00:00,8.80991,3,0.00396258,0.00049717,ACCEPTED
2026-08-13T20:00:36.102851+00:00,1786650900,1786651200,LINK/USD,UP,8.80991,0.9801970060332925,0.9243697478991597,0.9355742296918768,0.8011204481792717,2026-08-13T20:05:00+00:00,8.80991,6,0.00396258,0.00049717,ACCEPTED
2026-08-13T20:00:36.102851+00:00,1786650900,1786651200,LINK/USD,UP,8.80991,0.9801970060332925,0.9243697478991597,0.9355742296918768,0.8011204481792717,2026-08-13T20:05:00+00:00,8.80991,12,0.00396258,0.00049717,ACCEPTED
2026-08-13T20:00:36.102899+00:00,1786650900,1786651200,AAVE/USD,UP,87.6,1.0,0.9427480916030534,0.9465648854961832,0.8969465648854962,2026-08-13T20:05:00+00:00,87.6,3,0.00308219,0.00022831,ACCEPTED
2026-08-13T20:00:36.102899+00:00,1786650900,1786651200,AAVE/USD,UP,87.6,1.0,0.9427480916030534,0.9465648854961832,0.8969465648854962,2026-08-13T20:05:00+00:00,87.6,6,0.00593607,0.00022831,ACCEPTED
2026-08-13T20:00:36.102899+00:00,1786650900,1786651200,AAVE/USD,UP,87.6,1.0,0.9427480916030534,0.9465648854961832,0.8969465648854962,2026-08-13T20:05:00+00:00,87.6,12,0.00799087,0.00022831,ACCEPTED
2026-08-13T20:05:58.691894+00:00,1786651200,1786651500,DOT/USD,UP,0.7735,0.9795637489949032,0.7975460122699386,0.8220858895705522,0.7085889570552147,2026-08-13T20:10:00+00:00,0.7735,3,0.00090498,-0.00349063,FAILED
2026-08-13T20:05:58.691894+00:00,1786651200,1786651500,DOT/USD,UP,0.7735,0.9795637489949032,0.7975460122699386,0.8220858895705522,0.7085889570552147,2026-08-13T20:10:00+00:00,0.7735,6,0.00090498,-0.00349063,FAILED
2026-08-13T20:05:58.691894+00:00,1786651200,1786651500,DOT/USD,UP,0.7735,0.9795637489949032,0.7975460122699386,0.8220858895705522,0.7085889570552147,2026-08-13T20:10:00+00:00,0.7735,12,0.00090498,-0.00349063,FAILED
2026-08-13T20:10:35.196486+00:00,1786651500,1786651800,SOL/USD,DOWN,76.23,0.6943988308761884,0.9621621621621622,0.9540540540540541,0.9675675675675676,2026-08-13T20:15:00+00:00,76.23,3,0.00223009,-0.00026236,UNRESOLVED
2026-08-13T20:10:35.196486+00:00,1786651500,1786651800,SOL/USD,DOWN,76.23,0.6943988308761884,0.9621621621621622,0.9540540540540541,0.9675675675675676,2026-08-13T20:15:00+00:00,76.23,6,0.00223009,-0.00039355,UNRESOLVED
2026-08-13T20:10:35.196486+00:00,1786651500,1786651800,SOL/USD,DOWN,76.23,0.6943988308761884,0.9621621621621622,0.9540540540540541,0.9675675675675676,2026-08-13T20:15:00+00:00,76.23,12,0.00223009,-0.00039355,UNRESOLVED
2026-08-13T20:10:35.196531+00:00,1786651500,1786651800,XRP/USD,DOWN,1.01005,0.597629443844454,0.9216216216216216,0.918918918918919,0.8621621621621621,2026-08-13T20:15:00+00:00,1.01005,3,0.00160388,-0.00047522,UNRESOLVED
2026-08-13T20:10:35.196531+00:00,1786651500,1786651800,XRP/USD,DOWN,1.01005,0.597629443844454,0.9216216216216216,0.918918918918919,0.8621621621621621,2026-08-13T20:15:00+00:00,1.01005,6,0.00160388,-0.00047522,UNRESOLVED
2026-08-13T20:10:35.196531+00:00,1786651500,1786651800,XRP/USD,DOWN,1.01005,0.597629443844454,0.9216216216216216,0.918918918918919,0.8621621621621621,2026-08-13T20:15:00+00:00,1.01005,12,0.00237612,-0.00047522,UNRESOLVED
2026-08-13T20:10:50.582857+00:00,1786651500,1786651800,ADA/USD,UP,0.181533,0.9956269798432642,0.9888888888888889,0.9916666666666667,0.9861111111111112,2026-08-13T20:15:00+00:00,0.181533,3,0.00323908,-0.00073265,ACCEPTED
2026-08-13T20:10:50.582857+00:00,1786651500,1786651800,ADA/USD,UP,0.181533,0.9956269798432642,0.9888888888888889,0.9916666666666667,0.9861111111111112,2026-08-13T20:15:00+00:00,0.181533,6,0.00323908,-0.00073265,ACCEPTED
2026-08-13T20:10:50.582857+00:00,1786651500,1786651800,ADA/USD,UP,0.181533,0.9956269798432642,0.9888888888888889,0.9916666666666667,0.9861111111111112,2026-08-13T20:15:00+00:00,0.181533,12,0.00323908,-0.00073265,ACCEPTED
2026-08-13T20:10:50.582888+00:00,1786651500,1786651800,LINK/USD,UP,8.83989,0.7668628007309823,0.9607843137254902,0.9551820728291317,0.9663865546218487,2026-08-13T20:15:00+00:00,8.83989,3,1.244e-05,-0.00134956,UNRESOLVED
2026-08-13T20:10:50.582888+00:00,1786651500,1786651800,LINK/USD,UP,8.83989,0.7668628007309823,0.9607843137254902,0.9551820728291317,0.9663865546218487,2026-08-13T20:15:00+00:00,8.83989,6,1.244e-05,-0.00193215,UNRESOLVED
2026-08-13T20:10:50.582888+00:00,1786651500,1786651800,LINK/USD,UP,8.83989,0.7668628007309823,0.9607843137254902,0.9551820728291317,0.9663865546218487,2026-08-13T20:15:00+00:00,8.83989,12,0.00114255,-0.0023179,UNRESOLVED
2026-08-13T20:11:05.965359+00:00,1786651500,1786651800,LTC/USD,DOWN,44.76,0.6692333876613432,0.9378378378378378,0.9324324324324325,0.8702702702702703,2026-08-13T20:15:00+00:00,44.76,3,0.00089366,0.0,UNRESOLVED
2026-08-13T20:11:05.965359+00:00,1786651500,1786651800,LTC/USD,DOWN,44.76,0.6692333876613432,0.9378378378378378,0.9324324324324325,0.8702702702702703,2026-08-13T20:15:00+00:00,44.76,6,0.00134048,0.0,UNRESOLVED
2026-08-13T20:11:05.965359+00:00,1786651500,1786651800,LTC/USD,DOWN,44.76,0.6692333876613432,0.9378378378378378,0.9324324324324325,0.8702702702702703,2026-08-13T20:15:00+00:00,44.76,12,0.00178731,0.0,UNRESOLVED
2026-08-13T20:15:27.136240+00:00,1786651800,1786652100,SOL/USD,DOWN,76.12,0.8145935331783344,0.8648648648648649,0.8783783783783784,0.9351351351351351,2026-08-13T20:20:00+00:00,76.12,3,0.00039411,-0.00105097,UNRESOLVED
2026-08-13T20:15:27.136240+00:00,1786651800,1786652100,SOL/USD,DOWN,76.12,0.8145935331783344,0.8648648648648649,0.8783783783783784,0.9351351351351351,2026-08-13T20:20:00+00:00,76.12,6,0.00039411,-0.0018392,UNRESOLVED
2026-08-13T20:15:27.136240+00:00,1786651800,1786652100,SOL/USD,DOWN,76.12,0.8145935331783344,0.8648648648648649,0.8783783783783784,0.9351351351351351,2026-08-13T20:20:00+00:00,76.12,12,0.00039411,-0.0018392,UNRESOLVED
2026-08-13T20:15:57.933769+00:00,1786651800,1786652100,LTC/USD,DOWN,44.75,0.6824439263406961,0.7972972972972973,0.8054054054054054,0.5027027027027027,2026-08-13T20:20:00+00:00,44.75,3,0.00089385,-0.00022346,UNRESOLVED
2026-08-13T20:15:57.933769+00:00,1786651800,1786652100,LTC/USD,DOWN,44.75,0.6824439263406961,0.7972972972972973,0.8054054054054054,0.5027027027027027,2026-08-13T20:20:00+00:00,44.75,6,0.00111732,-0.00022346,UNRESOLVED
2026-08-13T20:15:57.933769+00:00,1786651800,1786652100,LTC/USD,DOWN,44.75,0.6824439263406961,0.7972972972972973,0.8054054054054054,0.5027027027027027,2026-08-13T20:20:00+00:00,44.75,12,0.00156425,-0.00022346,UNRESOLVED
2026-08-13T20:20:34.448697+00:00,1786652100,1786652400,SOL/USD,UP,76.16,0.9011911070167832,0.7081081081081081,0.7837837837837838,0.5864864864864865,2026-08-13T20:25:00+00:00,76.16,3,0.00131303,-0.00091912,UNRESOLVED
2026-08-13T20:20:34.448697+00:00,1786652100,1786652400,SOL/USD,UP,76.16,0.9011911070167832,0.7081081081081081,0.7837837837837838,0.5864864864864865,2026-08-13T20:25:00+00:00,76.16,6,0.00131303,-0.00091912,UNRESOLVED
2026-08-13T20:20:34.448697+00:00,1786652100,1786652400,SOL/USD,UP,76.16,0.9011911070167832,0.7081081081081081,0.7837837837837838,0.5864864864864865,2026-08-13T20:25:00+00:00,76.16,12,0.00131303,-0.00091912,UNRESOLVED
2026-08-13T20:20:34.448712+00:00,1786652100,1786652400,BTC/USD,UP,63377.7,0.8499140421447313,0.7994579945799458,0.8644986449864499,0.6558265582655827,2026-08-13T20:25:00+00:00,63377.7,3,0.0004702,-0.00014358,UNRESOLVED
2026-08-13T20:20:34.448712+00:00,1786652100,1786652400,BTC/USD,UP,63377.7,0.8499140421447313,0.7994579945799458,0.8644986449864499,0.6558265582655827,2026-08-13T20:25:00+00:00,63377.7,6,0.0004702,-0.00065165,UNRESOLVED
2026-08-13T20:20:34.448712+00:00,1786652100,1786652400,BTC/USD,UP,63377.7,0.8499140421447313,0.7994579945799458,0.8644986449864499,0.6558265582655827,2026-08-13T20:25:00+00:00,63377.7,12,0.00050964,-0.00085835,UNRESOLVED
2026-08-13T20:21:05.216056+00:00,1786652100,1786652400,AAVE/USD,UP,88.11,1.0,0.8893129770992366,0.9083969465648855,0.8664122137404581,2026-08-13T20:25:00+00:00,88.11,3,0.00181591,0.0,UNRESOLVED
2026-08-13T20:21:05.216056+00:00,1786652100,1786652400,AAVE/USD,UP,88.11,1.0,0.8893129770992366,0.9083969465648855,0.8664122137404581,2026-08-13T20:25:00+00:00,88.11,6,0.00181591,0.0,UNRESOLVED
2026-08-13T20:21:05.216056+00:00,1786652100,1786652400,AAVE/USD,UP,88.11,1.0,0.8893129770992366,0.9083969465648855,0.8664122137404581,2026-08-13T20:25:00+00:00,88.11,12,0.00261037,0.0,ACCEPTED
2026-08-13T20:25:11.000728+00:00,1786652400,1786652700,LTC/USD,DOWN,44.72,0.7396513927378855,0.7810810810810811,0.8081081081081081,0.6216216216216216,2026-08-13T20:30:00+00:00,44.72,3,0.00044723,-0.00044723,UNRESOLVED
2026-08-13T20:25:11.000728+00:00,1786652400,1786652700,LTC/USD,DOWN,44.72,0.7396513927378855,0.7810810810810811,0.8081081081081081,0.6216216216216216,2026-08-13T20:30:00+00:00,44.72,6,0.00089445,-0.00044723,UNRESOLVED
2026-08-13T20:25:11.000728+00:00,1786652400,1786652700,LTC/USD,DOWN,44.72,0.7396513927378855,0.7810810810810811,0.8081081081081081,0.6216216216216216,2026-08-13T20:30:00+00:00,44.72,12,0.00089445,-0.00067084,UNRESOLVED
2026-08-13T20:25:57.140334+00:00,1786652400,1786652700,AVAX/USD,DOWN,6.407,0.969810186188267,0.7478991596638656,0.7759103641456583,0.680672268907563,2026-08-13T20:30:00+00:00,6.407,3,0.00015608,-0.00031216,UNRESOLVED
2026-08-13T20:25:57.140334+00:00,1786652400,1786652700,AVAX/USD,DOWN,6.407,0.969810186188267,0.7478991596638656,0.7759103641456583,0.680672268907563,2026-08-13T20:30:00+00:00,6.407,6,0.00062432,-0.00031216,UNRESOLVED
2026-08-13T20:25:57.140334+00:00,1786652400,1786652700,AVAX/USD,DOWN,6.407,0.969810186188267,0.7478991596638656,0.7759103641456583,0.680672268907563,2026-08-13T20:30:00+00:00,6.407,12,0.00062432,-0.00046824,UNRESOLVED
2026-08-13T20:30:49.118290+00:00,1786652700,1786653000,LINK/USD,UP,8.83068,0.9588653223246678,0.7703081232492998,0.8095238095238095,0.6946778711484594,2026-08-13T20:35:00+00:00,8.83068,3,0.00039295,-0.00089121,UNRESOLVED
2026-08-13T20:30:49.118290+00:00,1786652700,1786653000,LINK/USD,UP,8.83068,0.9588653223246678,0.7703081232492998,0.8095238095238095,0.6946778711484594,2026-08-13T20:35:00+00:00,8.83068,6,0.00039295,-0.00127736,UNRESOLVED
2026-08-13T20:30:49.118290+00:00,1786652700,1786653000,LINK/USD,UP,8.83068,0.9588653223246678,0.7703081232492998,0.8095238095238095,0.6946778711484594,2026-08-13T20:35:00+00:00,8.83068,12,0.00227389,-0.00127736,UNRESOLVED
2026-08-13T20:35:56.496010+00:00,1786653000,1786653300,SOL/USD,DOWN,76.23,0.5835738359936898,0.727027027027027,0.7054054054054054,0.8864864864864865,2026-08-13T20:40:00+00:00,76.23,3,0.00131182,-0.00039355,UNRESOLVED
2026-08-13T20:35:56.496010+00:00,1786653000,1786653300,SOL/USD,DOWN,76.23,0.5835738359936898,0.727027027027027,0.7054054054054054,0.8864864864864865,2026-08-13T20:40:00+00:00,76.23,6,0.00170537,-0.00039355,UNRESOLVED
2026-08-13T20:35:56.496010+00:00,1786653000,1786653300,SOL/USD,DOWN,76.23,0.5835738359936898,0.727027027027027,0.7054054054054054,0.8864864864864865,2026-08-13T20:40:00+00:00,76.23,12,0.00183655,-0.00039355,UNRESOLVED
2026-08-13T20:36:11.880506+00:00,1786653000,1786653300,DOGE/USD,DOWN,0.0702079,0.9995543479525485,0.9129213483146067,0.9297752808988764,0.7415730337078652,2026-08-13T20:40:00+00:00,0.0702079,3,0.0010768,-0.00014956,UNRESOLVED
2026-08-13T20:36:11.880506+00:00,1786653000,1786653300,DOGE/USD,DOWN,0.0702079,0.9995543479525485,0.9129213483146067,0.9297752808988764,0.7415730337078652,2026-08-13T20:40:00+00:00,0.0702079,6,0.0015682,-0.00014956,UNRESOLVED
2026-08-13T20:36:11.880506+00:00,1786653000,1786653300,DOGE/USD,DOWN,0.0702079,0.9995543479525485,0.9129213483146067,0.9297752808988764,0.7415730337078652,2026-08-13T20:40:00+00:00,0.0702079,12,0.0015682,-0.00014956,UNRESOLVED
2026-08-13T20:41:19.193783+00:00,1786653300,1786653600,SOL/USD,DOWN,76.2,0.681545435267203,0.9324324324324325,0.9216216216216216,0.9,2026-08-13T20:45:00+00:00,76.2,3,0.0011811,0.0,UNRESOLVED
2026-08-13T20:41:19.193783+00:00,1786653300,1786653600,SOL/USD,DOWN,76.2,0.681545435267203,0.9324324324324325,0.9216216216216216,0.9,2026-08-13T20:45:00+00:00,76.2,6,0.00131234,-0.00052493,UNRESOLVED
2026-08-13T20:41:19.193783+00:00,1786653300,1786653600,SOL/USD,DOWN,76.2,0.681545435267203,0.9324324324324325,0.9216216216216216,0.9,2026-08-13T20:45:00+00:00,76.2,12,0.00183727,-0.00052493,UNRESOLVED
2026-08-13T20:45:25.074094+00:00,1786653600,1786653900,BTC/USD,DOWN,63352.6,0.5138110739244204,0.8563685636856369,0.8482384823848238,0.8238482384823849,2026-08-13T20:50:00+00:00,63352.6,3,0.00046249,-3.473e-05,UNRESOLVED
2026-08-13T20:45:25.074094+00:00,1786653600,1786653900,BTC/USD,DOWN,63352.6,0.5138110739244204,0.8563685636856369,0.8482384823848238,0.8238482384823849,2026-08-13T20:50:00+00:00,63352.6,6,0.00046249,-0.00090604,UNRESOLVED
2026-08-13T20:45:25.074094+00:00,1786653600,1786653900,BTC/USD,DOWN,63352.6,0.5138110739244204,0.8563685636856369,0.8482384823848238,0.8238482384823849,2026-08-13T20:50:00+00:00,63352.6,12,0.00046249,-0.00133538,UNRESOLVED
2026-08-13T20:50:47.907665+00:00,1786653900,1786654200,ADA/USD,DOWN,0.18151,0.9824675540109898,0.8222222222222222,0.8722222222222222,0.8444444444444444,2026-08-13T20:55:00+00:00,0.18151,3,-0.00040769,-0.00279874,FAILED
2026-08-13T20:50:47.907665+00:00,1786653900,1786654200,ADA/USD,DOWN,0.18151,0.9824675540109898,0.8222222222222222,0.8722222222222222,0.8444444444444444,2026-08-13T20:55:00+00:00,0.18151,6,-0.00040769,-0.00359209,FAILED
2026-08-13T20:50:47.907665+00:00,1786653900,1786654200,ADA/USD,DOWN,0.18151,0.9824675540109898,0.8222222222222222,0.8722222222222222,0.8444444444444444,2026-08-13T20:55:00+00:00,0.18151,12,4.958e-05,-0.00359209,FAILED
2026-08-13T20:51:03.302890+00:00,1786653900,1786654200,LTC/USD,DOWN,44.68,0.7653115907295783,0.9351351351351351,0.9378378378378378,0.9378378378378378,2026-08-13T20:55:00+00:00,44.68,3,-0.00022381,-0.00089526,UNRESOLVED
2026-08-13T20:51:03.302890+00:00,1786653900,1786654200,LTC/USD,DOWN,44.68,0.7653115907295783,0.9351351351351351,0.9378378378378378,0.9378378378378378,2026-08-13T20:55:00+00:00,44.68,6,-0.00022381,-0.0015667,UNRESOLVED
2026-08-13T20:51:03.302890+00:00,1786653900,1786654200,LTC/USD,DOWN,44.68,0.7653115907295783,0.9351351351351351,0.9378378378378378,0.9378378378378378,2026-08-13T20:55:00+00:00,44.68,12,0.00022381,-0.0015667,UNRESOLVED
2026-08-13T20:55:39.892823+00:00,1786654200,1786654500,BTC/USD,DOWN,63323.4,0.7610267351924732,0.7289972899728997,0.8130081300813008,0.6422764227642277,2026-08-13T21:00:00+00:00,63323.4,3,1.58e-06,-0.00136758,UNRESOLVED
2026-08-13T20:55:39.892823+00:00,1786654200,1786654500,BTC/USD,DOWN,63323.4,0.7610267351924732,0.7289972899728997,0.8130081300813008,0.6422764227642277,2026-08-13T21:00:00+00:00,63323.4,6,1.58e-06,-0.00136758,UNRESOLVED
2026-08-13T20:55:39.892823+00:00,1786654200,1786654500,BTC/USD,DOWN,63323.4,0.7610267351924732,0.7289972899728997,0.8130081300813008,0.6422764227642277,2026-08-13T21:00:00+00:00,63323.4,12,1.58e-06,-0.00179712,UNRESOLVED
2026-08-13T21:05:54.785145+00:00,1786654800,1786655100,LINK/USD,UP,8.845,0.9007726738464245,0.8291316526610645,0.84593837535014,0.7338935574229691,2026-08-13T21:10:00+00:00,8.845,3,0.00056529,-0.00107518,UNRESOLVED
2026-08-13T21:05:54.785145+00:00,1786654800,1786655100,LINK/USD,UP,8.845,0.9007726738464245,0.8291316526610645,0.84593837535014,0.7338935574229691,2026-08-13T21:10:00+00:00,8.845,6,0.00320068,-0.001342,ACCEPTED
2026-08-13T21:05:54.785145+00:00,1786654800,1786655100,LINK/USD,UP,8.845,0.9007726738464245,0.8291316526610645,0.84593837535014,0.7338935574229691,2026-08-13T21:10:00+00:00,8.845,12,0.00393103,-0.001342,ACCEPTED
2026-08-13T21:05:54.785175+00:00,1786654800,1786655100,DOT/USD,DOWN,0.771,0.6663978713958679,0.7392638036809815,0.7331288343558282,0.8220858895705522,2026-08-13T21:10:00+00:00,0.771,3,-0.00129702,-0.00259403,FAILED
2026-08-13T21:05:54.785175+00:00,1786654800,1786655100,DOT/USD,DOWN,0.771,0.6663978713958679,0.7392638036809815,0.7331288343558282,0.8220858895705522,2026-08-13T21:10:00+00:00,0.771,6,-0.00129702,-0.00363165,FAILED
2026-08-13T21:05:54.785175+00:00,1786654800,1786655100,DOT/USD,DOWN,0.771,0.6663978713958679,0.7392638036809815,0.7331288343558282,0.8220858895705522,2026-08-13T21:10:00+00:00,0.771,12,-0.00129702,-0.00363165,FAILED
2026-08-13T21:05:54.785206+00:00,1786654800,1786655100,LTC/USD,DOWN,44.72,0.5687733716697067,0.9054054054054054,0.8594594594594595,0.9243243243243243,2026-08-13T21:10:00+00:00,44.72,3,0.00022361,-0.00067084,UNRESOLVED
2026-08-13T21:05:54.785206+00:00,1786654800,1786655100,LTC/USD,DOWN,44.72,0.5687733716697067,0.9054054054054054,0.8594594594594595,0.9243243243243243,2026-08-13T21:10:00+00:00,44.72,6,0.00067084,-0.00067084,UNRESOLVED
2026-08-13T21:05:54.785206+00:00,1786654800,1786655100,LTC/USD,DOWN,44.72,0.5687733716697067,0.9054054054054054,0.8594594594594595,0.9243243243243243,2026-08-13T21:10:00+00:00,44.72,12,0.00111807,-0.00067084,UNRESOLVED
2026-08-13T21:10:46.835023+00:00,1786655100,1786655400,ADA/USD,DOWN,0.181954,0.8727628376632057,0.7555555555555555,0.7777777777777778,0.2777777777777778,2026-08-13T21:15:00+00:00,0.181954,3,0.00010442,-0.00114315,UNRESOLVED
2026-08-13T21:10:46.835023+00:00,1786655100,1786655400,ADA/USD,DOWN,0.181954,0.8727628376632057,0.7555555555555555,0.7777777777777778,0.2777777777777778,2026-08-13T21:15:00+00:00,0.181954,6,0.00248964,-0.00114315,UNRESOLVED
2026-08-13T21:10:46.835023+00:00,1786655100,1786655400,ADA/USD,DOWN,0.181954,0.8727628376632057,0.7555555555555555,0.7777777777777778,0.2777777777777778,2026-08-13T21:15:00+00:00,0.181954,12,0.00248964,-0.00114315,UNRESOLVED
2026-08-13T21:10:46.835085+00:00,1786655100,1786655400,DOT/USD,UP,0.7728,1.0,0.8987730061349694,0.9141104294478528,0.8834355828220859,2026-08-13T21:15:00+00:00,0.7728,3,0.0002588,-0.0003882,UNRESOLVED
2026-08-13T21:10:46.835085+00:00,1786655100,1786655400,DOT/USD,UP,0.7728,1.0,0.8987730061349694,0.9141104294478528,0.8834355828220859,2026-08-13T21:15:00+00:00,0.7728,6,0.001294,-0.0003882,UNRESOLVED
2026-08-13T21:10:46.835085+00:00,1786655100,1786655400,DOT/USD,UP,0.7728,1.0,0.8987730061349694,0.9141104294478528,0.8834355828220859,2026-08-13T21:15:00+00:00,0.7728,12,0.001294,-0.0003882,UNRESOLVED
2026-08-13T21:15:38.914737+00:00,1786655400,1786655700,XRP/USD,DOWN,1.0079,0.8902504453840361,0.9297297297297298,0.9513513513513514,0.8081081081081081,2026-08-13T21:20:00+00:00,1.0079,3,0.00037702,-0.0005953,UNRESOLVED
2026-08-13T21:15:38.914737+00:00,1786655400,1786655700,XRP/USD,DOWN,1.0079,0.8902504453840361,0.9297297297297298,0.9513513513513514,0.8081081081081081,2026-08-13T21:20:00+00:00,1.0079,6,0.00118067,-0.0005953,UNRESOLVED
2026-08-13T21:15:38.914737+00:00,1786655400,1786655700,XRP/USD,DOWN,1.0079,0.8902504453840361,0.9297297297297298,0.9513513513513514,0.8081081081081081,2026-08-13T21:20:00+00:00,1.0079,12,0.00118067,-0.00195456,UNRESOLVED
2026-08-13T21:25:07.789343+00:00,1786656000,1786656300,DOT/USD,DOWN,0.7728,1.0,0.7822085889570553,0.8098159509202454,0.4294478527607362,2026-08-13T21:30:00+00:00,0.7728,3,0.0001294,-0.001294,UNRESOLVED
2026-08-13T21:25:07.789343+00:00,1786656000,1786656300,DOT/USD,DOWN,0.7728,1.0,0.7822085889570553,0.8098159509202454,0.4294478527607362,2026-08-13T21:30:00+00:00,0.7728,6,0.0001294,-0.001294,UNRESOLVED
2026-08-13T21:25:07.789343+00:00,1786656000,1786656300,DOT/USD,DOWN,0.7728,1.0,0.7822085889570553,0.8098159509202454,0.4294478527607362,2026-08-13T21:30:00+00:00,0.7728,12,0.0001294,-0.001294,UNRESOLVED
2026-08-13T21:25:23.181133+00:00,1786656000,1786656300,LTC/USD,DOWN,44.69,0.9157435573429739,0.9513513513513514,0.9594594594594594,0.8891891891891892,2026-08-13T21:30:00+00:00,44.69,3,0.0,-0.00089505,UNRESOLVED
2026-08-13T21:25:23.181133+00:00,1786656000,1786656300,LTC/USD,DOWN,44.69,0.9157435573429739,0.9513513513513514,0.9594594594594594,0.8891891891891892,2026-08-13T21:30:00+00:00,44.69,6,0.00044753,-0.00089505,UNRESOLVED
2026-08-13T21:25:23.181133+00:00,1786656000,1786656300,LTC/USD,DOWN,44.69,0.9157435573429739,0.9513513513513514,0.9594594594594594,0.8891891891891892,2026-08-13T21:30:00+00:00,44.69,12,0.00044753,-0.00268516,FAILED
2026-08-13T21:30:15.317514+00:00,1786656300,1786656600,LTC/USD,DOWN,44.72,0.8737983551309865,0.9324324324324325,0.9459459459459459,0.7783783783783784,2026-08-13T21:35:00+00:00,44.72,3,0.00089445,-0.00022361,UNRESOLVED
2026-08-13T21:30:15.317514+00:00,1786656300,1786656600,LTC/USD,DOWN,44.72,0.8737983551309865,0.9324324324324325,0.9459459459459459,0.7783783783783784,2026-08-13T21:35:00+00:00,44.72,6,0.00111807,-0.00022361,UNRESOLVED
2026-08-13T21:30:15.317514+00:00,1786656300,1786656600,LTC/USD,DOWN,44.72,0.8737983551309865,0.9324324324324325,0.9459459459459459,0.7783783783783784,2026-08-13T21:35:00+00:00,44.72,12,0.00111807,-0.00201252,UNRESOLVED
2026-08-13T21:30:46.083536+00:00,1786656300,1786656600,BTC/USD,DOWN,63383.1,0.6698768234297755,0.8238482384823849,0.8590785907859079,0.6937669376693767,2026-08-13T21:35:00+00:00,63383.1,3,5.838e-05,-0.00085354,UNRESOLVED
2026-08-13T21:30:46.083536+00:00,1786656300,1786656600,BTC/USD,DOWN,63383.1,0.6698768234297755,0.8238482384823849,0.8590785907859079,0.6937669376693767,2026-08-13T21:35:00+00:00,63383.1,6,9.94e-05,-0.00085354,UNRESOLVED
2026-08-13T21:30:46.083536+00:00,1786656300,1786656600,BTC/USD,DOWN,63383.1,0.6698768234297755,0.8238482384823849,0.8590785907859079,0.6937669376693767,2026-08-13T21:35:00+00:00,63383.1,12,9.94e-05,-0.0029014,FAILED
2026-08-13T21:31:01.491905+00:00,1786656300,1786656600,LINK/USD,UP,8.85043,1.0,0.7899159663865546,0.8291316526610645,0.6946778711484594,2026-08-13T21:35:00+00:00,8.85043,3,0.00258519,-1.356e-05,ACCEPTED
2026-08-13T21:31:01.491905+00:00,1786656300,1786656600,LINK/USD,UP,8.85043,1.0,0.7899159663865546,0.8291316526610645,0.6946778711484594,2026-08-13T21:35:00+00:00,8.85043,6,0.00258519,-1.356e-05,ACCEPTED
2026-08-13T21:31:01.491905+00:00,1786656300,1786656600,LINK/USD,UP,8.85043,1.0,0.7899159663865546,0.8291316526610645,0.6946778711484594,2026-08-13T21:35:00+00:00,8.85043,12,0.00593982,-1.356e-05,ACCEPTED
2026-08-13T21:31:16.889659+00:00,1786656300,1786656600,AAVE/USD,DOWN,88.5,0.8677903293059539,0.8702290076335878,0.8816793893129771,0.6603053435114504,2026-08-13T21:35:00+00:00,88.5,3,0.00169492,0.0,UNRESOLVED
2026-08-13T21:31:16.889659+00:00,1786656300,1786656600,AAVE/USD,DOWN,88.5,0.8677903293059539,0.8702290076335878,0.8816793893129771,0.6603053435114504,2026-08-13T21:35:00+00:00,88.5,6,0.00237288,0.0,UNRESOLVED
2026-08-13T21:31:16.889659+00:00,1786656300,1786656600,AAVE/USD,DOWN,88.5,0.8677903293059539,0.8702290076335878,0.8816793893129771,0.6603053435114504,2026-08-13T21:35:00+00:00,88.5,12,0.00237288,-0.00045198,UNRESOLVED
2026-08-13T21:35:22.893919+00:00,1786656600,1786656900,LINK/USD,UP,8.85538,0.793640618765132,0.773109243697479,0.7815126050420168,0.9411764705882353,2026-08-13T21:40:00+00:00,8.85538,3,0.00192651,-5.985e-05,UNRESOLVED
2026-08-13T21:35:22.893919+00:00,1786656600,1786656900,LINK/USD,UP,8.85538,0.793640618765132,0.773109243697479,0.7815126050420168,0.9411764705882353,2026-08-13T21:40:00+00:00,8.85538,6,0.00275426,-0.00033652,ACCEPTED
2026-08-13T21:35:22.893919+00:00,1786656600,1786656900,LINK/USD,UP,8.85538,0.793640618765132,0.773109243697479,0.7815126050420168,0.9411764705882353,2026-08-13T21:40:00+00:00,8.85538,12,0.00537752,-0.00036023,ACCEPTED
2026-08-13T21:36:09.055649+00:00,1786656600,1786656900,BTC/USD,UP,63410.0,0.6543339525016434,0.8428184281842819,0.8699186991869918,0.8130081300813008,2026-08-13T21:40:00+00:00,63410.0,3,0.00042895,-0.00052358,UNRESOLVED
2026-08-13T21:36:09.055649+00:00,1786656600,1786656900,BTC/USD,UP,63410.0,0.6543339525016434,0.8428184281842819,0.8699186991869918,0.8130081300813008,2026-08-13T21:40:00+00:00,63410.0,6,0.00114966,-0.00052358,UNRESOLVED
2026-08-13T21:36:09.055649+00:00,1786656600,1786656900,BTC/USD,UP,63410.0,0.6543339525016434,0.8428184281842819,0.8699186991869918,0.8130081300813008,2026-08-13T21:40:00+00:00,63410.0,12,0.00247595,-0.00052358,UNRESOLVED
2026-08-13T21:40:15.050036+00:00,1786656900,1786657200,BTC/USD,UP,63424.2,0.8279047887194763,0.8590785907859079,0.9132791327913279,0.6531165311653117,2026-08-13T21:45:00+00:00,63424.2,3,0.00020497,-0.00074735,UNRESOLVED
2026-08-13T21:40:15.050036+00:00,1786656900,1786657200,BTC/USD,UP,63424.2,0.8279047887194763,0.8590785907859079,0.9132791327913279,0.6531165311653117,2026-08-13T21:45:00+00:00,63424.2,6,0.00206388,-0.00074735,UNRESOLVED
2026-08-13T21:40:15.050036+00:00,1786656900,1786657200,BTC/USD,UP,63424.2,0.8279047887194763,0.8590785907859079,0.9132791327913279,0.6531165311653117,2026-08-13T21:45:00+00:00,63424.2,12,0.00225151,-0.00074735,UNRESOLVED
2026-08-13T21:40:15.050052+00:00,1786656900,1786657200,ETH/USD,UP,1887.48,0.8588522200240708,0.7783783783783784,0.8405405405405405,0.8135135135135135,2026-08-13T21:45:00+00:00,1887.48,3,4.238e-05,-0.00066226,UNRESOLVED
2026-08-13T21:40:15.050052+00:00,1786656900,1786657200,ETH/USD,UP,1887.48,0.8588522200240708,0.7783783783783784,0.8405405405405405,0.8135135135135135,2026-08-13T21:45:00+00:00,1887.48,6,0.00176956,-0.00066226,UNRESOLVED
2026-08-13T21:40:15.050052+00:00,1786656900,1786657200,ETH/USD,UP,1887.48,0.8588522200240708,0.7783783783783784,0.8405405405405405,0.8135135135135135,2026-08-13T21:45:00+00:00,1887.48,12,0.00183313,-0.00066226,UNRESOLVED
2026-08-13T21:40:30.457908+00:00,1786656900,1786657200,ADA/USD,UP,0.181703,0.6540402329422756,0.8277777777777777,0.8083333333333333,0.9083333333333333,2026-08-13T21:45:00+00:00,0.181703,3,0.0003082,-0.00106768,UNRESOLVED
2026-08-13T21:40:30.457908+00:00,1786656900,1786657200,ADA/USD,UP,0.181703,0.6540402329422756,0.8277777777777777,0.8083333333333333,0.9083333333333333,2026-08-13T21:45:00+00:00,0.181703,6,0.00177212,-0.00106768,UNRESOLVED
2026-08-13T21:40:30.457908+00:00,1786656900,1786657200,ADA/USD,UP,0.181703,0.6540402329422756,0.8277777777777777,0.8083333333333333,0.9083333333333333,2026-08-13T21:45:00+00:00,0.181703,12,0.00528885,-0.00106768,ACCEPTED
2026-08-13T21:40:30.457969+00:00,1786656900,1786657200,DOT/USD,DOWN,0.7733,1.0,0.754601226993865,0.7883435582822086,0.5521472392638037,2026-08-13T21:45:00+00:00,0.7733,3,0.00051726,-0.00038795,UNRESOLVED
2026-08-13T21:40:30.457969+00:00,1786656900,1786657200,DOT/USD,DOWN,0.7733,1.0,0.754601226993865,0.7883435582822086,0.5521472392638037,2026-08-13T21:45:00+00:00,0.7733,6,0.0007759,-0.00038795,UNRESOLVED
2026-08-13T21:40:30.457969+00:00,1786656900,1786657200,DOT/USD,DOWN,0.7733,1.0,0.754601226993865,0.7883435582822086,0.5521472392638037,2026-08-13T21:45:00+00:00,0.7733,12,0.0007759,-0.00219837,UNRESOLVED
2026-08-13T21:50:30.193006+00:00,1786657500,1786657800,ADA/USD,DOWN,0.181509,0.9406491737274731,0.7777777777777778,0.8222222222222222,0.7416666666666667,2026-08-13T21:55:00+00:00,0.181509,3,-0.00039667,-0.00284283,FAILED
2026-08-13T21:50:30.193006+00:00,1786657500,1786657800,ADA/USD,DOWN,0.181509,0.9406491737274731,0.7777777777777778,0.8222222222222222,0.7416666666666667,2026-08-13T21:55:00+00:00,0.181509,6,-0.00039667,-0.00383452,FAILED
2026-08-13T21:50:30.193006+00:00,1786657500,1786657800,ADA/USD,DOWN,0.181509,0.9406491737274731,0.7777777777777778,0.8222222222222222,0.7416666666666667,2026-08-13T21:55:00+00:00,0.181509,12,-0.00039667,-0.00636332,FAILED
2026-08-13T21:55:37.771143+00:00,1786657800,1786658100,ADA/USD,DOWN,0.181655,0.8539059113326587,0.7805555555555556,0.7972222222222223,0.5583333333333333,2026-08-13T22:00:00+00:00,0.181655,3,0.00040737,-0.00203683,UNRESOLVED
2026-08-13T21:55:37.771143+00:00,1786657800,1786658100,ADA/USD,DOWN,0.181655,0.8539059113326587,0.7805555555555556,0.7972222222222223,0.5583333333333333,2026-08-13T22:00:00+00:00,0.181655,6,0.00040737,-0.00481132,FAILED
2026-08-13T21:55:37.771143+00:00,1786657800,1786658100,ADA/USD,DOWN,0.181655,0.8539059113326587,0.7805555555555556,0.7972222222222223,0.5583333333333333,2026-08-13T22:00:00+00:00,0.181655,12,0.00040737,-0.00555449,FAILED
2026-08-13T22:05:22.226521+00:00,1786658400,1786658700,SOL/USD,UP,76.25,0.9560263087223272,0.9054054054054054,0.9297297297297298,0.845945945945946,2026-08-13T22:10:00+00:00,76.25,3,0.00157377,-0.0002623,UNRESOLVED
2026-08-13T22:05:22.226521+00:00,1786658400,1786658700,SOL/USD,UP,76.25,0.9560263087223272,0.9054054054054054,0.9297297297297298,0.845945945945946,2026-08-13T22:10:00+00:00,76.25,6,0.00157377,-0.0002623,UNRESOLVED
2026-08-13T22:05:22.226521+00:00,1786658400,1786658700,SOL/USD,UP,76.25,0.9560263087223272,0.9054054054054054,0.9297297297297298,0.845945945945946,2026-08-13T22:10:00+00:00,76.25,12,0.00157377,-0.00183607,UNRESOLVED
2026-08-13T22:05:37.624901+00:00,1786658400,1786658700,DOGE/USD,DOWN,0.0701757,0.9970299229947548,0.8314606741573034,0.8707865168539326,0.7415730337078652,2026-08-13T22:10:00+00:00,0.0701757,3,6.84e-05,-0.0011628,UNRESOLVED
2026-08-13T22:05:37.624901+00:00,1786658400,1786658700,DOGE/USD,DOWN,0.0701757,0.9970299229947548,0.8314606741573034,0.8707865168539326,0.7415730337078652,2026-08-13T22:10:00+00:00,0.0701757,6,6.84e-05,-0.00163019,UNRESOLVED
2026-08-13T22:05:37.624901+00:00,1786658400,1786658700,DOGE/USD,DOWN,0.0701757,0.9970299229947548,0.8314606741573034,0.8707865168539326,0.7415730337078652,2026-08-13T22:10:00+00:00,0.0701757,12,0.00213322,-0.00163019,UNRESOLVED
2026-08-13T22:05:53.021547+00:00,1786658400,1786658700,AVAX/USD,UP,6.43,1.0,0.834733893557423,0.8627450980392157,0.8739495798319328,2026-08-13T22:10:00+00:00,6.43,3,0.00108865,-0.00015552,UNRESOLVED
2026-08-13T22:05:53.021547+00:00,1786658400,1786658700,AVAX/USD,UP,6.43,1.0,0.834733893557423,0.8627450980392157,0.8739495798319328,2026-08-13T22:10:00+00:00,6.43,6,0.00139969,-0.00015552,UNRESOLVED
2026-08-13T22:05:53.021547+00:00,1786658400,1786658700,AVAX/USD,UP,6.43,1.0,0.834733893557423,0.8627450980392157,0.8739495798319328,2026-08-13T22:10:00+00:00,6.43,12,0.00139969,-0.00015552,UNRESOLVED
2026-08-13T22:05:53.021563+00:00,1786658400,1786658700,DOT/USD,UP,0.7728,0.9719393405148798,0.7331288343558282,0.7668711656441718,0.5521472392638037,2026-08-13T22:10:00+00:00,0.7728,3,0.0010352,0.0003882,UNRESOLVED
2026-08-13T22:05:53.021563+00:00,1786658400,1786658700,DOT/USD,UP,0.7728,0.9719393405148798,0.7331288343558282,0.7668711656441718,0.5521472392638037,2026-08-13T22:10:00+00:00,0.7728,6,0.00271739,0.0003882,ACCEPTED
2026-08-13T22:05:53.021563+00:00,1786658400,1786658700,DOT/USD,UP,0.7728,0.9719393405148798,0.7331288343558282,0.7668711656441718,0.5521472392638037,2026-08-13T22:10:00+00:00,0.7728,12,0.00323499,0.0003882,ACCEPTED
2026-08-13T22:05:53.021594+00:00,1786658400,1786658700,LTC/USD,UP,44.72,0.5273367110092153,0.9540540540540541,0.9432432432432433,0.9702702702702702,2026-08-13T22:10:00+00:00,44.72,3,0.00044723,-0.00044723,UNRESOLVED
2026-08-13T22:05:53.021594+00:00,1786658400,1786658700,LTC/USD,UP,44.72,0.5273367110092153,0.9540540540540541,0.9432432432432433,0.9702702702702702,2026-08-13T22:10:00+00:00,44.72,6,0.00290698,-0.00044723,ACCEPTED
2026-08-13T22:05:53.021594+00:00,1786658400,1786658700,LTC/USD,UP,44.72,0.5273367110092153,0.9540540540540541,0.9432432432432433,0.9702702702702702,2026-08-13T22:10:00+00:00,44.72,12,0.00290698,-0.00044723,ACCEPTED
2026-08-13T22:10:29.842044+00:00,1786658700,1786659000,SOL/USD,UP,76.25,0.987367256382757,0.9135135135135135,0.9351351351351351,0.9027027027027027,2026-08-13T22:15:00+00:00,76.25,3,0.00157377,0.00013115,UNRESOLVED
2026-08-13T22:10:29.842044+00:00,1786658700,1786659000,SOL/USD,UP,76.25,0.987367256382757,0.9135135135135135,0.9351351351351351,0.9027027027027027,2026-08-13T22:15:00+00:00,76.25,6,0.00157377,0.00013115,UNRESOLVED
2026-08-13T22:10:29.842044+00:00,1786658700,1786659000,SOL/USD,UP,76.25,0.987367256382757,0.9135135135135135,0.9351351351351351,0.9027027027027027,2026-08-13T22:15:00+00:00,76.25,12,0.00157377,-0.00183607,UNRESOLVED
2026-08-13T22:10:29.842060+00:00,1786658700,1786659000,BTC/USD,UP,63507.1,0.9601070819944219,0.964769647696477,0.975609756097561,0.9295392953929539,2026-08-13T22:15:00+00:00,63507.1,3,0.0009432,0.0,UNRESOLVED
2026-08-13T22:10:29.842060+00:00,1786658700,1786659000,BTC/USD,UP,63507.1,0.9601070819944219,0.964769647696477,0.975609756097561,0.9295392953929539,2026-08-13T22:15:00+00:00,63507.1,6,0.0009432,-3.307e-05,UNRESOLVED
2026-08-13T22:10:29.842060+00:00,1786658700,1786659000,BTC/USD,UP,63507.1,0.9601070819944219,0.964769647696477,0.975609756097561,0.9295392953929539,2026-08-13T22:15:00+00:00,63507.1,12,0.0009432,-0.00161084,UNRESOLVED
2026-08-13T22:10:45.240303+00:00,1786658700,1786659000,AAVE/USD,UP,88.49,0.9893733978663103,0.7137404580152672,0.7480916030534351,0.6603053435114504,2026-08-13T22:15:00+00:00,88.49,3,0.00056504,0.00022601,UNRESOLVED
2026-08-13T22:10:45.240303+00:00,1786658700,1786659000,AAVE/USD,UP,88.49,0.9893733978663103,0.7137404580152672,0.7480916030534351,0.6603053435114504,2026-08-13T22:15:00+00:00,88.49,6,0.00135609,-0.00033902,UNRESOLVED
2026-08-13T22:10:45.240303+00:00,1786658700,1786659000,AAVE/USD,UP,88.49,0.9893733978663103,0.7137404580152672,0.7480916030534351,0.6603053435114504,2026-08-13T22:15:00+00:00,88.49,12,0.00271217,-0.00090406,ACCEPTED
2026-08-13T22:11:00.635910+00:00,1786658700,1786659000,LTC/USD,UP,44.73,0.8579252579530489,0.8108108108108109,0.8405405405405405,0.6756756756756757,2026-08-13T22:15:00+00:00,44.73,3,0.00178851,-0.00067069,UNRESOLVED
2026-08-13T22:11:00.635910+00:00,1786658700,1786659000,LTC/USD,UP,44.73,0.8579252579530489,0.8108108108108109,0.8405405405405405,0.6756756756756757,2026-08-13T22:15:00+00:00,44.73,6,0.00268276,-0.00067069,ACCEPTED
2026-08-13T22:11:00.635910+00:00,1786658700,1786659000,LTC/USD,UP,44.73,0.8579252579530489,0.8108108108108109,0.8405405405405405,0.6756756756756757,2026-08-13T22:15:00+00:00,44.73,12,0.00268276,-0.00067069,ACCEPTED
2026-08-13T22:20:29.701610+00:00,1786659300,1786659600,ETH/USD,UP,1889.89,0.833994511046071,0.8432432432432433,0.8810810810810811,0.6027027027027027,2026-08-13T22:25:00+00:00,1889.89,3,0.00016403,-0.00111118,UNRESOLVED
2026-08-13T22:20:29.701610+00:00,1786659300,1786659600,ETH/USD,UP,1889.89,0.833994511046071,0.8432432432432433,0.8810810810810811,0.6027027027027027,2026-08-13T22:25:00+00:00,1889.89,6,0.00016403,-0.00111118,UNRESOLVED
2026-08-13T22:20:29.701610+00:00,1786659300,1786659600,ETH/USD,UP,1889.89,0.833994511046071,0.8432432432432433,0.8810810810810811,0.6027027027027027,2026-08-13T22:25:00+00:00,1889.89,12,0.00016403,-0.00304251,FAILED
2026-08-13T22:20:45.103091+00:00,1786659300,1786659600,ADA/USD,UP,0.182005,0.7451131452116971,0.8611111111111112,0.8944444444444445,0.8805555555555555,2026-08-13T22:25:00+00:00,0.182005,3,0.00362078,0.0007747,ACCEPTED
2026-08-13T22:20:45.103091+00:00,1786659300,1786659600,ADA/USD,UP,0.182005,0.7451131452116971,0.8611111111111112,0.8944444444444445,0.8805555555555555,2026-08-13T22:25:00+00:00,0.182005,6,0.00362078,0.0007747,ACCEPTED
2026-08-13T22:20:45.103091+00:00,1786659300,1786659600,ADA/USD,UP,0.182005,0.7451131452116971,0.8611111111111112,0.8944444444444445,0.8805555555555555,2026-08-13T22:25:00+00:00,0.182005,12,0.00362078,0.00018131,ACCEPTED
2026-08-13T22:21:00.504580+00:00,1786659300,1786659600,LTC/USD,DOWN,44.71,0.6826535620807244,0.7783783783783784,0.8,0.3945945945945946,2026-08-13T22:25:00+00:00,44.71,3,-0.00022366,-0.00313129,FAILED
2026-08-13T22:21:00.504580+00:00,1786659300,1786659600,LTC/USD,DOWN,44.71,0.6826535620807244,0.7783783783783784,0.8,0.3945945945945946,2026-08-13T22:25:00+00:00,44.71,6,-0.00022366,-0.00313129,FAILED
2026-08-13T22:21:00.504580+00:00,1786659300,1786659600,LTC/USD,DOWN,44.71,0.6826535620807244,0.7783783783783784,0.8,0.3945945945945946,2026-08-13T22:25:00+00:00,44.71,12,-0.00022366,-0.00313129,FAILED
2026-08-13T22:25:37.386653+00:00,1786659600,1786659900,SOL/USD,DOWN,76.33,0.9779107588304697,0.9918918918918919,1.0,0.9864864864864865,2026-08-13T22:30:00+00:00,76.33,3,0.00052404,-0.00039303,UNRESOLVED
2026-08-13T22:25:37.386653+00:00,1786659600,1786659900,SOL/USD,DOWN,76.33,0.9779107588304697,0.9918918918918919,1.0,0.9864864864864865,2026-08-13T22:30:00+00:00,76.33,6,0.00170313,-0.00039303,UNRESOLVED
2026-08-13T22:25:37.386653+00:00,1786659600,1786659900,SOL/USD,DOWN,76.33,0.9779107588304697,0.9918918918918919,1.0,0.9864864864864865,2026-08-13T22:30:00+00:00,76.33,12,0.00340626,-0.00039303,ACCEPTED
2026-08-13T22:25:52.787314+00:00,1786659600,1786659900,ADA/USD,UP,0.18252,1.0,0.8666666666666667,0.925,0.9,2026-08-13T22:30:00+00:00,0.18252,3,0.00078895,-0.00087662,UNRESOLVED
2026-08-13T22:25:52.787314+00:00,1786659600,1786659900,ADA/USD,UP,0.18252,1.0,0.8666666666666667,0.925,0.9,2026-08-13T22:30:00+00:00,0.18252,6,0.00078895,-0.00205457,UNRESOLVED
2026-08-13T22:25:52.787314+00:00,1786659600,1786659900,ADA/USD,UP,0.18252,1.0,0.8666666666666667,0.925,0.9,2026-08-13T22:30:00+00:00,0.18252,12,0.00078895,-0.00264081,FAILED
2026-08-13T22:25:52.787344+00:00,1786659600,1786659900,LINK/USD,UP,8.868,0.9959226012573849,0.9103641456582633,0.927170868347339,0.9355742296918768,2026-08-13T22:30:00+00:00,8.868,3,0.00044655,-0.00178281,UNRESOLVED
2026-08-13T22:25:52.787344+00:00,1786659600,1786659900,LINK/USD,UP,8.868,0.9959226012573849,0.9103641456582633,0.927170868347339,0.9355742296918768,2026-08-13T22:30:00+00:00,8.868,6,0.00044655,-0.00388814,FAILED
2026-08-13T22:25:52.787344+00:00,1786659600,1786659900,LINK/USD,UP,8.868,0.9959226012573849,0.9103641456582633,0.927170868347339,0.9355742296918768,2026-08-13T22:30:00+00:00,8.868,12,0.00044655,-0.00426364,FAILED
2026-08-13T22:35:06.596555+00:00,1786660200,1786660500,LTC/USD,UP,44.81,0.9942829848757904,0.9567567567567568,0.9675675675675676,0.9297297297297298,2026-08-13T22:40:00+00:00,44.81,3,0.00044633,-0.00066949,UNRESOLVED
2026-08-13T22:35:06.596555+00:00,1786660200,1786660500,LTC/USD,UP,44.81,0.9942829848757904,0.9567567567567568,0.9675675675675676,0.9297297297297298,2026-08-13T22:40:00+00:00,44.81,6,0.00044633,-0.00089266,UNRESOLVED
2026-08-13T22:35:06.596555+00:00,1786660200,1786660500,LTC/USD,UP,44.81,0.9942829848757904,0.9567567567567568,0.9675675675675676,0.9297297297297298,2026-08-13T22:40:00+00:00,44.81,12,0.00044633,-0.00178532,UNRESOLVED
2026-08-13T22:35:37.387237+00:00,1786660200,1786660500,SOL/USD,DOWN,76.33,0.9125873320218154,0.8729729729729729,0.9081081081081082,0.6,2026-08-13T22:40:00+00:00,76.33,3,0.00065505,0.00013101,UNRESOLVED
2026-08-13T22:35:37.387237+00:00,1786660200,1786660500,SOL/USD,DOWN,76.33,0.9125873320218154,0.8729729729729729,0.9081081081081082,0.6,2026-08-13T22:40:00+00:00,76.33,6,0.00288222,0.0,ACCEPTED
2026-08-13T22:35:37.387237+00:00,1786660200,1786660500,SOL/USD,DOWN,76.33,0.9125873320218154,0.8729729729729729,0.9081081081081082,0.6,2026-08-13T22:40:00+00:00,76.33,12,0.00340626,0.0,ACCEPTED
2026-08-13T22:35:52.796551+00:00,1786660200,1786660500,ETH/USD,DOWN,1888.18,0.9430544603391787,0.7054054054054054,0.8,0.4189189189189189,2026-08-13T22:40:00+00:00,1888.18,3,-7.415e-05,-0.00059316,UNRESOLVED
2026-08-13T22:35:52.796551+00:00,1786660200,1786660500,ETH/USD,DOWN,1888.18,0.9430544603391787,0.7054054054054054,0.8,0.4189189189189189,2026-08-13T22:40:00+00:00,1888.18,6,0.00138228,-0.00059316,UNRESOLVED
2026-08-13T22:35:52.796551+00:00,1786660200,1786660500,ETH/USD,DOWN,1888.18,0.9430544603391787,0.7054054054054054,0.8,0.4189189189189189,2026-08-13T22:40:00+00:00,1888.18,12,0.00213963,-0.00059316,UNRESOLVED
2026-08-13T22:35:52.796582+00:00,1786660200,1786660500,ADA/USD,UP,0.182565,1.0,0.9555555555555556,0.9666666666666667,0.9472222222222222,2026-08-13T22:40:00+00:00,0.182565,3,0.00042177,-0.00213075,UNRESOLVED
2026-08-13T22:35:52.796582+00:00,1786660200,1786660500,ADA/USD,UP,0.182565,1.0,0.9555555555555556,0.9666666666666667,0.9472222222222222,2026-08-13T22:40:00+00:00,0.182565,6,0.00042177,-0.00274971,FAILED
2026-08-13T22:35:52.796582+00:00,1786660200,1786660500,ADA/USD,UP,0.182565,1.0,0.9555555555555556,0.9666666666666667,0.9472222222222222,2026-08-13T22:40:00+00:00,0.182565,12,0.00042177,-0.00288664,FAILED
2026-08-13T22:36:08.200622+00:00,1786660200,1786660500,AAVE/USD,UP,88.46,0.9767128045390635,0.9045801526717557,0.9198473282442748,0.8396946564885496,2026-08-13T22:40:00+00:00,88.46,3,0.00305223,-0.00056523,ACCEPTED
2026-08-13T22:36:08.200622+00:00,1786660200,1786660500,AAVE/USD,UP,88.46,0.9767128045390635,0.9045801526717557,0.9198473282442748,0.8396946564885496,2026-08-13T22:40:00+00:00,88.46,6,0.00305223,-0.00056523,ACCEPTED
2026-08-13T22:36:08.200622+00:00,1786660200,1786660500,AAVE/USD,UP,88.46,0.9767128045390635,0.9045801526717557,0.9198473282442748,0.8396946564885496,2026-08-13T22:40:00+00:00,88.46,12,0.00305223,-0.00056523,ACCEPTED
2026-08-13T22:40:45.781975+00:00,1786660500,1786660800,ADA/USD,UP,0.182382,0.984861169029601,0.9638888888888889,0.975,0.9722222222222222,2026-08-13T22:45:00+00:00,0.182382,3,-4.935e-05,-0.00129947,UNRESOLVED
2026-08-13T22:40:45.781975+00:00,1786660500,1786660800,ADA/USD,UP,0.182382,0.984861169029601,0.9638888888888889,0.975,0.9722222222222222,2026-08-13T22:45:00+00:00,0.182382,6,-4.935e-05,-0.00174908,UNRESOLVED
2026-08-13T22:40:45.781975+00:00,1786660500,1786660800,ADA/USD,UP,0.182382,0.984861169029601,0.9638888888888889,0.975,0.9722222222222222,2026-08-13T22:45:00+00:00,0.182382,12,-4.935e-05,-0.00188615,UNRESOLVED
2026-08-13T22:40:45.782006+00:00,1786660500,1786660800,LINK/USD,UP,8.86465,1.0,0.8263305322128851,0.8543417366946778,0.711484593837535,2026-08-13T22:45:00+00:00,8.86465,3,0.00030909,-0.0035117,FAILED
2026-08-13T22:40:45.782006+00:00,1786660500,1786660800,LINK/USD,UP,8.86465,1.0,0.8263305322128851,0.8543417366946778,0.711484593837535,2026-08-13T22:45:00+00:00,8.86465,6,0.00030909,-0.0035117,FAILED
2026-08-13T22:40:45.782006+00:00,1786660500,1786660800,LINK/USD,UP,8.86465,1.0,0.8263305322128851,0.8543417366946778,0.711484593837535,2026-08-13T22:45:00+00:00,8.86465,12,0.00030909,-0.00388735,FAILED
2026-08-13T22:45:54.176551+00:00,1786660800,1786661100,DOT/USD,DOWN,0.7751,1.0,0.7852760736196319,0.8128834355828221,0.9171779141104295,2026-08-13T22:50:00+00:00,0.7751,3,0.00025803,-0.00025803,UNRESOLVED
2026-08-13T22:45:54.176551+00:00,1786660800,1786661100,DOT/USD,DOWN,0.7751,1.0,0.7852760736196319,0.8128834355828221,0.9171779141104295,2026-08-13T22:50:00+00:00,0.7751,6,0.00129016,-0.00141917,UNRESOLVED
2026-08-13T22:45:54.176551+00:00,1786660800,1786661100,DOT/USD,DOWN,0.7751,1.0,0.7852760736196319,0.8128834355828221,0.9171779141104295,2026-08-13T22:50:00+00:00,0.7751,12,0.00129016,-0.0016772,UNRESOLVED
2026-08-13T22:45:54.176567+00:00,1786660800,1786661100,AAVE/USD,UP,88.47,0.6483592549159485,0.8778625954198473,0.8587786259541985,0.8396946564885496,2026-08-13T22:50:00+00:00,88.47,3,0.00293885,-0.0006782,ACCEPTED
2026-08-13T22:45:54.176567+00:00,1786660800,1786661100,AAVE/USD,UP,88.47,0.6483592549159485,0.8778625954198473,0.8587786259541985,0.8396946564885496,2026-08-13T22:50:00+00:00,88.47,6,0.00293885,-0.0006782,ACCEPTED
2026-08-13T22:45:54.176567+00:00,1786660800,1786661100,AAVE/USD,UP,88.47,0.6483592549159485,0.8778625954198473,0.8587786259541985,0.8396946564885496,2026-08-13T22:50:00+00:00,88.47,12,0.00293885,-0.0006782,ACCEPTED
2026-08-13T22:45:54.176582+00:00,1786660800,1786661100,LTC/USD,DOWN,44.81,0.8523288760653789,0.9675675675675676,0.9702702702702702,0.9702702702702702,2026-08-13T22:50:00+00:00,44.81,3,0.00066949,-0.00044633,UNRESOLVED
2026-08-13T22:45:54.176582+00:00,1786660800,1786661100,LTC/USD,DOWN,44.81,0.8523288760653789,0.9675675675675676,0.9702702702702702,0.9702702702702702,2026-08-13T22:50:00+00:00,44.81,6,0.00089266,-0.00044633,UNRESOLVED
2026-08-13T22:45:54.176582+00:00,1786660800,1786661100,LTC/USD,DOWN,44.81,0.8523288760653789,0.9675675675675676,0.9702702702702702,0.9702702702702702,2026-08-13T22:50:00+00:00,44.81,12,0.00178532,-0.00044633,UNRESOLVED
2026-08-13T22:50:47.237085+00:00,1786661100,1786661400,AAVE/USD,UP,88.73,0.9054333498768792,0.8244274809160306,0.8206106870229007,0.8893129770992366,2026-08-13T22:55:00+00:00,88.73,3,-0.00157782,-0.00157782,UNRESOLVED
2026-08-13T22:50:47.237085+00:00,1786661100,1786661400,AAVE/USD,UP,88.73,0.9054333498768792,0.8244274809160306,0.8206106870229007,0.8893129770992366,2026-08-13T22:55:00+00:00,88.73,6,-0.00157782,-0.00304294,FAILED
2026-08-13T22:50:47.237085+00:00,1786661100,1786661400,AAVE/USD,UP,88.73,0.9054333498768792,0.8244274809160306,0.8206106870229007,0.8893129770992366,2026-08-13T22:55:00+00:00,88.73,12,-0.00157782,-0.00676209,FAILED
2026-08-13T23:01:04.455302+00:00,1786661700,1786662000,SOL/USD,UP,76.17,0.7969420309371068,0.918918918918919,0.9162162162162162,0.8324324324324325,2026-08-13T23:05:00+00:00,76.17,3,0.00013129,-0.00078771,UNRESOLVED
2026-08-13T23:01:04.455302+00:00,1786661700,1786662000,SOL/USD,UP,76.17,0.7969420309371068,0.918918918918919,0.9162162162162162,0.8324324324324325,2026-08-13T23:05:00+00:00,76.17,6,0.00013129,-0.00131285,UNRESOLVED
2026-08-13T23:01:04.455302+00:00,1786661700,1786662000,SOL/USD,UP,76.17,0.7969420309371068,0.918918918918919,0.9162162162162162,0.8324324324324325,2026-08-13T23:05:00+00:00,76.17,12,0.00078771,-0.00131285,UNRESOLVED
2026-08-13T23:05:43.948331+00:00,1786662000,1786662300,DOT/USD,DOWN,0.7745,0.6931634883734958,0.7576687116564417,0.7484662576687117,0.7699386503067485,2026-08-13T23:10:00+00:00,0.7745,3,-0.00064558,-0.0024532,UNRESOLVED
2026-08-13T23:05:43.948331+00:00,1786662000,1786662300,DOT/USD,DOWN,0.7745,0.6931634883734958,0.7576687116564417,0.7484662576687117,0.7699386503067485,2026-08-13T23:10:00+00:00,0.7745,6,0.0,-0.0024532,UNRESOLVED
2026-08-13T23:05:43.948331+00:00,1786662000,1786662300,DOT/USD,DOWN,0.7745,0.6931634883734958,0.7576687116564417,0.7484662576687117,0.7699386503067485,2026-08-13T23:10:00+00:00,0.7745,12,0.00451904,-0.0024532,ACCEPTED
2026-08-13T23:05:59.380707+00:00,1786662000,1786662300,LTC/USD,DOWN,44.79,0.5320174672420052,0.8540540540540541,0.8216216216216217,0.9540540540540541,2026-08-13T23:10:00+00:00,44.79,3,0.00044653,-0.00022326,UNRESOLVED
2026-08-13T23:05:59.380707+00:00,1786662000,1786662300,LTC/USD,DOWN,44.79,0.5320174672420052,0.8540540540540541,0.8216216216216217,0.9540540540540541,2026-08-13T23:10:00+00:00,44.79,6,0.00133958,-0.00022326,UNRESOLVED
2026-08-13T23:05:59.380707+00:00,1786662000,1786662300,LTC/USD,DOWN,44.79,0.5320174672420052,0.8540540540540541,0.8216216216216217,0.9540540540540541,2026-08-13T23:10:00+00:00,44.79,12,0.00133958,-0.00111632,UNRESOLVED
2026-08-13T23:10:21.696334+00:00,1786662300,1786662600,SOL/USD,UP,76.13,0.9275404874670757,0.9108108108108108,0.9243243243243243,0.8648648648648649,2026-08-13T23:15:00+00:00,76.13,3,0.00039406,-0.00078813,UNRESOLVED
2026-08-13T23:10:21.696334+00:00,1786662300,1786662600,SOL/USD,UP,76.13,0.9275404874670757,0.9108108108108108,0.9243243243243243,0.8648648648648649,2026-08-13T23:15:00+00:00,76.13,6,0.00131354,-0.00078813,UNRESOLVED
2026-08-13T23:10:21.696334+00:00,1786662300,1786662600,SOL/USD,UP,76.13,0.9275404874670757,0.9108108108108108,0.9243243243243243,0.8648648648648649,2026-08-13T23:15:00+00:00,76.13,12,0.00157625,-0.00078813,UNRESOLVED
2026-08-13T23:10:21.696385+00:00,1786662300,1786662600,ETH/USD,UP,1885.22,0.9679227086140174,0.8783783783783784,0.9135135135135135,0.8756756756756757,2026-08-13T23:15:00+00:00,1885.22,3,0.00018565,-0.00057288,UNRESOLVED
2026-08-13T23:10:21.696385+00:00,1786662300,1786662600,ETH/USD,UP,1885.22,0.9679227086140174,0.8783783783783784,0.9135135135135135,0.8756756756756757,2026-08-13T23:15:00+00:00,1885.22,6,0.00018565,-0.00057288,UNRESOLVED
2026-08-13T23:10:21.696385+00:00,1786662300,1786662600,ETH/USD,UP,1885.22,0.9679227086140174,0.8783783783783784,0.9135135135135135,0.8756756756756757,2026-08-13T23:15:00+00:00,1885.22,12,0.00018565,-0.00117228,UNRESOLVED
2026-08-13T23:10:37.186356+00:00,1786662300,1786662600,XRP/USD,UP,1.0077,0.9967344410715996,0.7,0.8324324324324325,0.13513513513513514,2026-08-13T23:15:00+00:00,1.0077,3,0.00044656,-0.00025801,UNRESOLVED
2026-08-13T23:10:37.186356+00:00,1786662300,1786662600,XRP/USD,UP,1.0077,0.9967344410715996,0.7,0.8324324324324325,0.13513513513513514,2026-08-13T23:15:00+00:00,1.0077,6,0.00061526,-0.00025801,UNRESOLVED
2026-08-13T23:10:37.186356+00:00,1786662300,1786662600,XRP/USD,UP,1.0077,0.9967344410715996,0.7,0.8324324324324325,0.13513513513513514,2026-08-13T23:15:00+00:00,1.0077,12,0.00170686,-0.00025801,UNRESOLVED
2026-08-13T23:10:37.186388+00:00,1786662300,1786662600,DOGE/USD,UP,0.0699993,0.861354680468328,0.7415730337078652,0.7724719101123596,0.851123595505618,2026-08-13T23:15:00+00:00,0.0699993,3,0.00028429,-0.00045,UNRESOLVED
2026-08-13T23:10:37.186388+00:00,1786662300,1786662600,DOGE/USD,UP,0.0699993,0.861354680468328,0.7415730337078652,0.7724719101123596,0.851123595505618,2026-08-13T23:15:00+00:00,0.0699993,6,0.00106858,-0.00045,UNRESOLVED
2026-08-13T23:10:37.186388+00:00,1786662300,1786662600,DOGE/USD,UP,0.0699993,0.861354680468328,0.7415730337078652,0.7724719101123596,0.851123595505618,2026-08-13T23:15:00+00:00,0.0699993,12,0.00143859,-0.00045,UNRESOLVED
2026-08-13T23:10:37.186420+00:00,1786662300,1786662600,AVAX/USD,UP,6.436,1.0,0.742296918767507,0.773109243697479,0.5098039215686274,2026-08-13T23:15:00+00:00,6.436,3,0.00046613,-0.0006215,UNRESOLVED
2026-08-13T23:10:37.186420+00:00,1786662300,1786662600,AVAX/USD,UP,6.436,1.0,0.742296918767507,0.773109243697479,0.5098039215686274,2026-08-13T23:15:00+00:00,6.436,6,0.00139838,-0.0006215,UNRESOLVED
2026-08-13T23:10:37.186420+00:00,1786662300,1786662600,AVAX/USD,UP,6.436,1.0,0.742296918767507,0.773109243697479,0.5098039215686274,2026-08-13T23:15:00+00:00,6.436,12,0.0045059,-0.0006215,ACCEPTED
2026-08-13T23:15:45.626928+00:00,1786662600,1786662900,AVAX/USD,UP,6.433,1.0,0.7619047619047619,0.8095238095238095,0.5994397759103641,2026-08-13T23:20:00+00:00,6.433,3,0.00093269,-0.00015545,UNRESOLVED
2026-08-13T23:15:45.626928+00:00,1786662600,1786662900,AVAX/USD,UP,6.433,1.0,0.7619047619047619,0.8095238095238095,0.5994397759103641,2026-08-13T23:20:00+00:00,6.433,6,0.00186538,-0.00015545,UNRESOLVED
2026-08-13T23:15:45.626928+00:00,1786662600,1786662900,AVAX/USD,UP,6.433,1.0,0.7619047619047619,0.8095238095238095,0.5994397759103641,2026-08-13T23:20:00+00:00,6.433,12,0.00497435,-0.00015545,ACCEPTED
2026-08-13T23:20:54.407654+00:00,1786662900,1786663200,AVAX/USD,UP,6.433,1.0,0.988795518207283,0.9971988795518207,0.9859943977591037,2026-08-13T23:25:00+00:00,6.433,3,0.00186538,0.00077724,UNRESOLVED
2026-08-13T23:20:54.407654+00:00,1786662900,1786663200,AVAX/USD,UP,6.433,1.0,0.988795518207283,0.9971988795518207,0.9859943977591037,2026-08-13T23:25:00+00:00,6.433,6,0.00248718,0.00077724,UNRESOLVED
2026-08-13T23:20:54.407654+00:00,1786662900,1786663200,AVAX/USD,UP,6.433,1.0,0.988795518207283,0.9971988795518207,0.9859943977591037,2026-08-13T23:25:00+00:00,6.433,12,0.00497435,0.00077724,ACCEPTED
2026-08-13T23:30:25.847881+00:00,1786663500,1786663800,XRP/USD,UP,1.00776,0.9429852943879666,0.7513513513513513,0.8486486486486486,0.23243243243243245,2026-08-13T23:35:00+00:00,1.00776,3,0.00055569,-9.92e-06,UNRESOLVED
2026-08-13T23:30:25.847881+00:00,1786663500,1786663800,XRP/USD,UP,1.00776,0.9429852943879666,0.7513513513513513,0.8486486486486486,0.23243243243243245,2026-08-13T23:35:00+00:00,1.00776,6,0.00090299,-9.92e-06,UNRESOLVED
2026-08-13T23:30:25.847881+00:00,1786663500,1786663800,XRP/USD,UP,1.00776,0.9429852943879666,0.7513513513513513,0.8486486486486486,0.23243243243243245,2026-08-13T23:35:00+00:00,1.00776,12,0.00277844,-9.92e-06,ACCEPTED
2026-08-13T23:30:25.847927+00:00,1786663500,1786663800,LINK/USD,UP,8.8404,1.0,0.7394957983193278,0.7955182072829131,0.34173669467787116,2026-08-13T23:35:00+00:00,8.8404,3,0.00218768,0.00073187,UNRESOLVED
2026-08-13T23:30:25.847927+00:00,1786663500,1786663800,LINK/USD,UP,8.8404,1.0,0.7394957983193278,0.7955182072829131,0.34173669467787116,2026-08-13T23:35:00+00:00,8.8404,6,0.00503032,0.00073187,ACCEPTED
2026-08-13T23:30:25.847927+00:00,1786663500,1786663800,LINK/USD,UP,8.8404,1.0,0.7394957983193278,0.7955182072829131,0.34173669467787116,2026-08-13T23:35:00+00:00,8.8404,12,0.00503032,0.00073187,ACCEPTED
2026-08-13T23:30:41.299276+00:00,1786663500,1786663800,DOT/USD,UP,0.7753,1.0,0.7791411042944786,0.8067484662576687,0.6257668711656442,2026-08-13T23:35:00+00:00,0.7753,3,-0.00038695,-0.00103186,UNRESOLVED
2026-08-13T23:30:41.299276+00:00,1786663500,1786663800,DOT/USD,UP,0.7753,1.0,0.7791411042944786,0.8067484662576687,0.6257668711656442,2026-08-13T23:35:00+00:00,0.7753,6,0.0,-0.00554624,FAILED
2026-08-13T23:30:41.299276+00:00,1786663500,1786663800,DOT/USD,UP,0.7753,1.0,0.7791411042944786,0.8067484662576687,0.6257668711656442,2026-08-13T23:35:00+00:00,0.7753,12,0.0,-0.00606217,FAILED
2026-08-13T23:35:34.633298+00:00,1786663800,1786664100,DOGE/USD,DOWN,0.070074,0.679069007349557,0.848314606741573,0.8426966292134831,0.6853932584269663,2026-08-13T23:40:00+00:00,0.070074,3,0.00031966,-0.00034535,UNRESOLVED
2026-08-13T23:35:34.633298+00:00,1786663800,1786664100,DOGE/USD,DOWN,0.070074,0.679069007349557,0.848314606741573,0.8426966292134831,0.6853932584269663,2026-08-13T23:40:00+00:00,0.070074,6,0.00031966,-0.00037104,UNRESOLVED
2026-08-13T23:35:34.633298+00:00,1786663800,1786664100,DOGE/USD,DOWN,0.070074,0.679069007349557,0.848314606741573,0.8426966292134831,0.6853932584269663,2026-08-13T23:40:00+00:00,0.070074,12,0.00031966,-0.00129863,UNRESOLVED
2026-08-13T23:35:50.147963+00:00,1786663800,1786664100,AAVE/USD,DOWN,88.54,1.0,0.732824427480916,0.7709923664122137,0.26717557251908397,2026-08-13T23:40:00+00:00,88.54,3,0.00463068,0.0,ACCEPTED
2026-08-13T23:35:50.147963+00:00,1786663800,1786664100,AAVE/USD,DOWN,88.54,1.0,0.732824427480916,0.7709923664122137,0.26717557251908397,2026-08-13T23:40:00+00:00,88.54,6,0.01185905,0.0,ACCEPTED
2026-08-13T23:35:50.147963+00:00,1786663800,1786664100,AAVE/USD,DOWN,88.54,1.0,0.732824427480916,0.7709923664122137,0.26717557251908397,2026-08-13T23:40:00+00:00,88.54,12,0.01185905,0.0,ACCEPTED
2026-08-13T23:40:43.742263+00:00,1786664100,1786664400,ETH/USD,DOWN,1884.56,0.7464459159084272,0.9081081081081082,0.9108108108108108,0.8594594594594595,2026-08-13T23:45:00+00:00,1884.56,3,0.00082247,-0.00015388,UNRESOLVED
2026-08-13T23:40:43.742263+00:00,1786664100,1786664400,ETH/USD,DOWN,1884.56,0.7464459159084272,0.9081081081081082,0.9108108108108108,0.8594594594594595,2026-08-13T23:45:00+00:00,1884.56,6,0.00082247,-0.00052532,UNRESOLVED
2026-08-13T23:40:43.742263+00:00,1786664100,1786664400,ETH/USD,DOWN,1884.56,0.7464459159084272,0.9081081081081082,0.9108108108108108,0.8594594594594595,2026-08-13T23:45:00+00:00,1884.56,12,0.00122575,-0.00129473,UNRESOLVED
2026-08-13T23:40:59.192714+00:00,1786664100,1786664400,DOGE/USD,UP,0.0700519,0.9980043949051453,0.7584269662921348,0.8061797752808989,0.6264044943820225,2026-08-13T23:45:00+00:00,0.0700519,3,0.00066094,2.427e-05,UNRESOLVED
2026-08-13T23:40:59.192714+00:00,1786664100,1786664400,DOGE/USD,UP,0.0700519,0.9980043949051453,0.7584269662921348,0.8061797752808989,0.6264044943820225,2026-08-13T23:45:00+00:00,0.0700519,6,0.00068663,2.427e-05,UNRESOLVED
2026-08-13T23:40:59.192714+00:00,1786664100,1786664400,DOGE/USD,UP,0.0700519,0.9980043949051453,0.7584269662921348,0.8061797752808989,0.6264044943820225,2026-08-13T23:45:00+00:00,0.0700519,12,0.00161452,-4.28e-06,UNRESOLVED
2026-08-13T23:40:59.192745+00:00,1786664100,1786664400,AVAX/USD,UP,6.443,1.0,0.9495798319327731,0.9719887955182073,0.9299719887955182,2026-08-13T23:45:00+00:00,6.443,3,0.00093124,-0.00031041,UNRESOLVED
2026-08-13T23:40:59.192745+00:00,1786664100,1786664400,AVAX/USD,UP,6.443,1.0,0.9495798319327731,0.9719887955182073,0.9299719887955182,2026-08-13T23:45:00+00:00,6.443,6,0.00341456,-0.00031041,ACCEPTED
2026-08-13T23:40:59.192745+00:00,1786664100,1786664400,AVAX/USD,UP,6.443,1.0,0.9495798319327731,0.9719887955182073,0.9299719887955182,2026-08-13T23:45:00+00:00,6.443,12,0.00341456,-0.00031041,ACCEPTED
2026-08-13T23:45:36.973774+00:00,1786664400,1786664700,BTC/USD,DOWN,63391.0,0.746127582106151,0.8617886178861789,0.9051490514905149,0.6666666666666666,2026-08-13T23:50:00+00:00,63391.0,3,0.00080453,-0.00052689,UNRESOLVED
2026-08-13T23:45:36.973774+00:00,1786664400,1786664700,BTC/USD,DOWN,63391.0,0.746127582106151,0.8617886178861789,0.9051490514905149,0.6666666666666666,2026-08-13T23:50:00+00:00,63391.0,6,0.00080453,-0.00085501,UNRESOLVED
2026-08-13T23:45:36.973774+00:00,1786664400,1786664700,BTC/USD,DOWN,63391.0,0.746127582106151,0.8617886178861789,0.9051490514905149,0.6666666666666666,2026-08-13T23:50:00+00:00,63391.0,12,0.00080453,-0.00170529,UNRESOLVED
2026-08-13T23:45:52.416720+00:00,1786664400,1786664700,ETH/USD,DOWN,1884.69,0.888103214195373,0.754054054054054,0.8351351351351352,0.37567567567567567,2026-08-13T23:50:00+00:00,1884.69,3,0.00089139,-8.489e-05,UNRESOLVED
2026-08-13T23:45:52.416720+00:00,1786664400,1786664700,ETH/USD,DOWN,1884.69,0.888103214195373,0.754054054054054,0.8351351351351352,0.37567567567567567,2026-08-13T23:50:00+00:00,1884.69,6,0.00089139,-0.00045631,UNRESOLVED
2026-08-13T23:45:52.416720+00:00,1786664400,1786664700,ETH/USD,DOWN,1884.69,0.888103214195373,0.754054054054054,0.8351351351351352,0.37567567567567567,2026-08-13T23:50:00+00:00,1884.69,12,0.00129464,-0.00151219,UNRESOLVED
2026-08-13T23:45:52.416766+00:00,1786664400,1786664700,DOGE/USD,DOWN,0.0700785,0.7170000252869407,0.800561797752809,0.7949438202247191,0.8820224719101124,2026-08-13T23:50:00+00:00,0.0700785,3,0.00018693,-0.0003068,UNRESOLVED
2026-08-13T23:45:52.416766+00:00,1786664400,1786664700,DOGE/USD,DOWN,0.0700785,0.7170000252869407,0.800561797752809,0.7949438202247191,0.8820224719101124,2026-08-13T23:50:00+00:00,0.0700785,6,0.00034533,-0.0003068,UNRESOLVED
2026-08-13T23:45:52.416766+00:00,1786664400,1786664700,DOGE/USD,DOWN,0.0700785,0.7170000252869407,0.800561797752809,0.7949438202247191,0.8820224719101124,2026-08-13T23:50:00+00:00,0.0700785,12,0.00038386,-0.0016824,UNRESOLVED
2026-08-13T23:46:07.876089+00:00,1786664400,1786664700,LINK/USD,UP,8.85082,0.999517590997635,0.7310924369747899,0.7843137254901961,0.5154061624649859,2026-08-13T23:50:00+00:00,8.85082,3,0.0038471,0.00015479,ACCEPTED
2026-08-13T23:46:07.876089+00:00,1786664400,1786664700,LINK/USD,UP,8.85082,0.999517590997635,0.7310924369747899,0.7843137254901961,0.5154061624649859,2026-08-13T23:50:00+00:00,8.85082,6,0.0038471,0.00015479,ACCEPTED
2026-08-13T23:46:07.876089+00:00,1786664400,1786664700,LINK/USD,UP,8.85082,0.999517590997635,0.7310924369747899,0.7843137254901961,0.5154061624649859,2026-08-13T23:50:00+00:00,8.85082,12,0.0038471,-0.00022484,ACCEPTED
2026-08-13T23:46:07.876121+00:00,1786664400,1786664700,DOT/USD,UP,0.7747,0.9696771130559725,0.7208588957055214,0.7607361963190185,0.6257668711656442,2026-08-13T23:50:00+00:00,0.7747,3,0.00077449,-0.00477604,FAILED
2026-08-13T23:46:07.876121+00:00,1786664400,1786664700,DOT/USD,UP,0.7747,0.9696771130559725,0.7208588957055214,0.7607361963190185,0.6257668711656442,2026-08-13T23:50:00+00:00,0.7747,6,0.00077449,-0.00529237,FAILED
2026-08-13T23:46:07.876121+00:00,1786664400,1786664700,DOT/USD,UP,0.7747,0.9696771130559725,0.7208588957055214,0.7607361963190185,0.6257668711656442,2026-08-13T23:50:00+00:00,0.7747,12,0.00077449,-0.00529237,FAILED
2026-08-13T23:50:45.968825+00:00,1786664700,1786665000,DOT/USD,DOWN,0.7735,0.7653782559968973,0.9171779141104295,0.9233128834355828,0.9601226993865031,2026-08-13T23:55:00+00:00,0.7735,3,0.00323206,0.00090498,ACCEPTED
2026-08-13T23:50:45.968825+00:00,1786664700,1786665000,DOT/USD,DOWN,0.7735,0.7653782559968973,0.9171779141104295,0.9233128834355828,0.9601226993865031,2026-08-13T23:55:00+00:00,0.7735,6,0.00374919,0.00090498,ACCEPTED
2026-08-13T23:50:45.968825+00:00,1786664700,1786665000,DOT/USD,DOWN,0.7735,0.7653782559968973,0.9171779141104295,0.9233128834355828,0.9601226993865031,2026-08-13T23:55:00+00:00,0.7735,12,0.00374919,0.0,ACCEPTED
2026-08-13T23:50:45.968841+00:00,1786664700,1786665000,AAVE/USD,DOWN,88.13,1.0,0.9351145038167938,0.9389312977099237,0.9732824427480916,2026-08-13T23:55:00+00:00,88.13,3,0.007262,0.00113469,ACCEPTED
2026-08-13T23:50:45.968841+00:00,1786664700,1786665000,AAVE/USD,DOWN,88.13,1.0,0.9351145038167938,0.9389312977099237,0.9732824427480916,2026-08-13T23:55:00+00:00,88.13,6,0.007262,-0.00147509,ACCEPTED
2026-08-13T23:50:45.968841+00:00,1786664700,1786665000,AAVE/USD,DOWN,88.13,1.0,0.9351145038167938,0.9389312977099237,0.9732824427480916,2026-08-13T23:55:00+00:00,88.13,12,0.007262,-0.00408487,ACCEPTED
2026-08-13T23:55:55.178481+00:00,1786665000,1786665300,AAVE/USD,DOWN,87.7,0.511346041579623,0.9732824427480916,0.9580152671755725,0.9847328244274809,2026-08-14T00:00:00+00:00,87.7,3,-0.0004561,-0.0063854,FAILED
2026-08-13T23:55:55.178481+00:00,1786665000,1786665300,AAVE/USD,DOWN,87.7,0.511346041579623,0.9732824427480916,0.9580152671755725,0.9847328244274809,2026-08-14T00:00:00+00:00,87.7,6,-0.0004561,-0.00900798,FAILED
2026-08-13T23:55:55.178481+00:00,1786665000,1786665300,AAVE/USD,DOWN,87.7,0.511346041579623,0.9732824427480916,0.9580152671755725,0.9847328244274809,2026-08-14T00:00:00+00:00,87.7,12,-0.0004561,-0.00900798,FAILED
2026-08-14T00:00:48.679153+00:00,1786665300,1786665600,AVAX/USD,UP,6.45,1.0,0.8403361344537815,0.8683473389355743,0.42016806722689076,2026-08-14T00:05:00+00:00,6.45,3,0.00232558,0.00015504,UNRESOLVED
2026-08-14T00:00:48.679153+00:00,1786665300,1786665600,AVAX/USD,UP,6.45,1.0,0.8403361344537815,0.8683473389355743,0.42016806722689076,2026-08-14T00:05:00+00:00,6.45,6,0.00232558,0.00015504,UNRESOLVED
2026-08-14T00:00:48.679153+00:00,1786665300,1786665600,AVAX/USD,UP,6.45,1.0,0.8403361344537815,0.8683473389355743,0.42016806722689076,2026-08-14T00:05:00+00:00,6.45,12,0.00387597,-0.00046512,ACCEPTED
2026-08-14T00:00:48.679216+00:00,1786665300,1786665600,AAVE/USD,DOWN,87.83,0.9473347540330765,0.9656488549618321,0.9809160305343512,0.9618320610687023,2026-08-14T00:05:00+00:00,87.83,3,-0.00034157,-0.00489582,FAILED
2026-08-14T00:00:48.679216+00:00,1786665300,1786665600,AAVE/USD,DOWN,87.83,0.9473347540330765,0.9656488549618321,0.9809160305343512,0.9618320610687023,2026-08-14T00:05:00+00:00,87.83,6,-0.00034157,-0.00751452,FAILED
2026-08-14T00:00:48.679216+00:00,1786665300,1786665600,AAVE/USD,DOWN,87.83,0.9473347540330765,0.9656488549618321,0.9809160305343512,0.9618320610687023,2026-08-14T00:05:00+00:00,87.83,12,-0.00034157,-0.00751452,FAILED
2026-08-14T00:05:42.302373+00:00,1786665600,1786665900,BTC/USD,DOWN,63410.7,0.9066885244035406,0.8997289972899729,0.9349593495934959,0.8184281842818428,2026-08-14T00:10:00+00:00,63410.7,3,-1.58e-06,-0.00055669,UNRESOLVED
2026-08-14T00:05:42.302373+00:00,1786665600,1786665900,BTC/USD,DOWN,63410.7,0.9066885244035406,0.8997289972899729,0.9349593495934959,0.8184281842818428,2026-08-14T00:10:00+00:00,63410.7,6,0.00094148,-0.00139409,UNRESOLVED
2026-08-14T00:05:42.302373+00:00,1786665600,1786665900,BTC/USD,DOWN,63410.7,0.9066885244035406,0.8997289972899729,0.9349593495934959,0.8184281842818428,2026-08-14T00:10:00+00:00,63410.7,12,0.00094148,-0.00175522,UNRESOLVED
2026-08-14T00:05:42.302406+00:00,1786665600,1786665900,XRP/USD,DOWN,1.00894,0.8750282846747769,0.7756756756756756,0.845945945945946,0.4756756756756757,2026-08-14T00:10:00+00:00,1.00894,3,0.00073344,-0.00047575,UNRESOLVED
2026-08-14T00:05:42.302406+00:00,1786665600,1786665900,XRP/USD,DOWN,1.00894,0.8750282846747769,0.7756756756756756,0.845945945945946,0.4756756756756757,2026-08-14T00:10:00+00:00,1.00894,6,0.00073344,-0.00160565,UNRESOLVED
2026-08-14T00:05:42.302406+00:00,1786665600,1786665900,XRP/USD,DOWN,1.00894,0.8750282846747769,0.7756756756756756,0.845945945945946,0.4756756756756757,2026-08-14T00:10:00+00:00,1.00894,12,0.00073344,-0.00280492,FAILED
2026-08-14T00:05:57.775766+00:00,1786665600,1786665900,DOT/USD,UP,0.7715,0.5222556633132422,0.7423312883435583,0.7147239263803681,0.7085889570552147,2026-08-14T00:10:00+00:00,0.7715,3,-0.00025924,-0.00116656,UNRESOLVED
2026-08-14T00:05:57.775766+00:00,1786665600,1786665900,DOT/USD,UP,0.7715,0.5222556633132422,0.7423312883435583,0.7147239263803681,0.7085889570552147,2026-08-14T00:10:00+00:00,0.7715,6,0.0022035,-0.00116656,UNRESOLVED
2026-08-14T00:05:57.775766+00:00,1786665600,1786665900,DOT/USD,UP,0.7715,0.5222556633132422,0.7423312883435583,0.7147239263803681,0.7085889570552147,2026-08-14T00:10:00+00:00,0.7715,12,0.00259235,-0.00116656,ACCEPTED
2026-08-14T00:10:35.997707+00:00,1786665900,1786666200,SOL/USD,DOWN,76.21,0.7982176486585065,0.7216216216216216,0.7594594594594595,0.3945945945945946,2026-08-14T00:15:00+00:00,76.21,3,0.00196825,-0.00013122,UNRESOLVED
2026-08-14T00:10:35.997707+00:00,1786665900,1786666200,SOL/USD,DOWN,76.21,0.7982176486585065,0.7216216216216216,0.7594594594594595,0.3945945945945946,2026-08-14T00:15:00+00:00,76.21,6,0.00380527,-0.00013122,ACCEPTED
2026-08-14T00:10:35.997707+00:00,1786665900,1786666200,SOL/USD,DOWN,76.21,0.7982176486585065,0.7216216216216216,0.7594594594594595,0.3945945945945946,2026-08-14T00:15:00+00:00,76.21,12,0.00380527,-0.00013122,ACCEPTED
2026-08-14T00:10:51.446479+00:00,1786665900,1786666200,DOGE/USD,DOWN,0.07006,1.0,0.8707865168539326,0.898876404494382,0.851123595505618,2026-08-14T00:15:00+00:00,0.07006,3,-9.278e-05,-0.00149872,UNRESOLVED
2026-08-14T00:10:51.446479+00:00,1786665900,1786666200,DOGE/USD,DOWN,0.07006,1.0,0.8707865168539326,0.898876404494382,0.851123595505618,2026-08-14T00:15:00+00:00,0.07006,6,0.0001199,-0.00149872,UNRESOLVED
2026-08-14T00:10:51.446479+00:00,1786665900,1786666200,DOGE/USD,DOWN,0.07006,1.0,0.8707865168539326,0.898876404494382,0.851123595505618,2026-08-14T00:15:00+00:00,0.07006,12,0.0001199,-0.00260206,FAILED
2026-08-14T00:10:51.446495+00:00,1786665900,1786666200,LINK/USD,DOWN,8.85823,0.9728943319176381,0.8431372549019608,0.865546218487395,0.6274509803921569,2026-08-14T00:15:00+00:00,8.85823,3,0.00068298,-0.00080942,UNRESOLVED
2026-08-14T00:10:51.446495+00:00,1786665900,1786666200,LINK/USD,DOWN,8.85823,0.9728943319176381,0.8431372549019608,0.865546218487395,0.6274509803921569,2026-08-14T00:15:00+00:00,8.85823,6,0.00106116,-0.00080942,UNRESOLVED
2026-08-14T00:10:51.446495+00:00,1786665900,1786666200,LINK/USD,DOWN,8.85823,0.9728943319176381,0.8431372549019608,0.865546218487395,0.6274509803921569,2026-08-14T00:15:00+00:00,8.85823,12,0.00106116,-0.00153304,UNRESOLVED
2026-08-14T00:10:51.446525+00:00,1786665900,1786666200,DOT/USD,DOWN,0.7708,0.8254910227456582,0.9049079754601227,0.8987730061349694,0.9079754601226994,2026-08-14T00:15:00+00:00,0.7708,3,0.00025947,-0.00311365,FAILED
2026-08-14T00:10:51.446525+00:00,1786665900,1786666200,DOT/USD,DOWN,0.7708,0.8254910227456582,0.9049079754601227,0.8987730061349694,0.9079754601226994,2026-08-14T00:15:00+00:00,0.7708,6,0.00025947,-0.00311365,FAILED
2026-08-14T00:10:51.446525+00:00,1786665900,1786666200,DOT/USD,DOWN,0.7708,0.8254910227456582,0.9049079754601227,0.8987730061349694,0.9079754601226994,2026-08-14T00:15:00+00:00,0.7708,12,0.00025947,-0.00350285,FAILED
2026-08-14T00:11:06.887480+00:00,1786665900,1786666200,LTC/USD,DOWN,44.78,0.5535422892888588,0.7594594594594595,0.7135135135135136,0.7216216216216216,2026-08-14T00:15:00+00:00,44.78,3,0.00066994,-0.00022331,UNRESOLVED
2026-08-14T00:11:06.887480+00:00,1786665900,1786666200,LTC/USD,DOWN,44.78,0.5535422892888588,0.7594594594594595,0.7135135135135136,0.7216216216216216,2026-08-14T00:15:00+00:00,44.78,6,0.00200983,-0.00022331,UNRESOLVED
2026-08-14T00:11:06.887480+00:00,1786665900,1786666200,LTC/USD,DOWN,44.78,0.5535422892888588,0.7594594594594595,0.7135135135135136,0.7216216216216216,2026-08-14T00:15:00+00:00,44.78,12,0.00245645,-0.00044663,UNRESOLVED
2026-08-14T00:15:29.523236+00:00,1786666200,1786666500,SOL/USD,DOWN,76.11,0.9880493021325791,0.9891891891891892,0.9972972972972973,0.9783783783783784,2026-08-14T00:20:00+00:00,76.11,3,0.0011825,-0.00091972,UNRESOLVED
2026-08-14T00:15:29.523236+00:00,1786666200,1786666500,SOL/USD,DOWN,76.11,0.9880493021325791,0.9891891891891892,0.9972972972972973,0.9783783783783784,2026-08-14T00:20:00+00:00,76.11,6,0.00249639,-0.00091972,UNRESOLVED
2026-08-14T00:15:29.523236+00:00,1786666200,1786666500,SOL/USD,DOWN,76.11,0.9880493021325791,0.9891891891891892,0.9972972972972973,0.9783783783783784,2026-08-14T00:20:00+00:00,76.11,12,0.00341611,-0.00091972,ACCEPTED
2026-08-14T00:16:00.539257+00:00,1786666200,1786666500,AAVE/USD,UP,88.18,0.8362344525696848,0.7519083969465649,0.7595419847328244,0.7862595419847328,2026-08-14T00:20:00+00:00,88.18,3,0.00351554,-0.00022681,ACCEPTED
2026-08-14T00:16:00.539257+00:00,1786666200,1786666500,AAVE/USD,UP,88.18,0.8362344525696848,0.7519083969465649,0.7595419847328244,0.7862595419847328,2026-08-14T00:20:00+00:00,88.18,6,0.00351554,-0.00022681,ACCEPTED
2026-08-14T00:16:00.539257+00:00,1786666200,1786666500,AAVE/USD,UP,88.18,0.8362344525696848,0.7519083969465649,0.7595419847328244,0.7862595419847328,2026-08-14T00:20:00+00:00,88.18,12,0.00351554,-0.00022681,ACCEPTED
2026-08-14T00:16:00.539273+00:00,1786666200,1786666500,LTC/USD,UP,44.76,0.5755754246622573,0.8594594594594595,0.8297297297297297,0.8891891891891892,2026-08-14T00:20:00+00:00,44.76,3,0.00067024,-0.0015639,UNRESOLVED
2026-08-14T00:16:00.539273+00:00,1786666200,1786666500,LTC/USD,UP,44.76,0.5755754246622573,0.8594594594594595,0.8297297297297297,0.8891891891891892,2026-08-14T00:20:00+00:00,44.76,6,0.00089366,-0.0015639,UNRESOLVED
2026-08-14T00:16:00.539273+00:00,1786666200,1786666500,LTC/USD,UP,44.76,0.5755754246622573,0.8594594594594595,0.8297297297297297,0.8891891891891892,2026-08-14T00:20:00+00:00,44.76,12,0.00089366,-0.00201072,UNRESOLVED
2026-08-14T00:20:54.365931+00:00,1786666500,1786666800,ETH/USD,DOWN,1885.13,0.9708517064514653,0.8945945945945946,0.9243243243243243,0.7945945945945946,2026-08-14T00:25:00+00:00,1885.13,3,0.00152775,-0.00099197,UNRESOLVED
2026-08-14T00:20:54.365931+00:00,1786666500,1786666800,ETH/USD,DOWN,1885.13,0.9708517064514653,0.8945945945945946,0.9243243243243243,0.7945945945945946,2026-08-14T00:25:00+00:00,1885.13,6,0.00152775,-0.00127843,UNRESOLVED
2026-08-14T00:20:54.365931+00:00,1786666500,1786666800,ETH/USD,DOWN,1885.13,0.9708517064514653,0.8945945945945946,0.9243243243243243,0.7945945945945946,2026-08-14T00:25:00+00:00,1885.13,12,0.00152775,-0.00136861,UNRESOLVED
2026-08-14T00:21:09.816944+00:00,1786666500,1786666800,LTC/USD,UP,44.77,1.0,0.9216216216216216,0.9486486486486486,0.5027027027027027,2026-08-14T00:25:00+00:00,44.77,3,0.00044673,-0.00178691,UNRESOLVED
2026-08-14T00:21:09.816944+00:00,1786666500,1786666800,LTC/USD,UP,44.77,1.0,0.9216216216216216,0.9486486486486486,0.5027027027027027,2026-08-14T00:25:00+00:00,44.77,6,0.00067009,-0.00178691,UNRESOLVED
2026-08-14T00:21:09.816944+00:00,1786666500,1786666800,LTC/USD,UP,44.77,1.0,0.9216216216216216,0.9486486486486486,0.5027027027027027,2026-08-14T00:25:00+00:00,44.77,12,0.00067009,-0.00223364,UNRESOLVED
2026-08-14T00:25:17.108294+00:00,1786666800,1786667100,SOL/USD,UP,76.13,0.7609451840946387,0.981081081081081,0.981081081081081,0.9648648648648649,2026-08-14T00:30:00+00:00,76.13,3,0.0,-0.00275844,FAILED
2026-08-14T00:25:17.108294+00:00,1786666800,1786667100,SOL/USD,UP,76.13,0.7609451840946387,0.981081081081081,0.981081081081081,0.9648648648648649,2026-08-14T00:30:00+00:00,76.13,6,0.0,-0.00275844,FAILED
2026-08-14T00:25:17.108294+00:00,1786666800,1786667100,SOL/USD,UP,76.13,0.7609451840946387,0.981081081081081,0.981081081081081,0.9648648648648649,2026-08-14T00:30:00+00:00,76.13,12,0.0,-0.00367792,FAILED
2026-08-14T00:25:32.615747+00:00,1786666800,1786667100,DOGE/USD,UP,0.070165,0.674537337763591,0.75,0.75,0.7415730337078652,2026-08-14T00:30:00+00:00,0.070165,3,-0.00011687,-0.00161619,UNRESOLVED
2026-08-14T00:25:32.615747+00:00,1786666800,1786667100,DOGE/USD,UP,0.070165,0.674537337763591,0.75,0.75,0.7415730337078652,2026-08-14T00:30:00+00:00,0.070165,6,0.00044752,-0.00161619,UNRESOLVED
2026-08-14T00:25:32.615747+00:00,1786666800,1786667100,DOGE/USD,UP,0.070165,0.674537337763591,0.75,0.75,0.7415730337078652,2026-08-14T00:30:00+00:00,0.070165,12,0.00110169,-0.00161619,UNRESOLVED
2026-08-14T00:25:48.098781+00:00,1786666800,1786667100,AAVE/USD,DOWN,88.49,0.5233617409097164,0.7748091603053435,0.7213740458015268,0.7442748091603053,2026-08-14T00:30:00+00:00,88.49,3,0.00271217,0.00011301,ACCEPTED
2026-08-14T00:25:48.098781+00:00,1786666800,1786667100,AAVE/USD,DOWN,88.49,0.5233617409097164,0.7748091603053435,0.7213740458015268,0.7442748091603053,2026-08-14T00:30:00+00:00,88.49,6,0.00271217,0.00011301,ACCEPTED
2026-08-14T00:25:48.098781+00:00,1786666800,1786667100,AAVE/USD,DOWN,88.49,0.5233617409097164,0.7748091603053435,0.7213740458015268,0.7442748091603053,2026-08-14T00:30:00+00:00,88.49,12,0.00271217,0.00011301,ACCEPTED
2026-08-14T00:30:26.300146+00:00,1786667100,1786667400,SOL/USD,DOWN,76.02,0.9595157778219681,0.8540540540540541,0.8972972972972973,0.845945945945946,2026-08-14T00:35:00+00:00,76.02,3,0.00131544,-0.0011839,UNRESOLVED
2026-08-14T00:30:26.300146+00:00,1786667100,1786667400,SOL/USD,DOWN,76.02,0.9595157778219681,0.8540540540540541,0.8972972972972973,0.845945945945946,2026-08-14T00:35:00+00:00,76.02,6,0.00131544,-0.0011839,UNRESOLVED
2026-08-14T00:30:26.300146+00:00,1786667100,1786667400,SOL/USD,DOWN,76.02,0.9595157778219681,0.8540540540540541,0.8972972972972973,0.845945945945946,2026-08-14T00:35:00+00:00,76.02,12,0.00223625,-0.0011839,UNRESOLVED
2026-08-14T00:30:26.300163+00:00,1786667100,1786667400,BTC/USD,UP,63382.7,0.7144717194459812,0.907859078590786,0.9214092140921409,0.8807588075880759,2026-08-14T00:35:00+00:00,63382.7,3,0.00160296,-0.00050014,UNRESOLVED
2026-08-14T00:30:26.300163+00:00,1786667100,1786667400,BTC/USD,UP,63382.7,0.7144717194459812,0.907859078590786,0.9214092140921409,0.8807588075880759,2026-08-14T00:35:00+00:00,63382.7,6,0.00166291,-0.00050014,UNRESOLVED
2026-08-14T00:30:26.300163+00:00,1786667100,1786667400,BTC/USD,UP,63382.7,0.7144717194459812,0.907859078590786,0.9214092140921409,0.8807588075880759,2026-08-14T00:35:00+00:00,63382.7,12,0.00219776,-0.00050014,UNRESOLVED
2026-08-14T00:30:26.300179+00:00,1786667100,1786667400,ETH/USD,DOWN,1884.43,0.8685748692622184,0.8837837837837837,0.9,0.22702702702702704,2026-08-14T00:35:00+00:00,1884.43,3,0.00115685,-0.00165037,UNRESOLVED
2026-08-14T00:30:26.300179+00:00,1786667100,1786667400,ETH/USD,DOWN,1884.43,0.8685748692622184,0.8837837837837837,0.9,0.22702702702702704,2026-08-14T00:35:00+00:00,1884.43,6,0.00115685,-0.00165037,UNRESOLVED
2026-08-14T00:30:26.300179+00:00,1786667100,1786667400,ETH/USD,DOWN,1884.43,0.8685748692622184,0.8837837837837837,0.9,0.22702702702702704,2026-08-14T00:35:00+00:00,1884.43,12,0.00115685,-0.00174058,UNRESOLVED
2026-08-14T00:30:41.773282+00:00,1786667100,1786667400,AAVE/USD,DOWN,88.25,1.0,0.7557251908396947,0.7938931297709924,0.6106870229007634,2026-08-14T00:35:00+00:00,88.25,3,0.0,-0.00113314,UNRESOLVED
2026-08-14T00:30:41.773282+00:00,1786667100,1786667400,AAVE/USD,DOWN,88.25,1.0,0.7557251908396947,0.7938931297709924,0.6106870229007634,2026-08-14T00:35:00+00:00,88.25,6,0.0,-0.00203966,UNRESOLVED
2026-08-14T00:30:41.773282+00:00,1786667100,1786667400,AAVE/USD,DOWN,88.25,1.0,0.7557251908396947,0.7938931297709924,0.6106870229007634,2026-08-14T00:35:00+00:00,88.25,12,0.0,-0.00249292,UNRESOLVED
2026-08-14T00:30:41.773297+00:00,1786667100,1786667400,LTC/USD,DOWN,44.74,0.8940274244150964,0.9297297297297298,0.9513513513513514,0.9567567567567568,2026-08-14T00:35:00+00:00,44.74,3,0.0,-0.00134108,UNRESOLVED
2026-08-14T00:30:41.773297+00:00,1786667100,1786667400,LTC/USD,DOWN,44.74,0.8940274244150964,0.9297297297297298,0.9513513513513514,0.9567567567567568,2026-08-14T00:35:00+00:00,44.74,6,0.00067054,-0.00134108,UNRESOLVED
2026-08-14T00:30:41.773297+00:00,1786667100,1786667400,LTC/USD,DOWN,44.74,0.8940274244150964,0.9297297297297298,0.9513513513513514,0.9567567567567568,2026-08-14T00:35:00+00:00,44.74,12,0.0015646,-0.00134108,UNRESOLVED
2026-08-14T00:35:19.681447+00:00,1786667400,1786667700,SOL/USD,DOWN,75.92,0.7128012090589069,0.8972972972972973,0.8945945945945946,0.8702702702702703,2026-08-14T00:40:00+00:00,75.92,3,-0.00013172,-0.00250263,FAILED
2026-08-14T00:35:19.681447+00:00,1786667400,1786667700,SOL/USD,DOWN,75.92,0.7128012090589069,0.8972972972972973,0.8945945945945946,0.8702702702702703,2026-08-14T00:40:00+00:00,75.92,6,-0.00013172,-0.00250263,FAILED
2026-08-14T00:35:19.681447+00:00,1786667400,1786667700,SOL/USD,DOWN,75.92,0.7128012090589069,0.8972972972972973,0.8945945945945946,0.8702702702702703,2026-08-14T00:40:00+00:00,75.92,12,0.00092202,-0.00250263,FAILED
2026-08-14T00:35:35.142539+00:00,1786667400,1786667700,ETH/USD,UP,1882.8,0.6368118344079913,0.9108108108108108,0.8918918918918919,0.7324324324324324,2026-08-14T00:40:00+00:00,1882.8,3,0.00251753,0.00079669,ACCEPTED
2026-08-14T00:35:35.142539+00:00,1786667400,1786667700,ETH/USD,UP,1882.8,0.6368118344079913,0.9108108108108108,0.8918918918918919,0.7324324324324324,2026-08-14T00:40:00+00:00,1882.8,6,0.00260782,0.00079669,ACCEPTED
2026-08-14T00:35:35.142539+00:00,1786667400,1786667700,ETH/USD,UP,1882.8,0.6368118344079913,0.9108108108108108,0.8918918918918919,0.7324324324324324,2026-08-14T00:40:00+00:00,1882.8,12,0.00260782,0.00060548,ACCEPTED
2026-08-14T00:40:28.671725+00:00,1786667700,1786668000,SOL/USD,DOWN,75.97,0.8458824390293551,0.8513513513513513,0.8702702702702703,0.754054054054054,2026-08-14T00:45:00+00:00,75.97,3,0.00039489,-0.00184283,UNRESOLVED
2026-08-14T00:40:28.671725+00:00,1786667700,1786668000,SOL/USD,DOWN,75.97,0.8458824390293551,0.8513513513513513,0.8702702702702703,0.754054054054054,2026-08-14T00:45:00+00:00,75.97,6,0.00039489,-0.00184283,UNRESOLVED
2026-08-14T00:40:28.671725+00:00,1786667700,1786668000,SOL/USD,DOWN,75.97,0.8458824390293551,0.8513513513513513,0.8702702702702703,0.754054054054054,2026-08-14T00:45:00+00:00,75.97,12,0.00157957,-0.00184283,UNRESOLVED
2026-08-14T00:40:59.598178+00:00,1786667700,1786668000,LINK/USD,DOWN,8.86275,0.8559220529596745,0.927170868347339,0.9215686274509803,0.8935574229691877,2026-08-14T00:45:00+00:00,8.86275,3,0.00067361,-0.00081803,UNRESOLVED
2026-08-14T00:40:59.598178+00:00,1786667700,1786668000,LINK/USD,DOWN,8.86275,0.8559220529596745,0.927170868347339,0.9215686274509803,0.8935574229691877,2026-08-14T00:45:00+00:00,8.86275,6,0.00106965,-0.00102226,UNRESOLVED
2026-08-14T00:40:59.598178+00:00,1786667700,1786668000,LINK/USD,DOWN,8.86275,0.8559220529596745,0.927170868347339,0.9215686274509803,0.8935574229691877,2026-08-14T00:45:00+00:00,8.86275,12,0.00210883,-0.00102226,UNRESOLVED
2026-08-14T00:40:59.598292+00:00,1786667700,1786668000,DOT/USD,DOWN,0.7723,0.9540954804837392,0.8558282208588958,0.8650306748466258,0.7085889570552147,2026-08-14T00:45:00+00:00,0.7723,3,0.0,-0.0015538,UNRESOLVED
2026-08-14T00:40:59.598292+00:00,1786667700,1786668000,DOT/USD,DOWN,0.7723,0.9540954804837392,0.8558282208588958,0.8650306748466258,0.7085889570552147,2026-08-14T00:45:00+00:00,0.7723,6,0.00012948,-0.0015538,UNRESOLVED
2026-08-14T00:40:59.598292+00:00,1786667700,1786668000,DOT/USD,DOWN,0.7723,0.9540954804837392,0.8558282208588958,0.8650306748466258,0.7085889570552147,2026-08-14T00:45:00+00:00,0.7723,12,0.00297812,-0.0015538,ACCEPTED
2026-08-14T00:45:37.694745+00:00,1786668000,1786668300,SOL/USD,DOWN,76.07,0.5510736474787333,0.9,0.8594594594594595,0.9297297297297298,2026-08-14T00:50:00+00:00,76.07,3,0.00170895,0.0,UNRESOLVED
2026-08-14T00:45:37.694745+00:00,1786668000,1786668300,SOL/USD,DOWN,76.07,0.5510736474787333,0.9,0.8594594594594595,0.9297297297297298,2026-08-14T00:50:00+00:00,76.07,6,0.00289207,0.0,ACCEPTED
2026-08-14T00:45:37.694745+00:00,1786668000,1786668300,SOL/USD,DOWN,76.07,0.5510736474787333,0.9,0.8594594594594595,0.9297297297297298,2026-08-14T00:50:00+00:00,76.07,12,0.00289207,0.0,ACCEPTED
2026-08-14T00:50:31.469868+00:00,1786668300,1786668600,SOL/USD,DOWN,75.96,0.709479139362343,0.7567567567567568,0.7756756756756756,0.6675675675675675,2026-08-14T00:55:00+00:00,75.96,3,0.0002633,-0.00105319,UNRESOLVED
2026-08-14T00:50:31.469868+00:00,1786668300,1786668600,SOL/USD,DOWN,75.96,0.709479139362343,0.7567567567567568,0.7756756756756756,0.6675675675675675,2026-08-14T00:55:00+00:00,75.96,6,0.00144813,-0.00105319,UNRESOLVED
2026-08-14T00:50:31.469868+00:00,1786668300,1786668600,SOL/USD,DOWN,75.96,0.709479139362343,0.7567567567567568,0.7756756756756756,0.6675675675675675,2026-08-14T00:55:00+00:00,75.96,12,0.00144813,-0.00144813,UNRESOLVED
2026-08-14T00:51:02.371515+00:00,1786668300,1786668600,LINK/USD,DOWN,8.85861,0.882150058297176,0.7282913165266106,0.7703081232492998,0.9103641456582633,2026-08-14T00:55:00+00:00,8.85861,3,0.00020658,-0.00114804,UNRESOLVED
2026-08-14T00:51:02.371515+00:00,1786668300,1786668600,LINK/USD,DOWN,8.85861,0.882150058297176,0.7282913165266106,0.7703081232492998,0.9103641456582633,2026-08-14T00:55:00+00:00,8.85861,6,0.00164247,-0.00149008,UNRESOLVED
2026-08-14T00:51:02.371515+00:00,1786668300,1786668600,LINK/USD,DOWN,8.85861,0.882150058297176,0.7282913165266106,0.7703081232492998,0.9103641456582633,2026-08-14T00:55:00+00:00,8.85861,12,0.00201499,-0.00149008,UNRESOLVED
2026-08-14T00:51:02.371531+00:00,1786668300,1786668600,AVAX/USD,UP,6.457,1.0,0.7899159663865546,0.8291316526610645,0.8207282913165266,2026-08-14T00:55:00+00:00,6.457,3,0.00278767,0.00015487,ACCEPTED
2026-08-14T00:51:02.371531+00:00,1786668300,1786668600,AVAX/USD,UP,6.457,1.0,0.7899159663865546,0.8291316526610645,0.8207282913165266,2026-08-14T00:55:00+00:00,6.457,6,0.00387177,0.00015487,ACCEPTED
2026-08-14T00:51:02.371531+00:00,1786668300,1786668600,AVAX/USD,UP,6.457,1.0,0.7899159663865546,0.8291316526610645,0.8207282913165266,2026-08-14T00:55:00+00:00,6.457,12,0.00387177,-0.00077435,ACCEPTED
2026-08-14T00:55:40.544908+00:00,1786668600,1786668900,ETH/USD,UP,1887.04,0.904223390948694,0.7378378378378379,0.8189189189189189,0.7945945945945946,2026-08-14T01:00:00+00:00,1887.04,3,0.00035505,-0.0007525,UNRESOLVED
2026-08-14T00:55:40.544908+00:00,1786668600,1786668900,ETH/USD,UP,1887.04,0.904223390948694,0.7378378378378379,0.8189189189189189,0.7945945945945946,2026-08-14T01:00:00+00:00,1887.04,6,0.00035505,-0.00164278,UNRESOLVED
2026-08-14T00:55:40.544908+00:00,1786668600,1786668900,ETH/USD,UP,1887.04,0.904223390948694,0.7378378378378379,0.8189189189189189,0.7945945945945946,2026-08-14T01:00:00+00:00,1887.04,12,0.00071011,-0.00164278,UNRESOLVED
2026-08-14T00:55:56.037860+00:00,1786668600,1786668900,AVAX/USD,UP,6.463,0.9955397763011726,0.8795518207282913,0.9187675070028011,0.9439775910364145,2026-08-14T01:00:00+00:00,6.463,3,-0.00030945,-0.00077363,UNRESOLVED
2026-08-14T00:55:56.037860+00:00,1786668600,1786668900,AVAX/USD,UP,6.463,0.9955397763011726,0.8795518207282913,0.9187675070028011,0.9439775910364145,2026-08-14T01:00:00+00:00,6.463,6,0.00293981,-0.00077363,ACCEPTED
2026-08-14T00:55:56.037860+00:00,1786668600,1786668900,AVAX/USD,UP,6.463,0.9955397763011726,0.8795518207282913,0.9187675070028011,0.9439775910364145,2026-08-14T01:00:00+00:00,6.463,12,0.00293981,-0.001702,ACCEPTED
2026-08-14T00:55:56.037876+00:00,1786668600,1786668900,DOT/USD,DOWN,0.7732,0.9721441211978855,0.8159509202453987,0.8404907975460123,0.8834355828220859,2026-08-14T01:00:00+00:00,0.7732,3,0.00129333,-0.00012933,UNRESOLVED
2026-08-14T00:55:56.037876+00:00,1786668600,1786668900,DOT/USD,DOWN,0.7732,0.9721441211978855,0.8159509202453987,0.8404907975460123,0.8834355828220859,2026-08-14T01:00:00+00:00,0.7732,6,0.00155199,-0.00012933,UNRESOLVED
2026-08-14T00:55:56.037876+00:00,1786668600,1786668900,DOT/USD,DOWN,0.7732,0.9721441211978855,0.8159509202453987,0.8404907975460123,0.8834355828220859,2026-08-14T01:00:00+00:00,0.7732,12,0.00413864,-0.00012933,ACCEPTED
2026-08-14T01:00:34.336314+00:00,1786668900,1786669200,SOL/USD,DOWN,76.0,0.9718908174714348,0.9351351351351351,0.9486486486486486,0.845945945945946,2026-08-14T01:05:00+00:00,76.0,3,0.00197368,-0.00039474,UNRESOLVED
2026-08-14T01:00:34.336314+00:00,1786668900,1786669200,SOL/USD,DOWN,76.0,0.9718908174714348,0.9351351351351351,0.9486486486486486,0.845945945945946,2026-08-14T01:05:00+00:00,76.0,6,0.00197368,-0.00052632,UNRESOLVED
2026-08-14T01:00:34.336314+00:00,1786668900,1786669200,SOL/USD,DOWN,76.0,0.9718908174714348,0.9351351351351351,0.9486486486486486,0.845945945945946,2026-08-14T01:05:00+00:00,76.0,12,0.00197368,-0.00144737,UNRESOLVED
2026-08-14T01:00:34.336346+00:00,1786668900,1786669200,ETH/USD,UP,1887.48,0.9450993769718742,0.845945945945946,0.8891891891891892,0.6027027027027027,2026-08-14T01:05:00+00:00,1887.48,3,0.00012186,-0.00163181,UNRESOLVED
2026-08-14T01:00:34.336346+00:00,1786668900,1786669200,ETH/USD,UP,1887.48,0.9450993769718742,0.845945945945946,0.8891891891891892,0.6027027027027027,2026-08-14T01:05:00+00:00,1887.48,6,0.00012186,-0.00187552,UNRESOLVED
2026-08-14T01:00:34.336346+00:00,1786668900,1786669200,ETH/USD,UP,1887.48,0.9450993769718742,0.845945945945946,0.8891891891891892,0.6027027027027027,2026-08-14T01:05:00+00:00,1887.48,12,0.00047683,-0.00187552,UNRESOLVED
2026-08-14T01:01:05.234521+00:00,1786668900,1786669200,LTC/USD,UP,44.72,0.7224896537791704,0.8432432432432433,0.845945945945946,0.45675675675675675,2026-08-14T01:05:00+00:00,44.72,3,0.00067084,-0.00111807,UNRESOLVED
2026-08-14T01:01:05.234521+00:00,1786668900,1786669200,LTC/USD,UP,44.72,0.7224896537791704,0.8432432432432433,0.845945945945946,0.45675675675675675,2026-08-14T01:05:00+00:00,44.72,6,0.00089445,-0.00111807,UNRESOLVED
2026-08-14T01:01:05.234521+00:00,1786668900,1786669200,LTC/USD,UP,44.72,0.7224896537791704,0.8432432432432433,0.845945945945946,0.45675675675675675,2026-08-14T01:05:00+00:00,44.72,12,0.00111807,-0.00111807,UNRESOLVED
2026-08-14T01:05:27.813569+00:00,1786669200,1786669500,SOL/USD,DOWN,75.96,0.9446184863842588,0.7486486486486487,0.8027027027027027,0.35135135135135137,2026-08-14T01:10:00+00:00,75.96,3,0.00144813,-0.00092154,UNRESOLVED
2026-08-14T01:05:27.813569+00:00,1786669200,1786669500,SOL/USD,DOWN,75.96,0.9446184863842588,0.7486486486486487,0.8027027027027027,0.35135135135135137,2026-08-14T01:10:00+00:00,75.96,6,0.00144813,-0.00105319,UNRESOLVED
2026-08-14T01:05:27.813569+00:00,1786669200,1786669500,SOL/USD,DOWN,75.96,0.9446184863842588,0.7486486486486487,0.8027027027027027,0.35135135135135137,2026-08-14T01:10:00+00:00,75.96,12,0.00144813,-0.00197472,UNRESOLVED
2026-08-14T01:05:27.813586+00:00,1786669200,1786669500,BTC/USD,UP,63521.0,0.6743552894442917,0.7100271002710027,0.7723577235772358,0.6205962059620597,2026-08-14T01:10:00+00:00,63521.0,3,1.57e-06,-0.00171125,UNRESOLVED
2026-08-14T01:05:27.813586+00:00,1786669200,1786669500,BTC/USD,UP,63521.0,0.6743552894442917,0.7100271002710027,0.7723577235772358,0.6205962059620597,2026-08-14T01:10:00+00:00,63521.0,6,1.57e-06,-0.00206546,UNRESOLVED
2026-08-14T01:05:27.813586+00:00,1786669200,1786669500,BTC/USD,UP,63521.0,0.6743552894442917,0.7100271002710027,0.7723577235772358,0.6205962059620597,2026-08-14T01:10:00+00:00,63521.0,12,1.57e-06,-0.00206546,UNRESOLVED
2026-08-14T01:05:43.286615+00:00,1786669200,1786669500,ETH/USD,UP,1886.96,0.9332454269033852,0.9324324324324325,0.9459459459459459,0.9351351351351351,2026-08-14T01:10:00+00:00,1886.96,3,0.00035507,-0.00160046,UNRESOLVED
2026-08-14T01:05:43.286615+00:00,1786669200,1786669500,ETH/USD,UP,1886.96,0.9332454269033852,0.9324324324324325,0.9459459459459459,0.9351351351351351,2026-08-14T01:10:00+00:00,1886.96,6,0.00035507,-0.00160046,UNRESOLVED
2026-08-14T01:05:43.286615+00:00,1786669200,1786669500,ETH/USD,UP,1886.96,0.9332454269033852,0.9324324324324325,0.9459459459459459,0.9351351351351351,2026-08-14T01:10:00+00:00,1886.96,12,0.00075253,-0.00160046,UNRESOLVED
2026-08-14T01:05:43.286631+00:00,1786669200,1786669500,XRP/USD,DOWN,1.01161,0.7920088968592823,0.927027027027027,0.9405405405405406,0.7972972972972973,2026-08-14T01:10:00+00:00,1.01161,3,0.00133451,-0.00038552,UNRESOLVED
2026-08-14T01:05:43.286631+00:00,1786669200,1786669500,XRP/USD,DOWN,1.01161,0.7920088968592823,0.927027027027027,0.9405405405405406,0.7972972972972973,2026-08-14T01:10:00+00:00,1.01161,6,0.00194739,-0.00038552,UNRESOLVED
2026-08-14T01:05:43.286631+00:00,1786669200,1786669500,XRP/USD,DOWN,1.01161,0.7920088968592823,0.927027027027027,0.9405405405405406,0.7972972972972973,2026-08-14T01:10:00+00:00,1.01161,12,0.00194739,-0.00038552,UNRESOLVED
2026-08-14T01:05:58.774470+00:00,1786669200,1786669500,LTC/USD,DOWN,44.72,0.9056610008671607,0.9783783783783784,0.9783783783783784,0.9783783783783784,2026-08-14T01:10:00+00:00,44.72,3,0.0,-0.00067084,UNRESOLVED
2026-08-14T01:05:58.774470+00:00,1786669200,1786669500,LTC/USD,DOWN,44.72,0.9056610008671607,0.9783783783783784,0.9783783783783784,0.9783783783783784,2026-08-14T01:10:00+00:00,44.72,6,0.00022361,-0.00089445,UNRESOLVED
2026-08-14T01:05:58.774470+00:00,1786669200,1786669500,LTC/USD,DOWN,44.72,0.9056610008671607,0.9783783783783784,0.9783783783783784,0.9783783783783784,2026-08-14T01:10:00+00:00,44.72,12,0.00022361,-0.00111807,UNRESOLVED
2026-08-14T01:10:36.982425+00:00,1786669500,1786669800,SOL/USD,DOWN,75.94,0.8228216727900745,0.8810810810810811,0.8918918918918919,0.754054054054054,2026-08-14T01:15:00+00:00,75.94,3,0.00118515,-0.00131683,UNRESOLVED
2026-08-14T01:10:36.982425+00:00,1786669500,1786669800,SOL/USD,DOWN,75.94,0.8228216727900745,0.8810810810810811,0.8918918918918919,0.754054054054054,2026-08-14T01:15:00+00:00,75.94,6,0.00118515,-0.00131683,UNRESOLVED
2026-08-14T01:10:36.982425+00:00,1786669500,1786669800,SOL/USD,DOWN,75.94,0.8228216727900745,0.8810810810810811,0.8918918918918919,0.754054054054054,2026-08-14T01:15:00+00:00,75.94,12,0.00118515,-0.00223861,UNRESOLVED
2026-08-14T01:10:36.982442+00:00,1786669500,1786669800,BTC/USD,UP,63459.6,0.583676391339534,0.7723577235772358,0.7913279132791328,0.6422764227642277,2026-08-14T01:15:00+00:00,63459.6,3,0.00074851,-0.00109991,UNRESOLVED
2026-08-14T01:10:36.982442+00:00,1786669500,1786669800,BTC/USD,UP,63459.6,0.583676391339534,0.7723577235772358,0.7913279132791328,0.6422764227642277,2026-08-14T01:15:00+00:00,63459.6,6,0.00074851,-0.00109991,UNRESOLVED
2026-08-14T01:10:36.982442+00:00,1786669500,1786669800,BTC/USD,UP,63459.6,0.583676391339534,0.7723577235772358,0.7913279132791328,0.6422764227642277,2026-08-14T01:15:00+00:00,63459.6,12,0.00154587,-0.00109991,UNRESOLVED
2026-08-14T01:10:52.477861+00:00,1786669500,1786669800,LINK/USD,UP,8.85327,0.5367063136745431,0.8067226890756303,0.7563025210084033,0.9243697478991597,2026-08-14T01:15:00+00:00,8.85327,3,0.00174964,-0.00104029,UNRESOLVED
2026-08-14T01:10:52.477861+00:00,1786669500,1786669800,LINK/USD,UP,8.85327,0.5367063136745431,0.8067226890756303,0.7563025210084033,0.9243697478991597,2026-08-14T01:15:00+00:00,8.85327,6,0.00174964,-0.00104029,UNRESOLVED
2026-08-14T01:10:52.477861+00:00,1786669500,1786669800,LINK/USD,UP,8.85327,0.5367063136745431,0.8067226890756303,0.7563025210084033,0.9243697478991597,2026-08-14T01:15:00+00:00,8.85327,12,0.00174964,-0.00285092,FAILED
2026-08-14T01:15:46.376793+00:00,1786669800,1786670100,SOL/USD,DOWN,75.87,0.9068002841238068,0.927027027027027,0.9378378378378378,0.918918918918919,2026-08-14T01:20:00+00:00,75.87,3,0.00026361,-0.00224067,UNRESOLVED
2026-08-14T01:15:46.376793+00:00,1786669800,1786670100,SOL/USD,DOWN,75.87,0.9068002841238068,0.927027027027027,0.9378378378378378,0.918918918918919,2026-08-14T01:20:00+00:00,75.87,6,0.00026361,-0.00263609,FAILED
2026-08-14T01:15:46.376793+00:00,1786669800,1786670100,SOL/USD,DOWN,75.87,0.9068002841238068,0.927027027027027,0.9378378378378378,0.918918918918919,2026-08-14T01:20:00+00:00,75.87,12,0.00250428,-0.00316331,FAILED
2026-08-14T01:15:46.376872+00:00,1786669800,1786670100,DOGE/USD,UP,0.070138,0.9753679193311658,0.7837078651685393,0.8117977528089888,0.8398876404494382,2026-08-14T01:20:00+00:00,0.070138,3,0.00093387,-0.00030369,UNRESOLVED
2026-08-14T01:15:46.376872+00:00,1786669800,1786670100,DOGE/USD,UP,0.070138,0.9753679193311658,0.7837078651685393,0.8117977528089888,0.8398876404494382,2026-08-14T01:20:00+00:00,0.070138,6,0.00136445,-0.00030369,UNRESOLVED
2026-08-14T01:15:46.376872+00:00,1786669800,1786670100,DOGE/USD,UP,0.070138,0.9753679193311658,0.7837078651685393,0.8117977528089888,0.8398876404494382,2026-08-14T01:20:00+00:00,0.070138,12,0.00232256,-0.0043999,FAILED
2026-08-14T01:16:01.827197+00:00,1786669800,1786670100,AVAX/USD,UP,6.479,0.653100080674575,0.938375350140056,0.938375350140056,0.9159663865546218,2026-08-14T01:20:00+00:00,6.479,3,0.00046303,-0.00354993,FAILED
2026-08-14T01:16:01.827197+00:00,1786669800,1786670100,AVAX/USD,UP,6.479,0.653100080674575,0.938375350140056,0.938375350140056,0.9159663865546218,2026-08-14T01:20:00+00:00,6.479,6,0.00046303,-0.00354993,FAILED
2026-08-14T01:16:01.827197+00:00,1786669800,1786670100,AVAX/USD,UP,6.479,0.653100080674575,0.938375350140056,0.938375350140056,0.9159663865546218,2026-08-14T01:20:00+00:00,6.479,12,0.00046303,-0.01003241,FAILED
2026-08-14T01:16:01.827240+00:00,1786669800,1786670100,LTC/USD,UP,44.74,1.0,0.7486486486486487,0.8324324324324325,0.8891891891891892,2026-08-14T01:20:00+00:00,44.74,3,0.00044703,-0.00067054,UNRESOLVED
2026-08-14T01:16:01.827240+00:00,1786669800,1786670100,LTC/USD,UP,44.74,1.0,0.7486486486486487,0.8324324324324325,0.8891891891891892,2026-08-14T01:20:00+00:00,44.74,6,0.00067054,-0.00067054,UNRESOLVED
2026-08-14T01:16:01.827240+00:00,1786669800,1786670100,LTC/USD,UP,44.74,1.0,0.7486486486486487,0.8324324324324325,0.8891891891891892,2026-08-14T01:20:00+00:00,44.74,12,0.00111757,-0.00067054,UNRESOLVED
2026-08-14T01:20:55.579338+00:00,1786670100,1786670400,LINK/USD,UP,8.85237,0.9491473128414725,0.9803921568627451,0.9859943977591037,0.9719887955182073,2026-08-14T01:25:00+00:00,8.85237,3,0.00185148,-0.0002553,UNRESOLVED
2026-08-14T01:20:55.579338+00:00,1786670100,1786670400,LINK/USD,UP,8.85237,0.9491473128414725,0.9803921568627451,0.9859943977591037,0.9719887955182073,2026-08-14T01:25:00+00:00,8.85237,6,0.00185148,-0.00131151,UNRESOLVED
2026-08-14T01:20:55.579338+00:00,1786670100,1786670400,LINK/USD,UP,8.85237,0.9491473128414725,0.9803921568627451,0.9859943977591037,0.9719887955182073,2026-08-14T01:25:00+00:00,8.85237,12,0.00185148,-0.00940765,FAILED
2026-08-14T01:20:55.579370+00:00,1786670100,1786670400,DOT/USD,UP,0.7725,0.6639730255318471,0.7515337423312883,0.7361963190184049,0.8220858895705522,2026-08-14T01:25:00+00:00,0.7725,3,0.00012945,-0.0020712,UNRESOLVED
2026-08-14T01:20:55.579370+00:00,1786670100,1786670400,DOT/USD,UP,0.7725,0.6639730255318471,0.7515337423312883,0.7361963190184049,0.8220858895705522,2026-08-14T01:25:00+00:00,0.7725,6,0.00012945,-0.00323625,FAILED
2026-08-14T01:20:55.579370+00:00,1786670100,1786670400,DOT/USD,UP,0.7725,0.6639730255318471,0.7515337423312883,0.7361963190184049,0.8220858895705522,2026-08-14T01:25:00+00:00,0.7725,12,0.00012945,-0.01488673,FAILED
2026-08-14T01:25:18.281359+00:00,1786670400,1786670700,LTC/USD,DOWN,44.73,0.7488136646867833,0.7513513513513513,0.7945945945945946,0.2891891891891892,2026-08-14T01:30:00+00:00,44.73,3,0.00022356,-0.00067069,UNRESOLVED
2026-08-14T01:25:18.281359+00:00,1786670400,1786670700,LTC/USD,DOWN,44.73,0.7488136646867833,0.7513513513513513,0.7945945945945946,0.2891891891891892,2026-08-14T01:30:00+00:00,44.73,6,0.00022356,-0.00089425,UNRESOLVED
2026-08-14T01:25:18.281359+00:00,1786670400,1786670700,LTC/USD,DOWN,44.73,0.7488136646867833,0.7513513513513513,0.7945945945945946,0.2891891891891892,2026-08-14T01:30:00+00:00,44.73,12,0.00067069,-0.00134138,UNRESOLVED
2026-08-14T01:26:04.726301+00:00,1786670400,1786670700,BTC/USD,DOWN,63489.2,0.8039426174077007,0.943089430894309,0.948509485094851,0.8455284552845529,2026-08-14T01:30:00+00:00,63489.2,3,0.00133566,-0.00013861,UNRESOLVED
2026-08-14T01:26:04.726301+00:00,1786670400,1786670700,BTC/USD,DOWN,63489.2,0.8039426174077007,0.943089430894309,0.948509485094851,0.8455284552845529,2026-08-14T01:30:00+00:00,63489.2,6,0.00133566,-0.00019531,UNRESOLVED
2026-08-14T01:26:04.726301+00:00,1786670400,1786670700,BTC/USD,DOWN,63489.2,0.8039426174077007,0.943089430894309,0.948509485094851,0.8455284552845529,2026-08-14T01:30:00+00:00,63489.2,12,0.00512213,-0.00107892,ACCEPTED
2026-08-14T01:26:04.726378+00:00,1786670400,1786670700,LINK/USD,DOWN,8.86876,0.644710755396664,0.7675070028011205,0.742296918767507,0.711484593837535,2026-08-14T01:30:00+00:00,8.86876,3,0.00211529,3.157e-05,UNRESOLVED
2026-08-14T01:26:04.726378+00:00,1786670400,1786670700,LINK/USD,DOWN,8.86876,0.644710755396664,0.7675070028011205,0.742296918767507,0.711484593837535,2026-08-14T01:30:00+00:00,8.86876,6,0.00458689,3.157e-05,ACCEPTED
2026-08-14T01:26:04.726378+00:00,1786670400,1786670700,LINK/USD,DOWN,8.86876,0.644710755396664,0.7675070028011205,0.742296918767507,0.711484593837535,2026-08-14T01:30:00+00:00,8.86876,12,0.01151345,3.157e-05,ACCEPTED
2026-08-14T01:30:11.984288+00:00,1786670700,1786671000,SOL/USD,DOWN,75.92,0.5675478363930883,0.7648648648648648,0.7324324324324324,0.727027027027027,2026-08-14T01:35:00+00:00,75.92,3,0.00013172,-0.00197576,UNRESOLVED
2026-08-14T01:30:11.984288+00:00,1786670700,1786671000,SOL/USD,DOWN,75.92,0.5675478363930883,0.7648648648648648,0.7324324324324324,0.727027027027027,2026-08-14T01:35:00+00:00,75.92,6,0.00013172,-0.00250263,FAILED
2026-08-14T01:30:11.984288+00:00,1786670700,1786671000,SOL/USD,DOWN,75.92,0.5675478363930883,0.7648648648648648,0.7324324324324324,0.727027027027027,2026-08-14T01:35:00+00:00,75.92,12,0.0052687,-0.00250263,FAILED
2026-08-14T01:30:42.941836+00:00,1786670700,1786671000,DOT/USD,DOWN,0.7716,0.9715197005755706,0.8128834355828221,0.8312883435582822,0.8220858895705522,2026-08-14T01:35:00+00:00,0.7716,3,0.00207361,0.0005184,UNRESOLVED
2026-08-14T01:30:42.941836+00:00,1786670700,1786671000,DOT/USD,DOWN,0.7716,0.9715197005755706,0.8128834355828221,0.8312883435582822,0.8220858895705522,2026-08-14T01:35:00+00:00,0.7716,6,0.00272162,0.0005184,ACCEPTED
2026-08-14T01:30:42.941836+00:00,1786670700,1786671000,DOT/USD,DOWN,0.7716,0.9715197005755706,0.8128834355828221,0.8312883435582822,0.8220858895705522,2026-08-14T01:35:00+00:00,0.7716,12,0.01425609,0.0005184,ACCEPTED
2026-08-14T01:35:52.400394+00:00,1786671000,1786671300,AAVE/USD,DOWN,88.28,0.993244957753133,0.8396946564885496,0.8625954198473282,0.6106870229007634,2026-08-14T01:40:00+00:00,88.28,3,0.0,-0.00101948,UNRESOLVED
2026-08-14T01:35:52.400394+00:00,1786671000,1786671300,AAVE/USD,DOWN,88.28,0.993244957753133,0.8396946564885496,0.8625954198473282,0.6106870229007634,2026-08-14T01:40:00+00:00,88.28,6,0.0,-0.00169914,UNRESOLVED
2026-08-14T01:35:52.400394+00:00,1786671000,1786671300,AAVE/USD,DOWN,88.28,0.993244957753133,0.8396946564885496,0.8625954198473282,0.6106870229007634,2026-08-14T01:40:00+00:00,88.28,12,0.00815587,-0.00169914,ACCEPTED
2026-08-14T01:40:30.601703+00:00,1786671300,1786671600,SOL/USD,DOWN,75.98,0.9405989295558447,0.8378378378378378,0.8810810810810811,0.6675675675675675,2026-08-14T01:45:00+00:00,75.98,3,-0.00026323,-0.00171098,UNRESOLVED
2026-08-14T01:40:30.601703+00:00,1786671300,1786671600,SOL/USD,DOWN,75.98,0.9405989295558447,0.8378378378378378,0.8810810810810811,0.6675675675675675,2026-08-14T01:45:00+00:00,75.98,6,-0.00013161,-0.00171098,UNRESOLVED
2026-08-14T01:40:30.601703+00:00,1786671300,1786671600,SOL/USD,DOWN,75.98,0.9405989295558447,0.8378378378378378,0.8810810810810811,0.6675675675675675,2026-08-14T01:45:00+00:00,75.98,12,0.00605422,-0.00171098,ACCEPTED
2026-08-14T01:40:46.056466+00:00,1786671300,1786671600,ETH/USD,DOWN,1885.87,0.922010156619098,0.745945945945946,0.8324324324324325,0.7216216216216216,2026-08-14T01:45:00+00:00,1885.87,3,-6.363e-05,-0.00133095,UNRESOLVED
2026-08-14T01:40:46.056466+00:00,1786671300,1786671600,ETH/USD,DOWN,1885.87,0.922010156619098,0.745945945945946,0.8324324324324325,0.7216216216216216,2026-08-14T01:45:00+00:00,1885.87,6,-6.363e-05,-0.00180818,UNRESOLVED
2026-08-14T01:40:46.056466+00:00,1786671300,1786671600,ETH/USD,DOWN,1885.87,0.922010156619098,0.745945945945946,0.8324324324324325,0.7216216216216216,2026-08-14T01:45:00+00:00,1885.87,12,0.00587527,-0.00180818,ACCEPTED
2026-08-14T01:41:01.511405+00:00,1786671300,1786671600,LTC/USD,DOWN,44.73,0.8404991435414501,0.9,0.9162162162162162,0.8351351351351352,2026-08-14T01:45:00+00:00,44.73,3,-0.00022356,-0.00089425,UNRESOLVED
2026-08-14T01:41:01.511405+00:00,1786671300,1786671600,LTC/USD,DOWN,44.73,0.8404991435414501,0.9,0.9162162162162162,0.8351351351351352,2026-08-14T01:45:00+00:00,44.73,6,-0.00022356,-0.00134138,UNRESOLVED
2026-08-14T01:41:01.511405+00:00,1786671300,1786671600,LTC/USD,DOWN,44.73,0.8404991435414501,0.9,0.9162162162162162,0.8351351351351352,2026-08-14T01:45:00+00:00,44.73,12,0.00089425,-0.00134138,UNRESOLVED
2026-08-14T01:46:02.594117+00:00,1786671600,1786671900,BTC/USD,UP,63501.6,0.9784152290591986,0.7127371273712737,0.8292682926829268,0.45799457994579945,2026-08-14T01:50:00+00:00,63501.6,3,0.0,-0.00059684,UNRESOLVED
2026-08-14T01:46:02.594117+00:00,1786671600,1786671900,BTC/USD,UP,63501.6,0.9784152290591986,0.7127371273712737,0.8292682926829268,0.45799457994579945,2026-08-14T01:50:00+00:00,63501.6,6,0.00088344,-0.00406446,FAILED
2026-08-14T01:46:02.594117+00:00,1786671600,1786671900,BTC/USD,UP,63501.6,0.9784152290591986,0.7127371273712737,0.8292682926829268,0.45799457994579945,2026-08-14T01:50:00+00:00,63501.6,12,0.00088344,-0.00592583,FAILED
2026-08-14T01:46:02.594134+00:00,1786671600,1786671900,ETH/USD,UP,1887.72,0.808262624300628,0.8864864864864865,0.8945945945945946,0.37567567567567567,2026-08-14T01:50:00+00:00,1887.72,3,0.00034963,-0.00086877,UNRESOLVED
2026-08-14T01:46:02.594134+00:00,1786671600,1786671900,ETH/USD,UP,1887.72,0.808262624300628,0.8864864864864865,0.8945945945945946,0.37567567567567567,2026-08-14T01:50:00+00:00,1887.72,6,0.00082639,-0.00490539,FAILED
2026-08-14T01:46:02.594134+00:00,1786671600,1786671900,ETH/USD,UP,1887.72,0.808262624300628,0.8864864864864865,0.8945945945945946,0.37567567567567567,2026-08-14T01:50:00+00:00,1887.72,12,0.00082639,-0.00706143,FAILED
2026-08-14T01:46:18.065115+00:00,1786671600,1786671900,ADA/USD,DOWN,0.183,0.85207449616974,0.8305555555555556,0.8583333333333333,0.7111111111111111,2026-08-14T01:50:00+00:00,0.183,3,0.00248087,0.0,UNRESOLVED
2026-08-14T01:46:18.065115+00:00,1786671600,1786671900,ADA/USD,DOWN,0.183,0.85207449616974,0.8305555555555556,0.8583333333333333,0.7111111111111111,2026-08-14T01:50:00+00:00,0.183,6,0.00288525,0.0,ACCEPTED
2026-08-14T01:46:18.065115+00:00,1786671600,1786671900,ADA/USD,DOWN,0.183,0.85207449616974,0.8305555555555556,0.8583333333333333,0.7111111111111111,2026-08-14T01:50:00+00:00,0.183,12,0.00522951,0.0,ACCEPTED
2026-08-14T01:50:10.180172+00:00,1786671900,1786672200,DOGE/USD,UP,0.0701921,0.9915666146380923,0.7303370786516854,0.7808988764044944,0.8174157303370787,2026-08-14T01:55:00+00:00,0.0701921,3,0.00118104,-0.00089184,UNRESOLVED
2026-08-14T01:50:10.180172+00:00,1786671900,1786672200,DOGE/USD,UP,0.0701921,0.9915666146380923,0.7303370786516854,0.7808988764044944,0.8174157303370787,2026-08-14T01:55:00+00:00,0.0701921,6,0.00155003,-0.00584681,FAILED
2026-08-14T01:50:10.180172+00:00,1786671900,1786672200,DOGE/USD,UP,0.0701921,0.9915666146380923,0.7303370786516854,0.7808988764044944,0.8174157303370787,2026-08-14T01:55:00+00:00,0.0701921,12,0.00155003,-0.00819323,FAILED
2026-08-14T01:50:25.641110+00:00,1786671900,1786672200,LTC/USD,UP,44.76,0.9884918747335699,0.7189189189189189,0.8189189189189189,0.7405405405405405,2026-08-14T01:55:00+00:00,44.76,3,0.00022341,-0.00044683,UNRESOLVED
2026-08-14T01:50:25.641110+00:00,1786671900,1786672200,LTC/USD,UP,44.76,0.9884918747335699,0.7189189189189189,0.8189189189189189,0.7405405405405405,2026-08-14T01:55:00+00:00,44.76,6,0.00067024,-0.00134048,UNRESOLVED
2026-08-14T01:50:25.641110+00:00,1786671900,1786672200,LTC/USD,UP,44.76,0.9884918747335699,0.7189189189189189,0.8189189189189189,0.7405405405405405,2026-08-14T01:55:00+00:00,44.76,12,0.00067024,-0.0015639,UNRESOLVED
2026-08-14T01:55:18.977693+00:00,1786672200,1786672500,XRP/USD,UP,1.00986,0.9950484947370379,0.7189189189189189,0.8432432432432433,0.4756756756756757,2026-08-14T02:00:00+00:00,1.00986,3,0.00285188,-9.9e-06,ACCEPTED
2026-08-14T01:55:18.977693+00:00,1786672200,1786672500,XRP/USD,UP,1.00986,0.9950484947370379,0.7189189189189189,0.8432432432432433,0.4756756756756757,2026-08-14T02:00:00+00:00,1.00986,6,0.00285188,-0.00283208,ACCEPTED
2026-08-14T01:55:18.977693+00:00,1786672200,1786672500,XRP/USD,UP,1.00986,0.9950484947370379,0.7189189189189189,0.8432432432432433,0.4756756756756757,2026-08-14T02:00:00+00:00,1.00986,12,0.00285188,-0.00374309,ACCEPTED
2026-08-14T02:05:51.729014+00:00,1786672800,1786673100,DOGE/USD,DOWN,0.070275,0.9680929026772568,0.9213483146067416,0.9325842696629213,0.9213483146067416,2026-08-14T02:10:00+00:00,0.070275,3,0.00701957,-0.00036855,ACCEPTED
2026-08-14T02:05:51.729014+00:00,1786672800,1786673100,DOGE/USD,DOWN,0.070275,0.9680929026772568,0.9213483146067416,0.9325842696629213,0.9213483146067416,2026-08-14T02:10:00+00:00,0.070275,6,0.00936322,-0.00036855,ACCEPTED
2026-08-14T02:05:51.729014+00:00,1786672800,1786673100,DOGE/USD,DOWN,0.070275,0.9680929026772568,0.9213483146067416,0.9325842696629213,0.9213483146067416,2026-08-14T02:10:00+00:00,0.070275,12,0.01003202,-0.00036855,ACCEPTED
2026-08-14T02:06:07.176534+00:00,1786672800,1786673100,LTC/USD,UP,44.77,1.0,0.8081081081081081,0.8621621621621621,0.6216216216216216,2026-08-14T02:10:00+00:00,44.77,3,0.00044673,-0.00156355,UNRESOLVED
2026-08-14T02:06:07.176534+00:00,1786672800,1786673100,LTC/USD,UP,44.77,1.0,0.8081081081081081,0.8621621621621621,0.6216216216216216,2026-08-14T02:10:00+00:00,44.77,6,0.00044673,-0.00156355,UNRESOLVED
2026-08-14T02:06:07.176534+00:00,1786672800,1786673100,LTC/USD,UP,44.77,1.0,0.8081081081081081,0.8621621621621621,0.6216216216216216,2026-08-14T02:10:00+00:00,44.77,12,0.00044673,-0.00268037,FAILED
2026-08-14T02:11:00.408417+00:00,1786673100,1786673400,LINK/USD,UP,8.86386,0.9879972368566377,0.9159663865546218,0.9327731092436975,0.9355742296918768,2026-08-14T06:15:00+00:00,8.86386,3,-0.00980047,-0.01096701,FAILED
2026-08-14T02:11:00.408417+00:00,1786673100,1786673400,LINK/USD,UP,8.86386,0.9879972368566377,0.9159663865546218,0.9327731092436975,0.9355742296918768,2026-08-14T06:15:00+00:00,8.86386,6,-0.00980047,-0.0118278,FAILED
2026-08-14T02:11:00.408417+00:00,1786673100,1786673400,LINK/USD,UP,8.86386,0.9879972368566377,0.9159663865546218,0.9327731092436975,0.9355742296918768,2026-08-14T06:15:00+00:00,8.86386,12,-0.00980047,-0.01324028,FAILED
2026-08-14T02:11:00.408448+00:00,1786673100,1786673400,DOT/USD,UP,0.7709,0.970905892990075,0.7269938650306749,0.7638036809815951,0.4294478527607362,2026-08-14T06:15:00+00:00,0.7709,3,-0.01167467,-0.01284213,FAILED
2026-08-14T02:11:00.408448+00:00,1786673100,1786673400,DOT/USD,UP,0.7709,0.970905892990075,0.7269938650306749,0.7638036809815951,0.4294478527607362,2026-08-14T06:15:00+00:00,0.7709,6,-0.01167467,-0.01336101,FAILED
2026-08-14T02:11:00.408448+00:00,1786673100,1786673400,DOT/USD,UP,0.7709,0.970905892990075,0.7269938650306749,0.7638036809815951,0.4294478527607362,2026-08-14T06:15:00+00:00,0.7709,12,-0.01167467,-0.01738228,FAILED
2026-08-14T06:17:24.943690+00:00,1786687800,1786688100,ADA/USD,DOWN,0.182472,1.0,0.7638888888888888,0.8138888888888889,0.8555555555555555,2026-08-14T06:20:00+00:00,0.182472,3,0.00235105,0.0,UNRESOLVED
2026-08-14T06:17:24.943690+00:00,1786687800,1786688100,ADA/USD,DOWN,0.182472,1.0,0.7638888888888888,0.8138888888888889,0.8555555555555555,2026-08-14T06:20:00+00:00,0.182472,6,0.00235105,-9.865e-05,UNRESOLVED
2026-08-14T06:17:24.943690+00:00,1786687800,1786688100,ADA/USD,DOWN,0.182472,1.0,0.7638888888888888,0.8138888888888889,0.8555555555555555,2026-08-14T06:20:00+00:00,0.182472,12,0.00619821,-0.00020825,ACCEPTED
2026-08-14T06:20:15.273841+00:00,1786688100,1786688400,ADA/USD,DOWN,0.182196,0.9880078045919466,0.8111111111111111,0.8694444444444445,0.9833333333333333,2026-08-14T06:25:00+00:00,0.182196,3,0.00068607,-0.00161365,UNRESOLVED
2026-08-14T06:20:15.273841+00:00,1786688100,1786688400,ADA/USD,DOWN,0.182196,0.9880078045919466,0.8111111111111111,0.8694444444444445,0.9833333333333333,2026-08-14T06:25:00+00:00,0.182196,6,0.00068607,-0.00172342,UNRESOLVED
2026-08-14T06:20:15.273841+00:00,1786688100,1786688400,ADA/USD,DOWN,0.182196,0.9880078045919466,0.8111111111111111,0.8694444444444445,0.9833333333333333,2026-08-14T06:25:00+00:00,0.182196,12,0.00469275,-0.00172342,ACCEPTED
2026-08-14T06:20:30.743108+00:00,1786688100,1786688400,DOT/USD,UP,0.761,0.8337977200942716,0.803680981595092,0.7852760736196319,0.7699386503067485,2026-08-14T06:25:00+00:00,0.761,3,0.00065703,-0.00052562,UNRESOLVED
2026-08-14T06:20:30.743108+00:00,1786688100,1786688400,DOT/USD,UP,0.761,0.8337977200942716,0.803680981595092,0.7852760736196319,0.7699386503067485,2026-08-14T06:25:00+00:00,0.761,6,0.00065703,-0.0022339,UNRESOLVED
2026-08-14T06:20:30.743108+00:00,1786688100,1786688400,DOT/USD,UP,0.761,0.8337977200942716,0.803680981595092,0.7852760736196319,0.7699386503067485,2026-08-14T06:25:00+00:00,0.761,12,0.00065703,-0.00459921,FAILED
2026-08-14T06:20:30.743123+00:00,1786688100,1786688400,AAVE/USD,UP,87.69,1.0,0.7938931297709924,0.8091603053435115,0.6106870229007634,2026-08-14T06:25:00+00:00,87.69,3,0.0,-0.0014825,UNRESOLVED
2026-08-14T06:20:30.743123+00:00,1786688100,1786688400,AAVE/USD,UP,87.69,1.0,0.7938931297709924,0.8091603053435115,0.6106870229007634,2026-08-14T06:25:00+00:00,87.69,6,0.0,-0.00285095,FAILED
2026-08-14T06:20:30.743123+00:00,1786688100,1786688400,AAVE/USD,UP,87.69,1.0,0.7938931297709924,0.8091603053435115,0.6106870229007634,2026-08-14T06:25:00+00:00,87.69,12,0.0,-0.00604402,FAILED
2026-08-14T06:21:17.276961+00:00,1786688100,1786688400,SOL/USD,DOWN,75.62,0.8615370480902849,0.827027027027027,0.8540540540540541,0.8324324324324325,2026-08-14T06:25:00+00:00,75.62,3,0.0013224,0.00013224,UNRESOLVED
2026-08-14T06:21:17.276961+00:00,1786688100,1786688400,SOL/USD,DOWN,75.62,0.8615370480902849,0.827027027027027,0.8540540540540541,0.8324324324324325,2026-08-14T06:25:00+00:00,75.62,6,0.00145464,0.0,UNRESOLVED
2026-08-14T06:21:17.276961+00:00,1786688100,1786688400,SOL/USD,DOWN,75.62,0.8615370480902849,0.827027027027027,0.8540540540540541,0.8324324324324325,2026-08-14T06:25:00+00:00,75.62,12,0.0026448,-0.00013224,ACCEPTED
2026-08-14T06:21:17.276978+00:00,1786688100,1786688400,BTC/USD,DOWN,63171.5,0.6018714479087365,0.8807588075880759,0.8861788617886179,0.8997289972899729,2026-08-14T06:25:00+00:00,63171.5,3,0.00071868,0.0,UNRESOLVED
2026-08-14T06:21:17.276978+00:00,1786688100,1786688400,BTC/USD,DOWN,63171.5,0.6018714479087365,0.8807588075880759,0.8861788617886179,0.8997289972899729,2026-08-14T06:25:00+00:00,63171.5,6,0.00099729,0.0,UNRESOLVED
2026-08-14T06:21:17.276978+00:00,1786688100,1786688400,BTC/USD,DOWN,63171.5,0.6018714479087365,0.8807588075880759,0.8861788617886179,0.8997289972899729,2026-08-14T06:25:00+00:00,63171.5,12,0.00430891,0.0,ACCEPTED
2026-08-14T06:21:17.276994+00:00,1786688100,1786688400,ETH/USD,DOWN,1877.74,0.9395647193575115,0.8918918918918919,0.9162162162162162,0.4594594594594595,2026-08-14T06:25:00+00:00,1877.74,3,0.00102783,-0.00015977,UNRESOLVED
2026-08-14T06:21:17.276994+00:00,1786688100,1786688400,ETH/USD,DOWN,1877.74,0.9395647193575115,0.8918918918918919,0.9162162162162162,0.4594594594594595,2026-08-14T06:25:00+00:00,1877.74,6,0.0021462,-0.00015977,UNRESOLVED
2026-08-14T06:21:17.276994+00:00,1786688100,1786688400,ETH/USD,DOWN,1877.74,0.9395647193575115,0.8918918918918919,0.9162162162162162,0.4594594594594595,2026-08-14T06:25:00+00:00,1877.74,12,0.00399949,-0.00015977,ACCEPTED
2026-08-14T06:28:30.559818+00:00,1786688400,1786688700,SOL/USD,DOWN,75.57,0.996016375947097,0.9594594594594594,0.9783783783783784,0.8540540540540541,2026-08-14T06:30:00+00:00,75.57,3,0.00052931,-0.00052931,UNRESOLVED
2026-08-14T06:28:30.559818+00:00,1786688400,1786688700,SOL/USD,DOWN,75.57,0.996016375947097,0.9594594594594594,0.9783783783783784,0.8540540540540541,2026-08-14T06:30:00+00:00,75.57,6,0.00132328,-0.00066164,UNRESOLVED
2026-08-14T06:28:30.559818+00:00,1786688400,1786688700,SOL/USD,DOWN,75.57,0.996016375947097,0.9594594594594594,0.9783783783783784,0.8540540540540541,2026-08-14T06:30:00+00:00,75.57,12,0.00198491,-0.00079397,UNRESOLVED
2026-08-14T06:31:05.335000+00:00,1786688700,1786689000,XRP/USD,DOWN,1.0064,0.6851529640401215,0.7648648648648648,0.8027027027027027,0.6945945945945946,2026-08-14T06:35:00+00:00,1.0064,3,3.975e-05,-0.00061606,UNRESOLVED
2026-08-14T06:31:05.335000+00:00,1786688700,1786689000,XRP/USD,DOWN,1.0064,0.6851529640401215,0.7648648648648648,0.8027027027027027,0.6945945945945946,2026-08-14T06:35:00+00:00,1.0064,6,0.0013911,-0.00123211,UNRESOLVED
2026-08-14T06:31:05.335000+00:00,1786688700,1786689000,XRP/USD,DOWN,1.0064,0.6851529640401215,0.7648648648648648,0.8027027027027027,0.6945945945945946,2026-08-14T06:35:00+00:00,1.0064,12,0.00363672,-0.00123211,ACCEPTED
2026-08-14T06:35:43.588423+00:00,1786689000,1786689300,DOGE/USD,DOWN,0.0696648,0.9940358543407447,0.797752808988764,0.8342696629213483,0.6264044943820225,2026-08-14T06:40:00+00:00,0.0696648,3,0.000178,-0.00182876,UNRESOLVED
2026-08-14T06:35:43.588423+00:00,1786689000,1786689300,DOGE/USD,DOWN,0.0696648,0.9940358543407447,0.797752808988764,0.8342696629213483,0.6264044943820225,2026-08-14T06:40:00+00:00,0.0696648,6,0.0013608,-0.00182876,UNRESOLVED
2026-08-14T06:35:43.588423+00:00,1786689000,1786689300,DOGE/USD,DOWN,0.0696648,0.9940358543407447,0.797752808988764,0.8342696629213483,0.6264044943820225,2026-08-14T06:40:00+00:00,0.0696648,12,0.0013608,-0.00182876,UNRESOLVED
2026-08-14T06:40:37.562856+00:00,1786689300,1786689600,LTC/USD,DOWN,44.69,0.8004165936673154,0.9081081081081082,0.9081081081081082,0.7783783783783784,2026-08-14T06:45:00+00:00,44.69,3,0.00089505,-0.00134258,UNRESOLVED
2026-08-14T06:40:37.562856+00:00,1786689300,1786689600,LTC/USD,DOWN,44.69,0.8004165936673154,0.9081081081081082,0.9081081081081082,0.7783783783783784,2026-08-14T06:45:00+00:00,44.69,6,0.00089505,-0.00134258,UNRESOLVED
2026-08-14T06:40:37.562856+00:00,1786689300,1786689600,LTC/USD,DOWN,44.69,0.8004165936673154,0.9081081081081082,0.9081081081081082,0.7783783783783784,2026-08-14T06:45:00+00:00,44.69,12,0.00223764,-0.00134258,UNRESOLVED
2026-08-14T06:50:56.391836+00:00,1786689900,1786690200,DOT/USD,DOWN,0.7598,0.9813461527172025,0.8282208588957055,0.8496932515337423,0.8834355828220859,2026-08-14T06:55:00+00:00,0.7598,3,0.00302711,-0.00078968,ACCEPTED
2026-08-14T06:50:56.391836+00:00,1786689900,1786690200,DOT/USD,DOWN,0.7598,0.9813461527172025,0.8282208588957055,0.8496932515337423,0.8834355828220859,2026-08-14T06:55:00+00:00,0.7598,6,0.00302711,-0.00078968,ACCEPTED
2026-08-14T06:50:56.391836+00:00,1786689900,1786690200,DOT/USD,DOWN,0.7598,0.9813461527172025,0.8282208588957055,0.8496932515337423,0.8834355828220859,2026-08-14T06:55:00+00:00,0.7598,12,0.00368518,-0.00078968,ACCEPTED
2026-08-14T06:55:19.588823+00:00,1786690200,1786690500,SOL/USD,DOWN,75.48,0.6005295680129422,0.754054054054054,0.7378378378378379,0.754054054054054,2026-08-14T07:00:00+00:00,75.48,3,0.00079491,-0.00132485,UNRESOLVED
2026-08-14T06:55:19.588823+00:00,1786690200,1786690500,SOL/USD,DOWN,75.48,0.6005295680129422,0.754054054054054,0.7378378378378379,0.754054054054054,2026-08-14T07:00:00+00:00,75.48,6,0.00079491,-0.00198728,UNRESOLVED
2026-08-14T06:55:19.588823+00:00,1786690200,1786690500,SOL/USD,DOWN,75.48,0.6005295680129422,0.754054054054054,0.7378378378378379,0.754054054054054,2026-08-14T07:00:00+00:00,75.48,12,0.00079491,-0.00225225,UNRESOLVED
2026-08-14T06:55:19.588840+00:00,1786690200,1786690500,BTC/USD,DOWN,62979.2,0.8491994806875595,0.997289972899729,0.997289972899729,0.991869918699187,2026-08-14T07:00:00+00:00,62979.2,3,0.00126867,-0.00063831,UNRESOLVED
2026-08-14T06:55:19.588840+00:00,1786690200,1786690500,BTC/USD,DOWN,62979.2,0.8491994806875595,0.997289972899729,0.997289972899729,0.991869918699187,2026-08-14T07:00:00+00:00,62979.2,6,0.00126867,-0.00106702,UNRESOLVED
2026-08-14T06:55:19.588840+00:00,1786690200,1786690500,BTC/USD,DOWN,62979.2,0.8491994806875595,0.997289972899729,0.997289972899729,0.991869918699187,2026-08-14T07:00:00+00:00,62979.2,12,0.00126867,-0.00108449,UNRESOLVED
2026-08-14T06:55:19.588856+00:00,1786690200,1786690500,ETH/USD,DOWN,1872.3,0.5575483548847633,0.8027027027027027,0.7891891891891892,0.8378378378378378,2026-08-14T07:00:00+00:00,1872.3,3,0.00110559,-0.00118037,UNRESOLVED
2026-08-14T06:55:19.588856+00:00,1786690200,1786690500,ETH/USD,DOWN,1872.3,0.5575483548847633,0.8027027027027027,0.7891891891891892,0.8378378378378378,2026-08-14T07:00:00+00:00,1872.3,6,0.00110559,-0.0018747,UNRESOLVED
2026-08-14T06:55:19.588856+00:00,1786690200,1786690500,ETH/USD,DOWN,1872.3,0.5575483548847633,0.8027027027027027,0.7891891891891892,0.8378378378378378,2026-08-14T07:00:00+00:00,1872.3,12,0.00110559,-0.00209368,UNRESOLVED
2026-08-14T06:55:35.076393+00:00,1786690200,1786690500,ADA/USD,DOWN,0.181652,0.9734965844934081,0.7694444444444445,0.8166666666666667,0.8361111111111111,2026-08-14T07:00:00+00:00,0.181652,3,0.0013157,-0.00096338,UNRESOLVED
2026-08-14T06:55:35.076393+00:00,1786690200,1786690500,ADA/USD,DOWN,0.181652,0.9734965844934081,0.7694444444444445,0.8166666666666667,0.8361111111111111,2026-08-14T07:00:00+00:00,0.181652,6,0.00171206,-0.00179464,UNRESOLVED
2026-08-14T06:55:35.076393+00:00,1786690200,1786690500,ADA/USD,DOWN,0.181652,0.9734965844934081,0.7694444444444445,0.8166666666666667,0.8361111111111111,2026-08-14T07:00:00+00:00,0.181652,12,0.00171206,-0.00259287,FAILED
2026-08-14T06:55:35.076458+00:00,1786690200,1786690500,DOT/USD,DOWN,0.7588,0.8660709181357319,0.8067484662576687,0.803680981595092,0.950920245398773,2026-08-14T07:00:00+00:00,0.7588,3,0.00171323,-0.00092251,UNRESOLVED
2026-08-14T06:55:35.076458+00:00,1786690200,1786690500,DOT/USD,DOWN,0.7588,0.8660709181357319,0.8067484662576687,0.803680981595092,0.950920245398773,2026-08-14T07:00:00+00:00,0.7588,6,0.00171323,-0.0010543,UNRESOLVED
2026-08-14T06:55:35.076458+00:00,1786690200,1786690500,DOT/USD,DOWN,0.7588,0.8660709181357319,0.8067484662576687,0.803680981595092,0.950920245398773,2026-08-14T07:00:00+00:00,0.7588,12,0.00237217,-0.00158144,UNRESOLVED
2026-08-14T06:55:50.559856+00:00,1786690200,1786690500,LTC/USD,DOWN,44.71,0.8422497879664607,0.8405405405405405,0.8729729729729729,0.8,2026-08-14T07:00:00+00:00,44.71,3,0.00089465,0.0,UNRESOLVED
2026-08-14T06:55:50.559856+00:00,1786690200,1786690500,LTC/USD,DOWN,44.71,0.8422497879664607,0.8405405405405405,0.8729729729729729,0.8,2026-08-14T07:00:00+00:00,44.71,6,0.00089465,0.0,UNRESOLVED
2026-08-14T06:55:50.559856+00:00,1786690200,1786690500,LTC/USD,DOWN,44.71,0.8422497879664607,0.8405405405405405,0.8729729729729729,0.8,2026-08-14T07:00:00+00:00,44.71,12,0.00290763,0.0,ACCEPTED
2026-08-14T07:00:13.581810+00:00,1786690500,1786690800,DOT/USD,UP,0.7579,0.742514702369367,0.9478527607361963,0.9294478527607362,0.9723926380368099,2026-08-14T07:05:00+00:00,0.7579,3,0.0021111,-0.00052777,UNRESOLVED
2026-08-14T07:00:13.581810+00:00,1786690500,1786690800,DOT/USD,UP,0.7579,0.742514702369367,0.9478527607361963,0.9294478527607362,0.9723926380368099,2026-08-14T07:05:00+00:00,0.7579,6,0.00277081,-0.00052777,ACCEPTED
2026-08-14T07:00:13.581810+00:00,1786690500,1786690800,DOT/USD,UP,0.7579,0.742514702369367,0.9478527607361963,0.9294478527607362,0.9723926380368099,2026-08-14T07:05:00+00:00,0.7579,12,0.00277081,-0.00145138,ACCEPTED
2026-08-14T07:01:00.005371+00:00,1786690500,1786690800,BTC/USD,DOWN,62915.0,0.8853508510916275,0.989159891598916,0.991869918699187,0.997289972899729,2026-08-14T07:05:00+00:00,62915.0,3,0.00023683,-0.0017468,UNRESOLVED
2026-08-14T07:01:00.005371+00:00,1786690500,1786690800,BTC/USD,DOWN,62915.0,0.8853508510916275,0.989159891598916,0.991869918699187,0.997289972899729,2026-08-14T07:05:00+00:00,62915.0,6,0.00023683,-0.00210602,UNRESOLVED
2026-08-14T07:01:00.005371+00:00,1786690500,1786690800,BTC/USD,DOWN,62915.0,0.8853508510916275,0.989159891598916,0.991869918699187,0.997289972899729,2026-08-14T07:05:00+00:00,62915.0,12,0.00083128,-0.00210602,UNRESOLVED
2026-08-14T07:05:53.843508+00:00,1786690800,1786691100,DOGE/USD,DOWN,0.0696039,0.8852993660725892,0.9185393258426966,0.9241573033707865,0.9129213483146067,2026-08-14T07:10:00+00:00,0.0696039,3,-0.00025861,-0.00092524,UNRESOLVED
2026-08-14T07:05:53.843508+00:00,1786690800,1786691100,DOGE/USD,DOWN,0.0696039,0.8852993660725892,0.9185393258426966,0.9241573033707865,0.9129213483146067,2026-08-14T07:10:00+00:00,0.0696039,6,-0.00025861,-0.00206454,UNRESOLVED
2026-08-14T07:05:53.843508+00:00,1786690800,1786691100,DOGE/USD,DOWN,0.0696039,0.8852993660725892,0.9185393258426966,0.9241573033707865,0.9129213483146067,2026-08-14T07:10:00+00:00,0.0696039,12,-0.00010632,-0.00206454,UNRESOLVED
2026-08-14T07:05:53.843538+00:00,1786690800,1786691100,AVAX/USD,DOWN,6.374,0.8953083954606464,0.8879551820728291,0.9131652661064426,0.8851540616246498,2026-08-14T07:10:00+00:00,6.374,3,0.00015689,-0.00423596,FAILED
2026-08-14T07:05:53.843538+00:00,1786690800,1786691100,AVAX/USD,DOWN,6.374,0.8953083954606464,0.8879551820728291,0.9131652661064426,0.8851540616246498,2026-08-14T07:10:00+00:00,6.374,6,0.00015689,-0.00423596,FAILED
2026-08-14T07:05:53.843538+00:00,1786690800,1786691100,AVAX/USD,DOWN,6.374,0.8953083954606464,0.8879551820728291,0.9131652661064426,0.8851540616246498,2026-08-14T07:10:00+00:00,6.374,12,0.00078444,-0.00423596,FAILED
2026-08-14T07:05:53.843553+00:00,1786690800,1786691100,DOT/USD,UP,0.7578,0.9418205837634138,0.901840490797546,0.911042944785276,0.9171779141104295,2026-08-14T07:10:00+00:00,0.7578,3,0.0023753,0.00092373,UNRESOLVED
2026-08-14T07:05:53.843553+00:00,1786690800,1786691100,DOT/USD,UP,0.7578,0.9418205837634138,0.901840490797546,0.911042944785276,0.9171779141104295,2026-08-14T07:10:00+00:00,0.7578,6,0.00290314,0.00092373,ACCEPTED
2026-08-14T07:05:53.843553+00:00,1786690800,1786691100,DOT/USD,UP,0.7578,0.9418205837634138,0.901840490797546,0.911042944785276,0.9171779141104295,2026-08-14T07:10:00+00:00,0.7578,12,0.00290314,-0.00224334,ACCEPTED
2026-08-14T07:10:32.309826+00:00,1786691100,1786691400,SOL/USD,DOWN,75.5,0.738091746747445,0.7432432432432432,0.7621621621621621,0.8324324324324325,2026-08-14T07:15:00+00:00,75.5,3,0.00013245,-0.00172185,UNRESOLVED
2026-08-14T07:10:32.309826+00:00,1786691100,1786691400,SOL/USD,DOWN,75.5,0.738091746747445,0.7432432432432432,0.7621621621621621,0.8324324324324325,2026-08-14T07:15:00+00:00,75.5,6,0.0002649,-0.00198675,UNRESOLVED
2026-08-14T07:10:32.309826+00:00,1786691100,1786691400,SOL/USD,DOWN,75.5,0.738091746747445,0.7432432432432432,0.7621621621621621,0.8324324324324325,2026-08-14T07:15:00+00:00,75.5,12,0.0002649,-0.00198675,UNRESOLVED
2026-08-14T07:10:32.309908+00:00,1786691100,1786691400,DOGE/USD,DOWN,0.0696371,0.958922694861682,0.8595505617977528,0.8848314606741573,0.547752808988764,2026-08-14T07:15:00+00:00,0.0696371,3,1.44e-06,-0.00133119,UNRESOLVED
2026-08-14T07:10:32.309908+00:00,1786691100,1786691400,DOGE/USD,DOWN,0.0696371,0.958922694861682,0.8595505617977528,0.8848314606741573,0.547752808988764,2026-08-14T07:15:00+00:00,0.0696371,6,6.749e-05,-0.0015868,UNRESOLVED
2026-08-14T07:10:32.309908+00:00,1786691100,1786691400,DOGE/USD,DOWN,0.0696371,0.958922694861682,0.8595505617977528,0.8848314606741573,0.547752808988764,2026-08-14T07:15:00+00:00,0.0696371,12,0.00037049,-0.0015868,UNRESOLVED
2026-08-14T07:15:26.221055+00:00,1786691400,1786691700,DOGE/USD,DOWN,0.0696486,0.9835790353680519,0.949438202247191,0.9578651685393258,0.7612359550561798,2026-08-14T07:20:00+00:00,0.0696486,3,0.00015076,-0.00142142,UNRESOLVED
2026-08-14T07:15:26.221055+00:00,1786691400,1786691700,DOGE/USD,DOWN,0.0696486,0.9835790353680519,0.949438202247191,0.9578651685393258,0.7612359550561798,2026-08-14T07:20:00+00:00,0.0696486,6,0.0002326,-0.00142142,UNRESOLVED
2026-08-14T07:15:26.221055+00:00,1786691400,1786691700,DOGE/USD,DOWN,0.0696486,0.9835790353680519,0.949438202247191,0.9578651685393258,0.7612359550561798,2026-08-14T07:20:00+00:00,0.0696486,12,0.00077963,-0.00142142,UNRESOLVED
2026-08-14T07:15:26.221085+00:00,1786691400,1786691700,AVAX/USD,UP,6.397,0.6165532927198143,0.9215686274509803,0.8879551820728291,0.957983193277311,2026-08-14T07:20:00+00:00,6.397,3,0.00062529,-0.00078162,UNRESOLVED
2026-08-14T07:15:26.221085+00:00,1786691400,1786691700,AVAX/USD,UP,6.397,0.6165532927198143,0.9215686274509803,0.8879551820728291,0.957983193277311,2026-08-14T07:20:00+00:00,6.397,6,0.00062529,-0.00390808,FAILED
2026-08-14T07:15:26.221085+00:00,1786691400,1786691700,AVAX/USD,UP,6.397,0.6165532927198143,0.9215686274509803,0.8879551820728291,0.957983193277311,2026-08-14T07:20:00+00:00,6.397,12,0.00062529,-0.00437705,FAILED
2026-08-14T07:20:54.035325+00:00,1786691700,1786692000,ETH/USD,UP,1875.14,0.8959453451287218,0.7945945945945946,0.8594594594594595,0.5081081081081081,2026-08-14T07:25:00+00:00,1875.14,3,0.00057596,-0.0008906,UNRESOLVED
2026-08-14T07:20:54.035325+00:00,1786691700,1786692000,ETH/USD,UP,1875.14,0.8959453451287218,0.7945945945945946,0.8594594594594595,0.5081081081081081,2026-08-14T07:25:00+00:00,1875.14,6,0.00057596,-0.00168521,UNRESOLVED
2026-08-14T07:20:54.035325+00:00,1786691700,1786692000,ETH/USD,UP,1875.14,0.8959453451287218,0.7945945945945946,0.8594594594594595,0.5081081081081081,2026-08-14T07:25:00+00:00,1875.14,12,0.00057596,-0.00266647,FAILED
2026-08-14T07:20:54.035415+00:00,1786691700,1786692000,DOGE/USD,UP,0.0696505,0.9991203228295151,0.7556179775280899,0.8033707865168539,0.4157303370786517,2026-08-14T07:25:00+00:00,0.0696505,3,0.0013941,0.00113711,UNRESOLVED
2026-08-14T07:20:54.035415+00:00,1786691700,1786692000,DOGE/USD,UP,0.0696505,0.9991203228295151,0.7556179775280899,0.8033707865168539,0.4157303370786517,2026-08-14T07:25:00+00:00,0.0696505,6,0.0013941,-0.00030725,UNRESOLVED
2026-08-14T07:20:54.035415+00:00,1786691700,1786692000,DOGE/USD,UP,0.0696505,0.9991203228295151,0.7556179775280899,0.8033707865168539,0.4157303370786517,2026-08-14T07:25:00+00:00,0.0696505,12,0.0013941,-0.00144292,UNRESOLVED
2026-08-14T07:25:49.359395+00:00,1786692000,1786692300,AVAX/USD,DOWN,6.396,0.9681464144571944,0.8599439775910365,0.8823529411764706,0.8599439775910365,2026-08-14T07:30:00+00:00,6.396,3,0.00250156,-0.0003127,ACCEPTED
2026-08-14T07:25:49.359395+00:00,1786692000,1786692300,AVAX/USD,DOWN,6.396,0.9681464144571944,0.8599439775910365,0.8823529411764706,0.8599439775910365,2026-08-14T07:30:00+00:00,6.396,6,0.00422139,-0.0003127,ACCEPTED
2026-08-14T07:25:49.359395+00:00,1786692000,1786692300,AVAX/USD,DOWN,6.396,0.9681464144571944,0.8599439775910365,0.8823529411764706,0.8599439775910365,2026-08-14T07:30:00+00:00,6.396,12,0.00422139,-0.0003127,ACCEPTED
2026-08-14T07:35:41.500176+00:00,1786692600,1786692900,DOGE/USD,DOWN,0.069737,0.9993910784958332,0.9606741573033708,0.9691011235955056,0.9634831460674157,2026-08-14T07:40:00+00:00,0.069737,3,0.00154724,0.00149992,UNRESOLVED
2026-08-14T07:35:41.500176+00:00,1786692600,1786692900,DOGE/USD,DOWN,0.069737,0.9993910784958332,0.9606741573033708,0.9691011235955056,0.9634831460674157,2026-08-14T07:40:00+00:00,0.069737,6,0.00180249,0.00115147,UNRESOLVED
2026-08-14T07:35:41.500176+00:00,1786692600,1786692900,DOGE/USD,DOWN,0.069737,0.9993910784958332,0.9606741573033708,0.9691011235955056,0.9634831460674157,2026-08-14T07:40:00+00:00,0.069737,12,0.00299984,0.00115147,ACCEPTED
2026-08-14T07:40:36.262991+00:00,1786692900,1786693200,ETH/USD,UP,1872.42,0.997074756623308,0.7648648648648648,0.8513513513513513,0.4594594594594595,2026-08-14T07:45:00+00:00,1872.42,3,0.00100405,-0.00023499,UNRESOLVED
2026-08-14T07:40:36.262991+00:00,1786692900,1786693200,ETH/USD,UP,1872.42,0.997074756623308,0.7648648648648648,0.8513513513513513,0.4594594594594595,2026-08-14T07:45:00+00:00,1872.42,6,0.00100405,-0.00056611,UNRESOLVED
2026-08-14T07:40:36.262991+00:00,1786692900,1786693200,ETH/USD,UP,1872.42,0.997074756623308,0.7648648648648648,0.8513513513513513,0.4594594594594595,2026-08-14T07:45:00+00:00,1872.42,12,0.00100405,-0.00259557,FAILED
2026-08-14T07:45:15.519820+00:00,1786693200,1786693500,SOL/USD,UP,75.54,0.7760789840768966,0.7054054054054054,0.7513513513513513,0.1837837837837838,2026-08-14T07:50:00+00:00,75.54,3,0.00039714,-0.00079428,UNRESOLVED
2026-08-14T07:45:15.519820+00:00,1786693200,1786693500,SOL/USD,UP,75.54,0.7760789840768966,0.7054054054054054,0.7513513513513513,0.1837837837837838,2026-08-14T07:50:00+00:00,75.54,6,0.00079428,-0.00079428,UNRESOLVED
2026-08-14T07:50:12.067889+00:00,1786693500,1786693800,SOL/USD,DOWN,75.54,0.8576892940821925,0.7027027027027027,0.7675675675675676,0.11621621621621622,2026-08-14T07:55:00+00:00,75.54,3,0.00079428,-0.00039714,UNRESOLVED
2026-08-14T07:50:12.067889+00:00,1786693500,1786693800,SOL/USD,DOWN,75.54,0.8576892940821925,0.7027027027027027,0.7675675675675676,0.11621621621621622,2026-08-14T07:55:00+00:00,75.54,6,0.00079428,-0.00119142,UNRESOLVED
2026-08-14T07:50:27.727766+00:00,1786693500,1786693800,BTC/USD,DOWN,62928.4,0.5010073439626569,0.7750677506775068,0.7642276422764228,0.3956639566395664,2026-08-14T07:55:00+00:00,62928.4,3,0.0015462,0.0,UNRESOLVED
2026-08-14T07:50:27.727766+00:00,1786693500,1786693800,BTC/USD,DOWN,62928.4,0.5010073439626569,0.7750677506775068,0.7642276422764228,0.3956639566395664,2026-08-14T07:55:00+00:00,62928.4,6,0.0015462,0.0,UNRESOLVED
2026-08-14T07:55:09.378994+00:00,1786693800,1786694100,BTC/USD,UP,62903.3,0.996309212716693,0.975609756097561,0.983739837398374,0.44173441734417346,2026-08-14T08:00:00+00:00,62903.3,3,0.0002941,-0.00114779,UNRESOLVED
2026-08-14T07:55:09.378994+00:00,1786693800,1786694100,BTC/USD,UP,62903.3,0.996309212716693,0.975609756097561,0.983739837398374,0.44173441734417346,2026-08-14T08:00:00+00:00,62903.3,6,0.00036882,-0.00296487,FAILED
2026-08-14T08:00:21.653454+00:00,1786694100,1786694400,AAVE/USD,DOWN,87.13,1.0,0.9274809160305344,0.9351145038167938,0.9389312977099237,2026-08-14T08:05:00+00:00,87.13,3,-0.00114771,-0.00160679,UNRESOLVED
2026-08-14T08:00:21.653454+00:00,1786694100,1786694400,AAVE/USD,DOWN,87.13,1.0,0.9274809160305344,0.9351145038167938,0.9389312977099237,2026-08-14T08:05:00+00:00,87.13,6,-0.00045908,-0.00160679,UNRESOLVED
2026-08-14T08:00:53.752259+00:00,1786694100,1786694400,SOL/USD,DOWN,75.51,0.9371693006680806,0.9459459459459459,0.9567567567567568,0.8648648648648649,2026-08-14T08:05:00+00:00,75.51,3,0.0,-0.0011919,UNRESOLVED
2026-08-14T08:00:53.752259+00:00,1786694100,1786694400,SOL/USD,DOWN,75.51,0.9371693006680806,0.9459459459459459,0.9567567567567568,0.8648648648648649,2026-08-14T08:05:00+00:00,75.51,6,0.00013243,-0.00158919,UNRESOLVED
2026-08-14T08:06:22.559435+00:00,1786694400,1786694700,DOT/USD,UP,0.7568,0.9827127612064256,0.941717791411043,0.950920245398773,0.8619631901840491,2026-08-14T08:10:00+00:00,0.7568,3,0.00092495,-0.00264271,FAILED
2026-08-14T08:06:22.559435+00:00,1786694400,1786694700,DOT/USD,UP,0.7568,0.9827127612064256,0.941717791411043,0.950920245398773,0.8619631901840491,2026-08-14T08:10:00+00:00,0.7568,6,0.00092495,-0.00264271,FAILED
2026-08-14T08:06:22.559453+00:00,1786694400,1786694700,AAVE/USD,UP,87.24,1.0,0.851145038167939,0.8778625954198473,0.8664122137404581,2026-08-14T08:10:00+00:00,87.24,3,0.00011463,0.00011463,UNRESOLVED
2026-08-14T08:06:22.559453+00:00,1786694400,1786694700,AAVE/USD,UP,87.24,1.0,0.851145038167939,0.8778625954198473,0.8664122137404581,2026-08-14T08:10:00+00:00,87.24,6,0.00011463,-0.00080238,UNRESOLVED
2026-08-14T08:10:47.280674+00:00,1786694700,1786695000,SOL/USD,UP,75.57,0.8072472090475884,0.9378378378378378,0.9432432432432433,0.8135135135135135,2026-08-14T08:15:00+00:00,75.57,3,0.00079397,-0.00092629,UNRESOLVED
2026-08-14T08:10:47.280674+00:00,1786694700,1786695000,SOL/USD,UP,75.57,0.8072472090475884,0.9378378378378378,0.9432432432432433,0.8135135135135135,2026-08-14T08:15:00+00:00,75.57,6,0.00277888,-0.00092629,ACCEPTED
