observed_at,bar_start,bar_end,bar_timeframe,pair,close,buy_volume,sell_volume,delta,delta_direction,delta_norm,volume_per_minute,delta_per_minute,abs_delta_per_minute,trade_count,volume_tempo_pct,directional_tempo_pct,trade_count_pct,eligible_for_paper_entry,flow_ready,flow_reason
2026-08-12T21:35:49.828235+00:00,1786539900,1786540200,5m,SOL/USD,76.56,5048.058308259999,62.013786749999994,4986.044521509999,UP,0.9757288016305851,1022.0144190020001,997.2089043019998,997.2089043019998,99.0,0.9864864864864865,0.9945945945945946,0.9621621621621622,False,True,
2026-08-12T21:35:49.828301+00:00,1786539900,1786540200,5m,ETH/USD,1908.67,2.2313264200000003,159.66253407999992,-157.43120765999993,DOWN,0.9724346999557777,32.3787721,-31.486241531999987,31.486241531999987,73.0,0.972972972972973,0.972972972972973,0.9054054054054054,False,True,
2026-08-12T21:35:49.828361+00:00,1786539900,1786540200,5m,LINK/USD,8.81051,42.3448667,820.15558187,-777.81071517,DOWN,0.9018090558208832,172.500089714,-155.562143034,155.562143034,18.0,0.8179271708683473,0.8375350140056023,0.8207282913165266,False,True,
2026-08-12T21:35:49.828403+00:00,1786539900,1786540200,5m,AAVE/USD,89.81,305.92888095,64.50109616,241.42778479,UP,0.6517501274425949,74.085995422,48.285556958,48.285556958,53.0,0.9885496183206107,0.9885496183206107,0.9885496183206107,False,True,
2026-08-12T21:37:20.013391+00:00,1786570200,1786570500,5m,SOL/USD,75.5,6213.572984050002,1513.2950934199996,4700.277890630002,UP,0.6083031111059175,1545.373615494,940.0555781260003,940.0555781260003,161.0,0.9945945945945946,0.9891891891891892,0.981081081081081,False,True,
2026-08-12T21:37:35.018246+00:00,1786570200,1786570500,5m,DOGE/USD,0.069599,18197.29899635,911907.95544452,-893710.65644817,DOWN,0.9608704522214762,186021.050888174,-178742.13128963398,178742.13128963398,34.0,0.9859550561797753,0.9887640449438202,0.9691011235955056,False,True,
2026-08-12T21:37:35.018262+00:00,1786570200,1786570500,5m,LINK/USD,8.64598,1026.15609005,17469.34913122001,-16443.19304117001,DOWN,0.8890372468582355,3699.101044254,-3288.638608234002,3288.638608234002,129.0,0.9971988795518207,1.0,0.9859943977591037,False,True,
2026-08-12T21:37:35.018292+00:00,1786570200,1786570500,5m,DOT/USD,0.7747,7855.1153845,1513.2349561600004,6341.8804283399995,UP,0.6769474024487875,1873.6700681319999,1268.3760856679999,1268.3760856679999,30.0,0.9846625766871165,0.9815950920245399,0.9846625766871165,False,True,
2026-08-12T21:37:50.023276+00:00,1786570200,1786570500,5m,LTC/USD,44.74,119.51629585000003,0.64949744,118.86679841000003,UP,0.9891899779093947,24.033158657999998,23.773359682000006,23.773359682000006,20.0,0.8162162162162162,0.8675675675675676,0.7783783783783784,False,True,
2026-08-12T21:40:35.099547+00:00,1786570500,1786570800,5m,ETH/USD,1877.91,46.7308313,0.78177971,45.949051589999996,UP,0.9670916965672351,9.502522202,9.189810318,9.189810318,54.0,0.8594594594594595,0.8972972972972973,0.745945945945946,True,True,
2026-08-12T21:40:35.099595+00:00,1786570500,1786570800,5m,DOGE/USD,0.0696298,35578.00614406,7174.250486059999,28403.755658,UP,0.6643802666077014,8550.451326024,5680.7511316,5680.7511316,17.0,0.7668539325842697,0.7612359550561798,0.8651685393258427,True,True,
2026-08-12T21:40:35.099610+00:00,1786570500,1786570800,5m,LINK/USD,8.66488,2075.4511625100004,194.61758930000002,1880.8335732100004,UP,0.8285359514817998,454.013750362,376.1667146420001,376.1667146420001,18.0,0.9131652661064426,0.9131652661064426,0.8207282913165266,False,True,
2026-08-12T21:40:50.109273+00:00,1786570500,1786570800,5m,LTC/USD,44.75,78.58929493,24.836339860000002,53.75295506999999,UP,0.5197256480865926,20.685126958,10.750591013999998,10.750591013999998,27.0,0.7837837837837838,0.7297297297297297,0.9135135135135135,False,True,
2026-08-12T21:45:35.233553+00:00,1786570800,1786571100,5m,ETH/USD,1880.67,21.286120959999998,1.92333632,19.362784639999997,UP,0.8342627062066312,4.641891456,3.8725569279999994,3.8725569279999994,72.0,0.7324324324324324,0.8054054054054054,0.9027027027027027,False,True,
2026-08-12T21:45:50.248845+00:00,1786570800,1786571100,5m,XRP/USD,1.00581,21171.89541867,489.34137312999997,20682.55404554,UP,0.9548187042288147,4332.24735836,4136.510809108,4136.510809108,39.0,0.754054054054054,0.8567567567567568,0.5864864864864865,False,True,
2026-08-12T21:45:50.248862+00:00,1786570800,1786571100,5m,ADA/USD,0.181379,43987.51502443,5861.240039869999,38126.274984560005,UP,0.7648390603813646,9969.75101286,7625.254996912001,7625.254996912001,19.0,0.7916666666666666,0.8027777777777778,0.7416666666666667,False,True,
2026-08-12T21:45:50.248878+00:00,1786570800,1786571100,5m,DOGE/USD,0.0696892,2902258.012675799,79095.99651406001,2823162.016161739,UP,0.9469395474202319,596270.801837972,564632.4032323478,564632.4032323478,67.0,1.0,1.0,0.9915730337078652,False,True,
2026-08-12T21:45:50.248894+00:00,1786570800,1786571100,5m,LINK/USD,8.66478,11736.942497560001,327.29361324,11409.648884320002,UP,0.9457415106544536,2412.84722216,2281.9297768640004,2281.9297768640004,185.0,0.9943977591036415,0.9971988795518207,1.0,False,True,
2026-08-12T21:50:50.454491+00:00,1786571100,1786571400,5m,ADA/USD,0.181132,13719.673978850002,54463.01053323,-40743.33655438,DOWN,0.5975613434106054,13636.536902415999,-8148.667310876001,8148.667310876001,26.0,0.8472222222222222,0.8194444444444444,0.8194444444444444,False,True,
2026-08-12T21:56:05.760081+00:00,1786571400,1786571700,5m,LTC/USD,44.88,193.28154289,4.43189628,188.84964661,UP,0.9551684872955013,39.542687834,37.769929322,37.769929322,22.0,0.9027027027027027,0.927027027027027,0.8351351351351352,False,True,
2026-08-12T22:00:51.017123+00:00,1786571700,1786572000,5m,DOGE/USD,0.0692767,170117.54831315,707519.5429693797,-537401.9946562296,DOWN,0.6123282618683543,175527.418256506,-107480.39893124593,107480.39893124593,43.0,0.9775280898876404,0.9747191011235955,0.9775280898876404,False,True,
2026-08-12T22:00:51.017138+00:00,1786571700,1786572000,5m,LINK/USD,8.64859,96.0034376,1814.13338362,-1718.1299460199998,DOWN,0.8994800408709122,382.027364244,-343.62598920399995,343.62598920399995,28.0,0.8935574229691877,0.9047619047619048,0.9103641456582633,False,True,
2026-08-12T22:00:51.017154+00:00,1786571700,1786572000,5m,AVAX/USD,6.331,151.14794946,706.11083123,-554.96288177,DOWN,0.64736914251647,171.451756138,-110.992576354,110.992576354,13.0,0.8095238095238095,0.7927170868347339,0.8599439775910365,False,True,
2026-08-12T22:01:06.048365+00:00,1786571700,1786572000,5m,LTC/USD,44.79,79.92393945,25.51210318,54.41183627000001,UP,0.5160648570711631,21.087208526,10.882367254000002,10.882367254000002,18.0,0.7891891891891892,0.7324324324324324,0.7216216216216216,False,True,
2026-08-12T22:05:36.324986+00:00,1786572000,1786572300,5m,BTC/USD,63411.5,3.826122200000003,1.09692957,2.729192630000003,UP,0.5543700853667849,0.984610354,0.5458385260000006,0.5458385260000006,201.0,0.8211382113821138,0.8265582655826558,0.8265582655826558,True,True,
2026-08-12T22:05:36.325017+00:00,1786572000,1786572300,5m,XRP/USD,1.00421,17773.84157014,1147.7353888500002,16626.10618129,UP,0.8786850174974777,3784.3153917980003,3325.2212362580003,3325.2212362580003,55.0,0.7027027027027027,0.8189189189189189,0.8189189189189189,True,True,
2026-08-12T22:05:36.325034+00:00,1786572000,1786572300,5m,ADA/USD,0.181483,36255.34425927,1609.80320824,34645.54105103,UP,0.9149717713566923,7573.029493502001,6929.108210206,6929.108210206,16.0,0.7527777777777778,0.7805555555555556,0.6888888888888889,False,True,
2026-08-12T22:05:51.360155+00:00,1786572000,1786572300,5m,LINK/USD,8.65846,463.68158676,140.83977796,322.8418088,UP,0.5340453251797522,120.90427294399998,64.56836176,64.56836176,18.0,0.7647058823529411,0.7058823529411765,0.8207282913165266,False,True,
2026-08-12T22:05:51.360188+00:00,1786572000,1786572300,5m,DOT/USD,0.7708,5246.492305330002,951.09953137,4295.392773960002,UP,0.6930744855645652,1239.5183673400002,859.0785547920004,859.0785547920004,33.0,0.9723926380368099,0.9631901840490797,0.9877300613496932,False,True,
2026-08-12T22:10:37.197253+00:00,1786572300,1786572600,5m,ETH/USD,1877.58,6.238355440000001,207.17277754,-200.9344221,DOWN,0.9415367384738581,42.682226596,-40.18688442,40.18688442,97.0,0.9756756756756757,0.9756756756756757,0.9459459459459459,False,True,
2026-08-12T22:10:52.224637+00:00,1786572300,1786572600,5m,DOGE/USD,0.0693258,1385007.1897140702,30691.111561599995,1354316.0781524703,UP,0.9566417342820226,283139.660255134,270863.21563049406,270863.21563049406,70.0,0.9971910112359551,0.9971910112359551,0.9943820224719101,False,True,
2026-08-12T22:10:52.224670+00:00,1786572300,1786572600,5m,AVAX/USD,6.338,193.08902286,961.5312395,-768.44221664,DOWN,0.6655367497789562,230.924052472,-153.688443328,153.688443328,7.0,0.84593837535014,0.8319327731092437,0.680672268907563,False,True,
2026-08-12T22:11:07.256530+00:00,1786572300,1786572600,5m,LTC/USD,44.9,930.9502706899999,153.95241788,776.9978528099999,UP,0.7161912870122512,216.980537714,155.39957056199998,155.39957056199998,44.0,0.9918918918918919,0.9864864864864865,0.9864864864864865,False,True,
2026-08-12T22:15:52.641602+00:00,1786572600,1786572900,5m,DOGE/USD,0.0691347,255338.54417081998,955.25517653,254383.28899429,UP,0.9925456239755894,51258.75986947,50876.657798857996,50876.657798857996,24.0,0.9325842696629213,0.9438202247191011,0.9353932584269663,False,True,
2026-08-12T22:15:52.641629+00:00,1786572600,1786572900,5m,LINK/USD,8.67601,2.2950529299999998,3199.9330885600007,-3197.6380356300006,DOWN,0.9985665899938458,640.445628298,-639.5276071260001,639.5276071260001,24.0,0.9551820728291317,0.9635854341736695,0.8851540616246498,False,True,
2026-08-12T22:16:52.739285+00:00,1786572600,1786572900,5m,LTC/USD,44.84,18.951562599999995,84.87511223999999,-65.92354964,DOWN,0.6349384658768102,20.765334967999998,-13.184709928,13.184709928,23.0,0.7864864864864864,0.7837837837837838,0.8594594594594595,False,True,
2026-08-12T22:20:53.226072+00:00,1786572900,1786573200,5m,LINK/USD,8.67118,75.68930178,2931.0075878499993,-2855.3182860699994,DOWN,0.9496528552372208,601.339377926,-571.0636572139999,571.0636572139999,38.0,0.9439775910364145,0.9467787114845938,0.9607843137254902,False,True,
2026-08-12T22:25:53.746332+00:00,1786573200,1786573500,5m,LINK/USD,8.66693,8.6536,439.4921432,-430.8385432,DOWN,0.9613804208505534,89.62914864000001,-86.16770864,86.16770864,5.0,0.7142857142857143,0.7591036414565826,0.34173669467787116,False,True,
2026-08-12T22:25:53.746348+00:00,1786573200,1786573500,5m,AVAX/USD,6.323,1173.24103631,80.0,1093.24103631,UP,0.8723310238299421,250.648207262,218.648207262,218.648207262,12.0,0.8543417366946778,0.8711484593837535,0.8375350140056023,False,True,
2026-08-12T22:26:38.826347+00:00,1786573200,1786573500,5m,AAVE/USD,87.87,53.340361439999995,17.308155440000004,36.03220599999999,UP,0.5100206995314915,14.129703376,7.206441199999998,7.206441199999998,12.0,0.9312977099236641,0.9045801526717557,0.8893129770992366,False,True,
2026-08-12T22:30:54.307284+00:00,1786573500,1786573800,5m,DOGE/USD,0.0694031,478957.51179536997,316.5202018,478640.99159357,UP,0.9986791681557166,95854.806399434,95728.198318714,95728.198318714,30.0,0.9634831460674157,0.9719101123595506,0.9634831460674157,False,True,
2026-08-12T22:30:54.307333+00:00,1786573500,1786573800,5m,DOT/USD,0.7719,216.77683753000002,0.0,216.77683753000002,UP,1.0,43.355367506,43.35536750600001,43.35536750600001,5.0,0.7085889570552147,0.7423312883435583,0.6257668711656442,False,True,
2026-08-12T22:35:54.925616+00:00,1786573800,1786574100,5m,XRP/USD,1.00577,32317.48862674,308.79946688000007,32008.68915986,UP,0.9810705118526564,6525.257618724,6401.737831972,6401.737831972,62.0,0.8432432432432433,0.9027027027027027,0.8594594594594595,False,True,
2026-08-12T22:40:55.561031+00:00,1786574100,1786574400,5m,DOGE/USD,0.0692979,5549.43553751,73595.90368391,-68046.4681464,DOWN,0.8597659548344423,15829.067844284,-13609.29362928,13609.29362928,6.0,0.8455056179775281,0.8764044943820225,0.547752808988764,False,True,
2026-08-12T22:40:55.561046+00:00,1786574100,1786574400,5m,LINK/USD,8.65739,8.53488,1123.8083856800001,-1115.2735056800002,DOWN,0.9849252779458629,226.468653136,-223.05470113600003,223.05470113600003,7.0,0.84593837535014,0.8711484593837535,0.5154061624649859,False,True,
2026-08-12T22:40:55.561075+00:00,1786574100,1786574400,5m,DOT/USD,0.7709,6.49610258,224.75207,-218.25596742,DOWN,0.9438170472222633,46.249634516,-43.651193484,43.651193484,2.0,0.7147239263803681,0.745398773006135,0.27300613496932513,False,True,
2026-08-12T22:45:41.229263+00:00,1786574400,1786574700,5m,DOGE/USD,0.0693241,47287.835811439996,7749.8803415,39537.955469939996,UP,0.7183792903046898,11007.543230587999,7907.591093988,7907.591093988,17.0,0.8061797752808989,0.797752808988764,0.8651685393258427,False,True,
2026-08-12T22:45:41.229279+00:00,1786574400,1786574700,5m,LINK/USD,8.66083,0.21633515,1161.1375384100002,-1160.92120326,DOWN,0.9996274431851905,232.270774712,-232.18424065200003,232.18424065200003,17.0,0.8487394957983193,0.8795518207282913,0.8011204481792717,False,True,
2026-08-12T22:45:56.273567+00:00,1786574400,1786574700,5m,AAVE/USD,87.78,31.04409639,0.0,31.04409639,UP,1.0,6.208819278,6.208819278,6.208819278,7.0,0.8740458015267175,0.8931297709923665,0.7862595419847328,False,True,
2026-08-12T22:50:26.925979+00:00,1786574700,1786575000,5m,SOL/USD,75.42,3345.76453148,222.57912507000003,3123.1854064100003,UP,0.875247932097887,713.66873131,624.637081282,624.637081282,84.0,0.9648648648648649,0.9756756756756757,0.9324324324324325,True,True,
2026-08-12T22:50:57.015870+00:00,1786574700,1786575000,5m,LTC/USD,44.87,22.05342218,74.91161959,-52.85819741,DOWN,0.5451263305323898,19.393008354,-10.571639482,10.571639482,12.0,0.7648648648648648,0.7243243243243244,0.3945945945945946,False,True,
2026-08-12T22:55:27.674687+00:00,1786575000,1786575300,5m,XRP/USD,1.00383,24401.771592750003,115308.09020080966,-90906.31860805966,DOWN,0.6506793252890489,27941.972358712002,-18181.263721611933,18181.263721611933,171.0,0.9675675675675676,0.9621621621621622,0.9864864864864865,True,True,
2026-08-12T22:55:42.733418+00:00,1786575000,1786575300,5m,AVAX/USD,6.298,3300.59402717,21550.202491560005,-18249.608464390003,DOWN,0.7343671439519173,4970.159303746,-3649.9216928780006,3649.9216928780006,100.0,0.9943977591036415,1.0,0.9943977591036415,False,True,
2026-08-12T23:05:14.250379+00:00,1786575600,1786575900,5m,DOGE/USD,0.0694004,54480.688139410006,2547.34356093,51933.344578480006,UP,0.9106634584789707,11405.606340068,10386.668915696002,10386.668915696002,12.0,0.8146067415730337,0.8370786516853933,0.8174157303370787,True,True,
2026-08-12T23:10:45.261569+00:00,1786575900,1786576200,5m,ETH/USD,1874.97,5.30469408,39.284936429999995,-33.98024235,DOWN,0.7620660221075244,8.917926102,-6.79604847,6.79604847,50.0,0.8513513513513513,0.8702702702702703,0.6972972972972973,False,True,
2026-08-12T23:10:45.261616+00:00,1786575900,1786576200,5m,DOGE/USD,0.0693691,2983.38957353,85873.12245906,-82889.73288553,DOWN,0.9328492756403541,17771.302406518,-16577.946577106,16577.946577106,6.0,0.8623595505617978,0.8876404494382022,0.547752808988764,False,True,
2026-08-12T23:10:45.261632+00:00,1786575900,1786576200,5m,LINK/USD,8.65665,118.32638,535.3993683,-417.0729883,DOWN,0.6379938213915997,130.74514965999998,-83.41459766,83.41459766,11.0,0.7815126050420168,0.7507002801120448,0.6946778711484594,False,True,
2026-08-12T23:11:00.312055+00:00,1786575900,1786576200,5m,AVAX/USD,6.303,1286.42332209,5.24227536,1281.1810467300002,UP,0.9918829217556786,258.33311949,256.236209346,256.236209346,6.0,0.8571428571428571,0.876750700280112,0.5994397759103641,False,True,
2026-08-12T23:15:46.203926+00:00,1786576200,1786576500,5m,DOT/USD,0.771,12.99220516,5592.599034860001,-5579.606829700001,DOWN,0.9953645549225051,1121.1182480040002,-1115.9213659400002,1115.9213659400002,12.0,0.9662576687116564,0.9693251533742331,0.8987730061349694,False,True,
2026-08-12T23:15:46.203954+00:00,1786576200,1786576500,5m,LTC/USD,44.81,177.05776127,40.68976324,136.36799803,UP,0.6262665825334669,43.549504902,27.273599605999998,27.273599605999998,26.0,0.9135135135135135,0.8864864864864865,0.8972972972972973,False,True,
2026-08-12T23:16:31.354832+00:00,1786576200,1786576500,5m,LINK/USD,8.66545,391.04027,45.07808438,345.96218562,UP,0.7932759127091339,87.223670876,69.19243712400001,69.19243712400001,8.0,0.7086834733893558,0.7226890756302521,0.5826330532212886,False,True,
2026-08-12T23:20:32.150259+00:00,1786576500,1786576800,5m,XRP/USD,1.00144,16195.105709469997,3965.18869204,12229.917017429998,UP,0.6066338503724421,4032.058880302,2445.9834034859996,2445.9834034859996,53.0,0.7324324324324324,0.754054054054054,0.7972972972972973,True,True,
2026-08-12T23:25:33.128981+00:00,1786576800,1786577100,5m,ADA/USD,0.181797,32107.182077120004,4043.5834297799997,28063.598647340004,UP,0.7762933441059106,7230.15310138,5612.719729468001,5612.719729468001,27.0,0.7416666666666667,0.7527777777777778,0.8277777777777777,True,True,
2026-08-12T23:30:19.150610+00:00,1786577100,1786577400,5m,XRP/USD,1.00156,7165.271690859999,36558.97173936,-29393.700048500003,DOWN,0.6722517702429713,8744.848686043999,-5878.740009700001,5878.740009700001,79.0,0.8756756756756757,0.8945945945945946,0.9324324324324325,True,True,
2026-08-12T23:30:34.238030+00:00,1786577100,1786577400,5m,ADA/USD,0.18207,50152.45995546,1439.463392,48712.99656346,UP,0.9441981109211403,10318.384669492,9742.599312692,9742.599312692,24.0,0.8,0.8527777777777777,0.8083333333333333,True,True,
2026-08-12T23:35:20.384646+00:00,1786577400,1786577700,5m,XRP/USD,1.00272,71158.16977416001,2197.292313790001,68960.87746037,UP,0.9400919235937591,14671.09241759,13792.175492074,13792.175492074,109.0,0.9324324324324325,0.9540540540540541,0.972972972972973,True,True,
2026-08-12T23:40:06.499975+00:00,1786577700,1786578000,5m,XRP/USD,1.00373,29953.013468169993,90060.64659395978,-60107.63312578979,DOWN,0.5008399301768874,24002.732012426,-12021.526625157958,12021.526625157958,109.0,0.9567567567567568,0.9486486486486486,0.972972972972973,True,True,
2026-08-12T23:40:21.573109+00:00,1786577700,1786578000,5m,DOGE/USD,0.0695532,83710.94327790999,289.85996627000003,83421.08331163999,UP,0.9930986382254605,16800.160648836,16684.216662328,16684.216662328,9.0,0.8567415730337079,0.8904494382022472,0.7415730337078652,True,True,
2026-08-12T23:40:21.573125+00:00,1786577700,1786578000,5m,LINK/USD,8.67503,11.40827,543.0062221000001,-531.5979521,DOWN,0.9588457005992466,110.88289841999999,-106.31959042000001,106.31959042000001,7.0,0.7478991596638656,0.7927170868347339,0.5154061624649859,True,True,
2026-08-12T23:45:52.852370+00:00,1786578000,1786578300,5m,DOGE/USD,0.0695222,38299.33616951,6312.26686018,31987.069309330003,UP,0.7170123272199367,8922.320605937999,6397.413861866001,6397.413861866001,8.0,0.7752808988764045,0.7752808988764045,0.6853932584269663,False,True,
2026-08-12T23:50:39.123395+00:00,1786578300,1786578600,5m,SOL/USD,75.48,40.77772112,620.62870184,-579.8509807199999,DOWN,0.8766939064864021,132.281284592,-115.97019614399998,115.97019614399998,31.0,0.8027027027027027,0.8324324324324325,0.372972972972973,False,True,
2026-08-12T23:51:09.286375+00:00,1786578300,1786578600,5m,LINK/USD,8.67808,548.00697,19.90196869,528.10500131,UP,0.929911408910351,113.581787738,105.62100026200001,105.62100026200001,6.0,0.7507002801120448,0.7871148459383753,0.42857142857142855,False,True,
2026-08-12T23:51:24.353254+00:00,1786578300,1786578600,5m,LTC/USD,44.9,152.94443782999997,3.76205627,149.18238155999998,UP,0.9519859557626337,31.34129882,29.836476311999995,29.836476311999995,22.0,0.8621621621621621,0.8945945945945946,0.8351351351351352,False,True,
2026-08-12T23:55:40.410006+00:00,1786578600,1786578900,5m,BTC/USD,63357.5,1.1824363399999998,8.130264939999996,-6.947828599999997,DOWN,0.7460594290639591,1.8625402560000002,-1.3895657199999993,1.3895657199999993,174.0,0.9322493224932249,0.9322493224932249,0.7642276422764228,False,True,
2026-08-13T00:00:11.639728+00:00,1786578900,1786579200,5m,DOT/USD,0.7729,17.46051257,800.4207,-782.96018743,DOWN,0.9573030599024658,163.576242514,-156.592037486,156.592037486,6.0,0.8773006134969326,0.8865030674846626,0.7085889570552147,True,True,
2026-08-13T00:00:11.639758+00:00,1786578900,1786579200,5m,LTC/USD,44.85,75.14962824999999,241.31853249999998,-166.16890424999997,DOWN,0.5250730558682276,63.29363214999999,-33.233780849999995,33.233780849999995,28.0,0.9432432432432433,0.918918918918919,0.9243243243243243,True,True,
2026-08-13T00:00:56.948217+00:00,1786578900,1786579200,5m,BTC/USD,63412.0,3.4456108500000013,0.019563419999999998,3.4260474300000014,UP,0.9887085505803436,0.693034854,0.6852094860000003,0.6852094860000003,65.0,0.7588075880758808,0.8536585365853658,0.11382113821138211,False,True,
2026-08-13T00:00:56.948234+00:00,1786578900,1786579200,5m,ETH/USD,1878.32,19.35193863,0.6550542300000001,18.6968844,UP,0.9345174725073601,4.001398572,3.7393768799999996,3.7393768799999996,54.0,0.7081081081081081,0.7945945945945946,0.745945945945946,False,True,
2026-08-13T00:00:56.948282+00:00,1786578900,1786579200,5m,DOGE/USD,0.0696184,120339.04690080001,149.88,120189.1669008,UP,0.9975121365281409,24097.78538016,24037.833380160002,24037.833380160002,14.0,0.8792134831460674,0.9101123595505618,0.8398876404494382,False,True,
2026-08-13T00:05:58.456160+00:00,1786579200,1786579500,5m,LINK/USD,8.66691,8.52020822,620.91924683,-612.39903861,DOWN,0.9729276321919694,125.88789101,-122.479807722,122.479807722,5.0,0.7759103641456583,0.8151260504201681,0.34173669467787116,False,True,
2026-08-13T00:05:58.456190+00:00,1786579200,1786579500,5m,DOT/USD,0.7711,12.92501858,459.87147643,-446.94645785,DOWN,0.9453252352062103,94.559299002,-89.38929157,89.38929157,9.0,0.8220858895705522,0.8343558282208589,0.8466257668711656,False,True,
2026-08-13T00:10:44.997163+00:00,1786579500,1786579800,5m,BTC/USD,63515.5,8.618306189999991,2.5852570200000002,6.033049169999991,UP,0.5384937860318455,2.240712642,1.2066098339999982,1.2066098339999982,247.0,0.94579945799458,0.9186991869918699,0.9214092140921409,False,True,
2026-08-13T00:11:00.080331+00:00,1786579500,1786579800,5m,AVAX/USD,6.339,596.4535978099999,84.6853,511.7682978099999,UP,0.7513420529284689,136.227779562,102.35365956199999,102.35365956199999,8.0,0.7871148459383753,0.7815126050420168,0.7310924369747899,False,True,
2026-08-13T00:15:46.437892+00:00,1786579800,1786580100,5m,DOGE/USD,0.0696921,137261.23354638,16.0,137245.23354638,UP,0.9997668950693912,27455.446709276002,27449.046709276,27449.046709276,24.0,0.8932584269662921,0.9213483146067416,0.9353932584269663,False,True,
2026-08-13T00:16:01.530369+00:00,1786579800,1786580100,5m,AAVE/USD,88.35,14.210987819999998,2.3780934599999988,11.83289436,UP,0.7132941336700717,3.3178162559999995,2.366578872,2.366578872,17.0,0.7900763358778626,0.7786259541984732,0.9312977099236641,False,True,
2026-08-13T00:20:47.986970+00:00,1786580100,1786580400,5m,SOL/USD,75.79,99.95688747999999,2512.00929469,-2412.0524072099997,DOWN,0.923462341769711,522.3932364340001,-482.41048144199993,482.41048144199993,90.0,0.9486486486486486,0.9621621621621622,0.9459459459459459,False,True,
2026-08-13T00:20:47.986992+00:00,1786580100,1786580400,5m,BTC/USD,63594.8,14.831506229999995,1.4393810099999997,13.392125219999995,UP,0.8230728307843648,3.254177448,2.678425043999999,2.678425043999999,225.0,0.9701897018970189,0.9701897018970189,0.8888888888888888,False,True,
2026-08-13T00:21:03.098941+00:00,1786580100,1786580400,5m,ETH/USD,1881.83,253.9575203599999,1.9148729,252.0426474599999,UP,0.9850325947586362,51.174478652,50.40852949199998,50.40852949199998,100.0,0.9864864864864865,0.9837837837837838,0.9540540540540541,False,True,
2026-08-13T00:21:03.098975+00:00,1786580100,1786580400,5m,ADA/USD,0.183264,896986.00045886,12884.41456615,884101.5858927099,UP,0.971678572347479,181974.083005002,176820.31717854197,176820.31717854197,493.0,0.9916666666666667,0.9944444444444445,1.0,False,True,
2026-08-13T00:21:18.187178+00:00,1786580100,1786580400,5m,AVAX/USD,6.365,596.51615364,0.0,596.51615364,UP,1.0,119.30323072799999,119.30323072799999,119.30323072799999,4.0,0.7703081232492998,0.8123249299719888,0.42016806722689076,False,True,
2026-08-13T00:25:19.424353+00:00,1786580400,1786580700,5m,SOL/USD,75.68,700.5229738800003,20.39775901,680.1252148700004,UP,0.9434119228941297,144.184146578,136.0250429740001,136.0250429740001,44.0,0.8162162162162162,0.8486486486486486,0.6675675675675675,True,True,
2026-08-13T00:25:19.424418+00:00,1786580400,1786580700,5m,ADA/USD,0.182999,61.02374408,46929.83729839,-46868.81355431,DOWN,0.9974027399061769,9398.172208494001,-9373.762710862,9373.762710862,24.0,0.7861111111111111,0.8472222222222222,0.8083333333333333,True,True,
2026-08-13T00:25:34.518634+00:00,1786580400,1786580700,5m,DOT/USD,0.7738,0.0,330.38036009999996,-330.38036009999996,DOWN,1.0,66.07607202,-66.07607202,66.07607202,6.0,0.7638036809815951,0.7914110429447853,0.7085889570552147,True,True,
2026-08-13T00:26:19.766635+00:00,1786580400,1786580700,5m,LINK/USD,8.681,1453.3226957400002,450.39123309,1002.9314626500002,UP,0.5268288724800106,380.742785766,200.58629253000004,200.58629253000004,11.0,0.8907563025210085,0.8571428571428571,0.6946778711484594,False,True,
2026-08-13T00:26:19.766651+00:00,1786580400,1786580700,5m,LTC/USD,44.86,183.74959836999997,0.0,183.74959836999997,UP,1.0,36.749919674,36.749919674,36.749919674,23.0,0.8864864864864865,0.9243243243243243,0.8594594594594595,False,True,
2026-08-13T00:30:36.096545+00:00,1786580700,1786581000,5m,DOGE/USD,0.0698691,49049.389351159996,0.0,49049.389351159996,UP,1.0,9809.877870232001,9809.877870232,9809.877870232,8.0,0.7921348314606742,0.8314606741573034,0.6853932584269663,True,True,
2026-08-13T00:30:51.191216+00:00,1786580700,1786581000,5m,LTC/USD,44.89,70.86415418,6.99854842,63.86560576,UP,0.8202336115674463,15.57254052,12.773121152,12.773121152,21.0,0.7054054054054054,0.7783783783783784,0.8,False,True,
2026-08-13T00:35:22.646415+00:00,1786581000,1786581300,5m,ADA/USD,0.182391,6809.96458436,34227.00503141,-27417.04044705,DOWN,0.6681058738926465,8207.393923154,-5483.40808941,5483.40808941,8.0,0.7666666666666667,0.75,0.4527777777777778,True,True,
2026-08-13T00:35:37.740032+00:00,1786581000,1786581300,5m,AAVE/USD,88.03,1.65034748,8.55485,-6.90450252,DOWN,0.6765672622731059,2.0410394960000002,-1.380900504,1.380900504,3.0,0.7175572519083969,0.7137404580152672,0.6106870229007634,False,True,
2026-08-13T00:35:52.833159+00:00,1786581000,1786581300,5m,LTC/USD,44.89,169.31605055,3.54602604,165.77002451,UP,0.9589727705468843,34.572415318,33.154004902000004,33.154004902000004,32.0,0.8756756756756757,0.9135135135135135,0.9459459459459459,False,True,
2026-08-13T00:40:39.429703+00:00,1786581300,1786581600,5m,DOGE/USD,0.0698483,84577.30061179001,6228.991583659999,78348.30902813001,UP,0.8628070493121156,18161.25843909,15669.661805626001,15669.661805626001,10.0,0.8651685393258427,0.8820224719101124,0.7612359550561798,True,True,
2026-08-13T00:45:26.061286+00:00,1786581600,1786581900,5m,ETH/USD,1877.04,28.814978079999996,6.595428620000002,22.219549459999996,UP,0.6274864236450579,7.08208134,4.443909891999999,4.443909891999999,60.0,0.8162162162162162,0.8297297297297297,0.8378378378378378,True,True,
2026-08-13T00:45:41.178119+00:00,1786581600,1786581900,5m,LINK/USD,8.64793,41.101432579999994,872.0463195799999,-830.9448869999999,DOWN,0.9099785714134938,182.629550432,-166.18897739999997,166.18897739999997,13.0,0.8235294117647058,0.8431372549019608,0.7338935574229691,False,True,
2026-08-13T00:45:56.278365+00:00,1786581600,1786581900,5m,AAVE/USD,87.92,0.22245,15.0,-14.77755,DOWN,0.9707734300326163,3.04449,-2.95551,2.95551,4.0,0.7786259541984732,0.8015267175572519,0.6603053435114504,False,True,
2026-08-13T00:50:27.806281+00:00,1786581900,1786582200,5m,ETH/USD,1880.27,5.82679741,226.23567791,-220.40888049999998,DOWN,0.9497825109211198,46.412495064,-44.0817761,44.0817761,57.0,0.9783783783783784,0.981081081081081,0.7945945945945946,True,True,
2026-08-13T00:50:42.902198+00:00,1786581900,1786582200,5m,XRP/USD,1.0039,8099.093296869999,28659.58102271,-20560.48772584,DOWN,0.55933703014116,7351.734863916,-4112.097545168001,4112.097545168001,49.0,0.8567567567567568,0.8513513513513513,0.745945945945946,True,True,
2026-08-13T00:55:44.816163+00:00,1786582200,1786582500,5m,XRP/USD,1.00435,20457.24073881,1209.23954692,19248.001191889998,UP,0.8883769277729496,4333.296057146,3849.6002383779996,3849.6002383779996,50.0,0.7594594594594595,0.8378378378378378,0.7621621621621621,False,True,
2026-08-13T01:00:31.565293+00:00,1786582500,1786582800,5m,SOL/USD,75.56,46.68240775000002,659.7817596399999,-613.0993518899999,DOWN,0.8678421074844713,141.29283347799998,-122.61987037799997,122.61987037799997,35.0,0.8108108108108109,0.8378378378378378,0.46756756756756757,True,True,
2026-08-13T01:00:46.683710+00:00,1786582500,1786582800,5m,ETH/USD,1878.89,2.33451982,30.740706279999998,-28.406186459999997,DOWN,0.8588357453435519,6.615045220000001,-5.681237292,5.681237292,33.0,0.8081081081081081,0.8567567567567568,0.37567567567567567,False,True,
2026-08-13T01:05:48.686390+00:00,1786582800,1786583100,5m,SOL/USD,75.54,2947.470664350001,50.48648,2896.9841843500008,UP,0.9663194118067047,599.59142887,579.3968368700001,579.3968368700001,68.0,0.9513513513513514,0.9702702702702702,0.8783783783783784,False,True,
2026-08-13T01:05:48.686407+00:00,1786582800,1786583100,5m,BTC/USD,63499.5,0.36498813999999996,2.6019125700000005,-2.2369244300000006,DOWN,0.7539599901204649,0.593380142,-0.44738488600000015,0.44738488600000015,147.0,0.7208672086720868,0.8075880758807588,0.6775067750677507,False,True,
2026-08-13T01:06:03.796383+00:00,1786582800,1786583100,5m,LINK/USD,8.6524,22.5694,3878.11039815,-3855.54099815,DOWN,0.988427965807035,780.13595963,-771.1081996300001,771.1081996300001,28.0,0.957983193277311,0.969187675070028,0.9103641456582633,False,True,
2026-08-13T01:10:20.576894+00:00,1786583100,1786583400,5m,BTC/USD,63496.7,0.16937890000000005,6.952362989999999,-6.782984089999999,DOWN,0.9524332943776485,1.424348378,-1.3565968179999999,1.3565968179999999,124.0,0.8753387533875339,0.926829268292683,0.5420054200542005,True,True,
2026-08-13T01:10:20.576911+00:00,1786583100,1786583400,5m,ETH/USD,1878.35,17.08612729,3.2105475500000002,13.87557974,UP,0.683638076156912,4.059334968,2.775115948,2.775115948,26.0,0.7108108108108108,0.7405405405405405,0.22702702702702704,True,True,
2026-08-13T01:15:22.519757+00:00,1786583400,1786583700,5m,ETH/USD,1880.7,24.773381909999994,6.07090402,18.702477889999994,UP,0.6063514627132105,6.168857186,3.7404955779999987,3.7404955779999987,43.0,0.7864864864864864,0.7972972972972973,0.6027027027027027,True,True,
2026-08-13T01:20:39.745044+00:00,1786583700,1786584000,5m,BTC/USD,63469.5,5.8361238800000015,0.3771618199999999,5.458962060000002,UP,0.8785950499588328,1.24265714,1.0917924120000004,1.0917924120000004,156.0,0.8482384823848238,0.9105691056910569,0.7100271002710027,True,True,
2026-08-13T01:20:39.745059+00:00,1786583700,1786584000,5m,ETH/USD,1878.07,3.2641632200000004,20.657022310000002,-17.39285909,DOWN,0.727090179882067,4.784237106,-3.4785718180000003,3.4785718180000003,20.0,0.7405405405405405,0.7756756756756756,0.12702702702702703,False,True,
2026-08-13T01:20:54.854592+00:00,1786583700,1786584000,5m,LINK/USD,8.64961,0.0,1585.8508717900004,-1585.8508717900004,DOWN,1.0,317.170174358,-317.17017435800005,317.17017435800005,16.0,0.876750700280112,0.9019607843137255,0.7871148459383753,False,True,
2026-08-13T01:20:54.854622+00:00,1786583700,1786584000,5m,DOT/USD,0.7711,0.0,429.6098541,-429.6098541,DOWN,1.0,85.92197082,-85.92197082,85.92197082,3.0,0.8098159509202454,0.8282208588957055,0.4294478527607362,False,True,
2026-08-13T01:26:42.344050+00:00,1786584000,1786584300,5m,DOT/USD,0.7704,2595.71706683,54.61187542999999,2541.1051914,UP,0.958788605777039,530.065788452,508.22103828,508.22103828,21.0,0.9325153374233128,0.9447852760736196,0.950920245398773,False,True,
2026-08-13T01:30:44.072814+00:00,1786584300,1786584600,5m,XRP/USD,1.00182,21992.49800746,3776.4864018699996,18216.01160559,UP,0.7068967607041066,5153.796881866,3643.202321118,3643.202321118,55.0,0.7972972972972973,0.827027027027027,0.8189189189189189,False,True,
2026-08-13T01:31:14.285645+00:00,1786584300,1786584600,5m,ADA/USD,0.181333,22146.578119,88270.28084818998,-66123.70272918999,DOWN,0.5988551327006905,22083.371793438,-13224.740545837998,13224.740545837998,31.0,0.8833333333333333,0.8888888888888888,0.85,False,True,
2026-08-13T01:31:29.406916+00:00,1786584300,1786584600,5m,LINK/USD,8.62753,0.0,485.21955650999996,-485.21955650999996,DOWN,1.0,97.043911302,-97.043911302,97.043911302,8.0,0.7254901960784313,0.7787114845938375,0.5826330532212886,False,True,
2026-08-13T01:32:30.019227+00:00,1786584300,1786584600,5m,LTC/USD,44.71,139.31749353,13.31748434,126.00000919000001,UP,0.8254989187164876,30.526995574,25.200001838000002,25.200001838000002,23.0,0.8567567567567568,0.8783783783783784,0.8594594594594595,False,True,
2026-08-13T01:33:15.374379+00:00,1786584300,1786584600,5m,BTC/USD,63371.3,1.2414070100000005,5.640646420000002,-4.399239410000002,DOWN,0.6392335448636585,1.376410686,-0.8798478820000003,0.8798478820000003,158.0,0.8672086720867209,0.8915989159891599,0.7235772357723578,False,True,
2026-08-13T01:35:16.301690+00:00,1786584600,1786584900,5m,XRP/USD,1.00359,26055.362109389993,2163.0006675399995,23892.361441849993,UP,0.8466955234335305,5643.672555386,4778.472288369999,4778.472288369999,69.0,0.8108108108108109,0.8675675675675676,0.8918918918918919,True,True,
2026-08-13T01:35:31.417206+00:00,1786584600,1786584900,5m,AAVE/USD,88.2,101.27029173000001,0.0,101.27029173000001,UP,1.0,20.254058346,20.254058346,20.254058346,21.0,0.9580152671755725,0.9732824427480916,0.9465648854961832,True,True,
2026-08-13T01:40:18.497262+00:00,1786584900,1786585200,5m,BTC/USD,63468.6,7.251196889999996,0.4298584800000001,6.821338409999996,UP,0.8880730682716065,1.5362110740000001,1.364267681999999,1.364267681999999,182.0,0.8943089430894309,0.9295392953929539,0.7859078590785907,True,True,
2026-08-13T01:40:18.497310+00:00,1786584900,1786585200,5m,DOGE/USD,0.069927,1416.86354893,130653.79000000001,-129236.92645107,DOWN,0.978543854961616,26414.130709785997,-25847.385290214,25847.385290214,8.0,0.8904494382022472,0.9129213483146067,0.6853932584269663,True,True,
2026-08-13T01:40:33.606195+00:00,1786584900,1786585200,5m,LTC/USD,44.79,79.0624443,0.66,78.4024443,UP,0.9834425548339591,15.944488860000002,15.68048886,15.68048886,27.0,0.7135135135135136,0.8162162162162162,0.9135135135135135,True,True,
2026-08-13T01:41:18.943935+00:00,1786584900,1786585200,5m,XRP/USD,1.00415,7741.41750299,32026.09800116,-24284.68049817,DOWN,0.6106662734722701,7953.503100829999,-4856.936099634,4856.936099634,53.0,0.8621621621621621,0.8729729729729729,0.7972972972972973,False,True,
2026-08-13T01:45:20.812196+00:00,1786585200,1786585500,5m,SOL/USD,75.56,18.806940909999998,630.7896994,-611.98275849,DOWN,0.9420965573312542,129.919328062,-122.39655169800001,122.39655169800001,35.0,0.7918918918918919,0.8351351351351352,0.46756756756756757,True,True,
2026-08-13T01:45:20.812263+00:00,1786585200,1786585500,5m,ETH/USD,1874.67,4.289883509999999,16.2877176,-11.997834090000001,DOWN,0.5830530986514978,4.115520222,-2.3995668180000003,2.3995668180000003,34.0,0.7135135135135136,0.7108108108108108,0.3891891891891892,True,True,
2026-08-13T01:45:20.812296+00:00,1786585200,1786585500,5m,XRP/USD,1.00236,28731.06573841,1027.716091,27703.349647410003,UP,0.9309302311572225,5951.756365882,5540.669929482001,5540.669929482001,41.0,0.827027027027027,0.8891891891891892,0.6297297297297297,True,True,
2026-08-13T01:45:35.928491+00:00,1786585200,1786585500,5m,AVAX/USD,6.392,647.3436487,179.10307,468.2405787,UP,0.5665708001558069,165.28934374,93.64811574000001,93.64811574000001,11.0,0.8067226890756303,0.7675070028011205,0.8207282913165266,True,True,
2026-08-13T01:45:35.928506+00:00,1786585200,1786585500,5m,DOT/USD,0.7705,37.92501858,2265.72181517,-2227.7967965899998,DOWN,0.9670739298885813,460.72936675,-445.55935931799996,445.55935931799996,9.0,0.9294478527607362,0.9386503067484663,0.8466257668711656,True,True,
2026-08-13T01:50:23.222958+00:00,1786585500,1786585800,5m,LINK/USD,8.62615,16.05264363,8002.2899184100015,-7986.237274780002,DOWN,0.9959960195000909,1603.668512408,-1597.2474549560004,1597.2474549560004,145.0,0.988795518207283,0.9915966386554622,0.9943977591036415,True,True,
2026-08-13T02:06:00.852610+00:00,1786586400,1786586700,5m,XRP/USD,1.0038,82454.29725967,13061.18672576,69393.11053391,UP,0.7265116360033864,19103.096797086,13878.622106782,13878.622106782,71.0,0.9459459459459459,0.9567567567567568,0.9027027027027027,False,True,
2026-08-13T02:06:15.994802+00:00,1786586400,1786586700,5m,AVAX/USD,6.402,3057.60877047,0.0,3057.60877047,UP,1.0,611.521754094,611.521754094,611.521754094,17.0,0.9355742296918768,0.9635854341736695,0.9019607843137255,False,True,
2026-08-13T02:10:34.779699+00:00,1786586700,1786587000,5m,XRP/USD,1.0046,10120.304922129997,149939.32749766,-139819.02257553002,DOWN,0.8735433192100883,32011.926483958,-27963.804515106003,27963.804515106003,88.0,0.9702702702702702,0.981081081081081,0.9567567567567568,True,True,
2026-08-13T02:10:50.628717+00:00,1786586700,1786587000,5m,LINK/USD,8.63577,12.34356,1067.43823978,-1055.09467978,DOWN,0.9771369363652639,215.956359956,-211.018935956,211.018935956,12.0,0.8375350140056023,0.8627450980392157,0.711484593837535,False,True,
2026-08-13T02:11:37.326749+00:00,1786586700,1786587000,5m,LTC/USD,44.79,119.27468177,0.0,119.27468177,UP,1.0,23.854936354,23.854936354,23.854936354,17.0,0.8135135135135135,0.8702702702702703,0.6756756756756757,False,True,
2026-08-13T02:20:42.426289+00:00,1786587300,1786587600,5m,LINK/USD,8.63789,2.08363677,678.6913580000002,-676.6077212300002,DOWN,0.9938786330696416,136.154998954,-135.32154424600003,135.32154424600003,15.0,0.7927170868347339,0.8263305322128851,0.7703081232492998,False,True,
2026-08-13T02:20:57.560824+00:00,1786587300,1786587600,5m,DOT/USD,0.7706,270.95482846,15304.735175770009,-15033.780347310008,DOWN,0.9652079839305462,3115.138000846,-3006.7560694620015,3006.7560694620015,51.0,0.9938650306748467,0.9969325153374233,0.9938650306748467,False,True,
2026-08-13T02:20:57.560841+00:00,1786587300,1786587600,5m,AAVE/USD,87.89,63.84276,0.0,63.84276,UP,1.0,12.768552,12.768552,12.768552,4.0,0.9236641221374046,0.9312977099236641,0.6603053435114504,False,True,
2026-08-13T02:26:00.152986+00:00,1786587600,1786587900,5m,DOT/USD,0.7698,0.90517228,696.1801202699993,-695.2749479899993,DOWN,0.9974029798371192,139.41705851,-139.05498959799985,139.05498959799985,68.0,0.8619631901840491,0.8711656441717791,1.0,False,True,
2026-08-13T02:30:17.365611+00:00,1786587900,1786588200,5m,LTC/USD,44.82,124.82062370000001,11.14330287,113.67732083000001,UP,0.8360844210502709,27.192785314,22.735464166000003,22.735464166000003,23.0,0.8297297297297297,0.8567567567567568,0.8594594594594595,True,True,
2026-08-13T02:30:47.657506+00:00,1786587900,1786588200,5m,SOL/USD,75.6,352.47782428,8.44193027,344.03589401,UP,0.9532199046265809,72.18395091,68.807178802,68.807178802,33.0,0.7,0.7810810810810811,0.42162162162162165,False,True,
2026-08-13T02:31:17.938841+00:00,1786587900,1786588200,5m,AVAX/USD,6.383,533.48442319,59.649206,473.83521719000004,UP,0.7988675635152954,118.626725838,94.767043438,94.767043438,7.0,0.7675070028011205,0.7703081232492998,0.680672268907563,False,True,
2026-08-13T02:40:27.058167+00:00,1786588500,1786588800,5m,ADA/USD,0.181722,50066.204312,5810.49289471,44255.711417290004,UP,0.7920244686898839,11175.339441342,8851.142283458,8851.142283458,23.0,0.8138888888888889,0.8361111111111111,0.7972222222222223,True,True,
2026-08-13T02:45:45.825436+00:00,1786588800,1786589100,5m,ADA/USD,0.181774,54.466284,52082.13828300001,-52027.671999000006,DOWN,0.9979106317163402,10427.3209134,-10405.5343998,10405.5343998,22.0,0.8055555555555556,0.8611111111111112,0.7861111111111111,False,True,
2026-08-13T02:45:45.825486+00:00,1786588800,1786589100,5m,AVAX/USD,6.379,521.8179071,0.0,521.8179071,UP,1.0,104.36358141999999,104.36358141999999,104.36358141999999,7.0,0.7507002801120448,0.7843137254901961,0.680672268907563,False,True,
2026-08-13T02:46:01.488600+00:00,1786588800,1786589100,5m,AAVE/USD,87.77,95.30184955000001,0.0,95.30184955000001,UP,1.0,19.06036991,19.060369910000002,19.060369910000002,11.0,0.9541984732824428,0.9694656488549618,0.8664122137404581,False,True,
2026-08-13T02:50:19.321396+00:00,1786589100,1786589400,5m,ETH/USD,1876.23,26.000275170000002,5.75541059,20.24486458,UP,0.6375193637134668,6.351137152,4.048972916,4.048972916,55.0,0.7918918918918919,0.8162162162162162,0.7594594594594595,True,True,
2026-08-13T02:50:34.549097+00:00,1786589100,1786589400,5m,DOGE/USD,0.0700921,17791.22223809,753288.9796874197,-735497.7574493297,DOWN,0.9538537698318217,154216.04038510198,-147099.55148986593,147099.55148986593,62.0,0.9747191011235955,0.9775280898876404,0.9859550561797753,True,True,
2026-08-13T02:50:34.549130+00:00,1786589100,1786589400,5m,AVAX/USD,6.387,576.43410179,14.910889999999998,561.52321179,UP,0.949569573744542,118.268998358,112.304642358,112.304642358,10.0,0.7647058823529411,0.8011204481792717,0.7983193277310925,False,True,
2026-08-13T02:55:22.376994+00:00,1786589400,1786589700,5m,ETH/USD,1878.93,32.190900809999995,0.17721442,32.01368639,UP,0.9890500624617309,6.473623046,6.402737277999999,6.402737277999999,41.0,0.7972972972972973,0.8675675675675676,0.5432432432432432,True,True,
2026-08-13T02:55:37.898800+00:00,1786589400,1786589700,5m,XRP/USD,1.00593,17346.869594870004,2075.9357099999997,15270.933884870004,UP,0.7862372940041276,3884.5610609739997,3054.186776974001,3054.186776974001,47.0,0.7135135135135136,0.8054054054054054,0.727027027027027,True,True,
2026-08-13T02:55:37.898830+00:00,1786589400,1786589700,5m,ADA/USD,0.182769,32010.3567965,151.01470679,31859.34208971,UP,0.9906089386284691,6432.274300658,6371.868417942,6371.868417942,16.0,0.7138888888888889,0.7722222222222223,0.6888888888888889,True,True,
2026-08-13T02:55:37.898858+00:00,1786589400,1786589700,5m,DOGE/USD,0.0701873,32086.08833752,0.0,32086.08833752,UP,1.0,6417.217667504,6417.217667504,6417.217667504,9.0,0.7219101123595506,0.7780898876404494,0.7415730337078652,False,True,
2026-08-13T02:55:37.898887+00:00,1786589400,1786589700,5m,LINK/USD,8.67119,2584.3879259800005,4.12808547,2580.2598405100007,UP,0.9968104617072178,517.70320229,516.0519681020002,516.0519681020002,19.0,0.9299719887955182,0.9411764705882353,0.8319327731092437,False,True,
2026-08-13T02:55:53.087318+00:00,1786589400,1786589700,5m,DOT/USD,0.772,339.35556009,3.9118754399999998,335.44368464999997,UP,0.9772080014874691,68.653487106,67.08873693,67.08873693,4.0,0.7730061349693251,0.7944785276073619,0.5521472392638037,False,True,
2026-08-13T02:55:53.087334+00:00,1786589400,1786589700,5m,AAVE/USD,88.04,45.10253471000001,0.0,45.10253471000001,UP,1.0,9.020506942,9.020506942,9.020506942,12.0,0.9007633587786259,0.916030534351145,0.8893129770992366,False,True,
2026-08-13T03:00:25.819488+00:00,1786589700,1786590000,5m,AVAX/USD,6.411,944.9896519800001,0.0,944.9896519800001,UP,1.0,188.997930396,188.99793039600002,188.99793039600002,17.0,0.8291316526610645,0.8543417366946778,0.9019607843137255,True,True,
2026-08-13T03:01:26.520524+00:00,1786589700,1786590000,5m,SOL/USD,75.9,73.78390946000002,536.8739338,-463.09002434,DOWN,0.7583461498959737,122.13156865200001,-92.618004868,92.618004868,44.0,0.7810810810810811,0.8135135135135135,0.6675675675675675,False,True,
2026-08-13T03:05:28.981298+00:00,1786590000,1786590300,5m,SOL/USD,75.94,74.20999846000001,758.2305867300001,-684.0205882700002,DOWN,0.8217049966561591,166.48811703799998,-136.80411765400004,136.80411765400004,54.0,0.8324324324324325,0.8513513513513513,0.7891891891891892,True,True,
2026-08-13T03:05:59.449515+00:00,1786590000,1786590300,5m,AVAX/USD,6.446,1654.7969162,194.77721263,1460.0197035699998,UP,0.7893815559009664,369.91482576600004,292.00394071399995,292.00394071399995,29.0,0.9019607843137255,0.896358543417367,0.9411764705882353,False,True,
2026-08-13T03:06:14.592933+00:00,1786590000,1786590300,5m,AAVE/USD,88.05,13.61453,0.0,13.61453,UP,1.0,2.722906,2.722906,2.722906,2.0,0.7709923664122137,0.7977099236641222,0.4770992366412214,False,True,
2026-08-13T03:06:14.592949+00:00,1786590000,1786590300,5m,LTC/USD,44.87,131.88109098,1.99893346,129.88215752000002,UP,0.970138435986082,26.776004888,25.976431504000004,25.976431504000004,20.0,0.827027027027027,0.8810810810810811,0.7783783783783784,False,True,
2026-08-13T03:10:17.013849+00:00,1786590300,1786590600,5m,LINK/USD,8.69485,118.26449765000001,2112.9829403400004,-1994.7184426900003,DOWN,0.8939924854264145,446.249487598,-398.94368853800006,398.94368853800006,15.0,0.9047619047619048,0.9187675070028011,0.7703081232492998,True,True,
2026-08-13T03:11:17.645081+00:00,1786590300,1786590600,5m,ETH/USD,1880.12,18.088732869999998,3.1382395499999998,14.950493319999998,UP,0.7043158592844679,4.245394484,2.9900986639999996,2.9900986639999996,45.0,0.7189189189189189,0.7675675675675676,0.6378378378378379,False,True,
2026-08-13T03:11:17.645097+00:00,1786590300,1786590600,5m,XRP/USD,1.00751,10474.394646039998,116203.51914666001,-105729.12450062,DOWN,0.8346295051372467,25335.58275854,-21145.824900124,21145.824900124,76.0,0.9621621621621622,0.9648648648648649,0.9216216216216216,False,True,
2026-08-13T03:15:50.693355+00:00,1786590600,1786590900,5m,AVAX/USD,6.442,2022.1741442700002,0.0,2022.1741442700002,UP,1.0,404.434828854,404.43482885400005,404.43482885400005,15.0,0.9131652661064426,0.9411764705882353,0.8851540616246498,False,True,
2026-08-13T03:20:23.493111+00:00,1786590900,1786591200,5m,AVAX/USD,6.462,1541.12088658,49.3116974,1491.80918918,UP,0.9379895785628345,318.08651679599996,298.361837836,298.361837836,12.0,0.8739495798319328,0.9047619047619048,0.8375350140056023,True,True,
2026-08-13T03:25:11.786149+00:00,1786591200,1786591500,5m,SOL/USD,76.06,175.22654897000007,728.43675759,-553.2102086199999,DOWN,0.6121862032065022,180.732661312,-110.64204172399998,110.64204172399998,59.0,0.845945945945946,0.8243243243243243,0.8324324324324325,True,True,
2026-08-13T03:25:11.786166+00:00,1786591200,1786591500,5m,BTC/USD,63551.3,5.8017968600000005,1.2251687100000002,4.57662815,UP,0.6512950866785021,1.405393114,0.9153256300000001,0.9153256300000001,161.0,0.8726287262872628,0.8970189701897019,0.7371273712737128,True,True,
2026-08-13T03:25:42.124848+00:00,1786591200,1786591500,5m,DOT/USD,0.7744,538.3431,68.78767544,469.55542456000006,UP,0.7734007952729849,121.426155088,93.911084912,93.911084912,15.0,0.8466257668711656,0.8466257668711656,0.9263803680981595,True,True,
2026-08-13T03:30:15.012424+00:00,1786591500,1786591800,5m,ETH/USD,1880.9,2.8610719600000003,52.990834650000004,-50.12976269000001,DOWN,0.8975479215068466,11.170381322,-10.025952538000002,10.025952538000002,47.0,0.8891891891891892,0.9054054054054054,0.6648648648648648,True,True,
2026-08-13T03:30:30.284591+00:00,1786591500,1786591800,5m,DOGE/USD,0.0702606,11869.158192219998,56660.96317757,-44791.804985350005,DOWN,0.6536075537303148,13706.024273957999,-8958.360997070002,8958.360997070002,13.0,0.8370786516853933,0.8146067415730337,0.8314606741573034,True,True,
2026-08-13T03:35:18.519890+00:00,1786591800,1786592100,5m,SOL/USD,76.17,943.0013418999999,13.06074102,929.9406008799999,UP,0.9726780483122812,191.21241658399998,185.988120176,185.988120176,60.0,0.8567567567567568,0.9027027027027027,0.8351351351351352,True,True,
2026-08-13T03:35:33.724048+00:00,1786591800,1786592100,5m,ETH/USD,1883.7,80.90622313000001,1.7203698600000001,79.18585327000001,UP,0.9583579620617247,16.525318598000002,15.837170654000001,15.837170654000001,69.0,0.9243243243243243,0.9432432432432433,0.8837837837837837,True,True,
2026-08-13T03:40:37.293803+00:00,1786592100,1786592400,5m,SOL/USD,76.17,336.13834670999995,65.79628497,270.34206173999996,UP,0.6726020612108704,80.386926336,54.068412347999995,54.068412347999995,33.0,0.7297297297297297,0.727027027027027,0.42162162162162165,True,True,
2026-08-13T03:40:52.495578+00:00,1786592100,1786592400,5m,XRP/USD,1.01068,228957.95324697992,2524.1416449199996,226433.81160205993,UP,0.9781914739790243,46296.418978379996,45286.76232041199,45286.76232041199,75.0,0.9756756756756757,0.9891891891891892,0.918918918918919,False,True,
2026-08-13T03:40:52.495595+00:00,1786592100,1786592400,5m,ADA/USD,0.183706,183453.99197537004,1108.85375384,182345.13822153004,UP,0.987983998085217,36912.569145842004,36469.02764430601,36469.02764430601,43.0,0.9277777777777778,0.95,0.8916666666666667,False,True,
2026-08-13T03:40:52.495611+00:00,1786592100,1786592400,5m,DOGE/USD,0.0701569,113687.27185993998,2850.8901211700004,110836.38173876998,UP,0.9510737071409774,23307.632396221998,22167.276347753996,22167.276347753996,18.0,0.8764044943820225,0.901685393258427,0.8820224719101124,False,True,
2026-08-13T03:45:56.002586+00:00,1786592400,1786592700,5m,XRP/USD,1.01045,3651.9387321199997,18043.82563197,-14391.886899850002,DOWN,0.6633500741587561,4339.152872818,-2878.37737997,2878.37737997,30.0,0.7621621621621621,0.7810810810810811,0.3567567567567568,False,True,
2026-08-13T03:45:56.002602+00:00,1786592400,1786592700,5m,ADA/USD,0.18379,89863.28843077,430.17632073000004,89433.11211004,UP,0.9904715956594666,18058.6929503,17886.622422008,17886.622422008,26.0,0.8638888888888889,0.9166666666666666,0.8194444444444444,False,True,
2026-08-13T03:46:11.173615+00:00,1786592400,1786592700,5m,AVAX/USD,6.462,6407.23233732,146.24496,6260.98737732,UP,0.9553687444496661,1310.695459464,1252.197475464,1252.197475464,64.0,0.9635854341736695,0.9943977591036415,0.9831932773109243,False,True,
2026-08-13T03:50:14.285478+00:00,1786592700,1786593000,5m,BTC/USD,63566.4,3.6718818200000003,0.14872084999999996,3.52316097,UP,0.9221479631117987,0.764120534,0.704632194,0.704632194,158.0,0.7804878048780488,0.8563685636856369,0.7235772357723578,True,True,
2026-08-13T03:50:14.285512+00:00,1786592700,1786593000,5m,XRP/USD,1.01105,4111.5326215800005,54195.76577581999,-50084.23315423999,DOWN,0.858970223811181,11661.45967948,-10016.846630847998,10016.846630847998,52.0,0.9081081081081082,0.9297297297297298,0.7891891891891892,True,True,
2026-08-13T03:50:29.517190+00:00,1786592700,1786593000,5m,ADA/USD,0.18394,371066.8680642103,18272.72357324,352794.1444909703,UP,0.9061347781437271,77867.91832749,70558.82889819406,70558.82889819406,97.0,0.9666666666666667,0.9722222222222222,0.9527777777777777,True,True,
2026-08-13T03:50:29.517208+00:00,1786592700,1786593000,5m,DOGE/USD,0.0701183,260935.03952517,86.07,260848.96952517,UP,0.9993405131090234,52204.221905034,52169.793905034,52169.793905034,11.0,0.9353932584269663,0.9466292134831461,0.7808988764044944,True,True,
2026-08-13T03:55:18.051581+00:00,1786593000,1786593300,5m,SOL/USD,76.18,891.8793693899999,11.64590915,880.2334602399999,UP,0.9742211769241952,180.705055708,176.04669204799998,176.04669204799998,41.0,0.8432432432432433,0.8864864864864865,0.5864864864864865,True,True,
2026-08-13T03:55:33.279920+00:00,1786593000,1786593300,5m,ETH/USD,1885.08,40.90689943999999,1.3484404700000001,39.55845896999999,UP,0.9361765650035212,8.451067982,7.911691793999998,7.911691793999998,44.0,0.8405405405405405,0.8864864864864865,0.6243243243243243,True,True,
2026-08-13T03:55:33.279983+00:00,1786593000,1786593300,5m,ADA/USD,0.1838,2593.1,510691.19546685054,-508098.09546685056,DOWN,0.9898960477735191,102656.85909337,-101619.61909337011,101619.61909337011,182.0,0.9777777777777777,0.9888888888888889,0.9916666666666667,True,True,
2026-08-13T03:55:48.494397+00:00,1786593000,1786593300,5m,AVAX/USD,6.516,3224.8185770100004,635.74987895,2589.0686980600003,UP,0.6706444213061316,772.113691192,517.8137396120001,517.8137396120001,26.0,0.957983193277311,0.9495798319327731,0.9327731092436975,False,True,
2026-08-13T03:55:48.494430+00:00,1786593000,1786593300,5m,LTC/USD,44.91,75.15535351,7.752794779999999,67.40255873,UP,0.8129787013724655,16.581629658,13.480511746,13.480511746,17.0,0.7351351351351352,0.7918918918918919,0.6756756756756757,False,True,
2026-08-13T03:56:34.054266+00:00,1786593000,1786593300,5m,DOT/USD,0.7756,601.31579405,72.13587543000001,529.17991862,UP,0.7857726732322182,134.690333896,105.83598372399999,105.83598372399999,17.0,0.8588957055214724,0.8619631901840491,0.941717791411043,False,True,
2026-08-13T04:00:37.005083+00:00,1786593300,1786593600,5m,SOL/USD,76.16,19.52980106,908.56981996,-889.0400189000001,DOWN,0.9579144294046014,185.619924204,-177.80800378,177.80800378,43.0,0.8486486486486486,0.8891891891891892,0.6162162162162163,True,True,
2026-08-13T04:00:52.346471+00:00,1786593300,1786593600,5m,AVAX/USD,6.503,258.18102771,2011.63861415,-1753.45758644,DOWN,0.772509654116453,453.963928372,-350.691517288,350.691517288,18.0,0.927170868347339,0.9299719887955182,0.9103641456582633,False,True,
2026-08-13T04:10:30.233009+00:00,1786593900,1786594200,5m,AVAX/USD,6.489,217.48791456000004,816.8142445200001,-599.3263299600001,DOWN,0.579449945742252,206.860431816,-119.86526599200002,119.86526599200002,8.0,0.8375350140056023,0.8151260504201681,0.7310924369747899,True,True,
2026-08-13T04:20:38.202805+00:00,1786594500,1786594800,5m,AVAX/USD,6.488,171.68343459000002,3496.2589995200015,-3324.5755649300013,DOWN,0.9063870615888453,733.5884868219999,-664.9151129860003,664.9151129860003,29.0,0.9523809523809523,0.9663865546218487,0.9411764705882353,True,True,
2026-08-13T04:25:27.194504+00:00,1786594800,1786595100,5m,SOL/USD,76.0,30.86726337,404.58100823999996,-373.71374486999997,DOWN,0.8582276454749803,87.089654322,-74.742748974,74.742748974,35.0,0.745945945945946,0.7945945945945946,0.46756756756756757,True,True,
2026-08-13T04:25:57.594762+00:00,1786594800,1786595100,5m,AVAX/USD,6.491,172.92782361,1854.1608977099997,-1681.2330740999998,DOWN,0.8293830735761849,405.417744264,-336.24661482,336.24661482,23.0,0.9159663865546218,0.9215686274509803,0.9243697478991597,False,True,
2026-08-13T04:35:50.263017+00:00,1786595400,1786595700,5m,DOGE/USD,0.0701684,1708.9626317999998,32854.16,-31145.197368200003,DOWN,0.9011106345913514,6912.624526359999,-6229.03947364,6229.03947364,4.0,0.7331460674157303,0.7696629213483146,0.3258426966292135,False,True,
2026-08-13T04:35:50.263050+00:00,1786595400,1786595700,5m,AVAX/USD,6.494,194.97156103999998,1590.2206286399996,-1395.2490675999998,DOWN,0.7815679878423073,357.038437936,-279.04981351999993,279.04981351999993,12.0,0.8935574229691877,0.8907563025210085,0.8375350140056023,False,True,
2026-08-13T04:41:09.364805+00:00,1786595700,1786596000,5m,LTC/USD,44.87,973.6469444000003,0.65129774,972.9956466600003,UP,0.9986630423584272,194.85964842799999,194.59912933200005,194.59912933200005,75.0,0.9891891891891892,0.9918918918918919,0.9945945945945946,False,True,
2026-08-13T04:45:57.863964+00:00,1786596000,1786596300,5m,AVAX/USD,6.499,185.62822945,747.1500120700001,-561.5217826200001,DOWN,0.6019885087638595,186.55564830400002,-112.30435652400001,112.30435652400001,8.0,0.8179271708683473,0.7983193277310925,0.7310924369747899,False,True,
2026-08-13T04:50:31.315654+00:00,1786596300,1786596600,5m,BTC/USD,63655.8,4.00602373,0.5893472999999999,3.41667643,UP,0.7435039320426755,0.919074206,0.6833352859999999,0.6833352859999999,212.0,0.8048780487804879,0.8509485094850948,0.8590785907859079,True,True,
2026-08-13T04:50:46.579261+00:00,1786596300,1786596600,5m,AVAX/USD,6.496,1970.8334926599998,0.0,1970.8334926599998,UP,1.0,394.166698532,394.16669853199994,394.16669853199994,7.0,0.9103641456582633,0.9355742296918768,0.680672268907563,False,True,
2026-08-13T05:00:39.729344+00:00,1786596900,1786597200,5m,BTC/USD,63622.1,0.6275424300000001,4.763840759999999,-4.136298329999999,DOWN,0.7672054061510697,1.078276638,-0.8272596659999998,0.8272596659999998,135.0,0.8265582655826558,0.8807588075880759,0.5962059620596206,True,True,
2026-08-13T05:00:54.932777+00:00,1786596900,1786597200,5m,AVAX/USD,6.499,211.22844112,1690.8197995699998,-1479.5913584499997,DOWN,0.777893707844788,380.409648138,-295.9182716899999,295.9182716899999,22.0,0.9047619047619048,0.8991596638655462,0.9215686274509803,False,True,
2026-08-13T05:00:54.932822+00:00,1786596900,1786597200,5m,LTC/USD,44.89,47.04369272999999,264.1665462599999,-217.12285352999993,DOWN,0.6976725901906355,62.242047798,-43.42457070599998,43.42457070599998,41.0,0.9405405405405406,0.9351351351351351,0.9783783783783784,False,True,
2026-08-13T05:05:44.367232+00:00,1786597200,1786597500,5m,ADA/USD,0.182959,5232.61649627,70749.98097579001,-65517.36447952001,DOWN,0.862268027933788,15196.519494412001,-13103.472895904002,13103.472895904002,28.0,0.8527777777777777,0.8861111111111111,0.8361111111111111,False,True,
2026-08-13T05:05:44.367265+00:00,1786597200,1786597500,5m,LINK/USD,8.74441,11.43587732,4935.84641213,-4924.41053481,DOWN,0.9953769052781213,989.4564578899999,-984.8821069620001,984.8821069620001,25.0,0.9775910364145658,0.9803921568627451,0.8907563025210085,False,True,
2026-08-13T05:05:59.575085+00:00,1786597200,1786597500,5m,DOT/USD,0.7738,3496.3109308999997,139.21128027999998,3357.09965062,UP,0.9234160749441191,727.104442236,671.419930124,671.419930124,17.0,0.9570552147239264,0.9539877300613497,0.941717791411043,False,True,
2026-08-13T05:05:59.575118+00:00,1786597200,1786597500,5m,LTC/USD,44.83,49.48419312,835.3858030500004,-785.9016099300004,DOWN,0.8881548852731286,176.97399923400002,-157.18032198600008,157.18032198600008,95.0,0.9864864864864865,0.9891891891891892,0.9972972972972973,False,True,
2026-08-13T05:10:33.110429+00:00,1786597500,1786597800,5m,BTC/USD,63763.9,2.4913953599999994,0.53402005,1.9573753099999993,UP,0.6469773716132422,0.6050830819999999,0.3914750619999999,0.3914750619999999,218.0,0.7262872628726287,0.7750677506775068,0.8780487804878049,True,True,
2026-08-13T05:10:33.110444+00:00,1786597500,1786597800,5m,ETH/USD,1894.22,92.17322163,14.379784179999998,77.79343745,UP,0.7300914400173504,21.310601162,15.55868749,15.55868749,82.0,0.9432432432432433,0.9405405405405406,0.9297297297297298,True,True,
2026-08-13T05:10:33.110476+00:00,1786597500,1786597800,5m,ADA/USD,0.18316,32411.4802291,4055.73827595,28355.74195315,UP,0.7775679943679631,7293.443701009999,5671.14839063,5671.14839063,9.0,0.7472222222222222,0.7555555555555555,0.5027777777777778,True,True,
2026-08-13T05:10:48.597090+00:00,1786597500,1786597800,5m,LINK/USD,8.77,477.32970217,0.0,477.32970217,UP,1.0,95.465940434,95.465940434,95.465940434,9.0,0.7226890756302521,0.7759103641456583,0.6274509803921569,False,True,
2026-08-13T05:10:48.597123+00:00,1786597500,1786597800,5m,DOT/USD,0.7739,12.92501858,766.48977544,-753.56475686,DOWN,0.966834043492204,155.882958804,-150.712951372,150.712951372,4.0,0.8742331288343558,0.8803680981595092,0.5521472392638037,False,True,
2026-08-13T05:15:37.456744+00:00,1786597800,1786598100,5m,XRP/USD,1.01014,57945.611220880004,768.96465444,57176.64656644,UP,0.973806686228207,11742.915175064,11435.329313288,11435.329313288,34.0,0.9108108108108108,0.9459459459459459,0.44054054054054054,True,True,
2026-08-13T05:20:26.348376+00:00,1786598100,1786598400,5m,SOL/USD,76.24,59.40896993999999,1128.8913401700001,-1069.4823702300002,DOWN,0.9000101751475593,237.660062022,-213.89647404600004,213.89647404600004,71.0,0.8891891891891892,0.9135135135135135,0.8945945945945946,True,True,
2026-08-13T05:20:26.348411+00:00,1786598100,1786598400,5m,BTC/USD,63847.5,7.152062649999999,2.12646473,5.025597919999999,UP,0.5416374510930203,1.855705476,1.0051195839999998,1.0051195839999998,298.0,0.9295392953929539,0.907859078590786,0.964769647696477,True,True,
2026-08-13T05:20:26.348476+00:00,1786598100,1786598400,5m,XRP/USD,1.01012,40286.349156870005,714.7959332600001,39571.553223610004,UP,0.9651328794994035,8200.229018025999,7914.310644722001,7914.310644722001,26.0,0.8675675675675676,0.9135135135135135,0.24864864864864866,True,True,
2026-08-13T05:20:56.828866+00:00,1786598100,1786598400,5m,LTC/USD,44.96,2641.9073526699963,3.53169047,2638.3756621999964,UP,0.9973299778128262,529.0878086280001,527.6751324399993,527.6751324399993,242.0,1.0,1.0,1.0,False,True,
2026-08-13T05:25:30.985629+00:00,1786598400,1786598700,5m,BTC/USD,63889.2,3.2700746500000006,0.14673345999999995,3.1233411900000005,UP,0.9141107985721797,0.683361622,0.6246682380000002,0.6246682380000002,133.0,0.7560975609756098,0.8401084010840109,0.5826558265582655,True,True,
2026-08-13T05:26:01.399841+00:00,1786598400,1786598700,5m,LTC/USD,44.95,17.189529829999998,67.53265023000003,-50.34312040000003,DOWN,0.5942141758432935,16.944436012,-10.068624080000006,10.068624080000006,38.0,0.7378378378378379,0.7081081081081081,0.9621621621621622,False,True,
2026-08-13T05:30:35.219576+00:00,1786598700,1786599000,5m,ADA/USD,0.183794,248.01147229999998,33708.13544974,-33460.12397744,DOWN,0.9853922488396926,6791.229384408,-6692.024795488001,6692.024795488001,12.0,0.7277777777777777,0.775,0.6111111111111112,False,True,
2026-08-13T05:35:24.599877+00:00,1786599000,1786599300,5m,SOL/USD,76.23,391.66306375999994,16.130953990000002,375.5321097699999,UP,0.9208867551368094,81.55880355000001,75.10642195399998,75.10642195399998,51.0,0.7324324324324324,0.7972972972972973,0.7756756756756756,True,True,
2026-08-13T05:35:39.903736+00:00,1786599000,1786599300,5m,XRP/USD,1.01152,3625.39656791,75044.91918866998,-71419.52262075999,DOWN,0.9078331761339914,15734.063151316,-14283.904524151998,14283.904524151998,47.0,0.9405405405405406,0.9594594594594594,0.727027027027027,True,True,
2026-08-13T05:35:55.116741+00:00,1786599000,1786599300,5m,AAVE/USD,88.79,37.189239990000004,4.1765940399999995,33.01264595000001,UP,0.798065522529004,8.273166806,6.602529190000001,6.602529190000001,12.0,0.8931297709923665,0.8969465648854962,0.8893129770992366,False,True,
2026-08-13T05:40:29.603086+00:00,1786599300,1786599600,5m,SOL/USD,76.43,1369.6760469099997,20.61747,1349.0585769099998,UP,0.9703408384643506,278.05870338200003,269.811715382,269.811715382,69.0,0.9081081081081082,0.9324324324324325,0.8864864864864865,True,True,
2026-08-13T05:40:29.603102+00:00,1786599300,1786599600,5m,BTC/USD,63863.0,21.617031949999998,1.81354502,19.80348693,UP,0.8451984326018072,4.686115394,3.9606973859999997,3.9606973859999997,177.0,0.981029810298103,0.978319783197832,0.7723577235772358,True,True,
2026-08-13T05:40:29.603133+00:00,1786599300,1786599600,5m,XRP/USD,1.0137,283270.17908949015,10196.175638109999,273074.0034513802,UP,0.9305121321483397,58693.27094552,54614.80069027604,54614.80069027604,91.0,0.9891891891891892,0.9918918918918919,0.9621621621621622,True,True,
2026-08-13T05:40:44.827151+00:00,1786599300,1786599600,5m,LINK/USD,8.79843,75.21145552,454.54545454,-379.33399901999996,DOWN,0.716052951488706,105.951382012,-75.866799804,75.866799804,8.0,0.7338935574229691,0.7338935574229691,0.5826330532212886,False,True,
2026-08-13T05:45:49.231219+00:00,1786599600,1786599900,5m,DOGE/USD,0.0704979,882489.12258176,4753.375,877735.74758176,UP,0.9892850601431837,177448.49951635202,175547.14951635202,175547.14951635202,59.0,0.9803370786516854,0.9831460674157303,0.9831460674157303,False,True,
2026-08-13T05:46:04.436482+00:00,1786599600,1786599900,5m,AAVE/USD,88.84,127.85385300000002,0.8971857999999999,126.95666720000001,UP,0.9860632456504888,25.750207760000002,25.391333440000004,25.391333440000004,34.0,0.9694656488549618,0.9847328244274809,0.9694656488549618,False,True,
2026-08-13T05:50:38.381675+00:00,1786599900,1786600200,5m,DOGE/USD,0.0704521,4022.75721316,140465.6865931,-136442.92937994,DOWN,0.9443172463182734,28897.688761252,-27288.585875988,27288.585875988,4.0,0.898876404494382,0.9185393258426966,0.3258426966292135,False,True,
2026-08-13T05:50:53.595718+00:00,1786599900,1786600200,5m,AAVE/USD,88.82,0.10984799,63.66337542,-63.55352743,DOWN,0.9965550435080321,12.754644682,-12.710705486,12.710705486,17.0,0.9198473282442748,0.9274809160305344,0.9312977099236641,False,True,
2026-08-13T05:56:59.002466+00:00,1786600200,1786600500,5m,ADA/USD,0.18475,169855.54741616006,40900.39641743,128955.15099873007,UP,0.6118695807723044,42151.188766718,25791.030199746012,25791.030199746012,68.0,0.9416666666666667,0.9333333333333333,0.9361111111111111,False,True,
2026-08-13T05:58:30.381623+00:00,1786600200,1786600500,5m,AVAX/USD,6.521,930.5537812499999,0.0,930.5537812499999,UP,1.0,186.11075625,186.11075624999998,186.11075624999998,4.0,0.8123249299719888,0.8515406162464986,0.42016806722689076,False,True,
2026-08-13T06:00:32.144712+00:00,1786600500,1786600800,5m,ETH/USD,1894.44,0.9175199500000002,20.600841349999996,-19.683321399999997,DOWN,0.9147221354629825,4.30367226,-3.9366642799999996,3.9366642799999996,35.0,0.7216216216216216,0.8108108108108109,0.4189189189189189,True,True,
2026-08-13T06:00:47.377368+00:00,1786600500,1786600800,5m,AVAX/USD,6.512,10.07324362,930.62987308,-920.5566294600001,DOWN,0.9785835861683183,188.14062334,-184.11132589200002,184.11132589200002,15.0,0.8263305322128851,0.8431372549019608,0.8851540616246498,False,True,
2026-08-13T06:00:47.377399+00:00,1786600500,1786600800,5m,AAVE/USD,88.89,19.253,0.0,19.253,UP,1.0,3.8506,3.8506,3.8506,5.0,0.8206106870229007,0.8435114503816794,0.7099236641221374,False,True,
2026-08-13T06:05:21.237319+00:00,1786600800,1786601100,5m,BTC/USD,63759.2,0.10952659000000002,7.639668559999997,-7.530141969999997,DOWN,0.9717321378853132,1.54983903,-1.5060283939999994,1.5060283939999994,151.0,0.8970189701897019,0.943089430894309,0.6856368563685636,True,True,
2026-08-13T06:05:36.468974+00:00,1786600800,1786601100,5m,AVAX/USD,6.516,678.38903174,99.15610886,579.2329228799999,UP,0.7449508621879232,155.50902811999998,115.84658457599998,115.84658457599998,16.0,0.7983193277310925,0.8067226890756303,0.8935574229691877,False,True,
2026-08-13T06:06:37.394509+00:00,1786600800,1786601100,5m,LTC/USD,45.01,5.275920080000001,1690.41810035,-1685.14218027,DOWN,0.9937772734745361,339.138804086,-337.028436054,337.028436054,43.0,0.9972972972972973,0.9972972972972973,0.9837837837837838,False,True,
2026-08-13T06:10:25.649842+00:00,1786601100,1786601400,5m,ADA/USD,0.184572,90636.27973640001,23307.77908864,67328.50064776001,UP,0.5908908401371086,22788.811765008002,13465.700129552002,13465.700129552002,38.0,0.8916666666666667,0.8972222222222223,0.875,True,True,
2026-08-13T06:10:25.649858+00:00,1786601100,1786601400,5m,DOGE/USD,0.0704887,8800.227598970001,34032.303307270005,-25232.075708300006,DOWN,0.5890867332479787,8566.506181248,-5046.415141660002,5046.415141660002,12.0,0.7696629213483146,0.7443820224719101,0.8174157303370787,True,True,
2026-08-13T06:10:25.649888+00:00,1786601100,1786601400,5m,AVAX/USD,6.531,1597.7738600400003,87.699004,1510.0748560400002,UP,0.895935430500151,337.094572808,302.014971208,302.014971208,16.0,0.8823529411764706,0.9103641456582633,0.8935574229691877,True,True,
2026-08-13T06:10:40.891061+00:00,1786601100,1786601400,5m,LTC/USD,45.0,7.79493481,176.63162569000002,-168.83669088000002,DOWN,0.9154684142146652,36.8853121,-33.767338176,33.767338176,15.0,0.8891891891891892,0.9216216216216216,0.5675675675675675,False,True,
2026-08-13T06:16:00.418031+00:00,1786601400,1786601700,5m,LTC/USD,44.99,8.231269320000001,709.3028669700002,-701.0715976500002,DOWN,0.9770567868378788,143.506827258,-140.21431953000004,140.21431953000004,32.0,0.9837837837837838,0.9837837837837838,0.9459459459459459,False,True,
2026-08-13T06:21:35.234156+00:00,1786601700,1786602000,5m,LTC/USD,44.98,158.71353643,3.8688592099999997,154.84467722,UP,0.9524074030921936,32.516479128,30.968935444,30.968935444,17.0,0.8648648648648649,0.8972972972972973,0.6756756756756757,False,True,
2026-08-13T06:25:38.719088+00:00,1786602000,1786602300,5m,AVAX/USD,6.523,257.61778574,1943.73116962,-1686.11338388,DOWN,0.7659455261622797,440.26979107200003,-337.22267677599996,337.22267677599996,10.0,0.9243697478991597,0.9243697478991597,0.7983193277310925,True,True,
2026-08-13T06:30:12.627005+00:00,1786602300,1786602600,5m,AAVE/USD,89.18,15.223107569999996,5.0,10.223107569999996,UP,0.5055161544591437,4.044621514,2.0446215139999993,2.0446215139999993,29.0,0.8358778625954199,0.7557251908396947,0.9656488549618321,True,True,
2026-08-13T06:45:41.198847+00:00,1786603200,1786603500,5m,DOT/USD,0.7736,19493.115,3513.3507000000004,15979.7643,UP,0.6945771031662634,4601.29314,3195.9528600000003,3195.9528600000003,25.0,1.0,1.0,0.9723926380368099,False,True,
2026-08-13T06:50:15.153237+00:00,1786603500,1786603800,5m,ETH/USD,1894.31,51.38409444999999,0.52790363,50.856190819999995,UP,0.9796615946399728,10.382399615999999,10.171238163999998,10.171238163999998,39.0,0.8756756756756757,0.9081081081081082,0.5081081081081081,True,True,
2026-08-13T06:50:30.405808+00:00,1786603500,1786603800,5m,DOT/USD,0.7744,6.46250929,707.6150754400002,-701.1525661500002,DOWN,0.981899699897614,142.815516946,-140.23051323000004,140.23051323000004,6.0,0.8650306748466258,0.8742331288343558,0.7085889570552147,True,True,
2026-08-13T06:51:16.086517+00:00,1786603500,1786603800,5m,DOGE/USD,0.0705459,763212.52451016,524.91696935,762687.60754081,UP,0.998625399408642,152747.488295902,152537.521508162,152537.521508162,39.0,0.9719101123595506,0.9803370786516854,0.9747191011235955,False,True,
2026-08-13T06:55:50.079708+00:00,1786603800,1786604100,5m,ETH/USD,1895.44,37.91059891,0.7907206299999999,37.119878279999995,UP,0.9591372780360758,7.740263908,7.423975655999999,7.423975655999999,45.0,0.8324324324324325,0.8837837837837837,0.6378378378378379,False,True,
2026-08-13T06:55:50.079769+00:00,1786603800,1786604100,5m,LINK/USD,8.75335,432.03996527,0.0,432.03996527,UP,1.0,86.407993054,86.407993054,86.407993054,4.0,0.7030812324929971,0.7647058823529411,0.2605042016806723,False,True,
2026-08-13T07:00:39.330092+00:00,1786604100,1786604400,5m,DOGE/USD,0.0706022,66892.82694117,117.97999999999999,66774.84694117,UP,0.9964787769201594,13402.161388233999,13354.969388234002,13354.969388234002,9.0,0.8286516853932584,0.8679775280898876,0.7415730337078652,False,True,
2026-08-13T07:00:39.330122+00:00,1786604100,1786604400,5m,AVAX/USD,6.525,190.79007367,578.62767134,-387.83759767000004,DOWN,0.5040663543118041,153.883549002,-77.56751953400001,77.56751953400001,13.0,0.7955182072829131,0.7563025210084033,0.8599439775910365,False,True,
2026-08-13T07:00:54.570986+00:00,1786604100,1786604400,5m,AAVE/USD,89.32,18.122149999999998,0.0,18.122149999999998,UP,1.0,3.6244300000000003,3.6244299999999994,3.6244299999999994,8.0,0.8091603053435115,0.8244274809160306,0.8129770992366412,False,True,
2026-08-13T07:05:28.582942+00:00,1786604400,1786604700,5m,ADA/USD,0.184043,3018.6425305,164412.93658354998,-161394.29405305,DOWN,0.9639417779313452,33486.31582281,-32278.85881061,32278.85881061,42.0,0.9166666666666666,0.9444444444444444,0.8888888888888888,True,True,
2026-08-13T07:11:03.570964+00:00,1786604700,1786605000,5m,DOGE/USD,0.0707253,18738.119611950002,193155.66988401,-174417.55027206,DOWN,0.8231366794041194,42378.757899192,-34883.510054412,34883.510054412,18.0,0.9241573033707865,0.9269662921348315,0.8820224719101124,False,True,
2026-08-13T07:15:22.359848+00:00,1786605000,1786605300,5m,SOL/USD,76.35,708.7380087700001,0.38615631,708.35185246,UP,0.9989108922555009,141.824833016,141.67037049200002,141.67037049200002,27.0,0.8135135135135135,0.8567567567567568,0.25675675675675674,True,True,
2026-08-13T07:20:42.150228+00:00,1786605300,1786605600,5m,LTC/USD,44.97,15.446733969999999,133.90132529,-118.45459131999999,DOWN,0.7931444968681008,29.869611852000002,-23.690918263999997,23.690918263999997,17.0,0.8486486486486486,0.8648648648648649,0.6756756756756757,True,True,
2026-08-13T07:25:16.212430+00:00,1786605600,1786605900,5m,AVAX/USD,6.523,379.2957051,0.0,379.2957051,UP,1.0,75.85914102000001,75.85914102000001,75.85914102000001,4.0,0.7058823529411765,0.7535014005602241,0.42016806722689076,True,True,
2026-08-13T07:35:40.606211+00:00,1786606200,1786606500,5m,AAVE/USD,89.44,0.0,18.395450000000004,-18.395450000000004,DOWN,1.0,3.67909,-3.679090000000001,3.679090000000001,5.0,0.8129770992366412,0.8320610687022901,0.7099236641221374,True,True,
2026-08-13T07:36:56.773961+00:00,1786606200,1786606500,5m,DOT/USD,0.7744,0.0,1109.9168999999995,-1109.9168999999995,DOWN,1.0,221.98337999999998,-221.9833799999999,221.9833799999999,22.0,0.8926380368098159,0.901840490797546,0.9539877300613497,False,True,
2026-08-13T07:40:45.186371+00:00,1786606500,1786606800,5m,ADA/USD,0.184708,384.67889553,65144.58018719,-64759.90129166,DOWN,0.9882593241274281,13105.851816544,-12951.980258332,12951.980258332,14.0,0.8361111111111111,0.8833333333333333,0.6611111111111111,False,True,
2026-08-13T07:45:34.571939+00:00,1786606800,1786607100,5m,ETH/USD,1895.51,1.2790096,23.165984300000005,-21.886974700000007,DOWN,0.8953561121567718,4.88899878,-4.377394940000001,4.377394940000001,19.0,0.7486486486486487,0.8216216216216217,0.11351351351351352,True,True,
2026-08-13T07:45:34.571970+00:00,1786606800,1786607100,5m,ADA/USD,0.185111,20569.079720730006,119183.39110416,-98614.31138342999,DOWN,0.7056355483474337,27950.494164978,-19722.862276686,19722.862276686,107.0,0.9,0.9277777777777778,0.9583333333333334,True,True,
2026-08-13T07:50:23.965218+00:00,1786607100,1786607400,5m,ETH/USD,1894.03,0.8247259600000001,71.15484872999998,-70.33012276999999,DOWN,0.97708444475945,14.395914938,-14.066024553999998,14.066024553999998,38.0,0.9135135135135135,0.9351351351351351,0.4783783783783784,True,True,
2026-08-13T07:50:23.965263+00:00,1786607100,1786607400,5m,DOGE/USD,0.0705378,46.61,91700.13333211001,-91653.52333211001,DOWN,0.9989839421366429,18349.348666422,-18330.704666422003,18330.704666422003,12.0,0.8679775280898876,0.8932584269662921,0.8174157303370787,True,True,
2026-08-13T07:55:13.643563+00:00,1786607400,1786607700,5m,ADA/USD,0.185307,45560.814294530006,20.0,45540.814294530006,UP,0.9991224377927623,9116.162858906,9108.162858906002,9108.162858906002,23.0,0.7833333333333333,0.8416666666666667,0.7972222222222223,True,True,
2026-08-13T07:55:28.900674+00:00,1786607400,1786607700,5m,AVAX/USD,6.514,628.74799108,6731.515376999997,-6102.767385919997,DOWN,0.8291506812631854,1472.052673616,-1220.5534771839993,1220.5534771839993,53.0,0.969187675070028,0.9915966386554622,0.9747899159663865,True,True,
2026-08-13T07:55:28.900720+00:00,1786607400,1786607700,5m,LTC/USD,44.86,9.49291854,166.02986755000003,-156.53694901000003,DOWN,0.8918326360757233,35.104557218000004,-31.307389802000007,31.307389802000007,32.0,0.8783783783783784,0.9,0.9459459459459459,True,True,
2026-08-13T08:00:49.037611+00:00,1786607700,1786608000,5m,ADA/USD,0.185468,5880.27834006,41619.21824663,-35738.93990657,DOWN,0.7524067090130915,9499.899317338,-7147.787981314,7147.787981314,18.0,0.7888888888888889,0.7888888888888889,0.7222222222222222,False,True,
2026-08-13T08:00:49.037656+00:00,1786607700,1786608000,5m,AVAX/USD,6.51,400.58571115,3343.26876678,-2942.68305563,DOWN,0.7860035888085659,748.770895586,-588.536611126,588.536611126,28.0,0.9551820728291317,0.957983193277311,0.9355742296918768,False,True,
2026-08-13T08:05:23.575340+00:00,1786608000,1786608300,5m,ETH/USD,1895.0,31.643407860000003,1.6314863499999999,30.011921510000004,UP,0.9019389008599946,6.654978842,6.002384302000001,6.002384302000001,33.0,0.8108108108108109,0.8648648648648649,0.37567567567567567,True,True,
2026-08-13T08:15:48.872579+00:00,1786608600,1786608900,5m,BTC/USD,63769.4,0.22328864999999998,4.181078680000001,-3.957790030000001,DOWN,0.8986058004385389,0.880873466,-0.7915580060000001,0.7915580060000001,71.0,0.7967479674796748,0.8726287262872628,0.15989159891598917,False,True,
2026-08-13T08:15:48.872643+00:00,1786608600,1786608900,5m,DOGE/USD,0.0705354,65232.45496630999,28.33,65204.12496630999,UP,0.9991317910130983,13052.156993262,13040.824993261998,13040.824993261998,7.0,0.8258426966292135,0.8623595505617978,0.6264044943820225,False,True,
2026-08-13T08:16:04.144817+00:00,1786608600,1786608900,5m,AVAX/USD,6.493,4.30973734,926.9061178699999,-922.5963805299999,DOWN,0.9907438488812498,186.243171042,-184.51927610599998,184.51927610599998,11.0,0.8151260504201681,0.84593837535014,0.8207282913165266,False,True,
2026-08-13T08:20:38.637362+00:00,1786608900,1786609200,5m,DOGE/USD,0.0705061,1600.5170000000003,37384.87290778,-35784.35590778,DOWN,0.9178914458064406,7797.077981556,-7156.871181556,7156.871181556,11.0,0.7471910112359551,0.7921348314606742,0.7808988764044944,False,True,
2026-08-13T08:20:38.637393+00:00,1786608900,1786609200,5m,AVAX/USD,6.495,394.05497926,1.110108,392.94487125999996,UP,0.9943815481894046,79.033017452,78.58897425199999,78.58897425199999,5.0,0.7142857142857143,0.7591036414565826,0.5098039215686274,False,True,
2026-08-13T08:21:24.410999+00:00,1786608900,1786609200,5m,ADA/USD,0.185582,218763.67506613003,0.0,218763.67506613003,UP,1.0,43752.735013226,43752.735013226,43752.735013226,54.0,0.9444444444444444,0.9611111111111111,0.9166666666666666,False,True,
2026-08-13T08:30:33.772288+00:00,1786609500,1786609800,5m,AAVE/USD,89.08,24.680616110000003,0.0,24.680616110000003,UP,1.0,4.936123222,4.936123222000001,4.936123222000001,14.0,0.8473282442748091,0.8740458015267175,0.8969465648854962,False,True,
2026-08-13T08:40:29.517833+00:00,1786610100,1786610400,5m,ADA/USD,0.185806,1919.07951667,39775.617166569995,-37856.5376499,DOWN,0.9079461097295183,8338.939336648,-7571.307529979999,7571.307529979999,13.0,0.7722222222222223,0.8,0.6361111111111111,True,True,
2026-08-13T08:40:29.517892+00:00,1786610100,1786610400,5m,LINK/USD,8.75338,431.34103304,0.0,431.34103304,UP,1.0,86.268206608,86.268206608,86.268206608,1.0,0.7002801120448179,0.7619047619047619,0.047619047619047616,True,True,
2026-08-13T08:40:44.958011+00:00,1786610100,1786610400,5m,DOT/USD,0.7735,27.73901808,794.4798754300001,-766.74085735,DOWN,0.9325264396161369,164.443778702,-153.34817147,153.34817147,12.0,0.8803680981595092,0.8834355828220859,0.8987730061349694,False,True,
2026-08-13T08:45:35.692822+00:00,1786610400,1786610700,5m,DOT/USD,0.7735,4.6017,343.9553000000001,-339.3536000000001,DOWN,0.9735957103142384,69.7114,-67.87072000000002,67.87072000000002,16.0,0.7760736196319018,0.7975460122699386,0.9325153374233128,True,True,
2026-08-13T08:50:26.395892+00:00,1786610700,1786611000,5m,DOT/USD,0.7736,0.0,630.55362414,-630.55362414,DOWN,1.0,126.110724828,-126.110724828,126.110724828,9.0,0.852760736196319,0.8680981595092024,0.8466257668711656,True,True,
2026-08-13T08:55:16.721556+00:00,1786611000,1786611300,5m,DOT/USD,0.7741,500.0,9.60852022,490.39147978,UP,0.9622905825206691,101.921704044,98.078295956,98.078295956,6.0,0.8374233128834356,0.852760736196319,0.7085889570552147,True,True,
2026-08-13T08:56:02.730112+00:00,1786611000,1786611300,5m,SOL/USD,76.13,355.75357818000003,52.75364973,302.99992845,UP,0.7417247670260445,81.70144558199999,60.599985690000004,60.599985690000004,33.0,0.7351351351351352,0.754054054054054,0.42162162162162165,False,True,
2026-08-13T08:56:02.730146+00:00,1786611000,1786611300,5m,ETH/USD,1887.2,332.24197553000005,13.837894190000004,318.40408134000006,UP,0.9200306322283599,69.215973944,63.680816268000015,63.680816268000015,80.0,0.9918918918918919,0.9945945945945946,0.9216216216216216,False,True,
2026-08-13T09:00:52.983252+00:00,1786611300,1786611600,5m,XRP/USD,1.01177,45426.74839501001,5491.96960598,39934.77878903001,UP,0.7842848437043046,10183.743600197999,7986.955757806002,7986.955757806002,29.0,0.8891891891891892,0.9162162162162162,0.33513513513513515,False,True,
2026-08-13T09:00:52.983268+00:00,1786611300,1786611600,5m,ADA/USD,0.186273,90077.65168208999,20358.46144806,69719.19023402999,UP,0.6313078961033812,22087.22262603,13943.838046805997,13943.838046805997,41.0,0.8861111111111111,0.9,0.8833333333333333,False,True,
2026-08-13T09:01:08.263550+00:00,1786611300,1786611600,5m,DOGE/USD,0.0704265,0.0,40184.74303962,-40184.74303962,DOWN,1.0,8036.948607924,-8036.948607924,8036.948607924,6.0,0.7528089887640449,0.800561797752809,0.547752808988764,False,True,
2026-08-13T09:01:08.263597+00:00,1786611300,1786611600,5m,DOT/USD,0.7738,0.0,303.52057543,-303.52057543,DOWN,1.0,60.704115086,-60.704115086,60.704115086,7.0,0.7484662576687117,0.7791411042944786,0.7699386503067485,False,True,
2026-08-13T09:10:33.121311+00:00,1786611900,1786612200,5m,ADA/USD,0.185514,2695.89184458,57561.54236538,-54865.6505208,DOWN,0.9105208550637427,12051.486841992,-10973.13010416,10973.13010416,14.0,0.825,0.8666666666666667,0.6611111111111111,True,True,
2026-08-13T09:10:33.121357+00:00,1786611900,1786612200,5m,AVAX/USD,6.498,345.14154214,32.16658857,312.97495357,UP,0.8294943259798273,75.461626142,62.594990714000005,62.594990714000005,4.0,0.7030812324929971,0.7226890756302521,0.42016806722689076,True,True,
2026-08-13T09:15:23.465392+00:00,1786612200,1786612500,5m,SOL/USD,75.91,13.3147157,752.8828636799999,-739.5681479799999,DOWN,0.9652446939057832,153.23951587599998,-147.913629596,147.913629596,70.0,0.8243243243243243,0.8621621621621621,0.8891891891891892,True,True,
2026-08-13T09:15:38.893473+00:00,1786612200,1786612500,5m,LINK/USD,8.7,467.56836174999995,73.05116033,394.51720141999994,UP,0.7297501945584939,108.123904416,78.90344028399998,78.90344028399998,16.0,0.742296918767507,0.7450980392156863,0.7871148459383753,False,True,
2026-08-13T09:15:54.171933+00:00,1786612200,1786612500,5m,DOT/USD,0.7724,6184.92232658,190.18461535999998,5994.73771122,UP,0.940335239207101,1275.021388388,1198.947542244,1198.947542244,24.0,0.9754601226993865,0.9754601226993865,0.9662576687116564,False,True,
2026-08-13T09:20:44.642891+00:00,1786612500,1786612800,5m,DOT/USD,0.7726,0.0,341.1251754400001,-341.1251754400001,DOWN,1.0,68.225035088,-68.22503508800001,68.22503508800001,19.0,0.7699386503067485,0.8006134969325154,0.9447852760736196,False,True,
2026-08-13T09:25:35.164477+00:00,1786612800,1786613100,5m,ADA/USD,0.185236,182231.53820436998,4414.578612,177816.95959236997,UP,0.9526957357881358,37329.223363273995,35563.39191847399,35563.39191847399,52.0,0.9305555555555556,0.9472222222222222,0.9111111111111111,True,True,
2026-08-13T09:35:32.680053+00:00,1786613400,1786613700,5m,AVAX/USD,6.491,421.31175663999994,2.01303,419.2987266399999,UP,0.9904894300379726,84.664957328,83.85974532799999,83.85974532799999,8.0,0.7226890756302521,0.7619047619047619,0.7310924369747899,True,True,
2026-08-13T09:40:53.887787+00:00,1786613700,1786614000,5m,BTC/USD,63608.8,0.16352285,2.7977197300000003,-2.63419688,DOWN,0.8895579503655522,0.592248516,-0.5268393760000001,0.5268393760000001,66.0,0.7181571815718157,0.8238482384823849,0.12466124661246612,False,True,
2026-08-13T09:41:09.226669+00:00,1786613700,1786614000,5m,LINK/USD,8.70636,1211.11193357,0.0,1211.11193357,UP,1.0,242.222386714,242.222386714,242.222386714,11.0,0.8515406162464986,0.8851540616246498,0.6946778711484594,False,True,
2026-08-13T09:55:24.600510+00:00,1786614600,1786614900,5m,DOGE/USD,0.0704397,35683.64704873,413.64118844999996,35270.005860280005,UP,0.9770818691015161,7219.457647436,7054.001172056001,7054.001172056001,9.0,0.7387640449438202,0.7893258426966292,0.7415730337078652,True,True,
2026-08-13T09:55:24.600525+00:00,1786614600,1786614900,5m,LINK/USD,8.69744,574.4729498,13.754141729999999,560.71880807,UP,0.9532352660118901,117.64541830600001,112.143761614,112.143761614,4.0,0.7535014005602241,0.8067226890756303,0.2605042016806723,True,True,
2026-08-13T10:05:20.312037+00:00,1786615200,1786615500,5m,BTC/USD,63639.4,0.13059705,9.789780810000007,-9.659183760000007,DOWN,0.9736709524893036,1.984075572,-1.9318367520000013,1.9318367520000013,340.0,0.9376693766937669,0.9539295392953929,0.978319783197832,True,True,
2026-08-13T10:05:35.605015+00:00,1786615200,1786615500,5m,ETH/USD,1881.07,3.14249712,33.14067779,-29.998180669999996,DOWN,0.8267793748592879,7.256634982,-5.999636133999999,5.999636133999999,70.0,0.8243243243243243,0.8621621621621621,0.8918918918918919,True,True,
2026-08-13T10:05:35.605031+00:00,1786615200,1786615500,5m,XRP/USD,1.00905,1550.8811076299999,39341.7562721,-37790.87516447,DOWN,0.9241486386300557,8178.527475945999,-7558.175032894001,7558.175032894001,41.0,0.8648648648648649,0.9108108108108108,0.6297297297297297,True,True,
2026-08-13T10:05:50.896443+00:00,1786615200,1786615500,5m,DOT/USD,0.7719,2799.2610935300004,40.413702660000006,2758.8473908700003,UP,0.9715363866917273,567.934959238,551.769478174,551.769478174,23.0,0.9447852760736196,0.9478527607361963,0.9601226993865031,False,True,
2026-08-13T10:10:25.706705+00:00,1786615500,1786615800,5m,SOL/USD,75.81,30.377094690000007,816.63736385,-786.26026916,DOWN,0.9282725474548308,169.402891708,-157.252053832,157.252053832,81.0,0.8351351351351352,0.8675675675675676,0.927027027027027,True,True,
2026-08-13T10:10:41.004624+00:00,1786615500,1786615800,5m,DOGE/USD,0.0701692,9987.64317929,311636.02912563,-301648.38594634,DOWN,0.9378923627871454,64324.73446098399,-60329.677189268,60329.677189268,33.0,0.9438202247191011,0.952247191011236,0.9662921348314607,True,True,
2026-08-13T10:10:41.004641+00:00,1786615500,1786615800,5m,LINK/USD,8.70102,139.82157809,863.02792579,-723.2063477,DOWN,0.721151423919474,200.569900776,-144.64126954,144.64126954,14.0,0.8319327731092437,0.8319327731092437,0.7478991596638656,True,True,
2026-08-13T10:10:41.004656+00:00,1786615500,1786615800,5m,AVAX/USD,6.479,242.85438182000001,1556.6713272800002,-1313.8169454600002,DOWN,0.7300906782360345,359.90514182000004,-262.763389092,262.763389092,7.0,0.896358543417367,0.8851540616246498,0.680672268907563,False,True,
2026-08-13T10:10:41.004672+00:00,1786615500,1786615800,5m,DOT/USD,0.7714,230.67846839999999,1433.9140195700002,-1203.2355511700002,DOWN,0.7228409114337451,332.91849759400003,-240.64711023400005,240.64711023400005,15.0,0.911042944785276,0.9079754601226994,0.9263803680981595,False,True,
2026-08-13T10:10:56.289647+00:00,1786615500,1786615800,5m,LTC/USD,44.87,12.54784923,170.91059223000002,-158.36274300000002,DOWN,0.8632077201774786,36.691688291999995,-31.672548600000006,31.672548600000006,20.0,0.8837837837837837,0.9027027027027027,0.7783783783783784,False,True,
2026-08-13T10:15:15.858595+00:00,1786615800,1786616100,5m,XRP/USD,1.00693,6490.803684109999,115352.93515513999,-108862.13147102999,DOWN,0.8934569187396096,24368.74776785,-21772.426294205998,21772.426294205998,85.0,0.9594594594594594,0.9675675675675676,0.9486486486486486,True,True,
2026-08-13T10:15:31.146490+00:00,1786615800,1786616100,5m,LINK/USD,8.71451,1022.88698735,0.0,1022.88698735,UP,1.0,204.57739747,204.57739747,204.57739747,5.0,0.834733893557423,0.8599439775910365,0.34173669467787116,True,True,
2026-08-13T10:20:06.000709+00:00,1786616100,1786616400,5m,AAVE/USD,88.76,0.0,19.05453344,-19.05453344,DOWN,1.0,3.810906688,-3.810906688,3.810906688,2.0,0.816793893129771,0.8396946564885496,0.4770992366412214,True,True,
2026-08-13T10:21:07.182240+00:00,1786616100,1786616400,5m,DOGE/USD,0.0700924,34830.68,7618.0997210900005,27212.580278909998,UP,0.641068611576362,8489.755944218,5442.516055782,5442.516055782,12.0,0.7612359550561798,0.7528089887640449,0.8174157303370787,False,True,
2026-08-13T10:25:11.485176+00:00,1786616400,1786616700,5m,LINK/USD,8.72342,189.450515,1326.12412477,-1136.67360977,DOWN,0.7499951371200688,303.114927954,-227.334721954,227.334721954,20.0,0.8739495798319328,0.876750700280112,0.84593837535014,True,True,
2026-08-13T10:25:11.485192+00:00,1786616400,1786616700,5m,AVAX/USD,6.49,2973.5608037799993,97.76350700000002,2875.797296779999,UP,0.9363378809220105,614.2648621559999,575.1594593559998,575.1594593559998,60.0,0.9411764705882353,0.9551820728291317,0.9803921568627451,True,True,
2026-08-13T10:25:26.774720+00:00,1786616400,1786616700,5m,AAVE/USD,88.74,11.26887537,0.0,11.26887537,UP,1.0,2.253775074,2.253775074,2.253775074,1.0,0.7290076335877863,0.767175572519084,0.26717557251908397,True,True,
2026-08-13T10:31:02.817185+00:00,1786616700,1786617000,5m,AAVE/USD,88.63,0.32357,28.425080120000004,-28.101510120000004,DOWN,0.9774897256984669,5.749730024,-5.620302024000001,5.620302024000001,10.0,0.8549618320610687,0.8893129770992366,0.851145038167939,False,True,
2026-08-13T10:35:22.426836+00:00,1786617000,1786617300,5m,SOL/USD,75.64,80.10139153000001,303.40018600999997,-223.29879447999997,DOWN,0.5822630402523167,76.700315508,-44.65975889599999,44.65975889599999,64.0,0.7108108108108108,0.7,0.8648648648648649,True,True,
2026-08-13T10:35:37.722733+00:00,1786617000,1786617300,5m,ADA/USD,0.18467,4451.53233817,27855.10740399,-23403.57506582,DOWN,0.7244199722597102,6461.327948432,-4680.715013164,4680.715013164,17.0,0.7194444444444444,0.7222222222222222,0.7111111111111111,True,True,
2026-08-13T10:35:53.021125+00:00,1786617000,1786617300,5m,AAVE/USD,88.6,0.0,76.39733185,-76.39733185,DOWN,1.0,15.27946637,-15.27946637,15.27946637,28.0,0.9465648854961832,0.950381679389313,0.9618320610687023,False,True,
2026-08-13T10:45:18.137776+00:00,1786617600,1786617900,5m,ETH/USD,1881.85,21.98380299,0.0891478,21.89465519,UP,0.9919224392924949,4.414590158,4.378931038,4.378931038,27.0,0.727027027027027,0.8243243243243243,0.24594594594594596,True,True,
2026-08-13T10:45:33.430685+00:00,1786617600,1786617900,5m,XRP/USD,1.0071,21107.28692369,2176.38123141,18930.90569228,UP,0.8130551237105405,4656.73363102,3786.181138456,3786.181138456,16.0,0.7810810810810811,0.8351351351351352,0.08648648648648649,True,True,
2026-08-13T10:45:48.730855+00:00,1786617600,1786617900,5m,AAVE/USD,88.81,26.2860678,6.0952839999999995,20.190783800000002,UP,0.6235312202129869,6.476270359999999,4.038156760000001,4.038156760000001,9.0,0.8816793893129771,0.8549618320610687,0.8396946564885496,False,True,
2026-08-13T10:50:38.989902+00:00,1786617900,1786618200,5m,AAVE/USD,88.83,0.0,22.97421996,-22.97421996,DOWN,1.0,4.5948439919999995,-4.5948439919999995,4.5948439919999995,5.0,0.8435114503816794,0.8664122137404581,0.7099236641221374,True,True,
2026-08-13T10:55:59.914258+00:00,1786618200,1786618500,5m,LINK/USD,8.7219,2917.1488429700003,0.0,2917.1488429700003,UP,1.0,583.4297685939999,583.429768594,583.429768594,30.0,0.9411764705882353,0.9495798319327731,0.927170868347339,False,True,
2026-08-13T11:00:34.844668+00:00,1786618500,1786618800,5m,SOL/USD,75.66,8.983479639999999,432.07479175000003,-423.09131211000005,DOWN,0.9592639783777847,88.211654278,-84.61826242200002,84.61826242200002,20.0,0.7513513513513513,0.8054054054054054,0.0918918918918919,True,True,
2026-08-13T11:10:45.742117+00:00,1786619100,1786619400,5m,LINK/USD,8.73956,3000.2513,39.81752314,2960.43377686,UP,0.9738048541290104,608.013764628,592.086755372,592.086755372,25.0,0.9467787114845938,0.9523809523809523,0.8907563025210085,False,True,
2026-08-13T11:15:35.817330+00:00,1786619400,1786619700,5m,LINK/USD,8.69986,206.98713822999997,4542.777552760001,-4335.790414530001,DOWN,0.9128432031074545,949.9529381980001,-867.1580829060001,867.1580829060001,67.0,0.9747899159663865,0.9747899159663865,0.9803921568627451,True,True,
2026-08-13T11:20:25.909171+00:00,1786619700,1786620000,5m,ADA/USD,0.184203,4445.416385750001,27629.54856196,-23184.132176209998,DOWN,0.7228108343689782,6414.992989542,-4636.826435241999,4636.826435241999,21.0,0.7111111111111111,0.7194444444444444,0.7694444444444445,True,True,
2026-08-13T11:25:46.522889+00:00,1786620000,1786620300,5m,BTC/USD,63424.1,0.2568071899999999,2.6043880200000014,-2.3475808300000014,DOWN,0.8204895708601443,0.572239042,-0.4695161660000003,0.4695161660000003,280.0,0.7073170731707317,0.8157181571815718,0.9539295392953929,False,True,
2026-08-13T11:25:46.522920+00:00,1786620000,1786620300,5m,XRP/USD,1.00623,112459.89792583998,1316.61573583,111143.28219000998,UP,0.9768561068808078,22755.302732334,22228.656438001995,22228.656438001995,45.0,0.9540540540540541,0.9702702702702702,0.7,False,True,
2026-08-13T11:26:01.816186+00:00,1786620000,1786620300,5m,DOT/USD,0.7708,3515.00917651,0.0,3515.00917651,UP,1.0,703.001835302,703.001835302,703.001835302,4.0,0.9539877300613497,0.9570552147239264,0.5521472392638037,False,True,
2026-08-13T11:30:36.631239+00:00,1786620300,1786620600,5m,DOT/USD,0.7709,241.89733629,3.91187543,237.98546086,UP,0.9681714496976948,49.161842344,47.597092171999996,47.597092171999996,7.0,0.7177914110429447,0.754601226993865,0.7699386503067485,False,True,
2026-08-13T11:35:11.470778+00:00,1786620600,1786620900,5m,SOL/USD,75.55,2397.380088630001,23.758444119999997,2373.621644510001,UP,0.9803741555482043,484.22770655000005,474.72432890200014,474.72432890200014,58.0,0.9432432432432433,0.9594594594594594,0.8135135135135135,True,True,
2026-08-13T11:35:26.755750+00:00,1786620600,1786620900,5m,ETH/USD,1874.29,2.47147101,98.34932830000002,-95.87785729000002,DOWN,0.9509729931340691,20.164159861999998,-19.175571458000004,19.175571458000004,78.0,0.9405405405405406,0.9540540540540541,0.918918918918919,True,True,
2026-08-13T11:35:26.755765+00:00,1786620600,1786620900,5m,XRP/USD,1.00283,59005.12718068998,194511.97246718995,-135506.84528649997,DOWN,0.5345077135810992,50703.419929576005,-27101.369057299995,27101.369057299995,154.0,0.9783783783783784,0.9783783783783784,0.981081081081081,True,True,
2026-08-13T11:35:26.755780+00:00,1786620600,1786620900,5m,ADA/USD,0.183308,38560.792784870006,221030.56473907005,-182469.77195420006,DOWN,0.7029115826299122,51918.271504788005,-36493.95439084001,36493.95439084001,109.0,0.95,0.9527777777777777,0.9611111111111111,True,True,
2026-08-13T11:35:26.755796+00:00,1786620600,1786620900,5m,DOGE/USD,0.0699259,14314.52275985,312044.51011522993,-297729.9873553799,DOWN,0.9122774532468407,65271.806575016,-59545.997471075985,59545.997471075985,27.0,0.9466292134831461,0.949438202247191,0.9438202247191011,True,True,
2026-08-13T11:35:42.044842+00:00,1786620600,1786620900,5m,DOT/USD,0.7707,0.0,2003.9,-2003.9,DOWN,1.0,400.78000000000003,-400.78000000000003,400.78000000000003,2.0,0.9202453987730062,0.9263803680981595,0.27300613496932513,False,True,
2026-08-13T11:35:42.044857+00:00,1786620600,1786620900,5m,AAVE/USD,88.24,0.0,10.06104,-10.06104,DOWN,1.0,2.012208,-2.012208,2.012208,1.0,0.7022900763358778,0.7442748091603053,0.26717557251908397,False,True,
2026-08-13T11:40:16.871628+00:00,1786620900,1786621200,5m,XRP/USD,1.00384,17730.01083151,3197.5785921799993,14532.43223933,UP,0.6944150109749052,4185.517884737999,2906.486447866,2906.486447866,39.0,0.745945945945946,0.7837837837837838,0.5864864864864865,True,True,
2026-08-13T11:41:02.718323+00:00,1786620900,1786621200,5m,SOL/USD,75.61,1070.6121254,11.532773160000001,1059.07935224,UP,0.9786853439398983,216.428979712,211.815870448,211.815870448,43.0,0.8756756756756757,0.9108108108108108,0.6162162162162163,False,True,
2026-08-13T11:45:37.564268+00:00,1786621200,1786621500,5m,SOL/USD,75.59,1477.6869731400002,14.390020119999999,1463.2969530200003,UP,0.9807114241624227,298.415398652,292.65939060400007,292.65939060400007,44.0,0.9162162162162162,0.9405405405405406,0.6675675675675675,True,True,
2026-08-13T11:45:52.854747+00:00,1786621200,1786621500,5m,DOT/USD,0.7705,12403.578008870001,2144.9175001100007,10258.66050876,UP,0.7051354899500007,2909.699101796,2051.732101752,2051.732101752,27.0,0.99079754601227,0.99079754601227,0.9785276073619632,False,True,
2026-08-13T11:50:43.023173+00:00,1786621500,1786621800,5m,AVAX/USD,6.49,287.46660136,908.73553072,-621.26892936,DOWN,0.5193678498797816,239.240426416,-124.25378587200001,124.25378587200001,7.0,0.8487394957983193,0.8179271708683473,0.680672268907563,False,True,
2026-08-13T11:50:58.320629+00:00,1786621500,1786621800,5m,LTC/USD,44.63,7.794831170000001,143.62536273,-135.83053156,DOWN,0.8970437037592512,30.284038779999996,-27.166106312,27.166106312,27.0,0.8513513513513513,0.8837837837837837,0.9135135135135135,False,True,
2026-08-13T11:55:17.913446+00:00,1786621800,1786622100,5m,ETH/USD,1877.0,1.01924974,29.20556534,-28.1863156,DOWN,0.9325554358362679,6.044963016,-5.63726312,5.63726312,26.0,0.7837837837837838,0.8540540540540541,0.22702702702702704,True,True,
2026-08-13T11:55:33.203778+00:00,1786621800,1786622100,5m,LINK/USD,8.66901,15.90311208,1797.2808562100001,-1781.37774413,DOWN,0.9824583579403715,362.636793658,-356.27554882600003,356.27554882600003,29.0,0.8851540616246498,0.907563025210084,0.9243697478991597,True,True,
2026-08-13T11:55:33.203793+00:00,1786621800,1786622100,5m,AVAX/USD,6.49,522.4596489,0.33495,522.1246989,UP,0.9987186172133193,104.55891978,104.42493978,104.42493978,8.0,0.7535014005602241,0.7871148459383753,0.7310924369747899,True,True,
2026-08-13T12:00:23.402502+00:00,1786622100,1786622400,5m,XRP/USD,1.003,5069.97073812,20840.97124481,-15771.000506690001,DOWN,0.6086617968995438,5182.188396586,-3154.2001013380004,3154.2001013380004,47.0,0.8,0.8135135135135135,0.727027027027027,True,True,
2026-08-13T12:05:13.594328+00:00,1786622400,1786622700,5m,DOGE/USD,0.0700224,49209.05514795,532.84,48676.21514795,UP,0.9785758062327484,9948.37902959,9735.243029590001,9735.243029590001,9.0,0.7949438202247191,0.8286516853932584,0.7415730337078652,True,True,
2026-08-13T12:05:28.888116+00:00,1786622400,1786622700,5m,DOT/USD,0.7684,2296.67852944,9331.627299979998,-7034.948770539999,DOWN,0.6049848424816404,2325.661165884,-1406.9897541079997,1406.9897541079997,42.0,0.9877300613496932,0.9846625766871165,0.99079754601227,True,True,
2026-08-13T12:10:03.815951+00:00,1786622700,1786623000,5m,DOT/USD,0.7689,2219.07576204,10.41122526,2208.66453678,UP,0.9906604296689722,445.89739746,441.73290735600006,441.73290735600006,11.0,0.9233128834355828,0.9325153374233128,0.8834355828220859,True,True,
2026-08-13T12:10:19.112969+00:00,1786622700,1786623000,5m,AAVE/USD,88.41,12.58901,0.0,12.58901,UP,1.0,2.517802,2.517802,2.517802,6.0,0.7480916030534351,0.7900763358778626,0.7442748091603053,True,True,
2026-08-13T12:10:49.702164+00:00,1786622700,1786623000,5m,XRP/USD,1.00428,203669.63942048996,12170.99918686,191498.64023362997,UP,0.8872223575190484,43168.12772147,38299.72804672599,38299.72804672599,82.0,0.972972972972973,0.9864864864864865,0.9405405405405406,False,True,
2026-08-13T12:11:04.995546+00:00,1786622700,1786623000,5m,DOGE/USD,0.0701043,2285.04689501,234808.30271534002,-232523.25582033003,DOWN,0.9807244960791576,47418.66992207,-46504.651164066,46504.651164066,20.0,0.9269662921348315,0.9410112359550562,0.898876404494382,False,True,
2026-08-13T12:11:04.995562+00:00,1786622700,1786623000,5m,LINK/USD,8.68741,540.07775897,5.15713,534.9206289699999,UP,0.9810829053520681,109.04697779400001,106.984125794,106.984125794,13.0,0.7450980392156863,0.7983193277310925,0.7338935574229691,False,True,
2026-08-13T12:15:39.924005+00:00,1786623000,1786623300,5m,DOGE/USD,0.0701037,54.824963499999996,67963.67,-67908.8450365,DOWN,0.9983879395294055,13603.6989927,-13581.769007300001,13581.769007300001,7.0,0.8342696629213483,0.8735955056179775,0.6264044943820225,False,True,
2026-08-13T12:20:30.148557+00:00,1786623300,1786623600,5m,ETH/USD,1881.09,28.091880359999998,3.12297375,24.968906609999998,UP,0.7999046390545504,6.242970822,4.993781321999999,4.993781321999999,43.0,0.7891891891891892,0.8378378378378378,0.6027027027027027,True,True,
2026-08-13T12:20:45.442510+00:00,1786623300,1786623600,5m,DOT/USD,0.7709,5815.203129829999,148.34247805,5666.860651779999,UP,0.9502502411136133,1192.709121576,1133.3721303559998,1133.3721303559998,24.0,0.9693251533742331,0.9723926380368099,0.9662576687116564,False,True,
2026-08-13T12:20:45.442539+00:00,1786623300,1786623600,5m,LTC/USD,44.83,1130.5932208300003,143.08530975000002,987.5079110800002,UP,0.7753195860421033,254.735706116,197.50158221600003,197.50158221600003,56.0,0.9945945945945946,0.9945945945945946,0.9918918918918919,False,True,
2026-08-13T12:25:20.409103+00:00,1786623600,1786623900,5m,ADA/USD,0.183137,13997.49060288,53715.809025020004,-39718.31842214,DOWN,0.5865659868947637,13542.659925580001,-7943.663684428,7943.663684428,18.0,0.8416666666666667,0.8111111111111111,0.7222222222222222,True,True,
2026-08-13T12:25:20.409118+00:00,1786623600,1786623900,5m,DOGE/USD,0.0700816,29022.62837644,1222.85,27799.77837644,UP,0.9191383264116233,6049.095675288,5559.955675288,5559.955675288,4.0,0.7078651685393258,0.7584269662921348,0.3258426966292135,True,True,
2026-08-13T12:25:20.409149+00:00,1786623600,1786623900,5m,AVAX/USD,6.52,1321.46792153,25.24669,1296.22123153,UP,0.9625062507173406,269.342922306,259.24424630600004,259.24424630600004,7.0,0.8627450980392157,0.8795518207282913,0.680672268907563,True,True,
2026-08-13T12:25:35.705299+00:00,1786623600,1786623900,5m,DOT/USD,0.7705,377.78466029000003,0.0,377.78466029000003,UP,1.0,75.556932058,75.556932058,75.556932058,3.0,0.7914110429447853,0.8251533742331288,0.4294478527607362,True,True,
2026-08-13T12:25:35.705328+00:00,1786623600,1786623900,5m,LTC/USD,44.78,20.69605154,525.0509549999999,-504.35490345999995,DOWN,0.9241551440796292,109.14940130800001,-100.87098069199999,100.87098069199999,46.0,0.9648648648648649,0.972972972972973,0.9891891891891892,True,True,
2026-08-13T12:30:41.202669+00:00,1786623900,1786624200,5m,BTC/USD,63524.9,2.48764557,0.6076865000000001,1.87995907,UP,0.6073529519564599,0.619066414,0.375991814,0.375991814,91.0,0.7344173441734417,0.7669376693766937,0.3035230352303523,False,True,
2026-08-13T12:30:56.498172+00:00,1786623900,1786624200,5m,DOGE/USD,0.0701335,42642.66351975,0.0,42642.66351975,UP,1.0,8528.53270395,8528.53270395,8528.53270395,12.0,0.7640449438202247,0.8089887640449438,0.8174157303370787,False,True,
2026-08-13T12:35:31.468282+00:00,1786624200,1786624500,5m,XRP/USD,1.00561,59882.347543899996,9524.48160537,50357.86593853,UP,0.7255462690887047,13881.365829854,10071.573187705999,10071.573187705999,49.0,0.9243243243243243,0.9324324324324325,0.745945945945946,True,True,
2026-08-13T12:40:21.747109+00:00,1786624500,1786624800,5m,ETH/USD,1885.17,2.0145246999999995,83.59195075000001,-81.57742605000001,DOWN,0.9529352262335198,17.12129509,-16.315485210000002,16.315485210000002,40.0,0.9297297297297298,0.9486486486486486,0.5297297297297298,True,True,
2026-08-13T12:40:21.747124+00:00,1786624500,1786624800,5m,XRP/USD,1.00567,24237.84332899,4919.41227839,19318.431050599997,UP,0.6625599922960618,5831.4511214760005,3863.6862101199995,3863.6862101199995,39.0,0.8216216216216217,0.8405405405405405,0.5864864864864865,True,True,
2026-08-13T12:40:37.049470+00:00,1786624500,1786624800,5m,DOGE/USD,0.0701765,45320.405245250004,0.0,45320.405245250004,UP,1.0,9064.081049049999,9064.08104905,9064.08104905,6.0,0.7808988764044944,0.8202247191011236,0.547752808988764,True,True,
2026-08-13T12:40:37.049486+00:00,1786624500,1786624800,5m,LINK/USD,8.75216,645.5914349499999,11.775188,633.8162469499999,UP,0.9641746703014595,131.47332459,126.76324938999998,126.76324938999998,21.0,0.7843137254901961,0.8207282913165266,0.8571428571428571,True,True,
2026-08-13T12:45:27.339005+00:00,1786624800,1786625100,5m,DOGE/USD,0.070127,5534.34859171,122298.92341480001,-116764.57482309,DOWN,0.913413018303589,25566.654401302,-23352.914964618,23352.914964618,11.0,0.8876404494382022,0.9073033707865169,0.7808988764044944,True,True,
2026-08-13T12:51:03.518142+00:00,1786625100,1786625400,5m,ADA/USD,0.1832,1064.50669318,38680.94155814,-37616.43486496,DOWN,0.9464337809729119,7949.089650264,-7523.286972992,7523.286972992,17.0,0.7611111111111111,0.7944444444444444,0.7111111111111111,False,True,
2026-08-13T12:55:38.526252+00:00,1786625400,1786625700,5m,ETH/USD,1886.5,26.48372303,0.7544129799999999,25.72931005,UP,0.9446061228475375,5.4476272020000005,5.14586201,5.14586201,45.0,0.7621621621621621,0.8432432432432433,0.6378378378378379,True,True,
2026-08-13T12:55:38.526267+00:00,1786625400,1786625700,5m,XRP/USD,1.00426,75001.08239299,1240342.3349737497,-1165341.2525807596,DOWN,0.8859596947797268,263068.68347334804,-233068.25051615192,233068.25051615192,281.0,0.9972972972972973,0.9972972972972973,0.9945945945945946,False,True,
2026-08-13T12:55:53.826286+00:00,1786625400,1786625700,5m,DOT/USD,0.7698,209.01532866,0.0,209.01532866,UP,1.0,41.803065732,41.803065732,41.803065732,1.0,0.7055214723926381,0.7392638036809815,0.1656441717791411,False,True,
2026-08-13T12:55:53.826317+00:00,1786625400,1786625700,5m,LTC/USD,44.83,193.34966329000002,0.10552103,193.24414226000002,UP,0.9989090906984901,38.691036864,38.648828452000004,38.648828452000004,20.0,0.8945945945945946,0.9297297297297298,0.7783783783783784,False,True,
2026-08-13T13:00:29.122828+00:00,1786625700,1786626000,5m,SOL/USD,76.05,154.30008608999995,2903.355715670001,-2749.0556295800006,DOWN,0.8990729525532701,611.531160352,-549.8111259160002,549.8111259160002,99.0,0.9540540540540541,0.9648648648648649,0.9621621621621622,True,True,
2026-08-13T13:00:29.122876+00:00,1786625700,1786626000,5m,XRP/USD,1.00457,108078.57298688998,1158108.15544714,-1050029.5824602502,DOWN,0.8292849379008147,253237.345686806,-210005.91649205005,210005.91649205005,244.0,0.9945945945945946,0.9945945945945946,0.9918918918918919,True,True,
2026-08-13T13:00:29.122892+00:00,1786625700,1786626000,5m,ADA/USD,0.18327,3739.1903431200003,64325.75983912,-60586.569496000004,DOWN,0.8901287569267726,13612.990036448002,-12117.3138992,12117.3138992,30.0,0.8444444444444444,0.875,0.8472222222222222,True,True,
2026-08-13T13:00:44.483615+00:00,1786625700,1786626000,5m,LINK/USD,8.76984,10879.528994840006,12.13769,10867.391304840006,UP,0.9977711969432752,2178.333336968,2173.4782609680015,2173.4782609680015,141.0,0.9915966386554622,0.9943977591036415,0.988795518207283,False,True,
2026-08-13T13:05:50.813719+00:00,1786626000,1786626300,5m,AAVE/USD,88.67,0.0,16.92851747,-16.92851747,DOWN,1.0,3.385703494,-3.385703494,3.385703494,7.0,0.7977099236641222,0.8129770992366412,0.7862595419847328,False,True,
2026-08-13T13:10:26.673239+00:00,1786626300,1786626600,5m,ETH/USD,1890.74,8.498601270000002,42.775073850000005,-34.276472580000004,DOWN,0.6685004049305994,10.254735024,-6.855294516000001,6.855294516000001,76.0,0.8729729729729729,0.8783783783783784,0.9135135135135135,True,True,
2026-08-13T13:10:26.673255+00:00,1786626300,1786626600,5m,XRP/USD,1.00545,26009.389729080005,1545.33638585,24464.053343230004,UP,0.8878351118857473,5510.945222986,4892.8106686460005,4892.8106686460005,56.0,0.8081081081081081,0.8756756756756757,0.8297297297297297,True,True,
2026-08-13T13:10:26.673271+00:00,1786626300,1786626600,5m,ADA/USD,0.183248,743.09048507,42711.67626975999,-41968.58578468999,DOWN,0.9657993568686037,8690.953350966,-8393.717156937997,8393.717156937997,20.0,0.775,0.8277777777777777,0.7527777777777778,True,True,
2026-08-13T13:10:41.983791+00:00,1786626300,1786626600,5m,LINK/USD,8.7947,1229.52657498,15.51740625,1214.00916873,UP,0.97507332032613,249.00879624600003,242.801833746,242.801833746,23.0,0.8599439775910365,0.8879551820728291,0.8711484593837535,True,True,
2026-08-13T13:10:41.983806+00:00,1786626300,1786626600,5m,AVAX/USD,6.54,2268.56897849,7925.09146169,-5656.5224832,DOWN,0.5549059159263223,2038.7320880359998,-1131.30449664,1131.30449664,22.0,0.9803921568627451,0.988795518207283,0.9215686274509803,False,True,
2026-08-13T13:15:48.283720+00:00,1786626600,1786626900,5m,DOT/USD,0.7679,2235.9500371799995,19.49804946,2216.4519877199996,UP,0.9827102653565867,451.089617328,443.2903975439999,443.2903975439999,14.0,0.9263803680981595,0.9355828220858896,0.9171779141104295,False,True,
2026-08-13T13:15:48.283737+00:00,1786626600,1786626900,5m,AAVE/USD,88.58,27.81099,1.0,26.81099,UP,0.9305820452542589,5.762198,5.362198,5.362198,2.0,0.8587786259541985,0.8854961832061069,0.4770992366412214,False,True,
2026-08-13T13:20:24.458779+00:00,1786626900,1786627200,5m,SOL/USD,76.05,54.76094534,827.4175403600001,-772.65659502,DOWN,0.8758506442229823,176.43569714,-154.531319004,154.531319004,67.0,0.8405405405405405,0.8648648648648649,0.8756756756756757,True,True,
2026-08-13T13:20:39.838149+00:00,1786626900,1786627200,5m,XRP/USD,1.00657,1593181.4238505492,56881.08265001999,1536300.3412005291,UP,0.9310558449441377,330012.50130011403,307260.0682401058,307260.0682401058,299.0,1.0,1.0,0.9972972972972973,True,True,
2026-08-13T13:20:39.838166+00:00,1786626900,1786627200,5m,ADA/USD,0.183092,45099.421224390004,10393.733623,34705.687601390004,UP,0.6254048395127838,11098.630969478,6941.137520278001,6941.137520278001,16.0,0.8083333333333333,0.7833333333333333,0.6888888888888889,True,True,
2026-08-13T13:20:39.838198+00:00,1786626900,1786627200,5m,LINK/USD,8.79033,397.69709732000007,74.9249636,322.77213372000006,UP,0.6829392032434879,94.524412184,64.55442674400001,64.55442674400001,16.0,0.7198879551820728,0.7030812324929971,0.7871148459383753,False,True,
2026-08-13T13:25:31.047734+00:00,1786627200,1786627500,5m,DOGE/USD,0.0700018,393313.90282082034,5453.78859731,387860.1142235103,UP,0.9726467880187846,79753.538283626,77572.02284470206,77572.02284470206,36.0,0.9550561797752809,0.9662921348314607,0.9719101123595506,True,True,
2026-08-13T13:25:46.411592+00:00,1786627200,1786627500,5m,AVAX/USD,6.509,8.46793875,780.2000120499999,-771.7320732999999,DOWN,0.9785259722005683,157.73359016,-154.34641466,154.34641466,9.0,0.8011204481792717,0.834733893557423,0.7535014005602241,False,True,
2026-08-13T13:25:46.411623+00:00,1786627200,1786627500,5m,DOT/USD,0.7655,6326.682134739999,269.63198761,6057.0501471299995,UP,0.9182476811719995,1319.26282447,1211.410029426,1211.410029426,17.0,0.9785276073619632,0.9785276073619632,0.941717791411043,False,True,
2026-08-13T13:26:01.726609+00:00,1786627200,1786627500,5m,LTC/USD,44.85,9.001976260000001,358.80682058,-349.80484432000003,DOWN,0.9510507832474929,73.561759368,-69.96096886400001,69.96096886400001,22.0,0.9459459459459459,0.9567567567567568,0.8351351351351352,False,True,
2026-08-13T13:30:37.748152+00:00,1786627500,1786627800,5m,XRP/USD,1.00552,3604.19707765,27017.712489780006,-23413.515412130007,DOWN,0.7646001096232428,6124.3819134860005,-4682.703082426002,4682.703082426002,32.0,0.8324324324324325,0.8648648648648649,0.3918918918918919,True,True,
2026-08-13T13:30:37.748184+00:00,1786627500,1786627800,5m,ADA/USD,0.182815,3812.5457986499996,146772.39151480002,-142959.84571615,DOWN,0.9493635171396458,30116.987462690002,-28591.969143230002,28591.969143230002,55.0,0.9027777777777778,0.9361111111111111,0.9222222222222223,True,True,
2026-08-13T13:30:37.748216+00:00,1786627500,1786627800,5m,DOGE/USD,0.0699778,54417.79274748,1832.41,52585.38274748,UP,0.934847879278725,11250.040549496,10517.076549496,10517.076549496,12.0,0.8089887640449438,0.8398876404494382,0.8174157303370787,False,True,
2026-08-13T13:35:29.902181+00:00,1786627800,1786628100,5m,BTC/USD,63659.7,9.477039569999999,2.077167479999999,7.39987209,UP,0.6404482850253234,2.31084141,1.4799744179999998,1.4799744179999998,248.0,0.948509485094851,0.9376693766937669,0.924119241192412,True,True,
2026-08-13T13:35:45.453804+00:00,1786627800,1786628100,5m,DOGE/USD,0.0701321,118295.18717148,7118.33995497,111176.84721651001,UP,0.8864821025599124,25082.70542529,22235.369443302003,22235.369443302003,22.0,0.8848314606741573,0.9044943820224719,0.9213483146067416,False,True,
2026-08-13T13:36:00.866222+00:00,1786627800,1786628100,5m,DOT/USD,0.7671,7831.74651032,236.80004477999998,7594.946465540001,UP,0.9413029240984371,1613.7093110199999,1518.989293108,1518.989293108,12.0,0.9815950920245399,0.9877300613496932,0.8987730061349694,False,True,
2026-08-13T13:36:00.866238+00:00,1786627800,1786628100,5m,AAVE/USD,88.0,0.0,20.050505249999997,-20.050505249999997,DOWN,1.0,4.01010105,-4.010101049999999,4.010101049999999,4.0,0.8282442748091603,0.851145038167939,0.6603053435114504,False,True,
2026-08-13T13:40:07.579126+00:00,1786628100,1786628400,5m,AAVE/USD,88.17,15.88150542,0.0,15.88150542,UP,1.0,3.176301084,3.176301084,3.176301084,7.0,0.7824427480916031,0.8053435114503816,0.7862595419847328,True,True,
2026-08-13T13:41:09.348568+00:00,1786628100,1786628400,5m,LINK/USD,8.80516,6346.200764560001,568.18181818,5778.018946380001,UP,0.8356521897997599,1382.876516548,1155.603789276,1155.603789276,78.0,0.9859943977591037,0.988795518207283,0.9831932773109243,False,True,
2026-08-13T13:45:29.734791+00:00,1786628400,1786628700,5m,SOL/USD,76.22,14.988151130000002,465.63168059,-450.64352945999997,DOWN,0.9376299097922708,96.123966344,-90.128705892,90.128705892,54.0,0.7702702702702703,0.8108108108108109,0.7891891891891892,True,True,
2026-08-13T13:45:29.734819+00:00,1786628400,1786628700,5m,BTC/USD,63731.6,24.108716689999987,4.06708284,20.041633849999986,UP,0.7113066597688131,5.635159906,4.008326769999997,4.008326769999997,272.0,0.986449864498645,0.981029810298103,0.9512195121951219,True,True,
2026-08-13T13:45:45.223787+00:00,1786628400,1786628700,5m,LINK/USD,8.8033,778.20240328,23.707392,754.49501128,UP,0.9408726713664292,160.381959056,150.899002256,150.899002256,31.0,0.8095238095238095,0.834733893557423,0.9355742296918768,False,True,
2026-08-13T13:46:00.615505+00:00,1786628400,1786628700,5m,AAVE/USD,88.08,13.559561129999999,1056.6597900000006,-1043.1002288700006,DOWN,0.9746602206067699,214.043870226,-208.62004577400012,208.62004577400012,78.0,1.0,1.0,0.9961832061068703,False,True,
2026-08-13T13:50:36.401607+00:00,1786628700,1786629000,5m,BTC/USD,63762.1,1.3686193000000002,4.240789200000003,-2.8721699000000025,DOWN,0.5120272306786003,1.1218816999999999,-0.5744339800000005,0.5744339800000005,239.0,0.8401084010840109,0.8319783197831978,0.907859078590786,True,True,
2026-08-13T13:50:36.401636+00:00,1786628700,1786629000,5m,ETH/USD,1892.12,6.67820837,118.64739488999997,-111.96918651999997,DOWN,0.8934262721058613,25.065120651999997,-22.393837303999995,22.393837303999995,125.0,0.9567567567567568,0.9621621621621622,0.9837837837837838,True,True,
2026-08-13T13:50:36.401694+00:00,1786628700,1786629000,5m,ADA/USD,0.183926,7758.752645,48889.091051799995,-41130.338406799994,DOWN,0.726070680235326,11329.56873936,-8226.067681359998,8226.067681359998,19.0,0.8194444444444444,0.825,0.7416666666666667,False,True,
2026-08-13T13:50:51.919517+00:00,1786628700,1786629000,5m,AAVE/USD,88.14,9.82860908,0.298845,9.52976408,UP,0.9409831932804972,2.025490816,1.9059528159999999,1.9059528159999999,7.0,0.7099236641221374,0.7366412213740458,0.7862595419847328,False,True,
2026-08-13T13:55:29.281461+00:00,1786629000,1786629300,5m,ETH/USD,1888.89,9.570470819999999,224.90766338000003,-215.33719256000003,DOWN,0.9183679036627204,46.89562684,-43.06743851200001,43.06743851200001,158.0,0.981081081081081,0.9783783783783784,0.9918918918918919,True,True,
2026-08-13T14:00:35.911409+00:00,1786629300,1786629600,5m,ETH/USD,1887.64,0.7369981200000001,253.07549335999988,-252.33849523999987,DOWN,0.9941925780271686,50.762498296000004,-50.46769904799997,50.46769904799997,120.0,0.9837837837837838,0.9864864864864865,0.9783783783783784,True,True,
2026-08-13T14:00:51.390418+00:00,1786629300,1786629600,5m,AVAX/USD,6.484,108.21192,1597.49677231,-1489.2848523100001,DOWN,0.8731179356851947,341.14173846200003,-297.85697046200005,297.85697046200005,12.0,0.8851540616246498,0.9019607843137255,0.8375350140056023,False,True,
2026-08-13T14:00:51.390451+00:00,1786629300,1786629600,5m,LTC/USD,44.7,86.7112002,1.00462217,85.70657802999999,UP,0.9770937068625466,17.543164474,17.141315606,17.141315606,21.0,0.7432432432432432,0.8243243243243243,0.8,False,True,
2026-08-13T14:05:43.848594+00:00,1786629600,1786629900,5m,XRP/USD,1.00475,26556.601462739996,4474.2563013499985,22082.345161389996,UP,0.7116253546476071,6206.171552818,4416.469032277999,4416.469032277999,58.0,0.8378378378378378,0.8621621621621621,0.8405405405405405,False,True,
2026-08-13T14:05:59.284386+00:00,1786629600,1786629900,5m,AVAX/USD,6.492,1752.4789084099998,0.0,1752.4789084099998,UP,1.0,350.49578168200003,350.495781682,350.495781682,8.0,0.8907563025210085,0.927170868347339,0.7310924369747899,False,True,
2026-08-13T14:05:59.284401+00:00,1786629600,1786629900,5m,DOT/USD,0.7685,373.82198997,0.0,373.82198997,UP,1.0,74.764397994,74.764397994,74.764397994,3.0,0.7883435582822086,0.8190184049079755,0.4294478527607362,False,True,
2026-08-13T14:06:14.848251+00:00,1786629600,1786629900,5m,AAVE/USD,87.61,49.31003052,7.12152639,42.18850413,UP,0.7476048232602271,11.286311382,8.437700826,8.437700826,16.0,0.9122137404580153,0.9122137404580153,0.9122137404580153,False,True,
2026-08-13T14:10:50.724809+00:00,1786629900,1786630200,5m,ADA/USD,0.18422,1310.8706117600002,32362.926996159997,-31052.056384399995,DOWN,0.9221429892153485,6734.759521584,-6210.411276879999,6210.411276879999,19.0,0.725,0.7694444444444445,0.7416666666666667,False,True,
2026-08-13T14:11:06.077641+00:00,1786629900,1786630200,5m,AVAX/USD,6.492,1008.7693554900001,58.63250713,950.13684836,UP,0.8901397698780793,213.480372524,190.02736967200002,190.02736967200002,17.0,0.8431372549019608,0.8571428571428571,0.9019607843137255,False,True,
2026-08-13T14:15:42.173849+00:00,1786630200,1786630500,5m,BTC/USD,63745.7,10.427477099999997,0.14211520000000002,10.285361899999998,UP,0.9731086694800898,2.11391846,2.0570723799999997,2.0570723799999997,282.0,0.940379403794038,0.959349593495935,0.9566395663956639,True,True,
2026-08-13T14:15:42.173895+00:00,1786630200,1786630500,5m,ADA/USD,0.184641,82916.19012066998,20385.90003334,62530.29008732998,UP,0.6053148585290524,20660.418030802,12506.058017465995,12506.058017465995,38.0,0.875,0.8805555555555555,0.875,False,True,
2026-08-13T14:17:29.635435+00:00,1786630200,1786630500,5m,DOGE/USD,0.0701132,30419.470597389995,161738.47327135,-131319.00267396,DOWN,0.6833909649015703,38431.588773748,-26263.800534792,26263.800534792,22.0,0.9157303370786517,0.9157303370786517,0.9213483146067416,False,True,
2026-08-13T14:17:29.635452+00:00,1786630200,1786630500,5m,LINK/USD,8.82068,1461.5144045899997,139.04463207999999,1322.4697725099998,UP,0.826254916070718,320.111807334,264.49395450199995,264.49395450199995,54.0,0.8823529411764706,0.896358543417367,0.9719887955182073,False,True,
2026-08-13T14:19:01.717458+00:00,1786630200,1786630500,5m,AAVE/USD,87.82,26.175114980000007,7.9699,18.205214980000008,UP,0.5331734366103946,6.829002996,3.6410429960000017,3.6410429960000017,22.0,0.8854961832061069,0.8282442748091603,0.950381679389313,False,True,
2026-08-13T14:20:18.420061+00:00,1786630500,1786630800,5m,BTC/USD,63784.9,26.170514830000005,0.6564315199999998,25.514083310000007,UP,0.951061778598592,5.36538927,5.102816662000001,5.102816662000001,238.0,0.983739837398374,0.986449864498645,0.9051490514905149,True,True,
2026-08-13T14:20:18.420077+00:00,1786630500,1786630800,5m,ETH/USD,1890.68,6.321867800000002,66.90070442,-60.57883662,DOWN,0.8273246183975698,14.644514444,-12.115767324,12.115767324,81.0,0.9162162162162162,0.927027027027027,0.927027027027027,True,True,
2026-08-13T14:20:49.121484+00:00,1786630500,1786630800,5m,DOT/USD,0.7698,2600.78023407,62.58059533,2538.19963874,UP,0.9530062959256645,532.67216588,507.639927748,507.639927748,13.0,0.9355828220858896,0.941717791411043,0.9079754601226994,False,True,
2026-08-13T14:25:25.049010+00:00,1786630800,1786631100,5m,SOL/USD,76.24,1046.1705737400002,256.56610703,789.6044667100002,UP,0.6061121010604336,260.547336154,157.92089334200006,157.92089334200006,75.0,0.9027027027027027,0.8729729729729729,0.9108108108108108,True,True,
2026-08-13T14:25:25.049027+00:00,1786630800,1786631100,5m,BTC/USD,63768.8,2.6831303899999996,15.714672429999991,-13.03154203999999,DOWN,0.7083205623789807,3.679560564,-2.606308407999998,2.606308407999998,243.0,0.9728997289972899,0.967479674796748,0.9159891598915989,True,True,
2026-08-13T14:25:25.049058+00:00,1786630800,1786631100,5m,XRP/USD,1.00409,48960.905898410005,2998.42168573,45962.48421268001,UP,0.8845858164398096,10391.865516828,9192.496842536002,9192.496842536002,83.0,0.8945945945945946,0.9243243243243243,0.9432432432432433,True,True,
2026-08-13T14:25:40.393135+00:00,1786630800,1786631100,5m,AVAX/USD,6.476,1.54106951,788.0773911,-786.53632159,DOWN,0.9960966730468547,157.923692122,-157.307264318,157.307264318,5.0,0.803921568627451,0.8375350140056023,0.5098039215686274,True,True,
2026-08-13T14:30:16.338018+00:00,1786631100,1786631400,5m,XRP/USD,1.00412,54307.213920810005,914.54043888,53392.67348193,UP,0.9668775304412427,11044.350871938,10678.534696386001,10678.534696386001,40.0,0.9,0.9378378378378378,0.6081081081081081,True,True,
2026-08-13T14:30:16.338049+00:00,1786631100,1786631400,5m,DOGE/USD,0.0700235,63486.039324380006,17036.39688082,46449.642443560006,UP,0.5768534166699786,16104.487241040002,9289.928488712001,9289.928488712001,15.0,0.8539325842696629,0.8258426966292135,0.851123595505618,True,True,
2026-08-13T14:30:16.338064+00:00,1786631100,1786631400,5m,LINK/USD,8.8073,37.42498313,4396.934791449998,-4359.509808319997,DOWN,0.9831204570524298,886.8719549159999,-871.9019616639995,871.9019616639995,145.0,0.9663865546218487,0.9775910364145658,0.9943977591036415,True,True,
2026-08-13T14:30:31.690278+00:00,1786631100,1786631400,5m,DOT/USD,0.7704,6.49610258,462.30751829999997,-455.81141571999996,DOWN,0.9722864658433906,93.760724176,-91.16228314399999,91.16228314399999,8.0,0.8190184049079755,0.843558282208589,0.8220858895705522,True,True,
2026-08-13T14:31:17.735439+00:00,1786631100,1786631400,5m,BTC/USD,63747.8,0.6937416500000004,14.745246969999998,-14.051505319999999,DOWN,0.9101312052136223,3.087797724,-2.810301064,2.810301064,244.0,0.967479674796748,0.9728997289972899,0.9186991869918699,False,True,
2026-08-13T14:35:23.048143+00:00,1786631400,1786631700,5m,SOL/USD,76.36,429.37851515000006,41.070821640000005,388.30769351000004,UP,0.8253974724664846,94.089867358,77.661538702,77.661538702,55.0,0.7594594594594595,0.8,0.7945945945945946,True,True,
2026-08-13T14:35:23.048160+00:00,1786631400,1786631700,5m,BTC/USD,63868.5,9.35172979999999,2.7966783200000003,6.555051479999991,UP,0.5395811052156186,2.4296816239999997,1.311010295999998,1.311010295999998,355.0,0.9566395663956639,0.924119241192412,0.983739837398374,True,True,
2026-08-13T14:35:38.411870+00:00,1786631400,1786631700,5m,XRP/USD,1.00748,9903.824532699999,37502.54375903,-27598.719226330002,DOWN,0.5821732442462709,9481.273658346001,-5519.743845266001,5519.743845266001,75.0,0.8837837837837837,0.8864864864864865,0.918918918918919,True,True,
2026-08-13T14:35:38.411941+00:00,1786631400,1786631700,5m,LINK/USD,8.8229,530.2442609499999,0.0,530.2442609499999,UP,1.0,106.04885219,106.04885218999998,106.04885218999998,8.0,0.7366946778711485,0.7899159663865546,0.5826330532212886,False,True,
2026-08-13T14:35:53.759633+00:00,1786631400,1786631700,5m,AAVE/USD,88.08,17.542422719999998,0.0,17.542422719999998,UP,1.0,3.5084845440000003,3.5084845439999994,3.5084845439999994,18.0,0.8053435114503816,0.816793893129771,0.9389312977099237,False,True,
2026-08-13T14:40:14.353480+00:00,1786631700,1786632000,5m,SOL/USD,76.41,641.3984095199995,18.69223668,622.7061728399996,UP,0.9433646370006691,132.01812924,124.54123456799991,124.54123456799991,62.0,0.7972972972972973,0.8405405405405405,0.8540540540540541,True,True,
2026-08-13T14:40:14.353496+00:00,1786631700,1786632000,5m,BTC/USD,63883.3,6.227393200000004,1.3523094699999998,4.8750837300000045,UP,0.6431761168278124,1.5159405339999998,0.9750167460000009,0.9750167460000009,350.0,0.8915989159891599,0.9024390243902439,0.981029810298103,True,True,
2026-08-13T14:40:29.688147+00:00,1786631700,1786632000,5m,ETH/USD,1893.4,26.164705590000004,6.216893880000001,19.947811710000003,UP,0.6160230512541758,6.4763198939999995,3.9895623420000006,3.9895623420000006,44.0,0.8,0.8135135135135135,0.6243243243243243,True,True,
2026-08-13T14:40:29.688162+00:00,1786631700,1786632000,5m,XRP/USD,1.00754,13802.811484929998,61509.86259103001,-47707.051106100014,DOWN,0.633453156343684,15062.534815192,-9541.410221220003,9541.410221220003,69.0,0.9378378378378378,0.927027027027027,0.8918918918918919,True,True,
2026-08-13T14:40:29.688178+00:00,1786631700,1786632000,5m,ADA/USD,0.185107,28399.656310480004,2537.25960535,25862.396705130006,UP,0.8359720398598803,6187.383183166,5172.479341026001,5172.479341026001,11.0,0.7,0.7388888888888889,0.5833333333333334,True,True,
2026-08-13T14:40:29.688206+00:00,1786631700,1786632000,5m,LINK/USD,8.82648,80.63019317999999,519.2282112,-438.59801802000004,DOWN,0.7311692473048285,119.97168087600001,-87.71960360400001,87.71960360400001,20.0,0.7591036414565826,0.7675070028011205,0.84593837535014,True,True,
2026-08-13T14:40:45.026816+00:00,1786631700,1786632000,5m,AAVE/USD,88.69,103.21921123000001,0.11391545,103.10529578000002,UP,0.9977951804293551,20.666625336000003,20.621059156000005,20.621059156000005,17.0,0.9618320610687023,0.9770992366412213,0.9312977099236641,False,True,
2026-08-13T14:45:36.071498+00:00,1786632000,1786632300,5m,AAVE/USD,88.73,0.02265064,59.89207922,-59.86942858,DOWN,0.9992439041266503,11.982945972,-11.973885716,11.973885716,2.0,0.916030534351145,0.9236641221374046,0.4770992366412214,True,True,
2026-08-13T14:50:11.789726+00:00,1786632300,1786632600,5m,BTC/USD,63852.0,0.6227716899999999,3.5263533199999997,-2.9035816299999997,DOWN,0.6998057718198276,0.829825002,-0.5807163259999999,0.5807163259999999,202.0,0.7886178861788617,0.8346883468834688,0.8319783197831978,True,True,
2026-08-13T14:50:27.129515+00:00,1786632300,1786632600,5m,ETH/USD,1892.52,110.54063429000001,0.86856151,109.67207278000001,UP,0.9844077231908355,22.28183916,21.934414556,21.934414556,61.0,0.9513513513513514,0.9594594594594594,0.845945945945946,True,True,
2026-08-13T14:50:27.129547+00:00,1786632300,1786632600,5m,ADA/USD,0.184872,1458.79166954,30759.264746279998,-29300.473076739996,DOWN,0.9094426025758839,6443.611283164,-5860.094615347999,5860.094615347999,7.0,0.7166666666666667,0.7611111111111111,0.3888888888888889,True,True,
2026-08-13T14:50:27.129578+00:00,1786632300,1786632600,5m,LINK/USD,8.82968,20.7763728,610.69779074,-589.92141794,DOWN,0.9341972356128425,126.29483270799999,-117.984283588,117.984283588,9.0,0.7787114845938375,0.8123249299719888,0.6274509803921569,True,True,
2026-08-13T14:50:42.468608+00:00,1786632300,1786632600,5m,DOT/USD,0.7748,23.115996080000002,733.9236098399999,-710.8076137599999,DOWN,0.9389305502665,151.407921184,-142.16152275199997,142.16152275199997,5.0,0.8680981595092024,0.8773006134969326,0.6257668711656442,True,True,
2026-08-13T14:50:42.468624+00:00,1786632300,1786632600,5m,AAVE/USD,88.81,5.47605582,571.6651622099996,-566.1891063899996,DOWN,0.9810235150464841,115.428243606,-113.23782127799991,113.23782127799991,114.0,0.9961832061068703,0.9961832061068703,1.0,False,True,
2026-08-13T14:55:33.518536+00:00,1786632600,1786632900,5m,AAVE/USD,88.73,14.115700200000001,3.09107599,11.02462421,UP,0.6407141052027597,3.441355238,2.204924842,2.204924842,9.0,0.8015267175572519,0.7633587786259542,0.8396946564885496,True,True,
2026-08-13T14:56:04.179074+00:00,1786632600,1786632900,5m,SOL/USD,76.42,4994.90851964,10.96144964,4983.94707,UP,0.9956205615778004,1001.173993856,996.7894140000001,996.7894140000001,121.0,0.9837837837837838,0.9918918918918919,0.9756756756756757,False,True,
2026-08-13T15:00:09.255650+00:00,1786632900,1786633200,5m,LINK/USD,8.84055,121.2153951,1000.97433067,-879.75893557,DOWN,0.7839663074497906,224.437945154,-175.95178711399998,175.95178711399998,15.0,0.8403361344537815,0.8487394957983193,0.7703081232492998,True,True,
2026-08-13T15:00:24.601618+00:00,1786632900,1786633200,5m,AVAX/USD,6.484,1.53430994,630.63164,-629.09733006,DOWN,0.995145863391897,126.43318998800001,-125.81946601199999,125.81946601199999,4.0,0.7759103641456583,0.8207282913165266,0.42016806722689076,True,True,
2026-08-13T15:00:24.601648+00:00,1786632900,1786633200,5m,AAVE/USD,88.74,88.55999339999998,0.0,88.55999339999998,UP,1.0,17.71199868,17.711998679999997,17.711998679999997,17.0,0.950381679389313,0.9656488549618321,0.9312977099236641,True,True,
2026-08-13T15:00:24.601663+00:00,1786632900,1786633200,5m,LTC/USD,44.84,93.95881095,17.811854,76.14695695,UP,0.6812785535816928,22.35413299,15.22939139,15.22939139,14.0,0.8,0.8108108108108109,0.5027027027027027,True,True,
2026-08-13T15:05:31.045980+00:00,1786633200,1786633500,5m,LTC/USD,44.9,90.94341451000001,0.0,90.94341451000001,UP,1.0,18.188682902,18.188682902000004,18.188682902000004,15.0,0.754054054054054,0.8351351351351352,0.5675675675675675,True,True,
2026-08-13T15:06:01.703779+00:00,1786633200,1786633500,5m,BTC/USD,63851.0,2.4598266899999994,0.6456110099999997,1.8142156799999998,UP,0.5842061104623031,0.62108754,0.36284313599999996,0.36284313599999996,161.0,0.7398373983739838,0.7588075880758808,0.7371273712737128,False,True,
2026-08-13T15:06:01.703795+00:00,1786633200,1786633500,5m,ETH/USD,1892.31,31.438885580000004,5.2456194,26.193266180000006,UP,0.7140144372748192,7.336900996,5.238653236000001,5.238653236000001,68.0,0.827027027027027,0.845945945945946,0.8810810810810811,False,True,
2026-08-13T15:10:06.840164+00:00,1786633500,1786633800,5m,SOL/USD,76.31,3049.806649920001,56.06884239000001,2993.7378075300007,UP,0.963894983859576,621.175098462,598.7475615060001,598.7475615060001,111.0,0.9567567567567568,0.972972972972973,0.9702702702702702,True,True,
2026-08-13T15:10:22.184674+00:00,1786633500,1786633800,5m,DOGE/USD,0.0700149,14.0,44812.1247,-44798.1247,DOWN,0.9993753642504813,8965.22494,-8959.62494,8959.62494,6.0,0.7780898876404494,0.8174157303370787,0.547752808988764,True,True,
2026-08-13T15:10:37.530214+00:00,1786633500,1786633800,5m,DOT/USD,0.7736,62.82995544,943.04001608,-880.2100606399999,DOWN,0.8750734046766386,201.17399430400002,-176.04201212799998,176.04201212799998,7.0,0.8834355828220859,0.8895705521472392,0.7699386503067485,True,True,
2026-08-13T15:10:37.530244+00:00,1786633500,1786633800,5m,LTC/USD,44.84,5.56821227,71.83427478,-66.26606251,DOWN,0.8561231691068768,15.480497410000002,-13.253212502,13.253212502,14.0,0.7027027027027027,0.7864864864864864,0.5027027027027027,False,True,
2026-08-13T15:15:13.321251+00:00,1786633800,1786634100,5m,ADA/USD,0.184391,1489.35941639,333531.61923518026,-332042.25981879025,DOWN,0.9911088587802199,67004.195730314,-66408.45196375805,66408.45196375805,138.0,0.9611111111111111,0.9694444444444444,0.9777777777777777,True,True,
2026-08-13T15:15:13.321267+00:00,1786633800,1786634100,5m,DOGE/USD,0.0700485,0.0,58366.786284170004,-58366.786284170004,DOWN,1.0,11673.357256833999,-11673.357256834,11673.357256834,5.0,0.8174157303370787,0.851123595505618,0.4157303370786517,True,True,
2026-08-13T15:16:14.676334+00:00,1786633800,1786634100,5m,ETH/USD,1890.04,4.959709500000001,22.7963006,-17.8365911,DOWN,0.6426208606978422,5.55120202,-3.5673182199999998,3.5673182199999998,57.0,0.7675675675675676,0.7864864864864864,0.7945945945945946,False,True,
2026-08-13T15:20:19.852376+00:00,1786634100,1786634400,5m,AVAX/USD,6.445,1431.43005722,5302.088165760001,-3870.658108540001,DOWN,0.5748344298423824,1346.703644596,-774.1316217080002,774.1316217080002,31.0,0.9663865546218487,0.9747899159663865,0.9495798319327731,True,True,
2026-08-13T15:21:05.851152+00:00,1786634100,1786634400,5m,BTC/USD,63784.4,0.78014516,40.429174710000034,-39.64902955000004,DOWN,0.9621374406342516,8.241863974000001,-7.929805910000008,7.929805910000008,305.0,0.991869918699187,0.994579945799458,0.967479674796748,False,True,
2026-08-13T15:30:17.506046+00:00,1786634700,1786635000,5m,SOL/USD,75.98,64.11861748,597.0243414100001,-532.9057239300001,DOWN,0.8060370556236448,132.228591778,-106.58114478600002,106.58114478600002,88.0,0.8,0.8216216216216217,0.9405405405405406,True,True,
2026-08-13T15:30:17.506077+00:00,1786634700,1786635000,5m,ETH/USD,1882.89,5.012136549999999,76.27145930000002,-71.25932275000002,DOWN,0.8766753242745475,16.25671917,-14.251864550000004,14.251864550000004,117.0,0.9216216216216216,0.9378378378378378,0.972972972972973,True,True,
2026-08-13T15:30:17.506108+00:00,1786634700,1786635000,5m,ADA/USD,0.183207,119.55591127,150815.51844682998,-150695.96253556,DOWN,0.9984157968347854,30187.014871620002,-30139.192507112,30139.192507112,53.0,0.9055555555555556,0.9416666666666667,0.9138888888888889,True,True,
2026-08-13T15:30:32.845742+00:00,1786634700,1786635000,5m,DOGE/USD,0.0697625,20757.989999999998,244926.87645611,-224168.88645611002,DOWN,0.843739763751812,53136.97329122199,-44833.777291222,44833.777291222,26.0,0.9382022471910112,0.9382022471910112,0.9410112359550562,True,True,
2026-08-13T15:30:32.845759+00:00,1786634700,1786635000,5m,LINK/USD,8.776,2.78326,1236.4627884899999,-1233.67952849,DOWN,0.9955081398025981,247.849209698,-246.73590569799998,246.73590569799998,14.0,0.8571428571428571,0.8907563025210085,0.7478991596638656,True,True,
2026-08-13T15:30:32.845774+00:00,1786634700,1786635000,5m,AVAX/USD,6.427,7.14106,2831.80057281,-2824.6595128100003,DOWN,0.9949692097100766,567.7883265620001,-564.931902562,564.931902562,38.0,0.9327731092436975,0.9523809523809523,0.9663865546218487,True,True,
2026-08-13T15:35:08.634322+00:00,1786635000,1786635300,5m,BTC/USD,63599.0,7.03240167,1.0828362100000002,5.94956546,UP,0.7331350661528605,1.623047576,1.1899130919999998,1.1899130919999998,266.0,0.9024390243902439,0.9159891598915989,0.94579945799458,True,True,
2026-08-13T15:35:23.975055+00:00,1786635000,1786635300,5m,ADA/USD,0.183089,1776.1440770899999,428169.2208776299,-426393.07680053986,DOWN,0.9917378149789935,85989.072990944,-85278.61536010797,85278.61536010797,81.0,0.9694444444444444,0.9805555555555555,0.9416666666666667,True,True,
2026-08-13T15:35:23.975070+00:00,1786635000,1786635300,5m,DOGE/USD,0.0698066,20348.67,118739.58975060002,-98390.91975060002,DOWN,0.7073991717706826,27817.651950120002,-19678.183950120005,19678.183950120005,18.0,0.8960674157303371,0.8960674157303371,0.8820224719101124,True,True,
2026-08-13T15:35:23.975085+00:00,1786635000,1786635300,5m,LINK/USD,8.78273,31.667652639999996,1955.87938184,-1924.2117292,DOWN,0.9681339338484786,397.50940689600003,-384.84234584,384.84234584,21.0,0.8991596638655462,0.9159663865546218,0.8571428571428571,True,True,
2026-08-13T15:40:30.461701+00:00,1786635300,1786635600,5m,BTC/USD,63638.5,2.7611257499999997,0.6494766399999999,2.1116491099999997,UP,0.6191425644312646,0.6821204780000001,0.4223298219999999,0.4223298219999999,212.0,0.7533875338753387,0.7859078590785907,0.8590785907859079,True,True,
2026-08-13T15:40:30.461779+00:00,1786635300,1786635600,5m,LINK/USD,8.78726,656.8063394400001,6.24155,650.5647894400001,UP,0.9811731547618032,132.609577888,130.11295788800004,130.11295788800004,10.0,0.7871148459383753,0.8235294117647058,0.6498599439775911,True,True,
2026-08-13T15:40:45.803252+00:00,1786635300,1786635600,5m,DOT/USD,0.7727,0.0,4441.6894411700005,-4441.6894411700005,DOWN,1.0,888.3378882339999,-888.337888234,888.337888234,5.0,0.9631901840490797,0.9662576687116564,0.6257668711656442,False,True,
2026-08-13T15:40:45.803268+00:00,1786635300,1786635600,5m,AAVE/USD,88.05,11.49776553,0.0,11.49776553,UP,1.0,2.2995531060000003,2.2995531060000003,2.2995531060000003,3.0,0.7366412213740458,0.7748091603053435,0.6106870229007634,False,True,
2026-08-13T15:45:21.629368+00:00,1786635600,1786635900,5m,ADA/USD,0.183163,5760.57647856,50433.96400259999,-44673.387524039994,DOWN,0.7949773615288727,11238.908096232,-8934.677504807998,8934.677504807998,23.0,0.8166666666666667,0.8388888888888889,0.7972222222222223,True,True,
2026-08-13T15:45:36.972752+00:00,1786635600,1786635900,5m,LINK/USD,8.79404,446.21894197999995,0.0,446.21894197999995,UP,1.0,89.243788396,89.24378839599999,89.24378839599999,10.0,0.711484593837535,0.773109243697479,0.6498599439775911,True,True,
2026-08-13T15:50:28.175010+00:00,1786635900,1786636200,5m,DOGE/USD,0.0698406,35015.21354227,35.51,34979.70354227,UP,0.9979737936104413,7010.1447084540005,6995.940708454,6995.940708454,13.0,0.7359550561797753,0.7865168539325843,0.8314606741573034,True,True,
2026-08-13T15:50:28.175040+00:00,1786635900,1786636200,5m,AVAX/USD,6.425,827.24902623,138.43374193,688.8152843,UP,0.7132935442272208,193.13655363200002,137.76305686,137.76305686,18.0,0.8319327731092437,0.8235294117647058,0.9103641456582633,True,True,
2026-08-13T15:55:19.383108+00:00,1786636200,1786636500,5m,SOL/USD,75.89,1030.56176901,79.60565801999999,950.9561109900001,UP,0.8565880135161833,222.033485406,190.19122219800002,190.19122219800002,76.0,0.8837837837837837,0.9054054054054054,0.9135135135135135,True,True,
2026-08-13T15:55:19.383180+00:00,1786636200,1786636500,5m,ADA/USD,0.182792,7094.75081681,100240.68831981001,-93145.93750300001,DOWN,0.867802267845952,21467.087827324,-18629.1875006,18629.1875006,49.0,0.8805555555555555,0.9222222222222223,0.9055555555555556,True,True,
2026-08-13T15:55:34.731442+00:00,1786636200,1786636500,5m,DOGE/USD,0.0697659,0.0,45948.579349349995,-45948.579349349995,DOWN,1.0,9189.71586987,-9189.715869869999,9189.715869869999,10.0,0.7865168539325843,0.8230337078651685,0.7612359550561798,True,True,
2026-08-13T15:55:50.090211+00:00,1786636200,1786636500,5m,LTC/USD,44.75,18.38445798,130.60895786,-112.22449988,DOWN,0.7532178468914011,29.798683168000004,-22.444899976,22.444899976,21.0,0.845945945945946,0.8486486486486486,0.8,False,True,
2026-08-13T16:00:10.650077+00:00,1786636500,1786636800,5m,ETH/USD,1878.22,2.2251266000000003,65.00065284000001,-62.77552624000001,DOWN,0.9338013893320208,13.445155887999999,-12.555105248000002,12.555105248000002,101.0,0.9054054054054054,0.9297297297297298,0.9567567567567568,True,True,
2026-08-13T16:00:10.650093+00:00,1786636500,1786636800,5m,XRP/USD,1.00196,11303.130064620003,41941.22713166,-30638.09706704,DOWN,0.5754243018484703,10648.871439256,-6127.619413408,6127.619413408,92.0,0.8972972972972973,0.9,0.9648648648648649,True,True,
2026-08-13T16:00:25.995089+00:00,1786636500,1786636800,5m,DOGE/USD,0.069671,1235.02701118,63971.65589734,-62736.628886160004,DOWN,0.9621196185393253,13041.336581704,-12547.325777232001,12547.325777232001,19.0,0.8230337078651685,0.8595505617977528,0.8932584269662921,True,True,
2026-08-13T16:00:25.995106+00:00,1786636500,1786636800,5m,LINK/USD,8.73642,350.86544330000004,4180.3344028,-3829.4689595,DOWN,0.8451335384812083,906.23996922,-765.8937919,765.8937919,66.0,0.969187675070028,0.9663865546218487,0.9775910364145658,True,True,
2026-08-13T16:01:11.987769+00:00,1786636500,1786636800,5m,SOL/USD,75.57,10.88734915,1230.1224272700003,-1219.2350781200003,DOWN,0.9824540477329561,248.201955284,-243.84701562400005,243.84701562400005,95.0,0.8918918918918919,0.918918918918919,0.9486486486486486,False,True,
2026-08-13T16:01:11.987785+00:00,1786636500,1786636800,5m,BTC/USD,63369.1,0.41890633999999993,8.703137689999997,-8.284231349999997,DOWN,0.9081551593870131,1.8244088059999999,-1.6568462699999995,1.6568462699999995,439.0,0.924119241192412,0.94579945799458,0.994579945799458,False,True,
2026-08-13T16:05:01.918525+00:00,1786636800,1786637100,5m,ETH/USD,1879.99,37.517260949999994,10.035845310000001,27.481415639999994,UP,0.5779100000269888,9.510621252,5.496283127999999,5.496283127999999,99.0,0.8621621621621621,0.8486486486486486,0.9486486486486486,False,True,
2026-08-13T16:05:17.264173+00:00,1786636800,1786637100,5m,LINK/USD,8.72711,24.035955140000002,1565.3593608799993,-1541.3234057399993,DOWN,0.9697545917019709,317.87906320400003,-308.26468114799985,308.26468114799985,34.0,0.8795518207282913,0.8991596638655462,0.9523809523809523,True,True,
2026-08-13T16:05:17.264188+00:00,1786636800,1786637100,5m,AVAX/USD,6.396,175.01110526,1667.67946332,-1492.66835806,DOWN,0.8100482975881667,368.538113716,-298.533671612,298.533671612,24.0,0.8991596638655462,0.907563025210084,0.9299719887955182,True,True,
2026-08-13T16:05:32.608050+00:00,1786636800,1786637100,5m,AAVE/USD,87.29,2.46896936,26.84587278,-24.37690342,DOWN,0.8315549953700007,5.862968428,-4.8753806840000005,4.8753806840000005,9.0,0.8625954198473282,0.8702290076335878,0.8396946564885496,True,True,
2026-08-13T16:10:08.546050+00:00,1786637100,1786637400,5m,LINK/USD,8.72142,372.52108991,4338.090273770001,-3965.5691838600005,DOWN,0.8418374766459269,942.122272736,-793.1138367720001,793.1138367720001,29.0,0.9719887955182073,0.9719887955182073,0.9243697478991597,True,True,
2026-08-13T16:10:08.546066+00:00,1786637100,1786637400,5m,AVAX/USD,6.385,7.8369906,932.0779358800002,-924.2409452800001,DOWN,0.9833240426783098,187.98298529599998,-184.84818905600002,184.84818905600002,14.0,0.8235294117647058,0.8487394957983193,0.8739495798319328,True,True,
2026-08-13T16:10:23.898195+00:00,1786637100,1786637400,5m,AAVE/USD,87.25,6.75023672,463.1106236700001,-456.36038695000013,DOWN,0.9712670822830527,93.972172078,-91.27207739000002,91.27207739000002,25.0,0.9923664122137404,0.9923664122137404,0.9541984732824428,True,True,
2026-08-13T16:10:23.898211+00:00,1786637100,1786637400,5m,LTC/USD,44.74,79.9083874,16.606050449999998,63.30233695,UP,0.6558846361244179,19.30288757,12.660467389999999,12.660467389999999,23.0,0.7621621621621621,0.772972972972973,0.8594594594594595,True,True,
2026-08-13T16:15:45.850862+00:00,1786637400,1786637700,5m,XRP/USD,1.00242,22267.204907590003,800.3403573899999,21466.864550200004,UP,0.9306089704650944,4613.509052996,4293.3729100400005,4293.3729100400005,67.0,0.772972972972973,0.8594594594594595,0.8837837837837837,False,True,
2026-08-13T16:15:45.850878+00:00,1786637400,1786637700,5m,ADA/USD,0.181788,68038.62493447,470778.6294519499,-402740.0045174799,DOWN,0.747451944492946,107763.450877284,-80548.00090349598,80548.00090349598,130.0,0.9805555555555555,0.9777777777777777,0.9722222222222222,False,True,
2026-08-13T16:16:01.198884+00:00,1786637400,1786637700,5m,AVAX/USD,6.376,3.44480206,1913.56774904,-1910.12294698,DOWN,0.9964060725027352,383.40251022,-382.024589396,382.024589396,11.0,0.907563025210084,0.9327731092436975,0.8207282913165266,False,True,
2026-08-13T16:16:01.198930+00:00,1786637400,1786637700,5m,LTC/USD,44.76,238.43961355999994,18.445559140000004,219.99405441999994,UP,0.8563906281851353,51.37703454,43.99881088399999,43.99881088399999,28.0,0.927027027027027,0.9405405405405406,0.9243243243243243,False,True,
2026-08-13T16:20:37.123165+00:00,1786637700,1786638000,5m,BTC/USD,63437.4,0.32270359,3.4958611700000013,-3.173157580000001,DOWN,0.8309817377563605,0.763712952,-0.6346315160000002,0.6346315160000002,222.0,0.7777777777777778,0.8428184281842819,0.8834688346883469,False,True,
2026-08-13T16:21:07.827286+00:00,1786637700,1786638000,5m,AVAX/USD,6.374,500.76529651,0.0,500.76529651,UP,1.0,100.153059302,100.153059302,100.153059302,9.0,0.7450980392156863,0.7787114845938375,0.7535014005602241,False,True,
2026-08-13T16:25:43.767438+00:00,1786638000,1786638300,5m,XRP/USD,1.00405,61943.585394819995,4857.528674760001,57086.05672005999,UP,0.854567435216712,13360.222813916,11417.211344011997,11417.211344011997,86.0,0.918918918918919,0.9432432432432433,0.9513513513513514,False,True,
2026-08-13T16:25:43.767453+00:00,1786638000,1786638300,5m,ADA/USD,0.181721,102897.41136649999,10429.29995125,92468.11141525,UP,0.8159427758914153,22665.34226355,18493.622283049997,18493.622283049997,39.0,0.8888888888888888,0.9194444444444444,0.8777777777777778,False,True,
2026-08-13T16:25:59.123412+00:00,1786638000,1786638300,5m,AVAX/USD,6.385,69.18697326,604.1251665,-534.9381932399999,DOWN,0.7944876702069814,134.662427952,-106.98763864799999,106.98763864799999,14.0,0.7843137254901961,0.7899159663865546,0.8739495798319328,False,True,
2026-08-13T16:30:35.075352+00:00,1786638300,1786638600,5m,SOL/USD,75.61,1003.4062425799999,86.58574318999999,916.8204993899999,UP,0.8411259085931104,217.99839715399997,183.364099878,183.364099878,51.0,0.8783783783783784,0.9,0.7756756756756756,True,True,
2026-08-13T16:30:35.075388+00:00,1786638300,1786638600,5m,BTC/USD,63293.9,4.224910810000001,38.08657404,-33.861663230000005,DOWN,0.8002948454785794,8.46229697,-6.772332646000001,6.772332646000001,337.0,0.994579945799458,0.989159891598916,0.975609756097561,True,True,
2026-08-13T16:30:50.442013+00:00,1786638300,1786638600,5m,AVAX/USD,6.379,1155.70085408,55.59715266,1100.10370142,UP,0.9082023542503301,242.259601348,220.02074028400003,220.02074028400003,18.0,0.8515406162464986,0.8739495798319328,0.9103641456582633,False,True,
2026-08-13T16:30:50.442028+00:00,1786638300,1786638600,5m,DOT/USD,0.7681,268.24851716,1637.3850889999999,-1369.1365718399998,DOWN,0.7184678982435225,381.126721232,-273.827314368,273.827314368,15.0,0.9141104294478528,0.9171779141104295,0.9263803680981595,False,True,
2026-08-13T16:31:05.793392+00:00,1786638300,1786638600,5m,AAVE/USD,87.25,73.73637962999999,0.0,73.73637962999999,UP,1.0,14.747275926,14.747275925999997,14.747275925999997,8.0,0.9389312977099237,0.9427480916030534,0.8129770992366412,False,True,
2026-08-13T16:35:41.768648+00:00,1786638600,1786638900,5m,XRP/USD,1.00219,27085.578095660007,2882.39751988,24203.180575780007,UP,0.8076348194580536,5993.595123108,4840.636115156001,4840.636115156001,44.0,0.8297297297297297,0.8702702702702703,0.6945945945945946,True,True,
2026-08-13T16:35:41.768663+00:00,1786638600,1786638900,5m,ADA/USD,0.181412,1102.198182,187919.19771734998,-186816.99953534998,DOWN,0.9883378473981126,37804.27917987,-37363.399907069994,37363.399907069994,20.0,0.9361111111111111,0.9555555555555556,0.7527777777777778,False,True,
2026-08-13T16:35:41.768693+00:00,1786638600,1786638900,5m,LINK/USD,8.71626,692.2160023,5855.410309559999,-5163.19430726,DOWN,0.7885597102430361,1309.525262372,-1032.638861452,1032.638861452,41.0,0.9831932773109243,0.9831932773109243,0.9635854341736695,False,True,
2026-08-13T16:40:33.105488+00:00,1786638900,1786639200,5m,SOL/USD,75.25,169.7047222200001,2089.2380317300003,-1919.5333095100002,DOWN,0.8497485410612966,451.78855079000004,-383.90666190200005,383.90666190200005,228.0,0.9405405405405406,0.9459459459459459,0.9945945945945946,True,True,
2026-08-13T16:40:33.105504+00:00,1786638900,1786639200,5m,BTC/USD,63022.3,1.7033142799999992,53.08771221,-51.38439793,DOWN,0.9378250640983747,10.958205298,-10.276879586,10.276879586,811.0,1.0,1.0,1.0,True,True,
2026-08-13T16:40:33.105520+00:00,1786638900,1786639200,5m,ETH/USD,1868.32,57.77588184999997,451.92953003999975,-394.1536481899998,DOWN,0.7732969652577726,101.941082378,-78.83072963799995,78.83072963799995,413.0,1.0,1.0,1.0,True,True,
2026-08-13T16:40:33.105551+00:00,1786638900,1786639200,5m,ADA/USD,0.181005,63907.025606,1082356.1810144808,-1018449.1554084808,DOWN,0.8884950241150693,229252.64132409598,-203689.83108169615,203689.83108169615,188.0,0.9972222222222222,0.9972222222222222,0.9944444444444445,True,True,
2026-08-13T16:40:48.458703+00:00,1786638900,1786639200,5m,DOGE/USD,0.0696583,16562.68056318,387696.6302872999,-371133.9497241199,DOWN,0.9180591263150601,80851.86217009599,-74226.78994482398,74226.78994482398,28.0,0.9578651685393258,0.9634831460674157,0.9466292134831461,False,True,
2026-08-13T16:40:48.458720+00:00,1786638900,1786639200,5m,LINK/USD,8.6928,733.1086951599999,3443.6632561900014,-2710.5545610300014,DOWN,0.6489591944692852,835.35439027,-542.1109122060003,542.1109122060003,64.0,0.9635854341736695,0.9439775910364145,0.9747899159663865,False,True,
2026-08-13T16:40:48.458734+00:00,1786638900,1786639200,5m,AVAX/USD,6.361,141.12749241,3100.373467900001,-2959.245975490001,DOWN,0.9129246024369506,648.3001920620001,-591.8491950980002,591.8491950980002,31.0,0.9439775910364145,0.9607843137254902,0.9495798319327731,False,True,
2026-08-13T16:40:48.458749+00:00,1786638900,1786639200,5m,DOT/USD,0.7679,0.0,1007.56417596,-1007.56417596,DOWN,1.0,201.51283519199998,-201.51283519199998,201.51283519199998,12.0,0.8865030674846626,0.8957055214723927,0.8987730061349694,False,True,
2026-08-13T16:40:48.458765+00:00,1786638900,1786639200,5m,AAVE/USD,87.04,3.27402492,38.666934739999995,-35.39290981999999,DOWN,0.8438745824348645,8.388191932,-7.078581963999999,7.078581963999999,17.0,0.8969465648854962,0.9007633587786259,0.9312977099236641,False,True,
2026-08-13T16:40:48.458781+00:00,1786638900,1786639200,5m,LTC/USD,44.71,19.922498320000003,118.83907815000005,-98.91657983000005,DOWN,0.7128528108887953,27.752315294,-19.78331596600001,19.78331596600001,38.0,0.8324324324324325,0.8378378378378378,0.9621621621621622,False,True,
2026-08-13T16:45:24.457584+00:00,1786639200,1786639500,5m,SOL/USD,75.27,886.3934115100001,3006.269096539997,-2119.875685029997,DOWN,0.5445824498389238,778.5325016099999,-423.9751370059994,423.9751370059994,361.0,0.9702702702702702,0.9513513513513514,0.9972972972972973,True,True,
2026-08-13T16:45:24.457630+00:00,1786639200,1786639500,5m,ETH/USD,1869.11,55.27639725000003,356.27999587000005,-301.00359862000005,DOWN,0.7313787457852333,82.311278624,-60.20071972400001,60.20071972400001,324.0,0.9972972972972973,0.9918918918918919,0.9972972972972973,True,True,
2026-08-13T16:45:24.457646+00:00,1786639200,1786639500,5m,XRP/USD,1.00208,227431.32753432996,40340.70422672999,187090.62330759998,UP,0.6986936689285977,53554.406352212,37418.12466151999,37418.12466151999,209.0,0.9837837837837838,0.9837837837837838,0.9891891891891892,True,True,
2026-08-13T16:45:24.457661+00:00,1786639200,1786639500,5m,ADA/USD,0.180809,86770.95144467,1258210.9566426896,-1171440.0051980196,DOWN,0.8709708273056799,268996.381617472,-234288.0010396039,234288.0010396039,222.0,1.0,1.0,0.9972222222222222,True,True,
2026-08-13T16:45:39.810956+00:00,1786639200,1786639500,5m,LINK/USD,8.71037,325.66241381000003,1152.2290630999998,-826.5666492899998,DOWN,0.5592877841194396,295.57829538199996,-165.31332985799995,165.31332985799995,27.0,0.8711484593837535,0.8403361344537815,0.9019607843137255,True,True,
2026-08-13T16:45:39.810971+00:00,1786639200,1786639500,5m,AVAX/USD,6.373,1708.8081967800001,5997.304478429999,-4288.496281649999,DOWN,0.556505784744853,1541.222535042,-857.6992563299998,857.6992563299998,58.0,0.9719887955182073,0.9831932773109243,0.9775910364145658,True,True,
2026-08-13T16:50:15.809230+00:00,1786639500,1786639800,5m,BTC/USD,63119.5,8.292900609999997,0.7675369000000001,7.525363709999997,UP,0.8305739873702854,1.812087502,1.5050727419999994,1.5050727419999994,368.0,0.9214092140921409,0.940379403794038,0.989159891598916,True,True,
2026-08-13T16:50:15.809245+00:00,1786639500,1786639800,5m,ETH/USD,1873.94,359.81815281000013,5.934674209999999,353.8834786000001,UP,0.9675481703950001,73.15056540399999,70.77669572000002,70.77669572000002,241.0,0.9945945945945946,0.9972972972972973,0.9945945945945946,True,True,
2026-08-13T16:50:15.809275+00:00,1786639500,1786639800,5m,ADA/USD,0.181037,88598.90298935,7923.6877493,80675.21524004999,UP,0.8358169276505512,19304.51814773,16135.043048009999,16135.043048009999,38.0,0.8694444444444445,0.9138888888888889,0.875,True,True,
2026-08-13T16:50:31.173355+00:00,1786639500,1786639800,5m,AVAX/USD,6.396,637.0250621800001,81.16644289999999,555.8586192800001,UP,0.7739699165866386,143.63830101599999,111.17172385600001,111.17172385600001,12.0,0.7927170868347339,0.7955182072829131,0.8375350140056023,True,True,
2026-08-13T16:50:31.173370+00:00,1786639500,1786639800,5m,DOT/USD,0.7684,511.1052066899999,13.032649809999999,498.07255687999987,UP,0.9502701449690077,104.8275713,99.61451137599997,99.61451137599997,10.0,0.843558282208589,0.8588957055214724,0.8619631901840491,True,True,
2026-08-13T16:55:07.186924+00:00,1786639800,1786640100,5m,SOL/USD,75.43,811.3048648800002,4.422796620000001,806.8820682600002,UP,0.9891561931052647,163.14553229999999,161.37641365200005,161.37641365200005,98.0,0.8297297297297297,0.8756756756756757,0.9540540540540541,True,True,
2026-08-13T16:55:22.538616+00:00,1786639800,1786640100,5m,ADA/USD,0.181293,172502.30162933999,28099.57425014,144402.7273792,UP,0.7198473431323046,40120.375175896,28880.545475839997,28880.545475839997,67.0,0.9388888888888889,0.9388888888888889,0.9333333333333333,True,True,
2026-08-13T17:00:13.911210+00:00,1786640100,1786640400,5m,LTC/USD,44.74,162.12699562999998,1.13509282,160.99190280999997,UP,0.9860948389086956,32.65241769,32.198380562,32.198380562,17.0,0.8675675675675676,0.9054054054054054,0.6756756756756757,True,True,
2026-08-13T17:00:59.951317+00:00,1786640100,1786640400,5m,ADA/USD,0.181254,50037.27114144,212.9392392,49824.331902239996,UP,0.9915248418827699,10050.042076128,9964.866380447998,9964.866380447998,22.0,0.7944444444444444,0.8555555555555555,0.7861111111111111,False,True,
2026-08-13T17:00:59.951348+00:00,1786640100,1786640400,5m,LINK/USD,8.7174,69.04774052,2578.3531333500005,-2509.3053928300005,DOWN,0.9478373364596914,529.480174774,-501.8610785660001,501.8610785660001,19.0,0.9355742296918768,0.938375350140056,0.8319327731092437,False,True,
2026-08-13T17:05:20.709096+00:00,1786640400,1786640700,5m,LTC/USD,44.73,594.02326891,38.122323089999995,555.90094582,UP,0.879387522202322,126.4291184,111.18018916399998,111.18018916399998,22.0,0.9756756756756757,0.9756756756756757,0.8351351351351352,True,True,
2026-08-13T17:05:51.399312+00:00,1786640400,1786640700,5m,ADA/USD,0.181414,278351.69027751,944.49658587,277407.19369164,UP,0.9932365951968259,55859.237372676005,55481.438738328,55481.438738328,69.0,0.9527777777777777,0.9638888888888889,0.9388888888888889,False,True,
2026-08-13T17:06:06.753071+00:00,1786640400,1786640700,5m,LINK/USD,8.74842,3098.4854784599997,4.03490343,3094.4505750299995,UP,0.9973989512181434,620.504076378,618.8901150059999,618.8901150059999,36.0,0.9495798319327731,0.9607843137254902,0.9551820728291317,False,True,
2026-08-13T17:06:06.753086+00:00,1786640400,1786640700,5m,AVAX/USD,6.405,407.5094699,68.2555919,339.253878,UP,0.7130701794631024,95.15301236,67.85077559999999,67.85077559999999,9.0,0.7394957983193278,0.7394957983193278,0.7535014005602241,False,True,
2026-08-13T17:10:42.855843+00:00,1786640700,1786641000,5m,BTC/USD,63069.1,5.113179850000001,1.0201602600000004,4.093019590000001,UP,0.6673394132059636,1.226668022,0.8186039180000002,0.8186039180000002,198.0,0.8455284552845529,0.8780487804878049,0.8130081300813008,True,True,
2026-08-13T17:10:42.855903+00:00,1786640700,1786641000,5m,DOGE/USD,0.0697854,968432.6012033698,1538.73418089,966893.8670224798,UP,0.9968272584461881,193994.267076852,193378.77340449597,193378.77340449597,67.0,0.9887640449438202,0.9915730337078652,0.9915730337078652,False,True,
2026-08-13T17:10:58.209079+00:00,1786640700,1786641000,5m,AVAX/USD,6.406,0.50925926,568.95542765,-568.44616839,DOWN,0.9982114456902909,113.89293738199999,-113.68923367800001,113.68923367800001,5.0,0.7591036414565826,0.803921568627451,0.5098039215686274,False,True,
2026-08-13T17:10:58.209126+00:00,1786640700,1786641000,5m,LTC/USD,44.7,36.15073323,436.04127121,-399.89053798,DOWN,0.8468812140397283,94.438400888,-79.978107596,79.978107596,26.0,0.9594594594594594,0.9621621621621622,0.8972972972972973,False,True,
2026-08-13T17:15:34.297284+00:00,1786641000,1786641300,5m,ETH/USD,1874.31,87.46064987999998,0.5469945700000001,86.91365530999998,UP,0.9875693850592545,17.60152889,17.382731061999998,17.382731061999998,72.0,0.9351351351351351,0.9513513513513514,0.9027027027027027,True,True,
2026-08-13T17:15:34.297329+00:00,1786641000,1786641300,5m,DOGE/USD,0.0697788,1059862.9380073799,476.17,1059386.76800738,UP,0.9991018533667125,212067.821601476,211877.353601476,211877.353601476,23.0,0.9915730337078652,0.9943820224719101,0.9269662921348315,True,True,
2026-08-13T17:15:49.654867+00:00,1786641000,1786641300,5m,LTC/USD,44.75,84.58934460000002,16.09813376,68.49121084000002,UP,0.6802356356081853,20.137495672,13.698242168000004,13.698242168000004,21.0,0.7756756756756756,0.7972972972972973,0.8,False,True,
2026-08-13T17:20:25.712786+00:00,1786641300,1786641600,5m,BTC/USD,63051.5,2.7808136299999995,0.5767284100000003,2.204085219999999,UP,0.6564579664950373,0.671508408,0.4408170439999998,0.4408170439999998,211.0,0.7479674796747967,0.8021680216802168,0.8482384823848238,True,True,
2026-08-13T17:20:25.712801+00:00,1786641300,1786641600,5m,ETH/USD,1873.2,128.91944013999998,7.046670049999999,121.87277008999997,UP,0.8963466699142466,27.193222038,24.374554017999994,24.374554017999994,106.0,0.9648648648648649,0.9675675675675676,0.9621621621621622,True,True,
2026-08-13T17:20:25.712817+00:00,1786641300,1786641600,5m,XRP/USD,1.00455,46200.97996923,874.25779887,45326.72217036,UP,0.9628569991222676,9415.04755362,9065.344434072,9065.344434072,58.0,0.8810810810810811,0.9216216216216216,0.8405405405405405,True,True,
2026-08-13T17:20:41.071791+00:00,1786641300,1786641600,5m,DOGE/USD,0.0697278,890485.7283087199,3100.40310818,887385.3252005399,UP,0.9930607626972368,178717.22628338,177477.065040108,177477.065040108,21.0,0.9831460674157303,0.9859550561797753,0.9129213483146067,False,True,
2026-08-13T17:25:17.171891+00:00,1786641600,1786641900,5m,BTC/USD,63160.2,11.487247069999995,0.08685688999999999,11.400390179999995,UP,0.9849911681629651,2.314820792,2.280078035999999,2.280078035999999,238.0,0.9512195121951219,0.962059620596206,0.9051490514905149,True,True,
2026-08-13T17:25:32.533452+00:00,1786641600,1786641900,5m,ETH/USD,1876.53,124.25072808000004,4.7564471600000005,119.49428092000005,UP,0.9262607347048522,25.801435048000002,23.89885618400001,23.89885618400001,111.0,0.9621621621621622,0.9648648648648649,0.9675675675675676,True,True,
2026-08-13T17:25:32.533468+00:00,1786641600,1786641900,5m,XRP/USD,1.00543,54927.73246769999,2399.40697075,52528.32549694999,UP,0.9162907134647402,11465.42788769,10505.665099389998,10505.665099389998,66.0,0.9027027027027027,0.9351351351351351,0.8810810810810811,True,True,
2026-08-13T17:25:47.894945+00:00,1786641600,1786641900,5m,LTC/USD,44.7,56.30731596,179.19766585000002,-122.89034989000002,DOWN,0.5218163494696054,47.100996362000004,-24.578069978000006,24.578069978000006,34.0,0.918918918918919,0.8756756756756757,0.9513513513513514,False,True,
2026-08-13T17:30:08.681733+00:00,1786641900,1786642200,5m,ETH/USD,1875.52,104.23477928999998,3.46506158,100.76971770999998,UP,0.935653357479283,21.539968174000002,20.153943541999997,20.153943541999997,70.0,0.9459459459459459,0.9567567567567568,0.8918918918918919,True,True,
2026-08-13T17:35:15.518833+00:00,1786642200,1786642500,5m,DOGE/USD,0.0698785,1452.6100000000001,67642.31874337999,-66189.70874337999,DOWN,0.9579532094057142,13818.985748676001,-13237.941748675998,13237.941748675998,21.0,0.8398876404494382,0.8651685393258427,0.9129213483146067,False,True,
2026-08-13T17:35:15.518849+00:00,1786642200,1786642500,5m,LINK/USD,8.7591,61.597295460000005,3104.6782018800004,-3043.0809064200002,DOWN,0.9610916387334278,633.255099468,-608.616181284,608.616181284,38.0,0.9523809523809523,0.957983193277311,0.9607843137254902,True,True,
2026-08-13T17:40:53.139077+00:00,1786642500,1786642800,5m,ETH/USD,1875.94,1.8071280299999999,57.80045177,-55.99332374,DOWN,0.9393658311220345,11.92151596,-11.198664748,11.198664748,67.0,0.9,0.9216216216216216,0.8783783783783784,False,True,
2026-08-13T17:40:53.139092+00:00,1786642500,1786642800,5m,XRP/USD,1.00628,32245.550130460007,1839.4253538800003,30406.124776580007,UP,0.8920682601209378,6816.9950968680005,6081.224955316002,6081.224955316002,44.0,0.8513513513513513,0.8972972972972973,0.6945945945945946,False,True,
2026-08-13T17:45:44.626210+00:00,1786642800,1786643100,5m,BTC/USD,63178.5,5.467876829999999,1.0621110299999998,4.405765799999999,UP,0.6746973952260916,1.305997572,0.8811531599999999,0.8811531599999999,183.0,0.8536585365853658,0.8943089430894309,0.7886178861788617,False,True,
2026-08-13T17:45:44.626226+00:00,1786642800,1786643100,5m,ETH/USD,1877.65,36.41337413,2.25614698,34.157227150000004,UP,0.8833113565806971,7.733904222,6.8314454300000005,6.8314454300000005,55.0,0.8297297297297297,0.8729729729729729,0.7594594594594595,False,True,
2026-08-13T17:45:59.986510+00:00,1786642800,1786643100,5m,LINK/USD,8.75701,33.78791398,1903.0286148800003,-1869.2407009000003,DOWN,0.9651098454845515,387.363305772,-373.8481401800001,373.8481401800001,24.0,0.896358543417367,0.9103641456582633,0.8851540616246498,False,True,
2026-08-13T17:45:59.986541+00:00,1786642800,1786643100,5m,DOT/USD,0.768,1023.85695298,37.07503525,986.7819177299999,UP,0.9301085542498272,212.186397646,197.356383546,197.356383546,6.0,0.8895705521472392,0.8926380368098159,0.7085889570552147,False,True,
2026-08-13T17:50:36.156375+00:00,1786643100,1786643400,5m,BTC/USD,63187.4,10.62622429,1.0490124900000002,9.577211799999999,UP,0.8203012907118101,2.335047356,1.9154423599999997,1.9154423599999997,256.0,0.9539295392953929,0.9512195121951219,0.9376693766937669,True,True,
2026-08-13T17:50:51.513583+00:00,1786643100,1786643400,5m,AAVE/USD,87.48,10.08195,0.0,10.08195,UP,1.0,2.0163900000000003,2.0163900000000003,2.0163900000000003,7.0,0.7061068702290076,0.7519083969465649,0.7862595419847328,False,True,
2026-08-13T17:55:27.701617+00:00,1786643400,1786643700,5m,BTC/USD,63134.7,1.0369571899999996,3.19969002,-2.1627328300000004,DOWN,0.5104821626155652,0.847329442,-0.4325465660000001,0.4325465660000001,165.0,0.7913279132791328,0.7940379403794038,0.7452574525745257,True,True,
2026-08-13T17:55:27.701632+00:00,1786643400,1786643700,5m,ETH/USD,1875.8,12.818226279999996,148.86208678999995,-136.04386050999994,DOWN,0.841437389171181,32.336062614,-27.20877210199999,27.20877210199999,91.0,0.9702702702702702,0.9702702702702702,0.9405405405405406,True,True,
2026-08-13T18:00:19.246483+00:00,1786643700,1786644000,5m,SOL/USD,75.7,54.77891789,522.2393294799999,-467.4604115899999,DOWN,0.8101310724931918,115.403649474,-93.49208231799999,93.49208231799999,38.0,0.7756756756756756,0.8162162162162162,0.527027027027027,True,True,
2026-08-13T18:00:34.605605+00:00,1786643700,1786644000,5m,LINK/USD,8.7584,575.9531059699999,19.40097878,556.55212719,UP,0.9348254113746552,119.07081695,111.310425438,111.310425438,22.0,0.7563025210084033,0.803921568627451,0.8599439775910365,True,True,
2026-08-13T18:00:34.605651+00:00,1786643700,1786644000,5m,AAVE/USD,87.35,1.67415,14.2327258,-12.5585758,DOWN,0.789506120365886,3.18137516,-2.51171516,2.51171516,8.0,0.7862595419847328,0.7862595419847328,0.8129770992366412,True,True,
2026-08-13T18:05:10.788327+00:00,1786644000,1786644300,5m,ETH/USD,1878.8,24.68990488,5.518634640000001,19.17127024,UP,0.6346308211063094,6.041707904,3.8342540479999996,3.8342540479999996,78.0,0.7810810810810811,0.8027027027027027,0.918918918918919,True,True,
2026-08-13T18:05:26.159487+00:00,1786644000,1786644300,5m,ADA/USD,0.181722,351.866292,31149.990226,-30798.123934000003,DOWN,0.9776605996666295,6300.3713036,-6159.624786800001,6159.624786800001,10.0,0.7055555555555556,0.7666666666666667,0.5583333333333333,True,True,
2026-08-13T18:10:17.732341+00:00,1786644300,1786644600,5m,LTC/USD,44.69,96.73734384999999,10.592577160000001,86.14476668999998,UP,0.8026165106557176,21.465984202,17.228953337999997,17.228953337999997,22.0,0.7918918918918919,0.827027027027027,0.8351351351351352,True,True,
2026-08-13T18:15:40.014808+00:00,1786644600,1786644900,5m,ADA/USD,0.181503,106.407883,36133.32608022001,-36026.91819722001,DOWN,0.9941275571665071,7247.946792644,-7205.383639444002,7205.383639444002,21.0,0.7444444444444445,0.7916666666666666,0.7694444444444445,False,True,
2026-08-13T18:20:46.965282+00:00,1786644900,1786645200,5m,LINK/USD,8.77426,2182.79061063,50.16928697,2132.62132366,UP,0.9550647667036722,446.59197952000005,426.524264732,426.524264732,21.0,0.907563025210084,0.9243697478991597,0.8571428571428571,False,True,
2026-08-13T18:25:23.256297+00:00,1786645200,1786645500,5m,DOGE/USD,0.0697695,1452.24624924,26903.26663398,-25451.02038474,DOWN,0.897568684070645,5671.102576644,-5090.204076948,5090.204076948,3.0,0.702247191011236,0.7471910112359551,0.23314606741573032,True,True,
2026-08-13T18:26:09.331278+00:00,1786645200,1786645500,5m,BTC/USD,63110.1,4.03994861,0.8094067999999999,3.23054181,UP,0.6661796335525757,0.969871082,0.646108362,0.646108362,155.0,0.8184281842818428,0.8455284552845529,0.7018970189701897,False,True,
2026-08-13T18:30:30.277498+00:00,1786645500,1786645800,5m,DOT/USD,0.7679,0.0,277.79614321,-277.79614321,DOWN,1.0,55.55922864200001,-55.55922864200001,55.55922864200001,2.0,0.7300613496932515,0.7730061349693251,0.27300613496932513,True,True,
2026-08-13T18:30:30.277528+00:00,1786645500,1786645800,5m,LTC/USD,44.62,20.50251047,168.27294661999997,-147.77043614999997,DOWN,0.7827841522828332,37.755091418,-29.554087229999993,29.554087229999993,19.0,0.8918918918918919,0.8918918918918919,0.7405405405405405,True,True,
2026-08-13T18:31:01.014064+00:00,1786645500,1786645800,5m,SOL/USD,75.68,62.55993842000001,620.9388688299999,-558.37893041,DOWN,0.8169420699599912,136.69976145,-111.67578608199999,111.67578608199999,49.0,0.8054054054054054,0.827027027027027,0.754054054054054,False,True,
2026-08-13T18:35:06.652727+00:00,1786645800,1786646100,5m,ADA/USD,0.180859,494395.61228442995,6406.68186385,487988.93042057997,UP,0.9744143270160297,100160.458829656,97597.786084116,97597.786084116,133.0,0.975,0.9861111111111112,0.975,True,True,
2026-08-13T18:40:29.017067+00:00,1786646100,1786646400,5m,LTC/USD,44.61,33.55167981,180.95528170999995,-147.40360189999996,DOWN,0.6871739772709266,42.901392304,-29.48072037999999,29.48072037999999,23.0,0.9108108108108108,0.8891891891891892,0.8594594594594595,True,True,
2026-08-13T18:40:59.741677+00:00,1786646100,1786646400,5m,SOL/USD,75.66,1407.18302509,100.65786341,1306.52516168,UP,0.8664874202872501,301.5681777,261.305032336,261.305032336,49.0,0.9216216216216216,0.927027027027027,0.754054054054054,False,True,
2026-08-13T18:46:06.786703+00:00,1786646400,1786646700,5m,AVAX/USD,6.415,2345.9448097,13.40582999,2332.53897971,UP,0.988636000292215,471.87012793800005,466.50779594200003,466.50779594200003,10.0,0.9299719887955182,0.9467787114845938,0.7983193277310925,False,True,
2026-08-13T18:50:12.450008+00:00,1786646700,1786647000,5m,DOT/USD,0.7709,3891.0505836499997,0.0,3891.0505836499997,UP,1.0,778.21011673,778.21011673,778.21011673,9.0,0.9601226993865031,0.9601226993865031,0.8466257668711656,True,True,
2026-08-13T18:50:27.824053+00:00,1786646700,1786647000,5m,LTC/USD,44.66,171.26886484000005,5.51019464,165.75867020000004,UP,0.9376600977942933,35.355811896,33.15173404000001,33.15173404000001,28.0,0.8810810810810811,0.9108108108108108,0.9243243243243243,True,True,
2026-08-13T18:51:13.947468+00:00,1786646700,1786647000,5m,ADA/USD,0.18142,13556.23404356,85427.29751319,-71871.06346963,DOWN,0.7260911218188282,19796.706311349997,-14374.212693926,14374.212693926,32.0,0.8722222222222222,0.9027777777777778,0.8527777777777777,False,True,
2026-08-13T18:55:19.533033+00:00,1786647000,1786647300,5m,BTC/USD,63285.4,4.785149670000001,0.05402087000000001,4.7311288000000005,UP,0.9776735002193163,0.9678341079999999,0.9462257600000001,0.9462257600000001,175.0,0.8157181571815718,0.8997289972899729,0.7669376693766937,True,True,
2026-08-13T18:55:19.533048+00:00,1786647000,1786647300,5m,ETH/USD,1884.09,293.3674919700002,3.67135433,289.6961376400002,UP,0.9752803084463099,59.407769259999995,57.93922752800004,57.93922752800004,144.0,0.9891891891891892,0.9891891891891892,0.9891891891891892,True,True,
2026-08-13T18:55:19.533078+00:00,1786647000,1786647300,5m,ADA/USD,0.181539,170472.8854742601,49056.720217359994,121416.16525690012,UP,0.55307421918963,43905.921138324,24283.233051380023,24283.233051380023,67.0,0.9472222222222222,0.9305555555555556,0.9333333333333333,True,True,
2026-08-13T18:55:34.903035+00:00,1786647000,1786647300,5m,LINK/USD,8.79971,385.52123535000004,49.22320585999999,336.29802949000003,UP,0.7735533743778308,86.948888242,67.259605898,67.259605898,27.0,0.7058823529411765,0.7170868347338936,0.9019607843137255,True,True,
2026-08-13T18:55:34.903066+00:00,1786647000,1786647300,5m,DOT/USD,0.7721,12.99220516,316.28852468,-303.29631952,DOWN,0.9210873641690904,65.85614596799999,-60.659263904,60.659263904,13.0,0.7607361963190185,0.7760736196319018,0.9079754601226994,True,True,
2026-08-13T19:00:41.926414+00:00,1786647300,1786647600,5m,BTC/USD,63249.9,2.5118995999999987,0.3927212600000001,2.1191783399999986,UP,0.7295886252087301,0.580924172,0.4238356679999997,0.4238356679999997,178.0,0.7154471544715447,0.7886178861788617,0.7777777777777778,True,True,
2026-08-13T19:00:57.296766+00:00,1786647300,1786647600,5m,ADA/USD,0.181501,16462.937884220002,59279.03398497,-42816.09610075,DOWN,0.5652889018349752,15148.394373838,-8563.21922015,8563.21922015,66.0,0.85,0.8305555555555556,0.9277777777777778,False,True,
2026-08-13T19:05:18.360773+00:00,1786647600,1786647900,5m,SOL/USD,75.92,385.3944095400001,4304.92612135,-3919.53171181,DOWN,0.8356639351183658,938.064106178,-783.906342362,783.906342362,116.0,0.9756756756756757,0.9837837837837838,0.972972972972973,True,True,
2026-08-13T19:05:18.360803+00:00,1786647600,1786647900,5m,ETH/USD,1883.76,4.41658635,54.09854059999999,-49.68195424999999,DOWN,0.8490446289632462,11.70302539,-9.936390849999999,9.936390849999999,108.0,0.8972972972972973,0.9027027027027027,0.9648648648648649,True,True,
2026-08-13T19:05:18.360819+00:00,1786647600,1786647900,5m,XRP/USD,1.00736,19410.60758861,4352.75672954,15057.85085907,UP,0.6336582083863059,4752.67286363,3011.570171814,3011.570171814,36.0,0.7891891891891892,0.8,0.4972972972972973,True,True,
2026-08-13T19:05:33.736965+00:00,1786647600,1786647900,5m,ADA/USD,0.181454,460989.7340582101,24506.76707721,436482.9669810001,UP,0.8990445162018817,97099.300227084,87296.59339620001,87296.59339620001,90.0,0.9722222222222222,0.9833333333333333,0.95,True,True,
2026-08-13T19:05:33.737011+00:00,1786647600,1786647900,5m,AVAX/USD,6.423,16.69077027,1575.56643007,-1558.8756598,DOWN,0.9790350826908668,318.451440068,-311.77513196,311.77513196,10.0,0.876750700280112,0.9159663865546218,0.7983193277310925,True,True,
2026-08-13T19:05:33.737026+00:00,1786647600,1786647900,5m,DOT/USD,0.7714,31.9533073,1426.51328489,-1394.55997759,DOWN,0.9561823253667817,291.693318438,-278.911995518,278.911995518,8.0,0.9079754601226994,0.9202453987730062,0.8220858895705522,True,True,
2026-08-13T19:05:33.737042+00:00,1786647600,1786647900,5m,AAVE/USD,87.65,0.0,11.99202416,-11.99202416,DOWN,1.0,2.3984048319999998,-2.3984048319999998,2.3984048319999998,4.0,0.7404580152671756,0.7824427480916031,0.6603053435114504,False,True,
2026-08-13T19:05:49.109552+00:00,1786647600,1786647900,5m,LTC/USD,44.65,7.609376800000001,643.6322094200001,-636.0228326200001,DOWN,0.9766311704872318,130.24831724400002,-127.20456652400003,127.20456652400003,40.0,0.981081081081081,0.981081081081081,0.972972972972973,False,True,
2026-08-13T19:10:10.159539+00:00,1786647900,1786648200,5m,SOL/USD,76.13,463.2580248600001,3247.2155015499843,-2783.957476689984,DOWN,0.7502970865779394,742.094705282,-556.7914953379968,556.7914953379968,469.0,0.9675675675675676,0.9675675675675676,1.0,True,True,
2026-08-13T19:10:25.526823+00:00,1786647900,1786648200,5m,BTC/USD,63394.8,12.631211049999997,0.37523379,12.255977259999998,UP,0.9423003296264316,2.601288968,2.4511954519999994,2.4511954519999994,270.0,0.962059620596206,0.964769647696477,0.948509485094851,True,True,
2026-08-13T19:10:40.900460+00:00,1786647900,1786648200,5m,DOGE/USD,0.0701029,4609.24772698,25868.81326529,-21259.56553831,DOWN,0.6975366819989618,6095.612198454,-4251.913107662,4251.913107662,18.0,0.7106741573033708,0.7219101123595506,0.8820224719101124,False,True,
2026-08-13T19:15:32.598146+00:00,1786648200,1786648500,5m,BTC/USD,63336.6,0.5929579700000002,4.921180110000001,-4.32822214,DOWN,0.7849317658001047,1.1028276160000001,-0.8656444280000001,0.8656444280000001,121.0,0.8319783197831978,0.8888888888888888,0.5230352303523035,True,True,
2026-08-13T19:16:03.348833+00:00,1786648200,1786648500,5m,DOT/USD,0.7728,59.739657359999995,552.0856925500001,-492.34603519000007,DOWN,0.8047166323893321,122.365069982,-98.46920703800001,98.46920703800001,8.0,0.8496932515337423,0.8558282208588958,0.8220858895705522,False,True,
2026-08-13T19:21:10.517873+00:00,1786648500,1786648800,5m,SOL/USD,76.1,415.51739808,59.6494379,355.86796018,UP,0.7489326552978934,95.033367196,71.173592036,71.173592036,49.0,0.7621621621621621,0.7891891891891892,0.754054054054054,False,True,
2026-08-13T19:25:31.636846+00:00,1786648800,1786649100,5m,ETH/USD,1886.94,57.360283939999995,2.2697311,55.090552839999994,UP,0.9238728650838858,11.926003008,11.018110567999999,11.018110567999999,62.0,0.9027027027027027,0.918918918918919,0.8594594594594595,True,True,
2026-08-13T19:25:47.019929+00:00,1786648800,1786649100,5m,LINK/USD,8.7944,100.69387435,1218.6677558800004,-1117.9738815300004,DOWN,0.8473597048105055,263.872326046,-223.59477630600009,223.59477630600009,33.0,0.865546218487395,0.8739495798319328,0.9467787114845938,False,True,
2026-08-13T19:30:23.409406+00:00,1786649100,1786649400,5m,SOL/USD,76.07,39.49722520999999,704.2383261299999,-664.7411009199999,DOWN,0.8937869108479829,148.747110268,-132.94822018399998,132.94822018399998,34.0,0.8216216216216217,0.8432432432432433,0.44054054054054054,True,True,
2026-08-13T19:30:38.785153+00:00,1786649100,1786649400,5m,DOGE/USD,0.0701553,59925.6142972,0.0,59925.6142972,UP,1.0,11985.12285944,11985.12285944,11985.12285944,5.0,0.8202247191011236,0.8567415730337079,0.4157303370786517,False,True,
2026-08-13T19:30:54.158700+00:00,1786649100,1786649400,5m,DOT/USD,0.7729,277.52730673,4.23510859,273.29219814000004,UP,0.9699384420367767,56.352483064,54.65843962800001,54.65843962800001,6.0,0.7361963190184049,0.7699386503067485,0.7085889570552147,False,True,
2026-08-13T19:30:54.158716+00:00,1786649100,1786649400,5m,AAVE/USD,87.68,0.12706839,19.925999830000002,-19.79893144,DOWN,0.9873267882394905,4.010613644,-3.959786288,3.959786288,10.0,0.8320610687022901,0.8473282442748091,0.851145038167939,False,True,
2026-08-13T19:35:45.941800+00:00,1786649400,1786649700,5m,BTC/USD,63342.2,2.76680845,0.5980466200000001,2.1687618300000002,UP,0.6445335043806212,0.672971014,0.43375236600000006,0.43375236600000006,142.0,0.7506775067750677,0.7967479674796748,0.6531165311653117,True,True,
2026-08-13T19:35:45.941831+00:00,1786649400,1786649700,5m,XRP/USD,1.00841,26807.038108860004,1805.54010569,25001.498003170003,UP,0.8737939592754453,5722.515642910001,5000.299600634001,5000.299600634001,52.0,0.8162162162162162,0.8783783783783784,0.7891891891891892,False,True,
2026-08-13T19:36:01.331697+00:00,1786649400,1786649700,5m,LINK/USD,8.79691,1264.4857303200001,0.0,1264.4857303200001,UP,1.0,252.89714606399997,252.89714606400003,252.89714606400003,9.0,0.8627450980392157,0.8935574229691877,0.6274509803921569,False,True,
2026-08-13T19:36:01.331712+00:00,1786649400,1786649700,5m,AVAX/USD,6.423,0.50925926,1405.2641558,-1404.7548965400001,DOWN,0.9992754746183926,281.15468301199996,-280.950979308,280.950979308,6.0,0.8683473389355743,0.8935574229691877,0.5994397759103641,False,True,
2026-08-13T19:45:29.704676+00:00,1786650000,1786650300,5m,BTC/USD,63349.1,2.77635823,0.32161988999999996,2.45473834,UP,0.7923678750836368,0.619595624,0.490947668,0.490947668,115.0,0.7371273712737128,0.8184281842818428,0.48509485094850946,True,True,
2026-08-13T19:45:45.078788+00:00,1786650000,1786650300,5m,DOT/USD,0.7732,0.0,1130.28130788,-1130.28130788,DOWN,1.0,226.056261576,-226.056261576,226.056261576,10.0,0.8957055214723927,0.9049079754601227,0.8619631901840491,False,True,
2026-08-13T19:50:36.876694+00:00,1786650300,1786650600,5m,SOL/USD,76.09,782.92252105,206.71698295999997,576.20553809,UP,0.5822378105918634,197.927900802,115.241107618,115.241107618,55.0,0.8621621621621621,0.8297297297297297,0.7945945945945946,True,True,
2026-08-13T19:50:36.876724+00:00,1786650300,1786650600,5m,ETH/USD,1885.97,5.59914249,18.664287709999996,-13.065145219999996,DOWN,0.5384706577885265,4.85268604,-2.6130290439999992,2.6130290439999992,43.0,0.7432432432432432,0.727027027027027,0.6027027027027027,True,True,
2026-08-13T19:50:52.254201+00:00,1786650300,1786650600,5m,DOGE/USD,0.0702329,65876.13090158,8654.92866585,57221.20223573001,UP,0.7677497484650763,14906.211913486,11444.240447146001,11444.240447146001,16.0,0.8426966292134831,0.848314606741573,0.8567415730337079,False,True,
2026-08-13T19:51:07.640517+00:00,1786650300,1786650600,5m,LTC/USD,44.73,79.88990876000001,1.80044673,78.08946203,UP,0.9559202131218439,16.338071098,15.617892406000001,15.617892406000001,16.0,0.7243243243243244,0.8135135135135135,0.6216216216216216,False,True,
2026-08-13T19:55:59.550672+00:00,1786650600,1786650900,5m,DOT/USD,0.7731,15.14684591,463.47374539000003,-448.32689948,DOWN,0.9367062504817895,95.72411826,-89.665379896,89.665379896,5.0,0.8251533742331288,0.8374233128834356,0.6257668711656442,False,True,
2026-08-13T19:55:59.550702+00:00,1786650600,1786650900,5m,LTC/USD,44.73,71.72922746,492.72405372,-420.99482625999997,DOWN,0.7458452989765646,112.890656236,-84.198965252,84.198965252,43.0,0.9702702702702702,0.9648648648648649,0.9837837837837838,False,True,
2026-08-13T20:00:36.102851+00:00,1786650900,1786651200,5m,LINK/USD,8.80991,2418.0257704200003,24.181508,2393.84426242,UP,0.9801970060332925,488.441455684,478.76885248400004,478.76885248400004,17.0,0.9243697478991597,0.9355742296918768,0.8011204481792717,True,True,
2026-08-13T20:00:36.102899+00:00,1786650900,1786651200,5m,AAVE/USD,87.6,75.83705753,0.0,75.83705753,UP,1.0,15.167411505999999,15.167411505999999,15.167411505999999,14.0,0.9427480916030534,0.9465648854961832,0.8969465648854962,False,True,
2026-08-13T20:05:58.691894+00:00,1786651200,1786651500,5m,DOT/USD,0.7735,378.92501857999997,3.91187543,375.01314314999996,UP,0.9795637489949032,76.567378802,75.00262862999999,75.00262862999999,6.0,0.7975460122699386,0.8220858895705522,0.7085889570552147,False,True,
2026-08-13T20:10:35.196486+00:00,1786651500,1786651800,5m,SOL/USD,76.23,515.2982769700001,2857.0597440900015,-2341.7614671200013,DOWN,0.6943988308761884,674.471604212,-468.35229342400027,468.35229342400027,107.0,0.9621621621621622,0.9540540540540541,0.9675675675675676,True,True,
2026-08-13T20:10:35.196531+00:00,1786651500,1786651800,5m,XRP/USD,1.01005,13701.96695193,54404.24381480999,-40702.27686287999,DOWN,0.597629443844454,13621.242153348,-8140.455372575998,8140.455372575998,63.0,0.9216216216216216,0.918918918918919,0.8621621621621621,False,True,
2026-08-13T20:10:50.582857+00:00,1786651500,1786651800,5m,ADA/USD,0.181533,833400.5570751599,1826.2317915800002,831574.3252835799,UP,0.9956269798432642,167045.357773348,166314.86505671596,166314.86505671596,170.0,0.9888888888888889,0.9916666666666667,0.9861111111111112,False,True,
2026-08-13T20:10:50.582888+00:00,1786651500,1786651800,5m,LINK/USD,8.83989,3485.1046254500006,459.85887031,3025.2457551400007,UP,0.7668628007309823,788.992699152,605.0491510280001,605.0491510280001,47.0,0.9607843137254902,0.9551820728291317,0.9663865546218487,False,True,
2026-08-13T20:11:05.965359+00:00,1786651500,1786651800,5m,LTC/USD,44.76,50.48534764,254.77731042,-204.29196278,DOWN,0.6692333876613432,61.052531611999996,-40.858392556,40.858392556,24.0,0.9378378378378378,0.9324324324324325,0.8702702702702703,False,True,
2026-08-13T20:15:27.136240+00:00,1786651800,1786652100,5m,SOL/USD,76.12,92.20280953999999,902.39906299,-810.19625345,DOWN,0.8145935331783344,198.920374506,-162.03925069,162.03925069,85.0,0.8648648648648649,0.8783783783783784,0.9351351351351351,True,True,
2026-08-13T20:15:57.933769+00:00,1786651800,1786652100,5m,LTC/USD,44.75,17.697332760000002,93.76224385,-76.06491109000001,DOWN,0.6824439263406961,22.291915322,-15.212982218000002,15.212982218000002,14.0,0.7972972972972973,0.8054054054054054,0.5027027027027027,False,True,
2026-08-13T20:20:34.448697+00:00,1786652100,1786652400,5m,SOL/USD,76.16,363.11753552,18.871980609999998,344.24555491,UP,0.9011911070167832,76.39790322600001,68.849110982,68.849110982,41.0,0.7081081081081081,0.7837837837837838,0.5864864864864865,True,True,
2026-08-13T20:20:34.448712+00:00,1786652100,1786652400,5m,BTC/USD,63377.7,4.172880500000001,0.33855128,3.8343292200000008,UP,0.8499140421447313,0.902286356,0.7668658440000001,0.7668658440000001,143.0,0.7994579945799458,0.8644986449864499,0.6558265582655827,True,True,
2026-08-13T20:21:05.216056+00:00,1786652100,1786652400,5m,AAVE/USD,88.11,39.75521817,0.0,39.75521817,UP,1.0,7.9510436339999995,7.9510436339999995,7.9510436339999995,11.0,0.8893129770992366,0.9083969465648855,0.8664122137404581,False,True,
2026-08-13T20:25:11.000728+00:00,1786652400,1786652700,5m,LTC/USD,44.72,13.39660161,89.51619482000001,-76.11959321,DOWN,0.7396513927378855,20.582559286,-15.223918642000001,15.223918642000001,16.0,0.7810810810810811,0.8081081081081081,0.6216216216216216,True,True,
2026-08-13T20:25:57.140334+00:00,1786652400,1786652700,5m,AVAX/USD,6.407,7.7566747000000005,506.10371201000004,-498.34703731,DOWN,0.969810186188267,102.77207734199999,-99.66940746200001,99.66940746200001,7.0,0.7478991596638656,0.7759103641456583,0.680672268907563,False,True,
2026-08-13T20:30:49.118290+00:00,1786652700,1786653000,5m,LINK/USD,8.83068,601.35011287,12.6278937,588.72221917,UP,0.9588653223246678,122.79560131400001,117.74444383400001,117.74444383400001,11.0,0.7703081232492998,0.8095238095238095,0.6946778711484594,False,True,
2026-08-13T20:35:56.496010+00:00,1786653000,1786653300,5m,SOL/USD,76.23,83.51141639,317.57489186000004,-234.06347547000004,DOWN,0.5835738359936898,80.21726165,-46.812695094000006,46.812695094000006,69.0,0.727027027027027,0.7054054054054054,0.8864864864864865,False,True,
2026-08-13T20:36:11.880506+00:00,1786653000,1786653300,5m,DOGE/USD,0.0702079,42.5,190689.26144052003,-190646.76144052003,DOWN,0.9995543479525485,38146.352288104,-38129.352288104004,38129.352288104004,9.0,0.9129213483146067,0.9297752808988764,0.7415730337078652,False,True,
2026-08-13T20:41:19.193783+00:00,1786653300,1786653600,5m,SOL/USD,76.2,291.7785855,1540.6874414499998,-1248.9088559499999,DOWN,0.681545435267203,366.49320539,-249.78177118999997,249.78177118999997,72.0,0.9324324324324325,0.9216216216216216,0.9,False,True,
2026-08-13T20:45:25.074094+00:00,1786653600,1786653900,5m,BTC/USD,63352.6,1.6105251999999997,5.014575099999998,-3.4040498999999986,DOWN,0.5138110739244204,1.32502006,-0.6808099799999997,0.6808099799999997,200.0,0.8563685636856369,0.8482384823848238,0.8238482384823849,True,True,
2026-08-13T20:50:47.907665+00:00,1786653900,1786654200,5m,ADA/USD,0.18151,512.764309,57980.421333369995,-57467.65702437,DOWN,0.9824675540109898,11698.637128474,-11493.531404874,11493.531404874,29.0,0.8222222222222222,0.8722222222222222,0.8444444444444444,False,True,
2026-08-13T20:51:03.302890+00:00,1786653900,1786654200,5m,LTC/USD,44.68,33.33471971,250.74168452,-217.40696481,DOWN,0.7653115907295783,56.81528084599999,-43.481392962,43.481392962,31.0,0.9351351351351351,0.9378378378378378,0.9378378378378378,False,True,
2026-08-13T20:55:39.892823+00:00,1786654200,1786654500,5m,BTC/USD,63323.4,0.3679490499999999,2.7114669699999996,-2.3435179199999996,DOWN,0.7610267351924732,0.615883204,-0.4687035839999999,0.4687035839999999,141.0,0.7289972899728997,0.8130081300813008,0.6422764227642277,True,True,
2026-08-13T21:05:54.785145+00:00,1786654800,1786655100,5m,LINK/USD,8.845,892.09121872,46.57044345,845.5207752700001,UP,0.9007726738464245,187.732332434,169.10415505400002,169.10415505400002,13.0,0.8291316526610645,0.84593837535014,0.7338935574229691,False,True,
2026-08-13T21:05:54.785175+00:00,1786654800,1786655100,5m,DOT/USD,0.771,47.22803909,235.91187544,-188.68383634999998,DOWN,0.6663978713958679,56.627982906,-37.736767269999994,37.736767269999994,8.0,0.7392638036809815,0.7331288343558282,0.8220858895705522,False,True,
2026-08-13T21:05:54.785206+00:00,1786654800,1786655100,5m,LTC/USD,44.72,43.373088949999996,157.78837048000003,-114.41528153000003,DOWN,0.5687733716697067,40.232291886,-22.883056306000007,22.883056306000007,28.0,0.9054054054054054,0.8594594594594595,0.9243243243243243,False,True,
2026-08-13T21:10:46.835023+00:00,1786655100,1786655400,5m,ADA/USD,0.181954,2471.384019,36375.5058929,-33904.1218739,DOWN,0.8727628376632057,7769.37798238,-6780.824374780001,6780.824374780001,5.0,0.7555555555555555,0.7777777777777778,0.2777777777777778,False,True,
2026-08-13T21:10:46.835085+00:00,1786655100,1786655400,5m,DOT/USD,0.7728,1235.84206809,0.0,1235.84206809,UP,1.0,247.16841361800002,247.16841361800002,247.16841361800002,11.0,0.8987730061349694,0.9141104294478528,0.8834355828220859,False,True,
2026-08-13T21:15:38.914737+00:00,1786655400,1786655700,5m,XRP/USD,1.0079,4007.5107088600007,69022.59356597003,-65015.082857110036,DOWN,0.8902504453840361,14606.020854965998,-13003.016571422007,13003.016571422007,54.0,0.9297297297297298,0.9513513513513514,0.8081081081081081,True,True,
2026-08-13T21:25:07.789343+00:00,1786656000,1786656300,5m,DOT/USD,0.7728,0.0,360.39151044,-360.39151044,DOWN,1.0,72.078302088,-72.078302088,72.078302088,3.0,0.7822085889570553,0.8098159509202454,0.4294478527607362,True,True,
2026-08-13T21:25:23.181133+00:00,1786656000,1786656300,5m,LTC/USD,44.69,16.434760869999998,373.6780982,-357.24333733000003,DOWN,0.9157435573429739,78.022571814,-71.448667466,71.448667466,25.0,0.9513513513513514,0.9594594594594594,0.8891891891891892,True,True,
2026-08-13T21:30:15.317514+00:00,1786656300,1786656600,5m,LTC/USD,44.72,17.45417817,259.15359803,-241.69941986,DOWN,0.8737983551309865,55.321555239999995,-48.339883972,48.339883972,20.0,0.9324324324324325,0.9459459459459459,0.7783783783783784,True,True,
2026-08-13T21:30:46.083536+00:00,1786656300,1786656600,5m,BTC/USD,63383.1,0.8715088500000002,4.408392180000001,-3.5368833300000007,DOWN,0.6698768234297755,1.055980206,-0.7073766660000002,0.7073766660000002,152.0,0.8238482384823849,0.8590785907859079,0.6937669376693767,False,True,
2026-08-13T21:31:01.491905+00:00,1786656300,1786656600,5m,LINK/USD,8.85043,677.58517158,0.0,677.58517158,UP,1.0,135.51703431599998,135.51703431599998,135.51703431599998,11.0,0.7899159663865546,0.8291316526610645,0.6946778711484594,False,True,
2026-08-13T21:31:16.889659+00:00,1786656300,1786656600,5m,AAVE/USD,88.5,2.0,28.25497287,-26.25497287,DOWN,0.8677903293059539,6.050994574,-5.250994574,5.250994574,4.0,0.8702290076335878,0.8816793893129771,0.6603053435114504,False,True,
2026-08-13T21:35:22.893919+00:00,1786656600,1786656900,5m,LINK/USD,8.85538,552.49722703,63.565122640000006,488.93210438999995,UP,0.793640618765132,123.212469934,97.78642087799999,97.78642087799999,32.0,0.773109243697479,0.7815126050420168,0.9411764705882353,True,True,
2026-08-13T21:36:09.055649+00:00,1786656600,1786656900,5m,BTC/USD,63410.0,4.98680836,1.0419724099999996,3.9448359500000008,UP,0.6543339525016434,1.205756154,0.7889671900000002,0.7889671900000002,198.0,0.8428184281842819,0.8699186991869918,0.8130081300813008,False,True,
2026-08-13T21:40:15.050036+00:00,1786656900,1786657200,5m,BTC/USD,63424.2,6.104442179999998,0.57472647,5.529715709999998,UP,0.8279047887194763,1.33583373,1.1059431419999997,1.1059431419999997,142.0,0.8590785907859079,0.9132791327913279,0.6531165311653117,True,True,
2026-08-13T21:40:15.050052+00:00,1786656900,1786657200,5m,ETH/USD,1887.48,27.267480110000005,2.0704950299999996,25.196985080000005,UP,0.8588522200240708,5.867595028,5.039397016000001,5.039397016000001,58.0,0.7783783783783784,0.8405405405405405,0.8135135135135135,True,True,
2026-08-13T21:40:30.457908+00:00,1786656900,1786657200,5m,ADA/USD,0.181703,50173.13236218,10494.2339605,39678.898401679995,UP,0.6540402329422756,12133.473264536,7935.779680335999,7935.779680335999,50.0,0.8277777777777777,0.8083333333333333,0.9083333333333333,True,True,
2026-08-13T21:40:30.457969+00:00,1786656900,1786657200,5m,DOT/USD,0.7733,0.0,322.67529,-322.67529,DOWN,1.0,64.535058,-64.535058,64.535058,4.0,0.754601226993865,0.7883435582822086,0.5521472392638037,True,True,
2026-08-13T21:50:30.193006+00:00,1786657500,1786657800,5m,ADA/USD,0.181509,1295.56666152,42362.348245040004,-41066.78158352,DOWN,0.9406491737274731,8731.582981312,-8213.356316704001,8213.356316704001,19.0,0.7777777777777778,0.8222222222222222,0.7416666666666667,True,True,
2026-08-13T21:55:37.771143+00:00,1786657800,1786658100,5m,ADA/USD,0.181655,3219.4850687599996,40854.64685715,-37635.16178839,DOWN,0.8539059113326587,8814.826385182,-7527.032357678001,7527.032357678001,10.0,0.7805555555555556,0.7972222222222223,0.5583333333333333,True,True,
2026-08-13T22:05:22.226521+00:00,1786658400,1786658700,5m,SOL/USD,76.25,1353.8811812999998,30.436785450000002,1323.4443958499996,UP,0.9560263087223272,276.86359335000003,264.68887916999995,264.68887916999995,61.0,0.9054054054054054,0.9297297297297298,0.845945945945946,True,True,
2026-08-13T22:05:37.624901+00:00,1786658400,1786658700,5m,DOGE/USD,0.0701757,99.66130265000001,67010.587,-66910.92569735,DOWN,0.9970299229947548,13422.04966053,-13382.18513947,13382.18513947,9.0,0.8314606741573034,0.8707865168539326,0.7415730337078652,True,True,
2026-08-13T22:05:53.021547+00:00,1786658400,1786658700,5m,AVAX/USD,6.43,1005.7616198699999,0.0,1005.7616198699999,UP,1.0,201.152323974,201.15232397399998,201.15232397399998,14.0,0.834733893557423,0.8627450980392157,0.8739495798319328,False,True,
2026-08-13T22:05:53.021563+00:00,1786658400,1786658700,5m,DOT/USD,0.7728,274.90376909,3.91187543,270.99189366,UP,0.9719393405148798,55.763128904,54.198378732,54.198378732,4.0,0.7331288343558282,0.7668711656441718,0.5521472392638037,False,True,
2026-08-13T22:05:53.021594+00:00,1786658400,1786658700,5m,LTC/USD,44.72,348.91559564000005,107.97854319000001,240.93705245000004,UP,0.5273367110092153,91.378827766,48.187410490000005,48.187410490000005,39.0,0.9540540540540541,0.9432432432432433,0.9702702702702702,False,True,
2026-08-13T22:10:29.842044+00:00,1786658700,1786659000,5m,SOL/USD,76.25,1410.4465774999996,8.965534649999999,1401.4810428499995,UP,0.987367256382757,283.88242243,280.2962085699999,280.2962085699999,73.0,0.9135135135135135,0.9351351351351351,0.9027027027027027,True,True,
2026-08-13T22:10:29.842060+00:00,1786658700,1786659000,5m,BTC/USD,63507.1,14.93837366,0.3040320200000001,14.63434164,UP,0.9601070819944219,3.048481136,2.9268683280000003,2.9268683280000003,253.0,0.964769647696477,0.975609756097561,0.9295392953929539,True,True,
2026-08-13T22:10:45.240303+00:00,1786658700,1786659000,5m,AAVE/USD,88.49,10.13253681,0.0541248,10.07841201,UP,0.9893733978663103,2.037332322,2.015682402,2.015682402,4.0,0.7137404580152672,0.7480916030534351,0.6603053435114504,False,True,
2026-08-13T22:11:00.635910+00:00,1786658700,1786659000,5m,LTC/USD,44.73,110.30914505,8.43529268,101.87385237,UP,0.8579252579530489,23.748887546,20.374770473999998,20.374770473999998,17.0,0.8108108108108109,0.8405405405405405,0.6756756756756757,False,True,
2026-08-13T22:20:29.701610+00:00,1786659300,1786659600,5m,ETH/USD,1889.89,39.190192169999996,3.54733178,35.642860389999996,UP,0.833994511046071,8.547504790000001,7.1285720779999995,7.1285720779999995,43.0,0.8432432432432433,0.8810810810810811,0.6027027027027027,True,True,
2026-08-13T22:20:45.103091+00:00,1786659300,1786659600,5m,ADA/USD,0.182005,78160.44913385001,11415.919422320001,66744.52971153,UP,0.7451131452116971,17915.273711234,13348.905942306,13348.905942306,40.0,0.8611111111111112,0.8944444444444445,0.8805555555555555,False,True,
2026-08-13T22:21:00.504580+00:00,1786659300,1786659600,5m,LTC/USD,44.71,16.10871323,85.41259789999998,-69.30388466999997,DOWN,0.6826535620807244,20.304262226,-13.860776933999995,13.860776933999995,12.0,0.7783783783783784,0.8,0.3945945945945946,False,True,
2026-08-13T22:25:37.386653+00:00,1786659600,1786659900,5m,SOL/USD,76.33,83.88944394999997,7511.613118240004,-7427.723674290004,DOWN,0.9779107588304697,1519.1005124380001,-1485.5447348580008,1485.5447348580008,185.0,0.9918918918918919,1.0,0.9864864864864865,True,True,
2026-08-13T22:25:52.787314+00:00,1786659600,1786659900,5m,ADA/USD,0.18252,96227.26358892002,0.0,96227.26358892002,UP,1.0,19245.452717784,19245.452717784003,19245.452717784003,45.0,0.8666666666666667,0.925,0.9,False,True,
2026-08-13T22:25:52.787344+00:00,1786659600,1786659900,5m,LINK/USD,8.868,2237.9869674300003,4.571903359999999,2233.4150640700004,UP,0.9959226012573849,448.51177415800004,446.6830128140001,446.6830128140001,31.0,0.9103641456582633,0.927170868347339,0.9355742296918768,False,True,
2026-08-13T22:35:06.596555+00:00,1786660200,1786660500,5m,LTC/USD,44.81,470.5413732299999,1.3489019199999999,469.1924713099999,UP,0.9942829848757904,94.37805503,93.83849426199998,93.83849426199998,30.0,0.9567567567567568,0.9675675675675676,0.9297297297297298,True,True,
2026-08-13T22:35:37.387237+00:00,1786660200,1786660500,5m,SOL/USD,76.33,45.854854350000004,1003.3032462,-957.44839185,DOWN,0.9125873320218154,209.83162011,-191.48967837,191.48967837,42.0,0.8729729729729729,0.9081081081081082,0.6,False,True,
2026-08-13T22:35:52.796551+00:00,1786660200,1786660500,5m,ETH/USD,1888.18,0.565496,19.295444939999996,-18.729948939999996,DOWN,0.9430544603391787,3.9721881879999996,-3.7459897879999993,3.7459897879999993,35.0,0.7054054054054054,0.8,0.4189189189189189,False,True,
2026-08-13T22:35:52.796582+00:00,1786660200,1786660500,5m,ADA/USD,0.182565,305656.27916513005,0.0,305656.27916513005,UP,1.0,61131.255833026,61131.25583302601,61131.25583302601,88.0,0.9555555555555556,0.9666666666666667,0.9472222222222222,False,True,
2026-08-13T22:36:08.200622+00:00,1786660200,1786660500,5m,AAVE/USD,88.46,50.596869999999996,0.59607,50.0008,UP,0.9767128045390635,10.238588,10.00016,10.00016,9.0,0.9045801526717557,0.9198473282442748,0.8396946564885496,False,True,
2026-08-13T22:40:45.781975+00:00,1786660500,1786660800,5m,ADA/USD,0.182382,368685.3630512001,2812.0180290599997,365873.3450221401,UP,0.984861169029601,74299.47621605199,73174.66900442803,73174.66900442803,130.0,0.9638888888888889,0.975,0.9722222222222222,False,True,
2026-08-13T22:40:45.782006+00:00,1786660500,1786660800,5m,LINK/USD,8.86465,919.1537929200001,0.0,919.1537929200001,UP,1.0,183.830758584,183.83075858400002,183.83075858400002,12.0,0.8263305322128851,0.8543417366946778,0.711484593837535,False,True,
2026-08-13T22:45:54.176551+00:00,1786660800,1786661100,5m,DOT/USD,0.7751,0.0,362.73167943999994,-362.73167943999994,DOWN,1.0,72.546335888,-72.54633588799999,72.54633588799999,14.0,0.7852760736196319,0.8128834355828221,0.9171779141104295,False,True,
2026-08-13T22:45:54.176567+00:00,1786660800,1786661100,5m,AAVE/USD,88.47,25.69469,5.481389999999999,20.213300000000004,UP,0.6483592549159485,6.235215999999999,4.042660000000001,4.042660000000001,9.0,0.8778625954198473,0.8587786259541985,0.8396946564885496,False,True,
2026-08-13T22:45:54.176582+00:00,1786660800,1786661100,5m,LTC/USD,44.81,41.50862987000001,520.6680335699999,-479.1594036999999,DOWN,0.8523288760653789,112.43533268799999,-95.83188073999999,95.83188073999999,39.0,0.9675675675675676,0.9702702702702702,0.9702702702702702,False,True,
2026-08-13T22:50:47.237085+00:00,1786661100,1786661400,5m,AAVE/USD,88.73,18.6815299,0.92716426,17.75436564,UP,0.9054333498768792,3.921738832,3.550873128,3.550873128,12.0,0.8244274809160306,0.8206106870229007,0.8893129770992366,False,True,
2026-08-13T23:01:04.455302+00:00,1786661700,1786662000,5m,SOL/USD,76.17,1348.7356747699998,152.40977293999998,1196.3259018299998,UP,0.7969420309371068,300.229089542,239.26518036599995,239.26518036599995,59.0,0.918918918918919,0.9162162162162162,0.8324324324324325,False,True,
2026-08-13T23:05:43.948331+00:00,1786662000,1786662300,5m,DOT/USD,0.7745,49.77429463,274.66098437999995,-224.88668974999996,DOWN,0.6931634883734958,64.88705580199999,-44.97733794999999,44.97733794999999,7.0,0.7576687116564417,0.7484662576687117,0.7699386503067485,False,True,
2026-08-13T23:05:59.380707+00:00,1786662000,1786662300,5m,LTC/USD,44.79,35.66670388,116.76079665,-81.09409277,DOWN,0.5320174672420052,30.485500106,-16.218818554000002,16.218818554000002,35.0,0.8540540540540541,0.8216216216216217,0.9540540540540541,False,True,
2026-08-13T23:10:21.696334+00:00,1786662300,1786662600,5m,SOL/USD,76.13,1354.0814521500004,50.902215850000005,1303.1792363000004,UP,0.9275404874670757,280.9967336,260.6358472600001,260.6358472600001,64.0,0.9108108108108108,0.9243243243243243,0.8648648648648649,True,True,
2026-08-13T23:10:21.696385+00:00,1786662300,1786662600,5m,ETH/USD,1885.22,52.700219629999985,0.8590176299999999,51.84120199999999,UP,0.9679227086140174,10.711847452,10.368240399999998,10.368240399999998,66.0,0.8783783783783784,0.9135135135135135,0.8756756756756757,True,True,
2026-08-13T23:10:37.186356+00:00,1786662300,1786662600,5m,XRP/USD,1.0077,18869.536766820005,30.86018,18838.676586820005,UP,0.9967344410715996,3780.0793893640002,3767.7353173640013,3767.7353173640013,18.0,0.7,0.8324324324324325,0.13513513513513514,True,True,
2026-08-13T23:10:37.186388+00:00,1786662300,1786662600,5m,DOGE/USD,0.0699993,34154.66382729,2544.05263517,31610.611192120003,UP,0.861354680468328,7339.7432924919995,6322.122238424001,6322.122238424001,15.0,0.7415730337078652,0.7724719101123596,0.851123595505618,True,True,
2026-08-13T23:10:37.186420+00:00,1786662300,1786662600,5m,AVAX/USD,6.436,482.48576543,0.0,482.48576543,UP,1.0,96.497153086,96.497153086,96.497153086,5.0,0.742296918767507,0.773109243697479,0.5098039215686274,False,True,
2026-08-13T23:15:45.626928+00:00,1786662600,1786662900,5m,AVAX/USD,6.433,581.0781383000001,0.0,581.0781383000001,UP,1.0,116.21562766,116.21562766000002,116.21562766000002,6.0,0.7619047619047619,0.8095238095238095,0.5994397759103641,False,True,
2026-08-13T23:20:54.407654+00:00,1786662900,1786663200,5m,AVAX/USD,6.433,14426.936247780008,0.0,14426.936247780008,UP,1.0,2885.387249556,2885.3872495560017,2885.3872495560017,78.0,0.988795518207283,0.9971988795518207,0.9859943977591037,False,True,
2026-08-13T23:30:25.847881+00:00,1786663500,1786663800,5m,XRP/USD,1.00776,20926.622364710005,614.06806167,20312.554303040004,UP,0.9429852943879666,4308.138085275999,4062.5108606080007,4062.5108606080007,24.0,0.7513513513513513,0.8486486486486486,0.23243243243243245,True,True,
2026-08-13T23:30:25.847927+00:00,1786663500,1786663800,5m,LINK/USD,8.8404,533.9311000299999,0.0,533.9311000299999,UP,1.0,106.78622000600001,106.78622000599998,106.78622000599998,5.0,0.7394957983193278,0.7955182072829131,0.34173669467787116,True,True,
2026-08-13T23:30:41.299276+00:00,1786663500,1786663800,5m,DOT/USD,0.7753,359.27996595999997,0.0,359.27996595999997,UP,1.0,71.855993192,71.855993192,71.855993192,5.0,0.7791411042944786,0.8067484662576687,0.6257668711656442,True,True,
2026-08-13T23:35:34.633298+00:00,1786663800,1786664100,5m,DOGE/USD,0.070074,12705.67671775,66474.43993486001,-53768.76321711001,DOWN,0.679069007349557,15836.023330521999,-10753.752643422002,10753.752643422002,8.0,0.848314606741573,0.8426966292134831,0.6853932584269663,True,True,
2026-08-13T23:35:50.147963+00:00,1786663800,1786664100,5m,AAVE/USD,88.54,0.0,11.29433024,-11.29433024,DOWN,1.0,2.2588660480000002,-2.2588660480000002,2.2588660480000002,1.0,0.732824427480916,0.7709923664122137,0.26717557251908397,False,True,
2026-08-13T23:40:43.742263+00:00,1786664100,1786664400,5m,ETH/USD,1884.56,8.703831510000002,59.950803189999995,-51.246971679999994,DOWN,0.7464459159084272,13.73092694,-10.249394335999998,10.249394335999998,62.0,0.9081081081081082,0.9108108108108108,0.8594594594594595,False,True,
2026-08-13T23:40:59.192714+00:00,1786664100,1786664400,5m,DOGE/USD,0.0700519,41019.25790344,40.97,40978.287903439996,UP,0.9980043949051453,8212.045580688,8195.657580688,8195.657580688,7.0,0.7584269662921348,0.8061797752808989,0.6264044943820225,False,True,
2026-08-13T23:40:59.192745+00:00,1786664100,1786664400,5m,AVAX/USD,6.443,3652.36927851,0.0,3652.36927851,UP,1.0,730.473855702,730.473855702,730.473855702,24.0,0.9495798319327731,0.9719887955182073,0.9299719887955182,False,True,
2026-08-13T23:45:36.973774+00:00,1786664400,1786664700,5m,BTC/USD,63391.0,0.8503564,5.84872818,-4.99837178,DOWN,0.746127582106151,1.339816916,-0.9996743560000001,0.9996743560000001,144.0,0.8617886178861789,0.9051490514905149,0.6666666666666666,False,True,
2026-08-13T23:45:52.416720+00:00,1786664400,1786664700,5m,ETH/USD,1884.69,1.4428547499999995,24.346174659999996,-22.903319909999997,DOWN,0.888103214195373,5.157805882,-4.580663981999999,4.580663981999999,33.0,0.754054054054054,0.8351351351351352,0.37567567567567567,False,True,
2026-08-13T23:45:52.416766+00:00,1786664400,1786664700,5m,DOGE/USD,0.0700785,7385.70764986,44810.11079393,-37424.40314407,DOWN,0.7170000252869407,10439.163688757999,-7484.8806288139995,7484.8806288139995,18.0,0.800561797752809,0.7949438202247191,0.8820224719101124,False,True,
2026-08-13T23:46:07.876089+00:00,1786664400,1786664700,5m,LINK/USD,8.85082,520.94013162,0.12568342,520.8144482,UP,0.999517590997635,104.213163008,104.16288964,104.16288964,7.0,0.7310924369747899,0.7843137254901961,0.5154061624649859,False,True,
2026-08-13T23:46:07.876121+00:00,1786664400,1786664700,5m,DOT/USD,0.7747,254.10283386999998,3.91187543,250.19095843999997,UP,0.9696771130559725,51.60294186,50.038191688,50.038191688,5.0,0.7208588957055214,0.7607361963190185,0.6257668711656442,False,True,
2026-08-13T23:50:45.968825+00:00,1786664700,1786665000,5m,DOT/USD,0.7735,224.1764,1686.7837367299999,-1462.6073367299998,DOWN,0.7653782559968973,382.192027346,-292.52146734599995,292.52146734599995,23.0,0.9171779141104295,0.9233128834355828,0.9601226993865031,False,True,
2026-08-13T23:50:45.968841+00:00,1786664700,1786665000,5m,AAVE/USD,88.13,0.0,71.50379756,-71.50379756,DOWN,1.0,14.300759511999999,-14.300759511999999,14.300759511999999,36.0,0.9351145038167938,0.9389312977099237,0.9732824427480916,False,True,
2026-08-13T23:55:55.178481+00:00,1786665000,1786665300,5m,AAVE/USD,87.7,39.733745369999994,122.89154267,-83.15779730000001,DOWN,0.511346041579623,32.525057608,-16.631559460000002,16.631559460000002,49.0,0.9732824427480916,0.9580152671755725,0.9847328244274809,False,True,
2026-08-14T00:00:48.679153+00:00,1786665300,1786665600,5m,AVAX/USD,6.45,1061.0234045999998,0.0,1061.0234045999998,UP,1.0,212.20468092000002,212.20468091999996,212.20468091999996,4.0,0.8403361344537815,0.8683473389355743,0.42016806722689076,False,True,
2026-08-14T00:00:48.679216+00:00,1786665300,1786665600,5m,AAVE/USD,87.83,3.05256463,112.87073825999998,-109.81817362999998,DOWN,0.9473347540330765,23.184660578,-21.963634725999995,21.963634725999995,28.0,0.9656488549618321,0.9809160305343512,0.9618320610687023,False,True,
2026-08-14T00:05:42.302373+00:00,1786665600,1786665900,5m,BTC/USD,63410.7,0.3663929000000001,7.486722649999998,-7.120329749999998,DOWN,0.9066885244035406,1.57062311,-1.4240659499999997,1.4240659499999997,199.0,0.8997289972899729,0.9349593495934959,0.8184281842818428,True,True,
2026-08-14T00:05:42.302406+00:00,1786665600,1786665900,5m,XRP/USD,1.00894,1443.77092914,21661.792203810004,-20218.021274670005,DOWN,0.8750282846747769,4621.11262659,-4043.604254934001,4043.604254934001,35.0,0.7756756756756756,0.845945945945946,0.4756756756756757,False,True,
2026-08-14T00:05:57.775766+00:00,1786665600,1786665900,5m,DOT/USD,0.7715,217.98181858000004,68.41135942999999,149.57045915000003,UP,0.5222556633132422,57.278635601999994,29.914091830000007,29.914091830000007,6.0,0.7423312883435583,0.7147239263803681,0.7085889570552147,False,True,
2026-08-14T00:10:35.997707+00:00,1786665900,1786666200,5m,SOL/USD,76.21,39.974617050000006,356.24058001000003,-316.26596296,DOWN,0.7982176486585065,79.243039412,-63.253192592000005,63.253192592000005,32.0,0.7216216216216216,0.7594594594594595,0.3945945945945946,True,True,
2026-08-14T00:10:51.446479+00:00,1786665900,1786666200,5m,DOGE/USD,0.07006,0.0,105440.12800771999,-105440.12800771999,DOWN,1.0,21088.025601544003,-21088.025601544,21088.025601544,15.0,0.8707865168539326,0.898876404494382,0.851123595505618,False,True,
2026-08-14T00:10:51.446495+00:00,1786665900,1786666200,5m,LINK/USD,8.85823,15.246323709999999,1109.7083288499998,-1094.4620051399997,DOWN,0.9728943319176381,224.99093051200003,-218.89240102799994,218.89240102799994,9.0,0.8431372549019608,0.865546218487395,0.6274509803921569,False,True,
2026-08-14T00:10:51.446525+00:00,1786665900,1786666200,5m,DOT/USD,0.7708,114.60838272999999,1198.88716957,-1084.27878684,DOWN,0.8254910227456582,262.69911046000004,-216.855757368,216.855757368,13.0,0.9049079754601227,0.8987730061349694,0.9079754601226994,False,True,
2026-08-14T00:11:06.887480+00:00,1786665900,1786666200,5m,LTC/USD,44.78,20.988403869999992,73.03350847,-52.04510460000001,DOWN,0.5535422892888588,18.804382468,-10.409020920000001,10.409020920000001,18.0,0.7594594594594595,0.7135135135135136,0.7216216216216216,False,True,
2026-08-14T00:15:29.523236+00:00,1786666200,1786666500,5m,SOL/USD,76.11,33.743574460000005,5613.386799740003,-5579.643225280003,DOWN,0.9880493021325791,1129.42607484,-1115.9286450560007,1115.9286450560007,157.0,0.9891891891891892,0.9972972972972973,0.9783783783783784,True,True,
2026-08-14T00:16:00.539257+00:00,1786666200,1786666500,5m,AAVE/USD,88.18,11.76570875,1.049331,10.71637775,UP,0.8362344525696848,2.5630079500000003,2.14327555,2.14327555,7.0,0.7519083969465649,0.7595419847328244,0.7862595419847328,False,True,
2026-08-14T00:16:00.539273+00:00,1786666200,1786666500,5m,LTC/USD,44.76,122.48670321,32.99516239,89.49154082000001,UP,0.5755754246622573,31.09637312,17.898308164000003,17.898308164000003,25.0,0.8594594594594595,0.8297297297297297,0.8891891891891892,False,True,
2026-08-14T00:20:54.365931+00:00,1786666500,1786666800,5m,ETH/USD,1885.13,0.8493485600000001,57.42840678,-56.57905822,DOWN,0.9708517064514653,11.655551068,-11.315811644,11.315811644,57.0,0.8945945945945946,0.9243243243243243,0.7945945945945946,False,True,
2026-08-14T00:21:09.816944+00:00,1786666500,1786666800,5m,LTC/USD,44.77,243.96247995000002,0.0,243.96247995000002,UP,1.0,48.79249599,48.792495990000006,48.792495990000006,14.0,0.9216216216216216,0.9486486486486486,0.5027027027027027,False,True,
2026-08-14T00:25:17.108294+00:00,1786666800,1786667100,5m,SOL/USD,76.13,4240.1959120400015,575.62226372,3664.5736483200017,UP,0.7609451840946387,963.1636351519999,732.9147296640003,732.9147296640003,105.0,0.981081081081081,0.981081081081081,0.9648648648648649,True,True,
2026-08-14T00:25:32.615747+00:00,1786666800,1786667100,5m,DOGE/USD,0.070165,32750.023822659998,6365.286518999999,26384.737303659997,UP,0.674537337763591,7823.062068331999,5276.947460731999,5276.947460731999,9.0,0.75,0.75,0.7415730337078652,True,True,
2026-08-14T00:25:48.098781+00:00,1786666800,1786667100,5m,AAVE/USD,88.49,3.53743133,11.305822489999999,-7.768391159999998,DOWN,0.5233617409097164,2.968650764,-1.5536782319999998,1.5536782319999998,6.0,0.7748091603053435,0.7213740458015268,0.7442748091603053,False,True,
2026-08-14T00:30:26.300146+00:00,1786667100,1786667400,5m,SOL/USD,76.02,19.256090729999997,932.0325691,-912.7764783700001,DOWN,0.9595157778219681,190.257731966,-182.555295674,182.555295674,61.0,0.8540540540540541,0.8972972972972973,0.845945945945946,True,True,
2026-08-14T00:30:26.300163+00:00,1786667100,1786667400,5m,BTC/USD,63382.7,7.337656380000003,1.22201398,6.115642400000003,UP,0.7144717194459812,1.711934072,1.2231284800000006,1.2231284800000006,219.0,0.907859078590786,0.9214092140921409,0.8807588075880759,True,True,
2026-08-14T00:30:26.300179+00:00,1786667100,1786667400,5m,ETH/USD,1884.43,3.5547583899999995,50.54080720000001,-46.986048810000014,DOWN,0.8685748692622184,10.819113118,-9.397209762000003,9.397209762000003,26.0,0.8837837837837837,0.9,0.22702702702702704,True,True,
2026-08-14T00:30:41.773282+00:00,1786667100,1786667400,5m,AAVE/USD,88.25,0.0,13.28330384,-13.28330384,DOWN,1.0,2.656660768,-2.656660768,2.656660768,3.0,0.7557251908396947,0.7938931297709924,0.6106870229007634,False,True,
2026-08-14T00:30:41.773297+00:00,1786667100,1786667400,5m,LTC/USD,44.74,14.46060198,258.45155289,-243.99095091,DOWN,0.8940274244150964,54.582430974,-48.798190182,48.798190182,37.0,0.9297297297297298,0.9513513513513514,0.9567567567567568,False,True,
2026-08-14T00:35:19.681447+00:00,1786667400,1786667700,5m,SOL/USD,75.92,182.83246436000002,1090.37947195,-907.5470075899999,DOWN,0.7128012090589069,254.642387262,-181.50940151799998,181.50940151799998,66.0,0.8972972972972973,0.8945945945945946,0.8702702702702703,True,True,
2026-08-14T00:35:35.142539+00:00,1786667400,1786667700,5m,ETH/USD,1882.8,56.22452600000001,12.475522250000001,43.749003750000014,UP,0.6368118344079913,13.74000965,8.749800750000002,8.749800750000002,53.0,0.9108108108108108,0.8918918918918919,0.7324324324324324,True,True,
2026-08-14T00:40:28.671725+00:00,1786667700,1786668000,5m,SOL/USD,75.97,71.75355052,859.3999152899999,-787.6463647699999,DOWN,0.8458824390293551,186.230693162,-157.52927295399996,157.52927295399996,49.0,0.8513513513513513,0.8702702702702703,0.754054054054054,True,True,
2026-08-14T00:40:59.598178+00:00,1786667700,1786668000,5m,LINK/USD,8.86275,177.60300399,2287.77088061,-2110.16787662,DOWN,0.8559220529596745,493.07477692000003,-422.03357532399997,422.03357532399997,26.0,0.927170868347339,0.9215686274509803,0.8935574229691877,False,True,
2026-08-14T00:40:59.598292+00:00,1786667700,1786668000,5m,DOT/USD,0.7723,14.65124038,623.68417994,-609.03293956,DOWN,0.9540954804837392,127.66708406400001,-121.80658791200001,121.80658791200001,6.0,0.8558282208588958,0.8650306748466258,0.7085889570552147,False,True,
2026-08-14T00:45:37.694745+00:00,1786668000,1786668300,5m,SOL/USD,76.07,291.95859049999996,1008.7384563999999,-716.7798659,DOWN,0.5510736474787333,260.13940938,-143.35597318,143.35597318,82.0,0.9,0.8594594594594595,0.9297297297297298,True,True,
2026-08-14T00:50:31.469868+00:00,1786668300,1786668600,5m,SOL/USD,75.96,66.97438836,394.08984098999997,-327.11545262999994,DOWN,0.709479139362343,92.21284587,-65.42309052599998,65.42309052599998,44.0,0.7567567567567568,0.7756756756756756,0.6675675675675675,True,True,
2026-08-14T00:51:02.371515+00:00,1786668300,1786668600,5m,LINK/USD,8.85861,29.591638,472.60017597,-443.00853797,DOWN,0.882150058297176,100.438362794,-88.601707594,88.601707594,28.0,0.7282913165266106,0.7703081232492998,0.9103641456582633,False,True,
2026-08-14T00:51:02.371531+00:00,1786668300,1786668600,5m,AVAX/USD,6.457,718.12174456,0.0,718.12174456,UP,1.0,143.62434891200002,143.62434891200002,143.62434891200002,11.0,0.7899159663865546,0.8291316526610645,0.8207282913165266,False,True,
2026-08-14T00:55:40.544908+00:00,1786668600,1786668900,5m,ETH/USD,1887.04,22.19149449,1.11616426,21.07533023,UP,0.904223390948694,4.66153175,4.215066046,4.215066046,57.0,0.7378378378378379,0.8189189189189189,0.7945945945945946,False,True,
2026-08-14T00:55:56.037860+00:00,1786668600,1786668900,5m,AVAX/USD,6.463,1606.9409835599995,3.59166795,1603.3493156099994,UP,0.9955397763011726,322.106530302,320.66986312199987,320.66986312199987,30.0,0.8795518207282913,0.9187675070028011,0.9439775910364145,False,True,
2026-08-14T00:55:56.037876+00:00,1786668600,1786668900,5m,DOT/USD,0.7732,6.46250929,457.5335711,-451.07106181,DOWN,0.9721441211978855,92.799216078,-90.214212362,90.214212362,11.0,0.8159509202453987,0.8404907975460123,0.8834355828220859,False,True,
2026-08-14T01:00:34.336314+00:00,1786668900,1786669200,5m,SOL/USD,76.0,30.141347539999998,2114.4494821200005,-2084.3081345800006,DOWN,0.9718908174714348,428.918165932,-416.8616269160001,416.8616269160001,61.0,0.9351351351351351,0.9486486486486486,0.845945945945946,True,True,
2026-08-14T01:00:34.336346+00:00,1786668900,1786669200,5m,ETH/USD,1887.48,42.11746,1.18876949,40.92869051,UP,0.9450993769718742,8.661245898,8.185738102,8.185738102,43.0,0.845945945945946,0.8891891891891892,0.6027027027027027,False,True,
2026-08-14T01:01:05.234521+00:00,1786668900,1786669200,5m,LTC/USD,44.72,127.58938252,20.55592824,107.03345428,UP,0.7224896537791704,29.629062152,21.406690856,21.406690856,13.0,0.8432432432432433,0.845945945945946,0.45675675675675675,False,True,
2026-08-14T01:05:27.813569+00:00,1786669200,1786669500,5m,SOL/USD,75.96,12.184860100000002,427.84862055,-415.66376045000004,DOWN,0.9446184863842588,88.00669613,-83.13275209000001,83.13275209000001,30.0,0.7486486486486487,0.8027027027027027,0.35135135135135137,True,True,
2026-08-14T01:05:27.813586+00:00,1786669200,1786669500,5m,BTC/USD,63521.0,2.4096524500000003,0.46865237000000015,1.9410000800000002,UP,0.6743552894442917,0.575660964,0.38820001600000004,0.38820001600000004,138.0,0.7100271002710027,0.7723577235772358,0.6205962059620597,True,True,
2026-08-14T01:05:43.286615+00:00,1786669200,1786669500,5m,ETH/USD,1886.96,83.09606335000002,2.8692902399999993,80.22677311000002,UP,0.9332454269033852,17.193070718,16.045354622000005,16.045354622000005,85.0,0.9324324324324325,0.9459459459459459,0.9351351351351351,True,True,
2026-08-14T01:05:43.286631+00:00,1786669200,1786669500,5m,XRP/USD,1.01161,7435.009527389999,64058.52471633,-56623.51518894,DOWN,0.7920088968592823,14298.706848744001,-11324.703037788,11324.703037788,53.0,0.927027027027027,0.9405405405405406,0.7972972972972973,False,True,
2026-08-14T01:05:58.774470+00:00,1786669200,1786669500,5m,LTC/USD,44.72,30.25077949,611.06998431,-580.81920482,DOWN,0.9056610008671607,128.26415276,-116.163840964,116.163840964,41.0,0.9783783783783784,0.9783783783783784,0.9783783783783784,False,True,
2026-08-14T01:10:36.982425+00:00,1786669500,1786669800,5m,SOL/USD,75.94,96.98189939000002,997.75582522,-900.77392583,DOWN,0.8228216727900745,218.947544922,-180.154785166,180.154785166,49.0,0.8810810810810811,0.8918918918918919,0.754054054054054,True,True,
2026-08-14T01:10:36.982442+00:00,1786669500,1786669800,5m,BTC/USD,63459.6,2.88572373,0.75861137,2.12711236,UP,0.583676391339534,0.72886702,0.425422472,0.425422472,141.0,0.7723577235772358,0.7913279132791328,0.6422764227642277,False,True,
2026-08-14T01:10:52.477861+00:00,1786669500,1786669800,5m,LINK/USD,8.85327,610.80669,184.14896882,426.65772118,UP,0.5367063136745431,158.99113176400002,85.331544236,85.331544236,29.0,0.8067226890756303,0.7563025210084033,0.9243697478991597,False,True,
2026-08-14T01:15:46.376793+00:00,1786669800,1786670100,5m,SOL/USD,75.87,74.14422553,1516.93842602,-1442.7942004899999,DOWN,0.9068002841238068,318.21653031,-288.55884009799996,288.55884009799996,78.0,0.927027027027027,0.9378378378378378,0.918918918918919,False,True,
2026-08-14T01:15:46.376872+00:00,1786669800,1786670100,5m,DOGE/USD,0.070138,44947.27010116999,560.47522699,44386.79487417999,UP,0.9753679193311658,9101.549065632,8877.358974836,8877.358974836,14.0,0.7837078651685393,0.8117977528089888,0.8398876404494382,False,True,
2026-08-14T01:16:01.827197+00:00,1786669800,1786670100,5m,AVAX/USD,6.479,2535.9485215199998,532.16399165,2003.78452987,UP,0.653100080674575,613.622502634,400.756905974,400.756905974,20.0,0.938375350140056,0.938375350140056,0.9159663865546218,False,True,
2026-08-14T01:16:01.827240+00:00,1786669800,1786670100,5m,LTC/USD,44.74,90.53296393000001,0.0,90.53296393000001,UP,1.0,18.106592786,18.106592786,18.106592786,25.0,0.7486486486486487,0.8324324324324325,0.8891891891891892,False,True,
2026-08-14T01:20:55.579338+00:00,1786670100,1786670400,5m,LINK/USD,8.85237,5474.4923096,142.827914,5331.6643956,UP,0.9491473128414725,1123.46404472,1066.33287912,1066.33287912,54.0,0.9803921568627451,0.9859943977591037,0.9719887955182073,False,True,
2026-08-14T01:20:55.579370+00:00,1786670100,1786670400,5m,DOT/USD,0.7725,258.96672277,52.29640324999999,206.67031952,UP,0.6639730255318471,62.252625204000005,41.334063904,41.334063904,8.0,0.7515337423312883,0.7361963190184049,0.8220858895705522,False,True,
2026-08-14T01:25:18.281359+00:00,1786670400,1786670700,5m,LTC/USD,44.73,11.3806051,79.23423735,-67.85363225,DOWN,0.7488136646867833,18.122968489999998,-13.57072645,13.57072645,10.0,0.7513513513513513,0.7945945945945946,0.2891891891891892,True,True,
2026-08-14T01:26:04.726301+00:00,1786670400,1786670700,5m,BTC/USD,63489.2,1.0674719900000005,9.82191127,-8.75443928,DOWN,0.8039426174077007,2.177876652,-1.7508878559999999,1.7508878559999999,209.0,0.943089430894309,0.948509485094851,0.8455284552845529,False,True,
2026-08-14T01:26:04.726378+00:00,1786670400,1786670700,5m,LINK/USD,8.86876,108.00964346999999,499.99999999999994,-391.99035653,DOWN,0.644710755396664,121.60192869400001,-78.39807130599999,78.39807130599999,12.0,0.7675070028011205,0.742296918767507,0.711484593837535,False,True,
2026-08-14T01:30:11.984288+00:00,1786670700,1786671000,5m,SOL/USD,75.92,103.41153189000002,374.84498105,-271.43344916,DOWN,0.5675478363930883,95.651302588,-54.286689832,54.286689832,48.0,0.7648648648648648,0.7324324324324324,0.727027027027027,True,True,
2026-08-14T01:30:42.941836+00:00,1786670700,1786671000,5m,DOT/USD,0.7716,6.46250929,447.36061901999994,-440.89810972999993,DOWN,0.9715197005755706,90.764625662,-88.17962194599998,88.17962194599998,8.0,0.8128834355828221,0.8312883435582822,0.8220858895705522,False,True,
2026-08-14T01:35:52.400394+00:00,1786671000,1786671300,5m,AAVE/USD,88.28,0.07529252,22.21695,-22.14165748,DOWN,0.993244957753133,4.458448504,-4.428331496,4.428331496,3.0,0.8396946564885496,0.8625954198473282,0.6106870229007634,False,True,
2026-08-14T01:40:30.601703+00:00,1786671300,1786671600,5m,SOL/USD,75.98,25.804500669999996,843.0182487200001,-817.21374805,DOWN,0.9405989295558447,173.764549878,-163.44274961000002,163.44274961000002,44.0,0.8378378378378378,0.8810810810810811,0.6675675675675675,True,True,
2026-08-14T01:40:46.056466+00:00,1786671300,1786671600,5m,ETH/USD,1885.87,0.9468622299999999,23.334818280000004,-22.387956050000003,DOWN,0.922010156619098,4.856336102,-4.477591210000001,4.477591210000001,52.0,0.745945945945946,0.8324324324324325,0.7216216216216216,True,True,
2026-08-14T01:41:01.511405+00:00,1786671300,1786671600,5m,LTC/USD,44.73,15.747983719999999,181.71783646,-165.96985274,DOWN,0.8404991435414501,39.493164036,-33.193970547999996,33.193970547999996,22.0,0.9,0.9162162162162162,0.8351351351351352,False,True,
2026-08-14T01:46:02.594117+00:00,1786671600,1786671900,5m,BTC/USD,63501.6,2.860400819999999,0.03120735,2.829193469999999,UP,0.9784152290591986,0.578321634,0.5658386939999998,0.5658386939999998,109.0,0.7127371273712737,0.8292682926829268,0.45799457994579945,False,True,
2026-08-14T01:46:02.594134+00:00,1786671600,1786671900,5m,ETH/USD,1887.72,50.35198129000001,5.339023560000001,45.01295773000001,UP,0.808262624300628,11.13820097,9.002591546000001,9.002591546000001,33.0,0.8864864864864865,0.8945945945945946,0.37567567567567567,False,True,
2026-08-14T01:46:18.065115+00:00,1786671600,1786671900,5m,ADA/USD,0.183,4493.50768581,56260.149654659996,-51766.641968849995,DOWN,0.85207449616974,12150.731468094,-10353.32839377,10353.32839377,17.0,0.8305555555555556,0.8583333333333333,0.7111111111111111,False,True,
2026-08-14T01:50:10.180172+00:00,1786671900,1786672200,5m,DOGE/USD,0.0701921,33840.481899880004,143.29916087,33697.18273901,UP,0.9915666146380923,6796.75621215,6739.436547802,6739.436547802,12.0,0.7303370786516854,0.7808988764044944,0.8174157303370787,True,True,
2026-08-14T01:50:25.641110+00:00,1786671900,1786672200,5m,LTC/USD,44.76,80.82635230999999,0.46777148,80.35858083,UP,0.9884918747335699,16.258824758,16.071716165999998,16.071716165999998,19.0,0.7189189189189189,0.8189189189189189,0.7405405405405405,True,True,
2026-08-14T01:55:18.977693+00:00,1786672200,1786672500,5m,XRP/USD,1.00986,19750.085127980004,49.01768087999999,19701.067447100006,UP,0.9950484947370379,3959.820561772,3940.213489420001,3940.213489420001,35.0,0.7189189189189189,0.8432432432432433,0.4756756756756757,True,True,
2026-08-14T02:05:51.729014+00:00,1786672800,1786673100,5m,DOGE/USD,0.070275,3201.09472684,197449.85728303003,-194248.76255619002,DOWN,0.9680929026772568,40130.190401974,-38849.752511238,38849.752511238,22.0,0.9213483146067416,0.9325842696629213,0.9213483146067416,False,True,
2026-08-14T02:06:07.176534+00:00,1786672800,1786673100,5m,LTC/USD,44.77,115.94993785000001,0.0,115.94993785000001,UP,1.0,23.18998757,23.189987570000003,23.189987570000003,16.0,0.8081081081081081,0.8621621621621621,0.6216216216216216,False,True,
2026-08-14T02:11:00.408417+00:00,1786673100,1786673400,5m,LINK/USD,8.86386,2305.8440462000003,13.9218,2291.9222462000002,UP,0.9879972368566377,463.95316923999997,458.38444924000004,458.38444924000004,31.0,0.9159663865546218,0.9327731092436975,0.9355742296918768,False,True,
2026-08-14T02:11:00.408448+00:00,1786673100,1786673400,5m,DOT/USD,0.7709,264.99999999,3.91187544,261.08812455,UP,0.970905892990075,53.782375086,52.21762491,52.21762491,3.0,0.7269938650306749,0.7638036809815951,0.4294478527607362,False,True,
2026-08-14T06:17:24.943690+00:00,1786687800,1786688100,5m,ADA/USD,0.182472,0.0,39940.29046803,-39940.29046803,DOWN,1.0,7988.058093606,-7988.058093606,7988.058093606,34.0,0.7638888888888888,0.8138888888888889,0.8555555555555555,False,True,
2026-08-14T06:20:15.273841+00:00,1786688100,1786688400,5m,ADA/USD,0.182196,334.63363001,55473.93496373995,-55139.30133372995,DOWN,0.9880078045919466,11161.713718750001,-11027.860266745989,11027.860266745989,164.0,0.8111111111111111,0.8694444444444445,0.9833333333333333,True,True,
2026-08-14T06:20:30.743108+00:00,1786688100,1786688400,5m,DOT/USD,0.761,354.42700930999996,32.12272344,322.30428586999994,UP,0.8337977200942716,77.30994654999999,64.46085717399998,64.46085717399998,7.0,0.803680981595092,0.7852760736196319,0.7699386503067485,True,True,
2026-08-14T06:20:30.743123+00:00,1786688100,1786688400,5m,AAVE/USD,87.69,16.80099,0.0,16.80099,UP,1.0,3.3601979999999996,3.3601979999999996,3.3601979999999996,3.0,0.7938931297709924,0.8091603053435115,0.6106870229007634,True,True,
2026-08-14T06:21:17.276961+00:00,1786688100,1786688400,5m,SOL/USD,75.62,55.19395677,742.0439470699998,-686.8499902999998,DOWN,0.8615370480902849,159.447580768,-137.36999805999997,137.36999805999997,59.0,0.827027027027027,0.8540540540540541,0.8324324324324325,False,True,
2026-08-14T06:21:17.276978+00:00,1786688100,1786688400,5m,BTC/USD,63171.5,1.423943049999999,5.729239220000003,-4.305296170000004,DOWN,0.6018714479087365,1.430636454,-0.8610592340000007,0.8610592340000007,234.0,0.8807588075880759,0.8861788617886179,0.8997289972899729,False,True,
2026-08-14T06:21:17.276994+00:00,1786688100,1786688400,5m,ETH/USD,1877.74,1.73369479,55.63990459,-53.9062098,DOWN,0.9395647193575115,11.474719876,-10.78124196,10.78124196,37.0,0.8918918918918919,0.9162162162162162,0.4594594594594595,False,True,
2026-08-14T06:28:30.559818+00:00,1786688400,1786688700,5m,SOL/USD,75.57,6.39883019,3206.16847286,-3199.76964267,DOWN,0.996016375947097,642.51346061,-639.9539285339999,639.9539285339999,62.0,0.9594594594594594,0.9783783783783784,0.8540540540540541,False,True,
2026-08-14T06:31:05.335000+00:00,1786688700,1786689000,5m,XRP/USD,1.0064,3487.8401133099997,18667.935326509993,-15180.095213199993,DOWN,0.6851529640401215,4431.155087964,-3036.0190426399986,3036.0190426399986,44.0,0.7648648648648648,0.8027027027027027,0.6945945945945946,False,True,
2026-08-14T06:35:43.588423+00:00,1786689000,1786689300,5m,DOGE/USD,0.0696648,150.65297966,50368.897771489996,-50218.244791829995,DOWN,0.9940358543407447,10103.91015023,-10043.648958365999,10043.648958365999,7.0,0.797752808988764,0.8342696629213483,0.6264044943820225,True,True,
2026-08-14T06:40:37.562856+00:00,1786689300,1786689600,5m,LTC/USD,44.69,20.332694689999997,183.41865983,-163.08596513999998,DOWN,0.8004165936673154,40.750270904000004,-32.617193027999996,32.617193027999996,20.0,0.9081081081081082,0.9081081081081082,0.7783783783783784,False,True,
2026-08-14T06:50:56.391836+00:00,1786689900,1786690200,5m,DOT/USD,0.7598,4.51808414,479.89503145,-475.37694731,DOWN,0.9813461527172025,96.882623118,-95.075389462,95.075389462,11.0,0.8282208588957055,0.8496932515337423,0.8834355828220859,False,True,
2026-08-14T06:55:19.588823+00:00,1786690200,1786690500,5m,SOL/USD,75.48,91.1141004,365.06034007999995,-273.94623967999996,DOWN,0.6005295680129422,91.23488809599999,-54.789247935999995,54.789247935999995,49.0,0.754054054054054,0.7378378378378379,0.754054054054054,True,True,
2026-08-14T06:55:19.588840+00:00,1786690200,1786690500,5m,BTC/USD,62979.2,3.90664752,47.905475380000034,-43.998827860000034,DOWN,0.8491994806875595,10.362424579999999,-8.799765572000007,8.799765572000007,401.0,0.997289972899729,0.997289972899729,0.991869918699187,True,True,
2026-08-14T06:55:19.588856+00:00,1786690200,1786690500,5m,ETH/USD,1872.3,7.16542505,25.224216300000005,-18.058791250000006,DOWN,0.5575483548847633,6.47792827,-3.611758250000001,3.611758250000001,60.0,0.8027027027027027,0.7891891891891892,0.8378378378378378,True,True,
2026-08-14T06:55:35.076393+00:00,1786690200,1786690500,5m,ADA/USD,0.181652,548.7299644899999,40859.51527495999,-40310.78531046999,DOWN,0.9734965844934081,8281.64904789,-8062.157062093998,8062.157062093998,28.0,0.7694444444444445,0.8166666666666667,0.8361111111111111,True,True,
2026-08-14T06:55:35.076458+00:00,1786690200,1786690500,5m,DOT/USD,0.7588,27.003043729999998,376.2408724400001,-349.2378287100001,DOWN,0.8660709181357319,80.64878323399999,-69.84756574200001,69.84756574200001,21.0,0.8067484662576687,0.803680981595092,0.950920245398773,False,True,
2026-08-14T06:55:50.559856+00:00,1786690200,1786690500,5m,LTC/USD,44.71,11.204842399999999,130.85319042999998,-119.64834802999998,DOWN,0.8422497879664607,28.411606566,-23.929669605999997,23.929669605999997,21.0,0.8405405405405405,0.8729729729729729,0.8,False,True,
2026-08-14T07:00:13.581810+00:00,1786690500,1786690800,5m,DOT/USD,0.7579,2480.3970449899994,366.51958833000003,2113.8774566599996,UP,0.742514702369367,569.383326664,422.7754913319999,422.7754913319999,25.0,0.9478527607361963,0.9294478527607362,0.9723926380368099,True,True,
2026-08-14T07:01:00.005371+00:00,1786690500,1786690800,5m,BTC/USD,62915.0,2.2022637000000005,36.21518154,-34.01291784,DOWN,0.8853508510916275,7.683489048,-6.802583568,6.802583568,459.0,0.989159891598916,0.991869918699187,0.997289972899729,False,True,
2026-08-14T07:05:53.843508+00:00,1786690800,1786691100,5m,DOGE/USD,0.0696039,11129.543344189999,182932.91233907003,-171803.36899488003,DOWN,0.8852993660725892,38812.491136651995,-34360.67379897601,34360.67379897601,21.0,0.9185393258426966,0.9241573033707865,0.9129213483146067,False,True,
2026-08-14T07:05:53.843538+00:00,1786690800,1786691100,5m,AVAX/USD,6.374,89.72964606000001,1624.4411598000002,-1534.71151374,DOWN,0.8953083954606464,342.834161172,-306.94230274800003,306.94230274800003,15.0,0.8879551820728291,0.9131652661064426,0.8851540616246498,False,True,
2026-08-14T07:05:53.843553+00:00,1786690800,1786691100,5m,DOT/USD,0.7578,1248.9986000000001,37.421587779999996,1211.5770122200001,UP,0.9418205837634138,257.28403755600004,242.31540244400003,242.31540244400003,14.0,0.901840490797546,0.911042944785276,0.9171779141104295,False,True,
2026-08-14T07:10:32.309826+00:00,1786691100,1786691400,5m,SOL/USD,75.5,56.404267159999996,374.3134857900001,-317.90921863000005,DOWN,0.738091746747445,86.14355058999999,-63.58184372600001,63.58184372600001,59.0,0.7432432432432432,0.7621621621621621,0.8324324324324325,True,True,
2026-08-14T07:10:32.309908+00:00,1786691100,1786691400,5m,DOGE/USD,0.0696371,1745.65218549,83247.85844583999,-81502.20626034998,DOWN,0.958922694861682,16998.702126266002,-16300.441252069995,16300.441252069995,6.0,0.8595505617977528,0.8848314606741573,0.547752808988764,True,True,
2026-08-14T07:15:26.221055+00:00,1786691400,1786691700,5m,DOGE/USD,0.0696486,2858.63606734,345310.44308387005,-342451.8070165301,DOWN,0.9835790353680519,69633.815830242,-68490.36140330601,68490.36140330601,10.0,0.949438202247191,0.9578651685393258,0.7612359550561798,True,True,
2026-08-14T07:15:26.221085+00:00,1786691400,1786691700,5m,AVAX/USD,6.397,1729.7137062199997,410.288376,1319.4253302199998,UP,0.6165532927198143,428.000416444,263.8850660439999,263.8850660439999,33.0,0.9215686274509803,0.8879551820728291,0.957983193277311,True,True,
2026-08-14T07:20:54.035325+00:00,1786691700,1786692000,5m,ETH/USD,1875.14,30.259962570000006,1.6607493299999998,28.599213240000005,UP,0.8959453451287218,6.38414238,5.719842648000001,5.719842648000001,39.0,0.7945945945945946,0.8594594594594595,0.5081081081081081,False,True,
2026-08-14T07:20:54.035415+00:00,1786691700,1786692000,5m,DOGE/USD,0.0696505,40519.76856056,17.83,40501.93856056,UP,0.9991203228295151,8107.519712112,8100.3877121119995,8100.3877121119995,5.0,0.7556179775280899,0.8033707865168539,0.4157303370786517,False,True,
2026-08-14T07:25:49.359395+00:00,1786692000,1786692300,5m,AVAX/USD,6.396,21.43684,1324.52403911,-1303.08719911,DOWN,0.9681464144571944,269.19217582199997,-260.617439822,260.617439822,13.0,0.8599439775910365,0.8823529411764706,0.8599439775910365,False,True,
2026-08-14T07:35:41.500176+00:00,1786692600,1786692900,5m,DOGE/USD,0.069737,140.58,461593.81117537,-461453.23117537,DOWN,0.9993910784958332,92346.87823507401,-92290.646235074,92290.646235074,30.0,0.9606741573033708,0.9691011235955056,0.9634831460674157,False,True,
2026-08-14T07:40:36.262991+00:00,1786692900,1786693200,5m,ETH/USD,1872.42,27.67109082,0.040531620000000004,27.6305592,UP,0.997074756623308,5.542324488,5.52611184,5.52611184,37.0,0.7648648648648648,0.8513513513513513,0.4594594594594595,True,True,
2026-08-14T07:45:15.519820+00:00,1786693200,1786693500,5m,SOL/USD,75.54,337.41399938,42.539822949999994,294.87417643000003,UP,0.7760789840768966,75.990764466,58.97483528600001,58.97483528600001,24.0,0.7054054054054054,0.7513513513513513,0.1837837837837838,True,True,
2026-08-14T07:50:12.067889+00:00,1786693500,1786693800,5m,SOL/USD,75.54,26.789024669999996,349.69740334999995,-322.90837867999994,DOWN,0.8576892940821925,75.297285604,-64.581675736,64.581675736,21.0,0.7027027027027027,0.7675675675675676,0.11621621621621622,True,True,
2026-08-14T07:50:27.727766+00:00,1786693500,1786693800,5m,BTC/USD,62928.4,0.9219184200000001,2.7731997700000006,-1.8512813500000005,DOWN,0.5010073439626569,0.739023638,-0.3702562700000001,0.3702562700000001,103.0,0.7750677506775068,0.7642276422764228,0.3956639566395664,True,True,
2026-08-14T07:55:09.378994+00:00,1786693800,1786694100,5m,BTC/USD,62903.3,23.090639849999988,0.0426901,23.047949749999987,UP,0.996309212716693,4.62666599,4.6095899499999975,4.6095899499999975,107.0,0.975609756097561,0.983739837398374,0.44173441734417346,True,True,
2026-08-14T08:00:21.653454+00:00,1786694100,1786694400,5m,AAVE/USD,87.13,0.0,67.77739,-67.77739,DOWN,1.0,13.555477999999999,-13.555477999999999,13.555477999999999,18.0,0.9274809160305344,0.9351145038167938,0.9389312977099237,True,True,
2026-08-14T08:00:53.752259+00:00,1786694100,1786694400,5m,SOL/USD,75.51,79.08801929,2438.4080497,-2359.32003041,DOWN,0.9371693006680806,503.49921379799997,-471.864006082,471.864006082,64.0,0.9459459459459459,0.9567567567567568,0.8648648648648649,False,True,
2026-08-14T08:06:22.559435+00:00,1786694400,1786694700,5m,DOT/USD,0.7568,2811.7698339999997,24.51577329,2787.2540607099995,UP,0.9827127612064256,567.257121458,557.4508121419999,557.4508121419999,10.0,0.941717791411043,0.950920245398773,0.8619631901840491,False,True,
2026-08-14T08:06:22.559453+00:00,1786694400,1786694700,5m,AAVE/USD,87.24,24.999040170000004,0.0,24.999040170000004,UP,1.0,4.999808034,4.999808034000001,4.999808034000001,11.0,0.851145038167939,0.8778625954198473,0.8664122137404581,False,True,
2026-08-14T08:10:47.280674+00:00,1786694700,1786695000,5m,SOL/USD,75.57,1950.79691939,208.06315202000005,1742.7337673700001,UP,0.8072472090475884,431.772014282,348.546753474,348.546753474,58.0,0.9378378378378378,0.9432432432432433,0.8135135135135135,False,True,
