date,open,high,low,close,volume
2026-08-01T00:00,93.5999984741211,93.76000213623047,93.56999969482422,93.63999938964844,0
2026-08-01T00:05,93.63999938964844,93.69999694824219,93.51000213623047,93.5999984741211,0
2026-08-01T00:10,93.5999984741211,93.9800033569336,93.5999984741211,93.87999725341797,14720
2026-08-01T00:15,93.83000183105469,93.9800033569336,93.80999755859375,93.94000244140625,483776
2026-08-01T00:20,93.94000244140625,93.94000244140625,93.7699966430664,93.77999877929688,311456
2026-08-01T00:25,93.77999877929688,93.9800033569336,93.73999786376953,93.83999633789062,0
2026-08-01T00:30,93.83999633789062,93.86000061035156,93.68000030517578,93.76000213623047,0
2026-08-01T00:35,93.7699966430664,93.7699966430664,93.58999633789062,93.58999633789062,0
2026-08-01T00:40,93.61000061035156,93.73999786376953,93.54000091552734,93.66000366210938,0
2026-08-01T00:45,93.7699966430664,93.83999633789062,93.72000122070312,93.72000122070312,72160
2026-08-01T00:50,93.72000122070312,93.75,93.37999725341797,93.37999725341797,787520
2026-08-01T00:55,93.37000274658203,93.37000274658203,91.5,91.5199966430664,771328
2026-08-01T01:00,91.51000213623047,91.8499984741211,91.47000122070312,91.62999725341797,4296832
2026-08-01T01:05,91.62999725341797,92.27999877929688,91.44000244140625,92.18000030517578,903744
2026-08-01T01:10,92.1500015258789,92.20999908447266,92.04000091552734,92.16999816894531,718848
2026-08-01T01:15,92.19999694824219,92.83999633789062,92.19000244140625,92.66000366210938,741376
2026-08-01T01:20,92.66000366210938,92.76000213623047,92.62000274658203,92.62999725341797,729952
2026-08-01T01:25,92.6500015258789,92.93000030517578,92.58000183105469,92.93000030517578,0
2026-08-01T01:30,92.87000274658203,92.97000122070312,92.76000213623047,92.94999694824219,130272
2026-08-01T01:35,92.9800033569336,93.11000061035156,92.9000015258789,93.0199966430664,0
2026-08-01T01:40,93.0199966430664,93.0999984741211,92.95999908447266,92.95999908447266,0
2026-08-01T01:45,92.9800033569336,93.01000213623047,92.86000061035156,92.91999816894531,0
2026-08-01T01:50,92.91999816894531,92.95999908447266,92.77999877929688,92.95999908447266,0
2026-08-01T01:55,92.95999908447266,93.08000183105469,92.95999908447266,93.0,0
2026-08-01T02:00,93.0,93.4000015258789,93.0,93.23999786376953,81280
2026-08-01T02:05,93.23999786376953,93.26000213623047,93.16999816894531,93.19000244140625,0
2026-08-01T02:10,93.19000244140625,93.37000274658203,93.19000244140625,93.2699966430664,0
2026-08-01T02:15,93.2699966430664,93.41000366210938,93.2699966430664,93.30000305175781,0
2026-08-01T02:20,93.37000274658203,93.41999816894531,93.2300033569336,93.2300033569336,0
2026-08-01T02:25,93.22000122070312,93.27999877929688,93.11000061035156,93.16999816894531,2912
2026-08-01T02:30,93.16999816894531,93.22000122070312,93.08000183105469,93.19999694824219,0
2026-08-01T02:35,93.20999908447266,93.33999633789062,93.13999938964844,93.19999694824219,0
2026-08-01T02:40,93.13999938964844,93.13999938964844,93.01000213623047,93.06999969482422,0
2026-08-01T02:45,93.06999969482422,93.19999694824219,93.06999969482422,93.12000274658203,0
2026-08-01T02:50,93.13999938964844,93.1500015258789,93.08000183105469,93.08000183105469,0
2026-08-01T02:55,93.04000091552734,93.04000091552734,92.9800033569336,92.98999786376953,0
2026-08-01T03:00,92.98999786376953,93.0199966430664,92.93000030517578,92.93000030517578,0
2026-08-01T03:05,92.93000030517578,92.93000030517578,92.73999786376953,92.73999786376953,796000
2026-08-01T03:10,92.72000122070312,92.7300033569336,92.5,92.51000213623047,1882176
2026-08-01T03:15,92.5,92.61000061035156,92.44999694824219,92.5999984741211,1128224
2026-08-01T03:20,92.5999984741211,92.5999984741211,92.29000091552734,92.37999725341797,1181024
2026-08-01T03:25,92.2699966430664,92.36000061035156,92.25,92.26000213623047,793536
2026-08-01T03:30,92.23999786376953,92.5,92.16999816894531,92.45999908447266,3172384
2026-08-01T03:35,92.5999984741211,92.8499984741211,92.27999877929688,92.80999755859375,2906848
2026-08-01T03:40,92.81999969482422,92.93000030517578,92.2300033569336,92.58999633789062,2432448
2026-08-01T03:45,92.58999633789062,92.68000030517578,92.37000274658203,92.37000274658203,1699200
2026-08-01T03:50,92.37000274658203,92.5,92.27999877929688,92.41999816894531,3525184
2026-08-01T03:55,92.43000030517578,92.5999984741211,92.41999816894531,92.55999755859375,4546400
2026-08-01T04:00,92.51000213623047,92.66000366210938,92.44000244140625,92.55000305175781,997952
2026-08-01T04:05,92.4800033569336,92.5,92.37999725341797,92.44999694824219,1568384
2026-08-01T04:10,92.43000030517578,92.66000366210938,92.4000015258789,92.51000213623047,1262560
2026-08-01T04:15,92.5,92.5,92.05999755859375,92.16000366210938,1327040
2026-08-01T04:20,92.16000366210938,92.30999755859375,92.01000213623047,92.19000244140625,704704
2026-08-01T04:25,92.11000061035156,92.1500015258789,91.83000183105469,91.94000244140625,817600
2026-08-01T04:30,91.91999816894531,91.98999786376953,91.77999877929688,91.87999725341797,1568992
2026-08-01T04:35,91.87999725341797,92.04000091552734,91.73999786376953,91.91000366210938,1459008
2026-08-01T04:40,91.94999694824219,92.0,91.77999877929688,91.91999816894531,1312864
2026-08-01T04:45,91.93000030517578,91.98999786376953,91.81999969482422,91.91999816894531,263040
2026-08-01T04:50,91.91000366210938,91.95999908447266,91.87000274658203,91.91000366210938,372192
2026-08-01T04:55,91.91000366210938,92.05000305175781,91.91000366210938,92.05000305175781,351616
2026-08-01T05:00,92.08000183105469,92.1500015258789,92.08000183105469,92.0999984741211,0
2026-08-01T05:05,92.0199966430664,92.12000274658203,91.87999725341797,92.05000305175781,0
2026-08-01T05:10,92.05999755859375,92.05999755859375,91.9000015258789,91.91999816894531,102272
2026-08-01T05:15,91.91999816894531,91.94000244140625,91.61000061035156,91.68000030517578,0
2026-08-01T05:20,91.61000061035156,91.73999786376953,91.47000122070312,91.69000244140625,0
2026-08-01T05:25,91.7300033569336,91.7699966430664,91.62999725341797,91.62999725341797,330080
2026-08-01T05:30,91.5999984741211,91.5999984741211,91.25,91.25,261920
2026-08-01T05:35,91.19999694824219,91.30000305175781,91.11000061035156,91.12000274658203,192800
2026-08-01T05:40,91.12000274658203,91.18000030517578,90.83999633789062,91.0,635264
2026-08-01T05:45,90.98999786376953,91.0999984741211,90.86000061035156,91.05000305175781,1592192
2026-08-01T05:50,91.0,91.19000244140625,90.9800033569336,91.16000366210938,343712
2026-08-01T05:55,91.19000244140625,91.33999633789062,91.13999938964844,91.31999969482422,34368
2026-08-01T06:00,91.27999877929688,91.29000091552734,91.08999633789062,91.16000366210938,0
2026-08-01T06:05,91.18000030517578,91.26000213623047,91.13999938964844,91.16999816894531,0
2026-08-01T06:10,91.16999816894531,91.16999816894531,91.02999877929688,91.02999877929688,0
2026-08-01T06:15,91.08999633789062,91.08999633789062,90.83000183105469,90.95999908447266,124352
2026-08-01T06:20,90.9800033569336,91.0199966430664,90.83000183105469,90.94999694824219,502080
2026-08-01T06:25,90.94999694824219,90.94999694824219,90.69000244140625,90.69999694824219,609984
2026-08-01T06:30,90.75,90.93000030517578,90.75,90.91000366210938,821728
2026-08-01T06:35,90.87000274658203,91.0,90.83999633789062,91.0,421856
2026-08-01T06:40,91.04000091552734,91.1500015258789,90.94000244140625,90.94000244140625,361728
2026-08-01T06:45,90.91999816894531,91.33000183105469,90.91999816894531,91.27999877929688,0
2026-08-01T06:50,91.22000122070312,91.29000091552734,91.12999725341797,91.16000366210938,648864
2026-08-01T06:55,91.16999816894531,91.30000305175781,91.13999938964844,91.2300033569336,264928
2026-08-01T07:00,91.2300033569336,91.31999969482422,91.20999908447266,91.20999908447266,0
2026-08-01T07:05,91.22000122070312,91.22000122070312,91.11000061035156,91.13999938964844,0
2026-08-01T07:10,91.13999938964844,91.23999786376953,91.02999877929688,91.05000305175781,0
2026-08-01T07:15,91.05999755859375,91.12000274658203,90.98999786376953,91.11000061035156,0
2026-08-01T07:20,91.11000061035156,91.19000244140625,91.0999984741211,91.0999984741211,0
2026-08-01T07:25,91.0999984741211,91.11000061035156,90.68000030517578,90.81999969482422,0
2026-08-01T07:30,90.80999755859375,90.95999908447266,90.80000305175781,90.95999908447266,0
2026-08-01T07:35,91.01000213623047,91.05999755859375,90.94000244140625,91.04000091552734,0
2026-08-01T07:40,91.0,91.11000061035156,90.95999908447266,91.11000061035156,0
2026-08-01T07:45,91.13999938964844,91.13999938964844,91.02999877929688,91.08000183105469,0
2026-08-01T07:50,91.08000183105469,91.33000183105469,91.05999755859375,91.2300033569336,0
2026-08-01T07:55,91.19999694824219,91.29000091552734,91.13999938964844,91.29000091552734,19648
2026-08-01T08:00,91.26000213623047,91.29000091552734,91.20999908447266,91.22000122070312,0
2026-08-01T08:05,91.25,91.31999969482422,91.19999694824219,91.19999694824219,0
2026-08-01T08:10,91.19999694824219,91.26000213623047,91.0999984741211,91.16000366210938,0
2026-08-01T08:15,91.18000030517578,91.33999633789062,90.9800033569336,91.33999633789062,0
2026-08-01T08:20,91.30999755859375,91.33999633789062,91.12999725341797,91.1500015258789,672512
2026-08-01T08:25,91.12000274658203,91.16000366210938,91.08999633789062,91.1500015258789,31008
2026-08-01T08:30,91.1500015258789,91.23999786376953,91.08000183105469,91.11000061035156,0
2026-08-01T08:35,91.0999984741211,91.1500015258789,91.06999969482422,91.1500015258789,7744
2026-08-01T08:40,91.1500015258789,91.36000061035156,91.0999984741211,91.36000061035156,352288
2026-08-01T08:45,91.36000061035156,91.37000274658203,91.05999755859375,91.13999938964844,647040
2026-08-01T08:50,91.1500015258789,91.1500015258789,91.05999755859375,91.08999633789062,320800
2026-08-01T08:55,91.0999984741211,91.20999908447266,91.02999877929688,91.16999816894531,71648
2026-08-01T09:00,91.16999816894531,91.2699966430664,91.13999938964844,91.19000244140625,0
2026-08-01T09:05,91.19000244140625,91.23999786376953,91.16000366210938,91.16999816894531,0
2026-08-01T09:10,91.18000030517578,91.18000030517578,91.02999877929688,91.06999969482422,0
2026-08-01T09:15,91.06999969482422,91.0999984741211,90.94000244140625,90.94000244140625,0
2026-08-01T09:20,90.94000244140625,91.16000366210938,90.88999938964844,91.0,100096
2026-08-01T09:25,91.0199966430664,91.02999877929688,90.8499984741211,90.86000061035156,0
2026-08-01T09:30,90.9000015258789,91.0,90.9000015258789,91.0,0
2026-08-01T09:35,91.0,91.0199966430664,90.91000366210938,90.91000366210938,0
2026-08-01T09:40,90.91000366210938,91.0,90.91000366210938,91.0,0
2026-08-01T09:45,91.0,91.0,90.83999633789062,90.86000061035156,0
2026-08-01T09:50,90.86000061035156,90.86000061035156,90.79000091552734,90.81999969482422,0
2026-08-01T09:55,90.72000122070312,90.9000015258789,90.72000122070312,90.9000015258789,0
2026-08-01T10:00,90.9000015258789,90.98999786376953,90.33999633789062,90.41999816894531,0
2026-08-01T10:05,90.43000030517578,90.54000091552734,90.43000030517578,90.47000122070312,2147936
2026-08-01T10:10,90.48999786376953,90.63999938964844,90.48999786376953,90.54000091552734,596928
2026-08-01T10:15,90.54000091552734,90.73999786376953,90.5,90.72000122070312,0
2026-08-01T10:20,90.76000213623047,90.77999877929688,90.58000183105469,90.61000061035156,272512
2026-08-01T10:25,90.62000274658203,90.62000274658203,90.48999786376953,90.58000183105469,3424
2026-08-01T10:30,90.58000183105469,90.69999694824219,90.56999969482422,90.69000244140625,98592
2026-08-01T10:35,90.69000244140625,90.79000091552734,90.66000366210938,90.79000091552734,0
2026-08-01T10:40,90.79000091552734,90.91000366210938,90.79000091552734,90.9000015258789,0
2026-08-01T10:45,90.91999816894531,91.01000213623047,90.91999816894531,91.0,27392
2026-08-01T10:50,91.0,91.0999984741211,91.0,91.0999984741211,207520
2026-08-01T10:55,91.11000061035156,91.26000213623047,91.08999633789062,91.26000213623047,172928
2026-08-01T11:00,91.26000213623047,91.26000213623047,91.13999938964844,91.22000122070312,0
2026-08-01T11:05,91.23999786376953,91.37000274658203,91.23999786376953,91.33999633789062,0
2026-08-01T11:10,91.37000274658203,91.48999786376953,91.33999633789062,91.48999786376953,376768
2026-08-01T11:15,91.48999786376953,91.54000091552734,91.43000030517578,91.54000091552734,0
2026-08-01T11:20,91.55999755859375,91.73999786376953,91.5199966430664,91.5999984741211,415200
2026-08-01T11:25,91.5,91.51000213623047,91.4000015258789,91.41000366210938,127744
2026-08-01T11:30,91.41999816894531,91.45999908447266,91.36000061035156,91.45999908447266,88256
2026-08-01T11:35,91.45999908447266,91.5199966430664,91.4000015258789,91.4000015258789,161152
2026-08-01T11:40,91.44000244140625,91.44000244140625,91.4000015258789,91.41000366210938,0
2026-08-01T11:45,91.4000015258789,91.41999816894531,91.36000061035156,91.4000015258789,0
2026-08-01T11:50,91.3499984741211,91.36000061035156,91.31999969482422,91.33000183105469,0
2026-08-01T11:55,91.31999969482422,91.43000030517578,91.23999786376953,91.43000030517578,84320
2026-08-01T12:00,91.43000030517578,91.47000122070312,91.23999786376953,91.33999633789062,0
2026-08-01T12:05,91.4000015258789,91.45999908447266,91.27999877929688,91.30000305175781,0
2026-08-01T12:10,91.30000305175781,91.30000305175781,91.19999694824219,91.25,0
2026-08-01T12:15,91.25,91.3499984741211,91.20999908447266,91.3499984741211,0
2026-08-01T12:20,91.36000061035156,91.73999786376953,91.36000061035156,91.70999908447266,0
2026-08-01T12:25,91.70999908447266,91.72000122070312,91.54000091552734,91.54000091552734,459136
2026-08-01T12:30,91.45999908447266,91.45999908447266,91.30000305175781,91.37000274658203,325632
2026-08-01T12:35,91.23999786376953,91.23999786376953,91.08999633789062,91.0999984741211,0
2026-08-01T12:40,91.08000183105469,91.22000122070312,90.95999908447266,90.95999908447266,766368
2026-08-01T12:45,90.91999816894531,91.27999877929688,90.91999816894531,91.27999877929688,195680
2026-08-01T12:50,91.31999969482422,91.41999816894531,91.29000091552734,91.3499984741211,0
2026-08-01T12:55,91.3499984741211,91.4000015258789,91.22000122070312,91.30000305175781,0
2026-08-01T13:00,91.27999877929688,91.41999816894531,91.23999786376953,91.41999816894531,0
2026-08-01T13:05,91.37999725341797,91.37999725341797,91.30000305175781,91.33000183105469,0
2026-08-01T13:10,91.33999633789062,91.47000122070312,91.33000183105469,91.47000122070312,0
2026-08-01T13:15,91.47000122070312,91.47000122070312,91.3499984741211,91.36000061035156,0
2026-08-01T13:20,91.36000061035156,91.51000213623047,91.36000061035156,91.51000213623047,0
2026-08-01T13:25,91.5199966430664,91.55999755859375,91.5199966430664,91.55999755859375,0
2026-08-01T13:30,91.55999755859375,91.72000122070312,91.52999877929688,91.72000122070312,0
2026-08-01T13:35,91.69000244140625,91.72000122070312,91.55000305175781,91.55000305175781,0
2026-08-01T13:40,91.52999877929688,91.56999969482422,91.4800033569336,91.48999786376953,0
2026-08-01T13:45,91.48999786376953,91.52999877929688,91.41999816894531,91.4800033569336,0
2026-08-01T13:50,91.5199966430664,91.52999877929688,91.47000122070312,91.48999786376953,0
2026-08-01T13:55,91.48999786376953,91.58000183105469,91.48999786376953,91.58000183105469,0
2026-08-01T14:00,91.54000091552734,91.58999633789062,91.41999816894531,91.58999633789062,0
2026-08-01T14:05,91.58999633789062,91.62000274658203,91.5199966430664,91.5199966430664,0
2026-08-01T14:10,91.5,91.52999877929688,91.41999816894531,91.4800033569336,0
2026-08-01T14:15,91.4800033569336,91.55999755859375,91.4000015258789,91.55999755859375,0
2026-08-01T14:20,91.62000274658203,91.70999908447266,91.62000274658203,91.70999908447266,0
2026-08-01T14:25,91.72000122070312,91.79000091552734,91.70999908447266,91.7699966430664,0
2026-08-01T14:30,91.7699966430664,91.91000366210938,91.7699966430664,91.91000366210938,0
2026-08-01T14:35,91.91999816894531,92.19000244140625,91.91999816894531,92.0,534496
2026-08-01T14:40,92.0,92.26000213623047,91.88999938964844,92.26000213623047,2670656
2026-08-01T14:45,92.26000213623047,92.26000213623047,92.04000091552734,92.04000091552734,588832
2026-08-01T14:50,92.0199966430664,92.12999725341797,91.9800033569336,92.05000305175781,2520352
2026-08-01T14:55,92.05999755859375,92.22000122070312,92.01000213623047,92.22000122070312,2577248
2026-08-01T15:00,92.2300033569336,92.2300033569336,92.0,92.04000091552734,0
2026-08-01T15:05,91.9800033569336,91.9800033569336,91.77999877929688,91.81999969482422,1343616
2026-08-01T15:10,91.81999969482422,91.9000015258789,91.69000244140625,91.75,709408
2026-08-01T15:15,91.73999786376953,91.73999786376953,91.5999984741211,91.62999725341797,685920
2026-08-01T15:20,91.72000122070312,92.05000305175781,91.70999908447266,92.05000305175781,883360
2026-08-01T15:25,91.98999786376953,92.12000274658203,91.98999786376953,92.08999633789062,0
2026-08-01T15:30,92.08999633789062,92.11000061035156,91.94999694824219,92.0199966430664,0
2026-08-01T15:35,92.0199966430664,92.04000091552734,91.9800033569336,92.0199966430664,0
2026-08-01T15:40,92.08000183105469,92.08000183105469,91.97000122070312,91.98999786376953,0
2026-08-01T15:45,92.06999969482422,92.12000274658203,92.01000213623047,92.01000213623047,0
2026-08-01T15:50,92.02999877929688,92.05999755859375,92.0,92.0199966430664,0
2026-08-01T15:55,92.04000091552734,92.05999755859375,92.0,92.01000213623047,0
2026-08-01T16:00,92.01000213623047,92.01000213623047,91.83000183105469,91.91000366210938,0
2026-08-01T16:05,91.98999786376953,92.04000091552734,91.83999633789062,91.9800033569336,0
2026-08-01T16:10,91.9800033569336,92.08000183105469,91.86000061035156,91.86000061035156,0
2026-08-01T16:15,91.86000061035156,91.91000366210938,91.80999755859375,91.80999755859375,0
2026-08-01T16:20,91.80999755859375,91.80999755859375,91.68000030517578,91.80000305175781,0
2026-08-01T16:25,91.81999969482422,91.81999969482422,91.68000030517578,91.69999694824219,0
2026-08-01T16:30,91.66000366210938,91.80000305175781,91.66000366210938,91.80000305175781,0
2026-08-01T16:35,91.80000305175781,91.94000244140625,91.73999786376953,91.86000061035156,0
2026-08-01T16:40,91.86000061035156,91.86000061035156,91.69000244140625,91.69999694824219,0
2026-08-01T16:45,91.69999694824219,91.87999725341797,91.66000366210938,91.87999725341797,0
2026-08-01T16:50,91.83999633789062,91.83999633789062,91.66000366210938,91.69000244140625,0
2026-08-01T16:55,91.72000122070312,91.72000122070312,91.58000183105469,91.62000274658203,0
2026-08-01T17:00,91.62000274658203,91.77999877929688,91.58999633789062,91.77999877929688,0
2026-08-01T17:05,91.77999877929688,91.91999816894531,91.7699966430664,91.88999938964844,106624
2026-08-01T17:10,91.88999938964844,91.88999938964844,91.62000274658203,91.62000274658203,0
2026-08-01T17:15,91.62000274658203,91.72000122070312,91.55999755859375,91.69000244140625,0
2026-08-01T17:20,91.69000244140625,91.76000213623047,91.62000274658203,91.72000122070312,0
2026-08-01T17:25,91.69999694824219,91.73999786376953,91.51000213623047,91.73999786376953,186752
2026-08-01T17:30,91.7300033569336,91.75,91.63999938964844,91.63999938964844,0
2026-08-01T17:35,91.66999816894531,91.72000122070312,91.4000015258789,91.4000015258789,114464
2026-08-01T17:40,91.4000015258789,91.4800033569336,91.4000015258789,91.44999694824219,189984
2026-08-01T17:45,91.44999694824219,91.4800033569336,91.26000213623047,91.30999755859375,28864
2026-08-01T17:50,91.33000183105469,91.33000183105469,91.11000061035156,91.31999969482422,0
2026-08-01T17:55,91.27999877929688,91.29000091552734,91.16000366210938,91.16000366210938,0
2026-08-01T18:00,91.0999984741211,91.12000274658203,90.94999694824219,91.02999877929688,775680
2026-08-01T18:05,91.0,91.0,90.80999755859375,90.87999725341797,136384
2026-08-01T18:10,90.87999725341797,90.95999908447266,90.77999877929688,90.80000305175781,652896
2026-08-01T18:15,90.80000305175781,90.8499984741211,90.69999694824219,90.76000213623047,0
2026-08-01T18:20,90.77999877929688,90.80999755859375,90.56999969482422,90.56999969482422,0
2026-08-01T18:25,90.62000274658203,90.80000305175781,90.5999984741211,90.68000030517578,127072
2026-08-01T18:30,90.6500015258789,90.6500015258789,89.76000213623047,90.13999938964844,1084640
2026-08-01T18:35,90.18000030517578,90.26000213623047,89.80000305175781,89.80000305175781,3492096
2026-08-01T18:40,89.79000091552734,89.91999816894531,89.54000091552734,89.54000091552734,703392
2026-08-01T18:45,89.58000183105469,89.66999816894531,89.33999633789062,89.37999725341797,636224
2026-08-01T18:50,89.33999633789062,89.58999633789062,89.33999633789062,89.37999725341797,2964608
2026-08-01T18:55,89.36000061035156,89.83999633789062,89.36000061035156,89.83999633789062,540768
2026-08-01T19:00,89.7699966430664,90.23999786376953,89.73999786376953,90.22000122070312,1807648
2026-08-01T19:05,90.22000122070312,90.37999725341797,90.22000122070312,90.29000091552734,1260672
2026-08-01T19:10,90.33999633789062,90.37000274658203,90.05999755859375,90.05999755859375,1052416
2026-08-01T19:15,90.04000091552734,90.08000183105469,89.69000244140625,89.69000244140625,542368
2026-08-01T19:20,89.6500015258789,89.70999908447266,89.4000015258789,89.55000305175781,1174432
2026-08-01T19:25,89.5999984741211,89.83999633789062,89.5999984741211,89.83999633789062,1827520
2026-08-01T19:30,89.87999725341797,89.87999725341797,89.5199966430664,89.63999938964844,338656
2026-08-01T19:35,89.62000274658203,89.70999908447266,89.33999633789062,89.68000030517578,625472
2026-08-01T19:40,89.72000122070312,89.83000183105469,89.62999725341797,89.81999969482422,677088
2026-08-01T19:45,89.91999816894531,90.22000122070312,89.87000274658203,89.91000366210938,1398016
2026-08-01T19:50,89.95999908447266,90.18000030517578,89.95999908447266,90.0999984741211,1526688
2026-08-01T19:55,90.08000183105469,90.23999786376953,90.08000183105469,90.12000274658203,190912
2026-08-01T20:00,90.0999984741211,90.23999786376953,90.04000091552734,90.19000244140625,0
2026-08-01T20:05,90.16999816894531,90.20999908447266,89.91000366210938,89.93000030517578,0
2026-08-01T20:10,89.93000030517578,90.12000274658203,89.93000030517578,90.08000183105469,0
2026-08-01T20:15,90.0999984741211,90.2699966430664,90.0999984741211,90.13999938964844,0
2026-08-01T20:20,90.18000030517578,90.22000122070312,90.0999984741211,90.0999984741211,0
2026-08-01T20:25,90.05999755859375,90.05999755859375,89.45999908447266,89.45999908447266,204800
2026-08-01T20:30,89.41999816894531,89.48999786376953,89.13999938964844,89.26000213623047,1215168
2026-08-01T20:35,89.29000091552734,89.47000122070312,89.19999694824219,89.19999694824219,2386624
2026-08-01T20:40,89.2300033569336,89.33000183105469,88.97000122070312,89.20999908447266,1007808
2026-08-01T20:45,89.20999908447266,89.30999755859375,88.98999786376953,89.22000122070312,1006784
2026-08-01T20:50,89.22000122070312,89.27999877929688,89.08000183105469,89.0999984741211,2023584
2026-08-01T20:55,89.0999984741211,89.22000122070312,89.0999984741211,89.22000122070312,0
2026-08-01T21:00,89.22000122070312,89.56999969482422,89.22000122070312,89.41000366210938,0
2026-08-01T21:05,89.41000366210938,89.58000183105469,89.4000015258789,89.58000183105469,0
2026-08-01T21:10,89.58000183105469,89.72000122070312,89.58000183105469,89.72000122070312,0
2026-08-01T21:15,89.66000366210938,90.08000183105469,89.61000061035156,89.88999938964844,0
2026-08-01T21:20,89.87000274658203,89.94000244140625,89.6500015258789,89.83000183105469,0
2026-08-01T21:25,89.79000091552734,89.9000015258789,89.68000030517578,89.8499984741211,30432
2026-08-01T21:30,89.8499984741211,90.08000183105469,89.83000183105469,90.05999755859375,0
2026-08-01T21:35,90.05000305175781,90.12000274658203,90.0,90.0,0
2026-08-01T21:40,89.95999908447266,90.27999877929688,89.94000244140625,90.18000030517578,0
2026-08-01T21:45,90.0,90.16999816894531,89.91000366210938,90.05999755859375,458880
2026-08-01T21:50,90.05999755859375,90.05999755859375,89.91999816894531,89.91999816894531,0
2026-08-01T21:55,90.05000305175781,90.0999984741211,89.97000122070312,90.08999633789062,0
2026-08-01T22:00,90.13999938964844,90.27999877929688,90.08000183105469,90.27999877929688,0
2026-08-01T22:05,90.27999877929688,90.37999725341797,90.27999877929688,90.37999725341797,43008
2026-08-01T22:10,90.37999725341797,90.44000244140625,90.33999633789062,90.44000244140625,0
2026-08-01T22:15,90.44000244140625,90.45999908447266,90.37000274658203,90.37000274658203,0
2026-08-01T22:20,90.37000274658203,90.41999816894531,90.31999969482422,90.3499984741211,0
2026-08-01T22:25,90.36000061035156,90.47000122070312,90.36000061035156,90.44000244140625,0
2026-08-01T22:30,90.44000244140625,90.45999908447266,90.44000244140625,90.45999908447266,0
2026-08-01T22:35,90.44999694824219,90.44999694824219,90.38999938964844,90.41000366210938,0
2026-08-01T22:40,90.41999816894531,90.66000366210938,90.4000015258789,90.62999725341797,0
2026-08-01T22:45,90.62000274658203,90.62000274658203,90.5,90.5,582560
2026-08-01T22:50,90.5199966430664,90.5199966430664,90.38999938964844,90.38999938964844,253760
2026-08-01T22:55,90.41000366210938,90.41000366210938,90.33000183105469,90.37999725341797,0
2026-08-01T23:00,90.45999908447266,90.5999984741211,90.45999908447266,90.5999984741211,0
2026-08-01T23:05,90.5999984741211,90.70999908447266,90.5999984741211,90.6500015258789,0
2026-08-01T23:10,90.61000061035156,90.66000366210938,90.61000061035156,90.63999938964844,0
2026-08-01T23:15,90.63999938964844,90.66000366210938,90.5,90.5199966430664,0
2026-08-01T23:20,90.5199966430664,90.5199966430664,90.41999816894531,90.48999786376953,0
2026-08-01T23:25,90.48999786376953,90.5199966430664,90.3499984741211,90.3499984741211,0
2026-08-01T23:30,90.3499984741211,90.45999908447266,90.3499984741211,90.45999908447266,0
2026-08-01T23:35,90.45999908447266,90.63999938964844,90.43000030517578,90.5,0
2026-08-01T23:40,90.5,90.5199966430664,90.41000366210938,90.45999908447266,0
2026-08-01T23:45,90.4800033569336,90.58000183105469,90.4800033569336,90.54000091552734,0
2026-08-01T23:50,90.54000091552734,90.54000091552734,90.47000122070312,90.5199966430664,0
2026-08-01T23:55,90.51000213623047,90.55999755859375,90.47000122070312,90.55999755859375,0
2026-08-02T00:00,90.55999755859375,90.73999786376953,90.5,90.73999786376953,0
2026-08-02T00:05,90.87999725341797,90.9000015258789,90.5999984741211,90.5999984741211,4448
2026-08-02T00:10,90.5999984741211,90.66000366210938,90.55999755859375,90.55999755859375,0
2026-08-02T00:15,90.55999755859375,90.55999755859375,90.5,90.54000091552734,0
2026-08-02T00:20,90.5,90.5199966430664,90.41999816894531,90.5,0
2026-08-02T00:25,90.5,90.55999755859375,90.44000244140625,90.4800033569336,79968
2026-08-02T00:30,90.52999877929688,90.63999938964844,90.4800033569336,90.54000091552734,0
2026-08-02T00:35,90.54000091552734,90.62000274658203,90.5,90.62000274658203,0
2026-08-02T00:40,90.66000366210938,90.87000274658203,90.66000366210938,90.81999969482422,0
2026-08-02T00:45,90.81999969482422,90.91999816894531,90.77999877929688,90.77999877929688,0
2026-08-02T00:50,90.77999877929688,90.80000305175781,90.73999786376953,90.77999877929688,0
2026-08-02T00:55,90.70999908447266,90.77999877929688,90.58000183105469,90.77999877929688,0
2026-08-02T01:00,90.80000305175781,91.0,90.80000305175781,91.0,0
2026-08-02T01:05,91.0,91.0999984741211,90.94999694824219,91.0999984741211,0
2026-08-02T01:10,91.08000183105469,91.13999938964844,90.88999938964844,91.05999755859375,0
2026-08-02T01:15,91.12000274658203,91.13999938964844,90.91999816894531,90.91999816894531,0
2026-08-02T01:20,90.91999816894531,90.91999816894531,90.83999633789062,90.86000061035156,0
2026-08-02T01:25,90.86000061035156,90.9800033569336,90.83999633789062,90.9800033569336,0
2026-08-02T01:30,90.9800033569336,90.9800033569336,90.94000244140625,90.97000122070312,0
2026-08-02T01:35,91.04000091552734,91.12999725341797,91.0199966430664,91.04000091552734,0
2026-08-02T01:40,91.04000091552734,91.12000274658203,90.94000244140625,91.0199966430664,0
2026-08-02T01:45,91.0199966430664,91.05999755859375,90.9800033569336,91.05999755859375,0
2026-08-02T01:50,91.05999755859375,91.20999908447266,91.0199966430664,91.20999908447266,26816
2026-08-02T01:55,91.26000213623047,91.29000091552734,91.12000274658203,91.13999938964844,311872
2026-08-02T02:00,91.13999938964844,91.20999908447266,91.05999755859375,91.1500015258789,0
2026-08-02T02:05,91.1500015258789,92.04000091552734,91.1500015258789,91.86000061035156,0
2026-08-02T02:10,91.9000015258789,92.16000366210938,91.86000061035156,91.95999908447266,1989856
2026-08-02T02:15,91.9800033569336,92.55999755859375,91.94000244140625,92.55000305175781,180256
2026-08-02T02:20,92.52999877929688,92.55999755859375,92.22000122070312,92.33000183105469,1703328
2026-08-02T02:25,92.30999755859375,92.43000030517578,92.25,92.33000183105469,773632
2026-08-02T02:30,92.33000183105469,92.33000183105469,92.08000183105469,92.08000183105469,1491616
2026-08-02T02:35,92.05999755859375,92.05999755859375,91.79000091552734,91.79000091552734,0
2026-08-02T02:40,91.79000091552734,91.87999725341797,91.72000122070312,91.87999725341797,39840
2026-08-02T02:45,91.87999725341797,92.1500015258789,91.81999969482422,92.1500015258789,0
2026-08-02T02:50,92.08000183105469,92.26000213623047,91.95999908447266,92.20999908447266,418432
2026-08-02T02:55,92.20999908447266,92.20999908447266,92.04000091552734,92.04000091552734,523744
2026-08-02T03:00,92.0999984741211,92.43000030517578,92.0999984741211,92.18000030517578,0
2026-08-02T03:05,92.18000030517578,92.18000030517578,92.01000213623047,92.0199966430664,0
2026-08-02T03:10,92.0199966430664,92.13999938964844,91.9000015258789,91.94000244140625,0
2026-08-02T03:15,91.94000244140625,92.0199966430664,91.87999725341797,92.0199966430664,0
2026-08-02T03:20,91.9800033569336,92.19999694824219,91.9800033569336,92.0,0
2026-08-02T03:25,91.9800033569336,91.9800033569336,91.83000183105469,91.86000061035156,0
2026-08-02T03:30,91.83999633789062,92.05999755859375,91.80999755859375,92.05999755859375,0
2026-08-02T03:35,92.05999755859375,92.22000122070312,92.0,92.0999984741211,0
2026-08-02T03:40,92.08000183105469,92.18000030517578,92.0199966430664,92.16000366210938,0
2026-08-02T03:45,92.1500015258789,92.2300033569336,92.1500015258789,92.18000030517578,0
2026-08-02T03:50,92.16999816894531,92.16999816894531,91.88999938964844,91.88999938964844,0
2026-08-02T03:55,91.88999938964844,92.16999816894531,91.88999938964844,92.16999816894531,0
2026-08-02T04:00,92.08999633789062,92.23999786376953,92.05999755859375,92.22000122070312,0
2026-08-02T04:05,92.18000030517578,92.19999694824219,92.01000213623047,92.05000305175781,0
2026-08-02T04:10,92.05000305175781,92.45999908447266,92.04000091552734,92.45999908447266,0
2026-08-02T04:15,92.4800033569336,92.62000274658203,92.47000122070312,92.5999984741211,0
2026-08-02T04:20,92.62000274658203,92.62000274658203,92.18000030517578,92.18000030517578,0
2026-08-02T04:25,92.18000030517578,92.31999969482422,92.18000030517578,92.23999786376953,0
2026-08-02T04:30,92.22000122070312,92.33999633789062,92.22000122070312,92.33999633789062,0
2026-08-02T04:35,92.33999633789062,92.37999725341797,92.19999694824219,92.19999694824219,0
2026-08-02T04:40,92.19999694824219,92.26000213623047,92.0999984741211,92.26000213623047,0
2026-08-02T04:45,92.26000213623047,92.36000061035156,92.19999694824219,92.33000183105469,0
2026-08-02T04:50,92.33000183105469,92.52999877929688,92.33000183105469,92.52999877929688,0
2026-08-02T04:55,92.52999877929688,92.55000305175781,92.44000244140625,92.4800033569336,5680
2026-08-02T05:00,92.4800033569336,92.63999938964844,92.44000244140625,92.44000244140625,0
2026-08-02T05:05,92.44000244140625,92.44000244140625,92.26000213623047,92.29000091552734,162496
2026-08-02T05:10,92.29000091552734,92.29000091552734,92.13999938964844,92.18000030517578,0
2026-08-02T05:15,92.19999694824219,92.22000122070312,92.12000274658203,92.22000122070312,0
2026-08-02T05:20,92.2300033569336,92.26000213623047,92.19999694824219,92.19999694824219,0
2026-08-02T05:25,92.19999694824219,92.22000122070312,91.81999969482422,91.81999969482422,0
2026-08-02T05:30,91.77999877929688,92.08999633789062,91.68000030517578,92.05999755859375,44800
2026-08-02T05:35,92.01000213623047,92.0199966430664,91.9000015258789,92.0199966430664,0
2026-08-02T05:40,92.0199966430664,92.04000091552734,91.9000015258789,91.9000015258789,0
2026-08-02T05:45,91.93000030517578,92.0199966430664,91.93000030517578,91.98999786376953,0
2026-08-02T05:50,91.98999786376953,92.13999938964844,91.98999786376953,92.13999938964844,0
2026-08-02T05:55,92.16000366210938,92.16000366210938,92.0199966430664,92.0199966430664,0
2026-08-02T06:00,92.0199966430664,92.08000183105469,92.0199966430664,92.04000091552734,0
2026-08-02T06:05,92.04000091552734,92.05999755859375,91.86000061035156,91.86000061035156,0
2026-08-02T06:10,91.86000061035156,91.97000122070312,91.83000183105469,91.97000122070312,0
2026-08-02T06:15,91.97000122070312,92.0199966430664,91.9000015258789,91.9000015258789,0
2026-08-02T06:20,91.94000244140625,92.0,91.87999725341797,91.9800033569336,0
2026-08-02T06:25,91.9800033569336,92.1500015258789,91.9800033569336,92.12999725341797,0
2026-08-02T06:30,92.0199966430664,92.02999877929688,91.91000366210938,91.91000366210938,0
2026-08-02T06:35,91.91000366210938,92.04000091552734,91.91000366210938,91.91999816894531,0
2026-08-02T06:40,92.0,92.04000091552734,91.9800033569336,91.9800033569336,0
2026-08-02T06:45,92.0199966430664,92.0199966430664,91.97000122070312,92.0,0
2026-08-02T06:50,92.0,92.0,91.93000030517578,91.93000030517578,0
2026-08-02T06:55,91.93000030517578,92.01000213623047,91.87999725341797,91.87999725341797,0
2026-08-02T07:00,91.83999633789062,91.95999908447266,91.83000183105469,91.93000030517578,0
2026-08-02T07:05,91.93000030517578,92.16000366210938,91.93000030517578,92.16000366210938,0
2026-08-02T07:10,92.16000366210938,92.16000366210938,92.05999755859375,92.0999984741211,0
2026-08-02T07:15,92.13999938964844,92.22000122070312,92.13999938964844,92.22000122070312,0
2026-08-02T07:20,92.18000030517578,92.66999816894531,92.18000030517578,92.61000061035156,0
2026-08-02T07:25,92.70999908447266,92.70999908447266,92.62999725341797,92.63999938964844,945152
2026-08-02T07:30,92.63999938964844,92.63999938964844,92.4000015258789,92.4000015258789,0
2026-08-02T07:35,92.4000015258789,92.4000015258789,92.27999877929688,92.31999969482422,0
2026-08-02T07:40,92.31999969482422,92.31999969482422,92.27999877929688,92.27999877929688,0
2026-08-02T07:45,92.27999877929688,92.30999755859375,92.13999938964844,92.18000030517578,0
2026-08-02T07:50,92.18000030517578,92.26000213623047,92.18000030517578,92.18000030517578,0
2026-08-02T07:55,92.16000366210938,92.16000366210938,92.08000183105469,92.08000183105469,0
2026-08-02T08:00,92.16999816894531,92.26000213623047,92.11000061035156,92.11000061035156,0
2026-08-02T08:05,92.08000183105469,92.08000183105469,92.02999877929688,92.02999877929688,0
2026-08-02T08:10,92.05999755859375,92.22000122070312,92.04000091552734,92.04000091552734,0
2026-08-02T08:15,92.04000091552734,92.04000091552734,91.91999816894531,91.93000030517578,0
2026-08-02T08:20,91.93000030517578,91.93000030517578,91.83999633789062,91.91999816894531,0
2026-08-02T08:25,91.91999816894531,91.94000244140625,91.87000274658203,91.87000274658203,0
2026-08-02T08:30,91.86000061035156,91.87000274658203,91.76000213623047,91.76000213623047,0
2026-08-02T08:35,91.76000213623047,91.76000213623047,91.36000061035156,91.37000274658203,0
2026-08-02T08:40,91.41999816894531,91.63999938964844,91.41999816894531,91.62000274658203,277664
2026-08-02T08:45,91.58999633789062,91.76000213623047,91.58999633789062,91.73999786376953,164688
2026-08-02T08:50,91.73999786376953,91.76000213623047,91.69999694824219,91.69999694824219,0
2026-08-02T08:55,91.69999694824219,91.70999908447266,91.63999938964844,91.66999816894531,0
2026-08-02T09:00,91.66999816894531,91.70999908447266,91.30999755859375,91.30999755859375,0
2026-08-02T09:05,91.27999877929688,91.69999694824219,91.27999877929688,91.69999694824219,13600
2026-08-02T09:10,91.72000122070312,91.77999877929688,91.72000122070312,91.77999877929688,65728
2026-08-02T09:15,91.77999877929688,91.80999755859375,91.73999786376953,91.76000213623047,0
2026-08-02T09:20,91.77999877929688,91.9000015258789,91.76000213623047,91.9000015258789,0
2026-08-02T09:25,91.9000015258789,91.9000015258789,91.73999786376953,91.73999786376953,0
2026-08-02T09:30,91.73999786376953,92.2300033569336,91.73999786376953,92.08999633789062,0
2026-08-02T09:35,92.08000183105469,92.62999725341797,92.0199966430664,92.33999633789062,1141232
2026-08-02T09:40,92.29000091552734,92.56999969482422,92.29000091552734,92.44000244140625,1139664
2026-08-02T09:45,92.51000213623047,92.5199966430664,92.37999725341797,92.41000366210938,364864
2026-08-02T09:50,92.41000366210938,92.41000366210938,92.29000091552734,92.30000305175781,0
2026-08-02T09:55,92.33000183105469,92.33000183105469,92.23999786376953,92.23999786376953,0
2026-08-02T10:00,92.22000122070312,92.23999786376953,92.18000030517578,92.18000030517578,0
2026-08-02T10:05,92.23999786376953,92.23999786376953,92.0999984741211,92.18000030517578,0
2026-08-02T10:10,92.19999694824219,92.29000091552734,92.18000030517578,92.29000091552734,0
2026-08-02T10:15,92.29000091552734,92.38999938964844,92.16000366210938,92.37999725341797,0
2026-08-02T10:20,92.37999725341797,92.37999725341797,92.04000091552734,92.12000274658203,0
2026-08-02T10:25,92.12000274658203,92.12000274658203,92.05999755859375,92.0999984741211,0
2026-08-02T10:30,92.0999984741211,92.23999786376953,92.0999984741211,92.2300033569336,0
2026-08-02T10:35,92.18000030517578,92.25,92.16000366210938,92.25,0
2026-08-02T10:40,92.19999694824219,92.30000305175781,92.19999694824219,92.23999786376953,0
2026-08-02T10:45,92.26000213623047,92.27999877929688,92.16000366210938,92.16000366210938,0
2026-08-02T10:50,92.16000366210938,92.30000305175781,92.16000366210938,92.29000091552734,0
2026-08-02T10:55,92.30000305175781,92.31999969482422,92.23999786376953,92.23999786376953,31392
2026-08-02T11:00,92.23999786376953,92.29000091552734,92.08999633789062,92.08999633789062,0
2026-08-02T11:05,92.08999633789062,92.12999725341797,92.04000091552734,92.04000091552734,0
2026-08-02T11:10,92.08000183105469,92.19999694824219,92.08000183105469,92.19999694824219,0
2026-08-02T11:15,92.22000122070312,92.43000030517578,92.22000122070312,92.36000061035156,37296
2026-08-02T11:20,92.4000015258789,92.4000015258789,92.25,92.30000305175781,0
2026-08-02T11:25,92.30000305175781,92.33000183105469,92.13999938964844,92.13999938964844,0
2026-08-02T11:30,92.12000274658203,92.12000274658203,92.0,92.08000183105469,0
2026-08-02T11:35,92.0999984741211,92.12000274658203,92.0,92.0999984741211,0
2026-08-02T11:40,92.16000366210938,92.19999694824219,91.95999908447266,92.0199966430664,375872
2026-08-02T11:45,92.05999755859375,92.18000030517578,92.0,92.04000091552734,167376
2026-08-02T11:50,92.04000091552734,92.0999984741211,91.87999725341797,92.01000213623047,111216
2026-08-02T11:55,92.04000091552734,92.06999969482422,91.83999633789062,91.95999908447266,340432
2026-08-02T12:00,92.01000213623047,92.05000305175781,91.87999725341797,91.91999816894531,0
2026-08-02T12:05,91.77999877929688,91.77999877929688,91.0199966430664,91.19999694824219,925232
2026-08-02T12:10,91.16000366210938,91.30999755859375,91.12000274658203,91.30999755859375,1878112
2026-08-02T12:15,91.23999786376953,91.36000061035156,91.19000244140625,91.27999877929688,436576
2026-08-02T12:20,91.29000091552734,91.38999938964844,91.26000213623047,91.26000213623047,189360
2026-08-02T12:25,91.30000305175781,91.3499984741211,91.25,91.27999877929688,0
2026-08-02T12:30,91.19999694824219,91.38999938964844,91.19999694824219,91.31999969482422,0
2026-08-02T12:35,91.31999969482422,91.31999969482422,91.16000366210938,91.25,124704
2026-08-02T12:40,91.26000213623047,91.30000305175781,91.19999694824219,91.30000305175781,193712
2026-08-02T12:45,91.29000091552734,91.31999969482422,91.19999694824219,91.31999969482422,0
2026-08-02T12:50,91.30000305175781,91.30000305175781,91.1500015258789,91.1500015258789,224608
2026-08-02T12:55,91.13999938964844,91.1500015258789,90.77999877929688,90.87999725341797,0
2026-08-02T13:00,90.83999633789062,91.05000305175781,90.77999877929688,90.97000122070312,593344
2026-08-02T13:05,90.95999908447266,90.9800033569336,90.91000366210938,90.9800033569336,548128
2026-08-02T13:10,90.9800033569336,91.05999755859375,90.91999816894531,91.0,192560
2026-08-02T13:15,90.95999908447266,90.95999908447266,90.8499984741211,90.93000030517578,38448
2026-08-02T13:20,90.9800033569336,91.01000213623047,90.94999694824219,90.95999908447266,92464
2026-08-02T13:25,90.95999908447266,91.04000091552734,90.94999694824219,90.94999694824219,0
2026-08-02T13:30,90.93000030517578,91.06999969482422,90.93000030517578,91.0,102912
2026-08-02T13:35,91.0,91.0,90.80000305175781,90.91999816894531,0
2026-08-02T13:40,90.91999816894531,91.13999938964844,90.91999816894531,91.12999725341797,0
2026-08-02T13:45,91.13999938964844,91.13999938964844,91.0,91.12999725341797,70208
2026-08-02T13:50,91.08999633789062,91.08999633789062,91.0199966430664,91.02999877929688,154256
2026-08-02T13:55,91.02999877929688,91.02999877929688,90.81999969482422,90.81999969482422,0
2026-08-02T14:00,90.81999969482422,90.93000030517578,90.76000213623047,90.93000030517578,0
2026-08-02T14:05,90.91999816894531,90.91999816894531,90.80000305175781,90.80000305175781,0
2026-08-02T14:10,90.80000305175781,90.95999908447266,90.80000305175781,90.94000244140625,567248
2026-08-02T14:15,90.94000244140625,91.58999633789062,90.94000244140625,91.43000030517578,1848608
2026-08-02T14:20,91.41999816894531,91.41999816894531,91.29000091552734,91.3499984741211,3793136
2026-08-02T14:25,91.37000274658203,91.55999755859375,91.37000274658203,91.55999755859375,224816
2026-08-02T14:30,91.55999755859375,91.58999633789062,91.4800033569336,91.54000091552734,0
2026-08-02T14:35,91.54000091552734,91.66000366210938,91.5199966430664,91.58000183105469,0
2026-08-02T14:40,91.55999755859375,91.55999755859375,91.41999816894531,91.41999816894531,0
2026-08-02T14:45,91.44000244140625,91.45999908447266,91.4000015258789,91.44999694824219,0
2026-08-02T14:50,91.45999908447266,91.45999908447266,91.30000305175781,91.30000305175781,0
2026-08-02T14:55,91.30000305175781,91.36000061035156,91.30000305175781,91.33999633789062,0
2026-08-02T15:00,91.33999633789062,91.44999694824219,91.30000305175781,91.37999725341797,295872
2026-08-02T15:05,91.4000015258789,91.62999725341797,91.4000015258789,91.4800033569336,0
2026-08-02T15:10,91.4800033569336,91.58999633789062,91.41999816894531,91.58000183105469,0
2026-08-02T15:15,91.5999984741211,91.68000030517578,91.5999984741211,91.68000030517578,0
2026-08-02T15:20,91.68000030517578,91.73999786376953,91.68000030517578,91.72000122070312,0
2026-08-02T15:25,91.72000122070312,91.93000030517578,91.72000122070312,91.93000030517578,0
2026-08-02T15:30,91.91999816894531,92.2699966430664,91.91000366210938,92.16000366210938,403728
2026-08-02T15:35,92.12999725341797,92.23999786376953,92.12000274658203,92.13999938964844,1071104
2026-08-02T15:40,92.11000061035156,92.1500015258789,92.06999969482422,92.0999984741211,488368
2026-08-02T15:45,92.1500015258789,92.1500015258789,92.0,92.01000213623047,50624
2026-08-02T15:50,92.0199966430664,92.16999816894531,92.01000213623047,92.0999984741211,172576
2026-08-02T15:55,92.0999984741211,92.13999938964844,92.0999984741211,92.13999938964844,0
2026-08-02T16:00,92.1500015258789,92.16000366210938,91.86000061035156,91.94000244140625,0
2026-08-02T16:05,91.94000244140625,92.0199966430664,91.87999725341797,91.88999938964844,0
2026-08-02T16:10,91.9000015258789,91.94999694824219,91.80999755859375,91.94999694824219,0
2026-08-02T16:15,91.94999694824219,92.0,91.83999633789062,91.88999938964844,143824
2026-08-02T16:20,91.88999938964844,92.30000305175781,91.88999938964844,92.2699966430664,79392
2026-08-02T16:25,92.2300033569336,92.26000213623047,92.06999969482422,92.16000366210938,789296
2026-08-02T16:30,92.16999816894531,92.22000122070312,92.11000061035156,92.19000244140625,0
2026-08-02T16:35,92.16000366210938,92.22000122070312,92.1500015258789,92.16000366210938,83936
2026-08-02T16:40,92.16000366210938,92.30000305175781,92.13999938964844,92.22000122070312,3392
2026-08-02T16:45,92.22000122070312,92.23999786376953,92.11000061035156,92.11000061035156,116272
2026-08-02T16:50,92.11000061035156,92.12999725341797,92.05000305175781,92.12999725341797,0
2026-08-02T16:55,92.12999725341797,92.18000030517578,92.11000061035156,92.12999725341797,92624
2026-08-02T17:00,92.0999984741211,92.0999984741211,92.04000091552734,92.0999984741211,0
2026-08-02T17:05,92.12000274658203,92.12000274658203,92.05999755859375,92.06999969482422,0
2026-08-02T17:10,92.06999969482422,92.19999694824219,92.05000305175781,92.19999694824219,0
2026-08-02T17:15,92.16000366210938,92.3499984741211,92.16000366210938,92.3499984741211,505920
2026-08-02T17:20,92.3499984741211,92.47000122070312,92.30999755859375,92.47000122070312,44544
2026-08-02T17:25,92.41999816894531,92.5,92.33999633789062,92.36000061035156,0
2026-08-02T17:30,92.33999633789062,92.4000015258789,92.33999633789062,92.37000274658203,0
2026-08-02T17:35,92.37000274658203,92.41000366210938,92.33999633789062,92.36000061035156,0
2026-08-02T17:40,92.36000061035156,92.41999816894531,92.22000122070312,92.41999816894531,0
2026-08-02T17:45,92.44000244140625,92.44999694824219,92.3499984741211,92.3499984741211,0
2026-08-02T17:50,92.3499984741211,92.37000274658203,92.30000305175781,92.3499984741211,0
2026-08-02T17:55,92.3499984741211,92.3499984741211,92.30000305175781,92.31999969482422,0
2026-08-02T18:00,92.31999969482422,92.37999725341797,92.30000305175781,92.37999725341797,0
2026-08-02T18:05,92.38999938964844,92.43000030517578,92.30999755859375,92.30999755859375,0
2026-08-02T18:10,92.30999755859375,92.47000122070312,92.30999755859375,92.36000061035156,0
2026-08-02T18:15,92.36000061035156,92.36000061035156,92.31999969482422,92.33000183105469,0
2026-08-02T18:20,92.33000183105469,92.56999969482422,92.33000183105469,92.36000061035156,0
2026-08-02T18:25,92.36000061035156,92.36000061035156,92.27999877929688,92.27999877929688,0
2026-08-02T18:30,92.29000091552734,92.45999908447266,92.27999877929688,92.45999908447266,0
2026-08-02T18:35,92.45999908447266,92.70999908447266,92.4000015258789,92.62000274658203,0
2026-08-02T18:40,92.61000061035156,93.16000366210938,92.61000061035156,92.8499984741211,0
2026-08-02T18:45,92.81999969482422,92.81999969482422,92.69999694824219,92.72000122070312,0
2026-08-02T18:50,92.72000122070312,92.76000213623047,92.5999984741211,92.68000030517578,0
2026-08-02T18:55,92.68000030517578,92.7300033569336,92.58000183105469,92.58000183105469,0
2026-08-02T19:00,92.55999755859375,92.61000061035156,92.44999694824219,92.44999694824219,0
2026-08-02T19:05,92.5199966430664,92.62000274658203,92.5199966430664,92.62000274658203,0
2026-08-02T19:10,92.66000366210938,92.66000366210938,92.55999755859375,92.55999755859375,0
2026-08-02T19:15,92.55999755859375,92.69999694824219,92.55999755859375,92.69999694824219,0
2026-08-02T19:20,92.69999694824219,92.69999694824219,92.54000091552734,92.55999755859375,0
2026-08-02T19:25,92.55999755859375,92.63999938964844,92.5199966430664,92.58000183105469,0
2026-08-02T19:30,92.58000183105469,92.62999725341797,92.58000183105469,92.62000274658203,0
2026-08-02T19:35,92.66000366210938,92.73999786376953,92.5999984741211,92.5999984741211,0
2026-08-02T19:40,92.5999984741211,92.63999938964844,92.5199966430664,92.58000183105469,0
2026-08-02T19:45,92.58000183105469,92.77999877929688,92.58000183105469,92.77999877929688,0
2026-08-02T19:50,92.77999877929688,92.81999969482422,92.7300033569336,92.77999877929688,0
2026-08-02T19:55,92.77999877929688,92.87999725341797,92.72000122070312,92.87999725341797,0
2026-08-02T20:00,92.9000015258789,92.91999816894531,92.76000213623047,92.76000213623047,0
2026-08-02T20:05,92.77999877929688,92.80000305175781,92.66000366210938,92.7300033569336,0
2026-08-02T20:10,92.7300033569336,92.7300033569336,92.61000061035156,92.69999694824219,0
2026-08-02T20:15,92.69999694824219,92.8499984741211,92.62000274658203,92.70999908447266,0
2026-08-02T20:20,92.70999908447266,92.70999908447266,92.45999908447266,92.45999908447266,0
2026-08-02T20:25,92.45999908447266,92.51000213623047,92.41000366210938,92.48999786376953,0
2026-08-02T20:30,92.48999786376953,92.48999786376953,92.37999725341797,92.43000030517578,0
2026-08-02T20:35,92.43000030517578,92.44000244140625,92.4000015258789,92.4000015258789,0
2026-08-02T20:40,92.37000274658203,92.37999725341797,92.31999969482422,92.3499984741211,0
2026-08-02T20:45,92.3499984741211,92.5,92.30000305175781,92.44999694824219,0
2026-08-02T20:50,92.44999694824219,92.44999694824219,92.36000061035156,92.38999938964844,0
2026-08-02T20:55,92.38999938964844,92.41000366210938,92.38999938964844,92.41000366210938,0
2026-08-02T21:00,92.36000061035156,92.44000244140625,92.29000091552734,92.44000244140625,0
2026-08-02T21:05,92.44999694824219,92.44999694824219,92.33000183105469,92.37999725341797,0
2026-08-02T21:10,92.38999938964844,92.51000213623047,92.38999938964844,92.38999938964844,0
2026-08-02T21:15,92.38999938964844,92.45999908447266,92.38999938964844,92.44000244140625,0
2026-08-02T21:20,92.44000244140625,92.55999755859375,92.41000366210938,92.55999755859375,0
2026-08-02T21:25,92.55999755859375,92.5999984741211,92.45999908447266,92.5999984741211,0
2026-08-02T21:30,92.5999984741211,92.72000122070312,92.55000305175781,92.72000122070312,0
2026-08-02T21:35,92.72000122070312,92.7300033569336,92.36000061035156,92.51000213623047,0
2026-08-02T21:40,92.45999908447266,92.83999633789062,92.45999908447266,92.79000091552734,0
2026-08-02T21:45,92.79000091552734,93.33000183105469,92.79000091552734,93.11000061035156,175296
2026-08-02T21:50,93.11000061035156,93.23999786376953,93.08999633789062,93.13999938964844,1414352
2026-08-02T21:55,93.16000366210938,93.16000366210938,92.91999816894531,93.0,465040
2026-08-02T22:00,93.08000183105469,93.2300033569336,93.0,93.04000091552734,305120
2026-08-02T22:05,93.06999969482422,93.0999984741211,92.8499984741211,92.94000244140625,375424
2026-08-02T22:10,92.9800033569336,93.1500015258789,92.94000244140625,92.9800033569336,607520
2026-08-02T22:15,92.94000244140625,93.0999984741211,92.86000061035156,92.87999725341797,358464
2026-08-02T22:20,92.87999725341797,92.98999786376953,92.87999725341797,92.98999786376953,269744
2026-08-02T22:25,92.98999786376953,92.98999786376953,92.86000061035156,92.86000061035156,188832
2026-08-02T22:30,92.83999633789062,92.83999633789062,92.55999755859375,92.56999969482422,0
2026-08-02T22:35,92.56999969482422,92.56999969482422,92.27999877929688,92.29000091552734,310736
2026-08-02T22:40,92.27999877929688,92.44999694824219,92.20999908447266,92.44999694824219,769712
2026-08-02T22:45,92.44999694824219,92.5,92.37999725341797,92.4000015258789,0
2026-08-02T22:50,92.38999938964844,92.43000030517578,92.37000274658203,92.37999725341797,0
2026-08-02T22:55,92.37000274658203,92.45999908447266,92.37000274658203,92.43000030517578,0
2026-08-02T23:00,92.4000015258789,92.5,92.36000061035156,92.36000061035156,0
2026-08-02T23:05,92.31999969482422,92.36000061035156,92.20999908447266,92.23999786376953,19856
2026-08-02T23:10,92.23999786376953,92.26000213623047,92.08999633789062,92.08999633789062,196304
2026-08-02T23:15,92.08999633789062,92.16000366210938,91.91000366210938,92.16000366210938,365584
2026-08-02T23:20,92.16000366210938,92.16000366210938,92.01000213623047,92.05999755859375,400896
2026-08-02T23:25,92.05999755859375,92.13999938964844,92.05999755859375,92.06999969482422,78848
2026-08-02T23:30,92.06999969482422,92.08000183105469,92.01000213623047,92.08000183105469,108608
2026-08-02T23:35,92.0999984741211,92.12999725341797,92.0199966430664,92.0199966430664,83712
2026-08-02T23:40,92.0199966430664,92.04000091552734,91.93000030517578,91.97000122070312,384912
2026-08-02T23:45,91.91000366210938,92.05999755859375,91.91000366210938,91.9800033569336,106784
2026-08-02T23:50,91.95999908447266,92.08000183105469,91.94000244140625,91.94000244140625,70272
2026-08-02T23:55,91.9000015258789,92.06999969482422,91.9000015258789,92.05999755859375,462256
2026-08-03T00:00,92.05000305175781,92.12000274658203,91.75,91.75,0
2026-08-03T00:05,91.75,91.75,91.51000213623047,91.52999877929688,15104
2026-08-03T00:10,91.51000213623047,91.66000366210938,91.5,91.66000366210938,143440
2026-08-03T00:15,91.69999694824219,91.91999816894531,91.69999694824219,91.80000305175781,0
2026-08-03T00:20,91.80000305175781,91.9800033569336,91.75,91.86000061035156,0
2026-08-03T00:25,91.81999969482422,91.88999938964844,91.63999938964844,91.75,0
2026-08-03T00:30,91.75,91.9000015258789,91.68000030517578,91.75,192384
2026-08-03T00:35,91.69999694824219,91.73999786376953,91.62999725341797,91.73999786376953,399408
2026-08-03T00:40,91.73999786376953,91.76000213623047,91.55999755859375,91.58999633789062,103600
2026-08-03T00:45,91.63999938964844,91.73999786376953,91.5999984741211,91.73999786376953,0
2026-08-03T00:50,91.75,91.75,91.66000366210938,91.72000122070312,142592
2026-08-03T00:55,91.72000122070312,91.73999786376953,91.66999816894531,91.73999786376953,217760
2026-08-03T01:00,91.68000030517578,91.86000061035156,91.66999816894531,91.86000061035156,0
2026-08-03T01:05,91.87999725341797,91.88999938964844,91.68000030517578,91.72000122070312,166224
2026-08-03T01:10,91.72000122070312,91.72000122070312,91.5,91.58000183105469,0
2026-08-03T01:15,91.54000091552734,91.86000061035156,91.5199966430664,91.81999969482422,461328
2026-08-03T01:20,91.80000305175781,91.80000305175781,91.6500015258789,91.69999694824219,182976
2026-08-03T01:25,91.73999786376953,91.81999969482422,91.43000030517578,91.51000213623047,351968
2026-08-03T01:30,91.51000213623047,91.69999694824219,91.41000366210938,91.54000091552734,275136
2026-08-03T01:35,91.58000183105469,91.58000183105469,91.30000305175781,91.4800033569336,432688
2026-08-03T01:40,91.5,91.66000366210938,91.44000244140625,91.66000366210938,374464
2026-08-03T01:45,91.66000366210938,91.72000122070312,91.63999938964844,91.70999908447266,157024
2026-08-03T01:50,91.70999908447266,91.70999908447266,91.44999694824219,91.54000091552734,0
2026-08-03T01:55,91.54000091552734,91.68000030517578,91.54000091552734,91.66000366210938,0
2026-08-03T02:00,91.63999938964844,91.63999938964844,91.36000061035156,91.45999908447266,0
2026-08-03T02:05,91.41999816894531,91.4800033569336,91.38999938964844,91.44000244140625,0
2026-08-03T02:10,91.4000015258789,91.45999908447266,91.2300033569336,91.25,0
2026-08-03T02:15,91.25,91.5199966430664,91.23999786376953,91.5199966430664,0
2026-08-03T02:20,91.54000091552734,91.69999694824219,91.41999816894531,91.41999816894531,0
2026-08-03T02:25,91.41000366210938,91.41000366210938,91.2300033569336,91.30000305175781,0
2026-08-03T02:30,91.33000183105469,91.44000244140625,91.26000213623047,91.44000244140625,0
2026-08-03T02:35,91.4800033569336,91.5999984741211,91.4800033569336,91.56999969482422,0
2026-08-03T02:40,91.56999969482422,91.56999969482422,91.45999908447266,91.48999786376953,0
2026-08-03T02:45,91.48999786376953,91.5999984741211,91.48999786376953,91.5999984741211,0
2026-08-03T02:50,91.5999984741211,91.5999984741211,91.55999755859375,91.55999755859375,15984
2026-08-03T02:55,91.54000091552734,91.54000091552734,91.36000061035156,91.45999908447266,0
2026-08-03T03:00,91.44000244140625,91.56999969482422,91.44000244140625,91.56999969482422,0
2026-08-03T03:05,91.56999969482422,91.5999984741211,91.5,91.51000213623047,0
2026-08-03T03:10,91.51000213623047,91.58000183105469,91.45999908447266,91.5,0
2026-08-03T03:15,91.41999816894531,91.5199966430664,91.3499984741211,91.4000015258789,0
2026-08-03T03:20,91.43000030517578,91.4800033569336,91.4000015258789,91.4000015258789,0
2026-08-03T03:25,91.4000015258789,91.4000015258789,91.12999725341797,91.16000366210938,181056
2026-08-03T03:30,91.12000274658203,91.33999633789062,91.06999969482422,91.31999969482422,324464
2026-08-03T03:35,91.3499984741211,91.3499984741211,91.23999786376953,91.23999786376953,0
2026-08-03T03:40,91.23999786376953,91.33999633789062,91.23999786376953,91.33999633789062,0
2026-08-03T03:45,91.33999633789062,91.3499984741211,90.83000183105469,91.30999755859375,0
2026-08-03T03:50,91.31999969482422,91.68000030517578,91.31999969482422,91.68000030517578,876640
2026-08-03T03:55,91.68000030517578,91.76000213623047,91.55999755859375,91.55999755859375,546816
2026-08-03T04:00,91.5,91.72000122070312,91.5,91.72000122070312,0
2026-08-03T04:05,91.72000122070312,91.73999786376953,91.54000091552734,91.54000091552734,0
2026-08-03T04:10,91.41000366210938,91.61000061035156,91.4000015258789,91.55999755859375,0
2026-08-03T04:15,91.58999633789062,91.66000366210938,91.55999755859375,91.5999984741211,0
2026-08-03T04:20,91.5999984741211,91.80000305175781,91.5999984741211,91.77999877929688,0
2026-08-03T04:25,91.81999969482422,91.81999969482422,91.63999938964844,91.63999938964844,0
2026-08-03T04:30,91.63999938964844,91.68000030517578,91.58000183105469,91.62999725341797,0
2026-08-03T04:35,91.62999725341797,91.68000030517578,91.62000274658203,91.68000030517578,0
2026-08-03T04:40,91.68000030517578,91.69999694824219,91.68000030517578,91.69999694824219,0
2026-08-03T04:45,91.69999694824219,91.69999694824219,91.58000183105469,91.58000183105469,0
2026-08-03T04:50,91.58000183105469,91.62000274658203,91.4800033569336,91.55999755859375,0
2026-08-03T04:55,91.55999755859375,91.55999755859375,91.44000244140625,91.44999694824219,0
2026-08-03T05:00,91.48999786376953,91.55000305175781,91.41000366210938,91.41000366210938,0
2026-08-03T05:05,91.4000015258789,91.62999725341797,91.36000061035156,91.62999725341797,0
2026-08-03T05:10,91.62999725341797,91.87999725341797,91.62999725341797,91.87999725341797,0
2026-08-03T05:15,91.87999725341797,91.9800033569336,91.77999877929688,91.9800033569336,0
2026-08-03T05:20,92.05999755859375,92.05999755859375,91.87999725341797,91.94000244140625,729760
2026-08-03T05:25,91.94000244140625,91.9800033569336,91.9000015258789,91.9000015258789,149248
2026-08-03T05:30,91.9000015258789,92.0199966430664,91.7300033569336,91.7300033569336,0
2026-08-03T05:35,91.80000305175781,91.86000061035156,91.72000122070312,91.83000183105469,0
2026-08-03T05:40,91.80000305175781,91.87999725341797,91.80000305175781,91.81999969482422,0
2026-08-03T05:45,91.81999969482422,92.08000183105469,91.79000091552734,92.08000183105469,47504
2026-08-03T05:50,92.08000183105469,92.13999938964844,92.02999877929688,92.02999877929688,0
2026-08-03T05:55,92.0,92.08000183105469,92.0,92.08000183105469,0
2026-08-03T06:00,92.08000183105469,92.23999786376953,92.08000183105469,92.12000274658203,0
2026-08-03T06:05,92.0999984741211,92.0999984741211,91.87999725341797,91.87999725341797,122400
2026-08-03T06:10,91.86000061035156,91.91000366210938,91.73999786376953,91.73999786376953,115824
2026-08-03T06:15,91.73999786376953,91.80999755859375,91.73999786376953,91.77999877929688,0
2026-08-03T06:20,91.77999877929688,91.91999816894531,91.68000030517578,91.91999816894531,117120
2026-08-03T06:25,91.9000015258789,91.91999816894531,91.76000213623047,91.77999877929688,284944
2026-08-03T06:30,91.77999877929688,91.87000274658203,91.72000122070312,91.76000213623047,165376
2026-08-03T06:35,91.73999786376953,91.73999786376953,91.5,91.55999755859375,0
2026-08-03T06:40,91.55999755859375,91.66000366210938,91.54000091552734,91.54000091552734,76080
2026-08-03T06:45,91.5199966430664,91.66000366210938,91.5199966430664,91.5999984741211,51472
2026-08-03T06:50,91.5999984741211,91.80000305175781,91.5999984741211,91.68000030517578,80768
2026-08-03T06:55,91.58999633789062,91.63999938964844,91.58999633789062,91.5999984741211,153136
2026-08-03T07:00,91.5999984741211,91.66000366210938,91.4800033569336,91.61000061035156,0
2026-08-03T07:05,91.62000274658203,91.72000122070312,91.58000183105469,91.63999938964844,0
2026-08-03T07:10,91.69999694824219,91.80000305175781,91.66000366210938,91.66000366210938,354720
2026-08-03T07:15,91.62000274658203,91.69999694824219,91.54000091552734,91.63999938964844,82128
2026-08-03T07:20,91.63999938964844,91.66999816894531,91.55999755859375,91.62000274658203,334128
2026-08-03T07:25,91.62000274658203,91.66999816894531,91.58000183105469,91.66999816894531,0
2026-08-03T07:30,91.66999816894531,91.72000122070312,91.58000183105469,91.58000183105469,0
2026-08-03T07:35,91.5,91.62999725341797,91.44999694824219,91.4800033569336,0
2026-08-03T07:40,91.5199966430664,91.5199966430664,91.26000213623047,91.26000213623047,88464
2026-08-03T07:45,91.26000213623047,91.33999633789062,91.25,91.31999969482422,157504
2026-08-03T07:50,91.30000305175781,91.30000305175781,91.22000122070312,91.30000305175781,0
2026-08-03T07:55,91.31999969482422,91.33999633789062,91.22000122070312,91.22000122070312,195760
2026-08-03T08:00,91.22000122070312,91.36000061035156,91.13999938964844,91.25,251312
2026-08-03T08:05,91.27999877929688,91.33999633789062,91.27999877929688,91.33999633789062,365456
2026-08-03T08:10,91.33999633789062,91.33999633789062,91.27999877929688,91.33999633789062,1568
2026-08-03T08:15,91.33999633789062,91.37999725341797,91.2300033569336,91.23999786376953,0
2026-08-03T08:20,91.23999786376953,91.23999786376953,91.0199966430664,91.23999786376953,0
2026-08-03T08:25,91.19999694824219,91.22000122070312,91.04000091552734,91.22000122070312,84672
2026-08-03T08:30,91.12000274658203,91.18000030517578,91.01000213623047,91.13999938964844,376816
2026-08-03T08:35,91.16000366210938,91.27999877929688,91.16000366210938,91.18000030517578,557648
2026-08-03T08:40,91.18000030517578,91.23999786376953,91.18000030517578,91.23999786376953,12848
2026-08-03T08:45,91.23999786376953,91.4000015258789,91.23999786376953,91.4000015258789,0
2026-08-03T08:50,91.4000015258789,91.56999969482422,91.33999633789062,91.56999969482422,0
2026-08-03T08:55,91.5999984741211,91.80000305175781,91.5999984741211,91.66000366210938,282688
2026-08-03T09:00,91.66000366210938,91.66000366210938,91.55999755859375,91.5999984741211,0
2026-08-03T09:05,91.5999984741211,91.68000030517578,91.5999984741211,91.61000061035156,0
2026-08-03T09:10,91.58999633789062,91.81999969482422,91.58999633789062,91.76000213623047,0
2026-08-03T09:15,91.75,91.93000030517578,91.75,91.8499984741211,0
2026-08-03T09:20,91.9000015258789,91.91999816894531,91.79000091552734,91.79000091552734,183504
2026-08-03T09:25,91.76000213623047,91.7699966430664,91.69999694824219,91.76000213623047,0
2026-08-03T09:30,91.76000213623047,92.16000366210938,91.73999786376953,92.1500015258789,0
2026-08-03T09:35,92.1500015258789,92.31999969482422,92.06999969482422,92.31999969482422,0
2026-08-03T09:40,92.26000213623047,92.26000213623047,92.0999984741211,92.18000030517578,0
2026-08-03T09:45,92.18000030517578,92.36000061035156,92.18000030517578,92.29000091552734,0
2026-08-03T09:50,92.33999633789062,92.3499984741211,92.27999877929688,92.30000305175781,0
2026-08-03T09:55,92.33000183105469,92.5999984741211,92.31999969482422,92.31999969482422,0
2026-08-03T10:00,92.33999633789062,92.41999816894531,92.2699966430664,92.2699966430664,185712
2026-08-03T10:05,92.26000213623047,92.30000305175781,92.23999786376953,92.23999786376953,4032
2026-08-03T10:10,92.19000244140625,92.19999694824219,92.13999938964844,92.18000030517578,0
2026-08-03T10:15,92.16999816894531,92.27999877929688,92.16999816894531,92.2300033569336,0
2026-08-03T10:20,92.2300033569336,92.36000061035156,92.16000366210938,92.36000061035156,0
2026-08-03T10:25,92.26000213623047,92.27999877929688,92.16000366210938,92.19999694824219,142016
2026-08-03T10:30,92.13999938964844,92.13999938964844,92.0,92.12000274658203,49040
2026-08-03T10:35,92.12000274658203,92.26000213623047,92.08000183105469,92.26000213623047,42128
2026-08-03T10:40,92.26000213623047,92.33999633789062,92.23999786376953,92.33999633789062,0
2026-08-03T10:45,92.33999633789062,92.33999633789062,92.08000183105469,92.08000183105469,44224
2026-08-03T10:50,92.04000091552734,92.16000366210938,92.04000091552734,92.16000366210938,0
2026-08-03T10:55,92.16000366210938,92.23999786376953,92.12000274658203,92.18000030517578,0
2026-08-03T11:00,92.18000030517578,92.18000030517578,92.01000213623047,92.0199966430664,0
2026-08-03T11:05,92.01000213623047,92.01000213623047,91.66999816894531,91.66999816894531,328016
2026-08-03T11:10,91.69999694824219,91.87000274658203,91.69999694824219,91.87000274658203,157616
2026-08-03T11:15,91.81999969482422,92.0199966430664,91.80000305175781,91.97000122070312,178512
2026-08-03T11:20,92.0199966430664,92.0999984741211,92.0,92.08000183105469,192128
2026-08-03T11:25,92.08000183105469,92.08000183105469,91.88999938964844,91.88999938964844,27456
2026-08-03T11:30,91.87999725341797,92.08000183105469,91.87999725341797,92.04000091552734,0
2026-08-03T11:35,92.08000183105469,92.16000366210938,92.04000091552734,92.13999938964844,31536
2026-08-03T11:40,92.0999984741211,92.0999984741211,91.9800033569336,92.04000091552734,0
2026-08-03T11:45,92.04000091552734,92.13999938964844,92.04000091552734,92.08000183105469,0
2026-08-03T11:50,92.08000183105469,92.16000366210938,92.05999755859375,92.16000366210938,0
2026-08-03T11:55,92.16000366210938,92.19999694824219,92.06999969482422,92.13999938964844,433216
2026-08-03T12:00,92.22000122070312,92.22000122070312,91.88999938964844,91.91999816894531,0
2026-08-03T12:05,91.95999908447266,91.9800033569336,91.81999969482422,91.94999694824219,0
2026-08-03T12:10,91.87999725341797,92.08000183105469,91.87999725341797,92.08000183105469,0
2026-08-03T12:15,92.0999984741211,92.18000030517578,92.08000183105469,92.16000366210938,0
2026-08-03T12:20,92.12000274658203,92.12000274658203,92.04000091552734,92.05999755859375,0
2026-08-03T12:25,92.04000091552734,92.04000091552734,91.80000305175781,91.8499984741211,608
2026-08-03T12:30,91.8499984741211,91.86000061035156,91.77999877929688,91.77999877929688,0
2026-08-03T12:35,91.81999969482422,92.18000030517578,91.81999969482422,92.12999725341797,0
2026-08-03T12:40,92.13999938964844,92.45999908447266,92.13999938964844,92.45999908447266,30240
2026-08-03T12:45,92.5,92.55999755859375,92.4000015258789,92.44000244140625,777968
2026-08-03T12:50,92.41999816894531,92.41999816894531,92.18000030517578,92.18000030517578,704624
2026-08-03T12:55,92.20999908447266,92.31999969482422,92.20999908447266,92.22000122070312,0
2026-08-03T13:00,92.22000122070312,92.27999877929688,92.13999938964844,92.16000366210938,0
2026-08-03T13:05,92.16000366210938,92.16000366210938,92.0,92.12000274658203,0
2026-08-03T13:10,92.12000274658203,92.16000366210938,92.0999984741211,92.13999938964844,0
2026-08-03T13:15,92.16000366210938,92.45999908447266,92.16000366210938,92.45999908447266,0
2026-08-03T13:20,92.4800033569336,92.66000366210938,92.4800033569336,92.66000366210938,0
2026-08-03T13:25,92.56999969482422,92.58000183105469,92.13999938964844,92.1500015258789,635712
2026-08-03T13:30,92.08000183105469,92.18000030517578,91.77999877929688,91.98999786376953,222304
2026-08-03T13:35,91.95999908447266,92.6500015258789,91.95999908447266,92.27999877929688,885840
2026-08-03T13:40,92.36000061035156,92.37999725341797,92.0999984741211,92.19999694824219,397136
2026-08-03T13:45,92.23999786376953,92.4800033569336,92.0,92.30000305175781,428448
2026-08-03T13:50,92.23999786376953,92.5999984741211,92.22000122070312,92.5199966430664,855600
2026-08-03T13:55,92.58000183105469,92.91000366210938,92.58000183105469,92.76000213623047,1678016
2026-08-03T14:00,92.80000305175781,92.80000305175781,92.45999908447266,92.66999816894531,0
2026-08-03T14:05,92.5999984741211,92.63999938964844,92.47000122070312,92.58000183105469,385040
2026-08-03T14:10,92.5999984741211,92.94999694824219,92.5999984741211,92.68000030517578,162768
2026-08-03T14:15,92.63999938964844,92.93000030517578,92.55000305175781,92.80000305175781,66992
2026-08-03T14:20,92.7699966430664,92.91000366210938,92.56999969482422,92.83000183105469,0
2026-08-03T14:25,92.9000015258789,93.1500015258789,92.76000213623047,93.13999938964844,0
2026-08-03T14:30,93.05999755859375,93.13999938964844,92.95999908447266,93.04000091552734,831856
2026-08-03T14:35,93.04000091552734,93.22000122070312,92.87999725341797,93.04000091552734,897824
2026-08-03T14:40,93.06999969482422,93.3499984741211,93.0,93.06999969482422,724848
2026-08-03T14:45,93.05999755859375,93.16000366210938,92.94000244140625,93.12000274658203,1148656
2026-08-03T14:50,93.16000366210938,93.43000030517578,93.16000366210938,93.41999816894531,495440
2026-08-03T14:55,93.44000244140625,93.72000122070312,93.44000244140625,93.72000122070312,1009248
2026-08-03T15:00,93.72000122070312,93.86000061035156,93.44000244140625,93.55999755859375,28784
2026-08-03T15:05,93.54000091552734,93.83999633789062,93.37999725341797,93.7699966430664,925424
2026-08-03T15:10,93.68000030517578,93.76000213623047,93.5,93.69000244140625,185376
2026-08-03T15:15,93.69999694824219,93.98999786376953,93.52999877929688,93.55999755859375,601456
2026-08-03T15:20,93.61000061035156,93.66000366210938,93.37999725341797,93.5,699872
2026-08-03T15:25,93.5199966430664,93.63999938964844,93.31999969482422,93.5,364880
2026-08-03T15:30,93.45999908447266,93.72000122070312,93.37999725341797,93.37999725341797,785824
2026-08-03T15:35,93.37000274658203,93.58000183105469,93.33999633789062,93.55000305175781,0
2026-08-03T15:40,93.55000305175781,93.66999816894531,93.19999694824219,93.30999755859375,156112
2026-08-03T15:45,93.41999816894531,93.58000183105469,93.37000274658203,93.5,664256
2026-08-03T15:50,93.5,93.68000030517578,93.43000030517578,93.68000030517578,389904
2026-08-03T15:55,93.68000030517578,93.68000030517578,93.36000061035156,93.36000061035156,183600
2026-08-03T16:00,93.41999816894531,93.63999938964844,93.33000183105469,93.4000015258789,365184
2026-08-03T16:05,93.37000274658203,93.4800033569336,93.0999984741211,93.13999938964844,441744
2026-08-03T16:10,93.0999984741211,93.30999755859375,93.06999969482422,93.30999755859375,267888
2026-08-03T16:15,93.3499984741211,93.4800033569336,93.19999694824219,93.37999725341797,121600
2026-08-03T16:20,93.37999725341797,93.58000183105469,93.26000213623047,93.5,281264
2026-08-03T16:25,93.5,93.5199966430664,93.33999633789062,93.44000244140625,374592
2026-08-03T16:30,93.41999816894531,93.41999816894531,93.19999694824219,93.30000305175781,585968
2026-08-03T16:35,93.30000305175781,93.31999969482422,92.87999725341797,92.87999725341797,183760
2026-08-03T16:40,92.87999725341797,92.87999725341797,92.44999694824219,92.80999755859375,198928
2026-08-03T16:45,92.8499984741211,93.08000183105469,92.8499984741211,93.08000183105469,1049424
2026-08-03T16:50,93.11000061035156,93.12999725341797,93.01000213623047,93.06999969482422,297456
2026-08-03T16:55,93.06999969482422,93.06999969482422,92.94999694824219,93.05999755859375,0
2026-08-03T17:00,93.04000091552734,93.11000061035156,92.91999816894531,93.04000091552734,0
2026-08-03T17:05,93.05999755859375,93.18000030517578,93.0,93.0999984741211,512848
2026-08-03T17:10,93.13999938964844,93.44000244140625,93.13999938964844,93.18000030517578,486416
2026-08-03T17:15,93.23999786376953,93.33000183105469,93.13999938964844,93.13999938964844,385616
2026-08-03T17:20,93.13999938964844,93.5,93.11000061035156,93.43000030517578,208272
2026-08-03T17:25,93.4000015258789,93.4000015258789,93.16000366210938,93.22000122070312,327952
2026-08-03T17:30,93.22000122070312,93.30999755859375,93.16000366210938,93.30999755859375,334688
2026-08-03T17:35,93.26000213623047,93.44000244140625,93.19999694824219,93.22000122070312,0
2026-08-03T17:40,93.19999694824219,93.41999816894531,93.19999694824219,93.33999633789062,0
2026-08-03T17:45,93.37999725341797,93.5199966430664,93.37999725341797,93.5199966430664,0
2026-08-03T17:50,93.5199966430664,93.5199966430664,93.33999633789062,93.3499984741211,21888
2026-08-03T17:55,93.31999969482422,93.45999908447266,93.31999969482422,93.45999908447266,60672
2026-08-03T18:00,93.41000366210938,93.55999755859375,93.41000366210938,93.5199966430664,3072
2026-08-03T18:05,93.5199966430664,93.6500015258789,93.48999786376953,93.62000274658203,0
2026-08-03T18:10,93.62000274658203,93.68000030517578,93.51000213623047,93.5999984741211,38304
2026-08-03T18:15,93.55000305175781,93.56999969482422,93.26000213623047,93.26000213623047,151584
2026-08-03T18:20,93.2699966430664,93.3499984741211,93.19000244140625,93.19000244140625,278992
2026-08-03T18:25,93.19000244140625,93.19000244140625,92.98999786376953,93.01000213623047,704
2026-08-03T18:30,93.04000091552734,93.16000366210938,93.04000091552734,93.16000366210938,126592
2026-08-03T18:35,93.16000366210938,93.16000366210938,93.08999633789062,93.16000366210938,125616
2026-08-03T18:40,93.16000366210938,93.16000366210938,93.0,93.08000183105469,0
2026-08-03T18:45,93.08000183105469,93.08000183105469,92.95999908447266,92.9800033569336,0
2026-08-03T18:50,92.98999786376953,93.0,92.91000366210938,92.98999786376953,0
2026-08-03T18:55,92.98999786376953,93.04000091552734,92.8499984741211,92.86000061035156,0
2026-08-03T19:00,92.9000015258789,93.0,92.80999755859375,92.97000122070312,0
2026-08-03T19:05,93.01000213623047,93.05000305175781,92.9000015258789,92.9000015258789,291488
2026-08-03T19:10,92.94999694824219,92.94999694824219,92.87999725341797,92.87999725341797,0
2026-08-03T19:15,92.9000015258789,92.95999908447266,92.86000061035156,92.87999725341797,101040
2026-08-03T19:20,92.87999725341797,92.94000244140625,92.86000061035156,92.94000244140625,341392
2026-08-03T19:25,92.94000244140625,93.0199966430664,92.88999938964844,92.91000366210938,204592
2026-08-03T19:30,92.91000366210938,93.20999908447266,92.9000015258789,93.20999908447266,288576
2026-08-03T19:35,93.19000244140625,93.19000244140625,93.0,93.0,125024
2026-08-03T19:40,92.9800033569336,93.12000274658203,92.87999725341797,93.05000305175781,0
2026-08-03T19:45,93.05999755859375,93.05999755859375,92.91999816894531,92.91999816894531,0
2026-08-03T19:50,92.91000366210938,92.93000030517578,92.87000274658203,92.93000030517578,0
2026-08-03T19:55,92.87000274658203,92.9000015258789,92.80999755859375,92.83000183105469,27712
2026-08-03T20:00,92.87999725341797,92.95999908447266,92.80000305175781,92.94999694824219,0
2026-08-03T20:05,92.94000244140625,93.0199966430664,92.87999725341797,92.95999908447266,86928
2026-08-03T20:10,93.0,93.0,92.94999694824219,92.94999694824219,0
2026-08-03T20:15,92.94999694824219,93.13999938964844,92.94999694824219,93.06999969482422,0
2026-08-03T20:20,93.13999938964844,93.13999938964844,93.0,93.0,0
2026-08-03T20:25,93.06999969482422,93.12000274658203,93.06999969482422,93.12000274658203,0
2026-08-03T20:30,93.12000274658203,93.18000030517578,93.12000274658203,93.16999816894531,0
2026-08-03T20:35,93.19000244140625,93.31999969482422,93.19000244140625,93.27999877929688,77952
2026-08-03T20:40,93.27999877929688,93.27999877929688,93.19000244140625,93.19000244140625,10240
2026-08-03T20:45,93.16999816894531,93.16999816894531,92.80000305175781,92.81999969482422,0
2026-08-03T20:50,92.8499984741211,92.91000366210938,92.7699966430664,92.91000366210938,0
2026-08-03T20:55,92.91999816894531,92.9800033569336,92.87999725341797,92.91999816894531,162432
2026-08-03T21:00,92.94999694824219,93.0,92.81999969482422,92.81999969482422,0
2026-08-03T21:05,92.81999969482422,92.94000244140625,92.80000305175781,92.94000244140625,0
2026-08-03T21:10,92.91999816894531,92.93000030517578,92.72000122070312,92.73999786376953,147008
2026-08-03T21:15,92.73999786376953,92.80999755859375,92.66000366210938,92.70999908447266,530448
2026-08-03T21:20,92.70999908447266,92.70999908447266,92.55999755859375,92.62999725341797,317808
2026-08-03T21:25,92.55999755859375,92.6500015258789,92.52999877929688,92.6500015258789,118752
2026-08-03T21:30,92.6500015258789,92.69999694824219,92.5999984741211,92.5999984741211,317568
2026-08-03T21:35,92.58000183105469,92.5999984741211,92.54000091552734,92.54000091552734,373792
2026-08-03T21:40,92.58000183105469,92.5999984741211,92.45999908447266,92.5,0
2026-08-03T21:45,92.5,92.5,92.23999786376953,92.36000061035156,0
2026-08-03T21:50,92.33999633789062,92.36000061035156,92.33999633789062,92.36000061035156,0
2026-08-03T21:55,92.36000061035156,92.36000061035156,92.27999877929688,92.30999755859375,0
2026-08-03T22:00,92.26000213623047,92.36000061035156,91.9800033569336,92.02999877929688,0
2026-08-03T22:05,91.98999786376953,92.01000213623047,91.72000122070312,91.98999786376953,0
2026-08-03T22:10,92.04000091552734,92.04000091552734,91.94000244140625,92.0,0
2026-08-03T22:15,92.0,92.23999786376953,91.88999938964844,92.0999984741211,0
2026-08-03T22:20,92.1500015258789,92.1500015258789,92.02999877929688,92.06999969482422,0
2026-08-03T22:25,92.08000183105469,92.12000274658203,92.0199966430664,92.12000274658203,0
2026-08-03T22:30,92.12000274658203,92.12000274658203,91.9000015258789,92.0,0
2026-08-03T22:35,92.0,92.01000213623047,91.95999908447266,92.01000213623047,0
2026-08-03T22:40,92.01000213623047,92.01000213623047,91.95999908447266,92.01000213623047,0
2026-08-03T22:45,91.98999786376953,92.16999816894531,91.94000244140625,92.1500015258789,0
2026-08-03T22:50,92.1500015258789,92.22000122070312,92.1500015258789,92.22000122070312,0
2026-08-03T22:55,92.22000122070312,92.22000122070312,92.16000366210938,92.16000366210938,0
2026-08-03T23:00,92.16000366210938,92.16000366210938,91.9800033569336,92.11000061035156,0
2026-08-03T23:05,92.11000061035156,92.11000061035156,91.9000015258789,91.9000015258789,0
2026-08-03T23:10,91.88999938964844,91.91999816894531,91.7699966430664,91.8499984741211,0
2026-08-03T23:15,91.87999725341797,92.11000061035156,91.87999725341797,92.0,0
2026-08-03T23:20,92.02999877929688,92.13999938964844,92.02999877929688,92.12999725341797,0
2026-08-03T23:25,92.12999725341797,92.12999725341797,92.08000183105469,92.11000061035156,0
2026-08-03T23:30,92.06999969482422,92.06999969482422,91.9000015258789,92.0199966430664,0
2026-08-03T23:35,92.0199966430664,92.02999877929688,91.95999908447266,91.95999908447266,0
2026-08-03T23:40,91.95999908447266,92.0,91.91000366210938,92.0,0
2026-08-03T23:45,92.01000213623047,92.0999984741211,92.0,92.0,0
2026-08-03T23:50,92.0,92.20999908447266,92.0,92.20999908447266,0
2026-08-03T23:55,92.20999908447266,92.4000015258789,92.20999908447266,92.29000091552734,101312
2026-08-04T00:00,92.29000091552734,92.4800033569336,92.13999938964844,92.4800033569336,0
2026-08-04T00:05,92.4800033569336,92.52999877929688,92.33999633789062,92.52999877929688,153968
2026-08-04T00:10,92.4800033569336,92.54000091552734,92.45999908447266,92.5,0
2026-08-04T00:15,92.45999908447266,92.45999908447266,92.20999908447266,92.23999786376953,82880
2026-08-04T00:20,92.16000366210938,92.27999877929688,92.11000061035156,92.27999877929688,0
2026-08-04T00:25,92.22000122070312,92.26000213623047,92.11000061035156,92.19999694824219,38880
2026-08-04T00:30,92.12000274658203,92.13999938964844,91.88999938964844,91.94000244140625,0
2026-08-04T00:35,91.9000015258789,92.0,91.76000213623047,91.87999725341797,0
2026-08-04T00:40,91.87999725341797,92.04000091552734,91.77999877929688,91.9800033569336,0
2026-08-04T00:45,91.9800033569336,92.0199966430664,91.81999969482422,92.01000213623047,28880
2026-08-04T00:50,92.01000213623047,92.01000213623047,91.80999755859375,91.9000015258789,0
2026-08-04T00:55,91.86000061035156,91.86000061035156,91.72000122070312,91.81999969482422,0
2026-08-04T01:00,91.80999755859375,92.12999725341797,91.80999755859375,91.87000274658203,0
2026-08-04T01:05,91.94000244140625,92.04000091552734,91.91000366210938,92.0199966430664,0
2026-08-04T01:10,92.0199966430664,92.08999633789062,91.98999786376953,92.08999633789062,0
2026-08-04T01:15,92.13999938964844,92.27999877929688,92.0199966430664,92.27999877929688,0
2026-08-04T01:20,92.30000305175781,92.45999908447266,92.27999877929688,92.30000305175781,69184
2026-08-04T01:25,92.26000213623047,92.27999877929688,92.12000274658203,92.19999694824219,0
2026-08-04T01:30,92.23999786376953,92.80000305175781,92.23999786376953,92.80000305175781,0
2026-08-04T01:35,92.80999755859375,92.81999969482422,92.62000274658203,92.62000274658203,131056
2026-08-04T01:40,92.66000366210938,93.08999633789062,92.66000366210938,92.94000244140625,75008
2026-08-04T01:45,93.01000213623047,93.08000183105469,92.87999725341797,92.98999786376953,52032
2026-08-04T01:50,92.98999786376953,93.05999755859375,92.80999755859375,93.05000305175781,0
2026-08-04T01:55,92.9800033569336,92.9800033569336,92.81999969482422,92.91999816894531,137776
2026-08-04T02:00,92.94000244140625,93.05999755859375,92.9000015258789,92.91999816894531,0
2026-08-04T02:05,92.9000015258789,92.91999816894531,92.7699966430664,92.86000061035156,0
2026-08-04T02:10,92.9000015258789,92.9000015258789,92.68000030517578,92.68000030517578,0
2026-08-04T02:15,92.69000244140625,92.69000244140625,92.58000183105469,92.58000183105469,0
2026-08-04T02:20,92.5,92.66999816894531,92.41000366210938,92.66999816894531,91744
2026-08-04T02:25,92.66999816894531,92.7300033569336,92.62000274658203,92.62000274658203,299360
2026-08-04T02:30,92.62000274658203,92.80000305175781,92.62000274658203,92.80000305175781,0
2026-08-04T02:35,92.81999969482422,93.0,92.76000213623047,92.77999877929688,289920
2026-08-04T02:40,92.77999877929688,92.83000183105469,92.62999725341797,92.83000183105469,268256
2026-08-04T02:45,92.73999786376953,92.73999786376953,92.62000274658203,92.62000274658203,0
2026-08-04T02:50,92.5999984741211,92.62000274658203,92.5,92.55999755859375,0
2026-08-04T02:55,92.58000183105469,92.58999633789062,92.44000244140625,92.5,0
2026-08-04T03:00,92.5199966430664,92.55999755859375,92.5,92.5,5152
2026-08-04T03:05,92.54000091552734,92.54000091552734,92.25,92.30999755859375,0
2026-08-04T03:10,92.30999755859375,92.33000183105469,92.05999755859375,92.05999755859375,543376
2026-08-04T03:15,92.04000091552734,92.08000183105469,91.97000122070312,92.02999877929688,139552
2026-08-04T03:20,92.02999877929688,92.19999694824219,92.02999877929688,92.12000274658203,71632
2026-08-04T03:25,92.12000274658203,92.33999633789062,92.12000274658203,92.26000213623047,0
2026-08-04T03:30,92.33999633789062,92.5,92.33999633789062,92.4800033569336,0
2026-08-04T03:35,92.44000244140625,92.62000274658203,92.44000244140625,92.54000091552734,0
2026-08-04T03:40,92.54000091552734,92.56999969482422,92.5199966430664,92.55000305175781,8368
2026-08-04T03:45,92.55000305175781,92.62000274658203,92.55000305175781,92.62000274658203,0
2026-08-04T03:50,92.62000274658203,92.72000122070312,92.54000091552734,92.54000091552734,0
2026-08-04T03:55,92.5,92.5199966430664,92.33999633789062,92.33999633789062,0
2026-08-04T04:00,92.33999633789062,92.44000244140625,92.33999633789062,92.44000244140625,0
2026-08-04T04:05,92.44000244140625,92.44000244140625,92.33999633789062,92.41000366210938,0
2026-08-04T04:10,92.37000274658203,92.41000366210938,92.30000305175781,92.41000366210938,0
2026-08-04T04:15,92.4000015258789,92.54000091552734,92.36000061035156,92.54000091552734,0
2026-08-04T04:20,92.5199966430664,92.58000183105469,92.5199966430664,92.58000183105469,0
2026-08-04T04:25,92.58000183105469,92.62000274658203,92.55999755859375,92.56999969482422,0
2026-08-04T04:30,92.56999969482422,92.62000274658203,92.5199966430664,92.62000274658203,81040
2026-08-04T04:35,92.62000274658203,92.69000244140625,92.5999984741211,92.69000244140625,0
2026-08-04T04:40,92.69000244140625,92.72000122070312,92.55999755859375,92.72000122070312,54368
2026-08-04T04:45,92.72000122070312,92.91999816894531,92.72000122070312,92.83999633789062,95184
2026-08-04T04:50,92.83999633789062,92.83999633789062,92.72000122070312,92.75,362992
2026-08-04T04:55,92.75,92.76000213623047,92.55999755859375,92.58000183105469,0
2026-08-04T05:00,92.63999938964844,92.63999938964844,92.41000366210938,92.48999786376953,0
2026-08-04T05:05,92.48999786376953,92.48999786376953,92.41999816894531,92.47000122070312,0
2026-08-04T05:10,92.47000122070312,92.48999786376953,92.4000015258789,92.4000015258789,0
2026-08-04T05:15,92.4000015258789,92.41999816894531,92.38999938964844,92.4000015258789,82672
2026-08-04T05:20,92.4000015258789,92.55999755859375,92.4000015258789,92.55999755859375,0
2026-08-04T05:25,92.55999755859375,92.55999755859375,92.5,92.5,0
2026-08-04T05:30,92.5,92.5,92.45999908447266,92.45999908447266,0
2026-08-04T05:35,92.45999908447266,92.68000030517578,92.45999908447266,92.62000274658203,0
2026-08-04T05:40,92.62000274658203,92.66000366210938,92.62000274658203,92.66000366210938,569008
2026-08-04T05:45,92.68000030517578,92.68000030517578,92.54000091552734,92.54000091552734,0
2026-08-04T05:50,92.5,92.55999755859375,92.4800033569336,92.55999755859375,0
2026-08-04T05:55,92.55999755859375,92.62000274658203,92.55999755859375,92.62000274658203,0
2026-08-04T06:00,92.62000274658203,92.62000274658203,92.52999877929688,92.61000061035156,0
2026-08-04T06:05,92.61000061035156,92.6500015258789,92.61000061035156,92.63999938964844,0
2026-08-04T06:10,92.68000030517578,92.86000061035156,92.62999725341797,92.80000305175781,0
2026-08-04T06:15,92.87999725341797,93.06999969482422,92.87999725341797,93.06999969482422,597184
2026-08-04T06:20,93.06999969482422,93.0999984741211,92.91000366210938,92.91000366210938,430368
2026-08-04T06:25,92.91000366210938,92.91000366210938,92.7699966430664,92.7699966430664,0
2026-08-04T06:30,92.69999694824219,92.69999694824219,92.66000366210938,92.69999694824219,0
2026-08-04T06:35,92.73999786376953,92.73999786376953,92.62000274658203,92.62000274658203,0
2026-08-04T06:40,92.58999633789062,92.69999694824219,92.38999938964844,92.44000244140625,52240
2026-08-04T06:45,92.37000274658203,92.43000030517578,92.33999633789062,92.37000274658203,256528
2026-08-04T06:50,92.33999633789062,92.33999633789062,92.0999984741211,92.12000274658203,0
2026-08-04T06:55,92.06999969482422,92.19999694824219,92.06999969482422,92.12999725341797,124992
2026-08-04T07:00,92.16000366210938,92.33000183105469,92.13999938964844,92.27999877929688,122368
2026-08-04T07:05,92.27999877929688,92.27999877929688,92.18000030517578,92.23999786376953,0
2026-08-04T07:10,92.26000213623047,92.2699966430664,92.13999938964844,92.13999938964844,0
2026-08-04T07:15,92.0999984741211,92.11000061035156,92.0,92.05000305175781,0
2026-08-04T07:20,92.04000091552734,92.13999938964844,91.98999786376953,92.13999938964844,0
2026-08-04T07:25,92.18000030517578,92.36000061035156,92.18000030517578,92.36000061035156,93792
2026-08-04T07:30,92.36000061035156,92.54000091552734,92.25,92.54000091552734,94144
2026-08-04T07:35,92.54000091552734,92.54000091552734,92.41999816894531,92.4800033569336,333568
2026-08-04T07:40,92.51000213623047,92.58999633789062,92.4800033569336,92.4800033569336,0
2026-08-04T07:45,92.55999755859375,92.62000274658203,92.48999786376953,92.62000274658203,0
2026-08-04T07:50,92.66000366210938,92.72000122070312,92.62000274658203,92.62000274658203,36224
2026-08-04T07:55,92.62000274658203,92.7300033569336,92.62000274658203,92.7300033569336,0
2026-08-04T08:00,92.7300033569336,93.06999969482422,92.68000030517578,92.9000015258789,0
2026-08-04T08:05,92.91999816894531,92.9800033569336,92.76000213623047,92.7699966430664,152736
2026-08-04T08:10,92.7699966430664,92.79000091552734,92.66000366210938,92.66000366210938,168144
2026-08-04T08:15,92.66000366210938,92.66000366210938,92.58999633789062,92.58999633789062,107344
2026-08-04T08:20,92.58999633789062,92.70999908447266,92.58999633789062,92.70999908447266,0
2026-08-04T08:25,92.72000122070312,92.73999786376953,92.55999755859375,92.55999755859375,0
2026-08-04T08:30,92.55000305175781,92.55000305175781,92.30000305175781,92.44000244140625,0
2026-08-04T08:35,92.44000244140625,92.44999694824219,92.33999633789062,92.44999694824219,0
2026-08-04T08:40,92.4000015258789,92.4000015258789,92.27999877929688,92.4000015258789,0
2026-08-04T08:45,92.4000015258789,92.4000015258789,92.22000122070312,92.30000305175781,3424
2026-08-04T08:50,92.30000305175781,92.37999725341797,92.26000213623047,92.33999633789062,135360
2026-08-04T08:55,92.33999633789062,92.4000015258789,92.33999633789062,92.37000274658203,0
2026-08-04T09:00,92.30999755859375,92.30999755859375,92.22000122070312,92.2699966430664,0
2026-08-04T09:05,92.26000213623047,92.26000213623047,92.0199966430664,92.05000305175781,242880
2026-08-04T09:10,92.05000305175781,92.08000183105469,91.87999725341797,91.9800033569336,281728
2026-08-04T09:15,91.9800033569336,91.9800033569336,91.4800033569336,91.68000030517578,583424
2026-08-04T09:20,91.68000030517578,91.77999877929688,91.63999938964844,91.77999877929688,642560
2026-08-04T09:25,91.69000244140625,91.80000305175781,91.66999816894531,91.75,158576
2026-08-04T09:30,91.72000122070312,91.83999633789062,91.69999694824219,91.83999633789062,237296
2026-08-04T09:35,91.83999633789062,91.87000274658203,91.77999877929688,91.83000183105469,0
2026-08-04T09:40,91.81999969482422,91.87000274658203,91.79000091552734,91.79000091552734,0
2026-08-04T09:45,91.86000061035156,91.87999725341797,91.81999969482422,91.87999725341797,0
2026-08-04T09:50,91.87999725341797,91.94999694824219,91.81999969482422,91.94999694824219,0
2026-08-04T09:55,91.94999694824219,92.0,91.91999816894531,91.9800033569336,71280
2026-08-04T10:00,92.05999755859375,92.05999755859375,91.83999633789062,91.87000274658203,0
2026-08-04T10:05,91.87000274658203,92.04000091552734,91.87000274658203,92.04000091552734,30352
2026-08-04T10:10,92.05999755859375,92.05999755859375,91.9000015258789,91.91000366210938,0
2026-08-04T10:15,91.9000015258789,92.0199966430664,91.81999969482422,92.0199966430664,26432
2026-08-04T10:20,92.05000305175781,92.13999938964844,92.01000213623047,92.08999633789062,0
2026-08-04T10:25,92.08999633789062,92.12000274658203,91.95999908447266,91.95999908447266,192624
2026-08-04T10:30,91.95999908447266,92.04000091552734,91.91000366210938,91.9800033569336,0
2026-08-04T10:35,91.9800033569336,91.9800033569336,91.73999786376953,91.79000091552734,2384
2026-08-04T10:40,91.80000305175781,92.08000183105469,91.79000091552734,92.08000183105469,0
2026-08-04T10:45,92.0,92.44000244140625,92.0,92.27999877929688,560032
2026-08-04T10:50,92.22000122070312,92.22000122070312,92.08000183105469,92.08000183105469,689136
2026-08-04T10:55,92.08999633789062,92.08999633789062,91.97000122070312,91.97000122070312,373744
2026-08-04T11:00,91.95999908447266,92.04000091552734,91.9000015258789,92.0,0
2026-08-04T11:05,92.0,92.01000213623047,91.91999816894531,91.9800033569336,0
2026-08-04T11:10,92.0199966430664,92.0199966430664,91.9000015258789,91.95999908447266,0
2026-08-04T11:15,91.91999816894531,91.9800033569336,91.87000274658203,91.87999725341797,216736
2026-08-04T11:20,91.86000061035156,92.13999938964844,91.68000030517578,91.81999969482422,0
2026-08-04T11:25,91.81999969482422,91.86000061035156,91.69000244140625,91.8499984741211,1041232
2026-08-04T11:30,91.8499984741211,91.9000015258789,91.76000213623047,91.86000061035156,478512
2026-08-04T11:35,91.81999969482422,91.91000366210938,91.77999877929688,91.77999877929688,0
2026-08-04T11:40,91.77999877929688,92.05999755859375,91.70999908447266,92.0199966430664,44688
2026-08-04T11:45,91.97000122070312,92.2300033569336,91.97000122070312,92.2300033569336,0
2026-08-04T11:50,92.2300033569336,92.2300033569336,92.12000274658203,92.13999938964844,0
2026-08-04T11:55,92.13999938964844,92.2300033569336,92.13999938964844,92.19999694824219,0
2026-08-04T12:00,92.16000366210938,92.16000366210938,91.87000274658203,91.91999816894531,0
2026-08-04T12:05,91.97000122070312,91.98999786376953,91.9000015258789,91.93000030517578,0
2026-08-04T12:10,91.9000015258789,91.91999816894531,91.81999969482422,91.81999969482422,0
2026-08-04T12:15,91.77999877929688,91.77999877929688,91.66999816894531,91.7699966430664,0
2026-08-04T12:20,91.7300033569336,91.87000274658203,91.62000274658203,91.62999725341797,0
2026-08-04T12:25,91.63999938964844,91.72000122070312,91.63999938964844,91.66000366210938,259600
2026-08-04T12:30,91.63999938964844,91.68000030517578,91.58000183105469,91.68000030517578,79648
2026-08-04T12:35,91.69999694824219,91.81999969482422,91.68000030517578,91.81999969482422,119888
2026-08-04T12:40,91.76000213623047,91.80000305175781,91.6500015258789,91.69999694824219,0
2026-08-04T12:45,91.72000122070312,91.72000122070312,91.4000015258789,91.4000015258789,0
2026-08-04T12:50,91.45999908447266,91.54000091552734,91.44000244140625,91.45999908447266,0
2026-08-04T12:55,91.45999908447266,91.5199966430664,91.4000015258789,91.5199966430664,581552
2026-08-04T13:00,91.5199966430664,91.63999938964844,91.37000274658203,91.63999938964844,265648
2026-08-04T13:05,91.62999725341797,91.7300033569336,91.5999984741211,91.7300033569336,105040
2026-08-04T13:10,91.69999694824219,91.76000213623047,91.69999694824219,91.73999786376953,67456
2026-08-04T13:15,91.73999786376953,91.76000213623047,91.5,91.5199966430664,38080
2026-08-04T13:20,91.54000091552734,91.81999969482422,91.54000091552734,91.54000091552734,684800
2026-08-04T13:25,91.5199966430664,91.58000183105469,91.5,91.54000091552734,0
2026-08-04T13:30,91.45999908447266,91.9800033569336,91.44000244140625,91.9000015258789,0
2026-08-04T13:35,91.94000244140625,92.0,91.83999633789062,91.8499984741211,177840
2026-08-04T13:40,91.94000244140625,92.0,91.81999969482422,91.81999969482422,0
2026-08-04T13:45,91.80999755859375,91.83999633789062,91.5,91.58000183105469,0
2026-08-04T13:50,91.5999984741211,91.72000122070312,91.4800033569336,91.55999755859375,0
2026-08-04T13:55,91.6500015258789,91.6500015258789,91.31999969482422,91.31999969482422,0
2026-08-04T14:00,91.30000305175781,91.47000122070312,91.12999725341797,91.45999908447266,0
2026-08-04T14:05,91.45999908447266,91.63999938964844,91.36000061035156,91.36000061035156,0
2026-08-04T14:10,91.36000061035156,91.36000061035156,91.16999816894531,91.33999633789062,0
2026-08-04T14:15,91.3499984741211,91.3499984741211,90.91999816894531,91.0,0
2026-08-04T14:20,90.87999725341797,91.05999755859375,90.87999725341797,90.95999908447266,0
2026-08-04T14:25,90.95999908447266,91.22000122070312,90.95999908447266,91.13999938964844,12480
2026-08-04T14:30,91.16999816894531,91.23999786376953,91.0199966430664,91.0999984741211,0
2026-08-04T14:35,91.13999938964844,91.18000030517578,91.0,91.0999984741211,0
2026-08-04T14:40,91.12000274658203,91.36000061035156,91.12000274658203,91.31999969482422,0
2026-08-04T14:45,91.33999633789062,91.38999938964844,91.23999786376953,91.23999786376953,0
2026-08-04T14:50,91.22000122070312,91.27999877929688,91.08000183105469,91.12000274658203,0
2026-08-04T14:55,91.12000274658203,91.23999786376953,91.12000274658203,91.12999725341797,0
2026-08-04T15:00,91.12000274658203,91.22000122070312,91.04000091552734,91.04000091552734,0
2026-08-04T15:05,91.0199966430664,91.0999984741211,90.80000305175781,90.80000305175781,0
2026-08-04T15:10,90.80000305175781,90.80999755859375,90.48999786376953,90.55000305175781,0
2026-08-04T15:15,90.62999725341797,90.63999938964844,90.2300033569336,90.37000274658203,591040
2026-08-04T15:20,90.38999938964844,90.38999938964844,89.94999694824219,89.9800033569336,567872
2026-08-04T15:25,90.02999877929688,90.13999938964844,89.62000274658203,89.70999908447266,422272
2026-08-04T15:30,89.73999786376953,89.87999725341797,89.66999816894531,89.80999755859375,719904
2026-08-04T15:35,89.7699966430664,90.06999969482422,89.61000061035156,89.87999725341797,176560
2026-08-04T15:40,89.95999908447266,90.19999694824219,89.83999633789062,90.19999694824219,249936
2026-08-04T15:45,90.22000122070312,90.41999816894531,90.22000122070312,90.2300033569336,245936
2026-08-04T15:50,90.2300033569336,90.37999725341797,90.0999984741211,90.0999984741211,236960
2026-08-04T15:55,90.12000274658203,90.26000213623047,90.12000274658203,90.22000122070312,93968
2026-08-04T16:00,90.12000274658203,90.16999816894531,89.87999725341797,89.91999816894531,0
2026-08-04T16:05,89.9000015258789,89.94000244140625,89.68000030517578,89.76000213623047,0
2026-08-04T16:10,89.80000305175781,90.31999969482422,89.75,90.16000366210938,1568
2026-08-04T16:15,90.19999694824219,90.19999694824219,90.05999755859375,90.0999984741211,54128
2026-08-04T16:20,90.06999969482422,90.13999938964844,89.86000061035156,90.08999633789062,0
2026-08-04T16:25,90.04000091552734,90.05999755859375,89.95999908447266,89.95999908447266,0
2026-08-04T16:30,89.91999816894531,90.02999877929688,89.83999633789062,89.9800033569336,0
2026-08-04T16:35,89.87999725341797,89.91000366210938,89.69999694824219,89.7300033569336,0
2026-08-04T16:40,89.76000213623047,89.76000213623047,89.44999694824219,89.69999694824219,0
2026-08-04T16:45,89.69999694824219,89.80000305175781,89.62999725341797,89.77999877929688,0
2026-08-04T16:50,89.80000305175781,89.86000061035156,89.63999938964844,89.69999694824219,0
2026-08-04T16:55,89.69999694824219,89.86000061035156,89.63999938964844,89.83999633789062,260320
2026-08-04T17:00,89.87999725341797,90.4000015258789,89.87000274658203,90.4000015258789,0
2026-08-04T17:05,90.4000015258789,90.4800033569336,90.27999877929688,90.3499984741211,292096
2026-08-04T17:10,90.36000061035156,90.36000061035156,90.13999938964844,90.13999938964844,0
2026-08-04T17:15,90.13999938964844,90.18000030517578,90.04000091552734,90.18000030517578,0
2026-08-04T17:20,90.12000274658203,90.3499984741211,90.0999984741211,90.18000030517578,0
2026-08-04T17:25,90.22000122070312,90.37999725341797,90.16000366210938,90.37999725341797,151328
2026-08-04T17:30,90.41000366210938,90.44000244140625,90.27999877929688,90.44000244140625,36368
2026-08-04T17:35,90.45999908447266,90.58000183105469,90.36000061035156,90.58000183105469,133888
2026-08-04T17:40,90.55000305175781,90.55000305175781,90.33999633789062,90.54000091552734,417168
2026-08-04T17:45,90.61000061035156,90.61000061035156,90.26000213623047,90.26000213623047,415216
2026-08-04T17:50,90.25,90.25,90.12000274658203,90.19000244140625,12224
2026-08-04T17:55,90.16000366210938,90.30999755859375,90.13999938964844,90.20999908447266,0
2026-08-04T18:00,90.19999694824219,90.45999908447266,90.19999694824219,90.45999908447266,103376
2026-08-04T18:05,90.37999725341797,90.5199966430664,90.2699966430664,90.2699966430664,352608
2026-08-04T18:10,90.31999969482422,90.5199966430664,90.2699966430664,90.5199966430664,7904
2026-08-04T18:15,90.54000091552734,90.62999725341797,90.37999725341797,90.52999877929688,25952
2026-08-04T18:20,90.55999755859375,90.61000061035156,90.4800033569336,90.5999984741211,163424
2026-08-04T18:25,90.62999725341797,90.62999725341797,90.41999816894531,90.41999816894531,148480
2026-08-04T18:30,90.4000015258789,90.4000015258789,90.16999816894531,90.16999816894531,447904
2026-08-04T18:35,90.16999816894531,90.19000244140625,89.95999908447266,90.0199966430664,40112
2026-08-04T18:40,89.95999908447266,89.9800033569336,89.68000030517578,89.80000305175781,107616
2026-08-04T18:45,89.83999633789062,90.12000274658203,89.80000305175781,90.02999877929688,398624
2026-08-04T18:50,90.0199966430664,90.05999755859375,89.97000122070312,90.05999755859375,461504
2026-08-04T18:55,90.05999755859375,90.06999969482422,89.95999908447266,90.05000305175781,143264
2026-08-04T19:00,90.05000305175781,90.31999969482422,90.05000305175781,90.31999969482422,9168
2026-08-04T19:05,90.31999969482422,90.58000183105469,90.30999755859375,90.58000183105469,81456
2026-08-04T19:10,90.62999725341797,90.72000122070312,90.5999984741211,90.69999694824219,146320
2026-08-04T19:15,90.72000122070312,90.88999938964844,90.61000061035156,90.72000122070312,116688
2026-08-04T19:20,90.75,90.81999969482422,90.66999816894531,90.7300033569336,0
2026-08-04T19:25,90.7300033569336,90.73999786376953,90.56999969482422,90.68000030517578,256800
2026-08-04T19:30,90.63999938964844,90.63999938964844,90.55999755859375,90.58999633789062,0
2026-08-04T19:35,90.62000274658203,90.79000091552734,90.48999786376953,90.55999755859375,301968
2026-08-04T19:40,90.5199966430664,90.56999969482422,90.4800033569336,90.5199966430664,364032
2026-08-04T19:45,90.55999755859375,90.55999755859375,90.45999908447266,90.5,163552
2026-08-04T19:50,90.51000213623047,90.5199966430664,90.41999816894531,90.5,3968
2026-08-04T19:55,90.5199966430664,90.66000366210938,90.47000122070312,90.51000213623047,36752
2026-08-04T20:00,90.43000030517578,90.51000213623047,90.31999969482422,90.31999969482422,0
2026-08-04T20:05,90.30000305175781,90.43000030517578,90.29000091552734,90.43000030517578,52080
2026-08-04T20:10,90.43000030517578,90.45999908447266,90.30000305175781,90.31999969482422,0
2026-08-04T20:15,90.27999877929688,90.27999877929688,89.91999816894531,89.94000244140625,673392
2026-08-04T20:20,90.0,90.1500015258789,90.0,90.1500015258789,163232
2026-08-04T20:25,90.1500015258789,90.22000122070312,90.1500015258789,90.22000122070312,187152
2026-08-04T20:30,90.23999786376953,90.36000061035156,90.23999786376953,90.30000305175781,136528
2026-08-04T20:35,90.30000305175781,90.41999816894531,90.30000305175781,90.41999816894531,143968
2026-08-04T20:40,90.44000244140625,90.7699966430664,90.44000244140625,90.62000274658203,218000
2026-08-04T20:45,90.62000274658203,90.69999694824219,90.5199966430664,90.55000305175781,542608
2026-08-04T20:50,90.4800033569336,90.4800033569336,90.3499984741211,90.41000366210938,109680
2026-08-04T20:55,90.41000366210938,90.45999908447266,90.33000183105469,90.44000244140625,0
2026-08-04T21:00,90.41999816894531,90.41999816894531,90.2699966430664,90.31999969482422,23408
2026-08-04T21:05,90.30999755859375,90.33000183105469,90.29000091552734,90.33000183105469,0
2026-08-04T21:10,90.33999633789062,90.47000122070312,90.33999633789062,90.33999633789062,72800
2026-08-04T21:15,90.33000183105469,90.33000183105469,90.23999786376953,90.30999755859375,0
2026-08-04T21:20,90.30999755859375,90.5199966430664,90.30999755859375,90.5199966430664,15616
2026-08-04T21:25,90.54000091552734,90.54000091552734,90.33999633789062,90.3499984741211,75136
2026-08-04T21:30,90.31999969482422,90.4000015258789,90.27999877929688,90.3499984741211,0
2026-08-04T21:35,90.3499984741211,90.44999694824219,90.30000305175781,90.31999969482422,0
2026-08-04T21:40,90.31999969482422,90.43000030517578,90.26000213623047,90.33000183105469,0
2026-08-04T21:45,90.33000183105469,90.33000183105469,90.16999816894531,90.25,240112
2026-08-04T21:50,90.25,90.25,90.18000030517578,90.18000030517578,0
2026-08-04T21:55,90.18000030517578,90.27999877929688,90.18000030517578,90.22000122070312,0
2026-08-04T22:00,90.22000122070312,90.30000305175781,90.18000030517578,90.27999877929688,0
2026-08-04T22:05,90.33999633789062,90.41999816894531,90.33999633789062,90.4000015258789,0
2026-08-04T22:10,90.44000244140625,90.5999984741211,90.44000244140625,90.5999984741211,0
2026-08-04T22:15,90.5999984741211,90.63999938964844,90.55999755859375,90.56999969482422,0
2026-08-04T22:20,90.56999969482422,90.66000366210938,90.56999969482422,90.58000183105469,0
2026-08-04T22:25,90.58000183105469,90.62000274658203,90.52999877929688,90.56999969482422,0
2026-08-04T22:30,90.56999969482422,90.63999938964844,90.55000305175781,90.61000061035156,221616
2026-08-04T22:35,90.5999984741211,90.5999984741211,90.41999816894531,90.45999908447266,30736
2026-08-04T22:40,90.41999816894531,90.41999816894531,90.36000061035156,90.36000061035156,48320
2026-08-04T22:45,90.41999816894531,90.45999908447266,90.36000061035156,90.45999908447266,0
2026-08-04T22:50,90.4800033569336,90.5,90.45999908447266,90.5,40064
2026-08-04T22:55,90.5,90.73999786376953,90.5,90.73999786376953,96976
2026-08-04T23:00,90.75,90.75,90.55999755859375,90.55999755859375,12368
2026-08-04T23:05,90.5999984741211,90.79000091552734,90.5999984741211,90.70999908447266,152672
2026-08-04T23:10,90.70999908447266,90.70999908447266,90.58000183105469,90.58000183105469,147296
2026-08-04T23:15,90.56999969482422,90.62000274658203,90.51000213623047,90.52999877929688,0
2026-08-04T23:20,90.52999877929688,90.52999877929688,90.41999816894531,90.43000030517578,82048
2026-08-04T23:25,90.41000366210938,90.44000244140625,90.3499984741211,90.41000366210938,26304
2026-08-04T23:30,90.3499984741211,90.44999694824219,90.3499984741211,90.43000030517578,350992
2026-08-04T23:35,90.43000030517578,90.4800033569336,90.38999938964844,90.44000244140625,231920
2026-08-04T23:40,90.44000244140625,90.5,90.41000366210938,90.41000366210938,319648
2026-08-04T23:45,90.47000122070312,90.47000122070312,90.33000183105469,90.4000015258789,66960
2026-08-04T23:50,90.41999816894531,90.54000091552734,90.41999816894531,90.47000122070312,272112
2026-08-04T23:55,90.44999694824219,90.44999694824219,90.37999725341797,90.4000015258789,314272
2026-08-05T00:00,90.44000244140625,90.55999755859375,90.4000015258789,90.55999755859375,0
2026-08-05T00:05,90.58000183105469,90.62999725341797,90.4000015258789,90.4000015258789,0
2026-08-05T00:10,90.44000244140625,90.52999877929688,90.38999938964844,90.5,213376
2026-08-05T00:15,90.48999786376953,90.55999755859375,90.4800033569336,90.55999755859375,0
2026-08-05T00:20,90.55999755859375,90.66999816894531,90.5199966430664,90.66000366210938,4656
2026-08-05T00:25,90.66999816894531,90.70999908447266,90.54000091552734,90.62000274658203,116960
2026-08-05T00:30,90.63999938964844,90.77999877929688,90.63999938964844,90.77999877929688,253520
2026-08-05T00:35,90.80000305175781,90.91999816894531,90.66000366210938,90.66000366210938,376160
2026-08-05T00:40,90.66000366210938,90.66000366210938,90.45999908447266,90.45999908447266,141824
2026-08-05T00:45,90.43000030517578,90.44999694824219,90.2300033569336,90.26000213623047,170704
2026-08-05T00:50,90.26000213623047,90.26000213623047,89.9000015258789,89.91999816894531,300000
2026-08-05T00:55,89.91999816894531,90.0,89.91999816894531,89.94999694824219,269216
2026-08-05T01:00,89.97000122070312,89.9800033569336,89.83000183105469,89.87000274658203,0
2026-08-05T01:05,89.87000274658203,89.9800033569336,89.83000183105469,89.83000183105469,237968
2026-08-05T01:10,89.87000274658203,89.97000122070312,89.87000274658203,89.91999816894531,507344
2026-08-05T01:15,89.88999938964844,89.88999938964844,89.66000366210938,89.76000213623047,166496
2026-08-05T01:20,89.76000213623047,89.91999816894531,89.76000213623047,89.80000305175781,332096
2026-08-05T01:25,89.80000305175781,89.80000305175781,89.58000183105469,89.6500015258789,249360
2026-08-05T01:30,89.62999725341797,89.80000305175781,89.52999877929688,89.7699966430664,457536
2026-08-05T01:35,89.76000213623047,90.2699966430664,89.76000213623047,90.2699966430664,507664
2026-08-05T01:40,90.30000305175781,90.30999755859375,90.0999984741211,90.1500015258789,419104
2026-08-05T01:45,90.1500015258789,90.22000122070312,90.11000061035156,90.16999816894531,82016
2026-08-05T01:50,90.18000030517578,90.41999816894531,90.18000030517578,90.37999725341797,0
2026-08-05T01:55,90.38999938964844,90.45999908447266,90.36000061035156,90.45999908447266,0
2026-08-05T02:00,90.4800033569336,90.83999633789062,90.45999908447266,90.76000213623047,0
2026-08-05T02:05,90.80000305175781,90.83999633789062,90.62999725341797,90.80000305175781,406848
2026-08-05T02:10,90.83000183105469,91.04000091552734,90.77999877929688,90.91999816894531,208992
2026-08-05T02:15,90.91999816894531,90.91999816894531,90.69000244140625,90.69000244140625,537872
2026-08-05T02:20,90.6500015258789,90.91000366210938,90.6500015258789,90.83999633789062,11008
2026-08-05T02:25,90.83999633789062,91.0199966430664,90.83999633789062,90.83999633789062,0
2026-08-05T02:30,90.83999633789062,91.0999984741211,90.80999755859375,91.05000305175781,0
2026-08-05T02:35,91.12000274658203,91.18000030517578,91.04000091552734,91.05999755859375,12528
2026-08-05T02:40,91.06999969482422,91.22000122070312,91.04000091552734,91.12000274658203,13392
2026-08-05T02:45,91.13999938964844,91.23999786376953,91.0999984741211,91.16999816894531,176176
2026-08-05T02:50,91.18000030517578,91.30000305175781,91.0999984741211,91.30000305175781,117408
2026-08-05T02:55,91.26000213623047,91.26000213623047,91.12000274658203,91.2300033569336,67600
2026-08-05T03:00,91.27999877929688,91.36000061035156,91.08999633789062,91.16000366210938,25360
2026-08-05T03:05,91.16000366210938,91.23999786376953,91.05999755859375,91.08000183105469,0
2026-08-05T03:10,91.08000183105469,91.22000122070312,91.08000183105469,91.0999984741211,0
2026-08-05T03:15,91.12000274658203,91.12000274658203,90.70999908447266,90.77999877929688,18640
2026-08-05T03:20,90.7699966430664,90.97000122070312,90.7699966430664,90.87999725341797,0
2026-08-05T03:25,90.87999725341797,90.87999725341797,90.73999786376953,90.81999969482422,450992
2026-08-05T03:30,90.80000305175781,90.94999694824219,90.76000213623047,90.94999694824219,0
2026-08-05T03:35,90.95999908447266,91.08999633789062,90.95999908447266,91.04000091552734,215552
2026-08-05T03:40,90.98999786376953,90.98999786376953,90.86000061035156,90.86000061035156,0
2026-08-05T03:45,90.86000061035156,90.95999908447266,90.83999633789062,90.9000015258789,0
2026-08-05T03:50,90.9000015258789,90.94000244140625,90.79000091552734,90.80000305175781,158240
2026-08-05T03:55,90.77999877929688,90.87999725341797,90.72000122070312,90.81999969482422,139280
2026-08-05T04:00,90.86000061035156,91.11000061035156,90.83999633789062,91.0,0
2026-08-05T04:05,91.04000091552734,91.08000183105469,90.9000015258789,90.9000015258789,435184
2026-08-05T04:10,90.9000015258789,91.0,90.9000015258789,90.95999908447266,14624
2026-08-05T04:15,90.87999725341797,90.94000244140625,90.86000061035156,90.91999816894531,0
2026-08-05T04:20,90.97000122070312,90.9800033569336,90.9000015258789,90.91999816894531,0
2026-08-05T04:25,90.91999816894531,90.9800033569336,90.91000366210938,90.9800033569336,131664
2026-08-05T04:30,91.0,91.1500015258789,91.0,91.1500015258789,93600
2026-08-05T04:35,91.1500015258789,91.19000244140625,91.05000305175781,91.05000305175781,297952
2026-08-05T04:40,91.05000305175781,91.12000274658203,91.05000305175781,91.12000274658203,0
2026-08-05T04:45,91.16000366210938,91.18000030517578,91.12000274658203,91.13999938964844,126400
2026-08-05T04:50,91.13999938964844,91.13999938964844,91.12000274658203,91.12000274658203,237632
2026-08-05T04:55,91.12000274658203,91.19999694824219,91.0999984741211,91.19999694824219,0
2026-08-05T05:00,91.19999694824219,91.58000183105469,91.19999694824219,91.55999755859375,0
2026-08-05T05:05,91.55999755859375,91.68000030517578,91.55999755859375,91.58000183105469,1049344
2026-08-05T05:10,91.55999755859375,91.7699966430664,91.55999755859375,91.76000213623047,276144
2026-08-05T05:15,91.69999694824219,91.73999786376953,91.63999938964844,91.66000366210938,556064
2026-08-05T05:20,91.72000122070312,91.81999969482422,91.70999908447266,91.80999755859375,198048
2026-08-05T05:25,91.80999755859375,91.9000015258789,91.62999725341797,91.63999938964844,83952
2026-08-05T05:30,91.66000366210938,91.66000366210938,91.55999755859375,91.63999938964844,499504
2026-08-05T05:35,91.63999938964844,91.73999786376953,91.5999984741211,91.7300033569336,164480
2026-08-05T05:40,91.76000213623047,91.87999725341797,91.73999786376953,91.73999786376953,0
2026-08-05T05:45,91.73999786376953,91.83000183105469,91.6500015258789,91.76000213623047,263072
2026-08-05T05:50,91.69999694824219,91.80000305175781,91.66000366210938,91.77999877929688,471184
2026-08-05T05:55,91.80000305175781,91.91000366210938,91.80000305175781,91.9000015258789,316960
2026-08-05T06:00,91.97000122070312,91.98999786376953,91.81999969482422,91.98999786376953,102448
2026-08-05T06:05,91.97000122070312,91.9800033569336,91.83999633789062,91.83999633789062,450160
2026-08-05T06:10,91.83999633789062,92.06999969482422,91.83999633789062,91.95999908447266,125936
2026-08-05T06:15,91.97000122070312,92.0999984741211,91.91999816894531,92.0999984741211,0
2026-08-05T06:20,92.08999633789062,92.08999633789062,91.76000213623047,91.79000091552734,5600
2026-08-05T06:25,91.79000091552734,91.80000305175781,91.69999694824219,91.7699966430664,71952
2026-08-05T06:30,91.79000091552734,91.87999725341797,91.7699966430664,91.83000183105469,0
2026-08-05T06:35,91.88999938964844,92.05000305175781,91.88999938964844,91.95999908447266,83632
2026-08-05T06:40,92.0999984741211,92.11000061035156,91.86000061035156,91.86000061035156,266256
2026-08-05T06:45,91.86000061035156,91.93000030517578,91.7699966430664,91.93000030517578,0
2026-08-05T06:50,91.91999816894531,91.91999816894531,91.77999877929688,91.87999725341797,0
2026-08-05T06:55,91.87999725341797,91.95999908447266,91.86000061035156,91.91999816894531,0
2026-08-05T07:00,91.95999908447266,92.01000213623047,91.86000061035156,91.9000015258789,0
2026-08-05T07:05,91.86000061035156,91.9000015258789,91.77999877929688,91.77999877929688,165840
2026-08-05T07:10,91.77999877929688,91.79000091552734,91.55999755859375,91.6500015258789,119520
2026-08-05T07:15,91.6500015258789,91.6500015258789,91.51000213623047,91.52999877929688,0
2026-08-05T07:20,91.4800033569336,91.5999984741211,91.41999816894531,91.5999984741211,150864
2026-08-05T07:25,91.56999969482422,91.58000183105469,91.5,91.54000091552734,77200
2026-08-05T07:30,91.54000091552734,91.66000366210938,91.54000091552734,91.66000366210938,9072
2026-08-05T07:35,91.66000366210938,91.66000366210938,91.56999969482422,91.5999984741211,0
2026-08-05T07:40,91.63999938964844,91.68000030517578,91.48999786376953,91.48999786376953,11120
2026-08-05T07:45,91.48999786376953,91.68000030517578,91.48999786376953,91.68000030517578,0
2026-08-05T07:50,91.68000030517578,91.70999908447266,91.63999938964844,91.66000366210938,55376
2026-08-05T07:55,91.63999938964844,91.77999877929688,91.63999938964844,91.76000213623047,416080
2026-08-05T08:00,91.80000305175781,91.94999694824219,91.77999877929688,91.87999725341797,302096
2026-08-05T08:05,91.86000061035156,91.87999725341797,91.72000122070312,91.72000122070312,0
2026-08-05T08:10,91.72000122070312,91.75,91.58000183105469,91.5999984741211,0
2026-08-05T08:15,91.58000183105469,91.66999816894531,91.52999877929688,91.56999969482422,56256
2026-08-05T08:20,91.58000183105469,91.68000030517578,91.58000183105469,91.63999938964844,0
2026-08-05T08:25,91.62999725341797,91.68000030517578,91.61000061035156,91.61000061035156,0
2026-08-05T08:30,91.61000061035156,91.61000061035156,91.44999694824219,91.5,90848
2026-08-05T08:35,91.5199966430664,91.5999984741211,91.5199966430664,91.5199966430664,84208
2026-08-05T08:40,91.5199966430664,91.5199966430664,91.26000213623047,91.26000213623047,118096
2026-08-05T08:45,91.26000213623047,91.33999633789062,91.22000122070312,91.33999633789062,843488
2026-08-05T08:50,91.33000183105469,91.4000015258789,91.30000305175781,91.30000305175781,86832
2026-08-05T08:55,91.30000305175781,91.33999633789062,91.23999786376953,91.23999786376953,132272
2026-08-05T09:00,91.23999786376953,91.23999786376953,91.13999938964844,91.22000122070312,0
2026-08-05T09:05,91.22000122070312,91.33999633789062,91.22000122070312,91.33000183105469,0
2026-08-05T09:10,91.3499984741211,91.51000213623047,91.3499984741211,91.5,0
2026-08-05T09:15,91.45999908447266,91.6500015258789,91.45999908447266,91.55999755859375,0
2026-08-05T09:20,91.62000274658203,91.63999938964844,91.5199966430664,91.5199966430664,0
2026-08-05T09:25,91.5199966430664,91.5199966430664,91.41999816894531,91.41999816894531,20112
2026-08-05T09:30,91.41999816894531,91.52999877929688,91.41999816894531,91.52999877929688,0
2026-08-05T09:35,91.5199966430664,91.77999877929688,91.5199966430664,91.75,0
2026-08-05T09:40,91.68000030517578,91.70999908447266,91.63999938964844,91.70999908447266,263568
2026-08-05T09:45,91.70999908447266,91.70999908447266,91.70999908447266,91.70999908447266,177008
2026-08-05T09:50,91.7300033569336,91.80000305175781,91.69000244140625,91.69000244140625,0
2026-08-05T09:55,91.69000244140625,91.69000244140625,91.45999908447266,91.45999908447266,23856
2026-08-05T10:00,91.44000244140625,91.5,91.4000015258789,91.5,72272
2026-08-05T10:05,91.5199966430664,91.5999984741211,91.48999786376953,91.48999786376953,20960
2026-08-05T10:10,91.4800033569336,91.4800033569336,91.36000061035156,91.41999816894531,274256
2026-08-05T10:15,91.36000061035156,91.36000061035156,91.02999877929688,91.02999877929688,1220512
2026-08-05T10:20,91.02999877929688,91.04000091552734,90.77999877929688,90.91999816894531,1442320
2026-08-05T10:25,90.94000244140625,91.16999816894531,90.94000244140625,91.12999725341797,391344
2026-08-05T10:30,91.08000183105469,91.16000366210938,91.08000183105469,91.16000366210938,364176
2026-08-05T10:35,91.18000030517578,91.33000183105469,91.18000030517578,91.31999969482422,571536
2026-08-05T10:40,91.33999633789062,91.47000122070312,91.33999633789062,91.37999725341797,72912
2026-08-05T10:45,91.44000244140625,91.52999877929688,91.22000122070312,91.30000305175781,0
2026-08-05T10:50,91.31999969482422,91.4000015258789,91.20999908447266,91.20999908447266,0
2026-08-05T10:55,91.26000213623047,91.30000305175781,91.1500015258789,91.1500015258789,0
2026-08-05T11:00,91.1500015258789,91.27999877929688,91.13999938964844,91.27999877929688,0
2026-08-05T11:05,91.27999877929688,91.31999969482422,91.22000122070312,91.30999755859375,135552
2026-08-05T11:10,91.33999633789062,91.41999816894531,91.26000213623047,91.41999816894531,244336
2026-08-05T11:15,91.41999816894531,91.41999816894531,91.31999969482422,91.38999938964844,40368
2026-08-05T11:20,91.38999938964844,91.45999908447266,91.37999725341797,91.37999725341797,0
2026-08-05T11:25,91.30999755859375,91.30999755859375,91.0999984741211,91.0999984741211,0
2026-08-05T11:30,91.0999984741211,91.27999877929688,91.0999984741211,91.18000030517578,0
2026-08-05T11:35,91.13999938964844,91.13999938964844,90.94999694824219,91.0999984741211,53472
2026-08-05T11:40,91.12000274658203,91.1500015258789,91.0999984741211,91.0999984741211,272368
2026-08-05T11:45,91.08000183105469,91.19999694824219,91.04000091552734,91.19999694824219,174000
2026-08-05T11:50,91.23999786376953,91.23999786376953,91.13999938964844,91.13999938964844,0
2026-08-05T11:55,91.13999938964844,91.18000030517578,91.08000183105469,91.08000183105469,0
2026-08-05T12:00,91.08000183105469,91.13999938964844,90.93000030517578,91.08999633789062,0
2026-08-05T12:05,91.05999755859375,91.16000366210938,91.01000213623047,91.16000366210938,267120
2026-08-05T12:10,91.23999786376953,91.33999633789062,91.23999786376953,91.27999877929688,514720
2026-08-05T12:15,91.27999877929688,91.62000274658203,91.27999877929688,91.62000274658203,380432
2026-08-05T12:20,91.70999908447266,91.87999725341797,91.6500015258789,91.8499984741211,719792
2026-08-05T12:25,91.9000015258789,92.12000274658203,91.9000015258789,92.0199966430664,722512
2026-08-05T12:30,92.08000183105469,92.08000183105469,91.86000061035156,91.95999908447266,931216
2026-08-05T12:35,91.9800033569336,92.05999755859375,91.88999938964844,91.88999938964844,671104
2026-08-05T12:40,91.88999938964844,91.94000244140625,91.83000183105469,91.93000030517578,700352
2026-08-05T12:45,91.86000061035156,91.86000061035156,91.73999786376953,91.73999786376953,271744
2026-08-05T12:50,91.73999786376953,91.73999786376953,91.48999786376953,91.54000091552734,0
2026-08-05T12:55,91.55999755859375,91.69999694824219,91.55999755859375,91.69999694824219,0
2026-08-05T13:00,91.62000274658203,91.69999694824219,91.55999755859375,91.61000061035156,0
2026-08-05T13:05,91.5999984741211,91.63999938964844,91.54000091552734,91.5999984741211,94032
2026-08-05T13:10,91.55999755859375,91.55999755859375,91.12000274658203,91.23999786376953,0
2026-08-05T13:15,91.23999786376953,91.48999786376953,91.23999786376953,91.4000015258789,366944
2026-08-05T13:20,91.4000015258789,91.4000015258789,91.29000091552734,91.29000091552734,92144
2026-08-05T13:25,91.33000183105469,91.43000030517578,91.25,91.33999633789062,0
2026-08-05T13:30,91.2300033569336,91.33999633789062,90.66000366210938,90.69999694824219,0
2026-08-05T13:35,90.68000030517578,91.27999877929688,90.5199966430664,91.26000213623047,1312
2026-08-05T13:40,91.23999786376953,91.54000091552734,91.18000030517578,91.37999725341797,352512
2026-08-05T13:45,91.30000305175781,91.44000244140625,91.12000274658203,91.44000244140625,725648
2026-08-05T13:50,91.37999725341797,91.58999633789062,91.26000213623047,91.27999877929688,241920
2026-08-05T13:55,91.23999786376953,91.4800033569336,91.22000122070312,91.4800033569336,47184
2026-08-05T14:00,91.48999786376953,91.48999786376953,91.08000183105469,91.08000183105469,0
2026-08-05T14:05,91.20999908447266,91.52999877929688,91.20999908447266,91.30999755859375,534112
2026-08-05T14:10,91.33000183105469,91.38999938964844,91.19999694824219,91.37999725341797,24912
2026-08-05T14:15,91.3499984741211,91.45999908447266,91.33000183105469,91.38999938964844,300448
2026-08-05T14:20,91.3499984741211,91.4000015258789,90.94000244140625,91.11000061035156,0
2026-08-05T14:25,91.0999984741211,91.30000305175781,91.0999984741211,91.22000122070312,0
2026-08-05T14:30,91.20999908447266,91.29000091552734,91.08999633789062,91.18000030517578,0
2026-08-05T14:35,91.23999786376953,91.37000274658203,91.1500015258789,91.23999786376953,0
2026-08-05T14:40,91.22000122070312,91.41999816894531,91.13999938964844,91.41999816894531,0
2026-08-05T14:45,91.45999908447266,91.5999984741211,91.13999938964844,91.33999633789062,0
2026-08-05T14:50,91.3499984741211,91.37999725341797,91.05999755859375,91.19000244140625,0
2026-08-05T14:55,91.2300033569336,91.37999725341797,91.22000122070312,91.26000213623047,442240
2026-08-05T15:00,91.26000213623047,91.44000244140625,91.18000030517578,91.41000366210938,0
2026-08-05T15:05,91.44000244140625,91.55000305175781,91.27999877929688,91.54000091552734,0
2026-08-05T15:10,91.55000305175781,91.58999633789062,91.12000274658203,91.12000274658203,0
2026-08-05T15:15,91.08999633789062,91.11000061035156,90.62999725341797,90.9800033569336,0
2026-08-05T15:20,91.01000213623047,91.08000183105469,90.81999969482422,90.86000061035156,0
2026-08-05T15:25,90.81999969482422,90.93000030517578,90.72000122070312,90.83000183105469,0
2026-08-05T15:30,90.72000122070312,90.93000030517578,90.72000122070312,90.87000274658203,0
2026-08-05T15:35,90.87000274658203,90.94000244140625,90.7300033569336,90.8499984741211,0
2026-08-05T15:40,90.80000305175781,90.80000305175781,90.36000061035156,90.54000091552734,25744
2026-08-05T15:45,90.48999786376953,90.58999633789062,90.41999816894531,90.45999908447266,0
2026-08-05T15:50,90.41999816894531,90.44999694824219,90.08000183105469,90.08000183105469,135152
2026-08-05T15:55,90.05000305175781,90.11000061035156,89.95999908447266,90.0,154688
2026-08-05T16:00,90.0,90.44999694824219,90.0,90.31999969482422,492576
2026-08-05T16:05,90.30999755859375,90.45999908447266,90.22000122070312,90.37999725341797,92016
2026-08-05T16:10,90.38999938964844,90.41000366210938,90.19000244140625,90.31999969482422,0
2026-08-05T16:15,90.37000274658203,90.44000244140625,90.2300033569336,90.44000244140625,155584
2026-08-05T16:20,90.4000015258789,90.83999633789062,90.4000015258789,90.69999694824219,4752
2026-08-05T16:25,90.73999786376953,90.9800033569336,90.7300033569336,90.95999908447266,93136
2026-08-05T16:30,90.95999908447266,90.98999786376953,90.7699966430664,90.80999755859375,20864
2026-08-05T16:35,90.83000183105469,90.94000244140625,90.77999877929688,90.8499984741211,170640
2026-08-05T16:40,90.83000183105469,90.83999633789062,90.62000274658203,90.6500015258789,510944
2026-08-05T16:45,90.61000061035156,90.61000061035156,90.29000091552734,90.30000305175781,0
2026-08-05T16:50,90.27999877929688,90.4800033569336,90.27999877929688,90.4800033569336,0
2026-08-05T16:55,90.4800033569336,90.80000305175781,90.4800033569336,90.76000213623047,0
2026-08-05T17:00,90.80000305175781,90.95999908447266,90.7699966430664,90.81999969482422,0
2026-08-05T17:05,90.81999969482422,90.81999969482422,90.63999938964844,90.63999938964844,0
2026-08-05T17:10,90.62999725341797,90.79000091552734,90.58999633789062,90.63999938964844,0
2026-08-05T17:15,90.5999984741211,90.68000030517578,90.5199966430664,90.66000366210938,0
2026-08-05T17:20,90.62000274658203,90.62999725341797,90.5199966430664,90.5999984741211,0
2026-08-05T17:25,90.58000183105469,90.72000122070312,90.58000183105469,90.68000030517578,0
2026-08-05T17:30,90.68000030517578,90.7699966430664,90.5,90.5,0
2026-08-05T17:35,90.5,91.08000183105469,90.5,91.0,0
2026-08-05T17:40,91.05999755859375,91.08000183105469,90.80000305175781,90.80000305175781,140272
2026-08-05T17:45,90.77999877929688,90.77999877929688,90.58000183105469,90.68000030517578,0
2026-08-05T17:50,90.68000030517578,90.83999633789062,90.68000030517578,90.80000305175781,0
2026-08-05T17:55,90.76000213623047,90.76000213623047,90.66999816894531,90.66999816894531,57952
2026-08-05T18:00,90.68000030517578,90.83000183105469,90.63999938964844,90.7699966430664,0
2026-08-05T18:05,90.72000122070312,90.80999755859375,90.56999969482422,90.72000122070312,0
2026-08-05T18:10,90.62999725341797,90.8499984741211,90.62999725341797,90.83999633789062,193312
2026-08-05T18:15,90.83999633789062,90.83999633789062,90.66000366210938,90.66000366210938,0
2026-08-05T18:20,90.66000366210938,90.94000244140625,90.62000274658203,90.62000274658203,0
2026-08-05T18:25,90.56999969482422,90.62999725341797,90.4800033569336,90.55999755859375,0
2026-08-05T18:30,90.5199966430664,90.55000305175781,90.25,90.31999969482422,0
2026-08-05T18:35,90.36000061035156,90.66000366210938,90.36000061035156,90.63999938964844,312912
2026-08-05T18:40,90.66000366210938,90.68000030517578,90.4000015258789,90.4800033569336,87248
2026-08-05T18:45,90.5,90.5,90.25,90.27999877929688,0
2026-08-05T18:50,90.27999877929688,90.27999877929688,90.08000183105469,90.08000183105469,0
2026-08-05T18:55,90.05000305175781,90.12000274658203,89.95999908447266,90.0999984741211,100928
2026-08-05T19:00,90.04000091552734,90.23999786376953,90.0199966430664,90.23999786376953,346384
2026-08-05T19:05,90.26000213623047,90.5,90.26000213623047,90.37000274658203,123824
2026-08-05T19:10,90.33999633789062,90.51000213623047,90.33999633789062,90.43000030517578,340336
2026-08-05T19:15,90.43000030517578,90.43000030517578,90.20999908447266,90.20999908447266,269808
2026-08-05T19:20,90.27999877929688,90.33999633789062,90.27999877929688,90.33999633789062,0
2026-08-05T19:25,90.37999725341797,90.4000015258789,90.26000213623047,90.29000091552734,0
2026-08-05T19:30,90.29000091552734,90.31999969482422,90.13999938964844,90.22000122070312,0
2026-08-05T19:35,90.16000366210938,90.26000213623047,90.12999725341797,90.16000366210938,0
2026-08-05T19:40,90.16000366210938,90.19999694824219,90.08000183105469,90.0999984741211,0
2026-08-05T19:45,90.0999984741211,90.19999694824219,90.0999984741211,90.0999984741211,0
2026-08-05T19:50,90.16000366210938,90.16000366210938,89.94000244140625,89.98999786376953,212944
2026-08-05T19:55,89.97000122070312,89.97000122070312,89.66999816894531,89.80000305175781,132176
2026-08-05T20:00,89.81999969482422,89.88999938964844,89.63999938964844,89.87999725341797,408272
2026-08-05T20:05,89.79000091552734,89.91999816894531,89.69000244140625,89.7699966430664,576224
2026-08-05T20:10,89.83999633789062,90.12999725341797,89.83000183105469,90.12999725341797,498688
2026-08-05T20:15,90.12999725341797,90.12999725341797,89.94000244140625,89.94000244140625,0
2026-08-05T20:20,89.94000244140625,90.12000274658203,89.87999725341797,90.0999984741211,0
2026-08-05T20:25,90.0999984741211,90.2300033569336,90.08999633789062,90.2300033569336,635552
2026-08-05T20:30,90.2300033569336,90.31999969482422,90.19999694824219,90.2699966430664,192016
2026-08-05T20:35,90.18000030517578,90.19999694824219,90.0999984741211,90.16000366210938,307200
2026-08-05T20:40,90.23999786376953,90.30999755859375,90.19999694824219,90.26000213623047,250336
2026-08-05T20:45,90.26000213623047,90.26000213623047,90.05999755859375,90.05999755859375,0
2026-08-05T20:50,90.04000091552734,90.06999969482422,90.04000091552734,90.06999969482422,0
2026-08-05T20:55,90.0199966430664,90.02999877929688,89.7699966430664,89.7699966430664,0
2026-08-05T21:00,89.87999725341797,89.87999725341797,89.5999984741211,89.81999969482422,0
2026-08-05T21:05,89.76000213623047,89.97000122070312,89.76000213623047,89.88999938964844,411248
2026-08-05T21:10,89.88999938964844,89.95999908447266,89.86000061035156,89.95999908447266,204608
2026-08-05T21:15,89.95999908447266,90.08000183105469,89.95999908447266,89.98999786376953,492400
2026-08-05T21:20,89.9800033569336,90.04000091552734,89.9000015258789,89.9000015258789,77584
2026-08-05T21:25,89.93000030517578,89.93000030517578,89.80000305175781,89.86000061035156,25424
2026-08-05T21:30,89.83999633789062,89.98999786376953,89.81999969482422,89.98999786376953,0
2026-08-05T21:35,89.95999908447266,90.0199966430664,89.86000061035156,89.94000244140625,150032
2026-08-05T21:40,90.0,90.04000091552734,89.87999725341797,89.88999938964844,81408
2026-08-05T21:45,89.88999938964844,89.95999908447266,89.88999938964844,89.91999816894531,0
2026-08-05T21:50,89.91999816894531,90.01000213623047,89.91999816894531,90.01000213623047,0
2026-08-05T21:55,90.01000213623047,90.08000183105469,89.9800033569336,89.9800033569336,114608
2026-08-05T22:00,90.0199966430664,90.0999984741211,89.94000244140625,90.0,0
2026-08-05T22:05,90.0,90.12000274658203,90.0,90.08000183105469,137552
2026-08-05T22:10,90.04000091552734,90.16000366210938,90.0,90.0199966430664,512
2026-08-05T22:15,90.0199966430664,90.08999633789062,90.0,90.01000213623047,219440
2026-08-05T22:20,90.01000213623047,90.05000305175781,89.9800033569336,90.05000305175781,58928
2026-08-05T22:25,90.05999755859375,90.08000183105469,89.94999694824219,90.08000183105469,0
2026-08-05T22:30,90.08000183105469,90.0999984741211,90.0,90.02999877929688,0
2026-08-05T22:35,90.02999877929688,90.02999877929688,89.87000274658203,89.87000274658203,0
2026-08-05T22:40,89.87000274658203,89.87000274658203,89.83999633789062,89.86000061035156,0
2026-08-05T22:45,89.86000061035156,89.91999816894531,89.86000061035156,89.91000366210938,0
2026-08-05T22:50,89.91000366210938,90.04000091552734,89.91000366210938,89.94000244140625,0
2026-08-05T22:55,89.87999725341797,89.87999725341797,89.80999755859375,89.80999755859375,77056
2026-08-05T23:00,89.80000305175781,89.80000305175781,89.63999938964844,89.68000030517578,0
2026-08-05T23:05,89.63999938964844,89.86000061035156,89.63999938964844,89.86000061035156,0
2026-08-05T23:10,89.86000061035156,89.94000244140625,89.8499984741211,89.8499984741211,0
2026-08-05T23:15,89.81999969482422,89.83999633789062,89.76000213623047,89.83999633789062,0
2026-08-05T23:20,89.79000091552734,89.94000244140625,89.72000122070312,89.94000244140625,0
2026-08-05T23:25,89.94000244140625,90.08000183105469,89.91999816894531,89.91999816894531,25584
2026-08-05T23:30,89.91999816894531,89.91999816894531,89.72000122070312,89.72000122070312,0
2026-08-05T23:35,89.72000122070312,89.9000015258789,89.72000122070312,89.88999938964844,23808
2026-08-05T23:40,89.88999938964844,89.91999816894531,89.73999786376953,89.73999786376953,0
2026-08-05T23:45,89.72000122070312,89.72000122070312,89.51000213623047,89.68000030517578,380400
2026-08-05T23:50,89.7300033569336,89.8499984741211,89.69999694824219,89.79000091552734,174848
2026-08-05T23:55,89.79000091552734,89.79000091552734,89.69999694824219,89.70999908447266,0
2026-08-06T00:00,89.79000091552734,89.83999633789062,89.69999694824219,89.7699966430664,0
2026-08-06T00:05,89.7699966430664,89.94000244140625,89.7699966430664,89.80000305175781,0
2026-08-06T00:10,89.79000091552734,89.9800033569336,89.79000091552734,89.9800033569336,0
2026-08-06T00:15,89.9800033569336,90.12000274658203,89.94000244140625,90.0999984741211,132240
2026-08-06T00:20,90.12000274658203,90.23999786376953,90.0199966430664,90.23999786376953,120544
2026-08-06T00:25,90.2300033569336,90.37000274658203,90.16000366210938,90.27999877929688,34704
2026-08-06T00:30,90.30999755859375,90.3499984741211,90.23999786376953,90.26000213623047,327024
2026-08-06T00:35,90.26000213623047,90.26000213623047,90.12000274658203,90.16000366210938,0
2026-08-06T00:40,90.18000030517578,90.2300033569336,90.12000274658203,90.12000274658203,0
2026-08-06T00:45,90.11000061035156,90.31999969482422,90.06999969482422,90.27999877929688,0
2026-08-06T00:50,90.26000213623047,90.26000213623047,90.13999938964844,90.13999938964844,0
2026-08-06T00:55,90.13999938964844,90.22000122070312,90.12000274658203,90.18000030517578,0
2026-08-06T01:00,90.13999938964844,90.2300033569336,90.08000183105469,90.08999633789062,0
2026-08-06T01:05,90.12999725341797,90.12999725341797,90.01000213623047,90.0999984741211,0
2026-08-06T01:10,90.12000274658203,90.12999725341797,89.94999694824219,90.04000091552734,0
2026-08-06T01:15,90.05000305175781,90.05999755859375,89.87999725341797,89.87999725341797,0
2026-08-06T01:20,89.9000015258789,89.94000244140625,89.80000305175781,89.91999816894531,0
2026-08-06T01:25,89.88999938964844,89.88999938964844,89.58000183105469,89.58000183105469,84784
2026-08-06T01:30,89.54000091552734,89.63999938964844,88.58000183105469,88.83999633789062,348720
2026-08-06T01:35,88.75,89.0999984741211,88.72000122070312,89.08000183105469,2384448
2026-08-06T01:40,89.08999633789062,89.1500015258789,88.94000244140625,89.01000213623047,1935360
2026-08-06T01:45,89.02999877929688,89.30000305175781,89.02999877929688,89.2300033569336,675936
2026-08-06T01:50,89.2300033569336,89.29000091552734,89.0999984741211,89.0999984741211,115248
2026-08-06T01:55,89.08000183105469,89.12000274658203,88.9000015258789,89.02999877929688,49424
2026-08-06T02:00,88.87999725341797,89.06999969482422,88.83000183105469,88.94000244140625,0
2026-08-06T02:05,89.0,89.12000274658203,88.86000061035156,89.0199966430664,0
2026-08-06T02:10,89.05999755859375,89.0999984741211,88.7699966430664,88.7699966430664,0
2026-08-06T02:15,88.83000183105469,88.91999816894531,88.75,88.88999938964844,4704
2026-08-06T02:20,88.87999725341797,89.02999877929688,88.80000305175781,89.0199966430664,417232
2026-08-06T02:25,89.0199966430664,89.05999755859375,88.87000274658203,88.87000274658203,39632
2026-08-06T02:30,88.87999725341797,89.12000274658203,88.87999725341797,89.12000274658203,120160
2026-08-06T02:35,89.12000274658203,89.12000274658203,88.86000061035156,89.0199966430664,225952
2026-08-06T02:40,88.97000122070312,89.13999938964844,88.44999694824219,88.80000305175781,0
2026-08-06T02:45,88.7300033569336,88.7300033569336,88.51000213623047,88.55999755859375,4224720
2026-08-06T02:50,88.5199966430664,88.5199966430664,88.30000305175781,88.44999694824219,1589408
2026-08-06T02:55,88.41999816894531,88.5,88.37000274658203,88.47000122070312,689168
2026-08-06T03:00,88.45999908447266,88.45999908447266,88.2699966430664,88.2699966430664,1078832
2026-08-06T03:05,88.29000091552734,88.33999633789062,88.16999816894531,88.30000305175781,77328
2026-08-06T03:10,88.30999755859375,88.41000366210938,88.18000030517578,88.4000015258789,1232832
2026-08-06T03:15,88.33999633789062,88.3499984741211,88.13999938964844,88.22000122070312,398896
2026-08-06T03:20,88.23999786376953,88.30999755859375,88.19000244140625,88.22000122070312,325296
2026-08-06T03:25,88.22000122070312,88.3499984741211,88.22000122070312,88.26000213623047,0
2026-08-06T03:30,88.30000305175781,88.30000305175781,88.1500015258789,88.23999786376953,58320
2026-08-06T03:35,88.31999969482422,88.52999877929688,88.27999877929688,88.5199966430664,172064
2026-08-06T03:40,88.48999786376953,88.5199966430664,88.41999816894531,88.41999816894531,452432
2026-08-06T03:45,88.41999816894531,88.62000274658203,88.41999816894531,88.58000183105469,149952
2026-08-06T03:50,88.55999755859375,88.56999969482422,88.44000244140625,88.45999908447266,179536
2026-08-06T03:55,88.4000015258789,88.55999755859375,88.4000015258789,88.55999755859375,0
2026-08-06T04:00,88.55999755859375,88.55999755859375,88.30999755859375,88.30999755859375,0
2026-08-06T04:05,88.30999755859375,88.5199966430664,88.30999755859375,88.5199966430664,0
2026-08-06T04:10,88.5199966430664,88.63999938964844,88.5199966430664,88.62000274658203,0
2026-08-06T04:15,88.58999633789062,88.80000305175781,88.58999633789062,88.76000213623047,101168
2026-08-06T04:20,88.77999877929688,88.94000244140625,88.77999877929688,88.88999938964844,214272
2026-08-06T04:25,88.9000015258789,88.91999816894531,88.81999969482422,88.9000015258789,0
2026-08-06T04:30,88.9000015258789,89.16000366210938,88.9000015258789,89.04000091552734,154352
2026-08-06T04:35,89.0199966430664,89.05999755859375,88.9800033569336,89.0,55264
2026-08-06T04:40,89.0,89.04000091552734,88.9800033569336,89.02999877929688,116288
2026-08-06T04:45,89.02999877929688,89.04000091552734,88.95999908447266,89.0,149936
2026-08-06T04:50,89.0,89.12000274658203,88.9800033569336,89.12000274658203,23184
2026-08-06T04:55,89.12000274658203,89.18000030517578,89.06999969482422,89.18000030517578,149408
2026-08-06T05:00,89.19999694824219,89.37999725341797,89.19999694824219,89.29000091552734,545440
2026-08-06T05:05,89.31999969482422,89.68000030517578,89.27999877929688,89.5,166320
2026-08-06T05:10,89.48999786376953,89.5,89.41999816894531,89.45999908447266,0
2026-08-06T05:15,89.5,89.63999938964844,89.5,89.5,0
2026-08-06T05:20,89.5,89.5999984741211,89.44000244140625,89.5999984741211,354608
2026-08-06T05:25,89.5999984741211,89.5999984741211,89.4000015258789,89.41000366210938,0
2026-08-06T05:30,89.38999938964844,89.45999908447266,89.36000061035156,89.36000061035156,0
2026-08-06T05:35,89.36000061035156,89.36000061035156,89.19999694824219,89.23999786376953,0
2026-08-06T05:40,89.19999694824219,89.26000213623047,89.19999694824219,89.26000213623047,0
2026-08-06T05:45,89.26000213623047,89.26000213623047,89.18000030517578,89.18000030517578,0
2026-08-06T05:50,89.16999816894531,89.19000244140625,89.12000274658203,89.12999725341797,0
2026-08-06T05:55,89.19999694824219,89.44000244140625,89.19999694824219,89.36000061035156,0
2026-08-06T06:00,89.3499984741211,89.3499984741211,89.22000122070312,89.27999877929688,0
2026-08-06T06:05,89.30000305175781,89.31999969482422,89.18000030517578,89.18000030517578,0
2026-08-06T06:10,89.18000030517578,89.18000030517578,89.0199966430664,89.0199966430664,0
2026-08-06T06:15,89.0199966430664,89.06999969482422,88.69999694824219,88.75,141840
2026-08-06T06:20,88.75,88.77999877929688,88.58000183105469,88.75,1050816
2026-08-06T06:25,88.73999786376953,88.80000305175781,88.72000122070312,88.80000305175781,419712
2026-08-06T06:30,88.73999786376953,88.75,88.66000366210938,88.66000366210938,39184
2026-08-06T06:35,88.69000244140625,88.7300033569336,88.66000366210938,88.69999694824219,37600
2026-08-06T06:40,88.68000030517578,88.75,88.6500015258789,88.75,0
2026-08-06T06:45,88.75,88.75,88.70999908447266,88.70999908447266,0
2026-08-06T06:50,88.70999908447266,88.72000122070312,88.58999633789062,88.58999633789062,12592
2026-08-06T06:55,88.5999984741211,88.68000030517578,88.56999969482422,88.58999633789062,0
2026-08-06T07:00,88.58999633789062,88.63999938964844,88.54000091552734,88.63999938964844,0
2026-08-06T07:05,88.63999938964844,88.63999938964844,88.55999755859375,88.58999633789062,0
2026-08-06T07:10,88.51000213623047,88.58000183105469,88.5,88.58000183105469,79568
2026-08-06T07:15,88.58000183105469,88.66000366210938,88.54000091552734,88.6500015258789,0
2026-08-06T07:20,88.62000274658203,88.63999938964844,88.55999755859375,88.62000274658203,0
2026-08-06T07:25,88.55999755859375,88.55999755859375,88.44999694824219,88.44999694824219,0
2026-08-06T07:30,88.44999694824219,88.4800033569336,88.37999725341797,88.47000122070312,143072
2026-08-06T07:35,88.5,88.56999969482422,88.45999908447266,88.45999908447266,0
2026-08-06T07:40,88.45999908447266,88.45999908447266,88.31999969482422,88.33999633789062,0
2026-08-06T07:45,88.33999633789062,88.33999633789062,88.30000305175781,88.30999755859375,0
2026-08-06T07:50,88.30999755859375,88.37000274658203,88.2300033569336,88.31999969482422,0
2026-08-06T07:55,88.33999633789062,88.33999633789062,88.26000213623047,88.31999969482422,0
2026-08-06T08:00,88.31999969482422,88.41999816894531,88.30000305175781,88.37999725341797,0
2026-08-06T08:05,88.36000061035156,88.38999938964844,88.31999969482422,88.31999969482422,358832
2026-08-06T08:10,88.31999969482422,88.3499984741211,88.27999877929688,88.3499984741211,184496
2026-08-06T08:15,88.30000305175781,88.31999969482422,88.26000213623047,88.31999969482422,0
2026-08-06T08:20,88.33999633789062,88.41999816894531,88.33999633789062,88.4000015258789,64960
2026-08-06T08:25,88.4000015258789,88.44000244140625,88.4000015258789,88.44000244140625,36112
2026-08-06T08:30,88.44000244140625,88.55000305175781,88.44000244140625,88.55000305175781,0
2026-08-06T08:35,88.55000305175781,88.55999755859375,88.45999908447266,88.47000122070312,0
2026-08-06T08:40,88.48999786376953,88.5199966430664,88.47000122070312,88.4800033569336,91120
2026-08-06T08:45,88.4800033569336,88.62000274658203,88.4800033569336,88.58999633789062,0
2026-08-06T08:50,88.58999633789062,88.77999877929688,88.58000183105469,88.69999694824219,0
2026-08-06T08:55,88.7300033569336,88.73999786376953,88.72000122070312,88.72000122070312,37296
2026-08-06T09:00,88.72000122070312,88.72000122070312,88.62000274658203,88.63999938964844,0
2026-08-06T09:05,88.63999938964844,88.63999938964844,88.36000061035156,88.45999908447266,0
2026-08-06T09:10,88.45999908447266,88.4800033569336,88.31999969482422,88.36000061035156,171184
2026-08-06T09:15,88.33000183105469,88.47000122070312,88.30999755859375,88.36000061035156,605600
2026-08-06T09:20,88.37999725341797,88.45999908447266,88.33999633789062,88.33999633789062,0
2026-08-06T09:25,88.4000015258789,88.44000244140625,88.26000213623047,88.26000213623047,63072
2026-08-06T09:30,88.26000213623047,88.43000030517578,88.05999755859375,88.43000030517578,301216
2026-08-06T09:35,88.47000122070312,88.54000091552734,88.44000244140625,88.44999694824219,275184
2026-08-06T09:40,88.51000213623047,88.51000213623047,88.2300033569336,88.2300033569336,0
2026-08-06T09:45,88.25,88.25,88.04000091552734,88.12000274658203,0
2026-08-06T09:50,88.12999725341797,88.19000244140625,88.11000061035156,88.16000366210938,594672
2026-08-06T09:55,88.08000183105469,88.18000030517578,88.08000183105469,88.18000030517578,178400
2026-08-06T10:00,88.0999984741211,88.18000030517578,87.80000305175781,87.83999633789062,0
2026-08-06T10:05,87.47000122070312,87.79000091552734,87.47000122070312,87.76000213623047,2050832
2026-08-06T10:10,87.72000122070312,87.80000305175781,87.66999816894531,87.72000122070312,250176
2026-08-06T10:15,87.69999694824219,87.95999908447266,87.69999694824219,87.93000030517578,0
2026-08-06T10:20,87.94000244140625,87.9800033569336,87.87000274658203,87.87000274658203,0
2026-08-06T10:25,87.86000061035156,87.94000244140625,87.83999633789062,87.94000244140625,0
2026-08-06T10:30,87.94000244140625,87.94000244140625,87.86000061035156,87.87999725341797,0
2026-08-06T10:35,87.87999725341797,87.88999938964844,87.79000091552734,87.88999938964844,0
2026-08-06T10:40,87.9000015258789,87.94999694824219,87.87999725341797,87.91999816894531,0
2026-08-06T10:45,87.91999816894531,88.0,87.87000274658203,87.91000366210938,2000
2026-08-06T10:50,87.91000366210938,87.91000366210938,87.6500015258789,87.6500015258789,0
2026-08-06T10:55,87.6500015258789,87.69000244140625,87.5999984741211,87.66999816894531,92048
2026-08-06T11:00,87.66000366210938,87.68000030517578,87.47000122070312,87.47000122070312,2656
2026-08-06T11:05,87.4800033569336,87.69999694824219,87.43000030517578,87.68000030517578,0
2026-08-06T11:10,87.66000366210938,87.69000244140625,87.58000183105469,87.58000183105469,0
2026-08-06T11:15,87.58000183105469,87.66000366210938,87.58000183105469,87.66000366210938,0
2026-08-06T11:20,87.66000366210938,87.70999908447266,87.6500015258789,87.66999816894531,0
2026-08-06T11:25,87.66999816894531,87.75,87.63999938964844,87.75,0
2026-08-06T11:30,87.75,88.06999969482422,87.75,88.0199966430664,0
2026-08-06T11:35,88.08999633789062,88.33999633789062,88.08999633789062,88.23999786376953,72544
2026-08-06T11:40,88.29000091552734,88.36000061035156,88.25,88.36000061035156,331680
2026-08-06T11:45,88.36000061035156,88.44000244140625,88.36000061035156,88.44000244140625,112112
2026-08-06T11:50,88.4800033569336,88.56999969482422,88.44999694824219,88.56999969482422,0
2026-08-06T11:55,88.58000183105469,88.58000183105469,88.37000274658203,88.37000274658203,141376
2026-08-06T12:00,88.37000274658203,88.44999694824219,88.36000061035156,88.44000244140625,0
2026-08-06T12:05,88.37000274658203,88.44000244140625,88.33000183105469,88.33000183105469,46688
2026-08-06T12:10,88.37999725341797,88.37999725341797,88.25,88.25,0
2026-08-06T12:15,88.23999786376953,88.31999969482422,88.16000366210938,88.16000366210938,0
2026-08-06T12:20,88.11000061035156,88.33999633789062,88.11000061035156,88.30000305175781,0
2026-08-06T12:25,88.30000305175781,88.3499984741211,88.26000213623047,88.26000213623047,0
2026-08-06T12:30,88.20999908447266,88.23999786376953,88.0,88.0,0
2026-08-06T12:35,88.0,88.23999786376953,88.0,88.23999786376953,0
2026-08-06T12:40,88.19999694824219,88.19999694824219,88.0,88.05000305175781,0
2026-08-06T12:45,88.05999755859375,88.0999984741211,88.04000091552734,88.08000183105469,0
2026-08-06T12:50,88.08000183105469,88.08000183105469,87.81999969482422,87.91999816894531,0
2026-08-06T12:55,87.95999908447266,87.97000122070312,87.88999938964844,87.91000366210938,0
2026-08-06T13:00,87.91000366210938,87.94000244140625,87.86000061035156,87.86000061035156,0
2026-08-06T13:05,87.86000061035156,87.9000015258789,87.70999908447266,87.70999908447266,9728
2026-08-06T13:10,87.77999877929688,87.87999725341797,87.76000213623047,87.86000061035156,105920
2026-08-06T13:15,87.86000061035156,87.91999816894531,87.83999633789062,87.87000274658203,0
2026-08-06T13:20,87.87000274658203,87.97000122070312,87.86000061035156,87.86000061035156,0
2026-08-06T13:25,87.83999633789062,87.8499984741211,87.76000213623047,87.80999755859375,58240
2026-08-06T13:30,87.80000305175781,87.94000244140625,87.7300033569336,87.86000061035156,0
2026-08-06T13:35,87.98999786376953,88.12000274658203,87.86000061035156,88.08000183105469,0
2026-08-06T13:40,88.0999984741211,88.23999786376953,88.0999984741211,88.19999694824219,0
2026-08-06T13:45,88.19999694824219,88.27999877929688,88.1500015258789,88.22000122070312,0
2026-08-06T13:50,88.13999938964844,88.22000122070312,88.0999984741211,88.16000366210938,0
2026-08-06T13:55,88.16000366210938,88.41000366210938,88.16000366210938,88.31999969482422,0
2026-08-06T14:00,88.31999969482422,88.36000061035156,88.22000122070312,88.36000061035156,0
2026-08-06T14:05,88.37999725341797,88.58000183105469,88.36000061035156,88.58000183105469,0
2026-08-06T14:10,88.54000091552734,88.94000244140625,88.54000091552734,88.77999877929688,167136
2026-08-06T14:15,88.73999786376953,88.81999969482422,88.66000366210938,88.66000366210938,672048
2026-08-06T14:20,88.66000366210938,88.91999816894531,88.66000366210938,88.77999877929688,769328
2026-08-06T14:25,88.77999877929688,88.81999969482422,88.62999725341797,88.66999816894531,0
2026-08-06T14:30,88.5999984741211,88.81999969482422,88.5199966430664,88.81999969482422,0
2026-08-06T14:35,88.91000366210938,89.05999755859375,88.73999786376953,88.73999786376953,391168
2026-08-06T14:40,88.7699966430664,89.0,88.7699966430664,88.94999694824219,0
2026-08-06T14:45,88.95999908447266,88.9800033569336,88.8499984741211,88.8499984741211,85088
2026-08-06T14:50,88.8499984741211,88.91999816894531,88.83999633789062,88.87999725341797,0
2026-08-06T14:55,88.9000015258789,89.19000244140625,88.9000015258789,89.19000244140625,0
2026-08-06T15:00,89.20999908447266,89.30000305175781,89.12000274658203,89.1500015258789,0
2026-08-06T15:05,89.19999694824219,89.4000015258789,89.11000061035156,89.4000015258789,0
2026-08-06T15:10,89.4000015258789,89.41000366210938,88.95999908447266,88.97000122070312,128512
2026-08-06T15:15,88.9800033569336,89.05000305175781,88.86000061035156,88.86000061035156,0
2026-08-06T15:20,88.86000061035156,89.01000213623047,88.86000061035156,89.01000213623047,0
2026-08-06T15:25,88.97000122070312,89.0999984741211,88.97000122070312,89.0999984741211,0
2026-08-06T15:30,89.08000183105469,89.0999984741211,88.87999725341797,88.87999725341797,0
2026-08-06T15:35,88.86000061035156,88.95999908447266,88.81999969482422,88.91999816894531,0
2026-08-06T15:40,88.94000244140625,88.95999908447266,88.83000183105469,88.87000274658203,0
2026-08-06T15:45,88.86000061035156,89.0199966430664,88.83999633789062,89.0,0
2026-08-06T15:50,89.0,89.0,88.62000274658203,88.63999938964844,0
2026-08-06T15:55,88.5999984741211,88.5999984741211,88.37999725341797,88.37999725341797,0
2026-08-06T16:00,88.37999725341797,88.4000015258789,88.29000091552734,88.37999725341797,0
2026-08-06T16:05,88.41999816894531,88.63999938964844,88.41999816894531,88.52999877929688,0
2026-08-06T16:10,88.62000274658203,88.72000122070312,88.33999633789062,88.44999694824219,0
2026-08-06T16:15,88.45999908447266,88.69000244140625,88.45999908447266,88.6500015258789,0
2026-08-06T16:20,88.58000183105469,88.69999694824219,88.5199966430664,88.5199966430664,43456
2026-08-06T16:25,88.5199966430664,88.58000183105469,88.45999908447266,88.58000183105469,0
2026-08-06T16:30,88.58000183105469,88.5999984741211,88.4800033569336,88.54000091552734,0
2026-08-06T16:35,88.54000091552734,88.68000030517578,88.54000091552734,88.66000366210938,0
2026-08-06T16:40,88.72000122070312,88.81999969482422,88.66999816894531,88.66999816894531,0
2026-08-06T16:45,88.66999816894531,88.80000305175781,88.62000274658203,88.80000305175781,0
2026-08-06T16:50,88.81999969482422,88.94999694824219,88.81999969482422,88.93000030517578,0
2026-08-06T16:55,88.93000030517578,88.98999786376953,88.93000030517578,88.97000122070312,0
2026-08-06T17:00,89.0,89.12000274658203,89.0,89.11000061035156,0
2026-08-06T17:05,89.11000061035156,89.11000061035156,89.0,89.04000091552734,0
2026-08-06T17:10,89.08000183105469,89.12000274658203,89.02999877929688,89.05999755859375,129984
2026-08-06T17:15,89.08000183105469,89.08000183105469,88.94999694824219,89.04000091552734,0
2026-08-06T17:20,89.05000305175781,89.20999908447266,89.05000305175781,89.05000305175781,342416
2026-08-06T17:25,89.0999984741211,89.23999786376953,89.0999984741211,89.16000366210938,50896
2026-08-06T17:30,89.13999938964844,89.33000183105469,89.13999938964844,89.20999908447266,165440
2026-08-06T17:35,89.20999908447266,89.25,89.05000305175781,89.05000305175781,79072
2026-08-06T17:40,89.08000183105469,89.0999984741211,88.97000122070312,88.98999786376953,0
2026-08-06T17:45,88.9800033569336,88.9800033569336,88.87999725341797,88.91000366210938,0
2026-08-06T17:50,88.91000366210938,89.08000183105469,88.91000366210938,89.08000183105469,0
2026-08-06T17:55,89.05999755859375,89.2699966430664,89.05999755859375,89.19000244140625,0
2026-08-06T18:00,89.19000244140625,89.19000244140625,88.87000274658203,88.95999908447266,0
2026-08-06T18:05,88.95999908447266,89.0199966430664,88.94000244140625,88.9800033569336,0
2026-08-06T18:10,88.9800033569336,89.12999725341797,88.9800033569336,89.11000061035156,0
2026-08-06T18:15,89.11000061035156,89.22000122070312,89.0,89.18000030517578,0
2026-08-06T18:20,89.13999938964844,89.23999786376953,89.13999938964844,89.1500015258789,6352
2026-08-06T18:25,89.12000274658203,89.12000274658203,89.05999755859375,89.08000183105469,0
2026-08-06T18:30,89.05999755859375,89.05999755859375,88.77999877929688,88.77999877929688,0
2026-08-06T18:35,88.7699966430664,88.7699966430664,88.61000061035156,88.62000274658203,0
2026-08-06T18:40,88.62000274658203,88.6500015258789,88.5,88.55999755859375,0
2026-08-06T18:45,88.56999969482422,88.77999877929688,88.56999969482422,88.70999908447266,0
2026-08-06T18:50,88.68000030517578,88.72000122070312,88.63999938964844,88.63999938964844,0
2026-08-06T18:55,88.66000366210938,88.83000183105469,88.63999938964844,88.79000091552734,0
2026-08-06T19:00,88.7699966430664,89.0,88.7699966430664,89.0,0
2026-08-06T19:05,89.0,89.0999984741211,88.95999908447266,89.04000091552734,0
2026-08-06T19:10,89.04000091552734,89.06999969482422,88.94999694824219,88.94999694824219,0
2026-08-06T19:15,88.9000015258789,88.97000122070312,88.87999725341797,88.87999725341797,0
2026-08-06T19:20,88.87999725341797,89.0999984741211,88.87999725341797,89.05000305175781,23504
2026-08-06T19:25,89.0,89.04000091552734,88.94000244140625,88.94000244140625,0
2026-08-06T19:30,89.01000213623047,89.01000213623047,88.7699966430664,88.83000183105469,0
2026-08-06T19:35,88.86000061035156,88.9800033569336,88.83999633789062,88.94000244140625,0
2026-08-06T19:40,88.94000244140625,89.0199966430664,88.94000244140625,89.0199966430664,0
2026-08-06T19:45,89.05999755859375,89.08000183105469,88.97000122070312,88.9800033569336,0
2026-08-06T19:50,88.94000244140625,89.05999755859375,88.94000244140625,89.0,0
2026-08-06T19:55,89.0,89.08000183105469,88.98999786376953,88.98999786376953,0
2026-08-06T20:00,88.98999786376953,89.12999725341797,88.93000030517578,89.12999725341797,0
2026-08-06T20:05,89.13999938964844,89.18000030517578,89.05999755859375,89.05999755859375,0
2026-08-06T20:10,89.04000091552734,89.11000061035156,88.93000030517578,88.93000030517578,0
2026-08-06T20:15,88.93000030517578,89.0,88.93000030517578,88.97000122070312,0
2026-08-06T20:20,88.97000122070312,89.0199966430664,88.80999755859375,88.80999755859375,0
2026-08-06T20:25,88.80999755859375,88.81999969482422,88.73999786376953,88.73999786376953,0
2026-08-06T20:30,88.70999908447266,88.9000015258789,88.70999908447266,88.9000015258789,0
2026-08-06T20:35,88.93000030517578,89.16999816894531,88.88999938964844,89.12000274658203,0
2026-08-06T20:40,89.13999938964844,89.25,89.12000274658203,89.25,243824
2026-08-06T20:45,89.25,89.25,89.12000274658203,89.12999725341797,51536
2026-08-06T20:50,89.12999725341797,89.12999725341797,89.0999984741211,89.11000061035156,0
2026-08-06T20:55,89.11000061035156,89.16000366210938,89.0199966430664,89.0199966430664,0
2026-08-06T21:00,89.0199966430664,89.19999694824219,89.0199966430664,89.19999694824219,0
2026-08-06T21:05,89.19999694824219,89.26000213623047,89.13999938964844,89.13999938964844,0
2026-08-06T21:10,89.13999938964844,89.23999786376953,89.12999725341797,89.23999786376953,0
2026-08-06T21:15,89.2300033569336,89.27999877929688,89.13999938964844,89.26000213623047,27040
2026-08-06T21:20,89.30999755859375,89.41999816894531,89.30999755859375,89.41999816894531,0
2026-08-06T21:25,89.41999816894531,89.44000244140625,89.31999969482422,89.38999938964844,67824
2026-08-06T21:30,89.38999938964844,89.5199966430664,89.38999938964844,89.44000244140625,147696
2026-08-06T21:35,89.44000244140625,89.44000244140625,89.36000061035156,89.36000061035156,0
2026-08-06T21:40,89.36000061035156,89.5,89.36000061035156,89.5,0
2026-08-06T21:45,89.5,89.5,89.5,89.5,0
2026-08-06T21:50,89.5,89.54000091552734,89.4800033569336,89.4800033569336,62000
2026-08-06T21:55,89.4800033569336,89.4800033569336,89.33999633789062,89.33999633789062,96000
2026-08-06T22:00,89.3499984741211,89.37999725341797,89.26000213623047,89.30000305175781,0
2026-08-06T22:05,89.30999755859375,89.55999755859375,89.30999755859375,89.3499984741211,0
2026-08-06T22:10,89.3499984741211,89.52999877929688,89.3499984741211,89.52999877929688,0
2026-08-06T22:15,89.4800033569336,89.5199966430664,89.33999633789062,89.45999908447266,0
2026-08-06T22:20,89.45999908447266,89.45999908447266,89.27999877929688,89.27999877929688,0
2026-08-06T22:25,89.29000091552734,89.33000183105469,89.22000122070312,89.26000213623047,0
2026-08-06T22:30,89.22000122070312,89.33999633789062,89.22000122070312,89.33999633789062,0
2026-08-06T22:35,89.33999633789062,89.36000061035156,89.29000091552734,89.30000305175781,0
2026-08-06T22:40,89.30000305175781,89.33999633789062,89.22000122070312,89.27999877929688,9280
2026-08-06T22:45,89.23999786376953,89.27999877929688,89.13999938964844,89.19999694824219,58752
2026-08-06T22:50,89.19999694824219,89.33999633789062,89.19999694824219,89.33999633789062,0
2026-08-06T22:55,89.36000061035156,89.37999725341797,89.30999755859375,89.37999725341797,0
2026-08-06T23:00,89.3499984741211,89.3499984741211,89.18000030517578,89.22000122070312,0
2026-08-06T23:05,89.20999908447266,89.33000183105469,89.20999908447266,89.29000091552734,0
2026-08-06T23:10,89.29000091552734,89.37999725341797,89.29000091552734,89.37000274658203,105056
2026-08-06T23:15,89.36000061035156,89.5,89.27999877929688,89.27999877929688,170800
2026-08-06T23:20,89.26000213623047,89.2699966430664,89.0999984741211,89.13999938964844,20720
2026-08-06T23:25,89.13999938964844,89.19999694824219,89.08000183105469,89.19999694824219,0
2026-08-06T23:30,89.16000366210938,89.31999969482422,89.13999938964844,89.31999969482422,0
2026-08-06T23:35,89.30000305175781,89.33000183105469,89.22000122070312,89.22000122070312,0
2026-08-06T23:40,89.19999694824219,89.2699966430664,89.19000244140625,89.2699966430664,0
2026-08-06T23:45,89.2699966430664,89.36000061035156,89.25,89.36000061035156,0
2026-08-06T23:50,89.36000061035156,89.4800033569336,89.36000061035156,89.4000015258789,0
2026-08-06T23:55,89.44000244140625,89.73999786376953,89.44000244140625,89.69999694824219,763488
2026-08-07T00:00,89.63999938964844,89.69999694824219,89.58000183105469,89.66000366210938,252096
2026-08-07T00:05,89.66000366210938,89.83000183105469,89.58000183105469,89.83000183105469,0
2026-08-07T00:10,89.72000122070312,89.86000061035156,89.58000183105469,89.6500015258789,433536
2026-08-07T00:15,89.69000244140625,89.69000244140625,89.52999877929688,89.61000061035156,0
2026-08-07T00:20,89.61000061035156,89.63999938964844,89.31999969482422,89.31999969482422,0
2026-08-07T00:25,89.30000305175781,89.38999938964844,89.29000091552734,89.38999938964844,0
2026-08-07T00:30,89.41999816894531,89.69999694824219,89.33999633789062,89.69999694824219,0
2026-08-07T00:35,89.66000366210938,89.72000122070312,89.55000305175781,89.72000122070312,92016
2026-08-07T00:40,89.7300033569336,89.80000305175781,89.55000305175781,89.80000305175781,265920
2026-08-07T00:45,89.80000305175781,89.94999694824219,89.76000213623047,89.83000183105469,239200
2026-08-07T00:50,89.83000183105469,90.0199966430664,89.83000183105469,89.97000122070312,504736
2026-08-07T00:55,89.97000122070312,90.05999755859375,89.91999816894531,90.05999755859375,74368
2026-08-07T01:00,90.05000305175781,91.08000183105469,90.05000305175781,90.9000015258789,0
2026-08-07T01:05,90.80999755859375,91.08999633789062,90.80999755859375,91.02999877929688,2813696
2026-08-07T01:10,91.04000091552734,91.04000091552734,90.77999877929688,90.97000122070312,3125184
2026-08-07T01:15,90.94000244140625,90.97000122070312,90.72000122070312,90.91000366210938,426720
2026-08-07T01:20,90.83999633789062,90.83999633789062,90.68000030517578,90.72000122070312,631104
2026-08-07T01:25,90.68000030517578,90.9000015258789,90.68000030517578,90.86000061035156,0
2026-08-07T01:30,90.87000274658203,90.9800033569336,90.73999786376953,90.73999786376953,0
2026-08-07T01:35,90.76000213623047,90.86000061035156,90.5199966430664,90.5199966430664,0
2026-08-07T01:40,90.44000244140625,90.5999984741211,90.29000091552734,90.55999755859375,0
2026-08-07T01:45,90.58000183105469,90.6500015258789,90.58000183105469,90.62000274658203,0
2026-08-07T01:50,90.68000030517578,90.68000030517578,90.5199966430664,90.58000183105469,0
2026-08-07T01:55,90.54000091552734,90.58000183105469,90.41000366210938,90.44000244140625,0
2026-08-07T02:00,90.44000244140625,90.68000030517578,90.44000244140625,90.66000366210938,0
2026-08-07T02:05,90.68000030517578,90.69000244140625,90.4800033569336,90.5199966430664,0
2026-08-07T02:10,90.54000091552734,90.6500015258789,90.37000274658203,90.62000274658203,0
2026-08-07T02:15,90.62000274658203,90.79000091552734,90.61000061035156,90.61000061035156,0
2026-08-07T02:20,90.61000061035156,90.61000061035156,90.29000091552734,90.5,0
2026-08-07T02:25,90.51000213623047,90.55999755859375,90.41999816894531,90.41999816894531,0
2026-08-07T02:30,90.4000015258789,90.55999755859375,90.37999725341797,90.5,0
2026-08-07T02:35,90.54000091552734,90.73999786376953,90.52999877929688,90.62999725341797,0
2026-08-07T02:40,90.62999725341797,90.70999908447266,90.55999755859375,90.62000274658203,0
2026-08-07T02:45,90.62000274658203,90.76000213623047,90.54000091552734,90.76000213623047,0
2026-08-07T02:50,90.83999633789062,90.83999633789062,90.73999786376953,90.73999786376953,0
2026-08-07T02:55,90.73999786376953,90.75,90.63999938964844,90.68000030517578,0
2026-08-07T03:00,90.72000122070312,90.76000213623047,90.5199966430664,90.5199966430664,0
2026-08-07T03:05,90.54000091552734,90.63999938964844,90.54000091552734,90.63999938964844,0
2026-08-07T03:10,90.5999984741211,90.5999984741211,90.4000015258789,90.44000244140625,0
2026-08-07T03:15,90.44000244140625,90.44000244140625,90.19999694824219,90.25,0
2026-08-07T03:20,90.19999694824219,90.30000305175781,90.05000305175781,90.05000305175781,0
2026-08-07T03:25,90.18000030517578,90.27999877929688,90.18000030517578,90.23999786376953,359248
2026-08-07T03:30,90.30000305175781,90.41999816894531,90.30000305175781,90.4000015258789,0
2026-08-07T03:35,90.4000015258789,90.44999694824219,90.3499984741211,90.4000015258789,0
2026-08-07T03:40,90.4000015258789,90.48999786376953,90.4000015258789,90.44999694824219,0
2026-08-07T03:45,90.44999694824219,90.44999694824219,90.27999877929688,90.36000061035156,0
2026-08-07T03:50,90.37999725341797,90.58999633789062,90.31999969482422,90.37999725341797,194240
2026-08-07T03:55,90.37000274658203,90.37000274658203,90.2699966430664,90.33000183105469,135936
2026-08-07T04:00,90.33000183105469,90.33999633789062,90.20999908447266,90.33999633789062,0
2026-08-07T04:05,90.33000183105469,90.52999877929688,90.33000183105469,90.47000122070312,0
2026-08-07T04:10,90.47000122070312,90.55000305175781,90.31999969482422,90.31999969482422,146720
2026-08-07T04:15,90.3499984741211,90.4000015258789,90.13999938964844,90.4000015258789,0
2026-08-07T04:20,90.44999694824219,90.47000122070312,90.4000015258789,90.43000030517578,0
2026-08-07T04:25,90.43000030517578,90.44999694824219,90.30000305175781,90.33000183105469,0
2026-08-07T04:30,90.33000183105469,90.4000015258789,90.27999877929688,90.37999725341797,0
2026-08-07T04:35,90.37999725341797,90.4000015258789,90.18000030517578,90.18000030517578,0
2026-08-07T04:40,90.18000030517578,90.30000305175781,90.18000030517578,90.26000213623047,0
2026-08-07T04:45,90.23999786376953,90.23999786376953,90.1500015258789,90.1500015258789,0
2026-08-07T04:50,90.16999816894531,90.16999816894531,89.87000274658203,90.08999633789062,202832
2026-08-07T04:55,90.05999755859375,90.12000274658203,90.02999877929688,90.12000274658203,142768
2026-08-07T05:00,90.12000274658203,90.23999786376953,90.12000274658203,90.22000122070312,0
2026-08-07T05:05,90.22000122070312,90.22000122070312,89.91999816894531,89.93000030517578,0
2026-08-07T05:10,89.93000030517578,90.0,89.93000030517578,89.94000244140625,174800
2026-08-07T05:15,89.91999816894531,89.91999816894531,89.72000122070312,89.7300033569336,0
2026-08-07T05:20,89.73999786376953,89.76000213623047,89.63999938964844,89.72000122070312,0
2026-08-07T05:25,89.72000122070312,89.7300033569336,89.62999725341797,89.62999725341797,0
2026-08-07T05:30,89.54000091552734,89.61000061035156,89.33999633789062,89.36000061035156,53200
2026-08-07T05:35,89.36000061035156,89.72000122070312,89.36000061035156,89.66000366210938,517152
2026-08-07T05:40,89.72000122070312,89.72000122070312,89.58000183105469,89.66000366210938,98000
2026-08-07T05:45,89.66000366210938,89.83000183105469,89.5999984741211,89.80000305175781,0
2026-08-07T05:50,89.87999725341797,90.0,89.87999725341797,89.9800033569336,106960
2026-08-07T05:55,89.9800033569336,89.9800033569336,89.9000015258789,89.94000244140625,301472
2026-08-07T06:00,89.9000015258789,90.04000091552734,89.9000015258789,90.0199966430664,1200
2026-08-07T06:05,90.06999969482422,90.0999984741211,90.0,90.0,63616
2026-08-07T06:10,90.05999755859375,90.51000213623047,90.05999755859375,90.43000030517578,414592
2026-08-07T06:15,90.4800033569336,90.4800033569336,90.33000183105469,90.4800033569336,9664
2026-08-07T06:20,90.4800033569336,90.4800033569336,90.33999633789062,90.45999908447266,0
2026-08-07T06:25,90.45999908447266,90.4800033569336,90.30000305175781,90.37000274658203,0
2026-08-07T06:30,90.36000061035156,90.36000061035156,90.0999984741211,90.0999984741211,0
2026-08-07T06:35,90.05999755859375,90.05999755859375,90.01000213623047,90.05999755859375,133600
2026-08-07T06:40,90.05999755859375,90.08999633789062,90.01000213623047,90.08999633789062,5808
2026-08-07T06:45,90.08999633789062,90.08999633789062,89.94000244140625,89.94000244140625,0
2026-08-07T06:50,89.94000244140625,90.0,89.83000183105469,89.83000183105469,0
2026-08-07T06:55,89.9000015258789,89.94000244140625,89.9000015258789,89.91000366210938,9648
2026-08-07T07:00,89.91000366210938,90.0,89.79000091552734,90.0,0
2026-08-07T07:05,89.98999786376953,90.08000183105469,89.9800033569336,90.05000305175781,68624
2026-08-07T07:10,90.05000305175781,90.13999938964844,90.05000305175781,90.08999633789062,0
2026-08-07T07:15,90.0999984741211,90.22000122070312,90.08999633789062,90.20999908447266,0
2026-08-07T07:20,90.20999908447266,90.33999633789062,90.20999908447266,90.2699966430664,66816
2026-08-07T07:25,90.2699966430664,90.2699966430664,90.2300033569336,90.26000213623047,354208
2026-08-07T07:30,90.2300033569336,90.30000305175781,90.13999938964844,90.30000305175781,280944
2026-08-07T07:35,90.33999633789062,90.37999725341797,90.2300033569336,90.2300033569336,146272
2026-08-07T07:40,90.2300033569336,90.2300033569336,90.13999938964844,90.19000244140625,130336
2026-08-07T07:45,90.19000244140625,90.30999755859375,90.1500015258789,90.27999877929688,0
2026-08-07T07:50,90.27999877929688,90.29000091552734,90.27999877929688,90.29000091552734,61520
2026-08-07T07:55,90.29000091552734,90.30000305175781,90.22000122070312,90.25,3664
2026-08-07T08:00,90.29000091552734,90.38999938964844,90.2699966430664,90.33999633789062,0
2026-08-07T08:05,90.33999633789062,90.41000366210938,90.33999633789062,90.38999938964844,0
2026-08-07T08:10,90.30999755859375,90.41999816894531,90.30999755859375,90.41999816894531,3616
2026-08-07T08:15,90.41999816894531,90.41999816894531,89.95999908447266,90.16000366210938,80768
2026-08-07T08:20,90.16000366210938,90.16000366210938,90.12999725341797,90.12999725341797,223840
2026-08-07T08:25,90.12999725341797,90.18000030517578,90.08000183105469,90.0999984741211,0
2026-08-07T08:30,90.12000274658203,90.44999694824219,90.12000274658203,90.4000015258789,28400
2026-08-07T08:35,90.4000015258789,90.4000015258789,90.31999969482422,90.4000015258789,359264
2026-08-07T08:40,90.4000015258789,90.72000122070312,90.4000015258789,90.70999908447266,470896
2026-08-07T08:45,90.68000030517578,90.95999908447266,90.62999725341797,90.95999908447266,514400
2026-08-07T08:50,90.95999908447266,91.06999969482422,90.87999725341797,91.0,722592
2026-08-07T08:55,91.0,91.0,90.80000305175781,90.88999938964844,396240
2026-08-07T09:00,90.9000015258789,91.1500015258789,90.9000015258789,90.98999786376953,198288
2026-08-07T09:05,90.95999908447266,90.97000122070312,90.83000183105469,90.83000183105469,173136
2026-08-07T09:10,90.81999969482422,90.95999908447266,90.7300033569336,90.83999633789062,347264
2026-08-07T09:15,90.83999633789062,90.9000015258789,90.81999969482422,90.86000061035156,0
2026-08-07T09:20,90.80000305175781,90.9000015258789,90.77999877929688,90.9000015258789,0
2026-08-07T09:25,90.86000061035156,90.93000030517578,90.62999725341797,90.63999938964844,0
2026-08-07T09:30,90.61000061035156,90.9000015258789,90.55999755859375,90.9000015258789,0
2026-08-07T09:35,90.9000015258789,90.95999908447266,90.81999969482422,90.87999725341797,33872
2026-08-07T09:40,90.87999725341797,90.87999725341797,90.76000213623047,90.80000305175781,269904
2026-08-07T09:45,90.7699966430664,90.7699966430664,90.63999938964844,90.75,0
2026-08-07T09:50,90.70999908447266,90.70999908447266,90.61000061035156,90.68000030517578,0
2026-08-07T09:55,90.68000030517578,90.68000030517578,90.55999755859375,90.55999755859375,0
2026-08-07T10:00,90.5999984741211,90.68000030517578,90.54000091552734,90.6500015258789,0
2026-08-07T10:05,90.69000244140625,90.7699966430664,90.66000366210938,90.66999816894531,0
2026-08-07T10:10,90.66999816894531,90.80999755859375,90.66999816894531,90.80000305175781,0
2026-08-07T10:15,90.80000305175781,90.88999938964844,90.69999694824219,90.8499984741211,0
2026-08-07T10:20,90.83999633789062,90.83999633789062,90.5999984741211,90.5999984741211,434832
2026-08-07T10:25,90.63999938964844,90.63999938964844,90.25,90.25,67904
2026-08-07T10:30,90.25,90.26000213623047,90.13999938964844,90.20999908447266,813104
2026-08-07T10:35,90.20999908447266,90.20999908447266,90.01000213623047,90.05999755859375,309568
2026-08-07T10:40,90.06999969482422,90.1500015258789,89.81999969482422,89.94999694824219,472768
2026-08-07T10:45,89.94999694824219,89.94999694824219,89.73999786376953,89.7699966430664,359424
2026-08-07T10:50,89.7300033569336,89.77999877929688,89.6500015258789,89.72000122070312,153056
2026-08-07T10:55,89.76000213623047,89.80999755859375,89.72000122070312,89.80000305175781,139792
2026-08-07T11:00,89.80000305175781,89.91999816894531,89.75,89.86000061035156,0
2026-08-07T11:05,89.87999725341797,90.05999755859375,89.87999725341797,90.05999755859375,0
2026-08-07T11:10,90.05999755859375,90.0999984741211,90.0,90.02999877929688,0
2026-08-07T11:15,90.02999877929688,90.12999725341797,90.0,90.0,0
2026-08-07T11:20,89.9800033569336,90.26000213623047,89.9800033569336,90.06999969482422,0
2026-08-07T11:25,90.08000183105469,90.0999984741211,90.01000213623047,90.04000091552734,164960
2026-08-07T11:30,90.0199966430664,90.0999984741211,89.9800033569336,90.06999969482422,88144
2026-08-07T11:35,90.05999755859375,90.0999984741211,90.0199966430664,90.0999984741211,0
2026-08-07T11:40,90.0999984741211,90.12000274658203,89.95999908447266,89.95999908447266,0
2026-08-07T11:45,89.94999694824219,89.9800033569336,89.80999755859375,89.83999633789062,0
2026-08-07T11:50,89.80999755859375,89.80999755859375,89.63999938964844,89.63999938964844,0
2026-08-07T11:55,89.63999938964844,89.79000091552734,89.63999938964844,89.66000366210938,413760
2026-08-07T12:00,89.66000366210938,89.95999908447266,89.63999938964844,89.81999969482422,233296
2026-08-07T12:05,89.86000061035156,90.06999969482422,89.8499984741211,90.04000091552734,11712
2026-08-07T12:10,90.08000183105469,90.16000366210938,90.0199966430664,90.08000183105469,615728
2026-08-07T12:15,90.04000091552734,90.12999725341797,89.95999908447266,90.0199966430664,345328
2026-08-07T12:20,90.02999877929688,90.06999969482422,90.02999877929688,90.05999755859375,362640
2026-08-07T12:25,90.04000091552734,90.18000030517578,90.02999877929688,90.13999938964844,84528
2026-08-07T12:30,90.20999908447266,90.62999725341797,89.70999908447266,89.70999908447266,1785408
2026-08-07T12:35,89.6500015258789,89.86000061035156,89.6500015258789,89.80000305175781,916064
2026-08-07T12:40,89.7699966430664,89.9000015258789,89.7699966430664,89.9000015258789,1108464
2026-08-07T12:45,90.02999877929688,90.13999938964844,90.01000213623047,90.05999755859375,160368
2026-08-07T12:50,90.02999877929688,90.19999694824219,90.0,90.19999694824219,565680
2026-08-07T12:55,90.19000244140625,90.22000122070312,90.05999755859375,90.13999938964844,348720
2026-08-07T13:00,90.18000030517578,90.19000244140625,89.97000122070312,90.0199966430664,0
2026-08-07T13:05,90.0199966430664,90.16999816894531,90.01000213623047,90.0199966430664,0
2026-08-07T13:10,89.9800033569336,89.9800033569336,89.88999938964844,89.94000244140625,0
2026-08-07T13:15,89.9000015258789,90.05999755859375,89.83999633789062,90.05999755859375,0
2026-08-07T13:20,90.05999755859375,90.12999725341797,89.93000030517578,89.93000030517578,18400
2026-08-07T13:25,89.9000015258789,90.06999969482422,89.8499984741211,89.95999908447266,0
2026-08-07T13:30,89.9800033569336,90.20999908447266,89.91999816894531,90.08000183105469,0
2026-08-07T13:35,90.12000274658203,90.13999938964844,89.83999633789062,90.04000091552734,100624
2026-08-07T13:40,90.12000274658203,90.26000213623047,90.0,90.26000213623047,0
2026-08-07T13:45,90.26000213623047,90.26000213623047,89.94000244140625,90.12999725341797,183216
2026-08-07T13:50,90.05999755859375,90.08000183105469,89.87000274658203,89.87000274658203,6944
2026-08-07T13:55,89.87000274658203,89.91999816894531,89.70999908447266,89.81999969482422,10496
2026-08-07T14:00,89.87000274658203,89.87000274658203,89.58999633789062,89.63999938964844,14128
2026-08-07T14:05,89.66000366210938,89.69999694824219,89.55999755859375,89.63999938964844,555040
2026-08-07T14:10,89.62000274658203,89.66999816894531,89.23999786376953,89.27999877929688,288688
2026-08-07T14:15,89.29000091552734,89.68000030517578,89.25,89.68000030517578,233616
2026-08-07T14:20,89.69999694824219,89.86000061035156,89.69999694824219,89.80999755859375,0
2026-08-07T14:25,89.83999633789062,90.05000305175781,89.83999633789062,90.05000305175781,0
2026-08-07T14:30,90.05000305175781,90.05000305175781,89.9000015258789,90.01000213623047,148656
2026-08-07T14:35,89.98999786376953,90.0,89.73999786376953,89.73999786376953,46272
2026-08-07T14:40,89.69999694824219,89.81999969482422,89.5,89.56999969482422,0
2026-08-07T14:45,89.58000183105469,89.6500015258789,89.2699966430664,89.31999969482422,7728
2026-08-07T14:50,89.30999755859375,89.33000183105469,88.9000015258789,89.05999755859375,558064
2026-08-07T14:55,89.08000183105469,89.2300033569336,89.0199966430664,89.12000274658203,461632
2026-08-07T15:00,89.08999633789062,89.13999938964844,88.9800033569336,89.01000213623047,272512
2026-08-07T15:05,89.01000213623047,89.41999816894531,89.01000213623047,89.41999816894531,115024
2026-08-07T15:10,89.44000244140625,89.48999786376953,89.30000305175781,89.4000015258789,0
2026-08-07T15:15,89.33999633789062,89.36000061035156,89.25,89.25,0
2026-08-07T15:20,89.31999969482422,89.37999725341797,89.27999877929688,89.37000274658203,0
2026-08-07T15:25,89.36000061035156,89.43000030517578,89.29000091552734,89.29000091552734,0
2026-08-07T15:30,89.37999725341797,89.63999938964844,89.37000274658203,89.5199966430664,0
2026-08-07T15:35,89.48999786376953,89.56999969482422,89.44000244140625,89.55999755859375,258224
2026-08-07T15:40,89.58999633789062,89.66000366210938,89.47000122070312,89.62999725341797,173936
2026-08-07T15:45,89.61000061035156,89.62000274658203,89.5199966430664,89.62000274658203,52384
2026-08-07T15:50,89.62000274658203,89.70999908447266,89.5999984741211,89.5999984741211,0
2026-08-07T15:55,89.69000244140625,89.69000244140625,89.55999755859375,89.58000183105469,0
2026-08-07T16:00,89.58000183105469,89.73999786376953,89.58000183105469,89.72000122070312,0
2026-08-07T16:05,89.73999786376953,89.91000366210938,89.73999786376953,89.91000366210938,0
2026-08-07T16:10,89.91999816894531,90.0,89.87999725341797,89.97000122070312,0
2026-08-07T16:15,90.06999969482422,90.12999725341797,89.76000213623047,89.76000213623047,44624
2026-08-07T16:20,89.77999877929688,89.8499984741211,89.58000183105469,89.58000183105469,0
2026-08-07T16:25,89.58000183105469,89.66000366210938,89.5199966430664,89.5199966430664,0
2026-08-07T16:30,89.44999694824219,89.55000305175781,89.33999633789062,89.55000305175781,0
2026-08-07T16:35,89.56999969482422,89.5999984741211,89.5199966430664,89.56999969482422,66624
2026-08-07T16:40,89.61000061035156,89.61000061035156,89.54000091552734,89.55999755859375,12320
2026-08-07T16:45,89.55999755859375,89.55999755859375,89.4800033569336,89.54000091552734,0
2026-08-07T16:50,89.55999755859375,89.63999938964844,89.41999816894531,89.41999816894531,0
2026-08-07T16:55,89.43000030517578,89.43000030517578,89.18000030517578,89.23999786376953,0
2026-08-07T17:00,89.18000030517578,89.26000213623047,89.0199966430664,89.22000122070312,0
2026-08-07T17:05,89.19999694824219,89.45999908447266,89.18000030517578,89.41999816894531,0
2026-08-07T17:10,89.41999816894531,89.41999816894531,89.30000305175781,89.31999969482422,0
2026-08-07T17:15,89.27999877929688,89.44999694824219,89.27999877929688,89.41999816894531,0
2026-08-07T17:20,89.41999816894531,89.43000030517578,89.27999877929688,89.27999877929688,0
2026-08-07T17:25,89.31999969482422,89.44000244140625,89.31999969482422,89.44000244140625,19760
2026-08-07T17:30,89.44000244140625,89.55999755859375,89.33999633789062,89.55000305175781,122176
2026-08-07T17:35,89.5,89.69999694824219,89.4800033569336,89.69999694824219,297328
2026-08-07T17:40,89.72000122070312,89.88999938964844,89.72000122070312,89.76000213623047,191472
2026-08-07T17:45,89.75,89.75,89.5999984741211,89.5999984741211,144096
2026-08-07T17:50,89.63999938964844,89.66000366210938,89.41999816894531,89.5,0
2026-08-07T17:55,89.5199966430664,89.76000213623047,89.5199966430664,89.76000213623047,0
2026-08-07T18:00,89.75,89.93000030517578,89.73999786376953,89.7699966430664,0
2026-08-07T18:05,89.7699966430664,89.80000305175781,89.73999786376953,89.80000305175781,33600
2026-08-07T18:10,89.80000305175781,89.81999969482422,89.69000244140625,89.69000244140625,0
2026-08-07T18:15,89.73999786376953,89.81999969482422,89.68000030517578,89.81999969482422,0
2026-08-07T18:20,89.81999969482422,89.81999969482422,89.69999694824219,89.69999694824219,0
2026-08-07T18:25,89.69999694824219,89.69999694824219,89.66999816894531,89.69000244140625,0
2026-08-07T18:30,89.69000244140625,89.80000305175781,89.63999938964844,89.63999938964844,0
2026-08-07T18:35,89.41999816894531,89.45999908447266,89.27999877929688,89.27999877929688,140000
2026-08-07T18:40,89.27999877929688,89.31999969482422,89.16999816894531,89.16999816894531,494576
2026-08-07T18:45,89.16999816894531,89.19999694824219,89.16000366210938,89.16999816894531,0
2026-08-07T18:50,89.19999694824219,89.25,89.1500015258789,89.1500015258789,0
2026-08-07T18:55,89.18000030517578,89.2699966430664,89.18000030517578,89.25,0
2026-08-07T19:00,89.2699966430664,89.41000366210938,89.23999786376953,89.33000183105469,0
2026-08-07T19:05,89.33999633789062,89.58000183105469,89.33999633789062,89.58000183105469,0
2026-08-07T19:10,89.5999984741211,89.62999725341797,89.5999984741211,89.61000061035156,0
2026-08-07T19:15,89.61000061035156,89.76000213623047,89.61000061035156,89.7300033569336,0
2026-08-07T19:20,89.7300033569336,89.87000274658203,89.7300033569336,89.76000213623047,0
2026-08-07T19:25,89.76000213623047,89.81999969482422,89.70999908447266,89.72000122070312,111472
2026-08-07T19:30,89.72000122070312,89.83000183105469,89.72000122070312,89.73999786376953,157184
2026-08-07T19:35,89.73999786376953,89.77999877929688,89.7300033569336,89.73999786376953,32784
2026-08-07T19:40,89.80000305175781,89.86000061035156,89.7699966430664,89.7699966430664,49808
2026-08-07T19:45,89.81999969482422,89.95999908447266,89.81999969482422,89.9000015258789,83376
2026-08-07T19:50,89.91000366210938,90.13999938964844,89.91000366210938,90.13999938964844,0
2026-08-07T19:55,90.12000274658203,90.41999816894531,90.12000274658203,90.4000015258789,180720
2026-08-07T20:00,90.44999694824219,90.63999938964844,90.4000015258789,90.43000030517578,480288
2026-08-07T20:05,90.4000015258789,90.56999969482422,90.3499984741211,90.56999969482422,277936
2026-08-07T20:10,90.54000091552734,90.54000091552734,90.37000274658203,90.37000274658203,97728
2026-08-07T20:15,90.41000366210938,90.48999786376953,90.38999938964844,90.44999694824219,35440
2026-08-07T20:20,90.38999938964844,90.44000244140625,90.36000061035156,90.44000244140625,469216
2026-08-07T20:25,90.45999908447266,90.45999908447266,90.25,90.25,218432
2026-08-07T20:30,90.22000122070312,90.22000122070312,89.95999908447266,89.95999908447266,0
2026-08-07T20:35,89.95999908447266,90.0199966430664,89.95999908447266,90.0,0
2026-08-07T20:40,90.0,90.08999633789062,90.0,90.08999633789062,0
2026-08-07T20:45,90.08999633789062,90.12000274658203,90.08000183105469,90.12000274658203,0
2026-08-07T20:50,90.08000183105469,90.16000366210938,90.08000183105469,90.08999633789062,52640
2026-08-07T20:55,90.08999633789062,90.23999786376953,90.08999633789062,90.12999725341797,0
2026-08-07T21:00,90.16000366210938,90.2300033569336,90.1500015258789,90.18000030517578,2688
2026-08-07T21:05,90.13999938964844,90.19000244140625,90.11000061035156,90.18000030517578,0
2026-08-07T21:10,90.13999938964844,90.25,90.0999984741211,90.0999984741211,96
2026-08-07T21:15,90.0999984741211,90.13999938964844,90.0,90.01000213623047,0
2026-08-07T21:20,90.01000213623047,90.04000091552734,89.91999816894531,89.91999816894531,0
2026-08-07T21:25,89.95999908447266,89.95999908447266,89.9000015258789,89.94000244140625,241360
2026-08-07T21:30,89.94000244140625,90.05999755859375,89.94000244140625,90.05999755859375,0
2026-08-07T21:35,90.08000183105469,90.12000274658203,90.05999755859375,90.05999755859375,44672
2026-08-07T21:40,90.05999755859375,90.2300033569336,90.05999755859375,90.08999633789062,0
2026-08-07T21:45,90.05999755859375,90.05999755859375,90.0,90.0,220624
2026-08-07T21:50,89.9800033569336,89.9800033569336,89.91999816894531,89.91999816894531,325040
2026-08-07T21:55,89.91999816894531,89.91999816894531,89.87000274658203,89.87000274658203,136800
2026-08-07T22:00,89.81999969482422,89.81999969482422,89.76000213623047,89.80000305175781,0
2026-08-07T22:05,89.7699966430664,89.83999633789062,89.75,89.83999633789062,0
2026-08-07T22:10,89.83999633789062,89.91999816894531,89.83000183105469,89.91999816894531,0
2026-08-07T22:15,89.91999816894531,90.0999984741211,89.9000015258789,89.93000030517578,16672
2026-08-07T22:20,89.93000030517578,89.93000030517578,89.87999725341797,89.91000366210938,184048
2026-08-07T22:25,89.87000274658203,89.87999725341797,89.7300033569336,89.7300033569336,0
2026-08-07T22:30,89.70999908447266,89.75,89.66999816894531,89.66999816894531,19872
2026-08-07T22:35,89.68000030517578,89.68000030517578,89.55000305175781,89.58999633789062,341552
2026-08-07T22:40,89.58999633789062,89.66999816894531,89.5,89.6500015258789,104816
2026-08-07T22:45,89.6500015258789,89.68000030517578,89.5999984741211,89.63999938964844,0
2026-08-07T22:50,89.63999938964844,89.76000213623047,89.63999938964844,89.73999786376953,72048
2026-08-07T22:55,89.73999786376953,89.81999969482422,89.73999786376953,89.81999969482422,0
2026-08-07T23:00,89.81999969482422,89.91999816894531,89.81999969482422,89.91999816894531,0
2026-08-07T23:05,89.91999816894531,90.04000091552734,89.91999816894531,90.01000213623047,0
2026-08-07T23:10,90.01000213623047,90.05000305175781,89.95999908447266,89.98999786376953,37360
2026-08-07T23:15,89.98999786376953,90.05999755859375,89.9800033569336,89.98999786376953,82544
2026-08-07T23:20,90.0,90.01000213623047,90.0,90.01000213623047,0
2026-08-07T23:25,90.01000213623047,90.01000213623047,89.81999969482422,89.8499984741211,0
2026-08-07T23:30,89.8499984741211,89.87999725341797,89.8499984741211,89.87999725341797,5584
2026-08-07T23:35,89.87999725341797,89.9800033569336,89.87999725341797,89.9800033569336,0
2026-08-07T23:40,89.9800033569336,89.9800033569336,89.95999908447266,89.95999908447266,0
2026-08-07T23:45,89.95999908447266,90.04000091552734,89.95999908447266,90.04000091552734,23152
2026-08-07T23:50,90.04000091552734,90.05999755859375,89.9000015258789,89.9000015258789,0
2026-08-07T23:55,89.9000015258789,89.9000015258789,89.87999725341797,89.87999725341797,0
2026-08-08T00:00,89.8499984741211,89.87000274658203,89.72000122070312,89.81999969482422,0
2026-08-08T00:05,89.81999969482422,89.94000244140625,89.81999969482422,89.87000274658203,21424
2026-08-08T00:10,89.83999633789062,89.83999633789062,89.73999786376953,89.73999786376953,0
2026-08-08T00:15,89.79000091552734,89.91999816894531,89.79000091552734,89.86000061035156,0
2026-08-08T00:20,89.86000061035156,89.87000274658203,89.83000183105469,89.83000183105469,0
2026-08-08T00:25,89.83000183105469,89.83000183105469,89.69999694824219,89.69999694824219,0
2026-08-08T00:30,89.69999694824219,89.69999694824219,89.5999984741211,89.62000274658203,0
2026-08-08T00:35,89.5999984741211,89.63999938964844,89.5999984741211,89.63999938964844,0
2026-08-08T00:40,89.63999938964844,89.69999694824219,89.63999938964844,89.69000244140625,0
2026-08-08T00:45,89.69000244140625,89.73999786376953,89.62000274658203,89.62000274658203,0
2026-08-08T00:50,89.62000274658203,89.66000366210938,89.5999984741211,89.66000366210938,0
2026-08-08T00:55,89.66000366210938,89.69999694824219,89.66000366210938,89.69999694824219,0
2026-08-08T01:00,89.69999694824219,89.80000305175781,89.62999725341797,89.62999725341797,0
2026-08-08T01:05,89.62999725341797,89.80000305175781,89.62999725341797,89.73999786376953,0
2026-08-08T01:10,89.72000122070312,89.7300033569336,89.58000183105469,89.58000183105469,0
2026-08-08T01:15,89.55999755859375,89.63999938964844,89.4800033569336,89.5999984741211,0
2026-08-08T01:20,89.58000183105469,89.62999725341797,89.55000305175781,89.62999725341797,0
2026-08-08T01:25,89.66000366210938,89.69999694824219,89.56999969482422,89.62000274658203,0
2026-08-08T01:30,89.62000274658203,89.73999786376953,89.62000274658203,89.73999786376953,0
2026-08-08T01:35,89.73999786376953,89.80000305175781,89.68000030517578,89.68000030517578,0
2026-08-08T01:40,89.68000030517578,89.76000213623047,89.68000030517578,89.76000213623047,0
2026-08-08T01:45,89.72000122070312,89.72000122070312,89.52999877929688,89.5999984741211,0
2026-08-08T01:50,89.5999984741211,89.5999984741211,89.5199966430664,89.5199966430664,0
2026-08-08T01:55,89.5199966430664,89.54000091552734,89.48999786376953,89.54000091552734,0
2026-08-08T02:00,89.54000091552734,89.5999984741211,89.45999908447266,89.5,0
2026-08-08T02:05,89.5,89.55999755859375,89.4800033569336,89.54000091552734,0
2026-08-08T02:10,89.54000091552734,89.54000091552734,89.4000015258789,89.44000244140625,0
2026-08-08T02:15,89.44000244140625,89.44000244140625,89.37999725341797,89.37999725341797,0
2026-08-08T02:20,89.37999725341797,89.43000030517578,89.2699966430664,89.2699966430664,0
2026-08-08T02:25,89.2699966430664,89.44000244140625,89.2699966430664,89.44000244140625,48960
2026-08-08T02:30,89.4000015258789,89.4800033569336,89.27999877929688,89.27999877929688,0
2026-08-08T02:35,89.30999755859375,89.33999633789062,89.30999755859375,89.33000183105469,0
2026-08-08T02:40,89.33000183105469,89.33999633789062,89.2699966430664,89.33999633789062,0
2026-08-08T02:45,89.26000213623047,89.26000213623047,89.25,89.25,0
2026-08-08T02:50,89.25,89.2699966430664,89.23999786376953,89.23999786376953,0
2026-08-08T02:55,89.2300033569336,89.2699966430664,89.16000366210938,89.16000366210938,31664
2026-08-08T03:00,89.16000366210938,89.30999755859375,89.16000366210938,89.30999755859375,0
2026-08-08T03:05,89.31999969482422,89.37000274658203,89.30000305175781,89.33999633789062,0
2026-08-08T03:10,89.3499984741211,89.3499984741211,89.30000305175781,89.30000305175781,0
2026-08-08T03:15,89.30000305175781,89.4000015258789,89.30000305175781,89.4000015258789,0
2026-08-08T03:20,89.41000366210938,89.5199966430664,89.41000366210938,89.5199966430664,0
2026-08-08T03:25,89.4800033569336,89.54000091552734,89.44000244140625,89.52999877929688,0
2026-08-08T03:30,89.55999755859375,89.7699966430664,89.55999755859375,89.7699966430664,0
2026-08-08T03:35,89.79000091552734,89.81999969482422,89.62999725341797,89.66000366210938,97216
2026-08-08T03:40,89.66000366210938,89.66000366210938,89.5999984741211,89.5999984741211,0
2026-08-08T03:45,89.5999984741211,89.69999694824219,89.5999984741211,89.69999694824219,0
2026-08-08T03:50,89.68000030517578,89.69999694824219,89.62000274658203,89.62000274658203,0
2026-08-08T03:55,89.68000030517578,89.9000015258789,89.68000030517578,89.87000274658203,0
2026-08-08T04:00,89.94999694824219,90.16000366210938,89.94000244140625,89.95999908447266,0
2026-08-08T04:05,89.95999908447266,89.95999908447266,89.73999786376953,89.73999786376953,0
2026-08-08T04:10,89.7699966430664,89.91000366210938,89.7699966430664,89.88999938964844,0
2026-08-08T04:15,89.88999938964844,89.95999908447266,89.87999725341797,89.95999908447266,0
2026-08-08T04:20,89.94999694824219,90.0,89.87999725341797,89.94999694824219,0
2026-08-08T04:25,89.9000015258789,90.12000274658203,89.88999938964844,90.05999755859375,134448
2026-08-08T04:30,90.0199966430664,90.22000122070312,90.0199966430664,90.0999984741211,175616
2026-08-08T04:35,90.08999633789062,90.08999633789062,90.08000183105469,90.08000183105469,175760
2026-08-08T04:40,90.08000183105469,90.19000244140625,90.05999755859375,90.05999755859375,166016
2026-08-08T04:45,90.05999755859375,90.06999969482422,89.9800033569336,90.0,0
2026-08-08T04:50,90.05999755859375,90.08000183105469,90.0199966430664,90.08000183105469,43808
2026-08-08T04:55,90.08000183105469,90.08000183105469,90.04000091552734,90.08000183105469,0
2026-08-08T05:00,90.0999984741211,90.13999938964844,90.04000091552734,90.13999938964844,0
2026-08-08T05:05,90.13999938964844,90.2300033569336,90.0999984741211,90.11000061035156,38688
2026-08-08T05:10,90.11000061035156,90.13999938964844,89.95999908447266,89.97000122070312,0
2026-08-08T05:15,89.97000122070312,90.05999755859375,89.97000122070312,90.05000305175781,0
2026-08-08T05:20,90.05000305175781,90.12000274658203,90.05000305175781,90.12000274658203,0
2026-08-08T05:25,90.12000274658203,90.12000274658203,90.0999984741211,90.0999984741211,0
2026-08-08T05:30,90.12999725341797,90.23999786376953,90.12999725341797,90.23999786376953,0
2026-08-08T05:35,90.27999877929688,90.44000244140625,90.27999877929688,90.4000015258789,0
2026-08-08T05:40,90.4000015258789,90.45999908447266,90.36000061035156,90.4000015258789,0
2026-08-08T05:45,90.37999725341797,90.37999725341797,90.23999786376953,90.30999755859375,0
2026-08-08T05:50,90.30999755859375,90.3499984741211,90.26000213623047,90.33000183105469,0
2026-08-08T05:55,90.36000061035156,90.41999816894531,90.3499984741211,90.41999816894531,0
2026-08-08T06:00,90.4800033569336,90.62999725341797,90.4800033569336,90.61000061035156,0
2026-08-08T06:05,90.61000061035156,90.61000061035156,90.5,90.58000183105469,0
2026-08-08T06:10,90.58000183105469,90.58000183105469,90.36000061035156,90.36000061035156,0
2026-08-08T06:15,90.3499984741211,90.37999725341797,90.27999877929688,90.27999877929688,0
2026-08-08T06:20,90.27999877929688,90.27999877929688,90.12999725341797,90.26000213623047,0
2026-08-08T06:25,90.26000213623047,90.2699966430664,90.19999694824219,90.2699966430664,116672
2026-08-08T06:30,90.2699966430664,90.2699966430664,90.19999694824219,90.19999694824219,0
2026-08-08T06:35,90.23999786376953,90.33000183105469,90.2300033569336,90.33000183105469,0
2026-08-08T06:40,90.33000183105469,90.37999725341797,90.30000305175781,90.30000305175781,0
2026-08-08T06:45,90.36000061035156,90.68000030517578,90.36000061035156,90.5199966430664,49056
2026-08-08T06:50,90.58000183105469,90.5999984741211,90.44000244140625,90.44000244140625,211584
2026-08-08T06:55,90.44000244140625,90.44000244140625,90.2300033569336,90.25,0
2026-08-08T07:00,90.23999786376953,90.26000213623047,90.18000030517578,90.18000030517578,86464
2026-08-08T07:05,90.18000030517578,90.19000244140625,90.12000274658203,90.12999725341797,0
2026-08-08T07:10,90.16000366210938,90.2300033569336,90.16000366210938,90.19999694824219,16912
2026-08-08T07:15,90.19999694824219,90.23999786376953,90.19999694824219,90.23999786376953,0
2026-08-08T07:20,90.25,90.44999694824219,90.25,90.44999694824219,0
2026-08-08T07:25,90.44999694824219,90.55999755859375,90.4000015258789,90.4000015258789,0
2026-08-08T07:30,90.37999725341797,90.41999816894531,90.37999725341797,90.37999725341797,0
2026-08-08T07:35,90.33999633789062,90.37999725341797,90.13999938964844,90.18000030517578,0
2026-08-08T07:40,90.18000030517578,90.18000030517578,89.9800033569336,89.9800033569336,0
2026-08-08T07:45,90.08000183105469,90.18000030517578,90.08000183105469,90.18000030517578,302832
2026-08-08T07:50,90.18000030517578,90.18000030517578,90.18000030517578,90.18000030517578,0
2026-08-08T07:55,90.22000122070312,90.30000305175781,90.22000122070312,90.30000305175781,0
2026-08-08T08:00,90.31999969482422,90.33999633789062,90.18000030517578,90.18000030517578,0
2026-08-08T08:05,90.18000030517578,90.20999908447266,90.18000030517578,90.19999694824219,0
2026-08-08T08:10,90.16000366210938,90.2300033569336,90.16000366210938,90.2300033569336,0
2026-08-08T08:15,90.2300033569336,90.2300033569336,90.1500015258789,90.1500015258789,0
2026-08-08T08:20,90.18000030517578,90.23999786376953,90.18000030517578,90.20999908447266,0
2026-08-08T08:25,90.19999694824219,90.30000305175781,90.19000244140625,90.23999786376953,0
2026-08-08T08:30,90.23999786376953,90.4800033569336,90.2300033569336,90.4800033569336,0
2026-08-08T08:35,90.4800033569336,90.4800033569336,90.37999725341797,90.44000244140625,0
2026-08-08T08:40,90.44000244140625,90.4800033569336,90.37999725341797,90.44000244140625,0
2026-08-08T08:45,90.44000244140625,90.44000244140625,90.3499984741211,90.3499984741211,0
2026-08-08T08:50,90.37000274658203,90.37000274658203,90.13999938964844,90.13999938964844,0
2026-08-08T08:55,90.19999694824219,90.20999908447266,90.16000366210938,90.16000366210938,0
2026-08-08T09:00,90.13999938964844,90.20999908447266,90.12000274658203,90.12000274658203,0
2026-08-08T09:05,90.12000274658203,90.13999938964844,90.11000061035156,90.12999725341797,0
2026-08-08T09:10,90.12999725341797,90.16000366210938,90.08000183105469,90.08000183105469,0
2026-08-08T09:15,90.08000183105469,90.19999694824219,90.05999755859375,90.12999725341797,0
2026-08-08T09:20,90.12999725341797,90.12999725341797,90.0199966430664,90.05999755859375,0
2026-08-08T09:25,90.05999755859375,90.05999755859375,90.04000091552734,90.04000091552734,0
2026-08-08T09:30,90.06999969482422,90.33000183105469,90.06999969482422,90.16000366210938,0
2026-08-08T09:35,90.16000366210938,90.16000366210938,90.11000061035156,90.13999938964844,0
2026-08-08T09:40,90.16000366210938,90.16000366210938,89.9800033569336,89.9800033569336,0
2026-08-08T09:45,89.9800033569336,90.06999969482422,89.9800033569336,90.05999755859375,0
2026-08-08T09:50,90.05999755859375,90.19000244140625,90.05999755859375,90.19000244140625,0
2026-08-08T09:55,90.19000244140625,90.20999908447266,90.0999984741211,90.18000030517578,0
2026-08-08T10:00,90.18000030517578,90.27999877929688,90.18000030517578,90.27999877929688,0
2026-08-08T10:05,90.23999786376953,90.23999786376953,90.08000183105469,90.13999938964844,0
2026-08-08T10:10,90.13999938964844,90.16999816894531,90.0999984741211,90.12000274658203,48456
2026-08-08T10:15,90.12999725341797,90.18000030517578,90.12999725341797,90.18000030517578,0
2026-08-08T10:20,90.19999694824219,90.26000213623047,90.19999694824219,90.26000213623047,0
2026-08-08T10:25,90.27999877929688,90.43000030517578,90.27999877929688,90.37999725341797,0
2026-08-08T10:30,90.3499984741211,90.3499984741211,90.30000305175781,90.30000305175781,0
2026-08-08T10:35,90.30000305175781,90.30000305175781,90.26000213623047,90.30000305175781,0
2026-08-08T10:40,90.30000305175781,90.30000305175781,90.22000122070312,90.22000122070312,0
2026-08-08T10:45,90.22000122070312,90.22000122070312,90.19999694824219,90.19999694824219,0
2026-08-08T10:50,90.19999694824219,90.31999969482422,90.19999694824219,90.31999969482422,0
2026-08-08T10:55,90.31999969482422,90.3499984741211,90.23999786376953,90.23999786376953,0
2026-08-08T11:00,90.23999786376953,90.27999877929688,90.19999694824219,90.19999694824219,0
2026-08-08T11:05,90.19999694824219,90.2300033569336,90.16000366210938,90.22000122070312,0
2026-08-08T11:10,90.22000122070312,90.33999633789062,90.22000122070312,90.27999877929688,0
2026-08-08T11:15,90.30999755859375,90.30999755859375,90.12000274658203,90.12000274658203,25256
2026-08-08T11:20,90.12000274658203,90.12000274658203,90.12000274658203,90.12000274658203,0
2026-08-08T11:25,90.12000274658203,90.18000030517578,90.12000274658203,90.13999938964844,0
2026-08-08T11:30,90.13999938964844,90.18000030517578,90.13999938964844,90.18000030517578,0
2026-08-08T11:35,90.18000030517578,90.23999786376953,90.13999938964844,90.23999786376953,0
2026-08-08T11:40,90.26000213623047,90.4000015258789,90.26000213623047,90.31999969482422,146160
2026-08-08T11:45,90.37999725341797,90.4800033569336,90.37999725341797,90.4800033569336,0
2026-08-08T11:50,90.4800033569336,90.54000091552734,90.4000015258789,90.4000015258789,0
2026-08-08T11:55,90.4000015258789,90.43000030517578,90.33999633789062,90.33999633789062,0
2026-08-08T12:00,90.33999633789062,90.44000244140625,90.31999969482422,90.33000183105469,0
2026-08-08T12:05,90.36000061035156,90.43000030517578,90.31999969482422,90.3499984741211,0
2026-08-08T12:10,90.3499984741211,90.38999938964844,90.3499984741211,90.38999938964844,0
2026-08-08T12:15,90.38999938964844,90.41999816894531,90.27999877929688,90.29000091552734,0
2026-08-08T12:20,90.2699966430664,90.29000091552734,90.25,90.29000091552734,0
2026-08-08T12:25,90.2699966430664,90.33999633789062,90.2699966430664,90.31999969482422,0
2026-08-08T12:30,90.31999969482422,90.38999938964844,90.30000305175781,90.3499984741211,0
2026-08-08T12:35,90.3499984741211,90.45999908447266,90.3499984741211,90.45999908447266,0
2026-08-08T12:40,90.45999908447266,90.5199966430664,90.45999908447266,90.47000122070312,0
2026-08-08T12:45,90.47000122070312,90.48999786376953,90.44000244140625,90.44000244140625,0
2026-08-08T12:50,90.44000244140625,90.47000122070312,90.41999816894531,90.47000122070312,0
2026-08-08T12:55,90.43000030517578,90.45999908447266,90.41999816894531,90.44000244140625,0
2026-08-08T13:00,90.41000366210938,90.43000030517578,90.38999938964844,90.41000366210938,0
2026-08-08T13:05,90.37999725341797,90.5,90.37999725341797,90.48999786376953,0
2026-08-08T13:10,90.48999786376953,90.56999969482422,90.48999786376953,90.56999969482422,308096
2026-08-08T13:15,90.55000305175781,90.55000305175781,90.44999694824219,90.44999694824219,213208
2026-08-08T13:20,90.44999694824219,90.55999755859375,90.44999694824219,90.55999755859375,211712
2026-08-08T13:25,90.55999755859375,90.88999938964844,90.52999877929688,90.88999938964844,479752
2026-08-08T13:30,90.80000305175781,90.80000305175781,90.63999938964844,90.63999938964844,197752
2026-08-08T13:35,90.62000274658203,90.73999786376953,90.62000274658203,90.72000122070312,0
2026-08-08T13:40,90.69999694824219,90.69999694824219,90.63999938964844,90.68000030517578,0
2026-08-08T13:45,90.68000030517578,90.72000122070312,90.55000305175781,90.63999938964844,0
2026-08-08T13:50,90.63999938964844,90.66000366210938,90.58999633789062,90.62000274658203,0
2026-08-08T13:55,90.62000274658203,90.76000213623047,90.62000274658203,90.76000213623047,0
2026-08-08T14:00,90.75,90.9000015258789,90.72000122070312,90.9000015258789,0
2026-08-08T14:05,90.91999816894531,91.0,90.88999938964844,90.91999816894531,0
2026-08-08T14:10,90.94000244140625,91.0199966430664,90.8499984741211,91.0199966430664,0
2026-08-08T14:15,91.05000305175781,91.08000183105469,90.9800033569336,91.01000213623047,0
2026-08-08T14:20,91.01000213623047,91.04000091552734,90.91999816894531,91.04000091552734,0
2026-08-08T14:25,91.05999755859375,91.19000244140625,91.04000091552734,91.19000244140625,334080
2026-08-08T14:30,91.22000122070312,91.54000091552734,91.16000366210938,91.52999877929688,0
2026-08-08T14:35,91.55000305175781,91.66000366210938,91.23999786376953,91.30000305175781,1580088
2026-08-08T14:40,91.27999877929688,91.29000091552734,91.19000244140625,91.19000244140625,326960
2026-08-08T14:45,91.18000030517578,91.38999938964844,91.1500015258789,91.38999938964844,0
2026-08-08T14:50,91.33000183105469,91.36000061035156,91.29000091552734,91.33999633789062,0
2026-08-08T14:55,91.36000061035156,91.4000015258789,91.19999694824219,91.19999694824219,0
2026-08-08T15:00,91.23999786376953,91.4000015258789,91.23999786376953,91.4000015258789,0
2026-08-08T15:05,91.44000244140625,91.4800033569336,91.30999755859375,91.44999694824219,0
2026-08-08T15:10,91.5,91.5999984741211,91.47000122070312,91.5,123520
2026-08-08T15:15,91.5,91.5,91.23999786376953,91.23999786376953,74712
2026-08-08T15:20,91.23999786376953,91.23999786376953,91.1500015258789,91.22000122070312,317144
2026-08-08T15:25,91.22000122070312,91.26000213623047,91.12000274658203,91.26000213623047,460016
2026-08-08T15:30,91.22000122070312,91.26000213623047,91.19000244140625,91.26000213623047,138008
2026-08-08T15:35,91.31999969482422,91.5199966430664,91.31999969482422,91.5199966430664,0
2026-08-08T15:40,91.5199966430664,91.58000183105469,91.3499984741211,91.41999816894531,141328
2026-08-08T15:45,91.36000061035156,91.37000274658203,91.30999755859375,91.30999755859375,106264
2026-08-08T15:50,91.30999755859375,91.31999969482422,91.23999786376953,91.23999786376953,0
2026-08-08T15:55,91.23999786376953,91.23999786376953,91.19999694824219,91.19999694824219,0
2026-08-08T16:00,91.27999877929688,91.4000015258789,91.16000366210938,91.4000015258789,0
2026-08-08T16:05,91.38999938964844,91.5999984741211,91.37999725341797,91.5,234360
2026-08-08T16:10,91.5,91.5,91.26000213623047,91.30999755859375,0
2026-08-08T16:15,91.33999633789062,91.45999908447266,91.33999633789062,91.41999816894531,241168
2026-08-08T16:20,91.44999694824219,91.4800033569336,91.41999816894531,91.41999816894531,0
2026-08-08T16:25,91.4000015258789,91.41000366210938,91.33999633789062,91.41000366210938,5872
2026-08-08T16:30,91.33999633789062,91.33999633789062,91.2699966430664,91.31999969482422,0
2026-08-08T16:35,91.31999969482422,91.33000183105469,91.2300033569336,91.30000305175781,0
2026-08-08T16:40,91.30000305175781,91.30000305175781,91.19000244140625,91.20999908447266,0
2026-08-08T16:45,91.20999908447266,91.2699966430664,91.20999908447266,91.2699966430664,44592
2026-08-08T16:50,91.2699966430664,91.2699966430664,91.20999908447266,91.22000122070312,0
2026-08-08T16:55,91.22000122070312,91.36000061035156,91.22000122070312,91.36000061035156,0
2026-08-08T17:00,91.33999633789062,91.37999725341797,91.31999969482422,91.33000183105469,0
2026-08-08T17:05,91.33000183105469,91.33999633789062,91.26000213623047,91.33999633789062,0
2026-08-08T17:10,91.3499984741211,91.44000244140625,91.3499984741211,91.44000244140625,80472
2026-08-08T17:15,91.44000244140625,91.5199966430664,91.43000030517578,91.5199966430664,0
2026-08-08T17:20,91.5199966430664,91.54000091552734,91.44000244140625,91.44000244140625,85336
2026-08-08T17:25,91.44000244140625,91.55999755859375,91.44000244140625,91.5,0
2026-08-08T17:30,91.48999786376953,91.48999786376953,91.3499984741211,91.41000366210938,0
2026-08-08T17:35,91.5,91.5,91.4000015258789,91.41000366210938,0
2026-08-08T17:40,91.37999725341797,91.43000030517578,91.37000274658203,91.37999725341797,0
2026-08-08T17:45,91.37999725341797,91.4000015258789,91.37000274658203,91.37000274658203,0
2026-08-08T17:50,91.37000274658203,91.44000244140625,91.33999633789062,91.33999633789062,0
2026-08-08T17:55,91.33999633789062,91.33999633789062,91.27999877929688,91.27999877929688,94736
2026-08-08T18:00,91.27999877929688,91.27999877929688,91.16000366210938,91.19999694824219,0
2026-08-08T18:05,91.19999694824219,91.30000305175781,91.19999694824219,91.26000213623047,0
2026-08-08T18:10,91.29000091552734,91.33999633789062,91.27999877929688,91.27999877929688,90640
2026-08-08T18:15,91.27999877929688,91.27999877929688,91.20999908447266,91.23999786376953,0
2026-08-08T18:20,91.23999786376953,91.2699966430664,91.23999786376953,91.23999786376953,0
2026-08-08T18:25,91.19999694824219,91.33999633789062,91.19999694824219,91.33999633789062,108816
2026-08-08T18:30,91.33999633789062,91.36000061035156,91.33999633789062,91.33999633789062,110840
2026-08-08T18:35,91.33999633789062,91.4000015258789,91.33999633789062,91.37999725341797,0
2026-08-08T18:40,91.37999725341797,91.41999816894531,91.29000091552734,91.36000061035156,0
2026-08-08T18:45,91.37999725341797,91.4000015258789,91.3499984741211,91.37999725341797,0
2026-08-08T18:50,91.33999633789062,91.33999633789062,91.18000030517578,91.18000030517578,0
2026-08-08T18:55,91.18000030517578,91.25,91.18000030517578,91.19000244140625,170672
2026-08-08T19:00,91.19000244140625,91.23999786376953,91.19000244140625,91.22000122070312,0
2026-08-08T19:05,91.22000122070312,91.26000213623047,91.22000122070312,91.26000213623047,0
2026-08-08T19:10,91.26000213623047,91.26000213623047,91.20999908447266,91.20999908447266,0
2026-08-08T19:15,91.16000366210938,91.16000366210938,91.05999755859375,91.05999755859375,0
2026-08-08T19:20,91.0999984741211,91.16000366210938,91.05999755859375,91.16000366210938,61152
2026-08-08T19:25,91.16000366210938,91.22000122070312,91.16000366210938,91.22000122070312,175536
2026-08-08T19:30,91.22000122070312,91.27999877929688,91.18000030517578,91.27999877929688,0
2026-08-08T19:35,91.27999877929688,91.31999969482422,91.2699966430664,91.31999969482422,0
2026-08-08T19:40,91.37999725341797,91.37999725341797,91.30999755859375,91.37999725341797,0
2026-08-08T19:45,91.37999725341797,91.41999816894531,91.37999725341797,91.41999816894531,0
2026-08-08T19:50,91.44000244140625,91.51000213623047,91.44000244140625,91.51000213623047,0
2026-08-08T19:55,91.51000213623047,91.51000213623047,91.4000015258789,91.45999908447266,0
2026-08-08T20:00,91.45999908447266,91.45999908447266,91.37999725341797,91.41000366210938,0
2026-08-08T20:05,91.41000366210938,91.41000366210938,91.4000015258789,91.41000366210938,0
2026-08-08T20:10,91.38999938964844,91.38999938964844,91.37000274658203,91.38999938964844,0
2026-08-08T20:15,91.38999938964844,91.45999908447266,91.36000061035156,91.37999725341797,0
2026-08-08T20:20,91.37999725341797,91.37999725341797,91.25,91.25,0
2026-08-08T20:25,91.25,91.30000305175781,91.25,91.30000305175781,0
2026-08-08T20:30,91.33999633789062,91.41999816894531,91.33999633789062,91.41999816894531,0
2026-08-08T20:35,91.44000244140625,91.44000244140625,91.38999938964844,91.41999816894531,0
2026-08-08T20:40,91.41999816894531,91.45999908447266,91.41999816894531,91.45999908447266,17400
2026-08-08T20:45,91.45999908447266,91.52999877929688,91.45999908447266,91.52999877929688,20864
2026-08-08T20:50,91.4800033569336,91.4800033569336,91.41999816894531,91.41999816894531,0
2026-08-08T20:55,91.41999816894531,91.5,91.41999816894531,91.5,0
2026-08-08T21:00,91.5,91.61000061035156,91.5,91.58000183105469,52968
2026-08-08T21:05,91.58000183105469,91.7699966430664,91.58000183105469,91.62000274658203,199520
2026-08-08T21:10,91.62000274658203,91.62000274658203,91.4800033569336,91.52999877929688,180384
2026-08-08T21:15,91.52999877929688,91.54000091552734,91.48999786376953,91.52999877929688,23280
2026-08-08T21:20,91.55000305175781,91.80000305175781,91.55000305175781,91.80000305175781,0
2026-08-08T21:25,91.80000305175781,91.9800033569336,91.7699966430664,91.7699966430664,415384
2026-08-08T21:30,91.7699966430664,91.95999908447266,91.7699966430664,91.95999908447266,484648
2026-08-08T21:35,91.91999816894531,91.91999816894531,91.58999633789062,91.68000030517578,113808
2026-08-08T21:40,91.68000030517578,91.69999694824219,91.62999725341797,91.69999694824219,32792
2026-08-08T21:45,91.69999694824219,91.69999694824219,91.5999984741211,91.5999984741211,0
2026-08-08T21:50,91.5999984741211,91.7300033569336,91.5999984741211,91.7300033569336,0
2026-08-08T21:55,91.73999786376953,91.7699966430664,91.6500015258789,91.6500015258789,0
2026-08-08T22:00,91.69999694824219,91.76000213623047,91.51000213623047,91.51000213623047,0
2026-08-08T22:05,91.4800033569336,91.48999786376953,91.41999816894531,91.41999816894531,22536
2026-08-08T22:10,91.48999786376953,91.58000183105469,91.48999786376953,91.56999969482422,131936
2026-08-08T22:15,91.54000091552734,91.58000183105469,91.5,91.58000183105469,0
2026-08-08T22:20,91.54000091552734,91.58000183105469,91.5199966430664,91.58000183105469,0
2026-08-08T22:25,91.58000183105469,91.61000061035156,91.55999755859375,91.61000061035156,257824
2026-08-08T22:30,91.61000061035156,91.61000061035156,91.48999786376953,91.48999786376953,23224
2026-08-08T22:35,91.48999786376953,91.51000213623047,91.44999694824219,91.44999694824219,0
2026-08-08T22:40,91.44999694824219,91.44999694824219,91.33999633789062,91.33999633789062,0
2026-08-08T22:45,91.31999969482422,91.36000061035156,91.27999877929688,91.36000061035156,0
2026-08-08T22:50,91.36000061035156,91.36000061035156,91.27999877929688,91.27999877929688,63008
2026-08-08T22:55,91.27999877929688,91.31999969482422,91.16999816894531,91.23999786376953,134112
2026-08-08T23:00,91.18000030517578,91.19999694824219,91.16000366210938,91.18000030517578,172840
2026-08-08T23:05,91.19000244140625,91.25,91.19000244140625,91.22000122070312,43800
2026-08-08T23:10,91.19999694824219,91.27999877929688,91.16999816894531,91.23999786376953,0
2026-08-08T23:15,91.2699966430664,91.2699966430664,91.19999694824219,91.19999694824219,116624
2026-08-08T23:20,91.19999694824219,91.33999633789062,91.19999694824219,91.33999633789062,0
2026-08-08T23:25,91.33999633789062,91.36000061035156,91.30000305175781,91.30000305175781,112592
2026-08-08T23:30,91.26000213623047,91.3499984741211,91.25,91.31999969482422,7736
2026-08-08T23:35,91.3499984741211,91.41999816894531,91.33999633789062,91.41999816894531,0
2026-08-08T23:40,91.41999816894531,91.5,91.4000015258789,91.44000244140625,352896
2026-08-08T23:45,91.44999694824219,91.44999694824219,91.31999969482422,91.31999969482422,97432
2026-08-08T23:50,91.30000305175781,91.30000305175781,91.20999908447266,91.20999908447266,154768
2026-08-08T23:55,91.20999908447266,91.20999908447266,91.05999755859375,91.1500015258789,0
2026-08-09T00:00,91.1500015258789,91.2300033569336,91.12000274658203,91.2300033569336,102192
2026-08-09T00:05,91.2300033569336,91.23999786376953,91.18000030517578,91.19000244140625,0
2026-08-09T00:10,91.23999786376953,91.30999755859375,91.23999786376953,91.30999755859375,0
2026-08-09T00:15,91.26000213623047,91.26000213623047,91.19999694824219,91.19999694824219,0
2026-08-09T00:20,91.22000122070312,91.23999786376953,91.19999694824219,91.19999694824219,0
2026-08-09T00:25,91.19999694824219,91.19999694824219,91.12000274658203,91.12000274658203,0
2026-08-09T00:30,91.0999984741211,91.12000274658203,91.0999984741211,91.0999984741211,118184
2026-08-09T00:35,91.0999984741211,91.1500015258789,91.08000183105469,91.1500015258789,0
2026-08-09T00:40,91.1500015258789,91.1500015258789,91.12000274658203,91.12000274658203,116688
2026-08-09T00:45,91.12000274658203,91.12000274658203,91.0199966430664,91.0199966430664,118176
2026-08-09T00:50,91.02999877929688,91.02999877929688,90.81999969482422,90.81999969482422,544272
2026-08-09T00:55,90.81999969482422,90.95999908447266,90.81999969482422,90.95999908447266,0
2026-08-09T01:00,90.94999694824219,91.0199966430664,90.9000015258789,90.93000030517578,13648
2026-08-09T01:05,90.93000030517578,90.9800033569336,90.93000030517578,90.94000244140625,0
2026-08-09T01:10,90.94000244140625,90.9800033569336,90.91999816894531,90.94000244140625,0
2026-08-09T01:15,90.94000244140625,90.94000244140625,90.91000366210938,90.91999816894531,0
2026-08-09T01:20,90.91999816894531,90.91999816894531,90.8499984741211,90.9000015258789,0
2026-08-09T01:25,90.9000015258789,90.91999816894531,90.75,90.75,7824
2026-08-09T01:30,90.70999908447266,90.9000015258789,90.70999908447266,90.80999755859375,170512
2026-08-09T01:35,90.80999755859375,90.83000183105469,90.7300033569336,90.80000305175781,246632
2026-08-09T01:40,90.80000305175781,90.86000061035156,90.80000305175781,90.86000061035156,45784
2026-08-09T01:45,90.81999969482422,90.86000061035156,90.77999877929688,90.8499984741211,0
2026-08-09T01:50,90.8499984741211,90.8499984741211,90.77999877929688,90.83999633789062,0
2026-08-09T01:55,90.87999725341797,90.91999816894531,90.80999755859375,90.80999755859375,46992
2026-08-09T02:00,90.80999755859375,90.81999969482422,90.76000213623047,90.81999969482422,0
2026-08-09T02:05,90.81999969482422,90.87999725341797,90.80000305175781,90.87999725341797,0
2026-08-09T02:10,90.87999725341797,90.91999816894531,90.87999725341797,90.91000366210938,0
2026-08-09T02:15,90.93000030517578,90.94000244140625,90.87000274658203,90.87999725341797,120080
2026-08-09T02:20,90.87999725341797,90.93000030517578,90.87999725341797,90.91999816894531,64008
2026-08-09T02:25,90.91999816894531,90.94000244140625,90.91000366210938,90.93000030517578,65376
2026-08-09T02:30,90.93000030517578,90.93000030517578,90.86000061035156,90.86000061035156,0
2026-08-09T02:35,90.86000061035156,90.87999725341797,90.83999633789062,90.86000061035156,0
2026-08-09T02:40,90.83999633789062,90.8499984741211,90.73999786376953,90.75,89320
2026-08-09T02:45,90.75,90.79000091552734,90.72000122070312,90.75,63088
2026-08-09T02:50,90.75,90.76000213623047,90.6500015258789,90.6500015258789,217392
2026-08-09T02:55,90.6500015258789,90.73999786376953,90.6500015258789,90.73999786376953,452600
2026-08-09T03:00,90.73999786376953,90.73999786376953,90.61000061035156,90.62999725341797,82512
2026-08-09T03:05,90.62999725341797,90.66999816894531,90.5999984741211,90.5999984741211,125632
2026-08-09T03:10,90.5999984741211,90.5999984741211,90.5,90.54000091552734,250240
2026-08-09T03:15,90.51000213623047,90.5199966430664,90.37000274658203,90.41999816894531,367248
2026-08-09T03:20,90.41999816894531,90.5999984741211,90.41999816894531,90.58000183105469,0
2026-08-09T03:25,90.58000183105469,90.68000030517578,90.58000183105469,90.63999938964844,668616
2026-08-09T03:30,90.63999938964844,90.68000030517578,90.63999938964844,90.68000030517578,212056
2026-08-09T03:35,90.68000030517578,90.68000030517578,90.62000274658203,90.62000274658203,0
2026-08-09T03:40,90.62000274658203,90.62000274658203,90.5999984741211,90.61000061035156,0
2026-08-09T03:45,90.61000061035156,90.62000274658203,90.56999969482422,90.5999984741211,15304
2026-08-09T03:50,90.5999984741211,90.62000274658203,90.58000183105469,90.5999984741211,4768
2026-08-09T03:55,90.5999984741211,90.5999984741211,90.5999984741211,90.5999984741211,208312
2026-08-09T04:00,90.5999984741211,90.68000030517578,90.5999984741211,90.62999725341797,0
2026-08-09T04:05,90.63999938964844,90.72000122070312,90.63999938964844,90.72000122070312,0
2026-08-09T04:10,90.72000122070312,90.76000213623047,90.72000122070312,90.73999786376953,0
2026-08-09T04:15,90.7300033569336,90.77999877929688,90.7300033569336,90.76000213623047,0
2026-08-09T04:20,90.75,90.80000305175781,90.75,90.80000305175781,182792
2026-08-09T04:25,90.80000305175781,90.87999725341797,90.80000305175781,90.87999725341797,0
2026-08-09T04:30,90.87999725341797,90.87999725341797,90.86000061035156,90.86000061035156,0
2026-08-09T04:35,90.83999633789062,90.8499984741211,90.83000183105469,90.8499984741211,142048
2026-08-09T04:40,90.8499984741211,90.93000030517578,90.77999877929688,90.93000030517578,0
2026-08-09T04:45,90.93000030517578,90.94000244140625,90.9000015258789,90.9000015258789,95472
2026-08-09T04:50,90.87999725341797,90.87999725341797,90.80000305175781,90.83000183105469,0
2026-08-09T04:55,90.83000183105469,90.88999938964844,90.81999969482422,90.88999938964844,51944
2026-08-09T05:00,90.8499984741211,90.91999816894531,90.8499984741211,90.91999816894531,0
2026-08-09T05:05,90.87999725341797,90.94000244140625,90.81999969482422,90.87000274658203,0
2026-08-09T05:10,90.86000061035156,90.9000015258789,90.8499984741211,90.9000015258789,0
2026-08-09T05:15,90.9000015258789,90.9000015258789,90.86000061035156,90.86000061035156,17136
2026-08-09T05:20,90.86000061035156,90.88999938964844,90.8499984741211,90.88999938964844,85632
2026-08-09T05:25,90.88999938964844,90.88999938964844,90.69000244140625,90.69000244140625,408152
2026-08-09T05:30,90.69000244140625,90.7699966430664,90.69000244140625,90.72000122070312,217952
2026-08-09T05:35,90.72000122070312,90.72000122070312,90.55999755859375,90.55999755859375,489832
2026-08-09T05:40,90.55999755859375,90.55999755859375,90.51000213623047,90.5199966430664,229136
2026-08-09T05:45,90.5199966430664,90.63999938964844,90.5199966430664,90.63999938964844,24800
2026-08-09T05:50,90.62000274658203,90.73999786376953,90.62000274658203,90.73999786376953,104160
2026-08-09T05:55,90.76000213623047,91.02999877929688,90.76000213623047,91.02999877929688,28336
2026-08-09T06:00,91.02999877929688,91.19000244140625,91.0,91.12999725341797,252712
2026-08-09T06:05,91.12999725341797,91.23999786376953,91.12999725341797,91.16000366210938,257656
2026-08-09T06:10,91.18000030517578,91.2699966430664,91.18000030517578,91.2699966430664,371592
2026-08-09T06:15,91.2699966430664,91.31999969482422,91.19999694824219,91.30999755859375,3272
2026-08-09T06:20,91.31999969482422,91.37999725341797,91.31999969482422,91.37999725341797,388440
2026-08-09T06:25,91.37999725341797,91.4000015258789,91.33999633789062,91.4000015258789,0
2026-08-09T06:30,91.4000015258789,91.69999694824219,91.4000015258789,91.5999984741211,328520
2026-08-09T06:35,91.5999984741211,91.62999725341797,91.56999969482422,91.58000183105469,1073840
2026-08-09T06:40,91.55999755859375,91.63999938964844,91.55999755859375,91.63999938964844,24712
2026-08-09T06:45,91.63999938964844,91.66000366210938,91.62000274658203,91.62000274658203,449896
2026-08-09T06:50,91.62000274658203,91.62999725341797,91.55000305175781,91.62000274658203,0
2026-08-09T06:55,91.62000274658203,91.62000274658203,91.55999755859375,91.55999755859375,0
2026-08-09T07:00,91.55999755859375,91.75,91.55999755859375,91.75,19496
2026-08-09T07:05,91.75,91.80000305175781,91.47000122070312,91.55999755859375,313328
2026-08-09T07:10,91.55999755859375,91.63999938964844,91.51000213623047,91.63999938964844,396360
2026-08-09T07:15,91.63999938964844,91.63999938964844,91.51000213623047,91.52999877929688,12696
2026-08-09T07:20,91.51000213623047,91.63999938964844,91.51000213623047,91.56999969482422,346040
2026-08-09T07:25,91.56999969482422,91.7699966430664,91.56999969482422,91.7699966430664,576112
2026-08-09T07:30,91.75,91.75,91.66000366210938,91.66999816894531,170640
2026-08-09T07:35,91.62000274658203,91.66000366210938,91.55999755859375,91.66000366210938,208488
2026-08-09T07:40,91.66999816894531,91.69000244140625,91.66000366210938,91.69000244140625,0
2026-08-09T07:45,91.68000030517578,91.68000030517578,91.51000213623047,91.58000183105469,0
2026-08-09T07:50,91.5999984741211,91.66000366210938,91.56999969482422,91.58999633789062,20848
2026-08-09T07:55,91.63999938964844,91.69999694824219,91.63999938964844,91.69999694824219,115704
2026-08-09T08:00,91.72000122070312,91.86000061035156,91.5999984741211,91.72000122070312,164032
2026-08-09T08:05,91.72000122070312,91.72000122070312,91.58999633789062,91.61000061035156,103248
2026-08-09T08:10,91.61000061035156,91.61000061035156,91.54000091552734,91.54000091552734,401936
2026-08-09T08:15,91.54000091552734,91.55000305175781,91.5,91.52999877929688,71976
2026-08-09T08:20,91.52999877929688,91.54000091552734,91.45999908447266,91.54000091552734,239648
2026-08-09T08:25,91.54000091552734,91.54000091552734,91.5199966430664,91.5199966430664,214384
2026-08-09T08:30,91.5199966430664,91.5199966430664,91.51000213623047,91.51000213623047,0
2026-08-09T08:35,91.5199966430664,91.5199966430664,91.25,91.25,0
2026-08-09T08:40,91.25,91.26000213623047,91.1500015258789,91.1500015258789,0
2026-08-09T08:45,91.1500015258789,91.26000213623047,91.1500015258789,91.18000030517578,164120
2026-08-09T08:50,91.18000030517578,91.19000244140625,91.16000366210938,91.16000366210938,172000
2026-08-09T08:55,91.16000366210938,91.22000122070312,91.16000366210938,91.16999816894531,0
2026-08-09T09:00,91.16999816894531,91.26000213623047,91.16999816894531,91.26000213623047,0
2026-08-09T09:05,91.2300033569336,91.2300033569336,91.16999816894531,91.18000030517578,0
2026-08-09T09:10,91.18000030517578,91.18000030517578,91.11000061035156,91.13999938964844,108384
2026-08-09T09:15,91.11000061035156,91.11000061035156,91.05999755859375,91.08000183105469,104768
2026-08-09T09:20,91.08000183105469,91.0999984741211,91.04000091552734,91.04000091552734,0
2026-08-09T09:25,91.04000091552734,91.05000305175781,90.91999816894531,91.01000213623047,153312
2026-08-09T09:30,91.0,91.1500015258789,91.0,91.1500015258789,155960
2026-08-09T09:35,91.1500015258789,91.18000030517578,91.12000274658203,91.1500015258789,0
2026-08-09T09:40,91.1500015258789,91.23999786376953,91.1500015258789,91.23999786376953,73424
2026-08-09T09:45,91.23999786376953,91.26000213623047,91.18000030517578,91.25,0
2026-08-09T09:50,91.2699966430664,91.44000244140625,91.2699966430664,91.44000244140625,258272
2026-08-09T09:55,91.44000244140625,91.44000244140625,91.30999755859375,91.33000183105469,88248
2026-08-09T10:00,91.30999755859375,91.30999755859375,91.19999694824219,91.2300033569336,107512
2026-08-09T10:05,91.2300033569336,91.2300033569336,91.16000366210938,91.18000030517578,47104
2026-08-09T10:10,91.16999816894531,91.19999694824219,91.12000274658203,91.18000030517578,0
2026-08-09T10:15,91.18000030517578,91.20999908447266,91.16999816894531,91.19000244140625,0
2026-08-09T10:20,91.22000122070312,91.30000305175781,91.22000122070312,91.27999877929688,211224
2026-08-09T10:25,91.25,91.25,91.18000030517578,91.19000244140625,252896
2026-08-09T10:30,91.19000244140625,91.19000244140625,91.06999969482422,91.08999633789062,0
2026-08-09T10:35,91.08999633789062,91.11000061035156,90.9800033569336,91.01000213623047,55720
2026-08-09T10:40,91.01000213623047,91.04000091552734,91.0,91.01000213623047,206528
2026-08-09T10:45,91.01000213623047,91.05999755859375,91.01000213623047,91.04000091552734,5800
2026-08-09T10:50,91.02999877929688,91.02999877929688,90.97000122070312,90.97000122070312,0
2026-08-09T10:55,90.97000122070312,90.97000122070312,90.9000015258789,90.9000015258789,0
2026-08-09T11:00,90.9000015258789,90.9000015258789,90.8499984741211,90.87999725341797,67376
2026-08-09T11:05,90.87000274658203,90.9000015258789,90.86000061035156,90.9000015258789,0
2026-08-09T11:10,90.9000015258789,90.94000244140625,90.9000015258789,90.93000030517578,87168
2026-08-09T11:15,90.93000030517578,90.93000030517578,90.80999755859375,90.80999755859375,0
2026-08-09T11:20,90.80999755859375,90.83999633789062,90.80999755859375,90.83999633789062,160360
2026-08-09T11:25,90.83999633789062,90.8499984741211,90.83999633789062,90.8499984741211,0
2026-08-09T11:30,90.8499984741211,90.91000366210938,90.8499984741211,90.91000366210938,0
2026-08-09T11:35,90.91000366210938,90.93000030517578,90.91000366210938,90.93000030517578,11968
2026-08-09T11:40,90.93000030517578,91.16999816894531,90.93000030517578,91.16999816894531,180752
2026-08-09T11:45,91.1500015258789,91.2300033569336,91.1500015258789,91.18000030517578,243160
2026-08-09T11:50,91.22000122070312,91.22000122070312,91.05000305175781,91.08999633789062,187432
2026-08-09T11:55,91.06999969482422,91.13999938964844,91.06999969482422,91.12000274658203,337992
2026-08-09T12:00,91.0999984741211,91.0999984741211,90.95999908447266,91.05999755859375,0
2026-08-09T12:05,91.05999755859375,91.19000244140625,91.05999755859375,91.18000030517578,35040
2026-08-09T12:10,91.19999694824219,91.19999694824219,91.06999969482422,91.0999984741211,98648
2026-08-09T12:15,91.0999984741211,91.1500015258789,91.08999633789062,91.08999633789062,276176
2026-08-09T12:20,91.08999633789062,91.18000030517578,91.06999969482422,91.06999969482422,0
2026-08-09T12:25,91.12000274658203,91.12000274658203,91.12000274658203,91.12000274658203,0
2026-08-09T12:30,91.12000274658203,91.16000366210938,91.12000274658203,91.16000366210938,0
2026-08-09T12:35,91.16000366210938,91.16000366210938,91.12000274658203,91.13999938964844,12432
2026-08-09T12:40,91.13999938964844,91.13999938964844,91.0199966430664,91.0199966430664,91496
2026-08-09T12:45,91.02999877929688,91.05000305175781,91.01000213623047,91.04000091552734,0
2026-08-09T12:50,91.04000091552734,91.04000091552734,91.0199966430664,91.0199966430664,0
2026-08-09T12:55,91.0199966430664,91.0199966430664,91.0,91.01000213623047,0
2026-08-09T13:00,91.01000213623047,91.13999938964844,91.0,91.12999725341797,0
2026-08-09T13:05,91.13999938964844,91.13999938964844,91.08000183105469,91.08000183105469,0
2026-08-09T13:10,91.08000183105469,91.08000183105469,91.05000305175781,91.08000183105469,0
2026-08-09T13:15,91.08000183105469,91.26000213623047,91.05999755859375,91.26000213623047,0
2026-08-09T13:20,91.2699966430664,91.2699966430664,91.19000244140625,91.19000244140625,185504
2026-08-09T13:25,91.19000244140625,91.26000213623047,91.12999725341797,91.26000213623047,0
2026-08-09T13:30,91.26000213623047,91.26000213623047,91.13999938964844,91.16000366210938,0
2026-08-09T13:35,91.16000366210938,91.37999725341797,91.13999938964844,91.37999725341797,0
2026-08-09T13:40,91.3499984741211,91.37999725341797,91.31999969482422,91.37999725341797,666216
2026-08-09T13:45,91.37999725341797,91.5,91.33999633789062,91.44000244140625,428472
2026-08-09T13:50,91.41999816894531,91.41999816894531,91.37999725341797,91.4000015258789,297224
2026-08-09T13:55,91.4000015258789,91.56999969482422,91.4000015258789,91.56999969482422,21272
2026-08-09T14:00,91.58999633789062,91.58999633789062,91.48999786376953,91.52999877929688,431192
2026-08-09T14:05,91.54000091552734,91.69999694824219,91.5,91.69999694824219,367192
2026-08-09T14:10,91.6500015258789,91.69999694824219,91.63999938964844,91.63999938964844,228536
2026-08-09T14:15,91.54000091552734,91.68000030517578,91.54000091552734,91.68000030517578,0
2026-08-09T14:20,91.68000030517578,91.68000030517578,91.41999816894531,91.41999816894531,0
2026-08-09T14:25,91.45999908447266,91.58000183105469,91.45999908447266,91.58000183105469,0
2026-08-09T14:30,91.58000183105469,91.72000122070312,91.55999755859375,91.69000244140625,0
2026-08-09T14:35,91.69000244140625,91.69999694824219,91.5,91.55000305175781,0
2026-08-09T14:40,91.55000305175781,91.55000305175781,91.41999816894531,91.5,0
2026-08-09T14:45,91.5,91.55999755859375,91.5,91.55999755859375,0
2026-08-09T14:50,91.58000183105469,91.68000030517578,91.58000183105469,91.68000030517578,0
2026-08-09T14:55,91.68000030517578,91.72000122070312,91.63999938964844,91.72000122070312,89432
2026-08-09T15:00,91.72000122070312,91.77999877929688,91.68000030517578,91.77999877929688,43984
2026-08-09T15:05,91.77999877929688,91.77999877929688,91.6500015258789,91.6500015258789,128096
2026-08-09T15:10,91.6500015258789,91.72000122070312,91.6500015258789,91.72000122070312,0
2026-08-09T15:15,91.72000122070312,91.77999877929688,91.69000244140625,91.77999877929688,0
2026-08-09T15:20,91.77999877929688,91.77999877929688,91.62000274658203,91.62999725341797,0
2026-08-09T15:25,91.62999725341797,91.66000366210938,91.58999633789062,91.66000366210938,0
2026-08-09T15:30,91.66000366210938,91.66000366210938,91.56999969482422,91.5999984741211,0
2026-08-09T15:35,91.5999984741211,91.5999984741211,91.52999877929688,91.58000183105469,0
2026-08-09T15:40,91.58000183105469,91.62000274658203,91.58000183105469,91.61000061035156,0
2026-08-09T15:45,91.61000061035156,91.61000061035156,91.55999755859375,91.5999984741211,0
2026-08-09T15:50,91.5999984741211,91.66999816894531,91.5999984741211,91.66999816894531,0
2026-08-09T15:55,91.66999816894531,91.79000091552734,91.66999816894531,91.7699966430664,18512
2026-08-09T16:00,91.73999786376953,91.7699966430664,91.68000030517578,91.68000030517578,0
2026-08-09T16:05,91.68000030517578,91.87000274658203,91.62000274658203,91.62000274658203,0
2026-08-09T16:10,91.62000274658203,91.62999725341797,91.4800033569336,91.5,0
2026-08-09T16:15,91.5,91.5,91.44000244140625,91.48999786376953,90400
2026-08-09T16:20,91.48999786376953,91.48999786376953,91.41999816894531,91.41999816894531,7912
2026-08-09T16:25,91.4000015258789,91.4000015258789,91.16000366210938,91.20999908447266,0
2026-08-09T16:30,91.23999786376953,91.47000122070312,91.23999786376953,91.44999694824219,378640
2026-08-09T16:35,91.44999694824219,91.4800033569336,91.44999694824219,91.45999908447266,117088
2026-08-09T16:40,91.45999908447266,91.5199966430664,91.45999908447266,91.5199966430664,198568
2026-08-09T16:45,91.55999755859375,91.55999755859375,91.47000122070312,91.5199966430664,7568
2026-08-09T16:50,91.5199966430664,91.55000305175781,91.5199966430664,91.52999877929688,0
2026-08-09T16:55,91.52999877929688,91.52999877929688,91.47000122070312,91.47000122070312,71512
2026-08-09T17:00,91.5,91.5199966430664,91.5,91.5199966430664,113184
2026-08-09T17:05,91.5199966430664,91.5199966430664,91.47000122070312,91.47000122070312,0
2026-08-09T17:10,91.45999908447266,91.47000122070312,91.41999816894531,91.45999908447266,0
2026-08-09T17:15,91.45999908447266,91.52999877929688,91.44000244140625,91.5,49736
2026-08-09T17:20,91.5,91.5,91.41999816894531,91.41999816894531,0
2026-08-09T17:25,91.41999816894531,91.41999816894531,91.36000061035156,91.36000061035156,0
2026-08-09T17:30,91.30000305175781,91.33999633789062,91.23999786376953,91.23999786376953,0
2026-08-09T17:35,91.23999786376953,91.23999786376953,91.2300033569336,91.2300033569336,0
2026-08-09T17:40,91.2300033569336,91.2300033569336,91.16000366210938,91.16999816894531,170408
2026-08-09T17:45,91.25,91.25,91.08000183105469,91.08000183105469,84792
2026-08-09T17:50,91.08000183105469,91.0999984741211,91.02999877929688,91.02999877929688,864120
2026-08-09T17:55,91.05999755859375,91.05999755859375,91.01000213623047,91.02999877929688,0
2026-08-09T18:00,91.02999877929688,91.27999877929688,91.02999877929688,91.16000366210938,0
2026-08-09T18:05,91.16000366210938,91.18000030517578,91.12999725341797,91.12999725341797,698840
2026-08-09T18:10,91.12999725341797,91.12999725341797,90.95999908447266,90.95999908447266,222504
2026-08-09T18:15,90.95999908447266,91.18000030517578,90.94000244140625,91.08000183105469,63384
2026-08-09T18:20,91.08000183105469,91.08000183105469,91.08000183105469,91.08000183105469,96648
2026-08-09T18:25,91.08000183105469,91.2699966430664,91.08000183105469,91.2699966430664,0
2026-08-09T18:30,91.2699966430664,91.29000091552734,91.23999786376953,91.23999786376953,40360
2026-08-09T18:35,91.22000122070312,91.22000122070312,91.0,91.0,189472
2026-08-09T18:40,91.01000213623047,91.08000183105469,91.0,91.06999969482422,0
2026-08-09T18:45,91.06999969482422,91.11000061035156,91.06999969482422,91.08000183105469,0
2026-08-09T18:50,91.12999725341797,91.13999938964844,91.05999755859375,91.05999755859375,74064
2026-08-09T18:55,91.05999755859375,91.05999755859375,91.01000213623047,91.01000213623047,0
2026-08-09T19:00,91.01000213623047,91.13999938964844,91.01000213623047,91.13999938964844,0
2026-08-09T19:05,91.08999633789062,91.11000061035156,91.08999633789062,91.11000061035156,0
2026-08-09T19:10,91.08000183105469,91.08000183105469,90.94000244140625,90.94000244140625,328928
2026-08-09T19:15,90.91999816894531,91.0199966430664,90.91999816894531,91.0199966430664,53008
2026-08-09T19:20,91.0199966430664,91.06999969482422,91.0199966430664,91.04000091552734,0
2026-08-09T19:25,91.06999969482422,91.0999984741211,91.06999969482422,91.0999984741211,0
2026-08-09T19:30,91.12000274658203,91.37999725341797,91.12000274658203,91.37999725341797,0
2026-08-09T19:35,91.26000213623047,91.2699966430664,91.20999908447266,91.26000213623047,176808
2026-08-09T19:40,91.26000213623047,91.3499984741211,91.26000213623047,91.3499984741211,67664
2026-08-09T19:45,91.3499984741211,91.37000274658203,91.31999969482422,91.33000183105469,65536
2026-08-09T19:50,91.36000061035156,91.36000061035156,91.2699966430664,91.2699966430664,2880
2026-08-09T19:55,91.2699966430664,91.30000305175781,91.23999786376953,91.23999786376953,37712
2026-08-09T20:00,91.23999786376953,91.33999633789062,91.23999786376953,91.2699966430664,0
2026-08-09T20:05,91.2699966430664,91.33999633789062,91.2699966430664,91.33999633789062,0
2026-08-09T20:10,91.33999633789062,91.33999633789062,91.2300033569336,91.25,64624
2026-08-09T20:15,91.2699966430664,91.33999633789062,91.2699966430664,91.30000305175781,0
2026-08-09T20:20,91.30000305175781,91.41999816894531,91.30000305175781,91.41999816894531,53312
2026-08-09T20:25,91.44000244140625,91.44000244140625,91.37999725341797,91.37999725341797,0
2026-08-09T20:30,91.37999725341797,91.44000244140625,91.37999725341797,91.43000030517578,0
2026-08-09T20:35,91.43000030517578,91.43000030517578,91.37999725341797,91.41000366210938,0
2026-08-09T20:40,91.41000366210938,91.45999908447266,91.37000274658203,91.45999908447266,0
2026-08-09T20:45,91.51000213623047,91.51000213623047,91.43000030517578,91.45999908447266,88928
2026-08-09T20:50,91.45999908447266,91.45999908447266,91.4000015258789,91.4000015258789,60344
2026-08-09T20:55,91.43000030517578,91.48999786376953,91.43000030517578,91.45999908447266,49872
2026-08-09T21:00,91.51000213623047,91.51000213623047,91.4000015258789,91.4000015258789,47792
2026-08-09T21:05,91.4000015258789,91.43000030517578,91.27999877929688,91.33999633789062,0
2026-08-09T21:10,91.33999633789062,91.33999633789062,91.29000091552734,91.29000091552734,0
2026-08-09T21:15,91.29000091552734,91.37999725341797,91.29000091552734,91.3499984741211,109856
2026-08-09T21:20,91.3499984741211,91.41999816894531,91.3499984741211,91.41999816894531,0
2026-08-09T21:25,91.44000244140625,91.55999755859375,91.44000244140625,91.55999755859375,0
2026-08-09T21:30,91.55999755859375,91.58999633789062,91.55999755859375,91.58999633789062,0
2026-08-09T21:35,91.61000061035156,91.72000122070312,91.61000061035156,91.72000122070312,0
2026-08-09T21:40,91.70999908447266,91.73999786376953,91.66000366210938,91.66000366210938,0
2026-08-09T21:45,91.66000366210938,91.73999786376953,91.66000366210938,91.7300033569336,0
2026-08-09T21:50,91.7300033569336,91.77999877929688,91.70999908447266,91.72000122070312,38496
2026-08-09T21:55,91.72000122070312,91.83000183105469,91.6500015258789,91.70999908447266,155520
2026-08-09T22:00,91.73999786376953,91.80999755859375,91.66000366210938,91.66000366210938,134016
2026-08-09T22:05,91.66000366210938,91.73999786376953,91.66000366210938,91.73999786376953,67208
2026-08-09T22:10,91.73999786376953,92.08999633789062,91.72000122070312,92.05000305175781,87632
2026-08-09T22:15,92.13999938964844,92.2300033569336,91.9800033569336,91.9800033569336,657832
2026-08-09T22:20,92.04000091552734,92.05999755859375,91.73999786376953,91.76000213623047,396968
2026-08-09T22:25,91.76000213623047,91.76000213623047,91.66999816894531,91.66999816894531,0
2026-08-09T22:30,91.66999816894531,91.66999816894531,91.33999633789062,91.37999725341797,0
2026-08-09T22:35,91.41999816894531,91.41999816894531,91.0999984741211,91.0999984741211,87184
2026-08-09T22:40,91.08000183105469,91.13999938964844,91.08000183105469,91.13999938964844,349152
2026-08-09T22:45,91.12999725341797,91.12999725341797,91.0,91.0199966430664,455320
2026-08-09T22:50,91.0199966430664,91.02999877929688,90.66999816894531,90.9800033569336,296640
2026-08-09T22:55,90.94000244140625,91.0199966430664,90.8499984741211,90.91999816894531,912584
2026-08-09T23:00,90.9000015258789,91.08000183105469,90.81999969482422,91.08000183105469,220160
2026-08-09T23:05,91.05000305175781,91.05999755859375,90.87000274658203,90.87000274658203,0
2026-08-09T23:10,90.87000274658203,90.91000366210938,90.81999969482422,90.81999969482422,0
2026-08-09T23:15,90.77999877929688,90.83000183105469,90.72000122070312,90.80000305175781,0
2026-08-09T23:20,90.76000213623047,90.77999877929688,90.61000061035156,90.73999786376953,64688
2026-08-09T23:25,90.72000122070312,90.72000122070312,90.44999694824219,90.5,90664
2026-08-09T23:30,90.45999908447266,90.45999908447266,90.18000030517578,90.33999633789062,501096
2026-08-09T23:35,90.33999633789062,90.51000213623047,90.27999877929688,90.41000366210938,798032
2026-08-09T23:40,90.41000366210938,90.5199966430664,90.41000366210938,90.45999908447266,0
2026-08-09T23:45,90.45999908447266,90.66000366210938,90.45999908447266,90.66000366210938,103616
2026-08-09T23:50,90.58000183105469,90.58000183105469,90.5,90.51000213623047,177960
2026-08-09T23:55,90.5199966430664,90.58000183105469,90.44000244140625,90.58000183105469,283848
2026-08-10T00:00,90.55000305175781,90.66999816894531,90.37999725341797,90.66999816894531,0
2026-08-10T00:05,90.66000366210938,91.05000305175781,90.66000366210938,91.04000091552734,238040
2026-08-10T00:10,91.06999969482422,91.66999816894531,91.06999969482422,91.4800033569336,434640
2026-08-10T00:15,91.4800033569336,91.4800033569336,91.22000122070312,91.23999786376953,1121928
2026-08-10T00:20,91.23999786376953,91.26000213623047,90.91000366210938,90.93000030517578,434312
2026-08-10T00:25,90.9800033569336,91.08000183105469,90.94999694824219,91.06999969482422,248952
2026-08-10T00:30,91.04000091552734,91.16000366210938,91.01000213623047,91.05000305175781,120128
2026-08-10T00:35,91.08999633789062,91.08999633789062,90.81999969482422,90.81999969482422,263024
2026-08-10T00:40,90.79000091552734,90.94999694824219,90.79000091552734,90.80000305175781,153752
2026-08-10T00:45,90.81999969482422,91.08000183105469,90.80000305175781,91.08000183105469,51536
2026-08-10T00:50,91.11000061035156,91.27999877929688,91.11000061035156,91.23999786376953,88360
2026-08-10T00:55,91.22000122070312,91.30000305175781,91.06999969482422,91.06999969482422,0
2026-08-10T01:00,91.12000274658203,91.33000183105469,91.08999633789062,91.2300033569336,32664
2026-08-10T01:05,91.30000305175781,91.31999969482422,91.12000274658203,91.31999969482422,0
2026-08-10T01:10,91.33000183105469,91.44999694824219,91.33000183105469,91.41999816894531,214848
2026-08-10T01:15,91.45999908447266,91.63999938964844,91.45999908447266,91.5999984741211,191072
2026-08-10T01:20,91.5999984741211,91.5999984741211,91.4800033569336,91.56999969482422,245304
2026-08-10T01:25,91.56999969482422,91.83000183105469,91.56999969482422,91.68000030517578,0
2026-08-10T01:30,91.66000366210938,91.68000030517578,91.47000122070312,91.48999786376953,28472
2026-08-10T01:35,91.51000213623047,91.55000305175781,91.38999938964844,91.54000091552734,28960
2026-08-10T01:40,91.54000091552734,91.5999984741211,91.47000122070312,91.5999984741211,145096
2026-08-10T01:45,91.62000274658203,91.91999816894531,91.58999633789062,91.91999816894531,103104
2026-08-10T01:50,92.11000061035156,92.12000274658203,91.87999725341797,92.01000213623047,1298512
2026-08-10T01:55,91.97000122070312,92.05999755859375,91.9000015258789,92.04000091552734,1110336
2026-08-10T02:00,92.04000091552734,92.04000091552734,91.75,91.9000015258789,452056
2026-08-10T02:05,91.95999908447266,91.95999908447266,91.86000061035156,91.94000244140625,74496
2026-08-10T02:10,91.94000244140625,91.9800033569336,91.88999938964844,91.88999938964844,71544
2026-08-10T02:15,91.91000366210938,91.91000366210938,91.55999755859375,91.55999755859375,0
2026-08-10T02:20,91.55999755859375,91.55999755859375,91.37999725341797,91.44000244140625,0
2026-08-10T02:25,91.41999816894531,91.41999816894531,91.26000213623047,91.30000305175781,0
2026-08-10T02:30,91.30000305175781,91.44000244140625,91.30000305175781,91.30000305175781,0
2026-08-10T02:35,91.30000305175781,91.47000122070312,91.30000305175781,91.47000122070312,10760
2026-08-10T02:40,91.47000122070312,91.76000213623047,91.45999908447266,91.76000213623047,15040
2026-08-10T02:45,91.72000122070312,91.77999877929688,91.68000030517578,91.69999694824219,240096
2026-08-10T02:50,91.69999694824219,91.76000213623047,91.62999725341797,91.62999725341797,0
2026-08-10T02:55,91.62999725341797,91.80000305175781,91.62999725341797,91.77999877929688,0
2026-08-10T03:00,91.81999969482422,91.81999969482422,91.58999633789062,91.58999633789062,0
2026-08-10T03:05,91.55000305175781,91.55999755859375,91.5,91.54000091552734,0
2026-08-10T03:10,91.54000091552734,91.54000091552734,91.12999725341797,91.16999816894531,0
2026-08-10T03:15,91.12000274658203,91.41000366210938,91.06999969482422,91.41000366210938,0
2026-08-10T03:20,91.43000030517578,91.5999984741211,91.36000061035156,91.55999755859375,0
2026-08-10T03:25,91.5999984741211,91.63999938964844,91.37999725341797,91.37999725341797,6976
2026-08-10T03:30,91.36000061035156,91.41999816894531,91.27999877929688,91.41999816894531,0
2026-08-10T03:35,91.44000244140625,91.54000091552734,91.44000244140625,91.54000091552734,29584
2026-08-10T03:40,91.54000091552734,91.63999938964844,91.45999908447266,91.45999908447266,50736
2026-08-10T03:45,91.45999908447266,91.5199966430664,91.45999908447266,91.4800033569336,77360
2026-08-10T03:50,91.4800033569336,91.55999755859375,91.45999908447266,91.45999908447266,0
2026-08-10T03:55,91.45999908447266,91.45999908447266,91.27999877929688,91.33999633789062,61520
2026-08-10T04:00,91.33999633789062,91.5199966430664,91.33999633789062,91.5199966430664,0
2026-08-10T04:05,91.5199966430664,91.62000274658203,91.48999786376953,91.62000274658203,50896
2026-08-10T04:10,91.62000274658203,91.62000274658203,91.5199966430664,91.55999755859375,81496
2026-08-10T04:15,91.55999755859375,91.76000213623047,91.55999755859375,91.7300033569336,0
2026-08-10T04:20,91.68000030517578,91.68000030517578,91.41999816894531,91.41999816894531,0
2026-08-10T04:25,91.41999816894531,91.52999877929688,91.41999816894531,91.5,56496
2026-08-10T04:30,91.48999786376953,91.58000183105469,91.45999908447266,91.5199966430664,0
2026-08-10T04:35,91.5199966430664,91.5999984741211,91.47000122070312,91.5999984741211,0
2026-08-10T04:40,91.55999755859375,91.55999755859375,91.29000091552734,91.5199966430664,0
2026-08-10T04:45,91.54000091552734,91.66999816894531,91.54000091552734,91.66999816894531,12704
2026-08-10T04:50,91.66999816894531,91.66999816894531,91.5199966430664,91.5199966430664,238008
2026-08-10T04:55,91.5199966430664,91.5199966430664,91.38999938964844,91.51000213623047,112688
2026-08-10T05:00,91.51000213623047,91.5999984741211,91.45999908447266,91.5999984741211,0
2026-08-10T05:05,91.5999984741211,91.68000030517578,91.5999984741211,91.68000030517578,0
2026-08-10T05:10,91.68000030517578,91.68000030517578,91.44999694824219,91.44999694824219,0
2026-08-10T05:15,91.5,91.62999725341797,91.5,91.58000183105469,10232
2026-08-10T05:20,91.62000274658203,91.86000061035156,91.62000274658203,91.86000061035156,0
2026-08-10T05:25,91.9000015258789,91.98999786376953,91.88999938964844,91.94000244140625,507200
2026-08-10T05:30,91.94000244140625,91.9800033569336,91.9000015258789,91.91999816894531,0
2026-08-10T05:35,91.9000015258789,91.94000244140625,91.80999755859375,91.80999755859375,0
2026-08-10T05:40,91.77999877929688,91.81999969482422,91.73999786376953,91.81999969482422,0
2026-08-10T05:45,91.81999969482422,91.81999969482422,91.76000213623047,91.80000305175781,52792
2026-08-10T05:50,91.80999755859375,91.9800033569336,91.75,91.9800033569336,59824
2026-08-10T05:55,92.0199966430664,92.0199966430664,91.8499984741211,91.8499984741211,0
2026-08-10T06:00,91.83999633789062,91.94000244140625,91.81999969482422,91.94000244140625,0
2026-08-10T06:05,91.94000244140625,92.0199966430664,91.91999816894531,91.91999816894531,0
2026-08-10T06:10,91.91999816894531,91.91999816894531,91.79000091552734,91.80000305175781,6992
2026-08-10T06:15,91.80000305175781,91.95999908447266,91.80000305175781,91.95999908447266,0
2026-08-10T06:20,91.95999908447266,91.95999908447266,91.70999908447266,91.80000305175781,0
2026-08-10T06:25,91.80000305175781,91.80000305175781,91.73999786376953,91.7699966430664,0
2026-08-10T06:30,91.7699966430664,91.80000305175781,91.73999786376953,91.73999786376953,0
2026-08-10T06:35,91.73999786376953,91.77999877929688,91.73999786376953,91.76000213623047,0
2026-08-10T06:40,91.73999786376953,91.94000244140625,91.66000366210938,91.94000244140625,0
2026-08-10T06:45,91.95999908447266,92.05999755859375,91.93000030517578,92.05000305175781,0
2026-08-10T06:50,92.06999969482422,92.36000061035156,92.01000213623047,92.22000122070312,174816
2026-08-10T06:55,92.22000122070312,92.69000244140625,92.22000122070312,92.69000244140625,571640
2026-08-10T07:00,92.75,92.77999877929688,92.43000030517578,92.43000030517578,0
2026-08-10T07:05,92.5,92.61000061035156,92.48999786376953,92.58000183105469,1245024
2026-08-10T07:10,92.48999786376953,92.62000274658203,92.4800033569336,92.52999877929688,242688
2026-08-10T07:15,92.4800033569336,92.76000213623047,92.38999938964844,92.76000213623047,0
2026-08-10T07:20,92.76000213623047,92.80000305175781,92.58000183105469,92.58000183105469,0
2026-08-10T07:25,92.55999755859375,92.55999755859375,92.44000244140625,92.45999908447266,0
2026-08-10T07:30,92.5,92.5,92.44000244140625,92.44000244140625,18776
2026-08-10T07:35,92.44000244140625,92.58000183105469,92.36000061035156,92.36000061035156,0
2026-08-10T07:40,92.36000061035156,92.45999908447266,92.36000061035156,92.36000061035156,0
2026-08-10T07:45,92.33999633789062,92.44000244140625,92.2699966430664,92.29000091552734,0
2026-08-10T07:50,92.29000091552734,92.33999633789062,92.16000366210938,92.16000366210938,13344
2026-08-10T07:55,92.16000366210938,92.18000030517578,92.08000183105469,92.13999938964844,58056
2026-08-10T08:00,92.13999938964844,92.2699966430664,92.12999725341797,92.12999725341797,0
2026-08-10T08:05,92.12999725341797,92.16000366210938,92.08000183105469,92.08000183105469,2496
2026-08-10T08:10,92.06999969482422,92.19000244140625,92.06999969482422,92.13999938964844,0
2026-08-10T08:15,92.1500015258789,92.31999969482422,92.08000183105469,92.30000305175781,0
2026-08-10T08:20,92.27999877929688,92.27999877929688,92.22000122070312,92.23999786376953,31376
2026-08-10T08:25,92.23999786376953,92.27999877929688,92.16000366210938,92.16000366210938,0
2026-08-10T08:30,92.12000274658203,92.27999877929688,92.12000274658203,92.19999694824219,0
2026-08-10T08:35,92.19999694824219,92.23999786376953,92.16000366210938,92.16000366210938,0
2026-08-10T08:40,92.13999938964844,92.13999938964844,91.8499984741211,92.0199966430664,198248
2026-08-10T08:45,92.0199966430664,92.16000366210938,91.91999816894531,92.12999725341797,0
2026-08-10T08:50,92.08999633789062,92.0999984741211,92.0,92.05000305175781,92928
2026-08-10T08:55,92.05000305175781,92.0999984741211,92.0199966430664,92.0199966430664,264496
2026-08-10T09:00,92.0,92.05999755859375,91.9800033569336,92.0199966430664,38208
2026-08-10T09:05,92.0199966430664,92.0199966430664,91.8499984741211,91.87999725341797,0
2026-08-10T09:10,91.87999725341797,91.87999725341797,91.80000305175781,91.83000183105469,117520
2026-08-10T09:15,91.75,91.83999633789062,91.72000122070312,91.77999877929688,26152
2026-08-10T09:20,91.73999786376953,91.73999786376953,91.68000030517578,91.68000030517578,76448
2026-08-10T09:25,91.66000366210938,91.66000366210938,91.5999984741211,91.5999984741211,0
2026-08-10T09:30,91.54000091552734,91.54000091552734,91.4000015258789,91.44000244140625,0
2026-08-10T09:35,91.44000244140625,91.44000244140625,91.36000061035156,91.36000061035156,133320
2026-08-10T09:40,91.36000061035156,91.36000061035156,91.31999969482422,91.31999969482422,143544
2026-08-10T09:45,91.36000061035156,91.37999725341797,91.22000122070312,91.31999969482422,109112
2026-08-10T09:50,91.33999633789062,91.33999633789062,91.27999877929688,91.27999877929688,0
2026-08-10T09:55,91.27999877929688,91.33999633789062,91.13999938964844,91.13999938964844,0
2026-08-10T10:00,91.13999938964844,91.26000213623047,91.12000274658203,91.26000213623047,10232
2026-08-10T10:05,91.26000213623047,91.26000213623047,91.18000030517578,91.19000244140625,0
2026-08-10T10:10,91.19000244140625,91.22000122070312,91.19000244140625,91.22000122070312,0
2026-08-10T10:15,91.19999694824219,91.23999786376953,91.19999694824219,91.23999786376953,0
2026-08-10T10:20,91.23999786376953,91.4000015258789,91.23999786376953,91.33000183105469,0
2026-08-10T10:25,91.33000183105469,91.3499984741211,91.25,91.25,0
2026-08-10T10:30,91.25,91.25,91.23999786376953,91.23999786376953,0
2026-08-10T10:35,91.23999786376953,91.23999786376953,91.16999816894531,91.22000122070312,0
2026-08-10T10:40,91.22000122070312,91.22000122070312,91.18000030517578,91.18000030517578,0
2026-08-10T10:45,91.22000122070312,91.27999877929688,91.22000122070312,91.27999877929688,0
2026-08-10T10:50,91.27999877929688,91.27999877929688,91.23999786376953,91.23999786376953,0
2026-08-10T10:55,91.22000122070312,91.22000122070312,91.19999694824219,91.20999908447266,42480
2026-08-10T11:00,91.20999908447266,91.20999908447266,91.13999938964844,91.13999938964844,0
2026-08-10T11:05,91.12000274658203,91.16999816894531,91.0999984741211,91.16999816894531,311624
2026-08-10T11:10,91.16999816894531,91.18000030517578,91.05999755859375,91.0999984741211,160624
2026-08-10T11:15,91.13999938964844,91.25,91.13999938964844,91.25,105584
2026-08-10T11:20,91.25,91.33999633789062,91.22000122070312,91.22000122070312,79352
2026-08-10T11:25,91.22000122070312,91.30000305175781,91.22000122070312,91.30000305175781,23048
2026-08-10T11:30,91.30000305175781,91.31999969482422,91.30000305175781,91.31999969482422,0
2026-08-10T11:35,91.31999969482422,91.43000030517578,91.31999969482422,91.43000030517578,55448
2026-08-10T11:40,91.44000244140625,91.51000213623047,91.38999938964844,91.45999908447266,7032
2026-08-10T11:45,91.45999908447266,91.5199966430664,91.45999908447266,91.4800033569336,0
2026-08-10T11:50,91.4800033569336,91.5199966430664,91.45999908447266,91.5199966430664,0
2026-08-10T11:55,91.5199966430664,91.5999984741211,91.5,91.5,0
2026-08-10T12:00,91.5,91.66000366210938,91.48999786376953,91.58999633789062,0
2026-08-10T12:05,91.58000183105469,91.5999984741211,91.54000091552734,91.5999984741211,51352
2026-08-10T12:10,91.63999938964844,91.63999938964844,91.58000183105469,91.61000061035156,37448
2026-08-10T12:15,91.61000061035156,91.61000061035156,91.5,91.54000091552734,0
2026-08-10T12:20,91.54000091552734,91.55000305175781,91.4800033569336,91.5199966430664,56744
2026-08-10T12:25,91.55000305175781,91.55000305175781,91.36000061035156,91.4000015258789,57080
2026-08-10T12:30,91.31999969482422,91.4000015258789,91.30000305175781,91.33999633789062,0
2026-08-10T12:35,91.31999969482422,91.37999725341797,91.31999969482422,91.37999725341797,136776
2026-08-10T12:40,91.33999633789062,91.63999938964844,91.31999969482422,91.63999938964844,26144
2026-08-10T12:45,91.63999938964844,91.63999938964844,91.22000122070312,91.22000122070312,358480
2026-08-10T12:50,91.22000122070312,91.26000213623047,91.13999938964844,91.26000213623047,140144
2026-08-10T12:55,91.2699966430664,91.2699966430664,91.12999725341797,91.12999725341797,380592
2026-08-10T13:00,91.12000274658203,91.30999755859375,91.12000274658203,91.19999694824219,92016
2026-08-10T13:05,91.19999694824219,91.36000061035156,91.19999694824219,91.33000183105469,323368
2026-08-10T13:10,91.33000183105469,91.38999938964844,91.30999755859375,91.38999938964844,132696
2026-08-10T13:15,91.31999969482422,91.41999816894531,91.31999969482422,91.41999816894531,241992
2026-08-10T13:20,91.41999816894531,91.4800033569336,91.38999938964844,91.41999816894531,0
2026-08-10T13:25,91.4000015258789,91.41999816894531,91.31999969482422,91.4000015258789,0
2026-08-10T13:30,91.4000015258789,91.4800033569336,91.12000274658203,91.12000274658203,17936
2026-08-10T13:35,91.18000030517578,91.4000015258789,91.02999877929688,91.05999755859375,0
2026-08-10T13:40,91.13999938964844,91.19000244140625,91.0199966430664,91.16999816894531,399976
2026-08-10T13:45,91.19999694824219,91.29000091552734,91.0999984741211,91.22000122070312,868136
2026-08-10T13:50,91.23999786376953,91.2699966430664,90.80000305175781,90.91999816894531,1746904
2026-08-10T13:55,90.91999816894531,90.9800033569336,90.7699966430664,90.9800033569336,685264
2026-08-10T14:00,90.9800033569336,91.18000030517578,90.91999816894531,91.13999938964844,0
2026-08-10T14:05,91.0999984741211,91.22000122070312,91.05999755859375,91.16000366210938,0
2026-08-10T14:10,91.16000366210938,91.23999786376953,91.05999755859375,91.23999786376953,53088
2026-08-10T14:15,91.23999786376953,91.27999877929688,91.08000183105469,91.12000274658203,318176
2026-08-10T14:20,91.08000183105469,91.08000183105469,90.95999908447266,90.95999908447266,0
2026-08-10T14:25,90.95999908447266,91.05999755859375,90.94000244140625,90.9800033569336,0
2026-08-10T14:30,90.9800033569336,91.0,90.86000061035156,90.87999725341797,0
2026-08-10T14:35,90.87000274658203,90.95999908447266,90.8499984741211,90.8499984741211,0
2026-08-10T14:40,90.83999633789062,91.0,90.83999633789062,90.87999725341797,0
2026-08-10T14:45,90.87999725341797,90.87999725341797,90.73999786376953,90.75,0
2026-08-10T14:50,90.75,90.75,90.55999755859375,90.5999984741211,0
2026-08-10T14:55,90.55999755859375,90.55999755859375,90.2699966430664,90.36000061035156,257032
2026-08-10T15:00,90.36000061035156,90.4800033569336,90.12000274658203,90.43000030517578,0
2026-08-10T15:05,90.43000030517578,90.47000122070312,90.38999938964844,90.38999938964844,132096
2026-08-10T15:10,90.37000274658203,90.37000274658203,89.77999877929688,89.86000061035156,278112
2026-08-10T15:15,89.97000122070312,90.16999816894531,89.97000122070312,90.05999755859375,1562744
2026-08-10T15:20,90.08000183105469,90.12000274658203,89.9000015258789,89.94000244140625,937600
2026-08-10T15:25,89.95999908447266,89.9800033569336,89.66999816894531,89.9800033569336,213480
2026-08-10T15:30,89.9800033569336,89.9800033569336,89.7300033569336,89.77999877929688,410928
2026-08-10T15:35,89.72000122070312,89.80000305175781,89.48999786376953,89.80000305175781,442728
2026-08-10T15:40,89.73999786376953,90.0999984741211,89.72000122070312,90.08000183105469,478560
2026-08-10T15:45,89.9800033569336,90.0199966430664,89.87999725341797,89.87999725341797,591664
2026-08-10T15:50,89.87999725341797,90.04000091552734,89.77999877929688,89.8499984741211,403776
2026-08-10T15:55,89.86000061035156,90.0199966430664,89.8499984741211,90.0199966430664,84240
2026-08-10T16:00,89.87999725341797,90.0,89.80999755859375,89.95999908447266,185600
2026-08-10T16:05,89.95999908447266,89.95999908447266,89.83000183105469,89.87000274658203,1328
2026-08-10T16:10,89.87000274658203,89.91999816894531,89.87000274658203,89.91999816894531,0
2026-08-10T16:15,89.91999816894531,90.04000091552734,89.86000061035156,89.94000244140625,0
2026-08-10T16:20,90.02999877929688,90.04000091552734,89.7300033569336,90.0199966430664,0
2026-08-10T16:25,90.0,90.0,89.72000122070312,89.72000122070312,74720
2026-08-10T16:30,89.73999786376953,89.77999877929688,89.55999755859375,89.55999755859375,0
2026-08-10T16:35,89.58000183105469,89.91999816894531,89.58000183105469,89.87000274658203,0
2026-08-10T16:40,89.87000274658203,89.87000274658203,89.5,89.5,118752
2026-08-10T16:45,89.5,89.51000213623047,89.36000061035156,89.36000061035156,392912
2026-08-10T16:50,89.33000183105469,89.37999725341797,89.20999908447266,89.20999908447266,327280
2026-08-10T16:55,89.22000122070312,89.22000122070312,89.04000091552734,89.16000366210938,71312
2026-08-10T17:00,89.11000061035156,89.16999816894531,88.9000015258789,89.0199966430664,571952
2026-08-10T17:05,89.01000213623047,89.23999786376953,89.0,89.19999694824219,662000
2026-08-10T17:10,89.25,89.4800033569336,89.25,89.4000015258789,165680
2026-08-10T17:15,89.37999725341797,89.43000030517578,89.30000305175781,89.30999755859375,810928
2026-08-10T17:20,89.30999755859375,89.55000305175781,89.30999755859375,89.51000213623047,254912
2026-08-10T17:25,89.55999755859375,89.63999938964844,89.55999755859375,89.62000274658203,360976
2026-08-10T17:30,89.62000274658203,89.81999969482422,89.62000274658203,89.81999969482422,146704
2026-08-10T17:35,89.77999877929688,89.83000183105469,89.72000122070312,89.7699966430664,69200
2026-08-10T17:40,89.7699966430664,89.87000274658203,89.72000122070312,89.72000122070312,56688
2026-08-10T17:45,89.66000366210938,89.7300033569336,89.55000305175781,89.56999969482422,0
2026-08-10T17:50,89.5999984741211,89.66000366210938,89.5999984741211,89.66000366210938,0
2026-08-10T17:55,89.66000366210938,89.66000366210938,89.58999633789062,89.61000061035156,15792
2026-08-10T18:00,89.63999938964844,89.73999786376953,89.63999938964844,89.63999938964844,69424
2026-08-10T18:05,89.63999938964844,89.6500015258789,89.51000213623047,89.54000091552734,0
2026-08-10T18:10,89.5199966430664,89.62000274658203,89.5,89.5,77216
2026-08-10T18:15,89.48999786376953,89.5999984741211,89.48999786376953,89.5999984741211,116448
2026-08-10T18:20,89.5999984741211,89.5999984741211,89.5199966430664,89.5999984741211,53856
2026-08-10T18:25,89.61000061035156,89.66000366210938,89.56999969482422,89.58000183105469,82704
2026-08-10T18:30,89.58000183105469,89.58000183105469,89.48999786376953,89.55000305175781,15744
2026-08-10T18:35,89.47000122070312,89.54000091552734,89.4000015258789,89.54000091552734,0
2026-08-10T18:40,89.54000091552734,89.5999984741211,89.54000091552734,89.5999984741211,160352
2026-08-10T18:45,89.5999984741211,89.66000366210938,89.45999908447266,89.66000366210938,321472
2026-08-10T18:50,89.63999938964844,89.63999938964844,89.54000091552734,89.55999755859375,170256
2026-08-10T18:55,89.55999755859375,89.69999694824219,89.55999755859375,89.63999938964844,84160
2026-08-10T19:00,89.62000274658203,89.69999694824219,89.5999984741211,89.62999725341797,8448
2026-08-10T19:05,89.62999725341797,89.66000366210938,89.5999984741211,89.66000366210938,41168
2026-08-10T19:10,89.66000366210938,89.69999694824219,89.66000366210938,89.68000030517578,0
2026-08-10T19:15,89.68000030517578,89.75,89.66000366210938,89.66000366210938,0
2026-08-10T19:20,89.68000030517578,89.76000213623047,89.68000030517578,89.75,0
2026-08-10T19:25,89.75,89.75,89.69999694824219,89.73999786376953,32112
2026-08-10T19:30,89.73999786376953,89.9800033569336,89.73999786376953,89.87999725341797,366288
2026-08-10T19:35,89.83999633789062,89.83999633789062,89.72000122070312,89.7699966430664,152832
2026-08-10T19:40,89.7699966430664,89.93000030517578,89.7699966430664,89.86000061035156,193488
2026-08-10T19:45,89.9000015258789,89.9000015258789,89.81999969482422,89.81999969482422,210496
2026-08-10T19:50,89.83999633789062,89.86000061035156,89.7300033569336,89.7300033569336,63536
2026-08-10T19:55,89.72000122070312,89.7300033569336,89.62000274658203,89.7300033569336,0
2026-08-10T20:00,89.68000030517578,89.7300033569336,89.63999938964844,89.7300033569336,209920
2026-08-10T20:05,89.7699966430664,89.7699966430664,89.76000213623047,89.76000213623047,0
2026-08-10T20:10,89.76000213623047,89.83999633789062,89.76000213623047,89.80000305175781,3472
2026-08-10T20:15,89.7699966430664,89.87000274658203,89.7699966430664,89.87000274658203,0
2026-08-10T20:20,89.87000274658203,89.87000274658203,89.80999755859375,89.86000061035156,0
2026-08-10T20:25,89.86000061035156,89.86000061035156,89.7699966430664,89.81999969482422,40688
2026-08-10T20:30,89.81999969482422,89.81999969482422,89.7699966430664,89.7699966430664,0
2026-08-10T20:35,89.76000213623047,89.76000213623047,89.61000061035156,89.61000061035156,80880
2026-08-10T20:40,89.61000061035156,89.77999877929688,89.61000061035156,89.76000213623047,36048
2026-08-10T20:45,89.76000213623047,89.76000213623047,89.6500015258789,89.66999816894531,30592
2026-08-10T20:50,89.69999694824219,89.77999877929688,89.69999694824219,89.73999786376953,0
2026-08-10T20:55,89.72000122070312,89.72000122070312,89.68000030517578,89.72000122070312,0
2026-08-10T21:00,89.58999633789062,89.62999725341797,89.55999755859375,89.55999755859375,0
2026-08-10T21:05,89.55999755859375,89.62999725341797,89.5199966430664,89.62999725341797,164480
2026-08-10T21:10,89.62999725341797,89.62999725341797,89.4000015258789,89.41999816894531,0
2026-08-10T21:15,89.41999816894531,89.44000244140625,89.4000015258789,89.4000015258789,0
2026-08-10T21:20,89.37999725341797,89.4000015258789,89.30999755859375,89.33000183105469,25536
2026-08-10T21:25,89.33000183105469,89.4800033569336,89.30000305175781,89.4800033569336,78416
2026-08-10T21:30,89.4800033569336,89.5999984741211,89.4800033569336,89.5999984741211,125856
2026-08-10T21:35,89.5999984741211,89.5999984741211,89.5,89.5,101024
2026-08-10T21:40,89.5,89.5,89.38999938964844,89.4000015258789,0
2026-08-10T21:45,89.4000015258789,89.43000030517578,89.4000015258789,89.43000030517578,272
2026-08-10T21:50,89.43000030517578,89.44000244140625,89.37999725341797,89.37999725341797,0
2026-08-10T21:55,89.37999725341797,89.41000366210938,89.27999877929688,89.27999877929688,0
2026-08-10T22:00,89.26000213623047,89.26000213623047,89.0999984741211,89.0999984741211,0
2026-08-10T22:05,89.08000183105469,89.43000030517578,89.02999877929688,89.43000030517578,0
2026-08-10T22:10,89.43000030517578,89.5,89.33999633789062,89.5,0
2026-08-10T22:15,89.5,89.5199966430664,89.45999908447266,89.45999908447266,0
2026-08-10T22:20,89.45999908447266,89.45999908447266,89.31999969482422,89.31999969482422,0
2026-08-10T22:25,89.31999969482422,89.4000015258789,89.31999969482422,89.4000015258789,0
2026-08-10T22:30,89.4000015258789,89.4000015258789,89.18000030517578,89.18000030517578,0
2026-08-10T22:35,89.19999694824219,89.31999969482422,89.19000244140625,89.19999694824219,0
2026-08-10T22:40,89.19999694824219,89.25,89.12999725341797,89.13999938964844,0
2026-08-10T22:45,89.13999938964844,89.2699966430664,89.13999938964844,89.25,0
2026-08-10T22:50,89.25,89.25,89.19999694824219,89.20999908447266,0
2026-08-10T22:55,89.20999908447266,89.25,89.20999908447266,89.25,0
2026-08-10T23:00,89.25,89.25,89.13999938964844,89.13999938964844,0
2026-08-10T23:05,89.06999969482422,89.20999908447266,89.06999969482422,89.20999908447266,0
2026-08-10T23:10,89.20999908447266,89.2300033569336,89.16000366210938,89.16999816894531,32192
2026-08-10T23:15,89.1500015258789,89.1500015258789,89.0199966430664,89.0199966430664,9120
2026-08-10T23:20,89.02999877929688,89.02999877929688,88.88999938964844,88.98999786376953,23936
2026-08-10T23:25,88.98999786376953,89.05000305175781,88.94000244140625,89.05000305175781,575440
2026-08-10T23:30,89.05000305175781,89.05000305175781,88.94999694824219,88.94999694824219,58368
2026-08-10T23:35,88.94000244140625,89.06999969482422,88.94000244140625,89.02999877929688,0
2026-08-10T23:40,89.01000213623047,89.12999725341797,89.01000213623047,89.12000274658203,0
2026-08-10T23:45,89.08000183105469,89.13999938964844,89.0199966430664,89.0199966430664,0
2026-08-10T23:50,89.05999755859375,89.13999938964844,89.05999755859375,89.11000061035156,0
2026-08-10T23:55,89.11000061035156,89.22000122070312,89.11000061035156,89.22000122070312,0
2026-08-11T00:00,89.19999694824219,89.19999694824219,89.02999877929688,89.08999633789062,0
2026-08-11T00:05,89.08999633789062,89.12000274658203,89.0,89.12000274658203,0
2026-08-11T00:10,89.08000183105469,89.16000366210938,89.0199966430664,89.1500015258789,0
2026-08-11T00:15,89.1500015258789,89.1500015258789,89.05999755859375,89.05999755859375,0
2026-08-11T00:20,89.08000183105469,89.16000366210938,89.06999969482422,89.08000183105469,0
2026-08-11T00:25,89.0999984741211,89.18000030517578,89.0999984741211,89.18000030517578,0
2026-08-11T00:30,89.26000213623047,89.26000213623047,89.12999725341797,89.16000366210938,0
2026-08-11T00:35,89.13999938964844,89.2300033569336,89.12000274658203,89.12999725341797,627856
2026-08-11T00:40,89.12999725341797,89.30000305175781,89.12999725341797,89.29000091552734,144280
2026-08-11T00:45,89.27999877929688,89.27999877929688,89.18000030517578,89.18000030517578,21136
2026-08-11T00:50,89.18000030517578,89.25,89.18000030517578,89.25,11784
2026-08-11T00:55,89.25,89.25,89.13999938964844,89.13999938964844,26440
2026-08-11T01:00,89.12000274658203,89.12000274658203,88.73999786376953,88.93000030517578,0
2026-08-11T01:05,88.93000030517578,88.93000030517578,88.83999633789062,88.87999725341797,641504
2026-08-11T01:10,88.91999816894531,89.05999755859375,88.91999816894531,89.05999755859375,0
2026-08-11T01:15,89.05999755859375,89.12999725341797,89.01000213623047,89.01000213623047,0
2026-08-11T01:20,89.01000213623047,89.18000030517578,89.01000213623047,89.18000030517578,0
2026-08-11T01:25,89.18000030517578,89.31999969482422,89.11000061035156,89.30000305175781,78800
2026-08-11T01:30,89.27999877929688,89.27999877929688,89.19999694824219,89.2300033569336,0
2026-08-11T01:35,89.16999816894531,89.25,89.16999816894531,89.16999816894531,0
2026-08-11T01:40,89.16999816894531,89.20999908447266,89.08000183105469,89.1500015258789,0
2026-08-11T01:45,89.1500015258789,89.26000213623047,89.12999725341797,89.25,9416
2026-08-11T01:50,89.25,89.4000015258789,89.25,89.36000061035156,0
2026-08-11T01:55,89.37999725341797,89.37999725341797,89.30999755859375,89.30999755859375,0
2026-08-11T02:00,89.33999633789062,89.5199966430664,89.33999633789062,89.41000366210938,0
2026-08-11T02:05,89.41000366210938,89.41000366210938,89.26000213623047,89.26000213623047,0
2026-08-11T02:10,89.26000213623047,89.29000091552734,89.23999786376953,89.23999786376953,0
2026-08-11T02:15,89.22000122070312,89.26000213623047,89.22000122070312,89.2300033569336,92536
2026-08-11T02:20,89.22000122070312,89.23999786376953,89.12999725341797,89.16999816894531,92672
2026-08-11T02:25,89.16999816894531,89.20999908447266,89.12999725341797,89.19999694824219,0
2026-08-11T02:30,89.19999694824219,89.19999694824219,89.12000274658203,89.12000274658203,0
2026-08-11T02:35,89.12000274658203,89.12000274658203,89.02999877929688,89.05999755859375,0
2026-08-11T02:40,89.05999755859375,89.19999694824219,89.05999755859375,89.19999694824219,2080
2026-08-11T02:45,89.19999694824219,89.2300033569336,89.19999694824219,89.19999694824219,13080
2026-08-11T02:50,89.16000366210938,89.16000366210938,89.11000061035156,89.11000061035156,132640
2026-08-11T02:55,89.13999938964844,89.13999938964844,89.06999969482422,89.0999984741211,64408
2026-08-11T03:00,89.0999984741211,89.22000122070312,89.0999984741211,89.22000122070312,0
2026-08-11T03:05,89.23999786376953,89.29000091552734,89.23999786376953,89.29000091552734,0
2026-08-11T03:10,89.23999786376953,89.23999786376953,89.16000366210938,89.19000244140625,0
2026-08-11T03:15,89.19000244140625,89.2699966430664,89.13999938964844,89.23999786376953,0
2026-08-11T03:20,89.22000122070312,89.22000122070312,89.19999694824219,89.22000122070312,66608
2026-08-11T03:25,89.22000122070312,89.27999877929688,89.22000122070312,89.23999786376953,170704
2026-08-11T03:30,89.22000122070312,89.22000122070312,89.12000274658203,89.12999725341797,0
2026-08-11T03:35,89.12000274658203,89.19000244140625,89.12000274658203,89.18000030517578,0
2026-08-11T03:40,89.16999816894531,89.16999816894531,89.08000183105469,89.08999633789062,0
2026-08-11T03:45,89.12000274658203,89.13999938964844,89.0999984741211,89.0999984741211,0
2026-08-11T03:50,89.0999984741211,89.0999984741211,88.95999908447266,88.95999908447266,113448
2026-08-11T03:55,88.95999908447266,89.04000091552734,88.95999908447266,89.0199966430664,561248
2026-08-11T04:00,89.0199966430664,89.08999633789062,89.01000213623047,89.08000183105469,193632
2026-08-11T04:05,89.08999633789062,89.18000030517578,89.08999633789062,89.11000061035156,0
2026-08-11T04:10,89.11000061035156,89.16000366210938,89.08999633789062,89.16000366210938,8656
2026-08-11T04:15,89.16000366210938,89.16000366210938,89.08999633789062,89.13999938964844,0
2026-08-11T04:20,89.13999938964844,89.1500015258789,89.0999984741211,89.12999725341797,0
2026-08-11T04:25,89.12999725341797,89.12999725341797,89.04000091552734,89.04000091552734,66768
2026-08-11T04:30,89.04000091552734,89.05999755859375,89.01000213623047,89.05000305175781,0
2026-08-11T04:35,89.05000305175781,89.08000183105469,89.01000213623047,89.0199966430664,0
2026-08-11T04:40,89.01000213623047,89.01000213623047,88.94000244140625,88.94000244140625,103872
2026-08-11T04:45,88.94000244140625,89.0,88.91999816894531,89.0,0
2026-08-11T04:50,88.98999786376953,88.98999786376953,88.87999725341797,88.87999725341797,0
2026-08-11T04:55,88.87999725341797,88.94000244140625,88.87999725341797,88.87999725341797,0
2026-08-11T05:00,88.86000061035156,88.95999908447266,88.86000061035156,88.95999908447266,0
2026-08-11T05:05,88.94000244140625,88.94999694824219,88.91999816894531,88.93000030517578,0
2026-08-11T05:10,88.93000030517578,88.94000244140625,88.93000030517578,88.94000244140625,0
2026-08-11T05:15,88.94000244140625,88.94999694824219,88.83999633789062,88.83999633789062,0
2026-08-11T05:20,88.83999633789062,88.83999633789062,88.47000122070312,88.54000091552734,1133384
2026-08-11T05:25,88.52999877929688,88.55000305175781,88.4800033569336,88.52999877929688,829088
2026-08-11T05:30,88.54000091552734,88.66999816894531,88.44000244140625,88.66999816894531,62592
2026-08-11T05:35,88.66999816894531,88.81999969482422,88.66999816894531,88.75,207032
2026-08-11T05:40,88.75,88.77999877929688,88.70999908447266,88.75,105496
2026-08-11T05:45,88.75,88.75,88.70999908447266,88.73999786376953,0
2026-08-11T05:50,88.75,88.7699966430664,88.70999908447266,88.70999908447266,0
2026-08-11T05:55,88.70999908447266,88.70999908447266,88.62000274658203,88.62000274658203,54912
2026-08-11T06:00,88.62000274658203,88.6500015258789,88.55999755859375,88.61000061035156,0
2026-08-11T06:05,88.61000061035156,88.8499984741211,88.58999633789062,88.8499984741211,0
2026-08-11T06:10,88.87999725341797,88.88999938964844,88.87999725341797,88.88999938964844,35528
2026-08-11T06:15,88.88999938964844,88.94000244140625,88.87999725341797,88.88999938964844,0
2026-08-11T06:20,88.87000274658203,88.88999938964844,88.8499984741211,88.87000274658203,0
2026-08-11T06:25,88.81999969482422,88.83999633789062,88.77999877929688,88.77999877929688,0
2026-08-11T06:30,88.79000091552734,88.79000091552734,88.72000122070312,88.76000213623047,0
2026-08-11T06:35,88.7699966430664,88.83000183105469,88.73999786376953,88.83000183105469,27216
2026-08-11T06:40,88.83000183105469,88.83000183105469,88.66999816894531,88.66999816894531,113680
2026-08-11T06:45,88.6500015258789,88.68000030517578,88.56999969482422,88.63999938964844,93680
2026-08-11T06:50,88.63999938964844,88.63999938964844,88.36000061035156,88.36000061035156,65776
2026-08-11T06:55,88.4000015258789,88.54000091552734,88.4000015258789,88.54000091552734,0
2026-08-11T07:00,88.55999755859375,88.5999984741211,88.45999908447266,88.4800033569336,0
2026-08-11T07:05,88.5,88.51000213623047,88.41999816894531,88.44000244140625,0
2026-08-11T07:10,88.44000244140625,88.44000244140625,88.36000061035156,88.37000274658203,0
2026-08-11T07:15,88.27999877929688,88.36000061035156,88.19999694824219,88.33999633789062,0
2026-08-11T07:20,88.33999633789062,88.33999633789062,88.23999786376953,88.31999969482422,215440
2026-08-11T07:25,88.31999969482422,88.36000061035156,88.31999969482422,88.33999633789062,128128
2026-08-11T07:30,88.33999633789062,88.55999755859375,88.33999633789062,88.55999755859375,246464
2026-08-11T07:35,88.55999755859375,88.66000366210938,88.55999755859375,88.66000366210938,304232
2026-08-11T07:40,88.66000366210938,88.69000244140625,88.58000183105469,88.69000244140625,266496
2026-08-11T07:45,88.70999908447266,88.80000305175781,88.70999908447266,88.7699966430664,0
2026-08-11T07:50,88.7699966430664,88.86000061035156,88.68000030517578,88.68000030517578,84984
2026-08-11T07:55,88.66000366210938,88.66000366210938,88.56999969482422,88.63999938964844,23800
2026-08-11T08:00,88.66000366210938,88.73999786376953,88.6500015258789,88.66000366210938,0
2026-08-11T08:05,88.66000366210938,88.69999694824219,88.54000091552734,88.54000091552734,0
2026-08-11T08:10,88.54000091552734,88.56999969482422,88.4800033569336,88.4800033569336,0
2026-08-11T08:15,88.4800033569336,88.56999969482422,88.4800033569336,88.51000213623047,0
2026-08-11T08:20,88.51000213623047,88.5999984741211,88.51000213623047,88.5999984741211,0
2026-08-11T08:25,88.5999984741211,88.68000030517578,88.5999984741211,88.68000030517578,8240
2026-08-11T08:30,88.68000030517578,88.68000030517578,88.5199966430664,88.5199966430664,0
2026-08-11T08:35,88.5199966430664,88.58000183105469,88.5199966430664,88.58000183105469,0
2026-08-11T08:40,88.58999633789062,88.69999694824219,88.55000305175781,88.69999694824219,200080
2026-08-11T08:45,88.69999694824219,88.75,88.68000030517578,88.69999694824219,191896
2026-08-11T08:50,88.68000030517578,88.77999877929688,88.68000030517578,88.77999877929688,0
2026-08-11T08:55,88.77999877929688,88.77999877929688,88.69999694824219,88.75,0
2026-08-11T09:00,88.75,88.75,88.66000366210938,88.72000122070312,0
2026-08-11T09:05,88.72000122070312,88.73999786376953,88.68000030517578,88.68000030517578,22152
2026-08-11T09:10,88.66999816894531,88.76000213623047,88.66999816894531,88.69000244140625,0
2026-08-11T09:15,88.69000244140625,88.76000213623047,88.66000366210938,88.76000213623047,104712
2026-08-11T09:20,88.76000213623047,88.94000244140625,88.73999786376953,88.94000244140625,166712
2026-08-11T09:25,88.94999694824219,89.05000305175781,88.94000244140625,88.94000244140625,249952
2026-08-11T09:30,88.94000244140625,88.9800033569336,88.94000244140625,88.95999908447266,45672
2026-08-11T09:35,88.95999908447266,88.95999908447266,88.9000015258789,88.9000015258789,0
2026-08-11T09:40,88.9000015258789,89.04000091552734,88.9000015258789,89.04000091552734,0
2026-08-11T09:45,89.05999755859375,89.0999984741211,89.0,89.0,8704
2026-08-11T09:50,89.0,89.12999725341797,89.0,89.08000183105469,0
2026-08-11T09:55,89.04000091552734,89.06999969482422,89.0199966430664,89.06999969482422,0
2026-08-11T10:00,89.05999755859375,89.12000274658203,88.94999694824219,89.12000274658203,0
2026-08-11T10:05,89.12000274658203,89.13999938964844,88.9800033569336,88.9800033569336,0
2026-08-11T10:10,88.98999786376953,88.98999786376953,88.9000015258789,88.9000015258789,0
2026-08-11T10:15,88.88999938964844,88.88999938964844,88.81999969482422,88.83999633789062,0
2026-08-11T10:20,88.83999633789062,88.83999633789062,88.73999786376953,88.79000091552734,95144
2026-08-11T10:25,88.79000091552734,89.0,88.79000091552734,89.0,100288
2026-08-11T10:30,89.0,89.05999755859375,89.0,89.05000305175781,3224
2026-08-11T10:35,89.05000305175781,89.05000305175781,88.9800033569336,89.05000305175781,77392
2026-08-11T10:40,89.05000305175781,89.05000305175781,88.9800033569336,89.0,0
2026-08-11T10:45,89.0,89.0999984741211,89.0,89.01000213623047,68336
2026-08-11T10:50,89.01000213623047,89.05000305175781,88.91999816894531,88.91999816894531,126008
2026-08-11T10:55,88.91999816894531,88.94999694824219,88.91999816894531,88.94000244140625,0
2026-08-11T11:00,88.95999908447266,89.27999877929688,88.93000030517578,89.16999816894531,0
2026-08-11T11:05,89.22000122070312,89.22000122070312,89.05000305175781,89.05000305175781,35216
2026-08-11T11:10,89.05000305175781,89.19999694824219,89.05000305175781,89.12000274658203,10960
2026-08-11T11:15,89.22000122070312,89.22000122070312,88.95999908447266,88.95999908447266,150320
2026-08-11T11:20,88.95999908447266,89.05999755859375,88.95999908447266,88.9800033569336,164200
2026-08-11T11:25,88.9800033569336,89.0199966430664,88.9800033569336,89.0199966430664,320352
2026-08-11T11:30,89.0199966430664,89.02999877929688,88.9800033569336,88.9800033569336,23840
2026-08-11T11:35,88.9800033569336,89.0199966430664,88.97000122070312,88.9800033569336,31560
2026-08-11T11:40,89.0199966430664,89.04000091552734,88.95999908447266,88.9800033569336,229720
2026-08-11T11:45,88.95999908447266,89.08000183105469,88.95999908447266,89.08000183105469,0
2026-08-11T11:50,89.08000183105469,89.08000183105469,89.0,89.0199966430664,56000
2026-08-11T11:55,89.01000213623047,89.05000305175781,89.0,89.0,283048
2026-08-11T12:00,89.0,89.04000091552734,88.95999908447266,89.01000213623047,0
2026-08-11T12:05,89.01000213623047,89.13999938964844,89.01000213623047,89.13999938964844,0
2026-08-11T12:10,89.16000366210938,89.16000366210938,89.02999877929688,89.13999938964844,0
2026-08-11T12:15,89.13999938964844,89.13999938964844,89.0,89.0,0
2026-08-11T12:20,89.0,89.0,88.83000183105469,88.83000183105469,0
2026-08-11T12:25,88.81999969482422,88.81999969482422,88.62999725341797,88.62999725341797,447312
2026-08-11T12:30,88.62999725341797,88.69999694824219,88.55999755859375,88.69999694824219,110544
2026-08-11T12:35,88.69999694824219,88.73999786376953,88.63999938964844,88.73999786376953,451000
2026-08-11T12:40,88.73999786376953,88.77999877929688,88.72000122070312,88.77999877929688,195968
2026-08-11T12:45,88.77999877929688,88.80999755859375,88.68000030517578,88.68000030517578,0
2026-08-11T12:50,88.68000030517578,88.68000030517578,88.62000274658203,88.62000274658203,0
2026-08-11T12:55,88.62000274658203,88.66999816894531,88.58999633789062,88.5999984741211,0
2026-08-11T13:00,88.5999984741211,88.69000244140625,88.5999984741211,88.69000244140625,0
2026-08-11T13:05,88.69000244140625,88.86000061035156,88.69000244140625,88.86000061035156,0
2026-08-11T13:10,88.86000061035156,88.91000366210938,88.77999877929688,88.81999969482422,0
2026-08-11T13:15,88.81999969482422,88.87999725341797,88.77999877929688,88.79000091552734,0
2026-08-11T13:20,88.79000091552734,88.80000305175781,88.79000091552734,88.80000305175781,0
2026-08-11T13:25,88.80000305175781,88.95999908447266,88.7699966430664,88.95999908447266,7592
2026-08-11T13:30,88.9800033569336,89.04000091552734,88.80000305175781,88.80999755859375,80944
2026-08-11T13:35,88.83999633789062,89.05000305175781,88.75,88.87999725341797,0
2026-08-11T13:40,88.91999816894531,89.05999755859375,88.91999816894531,89.0,0
2026-08-11T13:45,89.0,89.13999938964844,88.94000244140625,89.06999969482422,0
2026-08-11T13:50,89.06999969482422,89.06999969482422,88.83999633789062,88.83999633789062,0
2026-08-11T13:55,88.83999633789062,89.04000091552734,88.83999633789062,88.94000244140625,0
2026-08-11T14:00,88.94000244140625,89.16000366210938,88.9000015258789,89.13999938964844,0
2026-08-11T14:05,89.12000274658203,89.16000366210938,88.94999694824219,89.04000091552734,206712
2026-08-11T14:10,89.01000213623047,89.04000091552734,88.8499984741211,88.91000366210938,342864
2026-08-11T14:15,88.91999816894531,89.0,88.73999786376953,88.73999786376953,0
2026-08-11T14:20,88.73999786376953,88.77999877929688,88.4800033569336,88.52999877929688,156336
2026-08-11T14:25,88.47000122070312,88.5999984741211,88.43000030517578,88.55000305175781,351672
2026-08-11T14:30,88.52999877929688,88.52999877929688,88.23999786376953,88.33999633789062,482288
2026-08-11T14:35,88.38999938964844,88.44000244140625,88.16999816894531,88.2699966430664,20944
2026-08-11T14:40,88.2699966430664,88.2699966430664,88.18000030517578,88.26000213623047,50424
2026-08-11T14:45,88.26000213623047,88.33000183105469,87.9000015258789,87.9000015258789,108960
2026-08-11T14:50,87.94999694824219,87.94999694824219,87.36000061035156,87.38999938964844,1105184
2026-08-11T14:55,87.31999969482422,87.5,87.0999984741211,87.45999908447266,1217544
2026-08-11T15:00,87.41999816894531,87.55999755859375,87.23999786376953,87.55999755859375,1344768
2026-08-11T15:05,87.55000305175781,87.7699966430664,87.55000305175781,87.66000366210938,384672
2026-08-11T15:10,87.69000244140625,87.73999786376953,87.58999633789062,87.61000061035156,226896
2026-08-11T15:15,87.55999755859375,87.62999725341797,87.51000213623047,87.62000274658203,0
2026-08-11T15:20,87.62000274658203,87.72000122070312,87.54000091552734,87.54000091552734,0
2026-08-11T15:25,87.5999984741211,87.62999725341797,87.5199966430664,87.62999725341797,0
2026-08-11T15:30,87.62999725341797,87.62999725341797,87.08000183105469,87.08999633789062,0
2026-08-11T15:35,87.08999633789062,87.08999633789062,86.5,86.55999755859375,32680
2026-08-11T15:40,86.62000274658203,86.68000030517578,86.30999755859375,86.62000274658203,921320
2026-08-11T15:45,86.62999725341797,86.68000030517578,86.36000061035156,86.41999816894531,464240
2026-08-11T15:50,86.37999725341797,86.48999786376953,86.12000274658203,86.12000274658203,302976
2026-08-11T15:55,86.2300033569336,86.56999969482422,86.16000366210938,86.37000274658203,305888
2026-08-11T16:00,86.31999969482422,86.54000091552734,86.0999984741211,86.54000091552734,390968
2026-08-11T16:05,86.55999755859375,86.63999938964844,86.41999816894531,86.58000183105469,571968
2026-08-11T16:10,86.62000274658203,86.63999938964844,86.47000122070312,86.5999984741211,442704
2026-08-11T16:15,86.66000366210938,86.8499984741211,86.58999633789062,86.76000213623047,570840
2026-08-11T16:20,86.76000213623047,86.87000274658203,86.76000213623047,86.81999969482422,408240
2026-08-11T16:25,86.81999969482422,86.86000061035156,86.7300033569336,86.77999877929688,206376
2026-08-11T16:30,86.77999877929688,86.83999633789062,86.66000366210938,86.76000213623047,63544
2026-08-11T16:35,86.7699966430664,86.93000030517578,86.7699966430664,86.8499984741211,0
2026-08-11T16:40,86.83000183105469,86.83000183105469,86.70999908447266,86.70999908447266,0
2026-08-11T16:45,86.70999908447266,86.81999969482422,86.69999694824219,86.75,92120
2026-08-11T16:50,86.75,86.75,86.54000091552734,86.5999984741211,0
2026-08-11T16:55,86.58000183105469,86.5999984741211,86.5199966430664,86.5199966430664,0
2026-08-11T17:00,86.62000274658203,86.75,86.62000274658203,86.70999908447266,118992
2026-08-11T17:05,86.70999908447266,86.87000274658203,86.68000030517578,86.81999969482422,0
2026-08-11T17:10,86.77999877929688,86.87999725341797,86.7300033569336,86.7300033569336,2584
2026-08-11T17:15,86.7300033569336,86.9800033569336,86.7300033569336,86.9800033569336,0
2026-08-11T17:20,86.93000030517578,87.16000366210938,86.93000030517578,87.16000366210938,0
2026-08-11T17:25,87.16000366210938,87.2300033569336,87.08000183105469,87.0999984741211,333728
2026-08-11T17:30,87.13999938964844,87.13999938964844,87.0199966430664,87.0199966430664,295328
2026-08-11T17:35,87.0999984741211,87.0999984741211,86.95999908447266,86.9800033569336,0
2026-08-11T17:40,87.01000213623047,87.0999984741211,86.9800033569336,86.9800033569336,98152
2026-08-11T17:45,86.95999908447266,86.98999786376953,86.91999816894531,86.91999816894531,10312
2026-08-11T17:50,86.93000030517578,87.0,86.80999755859375,86.81999969482422,0
2026-08-11T17:55,86.86000061035156,86.98999786376953,86.86000061035156,86.91999816894531,41144
2026-08-11T18:00,86.87999725341797,87.11000061035156,86.87999725341797,87.11000061035156,0
2026-08-11T18:05,87.11000061035156,87.16000366210938,87.08000183105469,87.16000366210938,162000
2026-08-11T18:10,87.16000366210938,87.16000366210938,87.05999755859375,87.12000274658203,49784
2026-08-11T18:15,87.12000274658203,87.22000122070312,87.12000274658203,87.22000122070312,73992
2026-08-11T18:20,87.26000213623047,87.26000213623047,87.20999908447266,87.26000213623047,0
2026-08-11T18:25,87.2300033569336,87.26000213623047,87.0999984741211,87.0999984741211,0
2026-08-11T18:30,87.12999725341797,87.33000183105469,87.06999969482422,87.33000183105469,318984
2026-08-11T18:35,87.33999633789062,87.36000061035156,87.19999694824219,87.19999694824219,219680
2026-08-11T18:40,87.19999694824219,87.26000213623047,87.12000274658203,87.2300033569336,0
2026-08-11T18:45,87.2300033569336,87.29000091552734,87.2300033569336,87.2699966430664,0
2026-08-11T18:50,87.2699966430664,87.30000305175781,87.22000122070312,87.27999877929688,0
2026-08-11T18:55,87.27999877929688,87.45999908447266,87.27999877929688,87.44999694824219,0
2026-08-11T19:00,87.44999694824219,87.44999694824219,87.36000061035156,87.36000061035156,0
2026-08-11T19:05,87.36000061035156,87.5,87.36000061035156,87.5,0
2026-08-11T19:10,87.54000091552734,87.56999969482422,87.51000213623047,87.5199966430664,342736
2026-08-11T19:15,87.4800033569336,87.58000183105469,87.41999816894531,87.58000183105469,46392
2026-08-11T19:20,87.58000183105469,87.7300033569336,87.58000183105469,87.70999908447266,659016
2026-08-11T19:25,87.70999908447266,87.81999969482422,87.70999908447266,87.81999969482422,134696
2026-08-11T19:30,87.83999633789062,87.86000061035156,87.73999786376953,87.76000213623047,142240
2026-08-11T19:35,87.72000122070312,87.86000061035156,87.72000122070312,87.86000061035156,0
2026-08-11T19:40,87.87999725341797,88.0999984741211,87.86000061035156,88.02999877929688,0
2026-08-11T19:45,88.02999877929688,88.18000030517578,88.02999877929688,88.11000061035156,148640
2026-08-11T19:50,88.0999984741211,88.2699966430664,88.0999984741211,88.2699966430664,19696
2026-08-11T19:55,88.27999877929688,88.31999969482422,88.18000030517578,88.27999877929688,84688
2026-08-11T20:00,88.27999877929688,88.33999633789062,88.20999908447266,88.27999877929688,188800
2026-08-11T20:05,88.29000091552734,88.55000305175781,88.29000091552734,88.54000091552734,215256
2026-08-11T20:10,88.56999969482422,88.5999984741211,88.44000244140625,88.44000244140625,215584
2026-08-11T20:15,88.41999816894531,88.41999816894531,88.31999969482422,88.33999633789062,124320
2026-08-11T20:20,88.33999633789062,88.41000366210938,88.33999633789062,88.41000366210938,94752
2026-08-11T20:25,88.41000366210938,88.41000366210938,88.2300033569336,88.30999755859375,132896
2026-08-11T20:30,88.36000061035156,88.36000061035156,88.13999938964844,88.13999938964844,120496
2026-08-11T20:35,88.13999938964844,88.16999816894531,88.12999725341797,88.1500015258789,135328
2026-08-11T20:40,88.1500015258789,88.1500015258789,88.04000091552734,88.04000091552734,0
2026-08-11T20:45,88.04000091552734,88.1500015258789,88.04000091552734,88.0999984741211,0
2026-08-11T20:50,88.0999984741211,88.16000366210938,88.0999984741211,88.13999938964844,193552
2026-08-11T20:55,88.13999938964844,88.19000244140625,88.11000061035156,88.16000366210938,182448
2026-08-11T21:00,88.16000366210938,88.16000366210938,88.08000183105469,88.08000183105469,0
2026-08-11T21:05,88.08000183105469,88.18000030517578,88.08000183105469,88.18000030517578,0
2026-08-11T21:10,88.18000030517578,88.27999877929688,88.16000366210938,88.16000366210938,0
2026-08-11T21:15,88.13999938964844,88.16999816894531,88.04000091552734,88.04000091552734,127744
2026-08-11T21:20,88.05999755859375,88.08000183105469,88.04000091552734,88.05999755859375,139856
2026-08-11T21:25,88.05999755859375,88.0999984741211,88.05999755859375,88.06999969482422,304880
2026-08-11T21:30,88.06999969482422,88.06999969482422,88.0,88.0,365328
2026-08-11T21:35,88.0,88.0999984741211,88.0,88.08000183105469,86736
2026-08-11T21:40,88.08000183105469,88.08999633789062,88.05000305175781,88.08999633789062,86384
2026-08-11T21:45,88.08999633789062,88.12000274658203,88.06999969482422,88.12000274658203,201536
2026-08-11T21:50,88.12000274658203,88.12000274658203,88.12000274658203,88.12000274658203,111600
2026-08-11T21:55,88.12000274658203,88.12000274658203,88.0199966430664,88.0999984741211,0
2026-08-11T22:00,88.08000183105469,88.4000015258789,88.08000183105469,88.31999969482422,194448
2026-08-11T22:05,88.31999969482422,88.31999969482422,88.23999786376953,88.23999786376953,0
2026-08-11T22:10,88.23999786376953,88.33999633789062,88.23999786376953,88.31999969482422,68800
2026-08-11T22:15,88.31999969482422,88.31999969482422,88.19999694824219,88.22000122070312,0
2026-08-11T22:20,88.22000122070312,88.22000122070312,88.13999938964844,88.13999938964844,0
2026-08-11T22:25,88.12000274658203,88.18000030517578,88.05999755859375,88.18000030517578,16048
2026-08-11T22:30,88.18000030517578,88.23999786376953,88.0999984741211,88.23999786376953,32768
2026-08-11T22:35,88.23999786376953,88.23999786376953,88.16000366210938,88.16000366210938,0
2026-08-11T22:40,88.16000366210938,88.25,88.13999938964844,88.13999938964844,0
2026-08-11T22:45,88.12000274658203,88.12000274658203,88.04000091552734,88.0999984741211,0
2026-08-11T22:50,88.0999984741211,88.26000213623047,88.0999984741211,88.26000213623047,0
2026-08-11T22:55,88.26000213623047,88.26000213623047,88.12999725341797,88.12999725341797,15424
2026-08-11T23:00,88.12000274658203,88.12000274658203,88.06999969482422,88.08000183105469,0
2026-08-11T23:05,88.06999969482422,88.06999969482422,88.05000305175781,88.05999755859375,0
2026-08-11T23:10,88.05999755859375,88.05999755859375,88.0,88.05999755859375,0
2026-08-11T23:15,88.05999755859375,88.06999969482422,88.04000091552734,88.06999969482422,46496
2026-08-11T23:20,88.06999969482422,88.06999969482422,88.02999877929688,88.06999969482422,0
2026-08-11T23:25,88.04000091552734,88.11000061035156,88.04000091552734,88.11000061035156,0
2026-08-11T23:30,88.11000061035156,88.12000274658203,88.06999969482422,88.12000274658203,0
2026-08-11T23:35,88.16999816894531,88.16999816894531,88.11000061035156,88.11000061035156,0
2026-08-11T23:40,88.12999725341797,88.25,88.12999725341797,88.2300033569336,0
2026-08-11T23:45,88.2300033569336,88.26000213623047,88.20999908447266,88.26000213623047,29872
2026-08-11T23:50,88.26000213623047,88.30000305175781,88.20999908447266,88.2699966430664,0
2026-08-11T23:55,88.25,88.26000213623047,88.2300033569336,88.2300033569336,99024
2026-08-12T00:00,88.18000030517578,88.19999694824219,88.1500015258789,88.19999694824219,0
2026-08-12T00:05,88.22000122070312,88.29000091552734,88.16999816894531,88.27999877929688,0
2026-08-12T00:10,88.27999877929688,88.27999877929688,88.19000244140625,88.27999877929688,345672
2026-08-12T00:15,88.27999877929688,88.37999725341797,88.2300033569336,88.3499984741211,0
2026-08-12T00:20,88.3499984741211,88.4000015258789,88.31999969482422,88.4000015258789,0
2026-08-12T00:25,88.4000015258789,88.45999908447266,88.33999633789062,88.33999633789062,328128
2026-08-12T00:30,88.36000061035156,88.63999938964844,88.36000061035156,88.62999725341797,0
2026-08-12T00:35,88.61000061035156,88.61000061035156,88.51000213623047,88.51000213623047,608960
2026-08-12T00:40,88.55999755859375,88.55999755859375,88.44999694824219,88.4800033569336,0
2026-08-12T00:45,88.5,88.62000274658203,88.5,88.58000183105469,0
2026-08-12T00:50,88.5999984741211,88.62999725341797,88.5999984741211,88.5999984741211,0
2026-08-12T00:55,88.55000305175781,88.66000366210938,88.54000091552734,88.66000366210938,0
2026-08-12T01:00,88.63999938964844,88.63999938964844,88.58000183105469,88.58999633789062,0
2026-08-12T01:05,88.58999633789062,88.87999725341797,88.58999633789062,88.87999725341797,0
2026-08-12T01:10,88.9000015258789,89.05000305175781,88.9000015258789,89.05000305175781,251288
2026-08-12T01:15,89.05999755859375,89.0999984741211,88.91000366210938,88.94999694824219,233808
2026-08-12T01:20,88.9000015258789,88.9000015258789,88.7300033569336,88.80000305175781,323912
2026-08-12T01:25,88.80000305175781,88.80999755859375,88.72000122070312,88.72000122070312,0
2026-08-12T01:30,88.72000122070312,88.76000213623047,88.6500015258789,88.7300033569336,0
2026-08-12T01:35,88.7300033569336,88.80000305175781,88.72000122070312,88.80000305175781,0
2026-08-12T01:40,88.81999969482422,89.08000183105469,88.81999969482422,89.05000305175781,0
2026-08-12T01:45,89.08999633789062,89.16999816894531,88.94999694824219,89.16999816894531,108712
2026-08-12T01:50,89.16999816894531,89.18000030517578,89.01000213623047,89.01000213623047,0
2026-08-12T01:55,89.01000213623047,89.12999725341797,89.01000213623047,89.12999725341797,344
2026-08-12T02:00,89.13999938964844,89.44999694824219,89.13999938964844,89.4000015258789,35048
2026-08-12T02:05,89.43000030517578,89.5,89.38999938964844,89.45999908447266,1224208
2026-08-12T02:10,89.45999908447266,89.55999755859375,89.44999694824219,89.55999755859375,55680
2026-08-12T02:15,89.51000213623047,89.55999755859375,89.51000213623047,89.54000091552734,114528
2026-08-12T02:20,89.54000091552734,89.54000091552734,89.4000015258789,89.4000015258789,0
2026-08-12T02:25,89.44000244140625,89.68000030517578,89.44000244140625,89.68000030517578,260384
2026-08-12T02:30,89.68000030517578,89.69000244140625,89.62000274658203,89.69000244140625,164480
2026-08-12T02:35,89.6500015258789,89.6500015258789,89.51000213623047,89.5199966430664,92768
2026-08-12T02:40,89.5199966430664,89.69000244140625,89.5199966430664,89.63999938964844,87792
2026-08-12T02:45,89.63999938964844,89.73999786376953,89.63999938964844,89.73999786376953,156272
2026-08-12T02:50,89.72000122070312,89.76000213623047,89.63999938964844,89.6500015258789,16256
2026-08-12T02:55,89.66999816894531,89.77999877929688,89.62000274658203,89.77999877929688,36544
2026-08-12T03:00,89.80000305175781,89.87000274658203,89.69999694824219,89.69999694824219,188416
2026-08-12T03:05,89.69999694824219,89.70999908447266,89.55999755859375,89.5999984741211,55200
2026-08-12T03:10,89.5999984741211,89.61000061035156,89.55000305175781,89.58999633789062,70864
2026-08-12T03:15,89.61000061035156,89.72000122070312,89.5999984741211,89.69999694824219,0
2026-08-12T03:20,89.69999694824219,89.76000213623047,89.69000244140625,89.76000213623047,0
2026-08-12T03:25,89.76000213623047,89.80000305175781,89.69999694824219,89.76000213623047,0
2026-08-12T03:30,89.72000122070312,89.76000213623047,89.69000244140625,89.7300033569336,0
2026-08-12T03:35,89.72000122070312,89.86000061035156,89.72000122070312,89.86000061035156,122624
2026-08-12T03:40,89.86000061035156,89.87999725341797,89.81999969482422,89.81999969482422,0
2026-08-12T03:45,89.80999755859375,89.97000122070312,89.80000305175781,89.94999694824219,64208
2026-08-12T03:50,89.91000366210938,89.93000030517578,89.86000061035156,89.9000015258789,153120
2026-08-12T03:55,89.88999938964844,89.9800033569336,89.88999938964844,89.9800033569336,0
2026-08-12T04:00,89.9800033569336,90.08000183105469,89.97000122070312,90.0,0
2026-08-12T04:05,90.0,90.0,89.79000091552734,89.80000305175781,649232
2026-08-12T04:10,89.80000305175781,89.93000030517578,89.76000213623047,89.86000061035156,316384
2026-08-12T04:15,89.83999633789062,89.8499984741211,89.69999694824219,89.8499984741211,370208
2026-08-12T04:20,89.83999633789062,89.95999908447266,89.83000183105469,89.95999908447266,336656
2026-08-12T04:25,89.95999908447266,89.95999908447266,89.81999969482422,89.81999969482422,159408
2026-08-12T04:30,89.77999877929688,89.77999877929688,89.5999984741211,89.5999984741211,245792
2026-08-12T04:35,89.5999984741211,89.77999877929688,89.5999984741211,89.73999786376953,13360
2026-08-12T04:40,89.73999786376953,89.7699966430664,89.72000122070312,89.72000122070312,112656
2026-08-12T04:45,89.68000030517578,89.80000305175781,89.68000030517578,89.80000305175781,3232
2026-08-12T04:50,89.80000305175781,89.83999633789062,89.76000213623047,89.7699966430664,30048
2026-08-12T04:55,89.7699966430664,89.77999877929688,89.69999694824219,89.7300033569336,84992
2026-08-12T05:00,89.7300033569336,89.75,89.63999938964844,89.63999938964844,0
2026-08-12T05:05,89.61000061035156,89.8499984741211,89.61000061035156,89.8499984741211,0
2026-08-12T05:10,89.86000061035156,90.08999633789062,89.86000061035156,90.08999633789062,120208
2026-08-12T05:15,90.08999633789062,90.30000305175781,90.08999633789062,90.13999938964844,1315360
2026-08-12T05:20,90.0999984741211,90.0999984741211,89.9800033569336,89.9800033569336,0
2026-08-12T05:25,89.9800033569336,90.11000061035156,89.93000030517578,89.93000030517578,0
2026-08-12T05:30,89.9800033569336,90.05999755859375,89.95999908447266,89.95999908447266,0
2026-08-12T05:35,89.95999908447266,89.9800033569336,89.87999725341797,89.87999725341797,0
2026-08-12T05:40,89.87999725341797,89.95999908447266,89.87999725341797,89.91999816894531,61456
2026-08-12T05:45,89.91999816894531,90.02999877929688,89.91999816894531,89.94999694824219,10048
2026-08-12T05:50,89.93000030517578,90.1500015258789,89.91999816894531,90.13999938964844,32256
2026-08-12T05:55,90.18000030517578,90.18000030517578,90.13999938964844,90.13999938964844,101008
2026-08-12T06:00,90.0999984741211,90.0999984741211,89.77999877929688,89.81999969482422,0
2026-08-12T06:05,89.83999633789062,89.86000061035156,89.69999694824219,89.72000122070312,0
2026-08-12T06:10,89.72000122070312,89.72000122070312,89.61000061035156,89.61000061035156,0
2026-08-12T06:15,89.55999755859375,89.68000030517578,89.5,89.5999984741211,32704
2026-08-12T06:20,89.58999633789062,89.62000274658203,89.4000015258789,89.4000015258789,200752
2026-08-12T06:25,89.4000015258789,89.5199966430664,89.4000015258789,89.47000122070312,225104
2026-08-12T06:30,89.47000122070312,89.47000122070312,89.18000030517578,89.25,95184
2026-08-12T06:35,89.19999694824219,89.23999786376953,88.88999938964844,89.19999694824219,623600
2026-08-12T06:40,89.26000213623047,89.26000213623047,89.06999969482422,89.06999969482422,415168
2026-08-12T06:45,89.06999969482422,89.19000244140625,89.06999969482422,89.19000244140625,0
2026-08-12T06:50,89.19000244140625,89.2300033569336,89.0199966430664,89.05999755859375,40928
2026-08-12T06:55,89.05999755859375,89.11000061035156,89.05999755859375,89.05999755859375,7888
2026-08-12T07:00,89.04000091552734,89.25,89.04000091552734,89.25,0
2026-08-12T07:05,89.25,89.25,89.19000244140625,89.23999786376953,14912
2026-08-12T07:10,89.22000122070312,89.27999877929688,89.19000244140625,89.27999877929688,69680
2026-08-12T07:15,89.27999877929688,89.27999877929688,89.1500015258789,89.1500015258789,0
2026-08-12T07:20,89.13999938964844,89.13999938964844,89.0999984741211,89.12000274658203,0
2026-08-12T07:25,89.12000274658203,89.12000274658203,89.01000213623047,89.0199966430664,0
2026-08-12T07:30,89.01000213623047,89.18000030517578,89.01000213623047,89.12000274658203,0
2026-08-12T07:35,89.12000274658203,89.12000274658203,88.81999969482422,88.94000244140625,0
2026-08-12T07:40,88.94000244140625,89.08000183105469,88.94000244140625,89.04000091552734,82976
2026-08-12T07:45,88.95999908447266,88.95999908447266,88.86000061035156,88.95999908447266,29696
2026-08-12T07:50,88.9800033569336,89.12000274658203,88.9800033569336,89.12000274658203,68192
2026-08-12T07:55,89.12000274658203,89.1500015258789,89.11000061035156,89.1500015258789,0
2026-08-12T08:00,89.13999938964844,89.13999938964844,88.86000061035156,89.05999755859375,0
2026-08-12T08:05,89.08000183105469,89.16000366210938,89.04000091552734,89.0999984741211,163280
2026-08-12T08:10,89.08000183105469,89.08000183105469,88.91999816894531,88.95999908447266,77184
2026-08-12T08:15,88.95999908447266,89.04000091552734,88.9000015258789,89.04000091552734,0
2026-08-12T08:20,89.04000091552734,89.05999755859375,89.0199966430664,89.04000091552734,220000
2026-08-12T08:25,89.04000091552734,89.18000030517578,89.04000091552734,89.18000030517578,76912
2026-08-12T08:30,89.19000244140625,89.2699966430664,89.19000244140625,89.2699966430664,219840
2026-08-12T08:35,89.2699966430664,89.2699966430664,89.13999938964844,89.13999938964844,201520
2026-08-12T08:40,89.13999938964844,89.13999938964844,89.0,89.0,0
2026-08-12T08:45,89.0,89.0,88.9000015258789,88.9000015258789,0
2026-08-12T08:50,88.9000015258789,88.9000015258789,88.8499984741211,88.8499984741211,111344
2026-08-12T08:55,88.8499984741211,88.87999725341797,88.8499984741211,88.8499984741211,0
2026-08-12T09:00,88.8499984741211,89.0199966430664,88.8499984741211,89.0199966430664,0
2026-08-12T09:05,89.0199966430664,89.11000061035156,89.0199966430664,89.11000061035156,0
2026-08-12T09:10,89.11000061035156,89.30000305175781,89.11000061035156,89.30000305175781,2832
2026-08-12T09:15,89.31999969482422,89.41000366210938,89.29000091552734,89.41000366210938,0
2026-08-12T09:20,89.33999633789062,89.45999908447266,89.26000213623047,89.45999908447266,0
2026-08-12T09:25,89.5,89.5999984741211,89.44999694824219,89.5199966430664,441008
2026-08-12T09:30,89.5199966430664,89.62000274658203,89.44999694824219,89.44999694824219,241520
2026-08-12T09:35,89.44999694824219,89.75,89.41999816894531,89.75,777824
2026-08-12T09:40,89.75,89.75,89.66999816894531,89.69999694824219,180864
2026-08-12T09:45,89.69999694824219,89.70999908447266,89.62999725341797,89.62999725341797,512224
2026-08-12T09:50,89.68000030517578,89.68000030517578,89.55000305175781,89.61000061035156,177664
2026-08-12T09:55,89.61000061035156,89.69000244140625,89.61000061035156,89.69000244140625,18976
2026-08-12T10:00,89.66999816894531,89.86000061035156,89.66000366210938,89.66000366210938,106592
2026-08-12T10:05,89.62999725341797,89.62999725341797,89.54000091552734,89.54000091552734,181808
2026-08-12T10:10,89.5199966430664,89.63999938964844,89.5,89.63999938964844,108320
2026-08-12T10:15,89.58000183105469,89.62999725341797,89.5199966430664,89.5199966430664,0
2026-08-12T10:20,89.58000183105469,89.5999984741211,89.48999786376953,89.48999786376953,33440
2026-08-12T10:25,89.4800033569336,89.4800033569336,89.44000244140625,89.44999694824219,0
2026-08-12T10:30,89.41999816894531,89.5199966430664,89.37999725341797,89.5199966430664,21968
2026-08-12T10:35,89.5199966430664,89.5199966430664,89.47000122070312,89.47000122070312,20752
2026-08-12T10:40,89.5199966430664,89.55999755859375,89.44000244140625,89.45999908447266,24016
2026-08-12T10:45,89.41999816894531,89.77999877929688,89.41999816894531,89.62000274658203,133728
2026-08-12T10:50,89.62000274658203,89.80000305175781,89.62000274658203,89.7699966430664,317920
2026-08-12T10:55,89.7699966430664,89.7699966430664,89.61000061035156,89.61000061035156,675184
2026-08-12T11:00,89.63999938964844,89.68000030517578,89.5999984741211,89.68000030517578,265664
2026-08-12T11:05,89.68000030517578,89.69999694824219,89.62000274658203,89.62000274658203,0
2026-08-12T11:10,89.62000274658203,89.66000366210938,89.5999984741211,89.5999984741211,0
2026-08-12T11:15,89.5999984741211,89.5999984741211,89.55999755859375,89.5999984741211,0
2026-08-12T11:20,89.62000274658203,89.69999694824219,89.61000061035156,89.6500015258789,25440
2026-08-12T11:25,89.6500015258789,89.6500015258789,89.62000274658203,89.62999725341797,0
2026-08-12T11:30,89.62999725341797,89.68000030517578,89.62999725341797,89.63999938964844,0
2026-08-12T11:35,89.63999938964844,89.69999694824219,89.58000183105469,89.69999694824219,10704
2026-08-12T11:40,89.72000122070312,89.73999786376953,89.68000030517578,89.68000030517578,0
2026-08-12T11:45,89.68000030517578,89.76000213623047,89.68000030517578,89.72000122070312,17776
2026-08-12T11:50,89.72000122070312,89.80000305175781,89.69999694824219,89.80000305175781,81040
2026-08-12T11:55,89.81999969482422,89.87999725341797,89.81999969482422,89.8499984741211,191520
2026-08-12T12:00,89.87999725341797,90.01000213623047,89.87999725341797,90.01000213623047,49024
2026-08-12T12:05,90.0199966430664,90.0199966430664,89.86000061035156,89.9800033569336,0
2026-08-12T12:10,89.94000244140625,89.94000244140625,89.87000274658203,89.91999816894531,30192
2026-08-12T12:15,89.88999938964844,90.05999755859375,89.88999938964844,89.95999908447266,133664
2026-08-12T12:20,89.95999908447266,89.95999908447266,89.8499984741211,89.8499984741211,308672
2026-08-12T12:25,89.81999969482422,90.16000366210938,89.75,90.13999938964844,9968
2026-08-12T12:30,90.12000274658203,90.12000274658203,89.63999938964844,90.08999633789062,1746480
2026-08-12T12:35,90.08999633789062,90.08999633789062,89.68000030517578,89.75,1693808
2026-08-12T12:40,89.77999877929688,89.77999877929688,89.5999984741211,89.63999938964844,451360
2026-08-12T12:45,89.58000183105469,89.63999938964844,89.36000061035156,89.4800033569336,275856
2026-08-12T12:50,89.5,89.62000274658203,89.5,89.62000274658203,231760
2026-08-12T12:55,89.62000274658203,89.62000274658203,89.54000091552734,89.5999984741211,205152
2026-08-12T13:00,89.5999984741211,89.62999725341797,89.54000091552734,89.58000183105469,117248
2026-08-12T13:05,89.54000091552734,89.83999633789062,89.54000091552734,89.83999633789062,725920
2026-08-12T13:10,89.87000274658203,89.87000274658203,89.44000244140625,89.4800033569336,944432
2026-08-12T13:15,89.5199966430664,89.5999984741211,89.5199966430664,89.52999877929688,619712
2026-08-12T13:20,89.52999877929688,89.62000274658203,89.44000244140625,89.44000244140625,101872
2026-08-12T13:25,89.4000015258789,89.47000122070312,89.29000091552734,89.47000122070312,112016
2026-08-12T13:30,89.48999786376953,89.52999877929688,89.23999786376953,89.23999786376953,7360
2026-08-12T13:35,89.27999877929688,89.31999969482422,89.16000366210938,89.23999786376953,7920
2026-08-12T13:40,89.16000366210938,89.19999694824219,89.0,89.16000366210938,59392
2026-08-12T13:45,89.19999694824219,89.38999938964844,89.12000274658203,89.22000122070312,225872
2026-08-12T13:50,89.20999908447266,89.20999908447266,89.13999938964844,89.13999938964844,4624
2026-08-12T13:55,89.12000274658203,89.27999877929688,89.05999755859375,89.19999694824219,0
2026-08-12T14:00,89.13999938964844,89.18000030517578,88.95999908447266,88.95999908447266,0
2026-08-12T14:05,89.0,89.0,89.0,89.0,0
