date,open,high,low,close,volume
2026-08-01T00:00,0.1680999994277954,0.16850000619888306,0.1680999994277954,0.16840000450611115,0
2026-08-01T00:05,0.16830000281333923,0.16869999468326569,0.16820000112056732,0.16840000450611115,0
2026-08-01T00:10,0.16840000450611115,0.16869999468326569,0.16840000450611115,0.16869999468326569,0
2026-08-01T00:15,0.16869999468326569,0.16920000314712524,0.16869999468326569,0.16910000145435333,0
2026-08-01T00:20,0.16910000145435333,0.16910000145435333,0.16869999468326569,0.16869999468326569,0
2026-08-01T00:25,0.16869999468326569,0.1688999980688095,0.16869999468326569,0.1687999963760376,0
2026-08-01T00:30,0.1687999963760376,0.16899999976158142,0.1687999963760376,0.16899999976158142,0
2026-08-01T00:35,0.16899999976158142,0.16910000145435333,0.1687999963760376,0.1687999963760376,155072
2026-08-01T00:40,0.1688999980688095,0.16910000145435333,0.1687999963760376,0.16910000145435333,0
2026-08-01T00:45,0.16910000145435333,0.16930000483989716,0.16910000145435333,0.16920000314712524,110592
2026-08-01T00:50,0.16930000483989716,0.16940000653266907,0.1688999980688095,0.1688999980688095,107968
2026-08-01T00:55,0.1688999980688095,0.1688999980688095,0.16850000619888306,0.1687999963760376,29472
2026-08-01T01:00,0.1688999980688095,0.16920000314712524,0.1688999980688095,0.16910000145435333,0
2026-08-01T01:05,0.16910000145435333,0.16930000483989716,0.16899999976158142,0.16930000483989716,0
2026-08-01T01:10,0.16910000145435333,0.16949999332427979,0.16910000145435333,0.16930000483989716,0
2026-08-01T01:15,0.16940000653266907,0.16940000653266907,0.1688999980688095,0.1688999980688095,0
2026-08-01T01:20,0.1688999980688095,0.16920000314712524,0.1688999980688095,0.16910000145435333,0
2026-08-01T01:25,0.16899999976158142,0.16910000145435333,0.1687999963760376,0.16910000145435333,0
2026-08-01T01:30,0.16899999976158142,0.16920000314712524,0.16899999976158142,0.16899999976158142,0
2026-08-01T01:35,0.16899999976158142,0.16910000145435333,0.1688999980688095,0.16899999976158142,0
2026-08-01T01:40,0.16899999976158142,0.16899999976158142,0.16869999468326569,0.16869999468326569,0
2026-08-01T01:45,0.16869999468326569,0.1687999963760376,0.16859999299049377,0.16869999468326569,0
2026-08-01T01:50,0.16869999468326569,0.16899999976158142,0.16850000619888306,0.1688999980688095,0
2026-08-01T01:55,0.16910000145435333,0.16940000653266907,0.1688999980688095,0.16940000653266907,447424
2026-08-01T02:00,0.1695999950170517,0.16979999840259552,0.1695999950170517,0.16979999840259552,4544
2026-08-01T02:05,0.16979999840259552,0.17000000178813934,0.1695999950170517,0.17000000178813934,0
2026-08-01T02:10,0.17000000178813934,0.17030000686645508,0.16979999840259552,0.17030000686645508,793728
2026-08-01T02:15,0.17030000686645508,0.17030000686645508,0.17000000178813934,0.17010000348091125,92000
2026-08-01T02:20,0.17010000348091125,0.17020000517368317,0.17000000178813934,0.17010000348091125,0
2026-08-01T02:25,0.17010000348091125,0.17020000517368317,0.17000000178813934,0.17010000348091125,287552
2026-08-01T02:30,0.17010000348091125,0.17010000348091125,0.16979999840259552,0.16979999840259552,0
2026-08-01T02:35,0.17000000178813934,0.17000000178813934,0.16990000009536743,0.17000000178813934,0
2026-08-01T02:40,0.16990000009536743,0.17010000348091125,0.16979999840259552,0.16990000009536743,0
2026-08-01T02:45,0.16990000009536743,0.17010000348091125,0.16979999840259552,0.16990000009536743,69120
2026-08-01T02:50,0.17000000178813934,0.17010000348091125,0.16990000009536743,0.16990000009536743,0
2026-08-01T02:55,0.16990000009536743,0.17000000178813934,0.16979999840259552,0.16990000009536743,138688
2026-08-01T03:00,0.16990000009536743,0.17010000348091125,0.16979999840259552,0.17010000348091125,0
2026-08-01T03:05,0.17010000348091125,0.17010000348091125,0.17000000178813934,0.17000000178813934,0
2026-08-01T03:10,0.17000000178813934,0.17000000178813934,0.16990000009536743,0.17000000178813934,0
2026-08-01T03:15,0.17000000178813934,0.17020000517368317,0.17000000178813934,0.17020000517368317,0
2026-08-01T03:20,0.17020000517368317,0.1704999953508377,0.17020000517368317,0.1703999936580658,0
2026-08-01T03:25,0.17020000517368317,0.17030000686645508,0.17010000348091125,0.17010000348091125,0
2026-08-01T03:30,0.17010000348091125,0.17010000348091125,0.16979999840259552,0.16979999840259552,0
2026-08-01T03:35,0.16979999840259552,0.17020000517368317,0.16979999840259552,0.17010000348091125,0
2026-08-01T03:40,0.17010000348091125,0.17010000348091125,0.16990000009536743,0.16990000009536743,0
2026-08-01T03:45,0.17010000348091125,0.17069999873638153,0.17010000348091125,0.1703999936580658,0
2026-08-01T03:50,0.1703999936580658,0.17069999873638153,0.17030000686645508,0.17069999873638153,534880
2026-08-01T03:55,0.17069999873638153,0.17090000212192535,0.17059999704360962,0.17090000212192535,246048
2026-08-01T04:00,0.17090000212192535,0.1712000072002411,0.17090000212192535,0.1712000072002411,0
2026-08-01T04:05,0.1712000072002411,0.1712000072002411,0.17100000381469727,0.17100000381469727,0
2026-08-01T04:10,0.17100000381469727,0.17100000381469727,0.17069999873638153,0.17069999873638153,0
2026-08-01T04:15,0.17069999873638153,0.17069999873638153,0.1704999953508377,0.1704999953508377,0
2026-08-01T04:20,0.1704999953508377,0.17059999704360962,0.17030000686645508,0.1704999953508377,0
2026-08-01T04:25,0.1703999936580658,0.1703999936580658,0.17020000517368317,0.17020000517368317,0
2026-08-01T04:30,0.17020000517368317,0.1704999953508377,0.17020000517368317,0.1704999953508377,0
2026-08-01T04:35,0.1704999953508377,0.17059999704360962,0.17030000686645508,0.1704999953508377,0
2026-08-01T04:40,0.1704999953508377,0.17090000212192535,0.1704999953508377,0.17090000212192535,0
2026-08-01T04:45,0.17090000212192535,0.17100000381469727,0.17069999873638153,0.17069999873638153,44064
2026-08-01T04:50,0.17069999873638153,0.17090000212192535,0.17059999704360962,0.17090000212192535,0
2026-08-01T04:55,0.17080000042915344,0.17100000381469727,0.17080000042915344,0.17090000212192535,16512
2026-08-01T05:00,0.17090000212192535,0.17100000381469727,0.17080000042915344,0.17100000381469727,0
2026-08-01T05:05,0.17100000381469727,0.17110000550746918,0.17080000042915344,0.17110000550746918,0
2026-08-01T05:10,0.17110000550746918,0.17110000550746918,0.17100000381469727,0.17110000550746918,0
2026-08-01T05:15,0.17100000381469727,0.17100000381469727,0.1704999953508377,0.1704999953508377,0
2026-08-01T05:20,0.1704999953508377,0.1704999953508377,0.17020000517368317,0.17020000517368317,0
2026-08-01T05:25,0.17020000517368317,0.17020000517368317,0.17000000178813934,0.17000000178813934,66496
2026-08-01T05:30,0.17010000348091125,0.17059999704360962,0.17010000348091125,0.1704999953508377,0
2026-08-01T05:35,0.1704999953508377,0.17059999704360962,0.17030000686645508,0.17030000686645508,0
2026-08-01T05:40,0.17030000686645508,0.17030000686645508,0.17010000348091125,0.17010000348091125,8064
2026-08-01T05:45,0.17010000348091125,0.17010000348091125,0.1696999967098236,0.16979999840259552,0
2026-08-01T05:50,0.16979999840259552,0.17010000348091125,0.16979999840259552,0.17010000348091125,0
2026-08-01T05:55,0.17010000348091125,0.17030000686645508,0.16990000009536743,0.17030000686645508,188768
2026-08-01T06:00,0.17030000686645508,0.17030000686645508,0.17000000178813934,0.17000000178813934,41248
2026-08-01T06:05,0.16990000009536743,0.16990000009536743,0.1695999950170517,0.16979999840259552,0
2026-08-01T06:10,0.16979999840259552,0.17010000348091125,0.16979999840259552,0.17000000178813934,0
2026-08-01T06:15,0.16990000009536743,0.17000000178813934,0.16930000483989716,0.16949999332427979,0
2026-08-01T06:20,0.16949999332427979,0.16979999840259552,0.16949999332427979,0.1696999967098236,0
2026-08-01T06:25,0.1696999967098236,0.16990000009536743,0.1696999967098236,0.1696999967098236,0
2026-08-01T06:30,0.1696999967098236,0.1696999967098236,0.16949999332427979,0.16949999332427979,0
2026-08-01T06:35,0.16949999332427979,0.16979999840259552,0.16949999332427979,0.1696999967098236,0
2026-08-01T06:40,0.1696999967098236,0.16990000009536743,0.1696999967098236,0.16979999840259552,0
2026-08-01T06:45,0.16979999840259552,0.17000000178813934,0.16979999840259552,0.17000000178813934,0
2026-08-01T06:50,0.17000000178813934,0.1703999936580658,0.17000000178813934,0.17000000178813934,13472
2026-08-01T06:55,0.17000000178813934,0.17000000178813934,0.1696999967098236,0.1696999967098236,0
2026-08-01T07:00,0.1696999967098236,0.17020000517368317,0.1696999967098236,0.17020000517368317,0
2026-08-01T07:05,0.17020000517368317,0.17059999704360962,0.17020000517368317,0.1704999953508377,0
2026-08-01T07:10,0.1704999953508377,0.17149999737739563,0.1704999953508377,0.17149999737739563,806528
2026-08-01T07:15,0.17149999737739563,0.17149999737739563,0.1712000072002411,0.1712999939918518,745152
2026-08-01T07:20,0.1712999939918518,0.1720000058412552,0.1712999939918518,0.17170000076293945,307488
2026-08-01T07:25,0.17170000076293945,0.17180000245571136,0.17110000550746918,0.17110000550746918,905344
2026-08-01T07:30,0.1712000072002411,0.1712999939918518,0.17110000550746918,0.17110000550746918,0
2026-08-01T07:35,0.17110000550746918,0.1712999939918518,0.17100000381469727,0.17110000550746918,0
2026-08-01T07:40,0.1712000072002411,0.17139999568462372,0.17110000550746918,0.17110000550746918,42528
2026-08-01T07:45,0.17110000550746918,0.1712000072002411,0.17090000212192535,0.17100000381469727,0
2026-08-01T07:50,0.17100000381469727,0.1712000072002411,0.17069999873638153,0.1712000072002411,0
2026-08-01T07:55,0.17100000381469727,0.1712000072002411,0.17100000381469727,0.17110000550746918,0
2026-08-01T08:00,0.17100000381469727,0.1712000072002411,0.17100000381469727,0.1712000072002411,0
2026-08-01T08:05,0.1712000072002411,0.17170000076293945,0.1712000072002411,0.17170000076293945,0
2026-08-01T08:10,0.17170000076293945,0.17180000245571136,0.1712999939918518,0.17149999737739563,0
2026-08-01T08:15,0.17139999568462372,0.1720000058412552,0.17139999568462372,0.17149999737739563,0
2026-08-01T08:20,0.17149999737739563,0.17180000245571136,0.17139999568462372,0.17180000245571136,366432
2026-08-01T08:25,0.17180000245571136,0.17229999601840973,0.17180000245571136,0.1720999926328659,816672
2026-08-01T08:30,0.1720999926328659,0.17319999635219574,0.1720999926328659,0.17299999296665192,0
2026-08-01T08:35,0.1729000061750412,0.1729000061750412,0.17260000109672546,0.17260000109672546,1598432
2026-08-01T08:40,0.17260000109672546,0.17270000278949738,0.17239999771118164,0.17260000109672546,168416
2026-08-01T08:45,0.17260000109672546,0.1728000044822693,0.17239999771118164,0.17249999940395355,0
2026-08-01T08:50,0.17249999940395355,0.1728000044822693,0.17249999940395355,0.17270000278949738,0
2026-08-01T08:55,0.17260000109672546,0.17270000278949738,0.17239999771118164,0.17249999940395355,0
2026-08-01T09:00,0.17239999771118164,0.17270000278949738,0.17229999601840973,0.17260000109672546,0
2026-08-01T09:05,0.17249999940395355,0.1729000061750412,0.17219999432563782,0.17219999432563782,298368
2026-08-01T09:10,0.17239999771118164,0.17299999296665192,0.17239999771118164,0.1729000061750412,152704
2026-08-01T09:15,0.1728000044822693,0.1737000048160553,0.1728000044822693,0.17350000143051147,692960
2026-08-01T09:20,0.1736000031232834,0.1736000031232834,0.17299999296665192,0.17299999296665192,975776
2026-08-01T09:25,0.17299999296665192,0.17299999296665192,0.17239999771118164,0.17239999771118164,247648
2026-08-01T09:30,0.17229999601840973,0.17239999771118164,0.1720000058412552,0.1720000058412552,265760
2026-08-01T09:35,0.1720000058412552,0.1720000058412552,0.17159999907016754,0.17159999907016754,1497504
2026-08-01T09:40,0.17159999907016754,0.17190000414848328,0.17159999907016754,0.17190000414848328,420800
2026-08-01T09:45,0.1720000058412552,0.17229999601840973,0.17180000245571136,0.17180000245571136,26784
2026-08-01T09:50,0.17180000245571136,0.17219999432563782,0.17180000245571136,0.17180000245571136,0
2026-08-01T09:55,0.17180000245571136,0.1720999926328659,0.17170000076293945,0.17190000414848328,0
2026-08-01T10:00,0.1720999926328659,0.1720999926328659,0.17170000076293945,0.17180000245571136,0
2026-08-01T10:05,0.17190000414848328,0.17229999601840973,0.17190000414848328,0.17229999601840973,603232
2026-08-01T10:10,0.17229999601840973,0.17249999940395355,0.17219999432563782,0.17229999601840973,58848
2026-08-01T10:15,0.17190000414848328,0.17260000109672546,0.17190000414848328,0.17260000109672546,0
2026-08-01T10:20,0.17260000109672546,0.17260000109672546,0.17190000414848328,0.1720999926328659,638624
2026-08-01T10:25,0.1720999926328659,0.1720999926328659,0.1720000058412552,0.1720999926328659,0
2026-08-01T10:30,0.1720000058412552,0.1720999926328659,0.17180000245571136,0.1720000058412552,0
2026-08-01T10:35,0.1720000058412552,0.1720000058412552,0.1712000072002411,0.1712999939918518,0
2026-08-01T10:40,0.17139999568462372,0.17170000076293945,0.1712999939918518,0.17159999907016754,0
2026-08-01T10:45,0.17159999907016754,0.17190000414848328,0.17149999737739563,0.17180000245571136,69472
2026-08-01T10:50,0.17170000076293945,0.1720000058412552,0.17159999907016754,0.1720000058412552,0
2026-08-01T10:55,0.1720000058412552,0.17229999601840973,0.17190000414848328,0.17229999601840973,71136
2026-08-01T11:00,0.17239999771118164,0.17309999465942383,0.17239999771118164,0.1729000061750412,0
2026-08-01T11:05,0.17299999296665192,0.17309999465942383,0.1729000061750412,0.17309999465942383,3519936
2026-08-01T11:10,0.17309999465942383,0.17309999465942383,0.17260000109672546,0.1729000061750412,789312
2026-08-01T11:15,0.17299999296665192,0.17309999465942383,0.17260000109672546,0.17270000278949738,92192
2026-08-01T11:20,0.17270000278949738,0.1729000061750412,0.17219999432563782,0.17229999601840973,0
2026-08-01T11:25,0.17229999601840973,0.17249999940395355,0.17229999601840973,0.17239999771118164,465056
2026-08-01T11:30,0.17229999601840973,0.17249999940395355,0.17229999601840973,0.17249999940395355,0
2026-08-01T11:35,0.17239999771118164,0.17249999940395355,0.17219999432563782,0.17249999940395355,0
2026-08-01T11:40,0.17249999940395355,0.1728000044822693,0.17249999940395355,0.1728000044822693,416000
2026-08-01T11:45,0.1728000044822693,0.17319999635219574,0.17249999940395355,0.17299999296665192,0
2026-08-01T11:50,0.17309999465942383,0.17319999635219574,0.1729000061750412,0.17309999465942383,582112
2026-08-01T11:55,0.17309999465942383,0.17309999465942383,0.1729000061750412,0.17309999465942383,0
2026-08-01T12:00,0.17299999296665192,0.17299999296665192,0.17260000109672546,0.1728000044822693,0
2026-08-01T12:05,0.1729000061750412,0.17309999465942383,0.17260000109672546,0.17260000109672546,985152
2026-08-01T12:10,0.17260000109672546,0.1728000044822693,0.17239999771118164,0.1728000044822693,89568
2026-08-01T12:15,0.1728000044822693,0.1729000061750412,0.17270000278949738,0.1728000044822693,63360
2026-08-01T12:20,0.17270000278949738,0.17270000278949738,0.17239999771118164,0.17239999771118164,0
2026-08-01T12:25,0.17239999771118164,0.17299999296665192,0.17239999771118164,0.1729000061750412,0
2026-08-01T12:30,0.1729000061750412,0.17319999635219574,0.17270000278949738,0.17299999296665192,0
2026-08-01T12:35,0.17299999296665192,0.17329999804496765,0.1729000061750412,0.17319999635219574,0
2026-08-01T12:40,0.17329999804496765,0.17339999973773956,0.17309999465942383,0.17319999635219574,237760
2026-08-01T12:45,0.17319999635219574,0.1736000031232834,0.17309999465942383,0.17350000143051147,863200
2026-08-01T12:50,0.17350000143051147,0.17470000684261322,0.17350000143051147,0.17430000007152557,1627840
2026-08-01T12:55,0.17430000007152557,0.17430000007152557,0.17419999837875366,0.17419999837875366,2767712
2026-08-01T13:00,0.17419999837875366,0.17430000007152557,0.17399999499320984,0.17430000007152557,0
2026-08-01T13:05,0.17430000007152557,0.17509999871253967,0.17419999837875366,0.17489999532699585,1460672
2026-08-01T13:10,0.17499999701976776,0.1753000020980835,0.17499999701976776,0.17499999701976776,2622848
2026-08-01T13:15,0.17499999701976776,0.17499999701976776,0.17440000176429749,0.1745000034570694,0
2026-08-01T13:20,0.1745000034570694,0.17479999363422394,0.1745000034570694,0.17470000684261322,774432
2026-08-01T13:25,0.1746000051498413,0.1746000051498413,0.17430000007152557,0.17440000176429749,0
2026-08-01T13:30,0.17440000176429749,0.17509999871253967,0.17440000176429749,0.17499999701976776,0
2026-08-01T13:35,0.17499999701976776,0.17640000581741333,0.17499999701976776,0.1761000007390976,0
2026-08-01T13:40,0.1761000007390976,0.1762000024318695,0.17579999566078186,0.1762000024318695,3261344
2026-08-01T13:45,0.1762000024318695,0.1762000024318695,0.17569999396800995,0.17589999735355377,2199712
2026-08-01T13:50,0.17579999566078186,0.17589999735355377,0.17560000717639923,0.17560000717639923,0
2026-08-01T13:55,0.17550000548362732,0.17550000548362732,0.17479999363422394,0.17479999363422394,0
2026-08-01T14:00,0.17479999363422394,0.1753000020980835,0.17479999363422394,0.17520000040531158,0
2026-08-01T14:05,0.17509999871253967,0.17509999871253967,0.1746000051498413,0.1746000051498413,0
2026-08-01T14:10,0.1746000051498413,0.17470000684261322,0.1745000034570694,0.1746000051498413,0
2026-08-01T14:15,0.1746000051498413,0.17479999363422394,0.1738000065088272,0.17399999499320984,0
2026-08-01T14:20,0.17399999499320984,0.17399999499320984,0.1736000031232834,0.17389999330043793,0
2026-08-01T14:25,0.1738000065088272,0.17389999330043793,0.1736000031232834,0.1736000031232834,0
2026-08-01T14:30,0.17339999973773956,0.1736000031232834,0.1729000061750412,0.17309999465942383,0
2026-08-01T14:35,0.17309999465942383,0.17309999465942383,0.17299999296665192,0.17309999465942383,0
2026-08-01T14:40,0.17299999296665192,0.17319999635219574,0.1728000044822693,0.17319999635219574,0
2026-08-01T14:45,0.17329999804496765,0.17329999804496765,0.1728000044822693,0.1728000044822693,0
2026-08-01T14:50,0.1728000044822693,0.17299999296665192,0.17270000278949738,0.1729000061750412,0
2026-08-01T14:55,0.1729000061750412,0.17309999465942383,0.1729000061750412,0.17299999296665192,0
2026-08-01T15:00,0.17299999296665192,0.17309999465942383,0.17270000278949738,0.1728000044822693,0
2026-08-01T15:05,0.17270000278949738,0.17309999465942383,0.17270000278949738,0.17299999296665192,0
2026-08-01T15:10,0.17299999296665192,0.17299999296665192,0.1728000044822693,0.1729000061750412,0
2026-08-01T15:15,0.1729000061750412,0.1729000061750412,0.17260000109672546,0.1728000044822693,0
2026-08-01T15:20,0.1728000044822693,0.17299999296665192,0.17249999940395355,0.17249999940395355,0
2026-08-01T15:25,0.17249999940395355,0.1728000044822693,0.17249999940395355,0.17260000109672546,0
2026-08-01T15:30,0.17270000278949738,0.1729000061750412,0.17260000109672546,0.1729000061750412,0
2026-08-01T15:35,0.1728000044822693,0.1728000044822693,0.17270000278949738,0.17270000278949738,0
2026-08-01T15:40,0.17270000278949738,0.1728000044822693,0.17239999771118164,0.17249999940395355,0
2026-08-01T15:45,0.17249999940395355,0.17260000109672546,0.17249999940395355,0.17249999940395355,45728
2026-08-01T15:50,0.17249999940395355,0.17249999940395355,0.17239999771118164,0.17239999771118164,0
2026-08-01T15:55,0.17239999771118164,0.1728000044822693,0.17239999771118164,0.17249999940395355,436928
2026-08-01T16:00,0.17249999940395355,0.17249999940395355,0.17170000076293945,0.17219999432563782,0
2026-08-01T16:05,0.17219999432563782,0.17260000109672546,0.17219999432563782,0.17249999940395355,0
2026-08-01T16:10,0.17249999940395355,0.17309999465942383,0.17249999940395355,0.17299999296665192,248864
2026-08-01T16:15,0.17299999296665192,0.1737000048160553,0.1729000061750412,0.1729000061750412,0
2026-08-01T16:20,0.17299999296665192,0.17350000143051147,0.1729000061750412,0.17350000143051147,352864
2026-08-01T16:25,0.17309999465942383,0.17339999973773956,0.17299999296665192,0.17319999635219574,0
2026-08-01T16:30,0.17329999804496765,0.17350000143051147,0.17299999296665192,0.17339999973773956,0
2026-08-01T16:35,0.17339999973773956,0.1738000065088272,0.17329999804496765,0.1736000031232834,44000
2026-08-01T16:40,0.17389999330043793,0.17399999499320984,0.1737000048160553,0.17389999330043793,933376
2026-08-01T16:45,0.17389999330043793,0.17440000176429749,0.1737000048160553,0.17440000176429749,16544
2026-08-01T16:50,0.17440000176429749,0.1745000034570694,0.17389999330043793,0.17389999330043793,517120
2026-08-01T16:55,0.17389999330043793,0.17409999668598175,0.17350000143051147,0.17399999499320984,65120
2026-08-01T17:00,0.17399999499320984,0.17489999532699585,0.1737000048160553,0.1746000051498413,0
2026-08-01T17:05,0.17470000684261322,0.17489999532699585,0.17430000007152557,0.17430000007152557,323808
2026-08-01T17:10,0.17430000007152557,0.17430000007152557,0.17299999296665192,0.17329999804496765,0
2026-08-01T17:15,0.17319999635219574,0.1737000048160553,0.17319999635219574,0.1736000031232834,0
2026-08-01T17:20,0.1737000048160553,0.1737000048160553,0.17309999465942383,0.17329999804496765,0
2026-08-01T17:25,0.17309999465942383,0.17309999465942383,0.17260000109672546,0.17260000109672546,2722592
2026-08-01T17:30,0.1728000044822693,0.17319999635219574,0.17260000109672546,0.17319999635219574,291520
2026-08-01T17:35,0.17299999296665192,0.17350000143051147,0.17299999296665192,0.17339999973773956,434752
2026-08-01T17:40,0.17339999973773956,0.1738000065088272,0.17339999973773956,0.17350000143051147,853632
2026-08-01T17:45,0.17339999973773956,0.17339999973773956,0.1728000044822693,0.1729000061750412,0
2026-08-01T17:50,0.1729000061750412,0.17299999296665192,0.17260000109672546,0.17299999296665192,0
2026-08-01T17:55,0.17299999296665192,0.17319999635219574,0.17299999296665192,0.17309999465942383,514272
2026-08-01T18:00,0.17309999465942383,0.17350000143051147,0.1729000061750412,0.17299999296665192,0
2026-08-01T18:05,0.17299999296665192,0.17329999804496765,0.17299999296665192,0.17309999465942383,0
2026-08-01T18:10,0.17299999296665192,0.1736000031232834,0.17299999296665192,0.17329999804496765,0
2026-08-01T18:15,0.17299999296665192,0.17309999465942383,0.17249999940395355,0.17270000278949738,0
2026-08-01T18:20,0.1728000044822693,0.17299999296665192,0.17249999940395355,0.17249999940395355,0
2026-08-01T18:25,0.17260000109672546,0.1729000061750412,0.17249999940395355,0.17260000109672546,60736
2026-08-01T18:30,0.17249999940395355,0.17260000109672546,0.17080000042915344,0.17170000076293945,158848
2026-08-01T18:35,0.17159999907016754,0.1720000058412552,0.17159999907016754,0.17180000245571136,2773632
2026-08-01T18:40,0.17180000245571136,0.17219999432563782,0.17139999568462372,0.17139999568462372,1695456
2026-08-01T18:45,0.1712999939918518,0.1712999939918518,0.17020000517368317,0.17030000686645508,27008
2026-08-01T18:50,0.16990000009536743,0.17080000042915344,0.16990000009536743,0.17069999873638153,3299296
2026-08-01T18:55,0.17080000042915344,0.17139999568462372,0.17080000042915344,0.1712999939918518,1708128
2026-08-01T19:00,0.17149999737739563,0.17270000278949738,0.17139999568462372,0.17239999771118164,321280
2026-08-01T19:05,0.17249999940395355,0.17260000109672546,0.17229999601840973,0.17229999601840973,4851200
2026-08-01T19:10,0.17229999601840973,0.17249999940395355,0.17219999432563782,0.17229999601840973,960864
2026-08-01T19:15,0.17219999432563782,0.17239999771118164,0.1720000058412552,0.1720000058412552,0
2026-08-01T19:20,0.1720000058412552,0.1720999926328659,0.17149999737739563,0.17180000245571136,0
2026-08-01T19:25,0.17180000245571136,0.1720999926328659,0.17170000076293945,0.1720999926328659,0
2026-08-01T19:30,0.1720999926328659,0.17229999601840973,0.17170000076293945,0.1720999926328659,0
2026-08-01T19:35,0.1720999926328659,0.1728000044822693,0.1720999926328659,0.17260000109672546,0
2026-08-01T19:40,0.17270000278949738,0.1729000061750412,0.17229999601840973,0.17239999771118164,145280
2026-08-01T19:45,0.17239999771118164,0.17270000278949738,0.17239999771118164,0.17260000109672546,148192
2026-08-01T19:50,0.17260000109672546,0.17270000278949738,0.17249999940395355,0.17249999940395355,327200
2026-08-01T19:55,0.17249999940395355,0.17270000278949738,0.17229999601840973,0.17229999601840973,0
2026-08-01T20:00,0.17229999601840973,0.1728000044822693,0.1720999926328659,0.17260000109672546,0
2026-08-01T20:05,0.17270000278949738,0.1728000044822693,0.17249999940395355,0.17260000109672546,0
2026-08-01T20:10,0.17249999940395355,0.17270000278949738,0.17249999940395355,0.17270000278949738,0
2026-08-01T20:15,0.17270000278949738,0.1729000061750412,0.17270000278949738,0.1729000061750412,21888
2026-08-01T20:20,0.17299999296665192,0.17309999465942383,0.17249999940395355,0.17249999940395355,22112
2026-08-01T20:25,0.17249999940395355,0.17270000278949738,0.17219999432563782,0.17229999601840973,156288
2026-08-01T20:30,0.1720999926328659,0.1728000044822693,0.1720999926328659,0.17270000278949738,0
2026-08-01T20:35,0.17270000278949738,0.1728000044822693,0.17219999432563782,0.17219999432563782,0
2026-08-01T20:40,0.1720999926328659,0.17239999771118164,0.1720999926328659,0.17239999771118164,0
2026-08-01T20:45,0.17239999771118164,0.17260000109672546,0.17229999601840973,0.17260000109672546,0
2026-08-01T20:50,0.17260000109672546,0.1729000061750412,0.17249999940395355,0.1729000061750412,268832
2026-08-01T20:55,0.1729000061750412,0.17339999973773956,0.1729000061750412,0.17309999465942383,0
2026-08-01T21:00,0.17309999465942383,0.17419999837875366,0.17309999465942383,0.1737000048160553,431456
2026-08-01T21:05,0.17350000143051147,0.1738000065088272,0.17339999973773956,0.1737000048160553,1062944
2026-08-01T21:10,0.1738000065088272,0.17389999330043793,0.1736000031232834,0.1738000065088272,338976
2026-08-01T21:15,0.1736000031232834,0.17389999330043793,0.17350000143051147,0.17389999330043793,101472
2026-08-01T21:20,0.1738000065088272,0.1738000065088272,0.17329999804496765,0.17339999973773956,269184
2026-08-01T21:25,0.17339999973773956,0.17339999973773956,0.17309999465942383,0.17329999804496765,0
2026-08-01T21:30,0.17339999973773956,0.17399999499320984,0.17339999973773956,0.17399999499320984,24896
2026-08-01T21:35,0.17409999668598175,0.17419999837875366,0.17389999330043793,0.17399999499320984,587904
2026-08-01T21:40,0.17399999499320984,0.17409999668598175,0.17350000143051147,0.1737000048160553,0
2026-08-01T21:45,0.1737000048160553,0.17399999499320984,0.1737000048160553,0.17399999499320984,9632
2026-08-01T21:50,0.17389999330043793,0.17389999330043793,0.17319999635219574,0.17350000143051147,416256
2026-08-01T21:55,0.17350000143051147,0.17419999837875366,0.17350000143051147,0.17419999837875366,0
2026-08-01T22:00,0.17440000176429749,0.1745000034570694,0.17399999499320984,0.17419999837875366,42912
2026-08-01T22:05,0.17430000007152557,0.1746000051498413,0.17430000007152557,0.1746000051498413,71808
2026-08-01T22:10,0.1746000051498413,0.17479999363422394,0.1746000051498413,0.17479999363422394,0
2026-08-01T22:15,0.17479999363422394,0.17509999871253967,0.1745000034570694,0.17470000684261322,430080
2026-08-01T22:20,0.17470000684261322,0.17479999363422394,0.1745000034570694,0.1745000034570694,1170432
2026-08-01T22:25,0.1746000051498413,0.17489999532699585,0.1746000051498413,0.1746000051498413,148992
2026-08-01T22:30,0.1745000034570694,0.17489999532699585,0.1745000034570694,0.17470000684261322,0
2026-08-01T22:35,0.17470000684261322,0.17470000684261322,0.1746000051498413,0.1746000051498413,279232
2026-08-01T22:40,0.1746000051498413,0.17470000684261322,0.17409999668598175,0.17419999837875366,340128
2026-08-01T22:45,0.17419999837875366,0.17430000007152557,0.17350000143051147,0.17350000143051147,0
2026-08-01T22:50,0.1736000031232834,0.1736000031232834,0.17319999635219574,0.17339999973773956,0
2026-08-01T22:55,0.17339999973773956,0.17339999973773956,0.17319999635219574,0.17319999635219574,0
2026-08-01T23:00,0.17329999804496765,0.17350000143051147,0.17319999635219574,0.17319999635219574,0
2026-08-01T23:05,0.17329999804496765,0.17409999668598175,0.17329999804496765,0.17409999668598175,725600
2026-08-01T23:10,0.17399999499320984,0.17409999668598175,0.1738000065088272,0.1738000065088272,1658368
2026-08-01T23:15,0.1737000048160553,0.17419999837875366,0.1737000048160553,0.17389999330043793,659584
2026-08-01T23:20,0.17389999330043793,0.17389999330043793,0.1736000031232834,0.1738000065088272,1195520
2026-08-01T23:25,0.17389999330043793,0.17389999330043793,0.1736000031232834,0.1737000048160553,546720
2026-08-01T23:30,0.1737000048160553,0.17399999499320984,0.1737000048160553,0.17399999499320984,241920
2026-08-01T23:35,0.17409999668598175,0.17409999668598175,0.1738000065088272,0.17409999668598175,0
2026-08-01T23:40,0.17409999668598175,0.17419999837875366,0.1738000065088272,0.17399999499320984,366272
2026-08-01T23:45,0.17399999499320984,0.17430000007152557,0.17399999499320984,0.17430000007152557,0
2026-08-01T23:50,0.17430000007152557,0.1745000034570694,0.17419999837875366,0.17419999837875366,0
2026-08-01T23:55,0.17430000007152557,0.17440000176429749,0.17409999668598175,0.17430000007152557,0
2026-08-02T00:00,0.17419999837875366,0.1745000034570694,0.17409999668598175,0.17419999837875366,0
2026-08-02T00:05,0.17430000007152557,0.1745000034570694,0.1738000065088272,0.17409999668598175,637952
2026-08-02T00:10,0.17419999837875366,0.17419999837875366,0.1737000048160553,0.17389999330043793,920192
2026-08-02T00:15,0.1738000065088272,0.17409999668598175,0.1738000065088272,0.17399999499320984,232128
2026-08-02T00:20,0.17419999837875366,0.17479999363422394,0.17389999330043793,0.17389999330043793,1308704
2026-08-02T00:25,0.17399999499320984,0.17399999499320984,0.17339999973773956,0.17339999973773956,1085600
2026-08-02T00:30,0.17339999973773956,0.17339999973773956,0.17299999296665192,0.17319999635219574,252736
2026-08-02T00:35,0.17319999635219574,0.17319999635219574,0.17270000278949738,0.1729000061750412,0
2026-08-02T00:40,0.1729000061750412,0.17309999465942383,0.1728000044822693,0.17309999465942383,192512
2026-08-02T00:45,0.17319999635219574,0.1738000065088272,0.17319999635219574,0.17319999635219574,362176
2026-08-02T00:50,0.17329999804496765,0.17350000143051147,0.17309999465942383,0.17309999465942383,531136
2026-08-02T00:55,0.17309999465942383,0.17350000143051147,0.17309999465942383,0.17319999635219574,42912
2026-08-02T01:00,0.1736000031232834,0.17489999532699585,0.17339999973773956,0.1745000034570694,47104
2026-08-02T01:05,0.1746000051498413,0.17499999701976776,0.1745000034570694,0.17479999363422394,6776096
2026-08-02T01:10,0.1746000051498413,0.1746000051498413,0.17419999837875366,0.1746000051498413,1288736
2026-08-02T01:15,0.1746000051498413,0.1746000051498413,0.17430000007152557,0.1745000034570694,268800
2026-08-02T01:20,0.1745000034570694,0.1746000051498413,0.17419999837875366,0.17440000176429749,269920
2026-08-02T01:25,0.17440000176429749,0.17599999904632568,0.17440000176429749,0.17599999904632568,1917216
2026-08-02T01:30,0.17569999396800995,0.17710000276565552,0.17569999396800995,0.17630000412464142,4306528
2026-08-02T01:35,0.17640000581741333,0.17649999260902405,0.17569999396800995,0.17569999396800995,5547360
2026-08-02T01:40,0.1754000037908554,0.1754000037908554,0.17499999701976776,0.17509999871253967,1473152
2026-08-02T01:45,0.17520000040531158,0.1754000037908554,0.17499999701976776,0.17509999871253967,153312
2026-08-02T01:50,0.17509999871253967,0.17550000548362732,0.17509999871253967,0.17550000548362732,855136
2026-08-02T01:55,0.17550000548362732,0.17640000581741333,0.17550000548362732,0.1762000024318695,723680
2026-08-02T02:00,0.1762000024318695,0.17649999260902405,0.17599999904632568,0.1761000007390976,278848
2026-08-02T02:05,0.1761000007390976,0.1777999997138977,0.17599999904632568,0.17710000276565552,4517952
2026-08-02T02:10,0.1770000010728836,0.17720000445842743,0.17669999599456787,0.17710000276565552,3699296
2026-08-02T02:15,0.17710000276565552,0.17839999496936798,0.17710000276565552,0.17829999327659607,1645888
2026-08-02T02:20,0.17839999496936798,0.17919999361038208,0.17810000479221344,0.17900000512599945,5953600
2026-08-02T02:25,0.17900000512599945,0.17900000512599945,0.1784999966621399,0.17870000004768372,2321568
2026-08-02T02:30,0.17890000343322754,0.17960000038146973,0.17870000004768372,0.17949999868869781,2594336
2026-08-02T02:35,0.17949999868869781,0.18000000715255737,0.17880000174045563,0.17880000174045563,5539488
2026-08-02T02:40,0.17880000174045563,0.17919999361038208,0.17839999496936798,0.17919999361038208,3749664
2026-08-02T02:45,0.179299995303154,0.18050000071525574,0.179299995303154,0.17990000545978546,1559712
2026-08-02T02:50,0.17960000038146973,0.18039999902248383,0.17949999868869781,0.18029999732971191,3699488
2026-08-02T02:55,0.1800999939441681,0.18050000071525574,0.17980000376701355,0.18019999563694,1871520
2026-08-02T03:00,0.18000000715255737,0.18050000071525574,0.17970000207424164,0.17990000545978546,1305184
2026-08-02T03:05,0.17970000207424164,0.18019999563694,0.17949999868869781,0.17960000038146973,7647360
2026-08-02T03:10,0.17960000038146973,0.1800999939441681,0.17919999361038208,0.179299995303154,2230720
2026-08-02T03:15,0.17910000681877136,0.17970000207424164,0.17900000512599945,0.17960000038146973,1460288
2026-08-02T03:20,0.17960000038146973,0.18019999563694,0.17949999868869781,0.17949999868869781,2328032
2026-08-02T03:25,0.17949999868869781,0.17980000376701355,0.1793999969959259,0.1793999969959259,1581248
2026-08-02T03:30,0.1793999969959259,0.1800999939441681,0.1793999969959259,0.1800999939441681,765056
2026-08-02T03:35,0.18019999563694,0.18050000071525574,0.17980000376701355,0.1800999939441681,1452608
2026-08-02T03:40,0.1800999939441681,0.18050000071525574,0.17980000376701355,0.17990000545978546,1724704
2026-08-02T03:45,0.18000000715255737,0.18000000715255737,0.17949999868869781,0.17949999868869781,370272
2026-08-02T03:50,0.1793999969959259,0.17970000207424164,0.179299995303154,0.179299995303154,0
2026-08-02T03:55,0.1793999969959259,0.18000000715255737,0.1793999969959259,0.18000000715255737,218560
2026-08-02T04:00,0.1800999939441681,0.18029999732971191,0.17980000376701355,0.17980000376701355,967744
2026-08-02T04:05,0.17980000376701355,0.18029999732971191,0.17980000376701355,0.1800999939441681,3649312
2026-08-02T04:10,0.1800999939441681,0.18150000274181366,0.1800999939441681,0.18150000274181366,1267456
2026-08-02T04:15,0.18150000274181366,0.18299999833106995,0.18150000274181366,0.18289999663829803,5821376
2026-08-02T04:20,0.18310000002384186,0.1834000051021576,0.1826000064611435,0.18310000002384186,5282784
2026-08-02T04:25,0.18310000002384186,0.18369999527931213,0.18310000002384186,0.18330000340938568,2999328
2026-08-02T04:30,0.1834000051021576,0.18379999697208405,0.18279999494552612,0.18369999527931213,1534912
2026-08-02T04:35,0.18359999358654022,0.18410000205039978,0.18299999833106995,0.18389999866485596,2135744
2026-08-02T04:40,0.18369999527931213,0.18379999697208405,0.18330000340938568,0.18330000340938568,3599296
2026-08-02T04:45,0.18330000340938568,0.18379999697208405,0.18320000171661377,0.18369999527931213,1540384
2026-08-02T04:50,0.18379999697208405,0.1843000054359436,0.18320000171661377,0.18330000340938568,1808640
2026-08-02T04:55,0.18330000340938568,0.1834000051021576,0.18279999494552612,0.18299999833106995,1557152
2026-08-02T05:00,0.18310000002384186,0.18320000171661377,0.18160000443458557,0.1817999929189682,856768
2026-08-02T05:05,0.18160000443458557,0.18279999494552612,0.18160000443458557,0.18199999630451202,6348000
2026-08-02T05:10,0.18209999799728394,0.18310000002384186,0.18209999799728394,0.18299999833106995,3285984
2026-08-02T05:15,0.18310000002384186,0.18369999527931213,0.18279999494552612,0.18359999358654022,989248
2026-08-02T05:20,0.18330000340938568,0.1843000054359436,0.18330000340938568,0.1842000037431717,2561760
2026-08-02T05:25,0.1842000037431717,0.1843000054359436,0.18359999358654022,0.1842000037431717,1075456
2026-08-02T05:30,0.18440000712871552,0.18490000069141388,0.18369999527931213,0.18490000069141388,2821536
2026-08-02T05:35,0.1850000023841858,0.18549999594688416,0.18469999730587006,0.18520000576972961,4217472
2026-08-02T05:40,0.18520000576972961,0.18539999425411224,0.18469999730587006,0.18469999730587006,2168960
2026-08-02T05:45,0.18459999561309814,0.18549999594688416,0.18449999392032623,0.18520000576972961,4014048
2026-08-02T05:50,0.18520000576972961,0.18569999933242798,0.18520000576972961,0.18559999763965607,2991296
2026-08-02T05:55,0.18559999763965607,0.18569999933242798,0.1850000023841858,0.18520000576972961,1528160
2026-08-02T06:00,0.18520000576972961,0.18629999458789825,0.18520000576972961,0.18619999289512634,974336
2026-08-02T06:05,0.18619999289512634,0.18619999289512634,0.18490000069141388,0.18490000069141388,6809088
2026-08-02T06:10,0.18490000069141388,0.18520000576972961,0.1842000037431717,0.18469999730587006,1646464
2026-08-02T06:15,0.18469999730587006,0.18529999256134033,0.18469999730587006,0.18490000069141388,1731904
2026-08-02T06:20,0.1851000040769577,0.18549999594688416,0.18469999730587006,0.1850000023841858,1720736
2026-08-02T06:25,0.1850000023841858,0.18559999763965607,0.1850000023841858,0.18539999425411224,1614560
2026-08-02T06:30,0.1851000040769577,0.1859000027179718,0.1850000023841858,0.1859000027179718,1829344
2026-08-02T06:35,0.1860000044107437,0.1867000013589859,0.1858000010251999,0.18649999797344208,2745664
2026-08-02T06:40,0.186599999666214,0.18719999492168427,0.18649999797344208,0.18709999322891235,3372416
2026-08-02T06:45,0.18709999322891235,0.1875,0.1868000030517578,0.1868000030517578,1662016
2026-08-02T06:50,0.18690000474452972,0.18729999661445618,0.1868000030517578,0.18690000474452972,1752416
2026-08-02T06:55,0.18690000474452972,0.18700000643730164,0.18639999628067017,0.186599999666214,2265696
2026-08-02T07:00,0.18649999797344208,0.186599999666214,0.1859000027179718,0.18619999289512634,333344
2026-08-02T07:05,0.1860000044107437,0.1860000044107437,0.18529999256134033,0.18549999594688416,4633888
2026-08-02T07:10,0.18529999256134033,0.18529999256134033,0.1850000023841858,0.1851000040769577,1094944
2026-08-02T07:15,0.18479999899864197,0.1860000044107437,0.18440000712871552,0.1859000027179718,298048
2026-08-02T07:20,0.1859000027179718,0.186599999666214,0.1859000027179718,0.1859000027179718,6940768
2026-08-02T07:25,0.18610000610351562,0.18690000474452972,0.18610000610351562,0.18649999797344208,1312736
2026-08-02T07:30,0.186599999666214,0.18709999322891235,0.18639999628067017,0.1867000013589859,1382912
2026-08-02T07:35,0.1868000030517578,0.1868000030517578,0.1860000044107437,0.18619999289512634,2416672
2026-08-02T07:40,0.18619999289512634,0.18719999492168427,0.18619999289512634,0.18709999322891235,1890816
2026-08-02T07:45,0.18719999492168427,0.18719999492168427,0.18629999458789825,0.186599999666214,1079232
2026-08-02T07:50,0.186599999666214,0.18700000643730164,0.18629999458789825,0.18629999458789825,3942880
2026-08-02T07:55,0.18629999458789825,0.18629999458789825,0.18559999763965607,0.1858000010251999,1802240
2026-08-02T08:00,0.1859000027179718,0.18649999797344208,0.1859000027179718,0.18610000610351562,775648
2026-08-02T08:05,0.18619999289512634,0.1867000013589859,0.18619999289512634,0.18649999797344208,5444192
2026-08-02T08:10,0.18619999289512634,0.18690000474452972,0.18610000610351562,0.18639999628067017,632960
2026-08-02T08:15,0.18639999628067017,0.186599999666214,0.18629999458789825,0.18649999797344208,824192
2026-08-02T08:20,0.18649999797344208,0.186599999666214,0.18610000610351562,0.18610000610351562,0
2026-08-02T08:25,0.18610000610351562,0.18610000610351562,0.18549999594688416,0.18559999763965607,0
2026-08-02T08:30,0.18559999763965607,0.18559999763965607,0.18520000576972961,0.18539999425411224,0
2026-08-02T08:35,0.18559999763965607,0.1859000027179718,0.18520000576972961,0.18529999256134033,0
2026-08-02T08:40,0.18529999256134033,0.18549999594688416,0.18529999256134033,0.18539999425411224,0
2026-08-02T08:45,0.18569999933242798,0.18569999933242798,0.1851000040769577,0.18520000576972961,1538592
2026-08-02T08:50,0.18520000576972961,0.18549999594688416,0.1850000023841858,0.1851000040769577,1930400
2026-08-02T08:55,0.1851000040769577,0.18569999933242798,0.1851000040769577,0.18569999933242798,1171392
2026-08-02T09:00,0.18610000610351562,0.18610000610351562,0.18520000576972961,0.18520000576972961,646816
2026-08-02T09:05,0.18539999425411224,0.1867000013589859,0.18539999425411224,0.1867000013589859,1313696
2026-08-02T09:10,0.18700000643730164,0.1876000016927719,0.1868000030517578,0.1868000030517578,2255008
2026-08-02T09:15,0.1868000030517578,0.18729999661445618,0.1868000030517578,0.1868000030517578,0
2026-08-02T09:20,0.18690000474452972,0.18690000474452972,0.186599999666214,0.1868000030517578,0
2026-08-02T09:25,0.1867000013589859,0.1868000030517578,0.186599999666214,0.186599999666214,279648
2026-08-02T09:30,0.18690000474452972,0.188400000333786,0.18690000474452972,0.1882999986410141,1116064
2026-08-02T09:35,0.1881999969482422,0.1882999986410141,0.18709999322891235,0.18709999322891235,3029600
2026-08-02T09:40,0.18700000643730164,0.1875,0.18700000643730164,0.1875,673536
2026-08-02T09:45,0.1875,0.18799999356269836,0.18729999661445618,0.1876000016927719,1002464
2026-08-02T09:50,0.18770000338554382,0.18799999356269836,0.18770000338554382,0.18780000507831573,2832512
2026-08-02T09:55,0.18780000507831573,0.188400000333786,0.18780000507831573,0.18809999525547028,2986240
2026-08-02T10:00,0.18809999525547028,0.1882999986410141,0.18780000507831573,0.18799999356269836,401920
2026-08-02T10:05,0.1881999969482422,0.18880000710487366,0.18780000507831573,0.18799999356269836,3094880
2026-08-02T10:10,0.18799999356269836,0.18799999356269836,0.18700000643730164,0.18729999661445618,1290816
2026-08-02T10:15,0.18729999661445618,0.1876000016927719,0.18709999322891235,0.1876000016927719,56128
2026-08-02T10:20,0.18770000338554382,0.18770000338554382,0.1868000030517578,0.1873999983072281,342528
2026-08-02T10:25,0.1875,0.18809999525547028,0.1873999983072281,0.1873999983072281,836416
2026-08-02T10:30,0.1873999983072281,0.1875,0.18719999492168427,0.1873999983072281,2304768
2026-08-02T10:35,0.18709999322891235,0.18780000507831573,0.18709999322891235,0.18770000338554382,754496
2026-08-02T10:40,0.18770000338554382,0.1881999969482422,0.1876000016927719,0.18799999356269836,856832
2026-08-02T10:45,0.18799999356269836,0.1882999986410141,0.18780000507831573,0.18809999525547028,1160448
2026-08-02T10:50,0.18780000507831573,0.18790000677108765,0.18709999322891235,0.18719999492168427,909184
2026-08-02T10:55,0.18719999492168427,0.18719999492168427,0.18649999797344208,0.18649999797344208,569152
2026-08-02T11:00,0.18649999797344208,0.186599999666214,0.18610000610351562,0.18610000610351562,0
2026-08-02T11:05,0.18619999289512634,0.186599999666214,0.18610000610351562,0.18610000610351562,0
2026-08-02T11:10,0.18610000610351562,0.18649999797344208,0.18610000610351562,0.18639999628067017,0
2026-08-02T11:15,0.18639999628067017,0.18700000643730164,0.18629999458789825,0.18690000474452972,0
2026-08-02T11:20,0.18690000474452972,0.18770000338554382,0.18690000474452972,0.1875,1331840
2026-08-02T11:25,0.18770000338554382,0.18799999356269836,0.1875,0.1876000016927719,1979840
2026-08-02T11:30,0.18770000338554382,0.18790000677108765,0.1875,0.18770000338554382,561152
2026-08-02T11:35,0.18770000338554382,0.18790000677108765,0.1876000016927719,0.1876000016927719,378368
2026-08-02T11:40,0.1876000016927719,0.18770000338554382,0.1868000030517578,0.1868000030517578,475008
2026-08-02T11:45,0.18690000474452972,0.1881999969482422,0.18690000474452972,0.18799999356269836,383488
2026-08-02T11:50,0.1882999986410141,0.18930000066757202,0.1882999986410141,0.18870000541210175,3339840
2026-08-02T11:55,0.18880000710487366,0.18889999389648438,0.1881999969482422,0.18850000202655792,2526912
2026-08-02T12:00,0.18870000541210175,0.18889999389648438,0.18860000371932983,0.18880000710487366,1523968
2026-08-02T12:05,0.18880000710487366,0.18979999423027039,0.18870000541210175,0.1891999989748001,1474624
2026-08-02T12:10,0.1891999989748001,0.18950000405311584,0.1890999972820282,0.18940000236034393,4347776
2026-08-02T12:15,0.18930000066757202,0.18960000574588776,0.18889999389648438,0.18889999389648438,1254400
2026-08-02T12:20,0.18880000710487366,0.18940000236034393,0.1882999986410141,0.18930000066757202,3907264
2026-08-02T12:25,0.18940000236034393,0.18940000236034393,0.18860000371932983,0.18860000371932983,2320576
2026-08-02T12:30,0.18860000371932983,0.18930000066757202,0.18809999525547028,0.188400000333786,1095040
2026-08-02T12:35,0.18860000371932983,0.18880000710487366,0.188400000333786,0.18880000710487366,4207168
2026-08-02T12:40,0.18880000710487366,0.18950000405311584,0.18870000541210175,0.18940000236034393,927360
2026-08-02T12:45,0.18950000405311584,0.1899999976158142,0.1890999972820282,0.1898999959230423,42752
2026-08-02T12:50,0.1898999959230423,0.19009999930858612,0.18979999423027039,0.1899999976158142,1513984
2026-08-02T12:55,0.1899999976158142,0.19020000100135803,0.18889999389648438,0.1891999989748001,1467264
2026-08-02T13:00,0.1891999989748001,0.1899999976158142,0.18889999389648438,0.18960000574588776,318272
2026-08-02T13:05,0.18960000574588776,0.19020000100135803,0.18960000574588776,0.1899999976158142,7037504
2026-08-02T13:10,0.1899999976158142,0.19089999794960022,0.18970000743865967,0.1906999945640564,1986688
2026-08-02T13:15,0.1907999962568283,0.19110000133514404,0.19040000438690186,0.19099999964237213,1788352
2026-08-02T13:20,0.19110000133514404,0.1914999932050705,0.19050000607967377,0.19059999287128448,4191424
2026-08-02T13:25,0.19059999287128448,0.19110000133514404,0.19040000438690186,0.19040000438690186,2150528
2026-08-02T13:30,0.19040000438690186,0.19189999997615814,0.19040000438690186,0.1915999948978424,3834688
2026-08-02T13:35,0.19130000472068787,0.19130000472068787,0.18940000236034393,0.18940000236034393,5984512
2026-08-02T13:40,0.18940000236034393,0.18940000236034393,0.18809999525547028,0.18870000541210175,4121920
2026-08-02T13:45,0.18880000710487366,0.18880000710487366,0.1873999983072281,0.1875,1109568
2026-08-02T13:50,0.1875,0.18790000677108765,0.18709999322891235,0.18729999661445618,4415744
2026-08-02T13:55,0.18719999492168427,0.18729999661445618,0.18639999628067017,0.18719999492168427,4448000
2026-08-02T14:00,0.18729999661445618,0.18860000371932983,0.18729999661445618,0.18860000371932983,4569024
2026-08-02T14:05,0.188400000333786,0.188400000333786,0.18729999661445618,0.1876000016927719,13018112
2026-08-02T14:10,0.1876000016927719,0.18860000371932983,0.1876000016927719,0.188400000333786,3680896
2026-08-02T14:15,0.188400000333786,0.18960000574588776,0.1882999986410141,0.18950000405311584,1674944
2026-08-02T14:20,0.18979999423027039,0.1898999959230423,0.18930000066757202,0.18940000236034393,2443328
2026-08-02T14:25,0.18930000066757202,0.18940000236034393,0.18889999389648438,0.18930000066757202,559936
2026-08-02T14:30,0.18940000236034393,0.1898999959230423,0.18930000066757202,0.18930000066757202,1330880
2026-08-02T14:35,0.18950000405311584,0.19030000269412994,0.18950000405311584,0.19009999930858612,2363200
2026-08-02T14:40,0.19030000269412994,0.19050000607967377,0.18970000743865967,0.1899999976158142,2292224
2026-08-02T14:45,0.1899999976158142,0.1899999976158142,0.1891999989748001,0.18930000066757202,1110272
2026-08-02T14:50,0.18930000066757202,0.1898999959230423,0.18930000066757202,0.18930000066757202,1095552
2026-08-02T14:55,0.18950000405311584,0.1899999976158142,0.18940000236034393,0.18979999423027039,883008
2026-08-02T15:00,0.1898999959230423,0.1899999976158142,0.18940000236034393,0.1899999976158142,560448
2026-08-02T15:05,0.1899999976158142,0.19050000607967377,0.18950000405311584,0.18960000574588776,5652032
2026-08-02T15:10,0.18950000405311584,0.18960000574588776,0.1891999989748001,0.18960000574588776,13618560
2026-08-02T15:15,0.18960000574588776,0.18960000574588776,0.18870000541210175,0.1889999955892563,596352
2026-08-02T15:20,0.18870000541210175,0.18960000574588776,0.18870000541210175,0.18960000574588776,83392
2026-08-02T15:25,0.18960000574588776,0.19009999930858612,0.18960000574588776,0.18960000574588776,1953984
2026-08-02T15:30,0.18950000405311584,0.19030000269412994,0.1891999989748001,0.19030000269412994,219584
2026-08-02T15:35,0.19020000100135803,0.1906999945640564,0.1898999959230423,0.1898999959230423,1885760
2026-08-02T15:40,0.1898999959230423,0.19040000438690186,0.18970000743865967,0.1899999976158142,2397504
2026-08-02T15:45,0.1898999959230423,0.19020000100135803,0.18979999423027039,0.18979999423027039,450944
2026-08-02T15:50,0.1899999976158142,0.1899999976158142,0.18950000405311584,0.18970000743865967,591936
2026-08-02T15:55,0.18960000574588776,0.1898999959230423,0.18960000574588776,0.1898999959230423,477184
2026-08-02T16:00,0.19030000269412994,0.1906999945640564,0.1899999976158142,0.19050000607967377,737344
2026-08-02T16:05,0.19050000607967377,0.19099999964237213,0.19020000100135803,0.1906999945640564,3319808
2026-08-02T16:10,0.1906999945640564,0.1907999962568283,0.1899999976158142,0.1899999976158142,2679680
2026-08-02T16:15,0.1899999976158142,0.19020000100135803,0.18970000743865967,0.18979999423027039,0
2026-08-02T16:20,0.1898999959230423,0.19009999930858612,0.18970000743865967,0.1898999959230423,0
2026-08-02T16:25,0.1899999976158142,0.1899999976158142,0.18930000066757202,0.18960000574588776,120960
2026-08-02T16:30,0.18950000405311584,0.1898999959230423,0.1891999989748001,0.18970000743865967,453632
2026-08-02T16:35,0.18979999423027039,0.19009999930858612,0.18960000574588776,0.18970000743865967,672576
2026-08-02T16:40,0.18979999423027039,0.19009999930858612,0.18950000405311584,0.18970000743865967,238592
2026-08-02T16:45,0.18970000743865967,0.19009999930858612,0.18960000574588776,0.18970000743865967,0
2026-08-02T16:50,0.18960000574588776,0.18960000574588776,0.1889999955892563,0.18940000236034393,267648
2026-08-02T16:55,0.18970000743865967,0.18979999423027039,0.1890999972820282,0.18930000066757202,109376
2026-08-02T17:00,0.1890999972820282,0.18930000066757202,0.18870000541210175,0.18930000066757202,0
2026-08-02T17:05,0.18930000066757202,0.18930000066757202,0.18880000710487366,0.1889999955892563,1180544
2026-08-02T17:10,0.1889999955892563,0.18940000236034393,0.1889999955892563,0.18930000066757202,314880
2026-08-02T17:15,0.1890999972820282,0.1890999972820282,0.18870000541210175,0.18880000710487366,0
2026-08-02T17:20,0.18880000710487366,0.1890999972820282,0.18850000202655792,0.1890999972820282,0
2026-08-02T17:25,0.1890999972820282,0.1890999972820282,0.18850000202655792,0.18870000541210175,0
2026-08-02T17:30,0.18860000371932983,0.1891999989748001,0.18860000371932983,0.1891999989748001,0
2026-08-02T17:35,0.18930000066757202,0.18970000743865967,0.1890999972820282,0.18970000743865967,161792
2026-08-02T17:40,0.18940000236034393,0.18950000405311584,0.18940000236034393,0.18950000405311584,0
2026-08-02T17:45,0.18930000066757202,0.18930000066757202,0.18889999389648438,0.1890999972820282,0
2026-08-02T17:50,0.1889999955892563,0.1891999989748001,0.18889999389648438,0.1890999972820282,0
2026-08-02T17:55,0.1890999972820282,0.1890999972820282,0.18850000202655792,0.18850000202655792,0
2026-08-02T18:00,0.18850000202655792,0.18889999389648438,0.18850000202655792,0.18850000202655792,0
2026-08-02T18:05,0.18860000371932983,0.18889999389648438,0.1882999986410141,0.18860000371932983,0
2026-08-02T18:10,0.18860000371932983,0.18940000236034393,0.18860000371932983,0.18930000066757202,253888
2026-08-02T18:15,0.18930000066757202,0.18979999423027039,0.18930000066757202,0.18970000743865967,1174208
2026-08-02T18:20,0.18970000743865967,0.18979999423027039,0.18930000066757202,0.18960000574588776,388096
2026-08-02T18:25,0.18960000574588776,0.18960000574588776,0.1891999989748001,0.18940000236034393,533568
2026-08-02T18:30,0.18930000066757202,0.18950000405311584,0.1889999955892563,0.18940000236034393,0
2026-08-02T18:35,0.18960000574588776,0.18970000743865967,0.18940000236034393,0.18950000405311584,0
2026-08-02T18:40,0.18950000405311584,0.18979999423027039,0.18940000236034393,0.18940000236034393,0
2026-08-02T18:45,0.18950000405311584,0.18950000405311584,0.1891999989748001,0.18930000066757202,0
2026-08-02T18:50,0.1891999989748001,0.1891999989748001,0.1889999955892563,0.1889999955892563,0
2026-08-02T18:55,0.1890999972820282,0.1891999989748001,0.18880000710487366,0.1889999955892563,0
2026-08-02T19:00,0.1889999955892563,0.18950000405311584,0.18889999389648438,0.18930000066757202,0
2026-08-02T19:05,0.18940000236034393,0.18950000405311584,0.18880000710487366,0.18889999389648438,0
2026-08-02T19:10,0.18889999389648438,0.1889999955892563,0.18860000371932983,0.18860000371932983,0
2026-08-02T19:15,0.18850000202655792,0.1890999972820282,0.18850000202655792,0.1889999955892563,0
2026-08-02T19:20,0.1889999955892563,0.1889999955892563,0.18850000202655792,0.18850000202655792,239040
2026-08-02T19:25,0.18850000202655792,0.18860000371932983,0.188400000333786,0.18850000202655792,0
2026-08-02T19:30,0.18850000202655792,0.18889999389648438,0.18850000202655792,0.18889999389648438,268352
2026-08-02T19:35,0.18889999389648438,0.1889999955892563,0.18860000371932983,0.18860000371932983,44416
2026-08-02T19:40,0.18860000371932983,0.18870000541210175,0.18860000371932983,0.18870000541210175,0
2026-08-02T19:45,0.18870000541210175,0.18889999389648438,0.18870000541210175,0.18880000710487366,0
2026-08-02T19:50,0.18870000541210175,0.18880000710487366,0.188400000333786,0.18850000202655792,0
2026-08-02T19:55,0.18850000202655792,0.18850000202655792,0.1882999986410141,0.1882999986410141,0
2026-08-02T20:00,0.1881999969482422,0.18880000710487366,0.18809999525547028,0.18809999525547028,0
2026-08-02T20:05,0.18809999525547028,0.18889999389648438,0.18809999525547028,0.18880000710487366,87488
2026-08-02T20:10,0.18870000541210175,0.18880000710487366,0.188400000333786,0.18850000202655792,2290304
2026-08-02T20:15,0.18850000202655792,0.18889999389648438,0.1882999986410141,0.18889999389648438,202368
2026-08-02T20:20,0.18889999389648438,0.18889999389648438,0.18870000541210175,0.18880000710487366,339136
2026-08-02T20:25,0.18880000710487366,0.18889999389648438,0.18860000371932983,0.18880000710487366,0
2026-08-02T20:30,0.18870000541210175,0.18870000541210175,0.1875,0.1876000016927719,0
2026-08-02T20:35,0.1876000016927719,0.1876000016927719,0.18709999322891235,0.1876000016927719,286144
2026-08-02T20:40,0.1875,0.1875,0.1867000013589859,0.18690000474452972,956992
2026-08-02T20:45,0.18690000474452972,0.1873999983072281,0.1868000030517578,0.18729999661445618,1555136
2026-08-02T20:50,0.18719999492168427,0.1873999983072281,0.18719999492168427,0.1873999983072281,1548864
2026-08-02T20:55,0.1873999983072281,0.1876000016927719,0.18719999492168427,0.18729999661445618,0
2026-08-02T21:00,0.1873999983072281,0.1876000016927719,0.18719999492168427,0.1876000016927719,0
2026-08-02T21:05,0.1876000016927719,0.18770000338554382,0.18729999661445618,0.18770000338554382,447296
2026-08-02T21:10,0.18770000338554382,0.188400000333786,0.18770000338554382,0.1881999969482422,1313920
2026-08-02T21:15,0.1881999969482422,0.18860000371932983,0.18790000677108765,0.18850000202655792,183104
2026-08-02T21:20,0.18850000202655792,0.18870000541210175,0.188400000333786,0.18870000541210175,423360
2026-08-02T21:25,0.18870000541210175,0.1889999955892563,0.18870000541210175,0.18889999389648438,180992
2026-08-02T21:30,0.18889999389648438,0.18970000743865967,0.18870000541210175,0.18950000405311584,501376
2026-08-02T21:35,0.18950000405311584,0.1898999959230423,0.18930000066757202,0.18970000743865967,1671360
2026-08-02T21:40,0.18970000743865967,0.18979999423027039,0.18880000710487366,0.18960000574588776,597824
2026-08-02T21:45,0.18960000574588776,0.1899999976158142,0.1890999972820282,0.1891999989748001,808896
2026-08-02T21:50,0.1891999989748001,0.18940000236034393,0.1889999955892563,0.18940000236034393,266176
2026-08-02T21:55,0.1891999989748001,0.18940000236034393,0.1890999972820282,0.1890999972820282,547520
2026-08-02T22:00,0.1891999989748001,0.18970000743865967,0.1889999955892563,0.18970000743865967,0
2026-08-02T22:05,0.18979999423027039,0.18979999423027039,0.18940000236034393,0.18970000743865967,893504
2026-08-02T22:10,0.18979999423027039,0.18979999423027039,0.18930000066757202,0.18930000066757202,272960
2026-08-02T22:15,0.1891999989748001,0.1899999976158142,0.1891999989748001,0.18930000066757202,494976
2026-08-02T22:20,0.18930000066757202,0.18950000405311584,0.18930000066757202,0.18950000405311584,888576
2026-08-02T22:25,0.18950000405311584,0.18950000405311584,0.1890999972820282,0.18930000066757202,194496
2026-08-02T22:30,0.18930000066757202,0.18930000066757202,0.1890999972820282,0.18930000066757202,363392
2026-08-02T22:35,0.18930000066757202,0.19020000100135803,0.1891999989748001,0.18960000574588776,0
2026-08-02T22:40,0.18960000574588776,0.19050000607967377,0.18960000574588776,0.19040000438690186,2470144
2026-08-02T22:45,0.19040000438690186,0.1906999945640564,0.19040000438690186,0.1906999945640564,1980032
2026-08-02T22:50,0.19050000607967377,0.19050000607967377,0.18979999423027039,0.18979999423027039,668416
2026-08-02T22:55,0.1898999959230423,0.1898999959230423,0.18960000574588776,0.18960000574588776,113536
2026-08-02T23:00,0.18950000405311584,0.18979999423027039,0.18930000066757202,0.18940000236034393,0
2026-08-02T23:05,0.18940000236034393,0.18950000405311584,0.1889999955892563,0.18930000066757202,102912
2026-08-02T23:10,0.18940000236034393,0.18940000236034393,0.18860000371932983,0.18860000371932983,0
2026-08-02T23:15,0.18850000202655792,0.18940000236034393,0.18850000202655792,0.18930000066757202,0
2026-08-02T23:20,0.1891999989748001,0.1891999989748001,0.18870000541210175,0.1890999972820282,267264
2026-08-02T23:25,0.1890999972820282,0.1890999972820282,0.18880000710487366,0.18889999389648438,546688
2026-08-02T23:30,0.18880000710487366,0.18889999389648438,0.18809999525547028,0.18880000710487366,433152
2026-08-02T23:35,0.1890999972820282,0.18950000405311584,0.18880000710487366,0.18880000710487366,2337280
2026-08-02T23:40,0.1889999955892563,0.1889999955892563,0.18860000371932983,0.18880000710487366,502784
2026-08-02T23:45,0.18889999389648438,0.1891999989748001,0.18880000710487366,0.1889999955892563,661632
2026-08-02T23:50,0.1889999955892563,0.18940000236034393,0.1889999955892563,0.18930000066757202,994688
2026-08-02T23:55,0.18940000236034393,0.18950000405311584,0.18930000066757202,0.18940000236034393,389056
2026-08-03T00:00,0.18940000236034393,0.18950000405311584,0.1889999955892563,0.1889999955892563,0
2026-08-03T00:05,0.1889999955892563,0.1891999989748001,0.18860000371932983,0.18870000541210175,0
2026-08-03T00:10,0.18870000541210175,0.18889999389648438,0.188400000333786,0.18889999389648438,0
2026-08-03T00:15,0.18880000710487366,0.18880000710487366,0.18850000202655792,0.18870000541210175,0
2026-08-03T00:20,0.18860000371932983,0.1889999955892563,0.18860000371932983,0.18880000710487366,0
2026-08-03T00:25,0.18880000710487366,0.18889999389648438,0.1882999986410141,0.18880000710487366,0
2026-08-03T00:30,0.18880000710487366,0.1891999989748001,0.188400000333786,0.18889999389648438,0
2026-08-03T00:35,0.18889999389648438,0.18940000236034393,0.18880000710487366,0.18930000066757202,614976
2026-08-03T00:40,0.18940000236034393,0.18940000236034393,0.18860000371932983,0.18889999389648438,714368
2026-08-03T00:45,0.18889999389648438,0.18889999389648438,0.188400000333786,0.18860000371932983,0
2026-08-03T00:50,0.18850000202655792,0.18850000202655792,0.1882999986410141,0.18850000202655792,0
2026-08-03T00:55,0.1882999986410141,0.1882999986410141,0.18799999356269836,0.18809999525547028,0
2026-08-03T01:00,0.18799999356269836,0.18799999356269836,0.18770000338554382,0.18799999356269836,0
2026-08-03T01:05,0.18799999356269836,0.18809999525547028,0.1873999983072281,0.18770000338554382,0
2026-08-03T01:10,0.18770000338554382,0.18780000507831573,0.18729999661445618,0.1875,0
2026-08-03T01:15,0.1875,0.1875,0.18709999322891235,0.18719999492168427,0
2026-08-03T01:20,0.18709999322891235,0.18709999322891235,0.18490000069141388,0.1851000040769577,3274624
2026-08-03T01:25,0.18529999256134033,0.18539999425411224,0.18459999561309814,0.1850000023841858,1819520
2026-08-03T01:30,0.18490000069141388,0.18549999594688416,0.18479999899864197,0.18549999594688416,0
2026-08-03T01:35,0.18549999594688416,0.18559999763965607,0.18529999256134033,0.18529999256134033,0
2026-08-03T01:40,0.18529999256134033,0.18549999594688416,0.18520000576972961,0.18549999594688416,0
2026-08-03T01:45,0.18549999594688416,0.18549999594688416,0.18529999256134033,0.18529999256134033,0
2026-08-03T01:50,0.18529999256134033,0.18549999594688416,0.1851000040769577,0.18529999256134033,0
2026-08-03T01:55,0.18529999256134033,0.18549999594688416,0.1851000040769577,0.18549999594688416,0
2026-08-03T02:00,0.18549999594688416,0.18559999763965607,0.18520000576972961,0.18539999425411224,0
2026-08-03T02:05,0.18529999256134033,0.18539999425411224,0.18490000069141388,0.18520000576972961,0
2026-08-03T02:10,0.1851000040769577,0.18559999763965607,0.1851000040769577,0.18549999594688416,0
2026-08-03T02:15,0.18539999425411224,0.18619999289512634,0.18539999425411224,0.18619999289512634,0
2026-08-03T02:20,0.18610000610351562,0.18690000474452972,0.18610000610351562,0.1867000013589859,0
2026-08-03T02:25,0.18690000474452972,0.18709999322891235,0.1859000027179718,0.18619999289512634,0
2026-08-03T02:30,0.18629999458789825,0.18639999628067017,0.1860000044107437,0.18629999458789825,0
2026-08-03T02:35,0.18639999628067017,0.186599999666214,0.18619999289512634,0.18619999289512634,0
2026-08-03T02:40,0.18610000610351562,0.18610000610351562,0.1858000010251999,0.1859000027179718,0
2026-08-03T02:45,0.1859000027179718,0.18649999797344208,0.1858000010251999,0.18649999797344208,0
2026-08-03T02:50,0.18639999628067017,0.186599999666214,0.18619999289512634,0.18629999458789825,0
2026-08-03T02:55,0.18639999628067017,0.18690000474452972,0.18639999628067017,0.1868000030517578,0
2026-08-03T03:00,0.1868000030517578,0.18700000643730164,0.18649999797344208,0.1867000013589859,0
2026-08-03T03:05,0.18649999797344208,0.1867000013589859,0.1860000044107437,0.18619999289512634,0
2026-08-03T03:10,0.18619999289512634,0.18629999458789825,0.1859000027179718,0.1859000027179718,0
2026-08-03T03:15,0.1859000027179718,0.18649999797344208,0.1859000027179718,0.18619999289512634,0
2026-08-03T03:20,0.18619999289512634,0.18629999458789825,0.1860000044107437,0.18619999289512634,0
2026-08-03T03:25,0.18629999458789825,0.18639999628067017,0.18539999425411224,0.1858000010251999,0
2026-08-03T03:30,0.1858000010251999,0.1859000027179718,0.18529999256134033,0.18569999933242798,618496
2026-08-03T03:35,0.1858000010251999,0.1858000010251999,0.1851000040769577,0.1851000040769577,502464
2026-08-03T03:40,0.18520000576972961,0.18549999594688416,0.18520000576972961,0.18539999425411224,36544
2026-08-03T03:45,0.18539999425411224,0.18549999594688416,0.18459999561309814,0.18549999594688416,374272
2026-08-03T03:50,0.18549999594688416,0.18559999763965607,0.18549999594688416,0.18549999594688416,1366720
2026-08-03T03:55,0.18539999425411224,0.18549999594688416,0.18520000576972961,0.18520000576972961,0
2026-08-03T04:00,0.18520000576972961,0.18549999594688416,0.1851000040769577,0.18549999594688416,0
2026-08-03T04:05,0.18539999425411224,0.1858000010251999,0.18529999256134033,0.18539999425411224,0
2026-08-03T04:10,0.18539999425411224,0.18549999594688416,0.18529999256134033,0.18529999256134033,0
2026-08-03T04:15,0.18529999256134033,0.18610000610351562,0.18529999256134033,0.1860000044107437,0
2026-08-03T04:20,0.1859000027179718,0.1868000030517578,0.1859000027179718,0.1867000013589859,0
2026-08-03T04:25,0.18619999289512634,0.18619999289512634,0.1858000010251999,0.1858000010251999,0
2026-08-03T04:30,0.1859000027179718,0.18610000610351562,0.1858000010251999,0.18610000610351562,0
2026-08-03T04:35,0.18610000610351562,0.18619999289512634,0.1859000027179718,0.1859000027179718,0
2026-08-03T04:40,0.1859000027179718,0.1859000027179718,0.18549999594688416,0.18549999594688416,0
2026-08-03T04:45,0.18549999594688416,0.18569999933242798,0.18539999425411224,0.18549999594688416,0
2026-08-03T04:50,0.18539999425411224,0.18539999425411224,0.18490000069141388,0.18490000069141388,0
2026-08-03T04:55,0.1850000023841858,0.1850000023841858,0.18389999866485596,0.18389999866485596,0
2026-08-03T05:00,0.18379999697208405,0.1843000054359436,0.18379999697208405,0.18410000205039978,0
2026-08-03T05:05,0.18410000205039978,0.18449999392032623,0.18410000205039978,0.18440000712871552,0
2026-08-03T05:10,0.18440000712871552,0.18449999392032623,0.1842000037431717,0.1843000054359436,0
2026-08-03T05:15,0.18440000712871552,0.18449999392032623,0.1842000037431717,0.18449999392032623,0
2026-08-03T05:20,0.18449999392032623,0.18449999392032623,0.18410000205039978,0.18410000205039978,0
2026-08-03T05:25,0.18410000205039978,0.18479999899864197,0.18410000205039978,0.18459999561309814,0
2026-08-03T05:30,0.18459999561309814,0.18469999730587006,0.18449999392032623,0.18449999392032623,0
2026-08-03T05:35,0.18449999392032623,0.18469999730587006,0.18440000712871552,0.18440000712871552,0
2026-08-03T05:40,0.18440000712871552,0.18479999899864197,0.18440000712871552,0.18449999392032623,0
2026-08-03T05:45,0.18449999392032623,0.18479999899864197,0.18440000712871552,0.18479999899864197,0
2026-08-03T05:50,0.18479999899864197,0.1850000023841858,0.18459999561309814,0.18479999899864197,0
2026-08-03T05:55,0.18490000069141388,0.1850000023841858,0.18469999730587006,0.18479999899864197,0
2026-08-03T06:00,0.18479999899864197,0.18479999899864197,0.18440000712871552,0.18440000712871552,0
2026-08-03T06:05,0.18449999392032623,0.18449999392032623,0.1842000037431717,0.1842000037431717,0
2026-08-03T06:10,0.1842000037431717,0.1843000054359436,0.18379999697208405,0.18379999697208405,0
2026-08-03T06:15,0.18369999527931213,0.18369999527931213,0.1835000067949295,0.1835000067949295,0
2026-08-03T06:20,0.1835000067949295,0.18369999527931213,0.1834000051021576,0.18359999358654022,0
2026-08-03T06:25,0.1835000067949295,0.18379999697208405,0.18330000340938568,0.18369999527931213,0
2026-08-03T06:30,0.18369999527931213,0.1842000037431717,0.18359999358654022,0.18410000205039978,0
2026-08-03T06:35,0.18400000035762787,0.1843000054359436,0.18400000035762787,0.18400000035762787,0
2026-08-03T06:40,0.18389999866485596,0.18400000035762787,0.18379999697208405,0.18389999866485596,0
2026-08-03T06:45,0.18400000035762787,0.1842000037431717,0.18389999866485596,0.1842000037431717,0
2026-08-03T06:50,0.1842000037431717,0.18440000712871552,0.18400000035762787,0.18400000035762787,0
2026-08-03T06:55,0.18389999866485596,0.18400000035762787,0.1835000067949295,0.1835000067949295,0
2026-08-03T07:00,0.1835000067949295,0.18379999697208405,0.1834000051021576,0.18369999527931213,0
2026-08-03T07:05,0.18369999527931213,0.18410000205039978,0.18359999358654022,0.18389999866485596,0
2026-08-03T07:10,0.18389999866485596,0.18400000035762787,0.18310000002384186,0.1834000051021576,0
2026-08-03T07:15,0.18330000340938568,0.18359999358654022,0.18320000171661377,0.18320000171661377,0
2026-08-03T07:20,0.18320000171661377,0.18359999358654022,0.18299999833106995,0.18359999358654022,0
2026-08-03T07:25,0.18359999358654022,0.18400000035762787,0.18359999358654022,0.18400000035762787,0
2026-08-03T07:30,0.18389999866485596,0.18400000035762787,0.18359999358654022,0.18400000035762787,0
2026-08-03T07:35,0.18400000035762787,0.18400000035762787,0.18330000340938568,0.18330000340938568,0
2026-08-03T07:40,0.18330000340938568,0.18330000340938568,0.18310000002384186,0.18310000002384186,0
2026-08-03T07:45,0.18299999833106995,0.18320000171661377,0.18289999663829803,0.18320000171661377,0
2026-08-03T07:50,0.18310000002384186,0.18310000002384186,0.18240000307559967,0.18240000307559967,0
2026-08-03T07:55,0.18240000307559967,0.18299999833106995,0.18240000307559967,0.18250000476837158,196800
2026-08-03T08:00,0.18250000476837158,0.1826999932527542,0.18240000307559967,0.18240000307559967,0
2026-08-03T08:05,0.1826999932527542,0.18279999494552612,0.18250000476837158,0.1826000064611435,0
2026-08-03T08:10,0.18250000476837158,0.1826000064611435,0.18240000307559967,0.18250000476837158,0
2026-08-03T08:15,0.18250000476837158,0.18250000476837158,0.1818999946117401,0.1818999946117401,0
2026-08-03T08:20,0.1818999946117401,0.18199999630451202,0.18150000274181366,0.1817999929189682,900032
2026-08-03T08:25,0.1817999929189682,0.1817999929189682,0.18140000104904175,0.1817999929189682,1342976
2026-08-03T08:30,0.18170000612735748,0.18199999630451202,0.18150000274181366,0.18199999630451202,428864
2026-08-03T08:35,0.18199999630451202,0.18230000138282776,0.1817999929189682,0.1818999946117401,395968
2026-08-03T08:40,0.18209999799728394,0.18389999866485596,0.18209999799728394,0.1835000067949295,267712
2026-08-03T08:45,0.18359999358654022,0.1843000054359436,0.1835000067949295,0.1842000037431717,1374976
2026-08-03T08:50,0.18410000205039978,0.18410000205039978,0.18379999697208405,0.18400000035762787,890496
2026-08-03T08:55,0.18389999866485596,0.18400000035762787,0.18369999527931213,0.18369999527931213,0
2026-08-03T09:00,0.18369999527931213,0.18369999527931213,0.18359999358654022,0.18369999527931213,0
2026-08-03T09:05,0.18359999358654022,0.18379999697208405,0.18359999358654022,0.18379999697208405,0
2026-08-03T09:10,0.18379999697208405,0.18410000205039978,0.18369999527931213,0.18400000035762787,0
2026-08-03T09:15,0.18400000035762787,0.1842000037431717,0.18379999697208405,0.18400000035762787,0
2026-08-03T09:20,0.18410000205039978,0.18440000712871552,0.18400000035762787,0.18440000712871552,99776
2026-08-03T09:25,0.1843000054359436,0.18440000712871552,0.1843000054359436,0.18440000712871552,0
2026-08-03T09:30,0.18440000712871552,0.18529999256134033,0.1843000054359436,0.1851000040769577,0
2026-08-03T09:35,0.1851000040769577,0.18639999628067017,0.1851000040769577,0.1859000027179718,0
2026-08-03T09:40,0.1859000027179718,0.1868000030517578,0.1858000010251999,0.1867000013589859,2049344
2026-08-03T09:45,0.1867000013589859,0.1867000013589859,0.18619999289512634,0.18619999289512634,3307840
2026-08-03T09:50,0.18619999289512634,0.1868000030517578,0.18619999289512634,0.186599999666214,0
2026-08-03T09:55,0.18649999797344208,0.18709999322891235,0.18649999797344208,0.1867000013589859,0
2026-08-03T10:00,0.1868000030517578,0.1873999983072281,0.1867000013589859,0.1868000030517578,0
2026-08-03T10:05,0.1867000013589859,0.1868000030517578,0.18629999458789825,0.18639999628067017,0
2026-08-03T10:10,0.18639999628067017,0.186599999666214,0.1860000044107437,0.1860000044107437,0
2026-08-03T10:15,0.18619999289512634,0.18629999458789825,0.1860000044107437,0.18629999458789825,0
2026-08-03T10:20,0.18639999628067017,0.18700000643730164,0.18639999628067017,0.18649999797344208,0
2026-08-03T10:25,0.18649999797344208,0.186599999666214,0.1860000044107437,0.18619999289512634,0
2026-08-03T10:30,0.18610000610351562,0.1873999983072281,0.18610000610351562,0.18709999322891235,0
2026-08-03T10:35,0.18700000643730164,0.18799999356269836,0.18690000474452972,0.18799999356269836,2773120
2026-08-03T10:40,0.18809999525547028,0.18809999525547028,0.18700000643730164,0.18700000643730164,1678656
2026-08-03T10:45,0.18690000474452972,0.18700000643730164,0.18649999797344208,0.186599999666214,0
2026-08-03T10:50,0.186599999666214,0.18690000474452972,0.186599999666214,0.1868000030517578,0
2026-08-03T10:55,0.18690000474452972,0.18729999661445618,0.1868000030517578,0.18709999322891235,0
2026-08-03T11:00,0.18700000643730164,0.18719999492168427,0.1867000013589859,0.1868000030517578,0
2026-08-03T11:05,0.186599999666214,0.1867000013589859,0.1859000027179718,0.1859000027179718,223872
2026-08-03T11:10,0.1860000044107437,0.18639999628067017,0.18569999933242798,0.18629999458789825,476352
2026-08-03T11:15,0.18619999289512634,0.1867000013589859,0.18610000610351562,0.1867000013589859,635712
2026-08-03T11:20,0.186599999666214,0.18729999661445618,0.186599999666214,0.18700000643730164,0
2026-08-03T11:25,0.18700000643730164,0.18709999322891235,0.1867000013589859,0.1867000013589859,0
2026-08-03T11:30,0.1868000030517578,0.18700000643730164,0.1868000030517578,0.18700000643730164,0
2026-08-03T11:35,0.18700000643730164,0.18770000338554382,0.18700000643730164,0.18770000338554382,0
2026-08-03T11:40,0.1875,0.1876000016927719,0.18719999492168427,0.1875,693952
2026-08-03T11:45,0.1875,0.18770000338554382,0.18719999492168427,0.18719999492168427,0
2026-08-03T11:50,0.18719999492168427,0.18719999492168427,0.1868000030517578,0.1868000030517578,0
2026-08-03T11:55,0.18690000474452972,0.18690000474452972,0.18619999289512634,0.18619999289512634,0
2026-08-03T12:00,0.18619999289512634,0.18639999628067017,0.18569999933242798,0.18619999289512634,0
2026-08-03T12:05,0.18619999289512634,0.1867000013589859,0.18619999289512634,0.1867000013589859,0
2026-08-03T12:10,0.186599999666214,0.1875,0.186599999666214,0.1873999983072281,0
2026-08-03T12:15,0.1873999983072281,0.1881999969482422,0.18729999661445618,0.18799999356269836,0
2026-08-03T12:20,0.18870000541210175,0.18870000541210175,0.1876000016927719,0.1876000016927719,171936
2026-08-03T12:25,0.1876000016927719,0.1876000016927719,0.18709999322891235,0.1875,189344
2026-08-03T12:30,0.1875,0.1881999969482422,0.1873999983072281,0.1876000016927719,0
2026-08-03T12:35,0.1875,0.1876000016927719,0.1873999983072281,0.1876000016927719,0
2026-08-03T12:40,0.1875,0.18870000541210175,0.1875,0.18860000371932983,0
2026-08-03T12:45,0.18860000371932983,0.1889999955892563,0.18850000202655792,0.18880000710487366,1060736
2026-08-03T12:50,0.1890999972820282,0.18950000405311584,0.18889999389648438,0.18940000236034393,707392
2026-08-03T12:55,0.18930000066757202,0.18940000236034393,0.18870000541210175,0.18880000710487366,0
2026-08-03T13:00,0.18889999389648438,0.1891999989748001,0.18880000710487366,0.1889999955892563,0
2026-08-03T13:05,0.1889999955892563,0.18950000405311584,0.18870000541210175,0.18940000236034393,0
2026-08-03T13:10,0.18950000405311584,0.19030000269412994,0.18950000405311584,0.1899999976158142,1041024
2026-08-03T13:15,0.1899999976158142,0.19050000607967377,0.1898999959230423,0.19050000607967377,1507552
2026-08-03T13:20,0.1906999945640564,0.19099999964237213,0.18979999423027039,0.19030000269412994,0
2026-08-03T13:25,0.19040000438690186,0.19059999287128448,0.18960000574588776,0.18979999423027039,5568
2026-08-03T13:30,0.18979999423027039,0.1899999976158142,0.18930000066757202,0.18979999423027039,0
2026-08-03T13:35,0.18970000743865967,0.19099999964237213,0.18970000743865967,0.19089999794960022,0
2026-08-03T13:40,0.19140000641345978,0.19140000641345978,0.19059999287128448,0.19110000133514404,0
2026-08-03T13:45,0.19120000302791595,0.19130000472068787,0.19059999287128448,0.19110000133514404,0
2026-08-03T13:50,0.19110000133514404,0.19370000064373016,0.19110000133514404,0.19329999387264252,0
2026-08-03T13:55,0.19349999725818634,0.19439999759197235,0.19290000200271606,0.19439999759197235,5096352
2026-08-03T14:00,0.19439999759197235,0.19509999454021454,0.19370000064373016,0.19419999420642853,0
2026-08-03T14:05,0.19429999589920044,0.19550000131130219,0.1941000074148178,0.19449999928474426,0
2026-08-03T14:10,0.19449999928474426,0.1949000060558319,0.1923999935388565,0.19259999692440033,2273344
2026-08-03T14:15,0.19249999523162842,0.19249999523162842,0.19089999794960022,0.19120000302791595,4099168
2026-08-03T14:20,0.19120000302791595,0.19120000302791595,0.1899999976158142,0.1906999945640564,2087200
2026-08-03T14:25,0.1906999945640564,0.19200000166893005,0.19040000438690186,0.19130000472068787,5237760
2026-08-03T14:30,0.19120000302791595,0.1914999932050705,0.19040000438690186,0.19040000438690186,2670912
2026-08-03T14:35,0.19050000607967377,0.1906999945640564,0.18979999423027039,0.19009999930858612,1170528
2026-08-03T14:40,0.1898999959230423,0.19009999930858612,0.18930000066757202,0.18930000066757202,456576
2026-08-03T14:45,0.1891999989748001,0.18979999423027039,0.1890999972820282,0.18940000236034393,1620352
2026-08-03T14:50,0.18960000574588776,0.19020000100135803,0.18960000574588776,0.19020000100135803,1904960
2026-08-03T14:55,0.19009999930858612,0.19020000100135803,0.18960000574588776,0.1898999959230423,784096
2026-08-03T15:00,0.18979999423027039,0.19059999287128448,0.18940000236034393,0.19059999287128448,0
2026-08-03T15:05,0.19040000438690186,0.19089999794960022,0.18979999423027039,0.1907999962568283,4722592
2026-08-03T15:10,0.19089999794960022,0.19189999997615814,0.19089999794960022,0.1915999948978424,2166592
2026-08-03T15:15,0.19169999659061432,0.19269999861717224,0.19120000302791595,0.19259999692440033,3481920
2026-08-03T15:20,0.19280000030994415,0.19329999387264252,0.19280000030994415,0.1932000070810318,3962432
2026-08-03T15:25,0.1931000053882599,0.19419999420642853,0.19249999523162842,0.19269999861717224,3997824
2026-08-03T15:30,0.19280000030994415,0.19370000064373016,0.19280000030994415,0.19280000030994415,1336128
2026-08-03T15:35,0.19290000200271606,0.19419999420642853,0.19259999692440033,0.19419999420642853,2726464
2026-08-03T15:40,0.1941000074148178,0.19429999589920044,0.19349999725818634,0.1941000074148178,1166976
2026-08-03T15:45,0.1941000074148178,0.19470000267028809,0.19380000233650208,0.19429999589920044,1394304
2026-08-03T15:50,0.19439999759197235,0.19519999623298645,0.19439999759197235,0.19499999284744263,3387968
2026-08-03T15:55,0.19509999454021454,0.19589999318122864,0.19470000267028809,0.19580000638961792,4830016
2026-08-03T16:00,0.195700004696846,0.195700004696846,0.19419999420642853,0.19539999961853027,1169600
2026-08-03T16:05,0.1949000060558319,0.19519999623298645,0.19359999895095825,0.19439999759197235,4131008
2026-08-03T16:10,0.19419999420642853,0.19470000267028809,0.19370000064373016,0.1940000057220459,3163392
2026-08-03T16:15,0.19380000233650208,0.1941000074148178,0.19290000200271606,0.1931000053882599,3466112
2026-08-03T16:20,0.1932000070810318,0.1932000070810318,0.19259999692440033,0.1932000070810318,3475968
2026-08-03T16:25,0.1931000053882599,0.19339999556541443,0.19200000166893005,0.1923999935388565,2160320
2026-08-03T16:30,0.1923000067472458,0.19269999861717224,0.19220000505447388,0.19269999861717224,1048704
2026-08-03T16:35,0.19249999523162842,0.1931000053882599,0.19249999523162842,0.19290000200271606,1133440
2026-08-03T16:40,0.19290000200271606,0.19300000369548798,0.19200000166893005,0.19249999523162842,1216960
2026-08-03T16:45,0.19259999692440033,0.1931000053882599,0.19249999523162842,0.19249999523162842,199040
2026-08-03T16:50,0.19259999692440033,0.19290000200271606,0.19220000505447388,0.1923999935388565,34624
2026-08-03T16:55,0.19249999523162842,0.19249999523162842,0.19189999997615814,0.19210000336170197,822848
2026-08-03T17:00,0.19220000505447388,0.1923999935388565,0.19169999659061432,0.19210000336170197,0
2026-08-03T17:05,0.19210000336170197,0.1923999935388565,0.19189999997615814,0.19220000505447388,2854208
2026-08-03T17:10,0.19220000505447388,0.1923999935388565,0.19189999997615814,0.19200000166893005,886656
2026-08-03T17:15,0.19210000336170197,0.1923000067472458,0.19169999659061432,0.19169999659061432,497664
2026-08-03T17:20,0.19179999828338623,0.19220000505447388,0.19110000133514404,0.19220000505447388,1502208
2026-08-03T17:25,0.19200000166893005,0.19220000505447388,0.1914999932050705,0.19189999997615814,2066176
2026-08-03T17:30,0.19189999997615814,0.19189999997615814,0.19120000302791595,0.19140000641345978,1372992
2026-08-03T17:35,0.1914999932050705,0.1914999932050705,0.19059999287128448,0.19120000302791595,403264
2026-08-03T17:40,0.19120000302791595,0.1915999948978424,0.19120000302791595,0.1914999932050705,2017536
2026-08-03T17:45,0.1914999932050705,0.19169999659061432,0.19120000302791595,0.19169999659061432,514368
2026-08-03T17:50,0.1915999948978424,0.19179999828338623,0.19140000641345978,0.19140000641345978,927232
2026-08-03T17:55,0.19140000641345978,0.1915999948978424,0.19120000302791595,0.19140000641345978,1079936
2026-08-03T18:00,0.19140000641345978,0.19189999997615814,0.19140000641345978,0.19179999828338623,0
2026-08-03T18:05,0.19179999828338623,0.19269999861717224,0.19179999828338623,0.19249999523162842,1228736
2026-08-03T18:10,0.19249999523162842,0.19290000200271606,0.19200000166893005,0.19290000200271606,490880
2026-08-03T18:15,0.19280000030994415,0.19290000200271606,0.19269999861717224,0.19269999861717224,215872
2026-08-03T18:20,0.19280000030994415,0.19329999387264252,0.1923000067472458,0.1931000053882599,687936
2026-08-03T18:25,0.1931000053882599,0.19329999387264252,0.19269999861717224,0.1931000053882599,2032384
2026-08-03T18:30,0.19329999387264252,0.1940000057220459,0.19329999387264252,0.1940000057220459,2150720
2026-08-03T18:35,0.19429999589920044,0.19449999928474426,0.193900004029274,0.193900004029274,2389696
2026-08-03T18:40,0.19380000233650208,0.19480000436306,0.19370000064373016,0.19449999928474426,778752
2026-08-03T18:45,0.19449999928474426,0.19480000436306,0.193900004029274,0.1941000074148178,1716224
2026-08-03T18:50,0.1941000074148178,0.1941000074148178,0.19370000064373016,0.19380000233650208,436288
2026-08-03T18:55,0.19370000064373016,0.1941000074148178,0.19359999895095825,0.1941000074148178,1470208
2026-08-03T19:00,0.1940000057220459,0.19419999420642853,0.19359999895095825,0.19419999420642853,0
2026-08-03T19:05,0.19419999420642853,0.19470000267028809,0.1940000057220459,0.1940000057220459,2083328
2026-08-03T19:10,0.193900004029274,0.19419999420642853,0.19380000233650208,0.1940000057220459,0
2026-08-03T19:15,0.1940000057220459,0.19499999284744263,0.1940000057220459,0.19439999759197235,692736
2026-08-03T19:20,0.19419999420642853,0.19460000097751617,0.1941000074148178,0.19439999759197235,1306048
2026-08-03T19:25,0.19439999759197235,0.19470000267028809,0.1941000074148178,0.19460000097751617,631616
2026-08-03T19:30,0.19439999759197235,0.19460000097751617,0.19429999589920044,0.19449999928474426,1414336
2026-08-03T19:35,0.19449999928474426,0.19449999928474426,0.19339999556541443,0.19348999857902527,0
2026-08-03T19:40,0.19339999556541443,0.19407999515533447,0.19339999556541443,0.19391000270843506,743168
2026-08-03T19:45,0.19391000270843506,0.1945199966430664,0.19391000270843506,0.1942099928855896,1689408
2026-08-03T19:50,0.1941000074148178,0.1944900006055832,0.1941000074148178,0.19434000551700592,1721920
2026-08-03T19:55,0.19415999948978424,0.19415999948978424,0.19348999857902527,0.19349999725818634,63744
2026-08-03T20:00,0.19359000027179718,0.19381999969482422,0.1931000053882599,0.19381999969482422,0
2026-08-03T20:05,0.19367000460624695,0.19458000361919403,0.19367000460624695,0.19452999532222748,985536
2026-08-03T20:10,0.19457000494003296,0.1945900022983551,0.19402000308036804,0.19404000043869019,0
2026-08-03T20:15,0.19405999779701233,0.19470000267028809,0.19405999779701233,0.1945900022983551,0
2026-08-03T20:20,0.1945199966430664,0.19460000097751617,0.193900004029274,0.19399000704288483,421760
2026-08-03T20:25,0.1939300000667572,0.1942799985408783,0.1936500072479248,0.1941400021314621,149696
2026-08-03T20:30,0.19418999552726746,0.19460999965667725,0.19418999552726746,0.19444000720977783,1862720
2026-08-03T20:35,0.19439999759197235,0.19457000494003296,0.19401000440120697,0.19401000440120697,0
2026-08-03T20:40,0.19401000440120697,0.19475999474525452,0.1940000057220459,0.19464999437332153,0
2026-08-03T20:45,0.19457000494003296,0.19457000494003296,0.193900004029274,0.193900004029274,0
2026-08-03T20:50,0.1940000057220459,0.19450999796390533,0.1940000057220459,0.19436000287532806,0
2026-08-03T20:55,0.1943800002336502,0.19440999627113342,0.1941699981689453,0.19431999325752258,427840
2026-08-03T21:00,0.1943099945783615,0.19467000663280487,0.1943099945783615,0.19450999796390533,0
2026-08-03T21:05,0.19449999928474426,0.19449999928474426,0.19318999350070953,0.19323000311851501,0
2026-08-03T21:10,0.1931699961423874,0.19370000064373016,0.19290000200271606,0.19370000064373016,0
2026-08-03T21:15,0.19380000233650208,0.1940300017595291,0.19352999329566956,0.19388000667095184,1243904
2026-08-03T21:20,0.19393999874591827,0.19395999610424042,0.19346000254154205,0.19380000233650208,919744
2026-08-03T21:25,0.1938299983739853,0.19405999779701233,0.19368000328540802,0.1940000057220459,468160
2026-08-03T21:30,0.1940000057220459,0.1941000074148178,0.1935800015926361,0.19359000027179718,374912
2026-08-03T21:35,0.19359000027179718,0.19362999498844147,0.1931000053882599,0.19311000406742096,0
2026-08-03T21:40,0.19311000406742096,0.19335000216960907,0.19296999275684357,0.19303999841213226,0
2026-08-03T21:45,0.19303999841213226,0.19366000592708588,0.19302000105381012,0.19349999725818634,0
2026-08-03T21:50,0.19363999366760254,0.19383999705314636,0.19352999329566956,0.1936500072479248,0
2026-08-03T21:55,0.19374999403953552,0.193900004029274,0.19352999329566956,0.19380000233650208,0
2026-08-03T22:00,0.19377000629901886,0.19380000233650208,0.19317999482154846,0.19349999725818634,0
2026-08-03T22:05,0.19339999556541443,0.19359999895095825,0.19290000200271606,0.19359999895095825,0
2026-08-03T22:10,0.19370000064373016,0.19449999928474426,0.19368000328540802,0.19380000233650208,939264
2026-08-03T22:15,0.19380000233650208,0.19392000138759613,0.19348999857902527,0.19348999857902527,0
2026-08-03T22:20,0.19359999895095825,0.19388000667095184,0.19349999725818634,0.19367000460624695,0
2026-08-03T22:25,0.19370000064373016,0.19372999668121338,0.19332000613212585,0.19332000613212585,0
2026-08-03T22:30,0.19329999387264252,0.1934099942445755,0.1929900050163269,0.1930599957704544,0
2026-08-03T22:35,0.19294999539852142,0.19345000386238098,0.19283999502658844,0.19309000670909882,0
2026-08-03T22:40,0.19312000274658203,0.19317999482154846,0.1924699991941452,0.19276000559329987,484672
2026-08-03T22:45,0.1927500069141388,0.1941000074148178,0.1927500069141388,0.19384999573230743,3093888
2026-08-03T22:50,0.19395999610424042,0.19512000679969788,0.19395999610424042,0.1945600062608719,3825408
2026-08-03T22:55,0.19449999928474426,0.19499999284744263,0.19449999928474426,0.19483999907970428,4905152
2026-08-03T23:00,0.1949000060558319,0.1955299973487854,0.19464999437332153,0.1951500028371811,0
2026-08-03T23:05,0.1950400024652481,0.19529999792575836,0.19349999725818634,0.19395999610424042,6410496
2026-08-03T23:10,0.19378000497817993,0.19454999268054962,0.19332000613212585,0.19374999403953552,7801920
2026-08-03T23:15,0.19377000629901886,0.19426000118255615,0.1935500055551529,0.19357000291347504,384512
2026-08-03T23:20,0.19370000064373016,0.1940300017595291,0.19354000687599182,0.1938599944114685,1518336
2026-08-03T23:25,0.19370000064373016,0.19426999986171722,0.19359999895095825,0.1942099928855896,478464
2026-08-03T23:30,0.19423000514507294,0.19468000531196594,0.19388000667095184,0.1939699947834015,215168
2026-08-03T23:35,0.19399000704288483,0.19401000440120697,0.19345000386238098,0.19349999725818634,0
2026-08-03T23:40,0.19339999556541443,0.19402000308036804,0.19339999556541443,0.19391000270843506,0
2026-08-03T23:45,0.19370000064373016,0.19388000667095184,0.1933099925518036,0.1933099925518036,51008
2026-08-03T23:50,0.19332000613212585,0.19383999705314636,0.19314999878406525,0.19349999725818634,38528
2026-08-03T23:55,0.19348999857902527,0.19393999874591827,0.1934099942445755,0.19349999725818634,1936576
2026-08-04T00:00,0.19359999895095825,0.193790003657341,0.19329999387264252,0.19359999895095825,0
2026-08-04T00:05,0.19351999461650848,0.19395999610424042,0.19349999725818634,0.19381999969482422,3589568
2026-08-04T00:10,0.19402000308036804,0.19415000081062317,0.1926099956035614,0.1926099956035614,72704
2026-08-04T00:15,0.19283999502658844,0.19383999705314636,0.19283999502658844,0.19314000010490417,1661504
2026-08-04T00:20,0.1929599940776825,0.19307999312877655,0.1928199976682663,0.1930299997329712,1527552
2026-08-04T00:25,0.19302000105381012,0.19314000010490417,0.19246000051498413,0.19266000390052795,664000
2026-08-04T00:30,0.1926400065422058,0.1929199993610382,0.19232000410556793,0.1923999935388565,251008
2026-08-04T00:35,0.19234000146389008,0.1926400065422058,0.19208000600337982,0.1922300010919571,0
2026-08-04T00:40,0.19210000336170197,0.192440003156662,0.19196000695228577,0.19203999638557434,0
2026-08-04T00:45,0.1921200007200241,0.1921200007200241,0.191880002617836,0.19208000600337982,123904
2026-08-04T00:50,0.1920900046825409,0.1923999935388565,0.19179999828338623,0.19179999828338623,0
2026-08-04T00:55,0.19187000393867493,0.19211000204086304,0.19169999659061432,0.19189999997615814,272256
2026-08-04T01:00,0.19200000166893005,0.19231000542640686,0.19155000150203705,0.19178999960422516,0
2026-08-04T01:05,0.19179999828338623,0.1919099986553192,0.19144000113010406,0.1914999932050705,443392
2026-08-04T01:10,0.19140000641345978,0.19140000641345978,0.19121000170707703,0.19130000472068787,0
2026-08-04T01:15,0.19130000472068787,0.1917099952697754,0.19099999964237213,0.1917099952697754,0
2026-08-04T01:20,0.1918099969625473,0.19200000166893005,0.1916700005531311,0.19185000658035278,0
2026-08-04T01:25,0.19176000356674194,0.19177000224590302,0.19136999547481537,0.19148999452590942,0
2026-08-04T01:30,0.1914999932050705,0.19234000146389008,0.19142000377178192,0.19223999977111816,0
2026-08-04T01:35,0.1923999935388565,0.1923999935388565,0.19197000563144684,0.19197000563144684,0
2026-08-04T01:40,0.19205999374389648,0.19261999428272247,0.19205999374389648,0.19227999448776245,157184
2026-08-04T01:45,0.1923000067472458,0.19231000542640686,0.19189000129699707,0.1922599971294403,0
2026-08-04T01:50,0.19231000542640686,0.19280000030994415,0.19200000166893005,0.19265000522136688,146816
2026-08-04T01:55,0.19265000522136688,0.19279000163078308,0.1923999935388565,0.19279000163078308,1361984
2026-08-04T02:00,0.19267000257968903,0.19273999333381653,0.192440003156662,0.192440003156662,0
2026-08-04T02:05,0.19247999787330627,0.19293999671936035,0.1923999935388565,0.1923999935388565,0
2026-08-04T02:10,0.1924699991941452,0.19247999787330627,0.1919800043106079,0.1919800043106079,0
2026-08-04T02:15,0.19200000166893005,0.19200000166893005,0.19141000509262085,0.19141000509262085,0
2026-08-04T02:20,0.19144000113010406,0.1914999932050705,0.19128000736236572,0.1914999932050705,0
2026-08-04T02:25,0.19144000113010406,0.192890003323555,0.19144000113010406,0.1923999935388565,0
2026-08-04T02:30,0.19238999485969543,0.19268999993801117,0.19222000241279602,0.19238999485969543,3641408
2026-08-04T02:35,0.19235999882221222,0.19294999539852142,0.19235999882221222,0.19267000257968903,1497024
2026-08-04T02:40,0.19259999692440033,0.19293999671936035,0.19257000088691711,0.19293999671936035,1013312
2026-08-04T02:45,0.19292999804019928,0.19362999498844147,0.19253000617027283,0.19349999725818634,976576
2026-08-04T02:50,0.1933699995279312,0.19558000564575195,0.1932000070810318,0.19473999738693237,6680640
2026-08-04T02:55,0.19482000172138214,0.1953900009393692,0.19469000399112701,0.19518999755382538,9511424
2026-08-04T03:00,0.19524000585079193,0.19649000465869904,0.19514000415802002,0.1951799988746643,3735424
2026-08-04T03:05,0.1953199952840805,0.1953199952840805,0.19423000514507294,0.19438999891281128,8285312
2026-08-04T03:10,0.19433000683784485,0.19433000683784485,0.19372999668121338,0.1940000057220459,947840
2026-08-04T03:15,0.19380000233650208,0.19449999928474426,0.19380000233650208,0.19426999986171722,590464
2026-08-04T03:20,0.19415000081062317,0.19450999796390533,0.19402000308036804,0.19411000609397888,1110400
2026-08-04T03:25,0.19415000081062317,0.19535000622272491,0.1934400051832199,0.19485999643802643,860992
2026-08-04T03:30,0.19492000341415405,0.19533999264240265,0.19478000700473785,0.19492000341415405,4671872
2026-08-04T03:35,0.19487999379634857,0.19535000622272491,0.19463999569416046,0.19535000622272491,202048
2026-08-04T03:40,0.19535000622272491,0.1970600038766861,0.19535000622272491,0.1968899965286255,3004096
2026-08-04T03:45,0.19704000651836395,0.19710999727249146,0.1961899995803833,0.19648000597953796,2267392
2026-08-04T03:50,0.19643999636173248,0.19704000651836395,0.196260005235672,0.19643999636173248,1355008
2026-08-04T03:55,0.1964000016450882,0.19678999483585358,0.19609999656677246,0.19663000106811523,1143680
2026-08-04T04:00,0.19657999277114868,0.19670000672340393,0.19619999825954437,0.19637000560760498,0
2026-08-04T04:05,0.19639000296592712,0.19711999595165253,0.19617000222206116,0.19711999595165253,2218240
2026-08-04T04:10,0.19705000519752502,0.1979600042104721,0.19705000519752502,0.19764000177383423,2897216
2026-08-04T04:15,0.197610005736351,0.1992100030183792,0.197610005736351,0.19820000231266022,2332288
2026-08-04T04:20,0.19819000363349915,0.19832000136375427,0.1970600038766861,0.1970899999141693,4994944
2026-08-04T04:25,0.19705000519752502,0.19709999859333038,0.19509999454021454,0.19509999454021454,125760
2026-08-04T04:30,0.19474999606609344,0.19550000131130219,0.19470000267028809,0.1954600065946579,1817408
2026-08-04T04:35,0.1954600065946579,0.19599999487400055,0.19519999623298645,0.1958799958229065,2919936
2026-08-04T04:40,0.1958400011062622,0.19599999487400055,0.19551999866962433,0.1956000030040741,2491200
2026-08-04T04:45,0.19563999772071838,0.19604000449180603,0.19551999866962433,0.19558000564575195,0
2026-08-04T04:50,0.19555999338626862,0.195700004696846,0.19508999586105347,0.19558000564575195,933440
2026-08-04T04:55,0.19551999866962433,0.19580000638961792,0.19529999792575836,0.19535000622272491,51456
2026-08-04T05:00,0.19535000622272491,0.19588999450206757,0.19518999755382538,0.19584999978542328,0
2026-08-04T05:05,0.1957699954509735,0.1957699954509735,0.1952899992465973,0.19557000696659088,1899264
2026-08-04T05:10,0.19548000395298004,0.19580000638961792,0.19539999961853027,0.19562000036239624,548992
2026-08-04T05:15,0.19562000036239624,0.19571000337600708,0.1949699968099594,0.1950400024652481,0
2026-08-04T05:20,0.19505999982357025,0.19506999850273132,0.19438999891281128,0.19438999891281128,0
2026-08-04T05:25,0.19429999589920044,0.19541999697685242,0.19429999589920044,0.19539999961853027,0
2026-08-04T05:30,0.19533999264240265,0.19568000733852386,0.19505000114440918,0.1950799971818924,1459200
2026-08-04T05:35,0.19505000114440918,0.19524000585079193,0.19497999548912048,0.1951500028371811,514048
2026-08-04T05:40,0.19509999454021454,0.1953900009393692,0.1950100064277649,0.1953900009393692,154304
2026-08-04T05:45,0.1953900009393692,0.19561000168323517,0.1951099932193756,0.19512000679969788,176512
2026-08-04T05:50,0.19499999284744263,0.19562000036239624,0.1949699968099594,0.19533999264240265,399872
2026-08-04T05:55,0.19533999264240265,0.19583000242710114,0.19533999264240265,0.19548000395298004,468288
2026-08-04T06:00,0.195360004901886,0.19539999961853027,0.19516000151634216,0.19538000226020813,0
2026-08-04T06:05,0.19526000320911407,0.19668999314308167,0.1951099932193756,0.19609999656677246,744128
2026-08-04T06:10,0.19623999297618866,0.19699999690055847,0.19623999297618866,0.1964000016450882,2993408
2026-08-04T06:15,0.19634999334812164,0.19634999334812164,0.19562000036239624,0.19580000638961792,0
2026-08-04T06:20,0.19578999280929565,0.1964000016450882,0.19554999470710754,0.19558000564575195,780544
2026-08-04T06:25,0.1956000030040741,0.19628000259399414,0.19559000432491302,0.19568000733852386,882368
2026-08-04T06:30,0.19568000733852386,0.19663000106811523,0.19563999772071838,0.19663000106811523,899712
2026-08-04T06:35,0.19670000672340393,0.19670000672340393,0.1954299956560135,0.1954299956560135,2069120
2026-08-04T06:40,0.19539999961853027,0.19564999639987946,0.19499999284744263,0.19499999284744263,0
2026-08-04T06:45,0.19497999548912048,0.19529999792575836,0.1945199966430664,0.19494999945163727,0
2026-08-04T06:50,0.19487999379634857,0.19513000547885895,0.19449999928474426,0.1945199966430664,1535040
2026-08-04T06:55,0.19439999759197235,0.19519999623298645,0.1940300017595291,0.19517000019550323,391424
2026-08-04T07:00,0.19508999586105347,0.1952199935913086,0.19438999891281128,0.19470000267028809,540032
2026-08-04T07:05,0.19470000267028809,0.19512000679969788,0.19429999589920044,0.19484999775886536,2719616
2026-08-04T07:10,0.19474999606609344,0.19482000172138214,0.19449999928474426,0.1946299970149994,1497664
2026-08-04T07:15,0.1945900022983551,0.19471000134944916,0.19411000609397888,0.19413000345230103,0
2026-08-04T07:20,0.19381000101566315,0.19402000308036804,0.1934099942445755,0.19402000308036804,0
2026-08-04T07:25,0.1940000057220459,0.19518999755382538,0.19380000233650208,0.19518999755382538,2339776
2026-08-04T07:30,0.19509999454021454,0.19598999619483948,0.19506999850273132,0.19535000622272491,3461568
2026-08-04T07:35,0.19535000622272491,0.19580000638961792,0.1951500028371811,0.19580000638961792,2601792
2026-08-04T07:40,0.19578999280929565,0.19578999280929565,0.19550999999046326,0.19564999639987946,1404928
2026-08-04T07:45,0.1954900026321411,0.19569000601768494,0.19535000622272491,0.19550999999046326,649984
2026-08-04T07:50,0.19550999999046326,0.1956000030040741,0.1948300004005432,0.1948300004005432,0
2026-08-04T07:55,0.19484999775886536,0.19497999548912048,0.19454999268054962,0.19454999268054962,0
2026-08-04T08:00,0.19438999891281128,0.19508999586105347,0.19438999891281128,0.19471000134944916,0
2026-08-04T08:05,0.1947699934244156,0.1947699934244156,0.19436000287532806,0.19444000720977783,2180096
2026-08-04T08:10,0.19446000456809998,0.19449999928474426,0.19411000609397888,0.19411000609397888,315264
2026-08-04T08:15,0.19411000609397888,0.19423000514507294,0.19384999573230743,0.19405999779701233,0
2026-08-04T08:20,0.19412000477313995,0.19415999948978424,0.19374999403953552,0.19381000101566315,0
2026-08-04T08:25,0.193900004029274,0.19412000477313995,0.1938599944114685,0.1938599944114685,0
2026-08-04T08:30,0.1938599944114685,0.1938599944114685,0.1934400051832199,0.19363999366760254,0
2026-08-04T08:35,0.19370999932289124,0.19413000345230103,0.19343000650405884,0.19412000477313995,0
2026-08-04T08:40,0.1941000074148178,0.1942099928855896,0.1937599927186966,0.1942099928855896,0
2026-08-04T08:45,0.19418999552726746,0.19454999268054962,0.19388000667095184,0.19448000192642212,0
2026-08-04T08:50,0.1945199966430664,0.1949699968099594,0.19438999891281128,0.1945199966430664,0
2026-08-04T08:55,0.19470000267028809,0.19473999738693237,0.19463999569416046,0.19469000399112701,0
2026-08-04T09:00,0.19460999965667725,0.19562000036239624,0.19460999965667725,0.1956000030040741,0
2026-08-04T09:05,0.19547000527381897,0.19569000601768494,0.19505000114440918,0.19561000168323517,186880
2026-08-04T09:10,0.19561000168323517,0.19565999507904053,0.195250004529953,0.195250004529953,1247936
2026-08-04T09:15,0.19535000622272491,0.19580000638961792,0.19530999660491943,0.19543999433517456,104000
2026-08-04T09:20,0.19543999433517456,0.19689999520778656,0.19543999433517456,0.19645999372005463,465216
2026-08-04T09:25,0.19660000503063202,0.19666999578475952,0.196150004863739,0.19630999863147736,1920960
2026-08-04T09:30,0.1965699940919876,0.19668999314308167,0.19609999656677246,0.19625000655651093,974144
2026-08-04T09:35,0.19609999656677246,0.19633999466896057,0.19598999619483948,0.19598999619483948,0
2026-08-04T09:40,0.19599999487400055,0.19612999260425568,0.1956000030040741,0.19580000638961792,0
2026-08-04T09:45,0.19580000638961792,0.19580000638961792,0.19553999602794647,0.19553999602794647,0
2026-08-04T09:50,0.19572000205516815,0.196150004863739,0.1956699937582016,0.196150004863739,0
2026-08-04T09:55,0.19617000222206116,0.19629999995231628,0.1958799958229065,0.19627000391483307,284096
2026-08-04T10:00,0.19607999920845032,0.19616000354290009,0.19519999623298645,0.19519999623298645,0
2026-08-04T10:05,0.19494999945163727,0.195360004901886,0.19468000531196594,0.19468000531196594,1773248
2026-08-04T10:10,0.19472000002861023,0.19473999738693237,0.19383999705314636,0.193900004029274,2271872
2026-08-04T10:15,0.19381000101566315,0.1942099928855896,0.19354000687599182,0.1942099928855896,2744576
2026-08-04T10:20,0.19423000514507294,0.1947299987077713,0.19422000646591187,0.19449999928474426,2784704
2026-08-04T10:25,0.1945199966430664,0.19487999379634857,0.19449999928474426,0.1945199966430664,708864
2026-08-04T10:30,0.19454999268054962,0.1948699951171875,0.1944199949502945,0.19480000436306,251904
2026-08-04T10:35,0.1947699934244156,0.19495999813079834,0.1945900022983551,0.1948699951171875,0
2026-08-04T10:40,0.19483999907970428,0.19561000168323517,0.19483999907970428,0.19550000131130219,0
2026-08-04T10:45,0.19550999999046326,0.19610999524593353,0.195250004529953,0.195250004529953,646208
2026-08-04T10:50,0.1951099932193756,0.19528000056743622,0.1948699951171875,0.19497999548912048,1706880
2026-08-04T10:55,0.19514000415802002,0.19530999660491943,0.1949000060558319,0.1949000060558319,683328
2026-08-04T11:00,0.19497999548912048,0.19497999548912048,0.19454999268054962,0.19469000399112701,0
2026-08-04T11:05,0.19479000568389893,0.19479000568389893,0.19431999325752258,0.19452999532222748,580416
2026-08-04T11:10,0.19458000361919403,0.19487999379634857,0.19454999268054962,0.1946599930524826,609088
2026-08-04T11:15,0.1945900022983551,0.1949400007724762,0.1945900022983551,0.19471000134944916,0
2026-08-04T11:20,0.19464999437332153,0.19508999586105347,0.19454999268054962,0.19469000399112701,0
2026-08-04T11:25,0.19458000361919403,0.19471000134944916,0.19413000345230103,0.19470000267028809,253824
2026-08-04T11:30,0.19479000568389893,0.19479000568389893,0.19439999759197235,0.1945199966430664,436160
2026-08-04T11:35,0.19450999796390533,0.19498999416828156,0.19438999891281128,0.19498999416828156,0
2026-08-04T11:40,0.19497999548912048,0.19498999416828156,0.19460000097751617,0.19491000473499298,150720
2026-08-04T11:45,0.19478000700473785,0.1949400007724762,0.19449999928474426,0.19454999268054962,0
2026-08-04T11:50,0.19452999532222748,0.19452999532222748,0.19408999383449554,0.19426000118255615,0
2026-08-04T11:55,0.19428999722003937,0.1945199966430664,0.1941699981689453,0.1941699981689453,0
2026-08-04T12:00,0.19408999383449554,0.19423000514507294,0.19370000064373016,0.19417999684810638,0
2026-08-04T12:05,0.19413000345230103,0.19439999759197235,0.19399000704288483,0.19408999383449554,0
2026-08-04T12:10,0.19404999911785126,0.19425000250339508,0.19377000629901886,0.1940699964761734,0
2026-08-04T12:15,0.1941000074148178,0.1941000074148178,0.19366000592708588,0.19381999969482422,0
2026-08-04T12:20,0.19380000233650208,0.19405999779701233,0.19377000629901886,0.1940000057220459,0
2026-08-04T12:25,0.19404000043869019,0.19449999928474426,0.19404000043869019,0.19412000477313995,0
2026-08-04T12:30,0.19419999420642853,0.1946599930524826,0.193900004029274,0.1946599930524826,0
2026-08-04T12:35,0.19449999928474426,0.19498999416828156,0.19449999928474426,0.1947699934244156,1665024
2026-08-04T12:40,0.19467000663280487,0.19492000341415405,0.19458000361919403,0.19492000341415405,27328
2026-08-04T12:45,0.19470000267028809,0.1947699934244156,0.19438999891281128,0.19438999891281128,0
2026-08-04T12:50,0.19452999532222748,0.19479000568389893,0.19452999532222748,0.19470000267028809,0
2026-08-04T12:55,0.19470000267028809,0.19475999474525452,0.1943800002336502,0.19469000399112701,0
2026-08-04T13:00,0.19460999965667725,0.19460999965667725,0.19425000250339508,0.19434000551700592,0
2026-08-04T13:05,0.1943099945783615,0.19481000304222107,0.19415999948978424,0.19458000361919403,0
2026-08-04T13:10,0.19461999833583832,0.1949699968099594,0.19446000456809998,0.19489000737667084,0
2026-08-04T13:15,0.19480000436306,0.1948699951171875,0.19449999928474426,0.19454999268054962,0
2026-08-04T13:20,0.19453999400138855,0.19453999400138855,0.19248999655246735,0.19259999692440033,387776
2026-08-04T13:25,0.19249999523162842,0.19315999746322632,0.19249999523162842,0.19290000200271606,224768
2026-08-04T13:30,0.19277000427246094,0.1932400017976761,0.19257999956607819,0.1931699961423874,254656
2026-08-04T13:35,0.1930299997329712,0.19315999746322632,0.19277000427246094,0.19300000369548798,436800
2026-08-04T13:40,0.19302000105381012,0.19322000443935394,0.19259999692440033,0.19259999692440033,0
2026-08-04T13:45,0.1925099939107895,0.1925099939107895,0.19178999960422516,0.1920199990272522,0
2026-08-04T13:50,0.1920900046825409,0.1923999935388565,0.19182999432086945,0.19187000393867493,0
2026-08-04T13:55,0.1919499933719635,0.19199000298976898,0.19140000641345978,0.19171999394893646,0
2026-08-04T14:00,0.191880002617836,0.19222000241279602,0.19147999584674835,0.19203999638557434,0
2026-08-04T14:05,0.19202999770641327,0.1922300010919571,0.1916700005531311,0.19196000695228577,0
2026-08-04T14:10,0.1919099986553192,0.19202999770641327,0.1916700005531311,0.19189999997615814,0
2026-08-04T14:15,0.19189999997615814,0.19191999733448029,0.1912200003862381,0.19140000641345978,0
2026-08-04T14:20,0.19137999415397644,0.1918099969625473,0.19128000736236572,0.1915300041437149,0
2026-08-04T14:25,0.19140000641345978,0.19231000542640686,0.19140000641345978,0.19226999580860138,0
2026-08-04T14:30,0.19214999675750732,0.1923000067472458,0.19185000658035278,0.1919099986553192,0
2026-08-04T14:35,0.1919499933719635,0.19231000542640686,0.1919099986553192,0.19228999316692352,0
2026-08-04T14:40,0.19235000014305115,0.19301000237464905,0.19235000014305115,0.19300000369548798,642112
2026-08-04T14:45,0.19290000200271606,0.19290000200271606,0.19249999523162842,0.19249999523162842,0
2026-08-04T14:50,0.19242000579833984,0.19259999692440033,0.19226999580860138,0.19259999692440033,0
2026-08-04T14:55,0.19257000088691711,0.1928499937057495,0.19249999523162842,0.19257999956607819,0
2026-08-04T15:00,0.19257000088691711,0.19290000200271606,0.1923999935388565,0.19268999993801117,0
2026-08-04T15:05,0.19259999692440033,0.19287000596523285,0.19235999882221222,0.1925099939107895,0
2026-08-04T15:10,0.1926400065422058,0.192780002951622,0.1923999935388565,0.192780002951622,0
2026-08-04T15:15,0.1926800012588501,0.19292999804019928,0.19242000579833984,0.19249999523162842,0
2026-08-04T15:20,0.19241000711917877,0.19262999296188354,0.19241000711917877,0.19242000579833984,0
2026-08-04T15:25,0.1923999935388565,0.19279000163078308,0.19189999997615814,0.19279000163078308,0
2026-08-04T15:30,0.19269999861717224,0.1934400051832199,0.19269999861717224,0.19290000200271606,109504
2026-08-04T15:35,0.19280000030994415,0.19280999898910522,0.1923999935388565,0.19267000257968903,0
2026-08-04T15:40,0.19269999861717224,0.19356000423431396,0.19267000257968903,0.19352999329566956,0
2026-08-04T15:45,0.193340003490448,0.1936199963092804,0.1931699961423874,0.19333000481128693,0
2026-08-04T15:50,0.1931699961423874,0.19352999329566956,0.1928499937057495,0.19288000464439392,0
2026-08-04T15:55,0.19280999898910522,0.1931300014257431,0.192780002951622,0.19292999804019928,0
2026-08-04T16:00,0.19301000237464905,0.19329999387264252,0.19290000200271606,0.19291000068187714,0
2026-08-04T16:05,0.19304999709129333,0.19304999709129333,0.19273999333381653,0.1928199976682663,0
2026-08-04T16:10,0.19288000464439392,0.1930299997329712,0.19279000163078308,0.19290000200271606,0
2026-08-04T16:15,0.19292999804019928,0.19312000274658203,0.19276000559329987,0.19280000030994415,0
2026-08-04T16:20,0.19276000559329987,0.19318999350070953,0.1927500069141388,0.19294999539852142,0
2026-08-04T16:25,0.19300000369548798,0.19314000010490417,0.1927500069141388,0.19280000030994415,0
2026-08-04T16:30,0.19282999634742737,0.19306999444961548,0.19276000559329987,0.1929199993610382,0
2026-08-04T16:35,0.1928499937057495,0.19296999275684357,0.19247999787330627,0.19267000257968903,0
2026-08-04T16:40,0.1927099972963333,0.19280000030994415,0.192440003156662,0.1926800012588501,0
2026-08-04T16:45,0.19249999523162842,0.19257999956607819,0.19205999374389648,0.19222000241279602,0
2026-08-04T16:50,0.1923000067472458,0.1923000067472458,0.1915999948978424,0.19167999923229218,0
2026-08-04T16:55,0.19172999262809753,0.19201000034809113,0.1917099952697754,0.19200000166893005,0
2026-08-04T17:00,0.19203999638557434,0.19253000617027283,0.19203999638557434,0.19253000617027283,0
2026-08-04T17:05,0.19248999655246735,0.19255000352859497,0.1921200007200241,0.19249999523162842,0
2026-08-04T17:10,0.1924699991941452,0.1924699991941452,0.1922300010919571,0.19227999448776245,0
2026-08-04T17:15,0.192330002784729,0.1923999935388565,0.19189999997615814,0.19211000204086304,0
2026-08-04T17:20,0.19203999638557434,0.1926099956035614,0.1919499933719635,0.19205999374389648,0
2026-08-04T17:25,0.19203999638557434,0.19227999448776245,0.19189999997615814,0.19227999448776245,0
2026-08-04T17:30,0.1921200007200241,0.1921900063753128,0.19179999828338623,0.19200000166893005,0
2026-08-04T17:35,0.1920199990272522,0.19210000336170197,0.1917800009250641,0.19189999997615814,0
2026-08-04T17:40,0.19189999997615814,0.19200000166893005,0.1918099969625473,0.19197000563144684,0
2026-08-04T17:45,0.19191999733448029,0.19192999601364136,0.19134999811649323,0.1913599967956543,0
2026-08-04T17:50,0.1912900060415268,0.19157999753952026,0.19128000736236572,0.19156000018119812,0
2026-08-04T17:55,0.19140000641345978,0.19140000641345978,0.19096000492572784,0.19096000492572784,0
2026-08-04T18:00,0.19103999435901642,0.19133999943733215,0.19092999398708344,0.19122999906539917,0
2026-08-04T18:05,0.1912499964237213,0.19152000546455383,0.1912200003862381,0.19148999452590942,0
2026-08-04T18:10,0.19142000377178192,0.19151000678539276,0.19121000170707703,0.19151000678539276,0
2026-08-04T18:15,0.19160999357700348,0.19183999300003052,0.19140000641345978,0.19183999300003052,0
2026-08-04T18:20,0.191880002617836,0.1920199990272522,0.1917099952697754,0.19181999564170837,753536
2026-08-04T18:25,0.19172999262809753,0.19235000014305115,0.19160999357700348,0.1922300010919571,0
2026-08-04T18:30,0.19193999469280243,0.1920199990272522,0.19169999659061432,0.19169999659061432,0
2026-08-04T18:35,0.19166000187397003,0.19179999828338623,0.19137999415397644,0.19151000678539276,0
2026-08-04T18:40,0.1914999932050705,0.1915999948978424,0.19141000509262085,0.19158999621868134,0
2026-08-04T18:45,0.19169999659061432,0.1918099969625473,0.19136999547481537,0.19144000113010406,0
2026-08-04T18:50,0.19151000678539276,0.19151000678539276,0.19133999943733215,0.19137999415397644,0
2026-08-04T18:55,0.19137999415397644,0.1914599984884262,0.19117000699043274,0.19126999378204346,0
2026-08-04T19:00,0.1912499964237213,0.19151000678539276,0.1912499964237213,0.19133000075817108,0
2026-08-04T19:05,0.19133000075817108,0.19169999659061432,0.1912499964237213,0.19165000319480896,0
2026-08-04T19:10,0.19162000715732574,0.19220000505447388,0.19160999357700348,0.19220000505447388,625824
2026-08-04T19:15,0.19226999580860138,0.19339999556541443,0.19226999580860138,0.1929900050163269,1447040
2026-08-04T19:20,0.19280999898910522,0.19314000010490417,0.19261999428272247,0.19261999428272247,2029312
2026-08-04T19:25,0.19267000257968903,0.19280999898910522,0.1923699975013733,0.19257000088691711,0
2026-08-04T19:30,0.1924699991941452,0.19261999428272247,0.19223999977111816,0.19223999977111816,0
2026-08-04T19:35,0.19223999977111816,0.19266000390052795,0.19213999807834625,0.1923000067472458,0
2026-08-04T19:40,0.19223999977111816,0.19249999523162842,0.19220000505447388,0.19242000579833984,17344
2026-08-04T19:45,0.19249999523162842,0.19259999692440033,0.19220000505447388,0.19226999580860138,0
2026-08-04T19:50,0.19220000505447388,0.19232000410556793,0.19210000336170197,0.19231000542640686,0
2026-08-04T19:55,0.19235999882221222,0.19266000390052795,0.19220000505447388,0.19220000505447388,21312
2026-08-04T20:00,0.19224999845027924,0.19243000447750092,0.19181999564170837,0.19224999845027924,0
2026-08-04T20:05,0.19243000447750092,0.19300000369548798,0.19235000014305115,0.192780002951622,0
2026-08-04T20:10,0.192890003323555,0.19318999350070953,0.192890003323555,0.19296999275684357,762752
2026-08-04T20:15,0.19262999296188354,0.19262999296188354,0.19210000336170197,0.19232000410556793,922688
2026-08-04T20:20,0.1923999935388565,0.19309000670909882,0.1923999935388565,0.19283999502658844,838848
2026-08-04T20:25,0.19293999671936035,0.19373999536037445,0.19293999671936035,0.19370000064373016,756352
2026-08-04T20:30,0.19368000328540802,0.19368000328540802,0.19290000200271606,0.19290000200271606,591104
2026-08-04T20:35,0.19280000030994415,0.19307999312877655,0.19271999597549438,0.19306999444961548,305984
2026-08-04T20:40,0.19312000274658203,0.19351999461650848,0.1930599957704544,0.19339999556541443,649792
2026-08-04T20:45,0.19327999651432037,0.19327999651432037,0.1929900050163269,0.1931300014257431,0
2026-08-04T20:50,0.1930599957704544,0.1931300014257431,0.19303999841213226,0.19311000406742096,0
2026-08-04T20:55,0.19306999444961548,0.19312000274658203,0.19294999539852142,0.1930599957704544,0
2026-08-04T21:00,0.19301000237464905,0.19327999651432037,0.19269999861717224,0.19318999350070953,0
2026-08-04T21:05,0.19322000443935394,0.19322000443935394,0.19241000711917877,0.19256000220775604,554624
2026-08-04T21:10,0.19265000522136688,0.19273999333381653,0.19227999448776245,0.192330002784729,0
2026-08-04T21:15,0.19241000711917877,0.19256000220775604,0.19220000505447388,0.1925099939107895,0
2026-08-04T21:20,0.19256000220775604,0.19288000464439392,0.1925400048494339,0.19280999898910522,0
2026-08-04T21:25,0.19286000728607178,0.19286000728607178,0.19259999692440033,0.19266000390052795,0
2026-08-04T21:30,0.19266000390052795,0.19356000423431396,0.19257999956607819,0.19356000423431396,0
2026-08-04T21:35,0.1936199963092804,0.19457000494003296,0.1936199963092804,0.19431999325752258,2256448
2026-08-04T21:40,0.19431999325752258,0.19431999325752258,0.19367000460624695,0.1942099928855896,0
2026-08-04T21:45,0.19422000646591187,0.19426000118255615,0.19388000667095184,0.19426000118255615,242112
2026-08-04T21:50,0.19426000118255615,0.19426000118255615,0.19339999556541443,0.19373999536037445,476800
2026-08-04T21:55,0.19352999329566956,0.1940699964761734,0.19341999292373657,0.19359000027179718,674880
2026-08-04T22:00,0.1935800015926361,0.1937199980020523,0.19291000068187714,0.1936900019645691,0
2026-08-04T22:05,0.19368000328540802,0.19380000233650208,0.19356000423431396,0.19380000233650208,1241408
2026-08-04T22:10,0.19377000629901886,0.19401000440120697,0.19359999895095825,0.19401000440120697,272640
2026-08-04T22:15,0.19394999742507935,0.1940000057220459,0.1936500072479248,0.193900004029274,80192
2026-08-04T22:20,0.19383999705314636,0.1940300017595291,0.19367000460624695,0.19389000535011292,652416
2026-08-04T22:25,0.19395999610424042,0.19395999610424042,0.19312000274658203,0.19312000274658203,508480
2026-08-04T22:30,0.19314999878406525,0.1934400051832199,0.1929199993610382,0.19332000613212585,1321216
2026-08-04T22:35,0.19325999915599823,0.193340003490448,0.19318999350070953,0.1932699978351593,941888
2026-08-04T22:40,0.19332000613212585,0.19332000613212585,0.19300000369548798,0.19300000369548798,0
2026-08-04T22:45,0.19306999444961548,0.19306999444961548,0.192780002951622,0.19279000163078308,0
2026-08-04T22:50,0.19273999333381653,0.19280000030994415,0.192440003156662,0.1925400048494339,0
2026-08-04T22:55,0.19257000088691711,0.19280000030994415,0.1925099939107895,0.19280000030994415,0
2026-08-04T23:00,0.19280000030994415,0.19280000030994415,0.1925099939107895,0.1926099956035614,0
2026-08-04T23:05,0.1925400048494339,0.1929199993610382,0.19248999655246735,0.19273999333381653,0
2026-08-04T23:10,0.19277000427246094,0.19292999804019928,0.1927500069141388,0.19283999502658844,0
2026-08-04T23:15,0.19280000030994415,0.1931000053882599,0.19277000427246094,0.1929900050163269,0
2026-08-04T23:20,0.19294999539852142,0.19294999539852142,0.1922599971294403,0.1922599971294403,0
2026-08-04T23:25,0.19220000505447388,0.19222000241279602,0.19171999394893646,0.19171999394893646,0
2026-08-04T23:30,0.19169999659061432,0.19202999770641327,0.19163000583648682,0.19187000393867493,0
2026-08-04T23:35,0.19189999997615814,0.19223999977111816,0.19185000658035278,0.19223999977111816,0
2026-08-04T23:40,0.1922300010919571,0.19279000163078308,0.19222000241279602,0.19245000183582306,0
2026-08-04T23:45,0.19237999618053436,0.19259999692440033,0.1923000067472458,0.19259999692440033,1010208
2026-08-04T23:50,0.1926400065422058,0.19296999275684357,0.19262999296188354,0.19273999333381653,613344
2026-08-04T23:55,0.19276000559329987,0.19292999804019928,0.19273999333381653,0.19283999502658844,0
2026-08-05T00:00,0.19276000559329987,0.1931300014257431,0.19266000390052795,0.1931300014257431,0
2026-08-05T00:05,0.19311000406742096,0.19314000010490417,0.1924699991941452,0.19261999428272247,0
2026-08-05T00:10,0.19276000559329987,0.1929199993610382,0.192330002784729,0.19235999882221222,367712
2026-08-05T00:15,0.19226999580860138,0.1927099972963333,0.19213999807834625,0.19259999692440033,0
2026-08-05T00:20,0.19257000088691711,0.19258999824523926,0.19213999807834625,0.19224999845027924,0
2026-08-05T00:25,0.19227999448776245,0.1925099939107895,0.19189000129699707,0.1925099939107895,0
2026-08-05T00:30,0.19242000579833984,0.1925099939107895,0.19199000298976898,0.19201000034809113,430016
2026-08-05T00:35,0.19199000298976898,0.19217999279499054,0.1915999948978424,0.1916400045156479,0
2026-08-05T00:40,0.1915999948978424,0.1915999948978424,0.1910800039768219,0.19154000282287598,119776
2026-08-05T00:45,0.19151000678539276,0.19171999394893646,0.19128000736236572,0.19131000339984894,497184
2026-08-05T00:50,0.19121000170707703,0.1912900060415268,0.19106000661849976,0.19106000661849976,673248
2026-08-05T00:55,0.19102999567985535,0.19128000736236572,0.19088999927043915,0.19128000736236572,381056
2026-08-05T01:00,0.1912900060415268,0.19165000319480896,0.1910099983215332,0.19165000319480896,0
2026-08-05T01:05,0.19168999791145325,0.19171999394893646,0.19136999547481537,0.19169999659061432,0
2026-08-05T01:10,0.19169999659061432,0.1917099952697754,0.19121000170707703,0.19146999716758728,351424
2026-08-05T01:15,0.19144999980926514,0.19182999432086945,0.19136999547481537,0.19179999828338623,556512
2026-08-05T01:20,0.19179999828338623,0.19213999807834625,0.19178999960422516,0.19197000563144684,330816
2026-08-05T01:25,0.19187000393867493,0.19191999733448029,0.1915999948978424,0.19179999828338623,456960
2026-08-05T01:30,0.1917800009250641,0.1919800043106079,0.1916700005531311,0.19185000658035278,190176
2026-08-05T01:35,0.19181999564170837,0.1923000067472458,0.19179999828338623,0.1923000067472458,0
2026-08-05T01:40,0.19242000579833984,0.19247999787330627,0.19191999733448029,0.19191999733448029,0
2026-08-05T01:45,0.1919099986553192,0.19228999316692352,0.19189999997615814,0.19228999316692352,0
2026-08-05T01:50,0.19235000014305115,0.19249999523162842,0.19213999807834625,0.19248999655246735,0
2026-08-05T01:55,0.19251999258995056,0.19259999692440033,0.19223999977111816,0.19237999618053436,0
2026-08-05T02:00,0.19238999485969543,0.19282999634742737,0.19223999977111816,0.192440003156662,0
2026-08-05T02:05,0.19241000711917877,0.19258999824523926,0.19226999580860138,0.1925400048494339,0
2026-08-05T02:10,0.19257000088691711,0.19271999597549438,0.19223999977111816,0.19249999523162842,0
2026-08-05T02:15,0.19251999258995056,0.19253000617027283,0.19140000641345978,0.19140000641345978,0
2026-08-05T02:20,0.19130000472068787,0.1920199990272522,0.19130000472068787,0.19200000166893005,626336
2026-08-05T02:25,0.19200000166893005,0.19288000464439392,0.19200000166893005,0.19277000427246094,0
2026-08-05T02:30,0.19286000728607178,0.19286000728607178,0.19259999692440033,0.19269999861717224,0
2026-08-05T02:35,0.19268999993801117,0.1927500069141388,0.19245000183582306,0.19259999692440033,0
2026-08-05T02:40,0.19261999428272247,0.19273999333381653,0.19255000352859497,0.19255000352859497,0
2026-08-05T02:45,0.1926099956035614,0.1926099956035614,0.19196000695228577,0.19227999448776245,0
2026-08-05T02:50,0.1922300010919571,0.19234000146389008,0.19210000336170197,0.1923000067472458,0
2026-08-05T02:55,0.1922599971294403,0.192440003156662,0.1921200007200241,0.192440003156662,0
2026-08-05T03:00,0.1923699975013733,0.19259999692440033,0.19182999432086945,0.19189999997615814,0
2026-08-05T03:05,0.19189999997615814,0.19200000166893005,0.19172999262809753,0.19172999262809753,0
2026-08-05T03:10,0.19172999262809753,0.1920499950647354,0.1906999945640564,0.19106000661849976,0
2026-08-05T03:15,0.19092999398708344,0.1911499947309494,0.1902800053358078,0.1902800053358078,2582816
2026-08-05T03:20,0.19056999683380127,0.19078999757766724,0.19043000042438507,0.19061000645160675,2013216
2026-08-05T03:25,0.19056999683380127,0.1906599998474121,0.1901099979877472,0.19061000645160675,0
2026-08-05T03:30,0.1904900074005127,0.19074000418186188,0.19040000438690186,0.19074000418186188,0
2026-08-05T03:35,0.1907300055027008,0.1907300055027008,0.19043999910354614,0.19051000475883484,0
2026-08-05T03:40,0.1904599964618683,0.1906300038099289,0.19002999365329742,0.1900700032711029,0
2026-08-05T03:45,0.1900400072336197,0.19006000459194183,0.1896899938583374,0.18998999893665314,0
2026-08-05T03:50,0.1899999976158142,0.1903200000524521,0.1897599995136261,0.19016000628471375,0
2026-08-05T03:55,0.1901800036430359,0.19062000513076782,0.1901800036430359,0.1905200034379959,0
2026-08-05T04:00,0.19033999741077423,0.19046999514102936,0.18998999893665314,0.19040000438690186,0
2026-08-05T04:05,0.1902800053358078,0.19065000116825104,0.19025999307632446,0.19036999344825745,0
2026-08-05T04:10,0.19043999910354614,0.19043999910354614,0.19012999534606934,0.19019000232219696,0
2026-08-05T04:15,0.19001999497413635,0.19040000438690186,0.18996000289916992,0.19030000269412994,0
2026-08-05T04:20,0.19047999382019043,0.1906599998474121,0.19012999534606934,0.19014999270439148,0
2026-08-05T04:25,0.19009999930858612,0.19043000042438507,0.18987999856472015,0.1903800070285797,0
2026-08-05T04:30,0.19035999476909637,0.19043000042438507,0.1901800036430359,0.1903200000524521,0
2026-08-05T04:35,0.1903200000524521,0.1903200000524521,0.19005000591278076,0.1902499943971634,0
2026-08-05T04:40,0.19027000665664673,0.19054999947547913,0.19017000496387482,0.19017000496387482,0
2026-08-05T04:45,0.19011999666690826,0.19020000100135803,0.1900400072336197,0.19009999930858612,0
2026-08-05T04:50,0.1901099979877472,0.19011999666690826,0.18996000289916992,0.19011999666690826,0
2026-08-05T04:55,0.19011999666690826,0.19025999307632446,0.19000999629497528,0.19022999703884125,0
2026-08-05T05:00,0.19021999835968018,0.19054999947547913,0.19016000628471375,0.19040000438690186,0
2026-08-05T05:05,0.19040000438690186,0.19096000492572784,0.19040000438690186,0.19070999324321747,0
2026-08-05T05:10,0.1906999945640564,0.19074000418186188,0.1903499960899353,0.1903800070285797,0
2026-08-05T05:15,0.19043000042438507,0.19061000645160675,0.19039000570774078,0.19054999947547913,0
2026-08-05T05:20,0.19054999947547913,0.19095000624656677,0.19054999947547913,0.19088999927043915,0
2026-08-05T05:25,0.1909399926662445,0.1914599984884262,0.1909399926662445,0.19144999980926514,0
2026-08-05T05:30,0.19125999510288239,0.1913599967956543,0.19103999435901642,0.19103999435901642,0
2026-08-05T05:35,0.1910499930381775,0.19111000001430511,0.19056999683380127,0.19077999889850616,0
2026-08-05T05:40,0.1906599998474121,0.1907300055027008,0.19029000401496887,0.19066999852657318,0
2026-08-05T05:45,0.19066999852657318,0.19066999852657318,0.19046999514102936,0.19054000079631805,0
2026-08-05T05:50,0.19043000042438507,0.19056999683380127,0.19020000100135803,0.19020000100135803,0
2026-08-05T05:55,0.19020000100135803,0.19032999873161316,0.19014999270439148,0.1903200000524521,619168
2026-08-05T06:00,0.1902800053358078,0.19054000079631805,0.19009999930858612,0.19054000079631805,0
2026-08-05T06:05,0.19053000211715698,0.1905899941921234,0.19040000438690186,0.19051000475883484,0
2026-08-05T06:10,0.19039000570774078,0.1905200034379959,0.19012999534606934,0.19012999534606934,0
2026-08-05T06:15,0.19009999930858612,0.19031000137329102,0.19009999930858612,0.1902800053358078,0
2026-08-05T06:20,0.19030000269412994,0.19036999344825745,0.19020000100135803,0.1902800053358078,0
2026-08-05T06:25,0.1903200000524521,0.19066999852657318,0.19020000100135803,0.19043000042438507,0
2026-08-05T06:30,0.1905200034379959,0.19054999947547913,0.1902099996805191,0.19027000665664673,0
2026-08-05T06:35,0.19027000665664673,0.19072000682353973,0.19027000665664673,0.19072000682353973,0
2026-08-05T06:40,0.19078999757766724,0.19078999757766724,0.19047999382019043,0.19053000211715698,0
2026-08-05T06:45,0.1906300038099289,0.1907999962568283,0.19043999910354614,0.1907999962568283,0
2026-08-05T06:50,0.1907700002193451,0.1909099966287613,0.19074000418186188,0.1908400058746338,0
2026-08-05T06:55,0.19078999757766724,0.1909399926662445,0.19072000682353973,0.19078999757766724,0
2026-08-05T07:00,0.19089999794960022,0.1917400062084198,0.19086000323295593,0.1917099952697754,0
2026-08-05T07:05,0.19165000319480896,0.19242000579833984,0.19158999621868134,0.1922300010919571,0
2026-08-05T07:10,0.1922300010919571,0.19267000257968903,0.19207000732421875,0.19245000183582306,934656
2026-08-05T07:15,0.19234000146389008,0.19234000146389008,0.1917800009250641,0.1917800009250641,950336
2026-08-05T07:20,0.19165000319480896,0.19245000183582306,0.1915300041437149,0.19223999977111816,0
2026-08-05T07:25,0.1922300010919571,0.19224999845027924,0.1915999948978424,0.19178999960422516,0
2026-08-05T07:30,0.1917400062084198,0.19261999428272247,0.1917400062084198,0.19238999485969543,0
2026-08-05T07:35,0.19235999882221222,0.19359999895095825,0.19235999882221222,0.19311000406742096,233920
2026-08-05T07:40,0.19307999312877655,0.19368000328540802,0.19307999312877655,0.19312000274658203,892928
2026-08-05T07:45,0.19304999709129333,0.19333000481128693,0.19283999502658844,0.19283999502658844,0
2026-08-05T07:50,0.19280999898910522,0.19304999709129333,0.19257000088691711,0.192780002951622,0
2026-08-05T07:55,0.1927500069141388,0.19362999498844147,0.19268999993801117,0.19362999498844147,0
2026-08-05T08:00,0.19370000064373016,0.19453999400138855,0.19360999763011932,0.19378000497817993,419936
2026-08-05T08:05,0.19362999498844147,0.19368000328540802,0.1932000070810318,0.19328999519348145,0
2026-08-05T08:10,0.19327999651432037,0.19351999461650848,0.19304999709129333,0.19314999878406525,34688
2026-08-05T08:15,0.19317999482154846,0.19346000254154205,0.1931300014257431,0.19346000254154205,0
2026-08-05T08:20,0.19351999461650848,0.19356000423431396,0.19325999915599823,0.19341999292373657,0
2026-08-05T08:25,0.19341999292373657,0.19415999948978424,0.19335000216960907,0.1938599944114685,0
2026-08-05T08:30,0.19360999763011932,0.19360999763011932,0.19329999387264252,0.1934099942445755,1553056
2026-08-05T08:35,0.19339999556541443,0.19392000138759613,0.19339999556541443,0.19381999969482422,513920
2026-08-05T08:40,0.19381999969482422,0.19384999573230743,0.19338999688625336,0.19381000101566315,455552
2026-08-05T08:45,0.19380000233650208,0.19392000138759613,0.19323000311851501,0.1932699978351593,37888
2026-08-05T08:50,0.1932400017976761,0.19389000535011292,0.1932400017976761,0.19381000101566315,0
2026-08-05T08:55,0.193900004029274,0.19394999742507935,0.1936500072479248,0.19373999536037445,198400
2026-08-05T09:00,0.1938299983739853,0.19411000609397888,0.19356000423431396,0.19405999779701233,0
2026-08-05T09:05,0.1940699964761734,0.19461999833583832,0.19399000704288483,0.19460999965667725,216320
2026-08-05T09:10,0.1945600062608719,0.19468000531196594,0.19442999362945557,0.19458000361919403,38080
2026-08-05T09:15,0.19467000663280487,0.19539999961853027,0.19464999437332153,0.19524000585079193,866496
2026-08-05T09:20,0.195250004529953,0.19528000056743622,0.1948300004005432,0.19499999284744263,1940640
2026-08-05T09:25,0.19491000473499298,0.19593000411987305,0.19449999928474426,0.19583000242710114,0
2026-08-05T09:30,0.19593000411987305,0.1965000033378601,0.19561000168323517,0.19583000242710114,3820032
2026-08-05T09:35,0.195810005068779,0.19617000222206116,0.19527000188827515,0.1953199952840805,3524288
2026-08-05T09:40,0.19517000019550323,0.19584999978542328,0.19480000436306,0.19565999507904053,1020800
2026-08-05T09:45,0.19565999507904053,0.19614000618457794,0.19565999507904053,0.19614000618457794,1502880
2026-08-05T09:50,0.19610999524593353,0.1982100009918213,0.19609999656677246,0.19760000705718994,1337408
2026-08-05T09:55,0.1975499987602234,0.1976899951696396,0.19659000635147095,0.19672000408172607,5706624
2026-08-05T10:00,0.19684000313282013,0.19684000313282013,0.19593000411987305,0.19659000635147095,0
2026-08-05T10:05,0.19663000106811523,0.19670000672340393,0.19582000374794006,0.19594000279903412,872608
2026-08-05T10:10,0.19559000432491302,0.19572000205516815,0.19493000209331512,0.19498999416828156,0
2026-08-05T10:15,0.19492000341415405,0.19492000341415405,0.1941000074148178,0.19419999420642853,0
2026-08-05T10:20,0.194240003824234,0.19433000683784485,0.1939699947834015,0.19433000683784485,0
2026-08-05T10:25,0.19428999722003937,0.19474999606609344,0.19426000118255615,0.1944500058889389,895296
2026-08-05T10:30,0.1943800002336502,0.1952199935913086,0.19434000551700592,0.1952199935913086,358912
2026-08-05T10:35,0.19524000585079193,0.19619999825954437,0.19487999379634857,0.19619999825954437,1427744
2026-08-05T10:40,0.1962299942970276,0.19628000259399414,0.19557000696659088,0.19619999825954437,2216608
2026-08-05T10:45,0.19629999995231628,0.19629999995231628,0.19448000192642212,0.19480000436306,0
2026-08-05T10:50,0.19470000267028809,0.19479000568389893,0.19415999948978424,0.19425000250339508,0
2026-08-05T10:55,0.19446000456809998,0.19453999400138855,0.19429999589920044,0.19437000155448914,362464
2026-08-05T11:00,0.19438999891281128,0.19502000510692596,0.19438999891281128,0.19483999907970428,0
2026-08-05T11:05,0.19480000436306,0.19548000395298004,0.19480000436306,0.19548000395298004,0
2026-08-05T11:10,0.19543999433517456,0.19543999433517456,0.1949699968099594,0.1951799988746643,0
2026-08-05T11:15,0.19539999961853027,0.19594000279903412,0.195360004901886,0.19569000601768494,0
2026-08-05T11:20,0.19571000337600708,0.19599999487400055,0.1952199935913086,0.19527000188827515,1213536
2026-08-05T11:25,0.19512000679969788,0.19528000056743622,0.19453999400138855,0.19479000568389893,0
2026-08-05T11:30,0.19474999606609344,0.19553999602794647,0.19467000663280487,0.19516000151634216,380192
2026-08-05T11:35,0.1950400024652481,0.19514000415802002,0.19491000473499298,0.19506999850273132,218336
2026-08-05T11:40,0.19519999623298645,0.19539999961853027,0.19499999284744263,0.1953199952840805,0
2026-08-05T11:45,0.19516000151634216,0.19583000242710114,0.19516000151634216,0.19573000073432922,0
2026-08-05T11:50,0.1958400011062622,0.19584999978542328,0.19495999813079834,0.19498999416828156,733824
2026-08-05T11:55,0.1950799971818924,0.19512000679969788,0.19482000172138214,0.1949699968099594,903488
2026-08-05T12:00,0.19499999284744263,0.1950400024652481,0.19467000663280487,0.19468000531196594,0
2026-08-05T12:05,0.1945600062608719,0.19491000473499298,0.19446000456809998,0.19474999606609344,38592
2026-08-05T12:10,0.1949400007724762,0.19502000510692596,0.19458000361919403,0.19475999474525452,398880
2026-08-05T12:15,0.1947699934244156,0.19569000601768494,0.1947699934244156,0.19537000358104706,0
2026-08-05T12:20,0.195360004901886,0.195360004901886,0.19413000345230103,0.19413000345230103,1109856
2026-08-05T12:25,0.19412000477313995,0.19431999325752258,0.19337999820709229,0.19378000497817993,2204672
2026-08-05T12:30,0.19392000138759613,0.1940000057220459,0.19352999329566956,0.19352999329566956,356832
2026-08-05T12:35,0.1931699961423874,0.19356000423431396,0.1931699961423874,0.1932699978351593,0
2026-08-05T12:40,0.19325000047683716,0.1941000074148178,0.1931699961423874,0.19359999895095825,584640
2026-08-05T12:45,0.19357000291347504,0.19386999309062958,0.19352999329566956,0.1937599927186966,2045472
2026-08-05T12:50,0.19389000535011292,0.19395999610424042,0.19363999366760254,0.19363999366760254,987424
2026-08-05T12:55,0.19368000328540802,0.1937599927186966,0.1934099942445755,0.19360999763011932,147296
2026-08-05T13:00,0.19349999725818634,0.19413000345230103,0.19314000010490417,0.19325999915599823,0
2026-08-05T13:05,0.19325999915599823,0.19359000027179718,0.1932000070810318,0.19337999820709229,253376
2026-08-05T13:10,0.19338999688625336,0.19338999688625336,0.19296999275684357,0.19325000047683716,117600
2026-08-05T13:15,0.1932000070810318,0.1932000070810318,0.19212999939918518,0.19293999671936035,19744
2026-08-05T13:20,0.19287000596523285,0.19307999312877655,0.19276000559329987,0.19282999634742737,0
2026-08-05T13:25,0.1927099972963333,0.19280000030994415,0.19169999659061432,0.1920499950647354,0
2026-08-05T13:30,0.19167999923229218,0.19167999923229218,0.19019000232219696,0.19019000232219696,65472
2026-08-05T13:35,0.19040000438690186,0.19147999584674835,0.19009999930858612,0.19128000736236572,328352
2026-08-05T13:40,0.19147999584674835,0.19176000356674194,0.19115999341011047,0.19133999943733215,3411904
2026-08-05T13:45,0.19142000377178192,0.19156000018119812,0.19095000624656677,0.19156000018119812,330880
2026-08-05T13:50,0.19166000187397003,0.191880002617836,0.19128000736236572,0.19148999452590942,0
2026-08-05T13:55,0.19152000546455383,0.19199000298976898,0.1913599967956543,0.19199000298976898,168960
2026-08-05T14:00,0.1919099986553192,0.19199000298976898,0.19134999811649323,0.19157999753952026,0
2026-08-05T14:05,0.19163000583648682,0.19212999939918518,0.19163000583648682,0.1917800009250641,0
2026-08-05T14:10,0.19183999300003052,0.1919800043106079,0.1916400045156479,0.19179999828338623,0
2026-08-05T14:15,0.19179999828338623,0.19224999845027924,0.19175000488758087,0.1921599954366684,0
2026-08-05T14:20,0.191880002617836,0.191880002617836,0.19099999964237213,0.19121000170707703,0
2026-08-05T14:25,0.19125999510288239,0.19155000150203705,0.19122999906539917,0.19123999774456024,282112
2026-08-05T14:30,0.19115999341011047,0.19147999584674835,0.19088999927043915,0.19097000360488892,0
2026-08-05T14:35,0.1910099983215332,0.19130000472068787,0.19076000154018402,0.19091999530792236,0
2026-08-05T14:40,0.19095000624656677,0.19101999700069427,0.19059999287128448,0.19088000059127808,0
2026-08-05T14:45,0.19091999530792236,0.19136999547481537,0.190870001912117,0.19132000207901,234464
2026-08-05T14:50,0.19137999415397644,0.1916400045156479,0.1902800053358078,0.19077999889850616,393344
2026-08-05T14:55,0.19078999757766724,0.19152000546455383,0.19068999588489532,0.1911800056695938,2774624
2026-08-05T15:00,0.19128000736236572,0.1919099986553192,0.1910499930381775,0.19171999394893646,62880
2026-08-05T15:05,0.19179999828338623,0.19179999828338623,0.19126999378204346,0.191430002450943,128928
2026-08-05T15:10,0.19146999716758728,0.19181999564170837,0.1913599967956543,0.1913599967956543,607200
2026-08-05T15:15,0.1913899928331375,0.1915699988603592,0.1910499930381775,0.1915699988603592,0
2026-08-05T15:20,0.19160999357700348,0.19160999357700348,0.19102999567985535,0.19122999906539917,1374528
2026-08-05T15:25,0.19112999737262726,0.1912200003862381,0.19089999794960022,0.1911199986934662,167392
2026-08-05T15:30,0.19112999737262726,0.19152000546455383,0.19112999737262726,0.19144999980926514,0
2026-08-05T15:35,0.19141000509262085,0.19144000113010406,0.19112999737262726,0.1912900060415268,0
2026-08-05T15:40,0.19133999943733215,0.19133999943733215,0.19030000269412994,0.19065000116825104,0
2026-08-05T15:45,0.19062000513076782,0.19067999720573425,0.19035999476909637,0.19057999551296234,0
2026-08-05T15:50,0.19056999683380127,0.1906599998474121,0.19019000232219696,0.19019000232219696,0
2026-08-05T15:55,0.1902099996805191,0.19023999571800232,0.18884000182151794,0.18893000483512878,0
2026-08-05T16:00,0.18904000520706177,0.18985000252723694,0.18904000520706177,0.1896899938583374,3723040
2026-08-05T16:05,0.18970000743865967,0.19002999365329742,0.1896200031042099,0.18979999423027039,2715648
2026-08-05T16:10,0.1897599995136261,0.19001999497413635,0.1896200031042099,0.18998000025749207,1143680
2026-08-05T16:15,0.19017000496387482,0.1902499943971634,0.18973000347614288,0.18977999687194824,0
2026-08-05T16:20,0.18982000648975372,0.19047999382019043,0.18982000648975372,0.1903200000524521,0
2026-08-05T16:25,0.19057999551296234,0.1911499947309494,0.19050000607967377,0.19081999361515045,853888
2026-08-05T16:30,0.1910800039768219,0.19120000302791595,0.1908400058746338,0.1908400058746338,1001216
2026-08-05T16:35,0.19088000059127808,0.19109000265598297,0.1907999962568283,0.19086000323295593,840288
2026-08-05T16:40,0.190870001912117,0.1909099966287613,0.19047999382019043,0.19083000719547272,68960
2026-08-05T16:45,0.19066999852657318,0.19091999530792236,0.19054999947547913,0.19066999852657318,356672
2026-08-05T16:50,0.19059999287128448,0.19095000624656677,0.19054000079631805,0.19064000248908997,130432
2026-08-05T16:55,0.1907700002193451,0.19106000661849976,0.1906999945640564,0.1910499930381775,0
2026-08-05T17:00,0.19097000360488892,0.1910099983215332,0.19066999852657318,0.19066999852657318,0
2026-08-05T17:05,0.1906999945640564,0.19078999757766724,0.19054000079631805,0.19065000116825104,0
2026-08-05T17:10,0.19064000248908997,0.1910099983215332,0.19061000645160675,0.1907999962568283,368000
2026-08-05T17:15,0.19067999720573425,0.1910099983215332,0.19066999852657318,0.19099999964237213,0
2026-08-05T17:20,0.1907700002193451,0.19078999757766724,0.19029000401496887,0.19054999947547913,0
2026-08-05T17:25,0.19057999551296234,0.1907999962568283,0.19057999551296234,0.19064000248908997,0
2026-08-05T17:30,0.1906999945640564,0.1907999962568283,0.19051000475883484,0.1905599981546402,0
2026-08-05T17:35,0.19056999683380127,0.19147999584674835,0.19054000079631805,0.19126999378204346,0
2026-08-05T17:40,0.19126999378204346,0.19132000207901,0.19096000492572784,0.19103999435901642,942720
2026-08-05T17:45,0.19106000661849976,0.1911800056695938,0.19080999493598938,0.19083000719547272,473632
2026-08-05T17:50,0.1909399926662445,0.19119000434875488,0.19077999889850616,0.19085000455379486,65120
2026-08-05T17:55,0.19085000455379486,0.19099000096321106,0.19043000042438507,0.19075000286102295,442880
2026-08-05T18:00,0.19072000682353973,0.19072000682353973,0.19051000475883484,0.19067999720573425,949984
2026-08-05T18:05,0.19061000645160675,0.19067999720573425,0.19009999930858612,0.1903200000524521,877632
2026-08-05T18:10,0.1903499960899353,0.1908400058746338,0.1903499960899353,0.19056999683380127,1045728
2026-08-05T18:15,0.19061000645160675,0.1907700002193451,0.19012999534606934,0.1902099996805191,0
2026-08-05T18:20,0.1901800036430359,0.1906599998474121,0.18964000046253204,0.18986999988555908,319200
2026-08-05T18:25,0.18982000648975372,0.18996000289916992,0.18951000273227692,0.18996000289916992,425088
2026-08-05T18:30,0.18985000252723694,0.189860001206398,0.18935999274253845,0.18941999971866608,0
2026-08-05T18:35,0.189520001411438,0.1901399940252304,0.18950000405311584,0.1901399940252304,12832
2026-08-05T18:40,0.19002999365329742,0.19021999835968018,0.18979999423027039,0.19021999835968018,641600
2026-08-05T18:45,0.19017000496387482,0.19040000438690186,0.1900400072336197,0.19031000137329102,412896
2026-08-05T18:50,0.19030000269412994,0.19032999873161316,0.1899999976158142,0.1899999976158142,596896
2026-08-05T18:55,0.1900700032711029,0.19021999835968018,0.19001999497413635,0.19020000100135803,541184
2026-08-05T19:00,0.1902099996805191,0.19043000042438507,0.18998000025749207,0.19043000042438507,0
2026-08-05T19:05,0.19047999382019043,0.19056999683380127,0.1902800053358078,0.1902800053358078,876224
2026-08-05T19:10,0.19023999571800232,0.1902800053358078,0.19006000459194183,0.1901399940252304,0
2026-08-05T19:15,0.19021999835968018,0.1903499960899353,0.189970001578331,0.18998999893665314,0
2026-08-05T19:20,0.19000999629497528,0.19014999270439148,0.1899999976158142,0.19006000459194183,0
2026-08-05T19:25,0.1900400072336197,0.19014999270439148,0.1897599995136261,0.18985000252723694,0
2026-08-05T19:30,0.18979999423027039,0.18991999328136444,0.18959000706672668,0.18984000384807587,0
2026-08-05T19:35,0.1897200047969818,0.18991999328136444,0.18961000442504883,0.18976999819278717,0
2026-08-05T19:40,0.18976999819278717,0.18982000648975372,0.18894000351428986,0.18940000236034393,0
2026-08-05T19:45,0.1894800066947937,0.18957999348640442,0.18934999406337738,0.18941999971866608,1306592
2026-08-05T19:50,0.18943999707698822,0.18959000706672668,0.18935999274253845,0.18949000537395477,352832
2026-08-05T19:55,0.18942999839782715,0.18957999348640442,0.18925000727176666,0.18930000066757202,906752
2026-08-05T20:00,0.18931999802589417,0.18939000368118286,0.1889200061559677,0.18911999464035034,0
2026-08-05T20:05,0.18894000351428986,0.18911999464035034,0.18859000504016876,0.18907000124454498,0
2026-08-05T20:10,0.1891700029373169,0.1896599978208542,0.1891700029373169,0.18957999348640442,1114976
2026-08-05T20:15,0.18953000009059906,0.18986999988555908,0.1894800066947937,0.18967999517917633,0
2026-08-05T20:20,0.18967999517917633,0.18998999893665314,0.18945999443531036,0.18960000574588776,0
2026-08-05T20:25,0.1896899938583374,0.1903499960899353,0.18964000046253204,0.1903499960899353,0
2026-08-05T20:30,0.19030000269412994,0.19030000269412994,0.18998999893665314,0.18998999893665314,375264
2026-08-05T20:35,0.19005000591278076,0.1903200000524521,0.18996000289916992,0.19029000401496887,0
2026-08-05T20:40,0.1901399940252304,0.1905200034379959,0.1901099979877472,0.1905200034379959,56064
2026-08-05T20:45,0.1903200000524521,0.190420001745224,0.1901399940252304,0.1902800053358078,72224
2026-08-05T20:50,0.19025999307632446,0.19043000042438507,0.19022999703884125,0.19043000042438507,253952
2026-08-05T20:55,0.1903200000524521,0.19033999741077423,0.19017000496387482,0.19031000137329102,79488
2026-08-05T21:00,0.19033999741077423,0.1907999962568283,0.19000999629497528,0.19067999720573425,0
2026-08-05T21:05,0.1909099966287613,0.1914999932050705,0.19064000248908997,0.19072000682353973,0
2026-08-05T21:10,0.19078999757766724,0.19122999906539917,0.19078999757766724,0.1911800056695938,874880
2026-08-05T21:15,0.19126999378204346,0.19130000472068787,0.19076000154018402,0.19076000154018402,0
2026-08-05T21:20,0.1908400058746338,0.1908400058746338,0.19032999873161316,0.19032999873161316,671520
2026-08-05T21:25,0.19032999873161316,0.19032999873161316,0.18987999856472015,0.18996000289916992,677568
2026-08-05T21:30,0.18996000289916992,0.1904900074005127,0.18996000289916992,0.19029000401496887,541088
2026-08-05T21:35,0.19023999571800232,0.19047999382019043,0.1901800036430359,0.19047999382019043,0
2026-08-05T21:40,0.1904900074005127,0.19061000645160675,0.19040000438690186,0.19041000306606293,0
2026-08-05T21:45,0.19044999778270721,0.19140000641345978,0.19036999344825745,0.19140000641345978,0
2026-08-05T21:50,0.19137999415397644,0.19160999357700348,0.19097000360488892,0.19097000360488892,3308608
2026-08-05T21:55,0.19081999361515045,0.1912900060415268,0.19068999588489532,0.19111000001430511,329120
2026-08-05T22:00,0.19110000133514404,0.19110000133514404,0.19029000401496887,0.19050000607967377,0
2026-08-05T22:05,0.19047999382019043,0.19092999398708344,0.190420001745224,0.19064000248908997,848416
2026-08-05T22:10,0.19065000116825104,0.1911800056695938,0.19059999287128448,0.19075000286102295,549536
2026-08-05T22:15,0.19074000418186188,0.19125999510288239,0.19065000116825104,0.19120000302791595,0
2026-08-05T22:20,0.1912200003862381,0.19144999980926514,0.19112999737262726,0.19144999980926514,219392
2026-08-05T22:25,0.1914599984884262,0.19171999394893646,0.1912499964237213,0.19169999659061432,315680
2026-08-05T22:30,0.19179999828338623,0.19196000695228577,0.19167999923229218,0.19189000129699707,0
2026-08-05T22:35,0.19191999733448029,0.19191999733448029,0.19147999584674835,0.1916400045156479,0
2026-08-05T22:40,0.1916700005531311,0.19182999432086945,0.19154000282287598,0.1915699988603592,197280
2026-08-05T22:45,0.19157999753952026,0.19165000319480896,0.19136999547481537,0.19144999980926514,87296
2026-08-05T22:50,0.1914599984884262,0.19156000018119812,0.19130000472068787,0.19133999943733215,270880
2026-08-05T22:55,0.19133999943733215,0.19144999980926514,0.1912200003862381,0.1912499964237213,294016
2026-08-05T23:00,0.19120000302791595,0.19141000509262085,0.19097000360488892,0.19119000434875488,0
2026-08-05T23:05,0.1911199986934662,0.19125999510288239,0.1910099983215332,0.19125999510288239,0
2026-08-05T23:10,0.19126999378204346,0.19192999601364136,0.19126999378204346,0.19181999564170837,559648
2026-08-05T23:15,0.19181999564170837,0.19202999770641327,0.19165000319480896,0.19166000187397003,408032
2026-08-05T23:20,0.19168999791145325,0.19202999770641327,0.19165000319480896,0.19187000393867493,264160
2026-08-05T23:25,0.1919099986553192,0.1922599971294403,0.19181999564170837,0.19196000695228577,286496
2026-08-05T23:30,0.19203999638557434,0.19242000579833984,0.19196000695228577,0.1923999935388565,140768
2026-08-05T23:35,0.19247999787330627,0.19247999787330627,0.19142000377178192,0.19147999584674835,882144
2026-08-05T23:40,0.19144000113010406,0.19148999452590942,0.19128000736236572,0.1913599967956543,0
2026-08-05T23:45,0.19146999716758728,0.1915699988603592,0.19113999605178833,0.19140000641345978,0
2026-08-05T23:50,0.19136999547481537,0.19136999547481537,0.19117000699043274,0.19132000207901,0
2026-08-05T23:55,0.19133000075817108,0.19134999811649323,0.19091999530792236,0.1909399926662445,0
2026-08-06T00:00,0.19097000360488892,0.19133000075817108,0.19097000360488892,0.19125999510288239,0
2026-08-06T00:05,0.19125999510288239,0.19147999584674835,0.19123999774456024,0.19123999774456024,0
2026-08-06T00:10,0.19121000170707703,0.19162000715732574,0.19103999435901642,0.19117000699043274,0
2026-08-06T00:15,0.19122999906539917,0.19144999980926514,0.1910800039768219,0.19133000075817108,0
2026-08-06T00:20,0.1913599967956543,0.19144000113010406,0.1911199986934662,0.19142000377178192,0
2026-08-06T00:25,0.1914599984884262,0.1914599984884262,0.1909099966287613,0.19091999530792236,0
2026-08-06T00:30,0.19095000624656677,0.19109000265598297,0.19054999947547913,0.19061000645160675,0
2026-08-06T00:35,0.19054000079631805,0.19083000719547272,0.1903800070285797,0.1907999962568283,0
2026-08-06T00:40,0.19077999889850616,0.19101999700069427,0.19059999287128448,0.19062000513076782,0
2026-08-06T00:45,0.19078999757766724,0.1910800039768219,0.19053000211715698,0.1909099966287613,0
2026-08-06T00:50,0.19096000492572784,0.19132000207901,0.19091999530792236,0.19132000207901,0
2026-08-06T00:55,0.19126999378204346,0.1916400045156479,0.19126999378204346,0.19137999415397644,0
2026-08-06T01:00,0.19132000207901,0.19189999997615814,0.19132000207901,0.19158999621868134,0
2026-08-06T01:05,0.1916700005531311,0.19189000129699707,0.19154000282287598,0.19189000129699707,0
2026-08-06T01:10,0.1919499933719635,0.1922300010919571,0.19193999469280243,0.19214999675750732,438848
2026-08-06T01:15,0.19211000204086304,0.19223999977111816,0.1920199990272522,0.19203999638557434,0
2026-08-06T01:20,0.19202999770641327,0.1921200007200241,0.19156000018119812,0.19156000018119812,0
2026-08-06T01:25,0.1915999948978424,0.1915999948978424,0.19097000360488892,0.1910800039768219,0
2026-08-06T01:30,0.19099999964237213,0.1915699988603592,0.19072000682353973,0.19131000339984894,0
2026-08-06T01:35,0.1912900060415268,0.1913599967956543,0.19099999964237213,0.19102999567985535,364160
2026-08-06T01:40,0.19099999964237213,0.19101999700069427,0.19053000211715698,0.19054999947547913,0
2026-08-06T01:45,0.19050000607967377,0.19099999964237213,0.19040000438690186,0.19078999757766724,261856
2026-08-06T01:50,0.190870001912117,0.1911499947309494,0.1905899941921234,0.1905899941921234,428800
2026-08-06T01:55,0.19054999947547913,0.19080999493598938,0.1904599964618683,0.19050000607967377,246912
2026-08-06T02:00,0.19047999382019043,0.1907999962568283,0.1903200000524521,0.1904599964618683,0
2026-08-06T02:05,0.19047999382019043,0.19096000492572784,0.19047999382019043,0.19089999794960022,111232
2026-08-06T02:10,0.19091999530792236,0.19107000529766083,0.19047999382019043,0.19047999382019043,245024
2026-08-06T02:15,0.19051000475883484,0.19065000116825104,0.18980999290943146,0.18996000289916992,0
2026-08-06T02:20,0.18987999856472015,0.19020000100135803,0.18973000347614288,0.1900400072336197,0
2026-08-06T02:25,0.18998000025749207,0.19012999534606934,0.18990999460220337,0.19001999497413635,0
2026-08-06T02:30,0.18998999893665314,0.1907700002193451,0.18994000554084778,0.1907300055027008,0
2026-08-06T02:35,0.1907999962568283,0.1907999962568283,0.19040000438690186,0.1907300055027008,0
2026-08-06T02:40,0.19075000286102295,0.19132000207901,0.19075000286102295,0.1912499964237213,387296
2026-08-06T02:45,0.19123999774456024,0.19136999547481537,0.19059999287128448,0.19078999757766724,653472
2026-08-06T02:50,0.1907700002193451,0.19089999794960022,0.19056999683380127,0.19070999324321747,283232
2026-08-06T02:55,0.19066999852657318,0.19066999852657318,0.19051000475883484,0.1905599981546402,193888
2026-08-06T03:00,0.19056999683380127,0.19056999683380127,0.1898300051689148,0.19009000062942505,0
2026-08-06T03:05,0.19012999534606934,0.19019000232219696,0.18984000384807587,0.19012999534606934,0
2026-08-06T03:10,0.1901099979877472,0.19041000306606293,0.1901099979877472,0.19040000438690186,427968
2026-08-06T03:15,0.19040000438690186,0.19041000306606293,0.19006000459194183,0.19020000100135803,0
2026-08-06T03:20,0.1902099996805191,0.19040000438690186,0.18998999893665314,0.18998999893665314,0
2026-08-06T03:25,0.19002999365329742,0.1902499943971634,0.1897200047969818,0.1900400072336197,0
2026-08-06T03:30,0.1899300068616867,0.1899300068616867,0.1888599991798401,0.188960000872612,0
2026-08-06T03:35,0.1890300065279007,0.1891299933195114,0.18866999447345734,0.18907999992370605,297120
2026-08-06T03:40,0.18907999992370605,0.18907999992370605,0.18675999343395233,0.18703000247478485,352128
2026-08-06T03:45,0.18690000474452972,0.18761999905109406,0.18690000474452972,0.1875,4992992
2026-08-06T03:50,0.18749000132083893,0.18750999867916107,0.18668000400066376,0.18668000400066376,2536064
2026-08-06T03:55,0.1867399960756302,0.18682999908924103,0.18655000627040863,0.18660999834537506,1928576
2026-08-06T04:00,0.18637999892234802,0.18695999681949615,0.18609000742435455,0.18695999681949615,747872
2026-08-06T04:05,0.18703000247478485,0.18740999698638916,0.18703000247478485,0.18727000057697296,3916736
2026-08-06T04:10,0.18730999529361725,0.18752999603748322,0.18719999492168427,0.1873600035905838,1568512
2026-08-06T04:15,0.18743999302387238,0.18788999319076538,0.1873600035905838,0.18775999546051025,0
2026-08-06T04:20,0.18776999413967133,0.18825000524520874,0.18776999413967133,0.18809999525547028,255744
2026-08-06T04:25,0.18809999525547028,0.1882299929857254,0.18761000037193298,0.18761000037193298,197344
2026-08-06T04:30,0.18780000507831573,0.18811999261379242,0.18762999773025513,0.18786999583244324,32128
2026-08-06T04:35,0.18782000243663788,0.187950000166893,0.18761000037193298,0.18769000470638275,0
2026-08-06T04:40,0.18769000470638275,0.18776999413967133,0.1875,0.1875,0
2026-08-06T04:45,0.18748000264167786,0.18756000697612762,0.18700000643730164,0.18725000321865082,40640
2026-08-06T04:50,0.1872200071811676,0.18751999735832214,0.1871899962425232,0.18745000660419464,445376
2026-08-06T04:55,0.1875,0.18774999678134918,0.1873299926519394,0.1875700056552887,246720
2026-08-06T05:00,0.18759000301361084,0.18783999979496002,0.18759000301361084,0.18772000074386597,0
2026-08-06T05:05,0.18772999942302704,0.1886499971151352,0.18772999942302704,0.18838000297546387,358208
2026-08-06T05:10,0.18836000561714172,0.18863999843597412,0.1882299929857254,0.1884399950504303,620800
2026-08-06T05:15,0.18866999447345734,0.18866999447345734,0.18803000450134277,0.18814000487327576,61792
2026-08-06T05:20,0.1881600022315979,0.18839000165462494,0.1880200058221817,0.18836000561714172,88544
2026-08-06T05:25,0.18831999599933624,0.18831999599933624,0.18785999715328217,0.18794000148773193,39008
2026-08-06T05:30,0.18780000507831573,0.1880899965763092,0.18780000507831573,0.1880899965763092,0
2026-08-06T05:35,0.18805000185966492,0.18817999958992004,0.187950000166893,0.18796999752521515,0
2026-08-06T05:40,0.18796999752521515,0.1882299929857254,0.18786999583244324,0.18806999921798706,0
2026-08-06T05:45,0.18817000091075897,0.18817000091075897,0.18783999979496002,0.18788999319076538,0
2026-08-06T05:50,0.18785999715328217,0.18809999525547028,0.18785999715328217,0.1880899965763092,0
2026-08-06T05:55,0.18788999319076538,0.18815000355243683,0.18775999546051025,0.18815000355243683,0
2026-08-06T06:00,0.18815000355243683,0.18815000355243683,0.18780000507831573,0.18809999525547028,0
2026-08-06T06:05,0.188060000538826,0.1881999969482422,0.18796999752521515,0.18796999752521515,0
2026-08-06T06:10,0.18804000318050385,0.18815000355243683,0.1876000016927719,0.18804000318050385,0
2026-08-06T06:15,0.18810999393463135,0.188400000333786,0.1880200058221817,0.18839000165462494,929312
2026-08-06T06:20,0.1882600039243698,0.18862000107765198,0.18821999430656433,0.18854999542236328,408640
2026-08-06T06:25,0.18848000466823578,0.18885000050067902,0.18839000165462494,0.18885000050067902,371168
2026-08-06T06:30,0.18863999843597412,0.18865999579429626,0.1884399950504303,0.18863999843597412,242240
2026-08-06T06:35,0.18856999278068542,0.18869000673294067,0.1882299929857254,0.18836000561714172,144576
2026-08-06T06:40,0.18839000165462494,0.1884399950504303,0.18809999525547028,0.18821999430656433,0
2026-08-06T06:45,0.18820999562740326,0.18821999430656433,0.18788999319076538,0.18805000185966492,386144
2026-08-06T06:50,0.18806999921798706,0.18828000128269196,0.1879899948835373,0.1879899948835373,0
2026-08-06T06:55,0.18797999620437622,0.1882299929857254,0.18797999620437622,0.1882299929857254,0
2026-08-06T07:00,0.18821999430656433,0.18874000012874603,0.1878799945116043,0.188400000333786,0
2026-08-06T07:05,0.18836000561714172,0.18890999257564545,0.18825000524520874,0.18828999996185303,89728
2026-08-06T07:10,0.1883700042963028,0.1883700042963028,0.1880899965763092,0.1882299929857254,0
2026-08-06T07:15,0.18813000619411469,0.18820999562740326,0.187950000166893,0.18820999562740326,0
2026-08-06T07:20,0.18825000524520874,0.18875999748706818,0.18811999261379242,0.18870000541210175,243872
2026-08-06T07:25,0.18849000334739685,0.18875999748706818,0.18849000334739685,0.18866999447345734,0
2026-08-06T07:30,0.18854999542236328,0.1886100023984909,0.18842999637126923,0.18851999938488007,0
2026-08-06T07:35,0.1884700059890747,0.18877999484539032,0.1884700059890747,0.188510000705719,0
2026-08-06T07:40,0.18852999806404114,0.18865999579429626,0.188510000705719,0.18863999843597412,0
2026-08-06T07:45,0.1886100023984909,0.18893000483512878,0.1886100023984909,0.18863999843597412,0
2026-08-06T07:50,0.1886100023984909,0.18874000012874603,0.18840999901294708,0.18866999447345734,0
2026-08-06T07:55,0.18870000541210175,0.1887499988079071,0.1886499971151352,0.18869000673294067,164736
2026-08-06T08:00,0.1887200027704239,0.18894000351428986,0.18855999410152435,0.18889999389648438,0
2026-08-06T08:05,0.18883000314235687,0.1889999955892563,0.18863999843597412,0.18863999843597412,0
2026-08-06T08:10,0.18869000673294067,0.18897999823093414,0.18869000673294067,0.18885000050067902,0
2026-08-06T08:15,0.1887899935245514,0.18904000520706177,0.1887200027704239,0.1889200061559677,0
2026-08-06T08:20,0.18896999955177307,0.1891999989748001,0.1886100023984909,0.1888200044631958,324032
2026-08-06T08:25,0.18884000182151794,0.189410001039505,0.18881000578403473,0.18930000066757202,234624
2026-08-06T08:30,0.18926000595092773,0.1893099993467331,0.18883000314235687,0.1888899952173233,0
2026-08-06T08:35,0.1888599991798401,0.18890999257564545,0.188510000705719,0.1885800063610077,0
2026-08-06T08:40,0.18866999447345734,0.18910999596118927,0.18866999447345734,0.1887899935245514,0
2026-08-06T08:45,0.18881000578403473,0.18884000182151794,0.18859000504016876,0.18869000673294067,0
2026-08-06T08:50,0.18869000673294067,0.18910999596118927,0.18869000673294067,0.1890999972820282,0
2026-08-06T08:55,0.18910999596118927,0.18930000066757202,0.18910999596118927,0.1891700029373169,99040
2026-08-06T09:00,0.18911999464035034,0.18922999501228333,0.1888200044631958,0.1888200044631958,0
2026-08-06T09:05,0.1888200044631958,0.18887999653816223,0.18824000656604767,0.18855999410152435,0
2026-08-06T09:10,0.18852999806404114,0.18852999806404114,0.18824000656604767,0.18851999938488007,270912
2026-08-06T09:15,0.18850000202655792,0.18865999579429626,0.18849000334739685,0.188510000705719,1504
2026-08-06T09:20,0.1886499971151352,0.18876999616622925,0.18849000334739685,0.18852999806404114,0
2026-08-06T09:25,0.18866999447345734,0.18889999389648438,0.1886100023984909,0.18875999748706818,0
2026-08-06T09:30,0.18863999843597412,0.18885000050067902,0.18852999806404114,0.18885000050067902,0
2026-08-06T09:35,0.18887999653816223,0.18907999992370605,0.18887999653816223,0.1890300065279007,0
2026-08-06T09:40,0.18900999426841736,0.18910999596118927,0.1886100023984909,0.18863999843597412,0
2026-08-06T09:45,0.18862999975681305,0.18897999823093414,0.18854999542236328,0.18893000483512878,0
2026-08-06T09:50,0.188960000872612,0.18907999992370605,0.18890999257564545,0.1890600025653839,0
2026-08-06T09:55,0.18905000388622284,0.18914000689983368,0.1889200061559677,0.1890999972820282,0
2026-08-06T10:00,0.18907000124454498,0.18911999464035034,0.18821999430656433,0.18836000561714172,0
2026-08-06T10:05,0.18838000297546387,0.1887899935245514,0.18811999261379242,0.1887899935245514,27104
2026-08-06T10:10,0.1887499988079071,0.1887499988079071,0.18850000202655792,0.18859000504016876,489408
2026-08-06T10:15,0.18856999278068542,0.1892399936914444,0.1885399967432022,0.18916000425815582,0
2026-08-06T10:20,0.1892399936914444,0.18964999914169312,0.18919000029563904,0.18945999443531036,0
2026-08-06T10:25,0.1893800050020218,0.18964999914169312,0.18932999670505524,0.18945999443531036,0
2026-08-06T10:30,0.18945999443531036,0.190420001745224,0.1894499957561493,0.1900400072336197,0
2026-08-06T10:35,0.19006000459194183,0.1900700032711029,0.18953000009059906,0.18953000009059906,1077312
2026-08-06T10:40,0.18953000009059906,0.18953000009059906,0.18854999542236328,0.18854999542236328,0
2026-08-06T10:45,0.1885800063610077,0.18866999447345734,0.18850000202655792,0.18854999542236328,0
2026-08-06T10:50,0.18848000466823578,0.1886799931526184,0.18848000466823578,0.1886799931526184,0
2026-08-06T10:55,0.1886799931526184,0.1888899952173233,0.18865999579429626,0.18887999653816223,0
2026-08-06T11:00,0.18904000520706177,0.18904000520706177,0.18849000334739685,0.18856999278068542,0
2026-08-06T11:05,0.18862999975681305,0.1894499957561493,0.18854999542236328,0.18940000236034393,0
2026-08-06T11:10,0.1894499957561493,0.18978999555110931,0.18942999839782715,0.18970000743865967,498592
2026-08-06T11:15,0.1896200031042099,0.1905200034379959,0.1896200031042099,0.19031000137329102,370464
2026-08-06T11:20,0.19017000496387482,0.19057999551296234,0.19017000496387482,0.19047999382019043,505632
2026-08-06T11:25,0.1904900074005127,0.1909099966287613,0.19020000100135803,0.19020000100135803,960800
2026-08-06T11:30,0.19021999835968018,0.19110000133514404,0.19021999835968018,0.19083000719547272,371232
2026-08-06T11:35,0.1908400058746338,0.19152000546455383,0.1908400058746338,0.19096000492572784,1843104
2026-08-06T11:40,0.19097000360488892,0.19130000472068787,0.1908400058746338,0.19099999964237213,1658272
2026-08-06T11:45,0.19099999964237213,0.1913599967956543,0.19088999927043915,0.1913599967956543,535776
2026-08-06T11:50,0.1913899928331375,0.19235999882221222,0.19123999774456024,0.19175000488758087,930976
2026-08-06T11:55,0.1917400062084198,0.19223999977111816,0.19132000207901,0.19217999279499054,1283520
2026-08-06T12:00,0.19207000732421875,0.19243000447750092,0.19207000732421875,0.19235999882221222,261376
2026-08-06T12:05,0.19232000410556793,0.19232000410556793,0.19144000113010406,0.19157999753952026,1384416
2026-08-06T12:10,0.1915999948978424,0.1915999948978424,0.19112999737262726,0.1912200003862381,258752
2026-08-06T12:15,0.19128000736236572,0.191880002617836,0.19113999605178833,0.191880002617836,3968
2026-08-06T12:20,0.19186000525951385,0.19227999448776245,0.19168999791145325,0.19168999791145325,0
2026-08-06T12:25,0.19168999791145325,0.19208000600337982,0.19168999791145325,0.19189999997615814,0
2026-08-06T12:30,0.19185000658035278,0.19202999770641327,0.1913899928331375,0.19157999753952026,0
2026-08-06T12:35,0.19148999452590942,0.19172999262809753,0.19144999980926514,0.19172999262809753,0
2026-08-06T12:40,0.19158999621868134,0.19158999621868134,0.19131000339984894,0.19140000641345978,0
2026-08-06T12:45,0.1913899928331375,0.19169999659061432,0.19121000170707703,0.19160999357700348,0
2026-08-06T12:50,0.19166000187397003,0.19166000187397003,0.19126999378204346,0.1912900060415268,0
2026-08-06T12:55,0.19123999774456024,0.19128000736236572,0.19040000438690186,0.19040000438690186,299776
2026-08-06T13:00,0.19040000438690186,0.19096000492572784,0.19039000570774078,0.190870001912117,0
2026-08-06T13:05,0.19081999361515045,0.19081999361515045,0.1901800036430359,0.19036999344825745,0
2026-08-06T13:10,0.19033999741077423,0.1906599998474121,0.1900700032711029,0.1906599998474121,527072
2026-08-06T13:15,0.19056999683380127,0.1912200003862381,0.19056999683380127,0.1909099966287613,0
2026-08-06T13:20,0.19088999927043915,0.19133000075817108,0.19088999927043915,0.1911499947309494,138848
2026-08-06T13:25,0.19107000529766083,0.19179999828338623,0.1909399926662445,0.19178999960422516,135904
2026-08-06T13:30,0.19178999960422516,0.19178999960422516,0.19113999605178833,0.1915999948978424,0
2026-08-06T13:35,0.19158999621868134,0.19183999300003052,0.19128000736236572,0.19183999300003052,0
2026-08-06T13:40,0.1919099986553192,0.19207000732421875,0.1913599967956543,0.19152000546455383,0
2026-08-06T13:45,0.19162000715732574,0.19287000596523285,0.1915300041437149,0.19268999993801117,0
2026-08-06T13:50,0.19269999861717224,0.19372999668121338,0.19241000711917877,0.19368000328540802,1754720
2026-08-06T13:55,0.1938299983739853,0.1944199949502945,0.1937199980020523,0.19374999403953552,1805376
2026-08-06T14:00,0.19372999668121338,0.19439999759197235,0.19359999895095825,0.19431999325752258,891168
2026-08-06T14:05,0.1943800002336502,0.19454999268054962,0.19381999969482422,0.19391000270843506,2548896
2026-08-06T14:10,0.19392000138759613,0.19448000192642212,0.193900004029274,0.19412000477313995,1103168
2026-08-06T14:15,0.19404000043869019,0.19506999850273132,0.19380000233650208,0.19482000172138214,1103200
2026-08-06T14:20,0.19497999548912048,0.19617000222206116,0.19497999548912048,0.19555999338626862,3010368
2026-08-06T14:25,0.19550999999046326,0.1965399980545044,0.19528000056743622,0.19649000465869904,3964736
2026-08-06T14:30,0.19614000618457794,0.19657999277114868,0.1960899978876114,0.19631999731063843,5184544
2026-08-06T14:35,0.19625000655651093,0.19776000082492828,0.19593000411987305,0.19672000408172607,3299104
2026-08-06T14:40,0.19696000218391418,0.2027599960565567,0.19696000218391418,0.20196999609470367,11047072
2026-08-06T14:45,0.20229999721050262,0.20242999494075775,0.20125000178813934,0.20208999514579773,23287776
2026-08-06T14:50,0.20223000645637512,0.2025199979543686,0.19997000694274902,0.19997000694274902,12711648
2026-08-06T14:55,0.1999800056219101,0.20066000521183014,0.19981999695301056,0.20005999505519867,2884352
2026-08-06T15:00,0.20029999315738678,0.20226000249385834,0.2002200037240982,0.20122000575065613,4948896
2026-08-06T15:05,0.20104999840259552,0.20198999345302582,0.20027999579906464,0.20198999345302582,20202016
2026-08-06T15:10,0.20196999609470367,0.20271000266075134,0.2016800045967102,0.20231999456882477,7516224
2026-08-06T15:15,0.20239999890327454,0.20350000262260437,0.20194000005722046,0.20194000005722046,3774240
2026-08-06T15:20,0.20191000401973724,0.2030400037765503,0.20182999968528748,0.20266999304294586,4274944
2026-08-06T15:25,0.2026900053024292,0.20371000468730927,0.20242999494075775,0.2034900039434433,3354784
2026-08-06T15:30,0.20419999957084656,0.20804999768733978,0.20417000353336334,0.2078000009059906,5939072
2026-08-06T15:35,0.20788000524044037,0.20806999504566193,0.20592999458312988,0.20791999995708466,16987296
2026-08-06T15:40,0.20812000334262848,0.20898999273777008,0.2075899988412857,0.2075899988412857,6361248
2026-08-06T15:45,0.20770999789237976,0.2110300064086914,0.20750999450683594,0.21061000227928162,11054400
2026-08-06T15:50,0.21074999868869781,0.2109300047159195,0.2091200053691864,0.20937000215053558,15213728
2026-08-06T15:55,0.20940999686717987,0.2094700038433075,0.20829999446868896,0.2087000012397766,8410624
2026-08-06T16:00,0.20907999575138092,0.20907999575138092,0.20631000399589539,0.20653000473976135,110080
2026-08-06T16:05,0.20643000304698944,0.20698000490665436,0.2055799961090088,0.2055799961090088,20713024
2026-08-06T16:10,0.20559999346733093,0.20615999400615692,0.2042900025844574,0.20458999276161194,4964864
2026-08-06T16:15,0.20497000217437744,0.20569999516010284,0.20374999940395355,0.20569999516010284,5131840
2026-08-06T16:20,0.2059600055217743,0.207069993019104,0.2049500048160553,0.20681999623775482,7886912
2026-08-06T16:25,0.2064799964427948,0.207519993185997,0.20613999664783478,0.207519993185997,4490880
2026-08-06T16:30,0.20732000470161438,0.2088100016117096,0.2071000039577484,0.2087000012397766,5798400
2026-08-06T16:35,0.20848999917507172,0.20965999364852905,0.2082899957895279,0.20964999496936798,8250176
2026-08-06T16:40,0.21031999588012695,0.21121999621391296,0.20981000363826752,0.21076999604701996,11077184
2026-08-06T16:45,0.21076999604701996,0.21077999472618103,0.20804999768733978,0.20868000388145447,5058688
2026-08-06T16:50,0.20864999294281006,0.20886999368667603,0.20674000680446625,0.20674000680446625,5464064
2026-08-06T16:55,0.20672999322414398,0.20733000338077545,0.20658999681472778,0.2066500037908554,2701440
2026-08-06T17:00,0.2067600041627884,0.2072400003671646,0.20645000040531158,0.20645000040531158,1110592
2026-08-06T17:05,0.2065100073814392,0.20705999433994293,0.20631000399589539,0.20689000189304352,12778944
2026-08-06T17:10,0.2068299949169159,0.20711000263690948,0.20634999871253967,0.20635999739170074,2315200
2026-08-06T17:15,0.20618000626564026,0.20649999380111694,0.20550000667572021,0.20550000667572021,1747648
2026-08-06T17:20,0.20553000271320343,0.2061000019311905,0.20544999837875366,0.2061000019311905,2732416
2026-08-06T17:25,0.20627999305725098,0.20689000189304352,0.2058899998664856,0.2058899998664856,5000384
2026-08-06T17:30,0.2059900015592575,0.20607000589370728,0.2046400010585785,0.20496000349521637,836224
2026-08-06T17:35,0.2048799991607666,0.20527000725269318,0.20417000353336334,0.20419000089168549,2735040
2026-08-06T17:40,0.2042199969291687,0.20454999804496765,0.20382000505924225,0.20382000505924225,1709440
2026-08-06T17:45,0.2039099931716919,0.2040500044822693,0.20318999886512756,0.20318999886512756,697856
2026-08-06T17:50,0.20318999886512756,0.20423999428749084,0.20318999886512756,0.20340000092983246,2575680
2026-08-06T17:55,0.20347000658512115,0.20461000502109528,0.20342999696731567,0.20437000691890717,4798720
2026-08-06T18:00,0.20433999598026276,0.20472000539302826,0.20369000732898712,0.20440000295639038,0
2026-08-06T18:05,0.20419999957084656,0.20454999804496765,0.20403000712394714,0.2045000046491623,5573376
2026-08-06T18:10,0.2043599933385849,0.20577000081539154,0.20408999919891357,0.20577000081539154,1215552
2026-08-06T18:15,0.20573000609874725,0.20711000263690948,0.20550000667572021,0.20711000263690948,3181120
2026-08-06T18:20,0.20723000168800354,0.20738999545574188,0.20590999722480774,0.20640000700950623,5107328
2026-08-06T18:25,0.20640000700950623,0.2067900002002716,0.20565000176429749,0.20579999685287476,2884800
2026-08-06T18:30,0.2057799994945526,0.20580999553203583,0.20508000254631042,0.20545999705791473,1122432
2026-08-06T18:35,0.20544999837875366,0.20588000118732452,0.20520000159740448,0.20568999648094177,1192320
2026-08-06T18:40,0.20556999742984772,0.20619000494480133,0.2053000032901764,0.20539000630378723,1110144
2026-08-06T18:45,0.2054000049829483,0.20565000176429749,0.20478999614715576,0.2048500031232834,666368
2026-08-06T18:50,0.2048500031232834,0.20517000555992126,0.20458999276161194,0.20496000349521637,66944
2026-08-06T18:55,0.20492999255657196,0.20558999478816986,0.20468999445438385,0.20507000386714935,1473408
2026-08-06T19:00,0.20503999292850494,0.20503999292850494,0.2041500061750412,0.2044599950313568,259712
2026-08-06T19:05,0.20434999465942383,0.2043900042772293,0.20364999771118164,0.2040500044822693,4753472
2026-08-06T19:10,0.20412999391555786,0.20412999391555786,0.2036300003528595,0.2039099931716919,681664
2026-08-06T19:15,0.20378999412059784,0.20389999449253082,0.20260000228881836,0.20260000228881836,568064
2026-08-06T19:20,0.20250999927520752,0.20395000278949738,0.20236000418663025,0.2032800018787384,1591360
2026-08-06T19:25,0.20333999395370483,0.20347000658512115,0.20280000567436218,0.20292000472545624,3000448
2026-08-06T19:30,0.20292000472545624,0.20364999771118164,0.20266999304294586,0.20360000431537628,1868864
2026-08-06T19:35,0.20363999903202057,0.2040500044822693,0.20340999960899353,0.20347000658512115,2732480
2026-08-06T19:40,0.2034599930047989,0.20374999940395355,0.20280000567436218,0.20342999696731567,3902656
2026-08-06T19:45,0.20358000695705414,0.2037000060081482,0.2024800032377243,0.2024800032377243,1532608
2026-08-06T19:50,0.2025199979543686,0.20262999832630157,0.20079000294208527,0.2018599957227707,7939392
2026-08-06T19:55,0.20214000344276428,0.20239000022411346,0.20145000517368317,0.20212000608444214,6346880
2026-08-06T20:00,0.2021999955177307,0.20239000022411346,0.2015800029039383,0.20162999629974365,1555264
2026-08-06T20:05,0.20160000026226044,0.2019599974155426,0.20146000385284424,0.20183999836444855,7004544
2026-08-06T20:10,0.20192000269889832,0.20246000587940216,0.2016499936580658,0.20246000587940216,369472
2026-08-06T20:15,0.20243999361991882,0.20258000493049622,0.20173999667167664,0.20205000042915344,1166016
2026-08-06T20:20,0.20184999704360962,0.20258000493049622,0.20184999704360962,0.20241999626159668,566848
2026-08-06T20:25,0.20239999890327454,0.20257000625133514,0.20182999968528748,0.20243999361991882,857728
2026-08-06T20:30,0.2024099975824356,0.2024099975824356,0.2015099972486496,0.20215000212192535,1711808
2026-08-06T20:35,0.2020999938249588,0.2025499939918518,0.20205000042915344,0.20229999721050262,4232192
2026-08-06T20:40,0.2022400051355362,0.20271000266075134,0.20223000645637512,0.20247000455856323,3008384
2026-08-06T20:45,0.2024500072002411,0.2024500072002411,0.20170000195503235,0.20216000080108643,346432
2026-08-06T20:50,0.20194000005722046,0.2024500072002411,0.2018599957227707,0.20194999873638153,1641280
2026-08-06T20:55,0.2019300013780594,0.20239999890327454,0.2019300013780594,0.20206999778747559,1477824
2026-08-06T21:00,0.20201000571250916,0.20307999849319458,0.20194000005722046,0.2025199979543686,509184
2026-08-06T21:05,0.20250000059604645,0.20295000076293945,0.20215000212192535,0.20276999473571777,10459136
2026-08-06T21:10,0.20291000604629517,0.20358000695705414,0.20288999378681183,0.2035599946975708,5945984
2026-08-06T21:15,0.2035199999809265,0.20382000505924225,0.20306000113487244,0.20330999791622162,1853440
2026-08-06T21:20,0.20340999960899353,0.2034900039434433,0.20327000319957733,0.2034900039434433,1847360
2026-08-06T21:25,0.20358000695705414,0.20367999374866486,0.20318999886512756,0.20322999358177185,0
2026-08-06T21:30,0.2033199965953827,0.20438000559806824,0.2033199965953827,0.20423999428749084,0
2026-08-06T21:35,0.2040800005197525,0.20418000221252441,0.2037300020456314,0.2037999927997589,1543680
2026-08-06T21:40,0.20377999544143677,0.20438000559806824,0.2034599930047989,0.20438000559806824,255168
2026-08-06T21:45,0.20419000089168549,0.20457999408245087,0.2039400041103363,0.2040800005197525,710016
2026-08-06T21:50,0.2040500044822693,0.20468999445438385,0.20393000543117523,0.20423999428749084,0
2026-08-06T21:55,0.20427000522613525,0.20468999445438385,0.20409999787807465,0.20454999804496765,0
2026-08-06T22:00,0.20453999936580658,0.2047400027513504,0.20430999994277954,0.20454999804496765,0
2026-08-06T22:05,0.20453999936580658,0.2053699940443039,0.20453999936580658,0.20503999292850494,2764480
2026-08-06T22:10,0.20503999292850494,0.20503999292850494,0.20426000654697418,0.20454999804496765,606720
2026-08-06T22:15,0.20458999276161194,0.2047799974679947,0.20426000654697418,0.20465999841690063,512512
2026-08-06T22:20,0.20464999973773956,0.20465999841690063,0.2038400024175644,0.20420999825000763,384896
2026-08-06T22:25,0.20422999560832977,0.20422999560832977,0.20340999960899353,0.20363999903202057,483456
2026-08-06T22:30,0.2038400024175644,0.20419999957084656,0.20287999510765076,0.20307999849319458,0
2026-08-06T22:35,0.20306000113487244,0.20306000113487244,0.20263999700546265,0.20280000567436218,0
2026-08-06T22:40,0.2028300017118454,0.20307999849319458,0.20214000344276428,0.20237000286579132,592384
2026-08-06T22:45,0.2023400068283081,0.2023400068283081,0.20142999291419983,0.20157000422477722,269888
2026-08-06T22:50,0.20152999460697174,0.2017900049686432,0.20152999460697174,0.2017499953508377,1230080
2026-08-06T22:55,0.2017499953508377,0.20187999308109283,0.20095999538898468,0.20112000405788422,354368
2026-08-06T23:00,0.20103999972343445,0.2011999934911728,0.2004700005054474,0.20071999728679657,0
2026-08-06T23:05,0.20071999728679657,0.20110000669956207,0.20068000257015228,0.20110000669956207,2774336
2026-08-06T23:10,0.20103999972343445,0.20122000575065613,0.20092999935150146,0.2010899931192398,938176
2026-08-06T23:15,0.2011599987745285,0.2011599987745285,0.20015999674797058,0.20032000541687012,56704
2026-08-06T23:20,0.2003600001335144,0.20047999918460846,0.1993499994277954,0.1997399926185608,310848
2026-08-06T23:25,0.1997700035572052,0.20015999674797058,0.1996999979019165,0.19991999864578247,1547264
2026-08-06T23:30,0.19988000392913818,0.20010000467300415,0.19979999959468842,0.19984999299049377,1063744
2026-08-06T23:35,0.1998099982738495,0.2001499980688095,0.19978000223636627,0.20002999901771545,214656
2026-08-06T23:40,0.20013000071048737,0.20050999522209167,0.20013000071048737,0.20027999579906464,0
2026-08-06T23:45,0.20027999579906464,0.20050999522209167,0.200080007314682,0.200080007314682,872640
2026-08-06T23:50,0.20027999579906464,0.20092999935150146,0.2002200037240982,0.20069999992847443,459584
2026-08-06T23:55,0.20069999992847443,0.2010899931192398,0.20069999992847443,0.20092999935150146,1564800
2026-08-07T00:00,0.20107999444007874,0.20116999745368958,0.2003999948501587,0.20076000690460205,0
2026-08-07T00:05,0.20112000405788422,0.20122000575065613,0.2007800042629242,0.2009499967098236,2823680
2026-08-07T00:10,0.20095999538898468,0.20135000348091125,0.2007800042629242,0.20135000348091125,488960
2026-08-07T00:15,0.20135000348091125,0.20181000232696533,0.2011999934911728,0.2014400064945221,605888
2026-08-07T00:20,0.20130999386310577,0.20186999440193176,0.20114000141620636,0.20178000628948212,1926912
2026-08-07T00:25,0.20160000026226044,0.20257000625133514,0.2014400064945221,0.20257000625133514,3278272
2026-08-07T00:30,0.20226000249385834,0.20226000249385834,0.20136000216007233,0.2021999955177307,714624
2026-08-07T00:35,0.20205999910831451,0.20232999324798584,0.20161999762058258,0.20175999402999878,1886016
2026-08-07T00:40,0.2018599957227707,0.20204000174999237,0.2014400064945221,0.20204000174999237,187840
2026-08-07T00:45,0.20205000042915344,0.20206999778747559,0.20167000591754913,0.20194999873638153,657664
2026-08-07T00:50,0.20192000269889832,0.20211000740528107,0.20160000026226044,0.20163999497890472,356480
2026-08-07T00:55,0.20155000686645508,0.20202000439167023,0.20136000216007233,0.20202000439167023,473664
2026-08-07T01:00,0.20206999778747559,0.20268000662326813,0.20181000232696533,0.2026199996471405,0
2026-08-07T01:05,0.20246000587940216,0.20246000587940216,0.20200000703334808,0.20204000174999237,2580224
2026-08-07T01:10,0.20205000042915344,0.20205000042915344,0.20146000385284424,0.2017499953508377,0
2026-08-07T01:15,0.20184999704360962,0.2024099975824356,0.2016800045967102,0.20215000212192535,685120
2026-08-07T01:20,0.20205000042915344,0.20212000608444214,0.20166000723838806,0.20178000628948212,978432
2026-08-07T01:25,0.20148000121116638,0.20180000364780426,0.20089000463485718,0.20103999972343445,1127616
2026-08-07T01:30,0.20117999613285065,0.20128999650478363,0.20089000463485718,0.20117999613285065,255872
2026-08-07T01:35,0.20117999613285065,0.20132000744342804,0.20013999938964844,0.20013999938964844,891392
2026-08-07T01:40,0.2000499963760376,0.2003600001335144,0.19992999732494354,0.2003300040960312,71744
2026-08-07T01:45,0.2003600001335144,0.20068000257015228,0.19997000694274902,0.20011000335216522,401536
2026-08-07T01:50,0.2001200020313263,0.20013000071048737,0.19947999715805054,0.1998099982738495,24192
2026-08-07T01:55,0.19984999299049377,0.20017999410629272,0.19979999959468842,0.20009000599384308,697664
2026-08-07T02:00,0.19991999864578247,0.20024999976158142,0.19982999563217163,0.20016999542713165,0
2026-08-07T02:05,0.20017999410629272,0.20020000636577606,0.19945000112056732,0.19950999319553375,1457856
2026-08-07T02:10,0.19949999451637268,0.20059999823570251,0.19949999451637268,0.2004700005054474,911552
2026-08-07T02:15,0.20046000182628632,0.2009200006723404,0.20042000710964203,0.20045000314712524,1025600
2026-08-07T02:20,0.20047999918460846,0.2005700021982193,0.1995999962091446,0.19976000487804413,0
2026-08-07T02:25,0.19978000223636627,0.19986000657081604,0.19892999529838562,0.19892999529838562,862784
2026-08-07T02:30,0.19902999699115753,0.19922000169754028,0.19880999624729156,0.19888000190258026,280704
2026-08-07T02:35,0.1988700032234192,0.19900000095367432,0.1986899971961975,0.19899000227451324,1974272
2026-08-07T02:40,0.19890999794006348,0.19925999641418457,0.1988700032234192,0.19915999472141266,804544
2026-08-07T02:45,0.199180006980896,0.19992999732494354,0.1991499960422516,0.19992999732494354,1442880
2026-08-07T02:50,0.20010000467300415,0.2001499980688095,0.19988000392913818,0.2000100016593933,1520448
2026-08-07T02:55,0.20006999373435974,0.20029999315738678,0.1998399943113327,0.20017999410629272,491968
2026-08-07T03:00,0.200080007314682,0.20024000108242035,0.19939999282360077,0.1994200050830841,0
2026-08-07T03:05,0.1993499994277954,0.19981999695301056,0.19920000433921814,0.19978000223636627,1112896
2026-08-07T03:10,0.20003999769687653,0.20013000071048737,0.19939999282360077,0.1994200050830841,1541440
2026-08-07T03:15,0.19941000640392303,0.19964000582695007,0.19919000566005707,0.19960999488830566,446656
2026-08-07T03:20,0.1995999962091446,0.200080007314682,0.19952000677585602,0.20006999373435974,1283904
2026-08-07T03:25,0.20006999373435974,0.2004700005054474,0.2000499963760376,0.20038999617099762,346112
2026-08-07T03:30,0.20038999617099762,0.20076000690460205,0.2000499963760376,0.2000499963760376,498624
2026-08-07T03:35,0.19997000694274902,0.200080007314682,0.19971999526023865,0.19979000091552734,0
2026-08-07T03:40,0.1998399943113327,0.19994999468326569,0.1996999979019165,0.1998700052499771,0
2026-08-07T03:45,0.1998700052499771,0.19988000392913818,0.19949999451637268,0.19975000619888306,0
2026-08-07T03:50,0.19982999563217163,0.19982999563217163,0.19936999678611755,0.19955000281333923,0
2026-08-07T03:55,0.19955000281333923,0.1996999979019165,0.199180006980896,0.199180006980896,0
2026-08-07T04:00,0.1992100030183792,0.19933000206947327,0.19874000549316406,0.19933000206947327,0
2026-08-07T04:05,0.19934000074863434,0.1993499994277954,0.19867999851703644,0.1989700049161911,0
2026-08-07T04:10,0.19896000623703003,0.19905999302864075,0.1984499990940094,0.19874000549316406,0
2026-08-07T04:15,0.198730006814003,0.19894999265670776,0.19860999286174774,0.19894999265670776,17792
2026-08-07T04:20,0.19900000095367432,0.19922000169754028,0.19890999794006348,0.19909000396728516,343168
2026-08-07T04:25,0.1991100013256073,0.1993899941444397,0.19891999661922455,0.1993899941444397,140864
2026-08-07T04:30,0.19923999905586243,0.2001200020313263,0.199180006980896,0.1995600014925003,596160
2026-08-07T04:35,0.19961999356746674,0.20005999505519867,0.19957999885082245,0.1997399926185608,1266560
2026-08-07T04:40,0.19971999526023865,0.20002999901771545,0.19971999526023865,0.19975000619888306,368768
2026-08-07T04:45,0.19970999658107758,0.19982999563217163,0.1994599997997284,0.19946999847888947,0
2026-08-07T04:50,0.19960999488830566,0.19964000582695007,0.19920000433921814,0.19944000244140625,0
2026-08-07T04:55,0.1994599997997284,0.1997399926185608,0.19941000640392303,0.19970999658107758,403968
2026-08-07T05:00,0.19976000487804413,0.2001499980688095,0.19976000487804413,0.2000100016593933,0
2026-08-07T05:05,0.2000499963760376,0.2004999965429306,0.19988000392913818,0.20036999881267548,0
2026-08-07T05:10,0.20031000673770905,0.20036999881267548,0.19976000487804413,0.20020000636577606,0
2026-08-07T05:15,0.20017999410629272,0.20024000108242035,0.19968000054359436,0.19968000054359436,228480
2026-08-07T05:20,0.19979999959468842,0.19995999336242676,0.19939999282360077,0.19955000281333923,224768
2026-08-07T05:25,0.1995999962091446,0.20020000636577606,0.1995300054550171,0.20002000033855438,1025664
2026-08-07T05:30,0.19992999732494354,0.200080007314682,0.1993499994277954,0.19937999546527863,429440
2026-08-07T05:35,0.19941000640392303,0.20011000335216522,0.1993899941444397,0.200080007314682,163520
2026-08-07T05:40,0.20003999769687653,0.20032000541687012,0.19970999658107758,0.20016999542713165,454208
2026-08-07T05:45,0.2002200037240982,0.20040999352931976,0.19997000694274902,0.20029999315738678,915136
2026-08-07T05:50,0.20044000446796417,0.20115000009536743,0.20044000446796417,0.20107999444007874,1180672
2026-08-07T05:55,0.2011999934911728,0.20178000628948212,0.20079000294208527,0.20163999497890472,1326144
2026-08-07T06:00,0.20148000121116638,0.2018599957227707,0.20125000178813934,0.20166000723838806,2447424
2026-08-07T06:05,0.20172999799251556,0.20178000628948212,0.2013999968767166,0.2016099989414215,2975488
2026-08-07T06:10,0.20173999667167664,0.20271000266075134,0.20173999667167664,0.20266999304294586,1252736
2026-08-07T06:15,0.20266999304294586,0.20369000732898712,0.20266999304294586,0.20337000489234924,1774592
2026-08-07T06:20,0.2033199965953827,0.2033199965953827,0.20288999378681183,0.20316000282764435,4982912
2026-08-07T06:25,0.20324000716209412,0.20324000716209412,0.20232999324798584,0.20235000550746918,1144192
2026-08-07T06:30,0.20235000550746918,0.2026599943637848,0.20217999815940857,0.20217999815940857,348800
2026-08-07T06:35,0.20217999815940857,0.20319999754428864,0.20214000344276428,0.20311999320983887,1283264
2026-08-07T06:40,0.20321999490261078,0.20322999358177185,0.20253999531269073,0.20263999700546265,2361280
2026-08-07T06:45,0.2025199979543686,0.2027900069952011,0.20250000059604645,0.2025499939918518,27648
2026-08-07T06:50,0.20250999927520752,0.20274999737739563,0.20046000182628632,0.2010599970817566,1938176
2026-08-07T06:55,0.20114000141620636,0.20161999762058258,0.20114000141620636,0.2015800029039383,4549952
2026-08-07T07:00,0.20135000348091125,0.20140999555587769,0.20103000104427338,0.20140999555587769,70912
2026-08-07T07:05,0.20140999555587769,0.20221999287605286,0.20140999555587769,0.20221999287605286,2767936
2026-08-07T07:10,0.20237000286579132,0.20239999890327454,0.20182999968528748,0.20198999345302582,0
2026-08-07T07:15,0.20202000439167023,0.20202000439167023,0.2017499953508377,0.20190000534057617,0
2026-08-07T07:20,0.2018900066614151,0.20223000645637512,0.20181000232696533,0.20211000740528107,0
2026-08-07T07:25,0.2021300047636032,0.2021699994802475,0.20137999951839447,0.20148000121116638,578112
2026-08-07T07:30,0.20138999819755554,0.20152999460697174,0.2011300027370453,0.2011599987745285,0
2026-08-07T07:35,0.20118999481201172,0.20126000046730042,0.20111000537872314,0.20118999481201172,121920
2026-08-07T07:40,0.20116999745368958,0.20186999440193176,0.20116999745368958,0.20166000723838806,0
2026-08-07T07:45,0.20166000723838806,0.20176999270915985,0.20132000744342804,0.20160000026226044,1095040
2026-08-07T07:50,0.20148999989032745,0.20175999402999878,0.2014400064945221,0.20151999592781067,404608
2026-08-07T07:55,0.20156000554561615,0.20161999762058258,0.2011599987745285,0.20161999762058258,318656
2026-08-07T08:00,0.20160000026226044,0.20176999270915985,0.20148999989032745,0.20161999762058258,181120
2026-08-07T08:05,0.20163999497890472,0.2024800032377243,0.20163999497890472,0.20236000418663025,197952
2026-08-07T08:10,0.20225000381469727,0.20266999304294586,0.20216000080108643,0.20261000096797943,1906496
2026-08-07T08:15,0.2025199979543686,0.20263999700546265,0.20231999456882477,0.20242999494075775,786816
2026-08-07T08:20,0.20231999456882477,0.20242999494075775,0.20215000212192535,0.20227999985218048,141056
2026-08-07T08:25,0.20235000550746918,0.2024800032377243,0.20217999815940857,0.20239999890327454,435200
2026-08-07T08:30,0.20250000059604645,0.2025499939918518,0.20182999968528748,0.20205999910831451,516736
2026-08-07T08:35,0.20207999646663666,0.20207999646663666,0.20156000554561615,0.2019599974155426,859648
2026-08-07T08:40,0.20182999968528748,0.20200000703334808,0.20127999782562256,0.2016800045967102,1631040
2026-08-07T08:45,0.20160000026226044,0.20161999762058258,0.2013300061225891,0.20161999762058258,556992
2026-08-07T08:50,0.20160000026226044,0.20160000026226044,0.20112000405788422,0.20124000310897827,239168
2026-08-07T08:55,0.20116999745368958,0.20118999481201172,0.2006099969148636,0.20082999765872955,0
2026-08-07T09:00,0.20071999728679657,0.2007800042629242,0.2001499980688095,0.20016999542713165,0
2026-08-07T09:05,0.20029999315738678,0.2006700038909912,0.20016999542713165,0.2006700038909912,1137600
2026-08-07T09:10,0.2006700038909912,0.20069000124931335,0.20023000240325928,0.2003999948501587,3712
2026-08-07T09:15,0.2003999948501587,0.20045000314712524,0.19994999468326569,0.20020000636577606,0
2026-08-07T09:20,0.2002200037240982,0.2006099969148636,0.20010000467300415,0.2006099969148636,0
2026-08-07T09:25,0.2006099969148636,0.20069999992847443,0.20010000467300415,0.2002200037240982,873728
2026-08-07T09:30,0.20020000636577606,0.2006399929523468,0.20020000636577606,0.20059999823570251,74304
2026-08-07T09:35,0.20059999823570251,0.20059999823570251,0.20027999579906464,0.2004700005054474,157952
2026-08-07T09:40,0.20050999522209167,0.20050999522209167,0.20015999674797058,0.2003600001335144,0
2026-08-07T09:45,0.20038999617099762,0.20083999633789062,0.20015999674797058,0.20083999633789062,457856
2026-08-07T09:50,0.20090000331401825,0.20137999951839447,0.20071999728679657,0.20087000727653503,2884480
2026-08-07T09:55,0.2009200006723404,0.20169000327587128,0.2009200006723404,0.20167000591754913,1013248
2026-08-07T10:00,0.20163999497890472,0.20184999704360962,0.20151999592781067,0.20184999704360962,789440
2026-08-07T10:05,0.20184999704360962,0.20200000703334808,0.20163999497890472,0.20163999497890472,0
2026-08-07T10:10,0.20160000026226044,0.20187999308109283,0.2014400064945221,0.20148999989032745,0
2026-08-07T10:15,0.20136000216007233,0.20140999555587769,0.2010899931192398,0.20135000348091125,0
2026-08-07T10:20,0.20126000046730042,0.20181000232696533,0.20112000405788422,0.20181000232696533,8896
2026-08-07T10:25,0.20180000364780426,0.20239999890327454,0.20175999402999878,0.20218999683856964,1232320
2026-08-07T10:30,0.2021999955177307,0.2023800015449524,0.20194000005722046,0.20194000005722046,905024
2026-08-07T10:35,0.20194999873638153,0.20204000174999237,0.20170000195503235,0.2019300013780594,0
2026-08-07T10:40,0.20204000174999237,0.20225000381469727,0.20200000703334808,0.20225000381469727,426816
2026-08-07T10:45,0.20226000249385834,0.20261000096797943,0.20218999683856964,0.20232999324798584,371840
2026-08-07T10:50,0.20231999456882477,0.20237000286579132,0.20205000042915344,0.20228999853134155,465792
2026-08-07T10:55,0.20239000022411346,0.20257000625133514,0.2022400051355362,0.20237000286579132,417856
2026-08-07T11:00,0.2025199979543686,0.2025199979543686,0.20212000608444214,0.2021999955177307,0
2026-08-07T11:05,0.20212000608444214,0.20235000550746918,0.20201000571250916,0.2021300047636032,0
2026-08-07T11:10,0.20208999514579773,0.20212000608444214,0.2015800029039383,0.20178000628948212,108096
2026-08-07T11:15,0.20171000063419342,0.20183999836444855,0.20134000480175018,0.20172999799251556,0
2026-08-07T11:20,0.20166000723838806,0.20274999737739563,0.20166000723838806,0.20266999304294586,179776
2026-08-07T11:25,0.2027599960565567,0.20317000150680542,0.20273999869823456,0.20284000039100647,1716224
2026-08-07T11:30,0.2028300017118454,0.20287999510765076,0.2023400068283081,0.20235000550746918,766144
2026-08-07T11:35,0.20232999324798584,0.2024099975824356,0.20187999308109283,0.2021999955177307,697984
2026-08-07T11:40,0.2022400051355362,0.2022400051355362,0.20191000401973724,0.20191000401973724,0
2026-08-07T11:45,0.20194999873638153,0.20200000703334808,0.20157000422477722,0.2016099989414215,0
2026-08-07T11:50,0.20160000026226044,0.20196999609470367,0.20152999460697174,0.20196999609470367,0
2026-08-07T11:55,0.20200000703334808,0.20200000703334808,0.20127999782562256,0.2013700008392334,0
2026-08-07T12:00,0.2013700008392334,0.20166000723838806,0.2009200006723404,0.20097999274730682,0
2026-08-07T12:05,0.20103000104427338,0.20170000195503235,0.20083999633789062,0.20160000026226044,0
2026-08-07T12:10,0.20187999308109283,0.20187999308109283,0.2011999934911728,0.20135000348091125,882624
2026-08-07T12:15,0.20149999856948853,0.20170000195503235,0.20132000744342804,0.20132000744342804,169024
2026-08-07T12:20,0.20138999819755554,0.20151999592781067,0.2009900063276291,0.2012699991464615,0
2026-08-07T12:25,0.2012699991464615,0.20142999291419983,0.2009200006723404,0.20124000310897827,0
2026-08-07T12:30,0.20208999514579773,0.20236000418663025,0.20037999749183655,0.20037999749183655,5180928
2026-08-07T12:35,0.20037999749183655,0.2008499950170517,0.2002899944782257,0.20032000541687012,2034944
2026-08-07T12:40,0.20009000599384308,0.20062999427318573,0.1998099982738495,0.20042000710964203,2035008
2026-08-07T12:45,0.20055000483989716,0.20110000669956207,0.20055000483989716,0.20080000162124634,934080
2026-08-07T12:50,0.2008100003004074,0.2012699991464615,0.20068000257015228,0.2012699991464615,714304
2026-08-07T12:55,0.20134000480175018,0.20148000121116638,0.20091000199317932,0.20117999613285065,0
2026-08-07T13:00,0.20128999650478363,0.20132000744342804,0.2002200037240982,0.20065000653266907,0
2026-08-07T13:05,0.20051999390125275,0.20062999427318573,0.2003300040960312,0.2005700021982193,1238784
2026-08-07T13:10,0.20051999390125275,0.20085999369621277,0.20027999579906464,0.20032000541687012,280192
2026-08-07T13:15,0.20034000277519226,0.20103999972343445,0.2001899927854538,0.20100000500679016,0
2026-08-07T13:20,0.20107999444007874,0.2010899931192398,0.20054000616073608,0.20054000616073608,0
2026-08-07T13:25,0.2003999948501587,0.20103999972343445,0.20035000145435333,0.20103999972343445,0
2026-08-07T13:30,0.20097999274730682,0.20103999972343445,0.2003600001335144,0.20044000446796417,0
2026-08-07T13:35,0.20050999522209167,0.20059999823570251,0.19997000694274902,0.20013999938964844,0
2026-08-07T13:40,0.20021000504493713,0.2003300040960312,0.19991999864578247,0.2003300040960312,0
2026-08-07T13:45,0.2003600001335144,0.20037999749183655,0.19955000281333923,0.1997700035572052,0
2026-08-07T13:50,0.19971999526023865,0.19971999526023865,0.19916999340057373,0.19923999905586243,0
2026-08-07T13:55,0.1993200033903122,0.19944000244140625,0.1988299936056137,0.19922000169754028,0
2026-08-07T14:00,0.1990399956703186,0.19935999810695648,0.19829000532627106,0.1984100043773651,0
2026-08-07T14:05,0.19843000173568726,0.1992799937725067,0.19843000173568726,0.19899000227451324,0
2026-08-07T14:10,0.19902999699115753,0.19949999451637268,0.19899000227451324,0.1992799937725067,223488
2026-08-07T14:15,0.19920000433921814,0.19976000487804413,0.1991100013256073,0.1997399926185608,0
2026-08-07T14:20,0.1998399943113327,0.19999000430107117,0.19934000074863434,0.19964000582695007,0
2026-08-07T14:25,0.19965000450611115,0.1998700052499771,0.19947999715805054,0.1995999962091446,0
2026-08-07T14:30,0.19958999752998352,0.19958999752998352,0.19731999933719635,0.19803999364376068,0
2026-08-07T14:35,0.19799000024795532,0.19811999797821045,0.1972299963235855,0.19724999368190765,0
2026-08-07T14:40,0.1972000002861023,0.19777999818325043,0.19690999388694763,0.1974799931049347,0
2026-08-07T14:45,0.19744999706745148,0.19781999289989471,0.1973699927330017,0.19740000367164612,0
2026-08-07T14:50,0.19731999933719635,0.19750000536441803,0.19687999784946442,0.1972000002861023,0
2026-08-07T14:55,0.19713999330997467,0.19728000462055206,0.19651000201702118,0.19694000482559204,0
2026-08-07T15:00,0.19689999520778656,0.1975499987602234,0.19687999784946442,0.1973000019788742,0
2026-08-07T15:05,0.19740000367164612,0.19815999269485474,0.19740000367164612,0.1981399953365326,0
2026-08-07T15:10,0.19820000231266022,0.19830000400543213,0.19801999628543854,0.19822999835014343,0
2026-08-07T15:15,0.1981000006198883,0.19836999475955963,0.19769999384880066,0.19784000515937805,0
2026-08-07T15:20,0.19789999723434448,0.19847999513149261,0.19787000119686127,0.19847999513149261,0
2026-08-07T15:25,0.1984499990940094,0.19855999946594238,0.1980299949645996,0.19818000495433807,0
2026-08-07T15:30,0.19820000231266022,0.19894999265670776,0.19819000363349915,0.1984100043773651,0
2026-08-07T15:35,0.1984100043773651,0.1990399956703186,0.19832000136375427,0.19832000136375427,0
2026-08-07T15:40,0.19844000041484833,0.19946999847888947,0.19835999608039856,0.19912000000476837,0
2026-08-07T15:45,0.1992100030183792,0.19945000112056732,0.19908000528812408,0.19945000112056732,0
2026-08-07T15:50,0.19943000376224518,0.19982999563217163,0.19896000623703003,0.19939999282360077,0
2026-08-07T15:55,0.19943000376224518,0.2007099986076355,0.19925999641418457,0.2007099986076355,0
2026-08-07T16:00,0.20100000500679016,0.20100000500679016,0.20029999315738678,0.20044000446796417,0
2026-08-07T16:05,0.20047999918460846,0.20068000257015228,0.2000499963760376,0.20026999711990356,0
2026-08-07T16:10,0.20032000541687012,0.20092999935150146,0.20005999505519867,0.20092999935150146,0
2026-08-07T16:15,0.2009900063276291,0.20141999423503876,0.20037999749183655,0.20055000483989716,0
2026-08-07T16:20,0.20056000351905823,0.20071999728679657,0.2003300040960312,0.2003300040960312,0
2026-08-07T16:25,0.20032000541687012,0.20080000162124634,0.20020000636577606,0.2006099969148636,0
2026-08-07T16:30,0.20058000087738037,0.20068000257015228,0.20032000541687012,0.20040999352931976,0
2026-08-07T16:35,0.2002899944782257,0.20076000690460205,0.2002899944782257,0.20047999918460846,0
2026-08-07T16:40,0.2003600001335144,0.20059999823570251,0.20013000071048737,0.20020000636577606,0
2026-08-07T16:45,0.2002200037240982,0.2002599984407425,0.19972999393939972,0.20003999769687653,0
2026-08-07T16:50,0.20020000636577606,0.20024000108242035,0.1996999979019165,0.19972999393939972,0
2026-08-07T16:55,0.19994999468326569,0.19994999468326569,0.19909000396728516,0.19909000396728516,0
2026-08-07T17:00,0.1991100013256073,0.19939999282360077,0.19900000095367432,0.19937999546527863,95744
2026-08-07T17:05,0.19933000206947327,0.19964000582695007,0.19929000735282898,0.19933000206947327,0
2026-08-07T17:10,0.1995600014925003,0.1996700018644333,0.1991100013256073,0.1991100013256073,0
2026-08-07T17:15,0.19908000528812408,0.19912000000476837,0.19833000004291534,0.19842000305652618,0
2026-08-07T17:20,0.19846999645233154,0.19859999418258667,0.19811999797821045,0.19811999797821045,0
2026-08-07T17:25,0.19808000326156616,0.1983799934387207,0.19800999760627747,0.19836999475955963,0
2026-08-07T17:30,0.19842000305652618,0.19843000173568726,0.19790999591350555,0.19824999570846558,0
2026-08-07T17:35,0.19806000590324402,0.19854000210762024,0.19806000590324402,0.1984100043773651,0
2026-08-07T17:40,0.19836999475955963,0.19842000305652618,0.1979600042104721,0.1980700045824051,0
2026-08-07T17:45,0.1981399953365326,0.1983100026845932,0.19744999706745148,0.19754000008106232,0
2026-08-07T17:50,0.19760000705718994,0.19776999950408936,0.1974100023508072,0.19776999950408936,0
2026-08-07T17:55,0.19764000177383423,0.1980299949645996,0.1975100040435791,0.19791999459266663,0
2026-08-07T18:00,0.197720006108284,0.19819000363349915,0.1976500004529953,0.1979999989271164,0
2026-08-07T18:05,0.19797000288963318,0.19835999608039856,0.19787999987602234,0.1983100026845932,0
2026-08-07T18:10,0.1983499974012375,0.19900000095367432,0.1981000006198883,0.19811999797821045,0
2026-08-07T18:15,0.19822999835014343,0.19875000417232513,0.19810999929904938,0.19867999851703644,0
2026-08-07T18:20,0.19867999851703644,0.19894999265670776,0.19863000512123108,0.19885000586509705,0
2026-08-07T18:25,0.19884000718593597,0.19939999282360077,0.19878000020980835,0.19931000471115112,0
2026-08-07T18:30,0.19934000074863434,0.19995999336242676,0.199180006980896,0.1996999979019165,0
2026-08-07T18:35,0.199630007147789,0.20024000108242035,0.19925999641418457,0.200080007314682,0
2026-08-07T18:40,0.20009000599384308,0.20009000599384308,0.19957999885082245,0.19979999959468842,550176
2026-08-07T18:45,0.1997399926185608,0.20026999711990356,0.1996999979019165,0.20023000240325928,0
2026-08-07T18:50,0.20013000071048737,0.2002599984407425,0.19957999885082245,0.2002599984407425,0
2026-08-07T18:55,0.20029999315738678,0.20054000616073608,0.1999800056219101,0.20054000616073608,370912
2026-08-07T19:00,0.20046000182628632,0.20069999992847443,0.20016999542713165,0.20040999352931976,0
2026-08-07T19:05,0.20040999352931976,0.20079000294208527,0.20032000541687012,0.20055000483989716,0
2026-08-07T19:10,0.20076000690460205,0.20106999576091766,0.2006700038909912,0.2007800042629242,80576
2026-08-07T19:15,0.2008499950170517,0.20190000534057617,0.2007800042629242,0.20169000327587128,666816
2026-08-07T19:20,0.20167000591754913,0.20237000286579132,0.20136000216007233,0.20136000216007233,959040
2026-08-07T19:25,0.2013700008392334,0.20148000121116638,0.2009200006723404,0.2009200006723404,26752
2026-08-07T19:30,0.20097999274730682,0.20176999270915985,0.2009499967098236,0.20163999497890472,0
2026-08-07T19:35,0.20161999762058258,0.20161999762058258,0.20110000669956207,0.20126000046730042,0
2026-08-07T19:40,0.2015099972486496,0.2015099972486496,0.20126000046730042,0.2013999968767166,0
2026-08-07T19:45,0.20138999819755554,0.20182999968528748,0.2012699991464615,0.2012999951839447,0
2026-08-07T19:50,0.20134000480175018,0.20155000686645508,0.20117999613285065,0.20138999819755554,0
2026-08-07T19:55,0.20138999819755554,0.20138999819755554,0.20076000690460205,0.2008499950170517,0
2026-08-07T20:00,0.20092999935150146,0.20130999386310577,0.20076000690460205,0.20130999386310577,0
2026-08-07T20:05,0.20126000046730042,0.20148000121116638,0.2011300027370453,0.20148000121116638,0
2026-08-07T20:10,0.20134000480175018,0.20149999856948853,0.20112000405788422,0.20112000405788422,0
2026-08-07T20:15,0.20115000009536743,0.20132000744342804,0.20104999840259552,0.20107999444007874,0
2026-08-07T20:20,0.20101000368595123,0.20137999951839447,0.20101000368595123,0.20136000216007233,0
2026-08-07T20:25,0.2014400064945221,0.20184999704360962,0.20130999386310577,0.20132000744342804,0
2026-08-07T20:30,0.20142999291419983,0.20156000554561615,0.2010899931192398,0.20111000537872314,0
2026-08-07T20:35,0.20114000141620636,0.2013700008392334,0.2009200006723404,0.2012999951839447,0
2026-08-07T20:40,0.2012999951839447,0.20215000212192535,0.2012999951839447,0.20204000174999237,0
2026-08-07T20:45,0.20206999778747559,0.20297999680042267,0.2019599974155426,0.20273999869823456,1274048
2026-08-07T20:50,0.2026599943637848,0.20274999737739563,0.20225000381469727,0.20239000022411346,4960
2026-08-07T20:55,0.2024099975824356,0.2024099975824356,0.20200000703334808,0.20220999419689178,0
2026-08-07T21:00,0.20232999324798584,0.20236000418663025,0.2020999938249588,0.2020999938249588,0
2026-08-07T21:05,0.20212000608444214,0.20236000418663025,0.2019599974155426,0.20217999815940857,0
2026-08-07T21:10,0.20221999287605286,0.20282000303268433,0.20221999287605286,0.2026199996471405,0
2026-08-07T21:15,0.20255999267101288,0.2025900036096573,0.2013300061225891,0.20142999291419983,0
2026-08-07T21:20,0.2011599987745285,0.20170000195503235,0.20115000009536743,0.20155000686645508,0
2026-08-07T21:25,0.20155000686645508,0.20155000686645508,0.2013300061225891,0.20152999460697174,0
2026-08-07T21:30,0.2015399932861328,0.20166000723838806,0.20122000575065613,0.20124000310897827,0
2026-08-07T21:35,0.20128999650478363,0.20155000686645508,0.20128999650478363,0.2015399932861328,0
2026-08-07T21:40,0.20146000385284424,0.2016499936580658,0.20126000046730042,0.20136000216007233,0
2026-08-07T21:45,0.20136000216007233,0.20136000216007233,0.20097999274730682,0.20115000009536743,0
2026-08-07T21:50,0.2010599970817566,0.20121000707149506,0.20074999332427979,0.20083999633789062,0
2026-08-07T21:55,0.20083999633789062,0.20115000009536743,0.2006399929523468,0.2008800059556961,0
2026-08-07T22:00,0.2009200006723404,0.20095999538898468,0.20066000521183014,0.20093999803066254,0
2026-08-07T22:05,0.2008100003004074,0.20149999856948853,0.2008100003004074,0.20149999856948853,0
2026-08-07T22:10,0.2013999968767166,0.20176999270915985,0.2013999968767166,0.20163999497890472,0
2026-08-07T22:15,0.20170000195503235,0.2018900066614151,0.20136000216007233,0.20148000121116638,0
2026-08-07T22:20,0.2016099989414215,0.20178000628948212,0.20156000554561615,0.20169000327587128,0
2026-08-07T22:25,0.20167000591754913,0.20170000195503235,0.20135000348091125,0.2014700025320053,0
2026-08-07T22:30,0.2014400064945221,0.20146000385284424,0.20062999427318573,0.20069999992847443,0
2026-08-07T22:35,0.20069000124931335,0.20069000124931335,0.20036999881267548,0.20036999881267548,0
2026-08-07T22:40,0.2003999948501587,0.20062999427318573,0.20026999711990356,0.20062999427318573,0
2026-08-07T22:45,0.2006399929523468,0.20080000162124634,0.20050999522209167,0.20062999427318573,0
2026-08-07T22:50,0.2006099969148636,0.20066000521183014,0.20031000673770905,0.20044000446796417,0
2026-08-07T22:55,0.20044000446796417,0.2006700038909912,0.20017999410629272,0.2006700038909912,0
2026-08-07T23:00,0.2006700038909912,0.20127999782562256,0.20062999427318573,0.20127999782562256,0
2026-08-07T23:05,0.20130999386310577,0.2015099972486496,0.2011599987745285,0.20148999989032745,0
2026-08-07T23:10,0.20149999856948853,0.20173999667167664,0.2014700025320053,0.20170000195503235,0
2026-08-07T23:15,0.2017199993133545,0.2017199993133545,0.20127999782562256,0.20148999989032745,0
2026-08-07T23:20,0.20148999989032745,0.20152999460697174,0.2012699991464615,0.20128999650478363,0
2026-08-07T23:25,0.20117999613285065,0.2011999934911728,0.20077000558376312,0.20079000294208527,0
2026-08-07T23:30,0.20079000294208527,0.20083999633789062,0.20016999542713165,0.20034000277519226,0
2026-08-07T23:35,0.2003300040960312,0.2008800059556961,0.20027999579906464,0.20083999633789062,0
2026-08-07T23:40,0.20081999897956848,0.20095999538898468,0.20076000690460205,0.20095999538898468,12128
2026-08-07T23:45,0.20097999274730682,0.20107999444007874,0.20087000727653503,0.20091000199317932,0
2026-08-07T23:50,0.20085999369621277,0.20127999782562256,0.20069000124931335,0.20121000707149506,0
2026-08-07T23:55,0.20122000575065613,0.20127999782562256,0.20071999728679657,0.20071999728679657,0
2026-08-08T00:00,0.20068000257015228,0.2008499950170517,0.2004700005054474,0.20068000257015228,0
2026-08-08T00:05,0.20058999955654144,0.2006399929523468,0.20032000541687012,0.20035000145435333,0
2026-08-08T00:10,0.20034000277519226,0.2003600001335144,0.20010000467300415,0.2001200020313263,0
2026-08-08T00:15,0.20011000335216522,0.20020000636577606,0.20003999769687653,0.20011000335216522,0
2026-08-08T00:20,0.20010000467300415,0.20010000467300415,0.1998700052499771,0.19999000430107117,0
2026-08-08T00:25,0.1999800056219101,0.20011000335216522,0.1999800056219101,0.200080007314682,0
2026-08-08T00:30,0.2000100016593933,0.2000100016593933,0.19966000318527222,0.1998099982738495,0
2026-08-08T00:35,0.19976000487804413,0.19979999959468842,0.1994899958372116,0.19979999959468842,0
2026-08-08T00:40,0.19979999959468842,0.20026999711990356,0.19979999959468842,0.20015999674797058,68704
2026-08-08T00:45,0.2002200037240982,0.2002899944782257,0.20013999938964844,0.20024000108242035,0
2026-08-08T00:50,0.20032000541687012,0.20048999786376953,0.20020000636577606,0.2004700005054474,0
2026-08-08T00:55,0.2003999948501587,0.2005700021982193,0.20032000541687012,0.20032000541687012,0
2026-08-08T01:00,0.20032000541687012,0.20037999749183655,0.2001899927854538,0.20024000108242035,0
2026-08-08T01:05,0.20026999711990356,0.20026999711990356,0.19975000619888306,0.2001499980688095,0
2026-08-08T01:10,0.20015999674797058,0.2001899927854538,0.2000100016593933,0.2000100016593933,0
2026-08-08T01:15,0.20000000298023224,0.20000000298023224,0.19971999526023865,0.19975000619888306,0
2026-08-08T01:20,0.19975000619888306,0.19991999864578247,0.1996999979019165,0.19990000128746033,0
2026-08-08T01:25,0.19993999600410461,0.20006999373435974,0.19990000128746033,0.19995999336242676,0
2026-08-08T01:30,0.1999099999666214,0.20003999769687653,0.19941000640392303,0.20003999769687653,0
2026-08-08T01:35,0.200080007314682,0.20031000673770905,0.1998099982738495,0.1998399943113327,0
2026-08-08T01:40,0.1998399943113327,0.20013999938964844,0.19979999959468842,0.19995999336242676,0
2026-08-08T01:45,0.19994999468326569,0.19994999468326569,0.19975000619888306,0.19978000223636627,0
2026-08-08T01:50,0.19989000260829926,0.20020000636577606,0.19989000260829926,0.20015999674797058,0
2026-08-08T01:55,0.20015999674797058,0.20103999972343445,0.20015999674797058,0.20068000257015228,0
2026-08-08T02:00,0.20058999955654144,0.2011599987745285,0.20058999955654144,0.20065000653266907,0
2026-08-08T02:05,0.2007800042629242,0.20140999555587769,0.2007800042629242,0.2010599970817566,0
2026-08-08T02:10,0.2010599970817566,0.2010599970817566,0.2006399929523468,0.20092999935150146,0
2026-08-08T02:15,0.20093999803066254,0.20116999745368958,0.20074999332427979,0.20074999332427979,0
2026-08-08T02:20,0.20074999332427979,0.2008800059556961,0.20059999823570251,0.2006099969148636,0
2026-08-08T02:25,0.20061999559402466,0.20103999972343445,0.20059999823570251,0.2009200006723404,0
2026-08-08T02:30,0.20092999935150146,0.20103000104427338,0.1999800056219101,0.20006999373435974,0
2026-08-08T02:35,0.2001200020313263,0.20021000504493713,0.19986000657081604,0.1998700052499771,0
2026-08-08T02:40,0.19981999695301056,0.20029999315738678,0.1997700035572052,0.20020000636577606,0
2026-08-08T02:45,0.20020000636577606,0.20051999390125275,0.20013999938964844,0.20048999786376953,0
2026-08-08T02:50,0.20042000710964203,0.2006700038909912,0.20027999579906464,0.2005700021982193,0
2026-08-08T02:55,0.2005700021982193,0.20059999823570251,0.20032000541687012,0.20038999617099762,0
2026-08-08T03:00,0.2003600001335144,0.2007399946451187,0.2003600001335144,0.2007399946451187,0
2026-08-08T03:05,0.2007399946451187,0.2010200023651123,0.2007399946451187,0.20092999935150146,0
2026-08-08T03:10,0.20097999274730682,0.20125000178813934,0.20072999596595764,0.20072999596595764,0
2026-08-08T03:15,0.20077000558376312,0.2008800059556961,0.20062999427318573,0.2008800059556961,0
2026-08-08T03:20,0.20091000199317932,0.20091000199317932,0.20047999918460846,0.20059999823570251,0
2026-08-08T03:25,0.20058000087738037,0.20069999992847443,0.20045000314712524,0.20056000351905823,0
2026-08-08T03:30,0.2006399929523468,0.2021300047636032,0.2006399929523468,0.20190000534057617,143200
2026-08-08T03:35,0.2019599974155426,0.20217999815940857,0.2013999968767166,0.20161999762058258,1324608
2026-08-08T03:40,0.20169000327587128,0.20178000628948212,0.20124000310897827,0.20124000310897827,168512
2026-08-08T03:45,0.20126000046730042,0.20163999497890472,0.20126000046730042,0.20163999497890472,645856
2026-08-08T03:50,0.2015399932861328,0.20157000422477722,0.2012699991464615,0.2012999951839447,0
2026-08-08T03:55,0.20140999555587769,0.20156000554561615,0.20083999633789062,0.20083999633789062,0
2026-08-08T04:00,0.2009499967098236,0.20128999650478363,0.20091000199317932,0.20100000500679016,0
2026-08-08T04:05,0.20091000199317932,0.20095999538898468,0.2007800042629242,0.20083999633789062,0
2026-08-08T04:10,0.20076000690460205,0.20103999972343445,0.20062999427318573,0.20095999538898468,0
2026-08-08T04:15,0.20095999538898468,0.20103999972343445,0.20083999633789062,0.20100000500679016,0
2026-08-08T04:20,0.20103000104427338,0.20103000104427338,0.20058000087738037,0.2006399929523468,0
2026-08-08T04:25,0.20066000521183014,0.2007099986076355,0.20045000314712524,0.20056000351905823,0
2026-08-08T04:30,0.20054000616073608,0.2011999934911728,0.20054000616073608,0.20101000368595123,0
2026-08-08T04:35,0.20103999972343445,0.20142999291419983,0.2009900063276291,0.2012999951839447,0
2026-08-08T04:40,0.2013300061225891,0.20135000348091125,0.2010899931192398,0.2010899931192398,0
2026-08-08T04:45,0.20118999481201172,0.20122000575065613,0.20092999935150146,0.20092999935150146,0
2026-08-08T04:50,0.2009499967098236,0.20095999538898468,0.20083999633789062,0.20095999538898468,0
2026-08-08T04:55,0.20096999406814575,0.20096999406814575,0.20065000653266907,0.20066000521183014,0
2026-08-08T05:00,0.20082999765872955,0.20082999765872955,0.20058999955654144,0.20080000162124634,0
2026-08-08T05:05,0.20080000162124634,0.20080000162124634,0.20029999315738678,0.20029999315738678,0
2026-08-08T05:10,0.20038999617099762,0.20080000162124634,0.20038999617099762,0.20074999332427979,0
2026-08-08T05:15,0.2007399946451187,0.2008499950170517,0.20051999390125275,0.20059999823570251,0
2026-08-08T05:20,0.2006399929523468,0.20103000104427338,0.2006399929523468,0.20092999935150146,0
2026-08-08T05:25,0.20093999803066254,0.20106999576091766,0.20079000294208527,0.20083999633789062,0
2026-08-08T05:30,0.20087000727653503,0.20116999745368958,0.20080000162124634,0.20116999745368958,0
2026-08-08T05:35,0.20122000575065613,0.20122000575065613,0.2007099986076355,0.20089000463485718,0
2026-08-08T05:40,0.20096999406814575,0.20111000537872314,0.20089000463485718,0.20089000463485718,0
2026-08-08T05:45,0.2008800059556961,0.2011999934911728,0.2008800059556961,0.2011300027370453,0
2026-08-08T05:50,0.20111000537872314,0.20117999613285065,0.20097999274730682,0.2009900063276291,0
2026-08-08T05:55,0.20101000368595123,0.20127999782562256,0.20051999390125275,0.20062999427318573,0
2026-08-08T06:00,0.20062999427318573,0.20071999728679657,0.20024999976158142,0.20024999976158142,0
2026-08-08T06:05,0.2003600001335144,0.2003999948501587,0.20003999769687653,0.20017999410629272,0
2026-08-08T06:10,0.2001200020313263,0.20013999938964844,0.19986000657081604,0.19988000392913818,0
2026-08-08T06:15,0.19988000392913818,0.20003999769687653,0.19971999526023865,0.1998700052499771,0
2026-08-08T06:20,0.19990000128746033,0.19992999732494354,0.19971999526023865,0.1998099982738495,0
2026-08-08T06:25,0.19982999563217163,0.19984999299049377,0.1996999979019165,0.19981999695301056,0
2026-08-08T06:30,0.19979999959468842,0.20000000298023224,0.1996700018644333,0.19992999732494354,0
2026-08-08T06:35,0.1999800056219101,0.200080007314682,0.19992999732494354,0.20006999373435974,0
2026-08-08T06:40,0.200080007314682,0.200080007314682,0.19976000487804413,0.19982999563217163,0
2026-08-08T06:45,0.19979000091552734,0.19984999299049377,0.1995999962091446,0.19976000487804413,0
2026-08-08T06:50,0.19975000619888306,0.1999099999666214,0.1996999979019165,0.1996999979019165,0
2026-08-08T06:55,0.1997700035572052,0.19991999864578247,0.1997700035572052,0.1999099999666214,0
2026-08-08T07:00,0.19986000657081604,0.1998700052499771,0.19979000091552734,0.19979000091552734,0
2026-08-08T07:05,0.19979000091552734,0.20000000298023224,0.19955000281333923,0.1997700035572052,0
2026-08-08T07:10,0.19964000582695007,0.19970999658107758,0.1994599997997284,0.19949999451637268,467872
2026-08-08T07:15,0.19949999451637268,0.19952000677585602,0.19937999546527863,0.1993899941444397,0
2026-08-08T07:20,0.19937999546527863,0.19943000376224518,0.19899000227451324,0.1991100013256073,0
2026-08-08T07:25,0.19912000000476837,0.19935999810695648,0.19905999302864075,0.19915999472141266,68960
2026-08-08T07:30,0.19915999472141266,0.19923999905586243,0.19891999661922455,0.19908000528812408,0
2026-08-08T07:35,0.19908000528812408,0.19925999641418457,0.19908000528812408,0.19908000528812408,0
2026-08-08T07:40,0.19912000000476837,0.19920000433921814,0.19900000095367432,0.19900000095367432,0
2026-08-08T07:45,0.19899000227451324,0.19913999736309052,0.19899000227451324,0.19901999831199646,0
2026-08-08T07:50,0.19901999831199646,0.19936999678611755,0.19901999831199646,0.19936999678611755,0
2026-08-08T07:55,0.19939999282360077,0.2001899927854538,0.19939999282360077,0.2001499980688095,0
2026-08-08T08:00,0.20024000108242035,0.20024000108242035,0.19981999695301056,0.19982999563217163,0
2026-08-08T08:05,0.19982999563217163,0.19995999336242676,0.19968000054359436,0.1997399926185608,0
2026-08-08T08:10,0.19975000619888306,0.20002999901771545,0.19970999658107758,0.20002999901771545,0
2026-08-08T08:15,0.20003999769687653,0.20011000335216522,0.19950999319553375,0.19950999319553375,0
2026-08-08T08:20,0.1994899958372116,0.19968999922275543,0.1993200033903122,0.1994899958372116,0
2026-08-08T08:25,0.19952000677585602,0.19966000318527222,0.1993899941444397,0.1993899941444397,0
2026-08-08T08:30,0.19941000640392303,0.20029999315738678,0.19941000640392303,0.20016999542713165,0
2026-08-08T08:35,0.20016999542713165,0.20032000541687012,0.1999800056219101,0.1999800056219101,0
2026-08-08T08:40,0.19997000694274902,0.1999800056219101,0.19935999810695648,0.19957000017166138,0
2026-08-08T08:45,0.1994899958372116,0.19981999695301056,0.19931000471115112,0.19979000091552734,0
2026-08-08T08:50,0.19971999526023865,0.19978000223636627,0.19957999885082245,0.19975000619888306,317728
2026-08-08T08:55,0.19979999959468842,0.20000000298023224,0.1996999979019165,0.19992999732494354,0
2026-08-08T09:00,0.19992999732494354,0.19992999732494354,0.19965000450611115,0.19979999959468842,0
2026-08-08T09:05,0.19979999959468842,0.19986000657081604,0.1995999962091446,0.19970999658107758,0
2026-08-08T09:10,0.1996999979019165,0.19970999658107758,0.199180006980896,0.199180006980896,0
2026-08-08T09:15,0.19919000566005707,0.19929000735282898,0.19908000528812408,0.19910000264644623,0
2026-08-08T09:20,0.19909000396728516,0.19933000206947327,0.19904999434947968,0.19923000037670135,0
2026-08-08T09:25,0.19923000037670135,0.19949999451637268,0.19922000169754028,0.19939999282360077,0
2026-08-08T09:30,0.19937999546527863,0.19986000657081604,0.19937999546527863,0.19954000413417816,0
2026-08-08T09:35,0.19944000244140625,0.19944000244140625,0.19894999265670776,0.19916999340057373,0
2026-08-08T09:40,0.19900000095367432,0.19901999831199646,0.1984499990940094,0.1986600011587143,0
2026-08-08T09:45,0.1986600011587143,0.19869999587535858,0.19855999946594238,0.19860999286174774,0
2026-08-08T09:50,0.19864000380039215,0.19889000058174133,0.19839000701904297,0.1988299936056137,0
2026-08-08T09:55,0.1988999992609024,0.19908000528812408,0.19855999946594238,0.1990099996328354,594528
2026-08-08T10:00,0.19891999661922455,0.1990399956703186,0.19880999624729156,0.1988999992609024,0
2026-08-08T10:05,0.1988999992609024,0.1991499960422516,0.19889000058174133,0.1991499960422516,0
2026-08-08T10:10,0.19910000264644623,0.19923000037670135,0.19900000095367432,0.19923000037670135,0
2026-08-08T10:15,0.19926999509334564,0.1993499994277954,0.19920000433921814,0.19929000735282898,0
2026-08-08T10:20,0.1993200033903122,0.19957000017166138,0.1993200033903122,0.19946999847888947,0
2026-08-08T10:25,0.19952000677585602,0.2000100016593933,0.19952000677585602,0.19958999752998352,0
2026-08-08T10:30,0.19957000017166138,0.19995999336242676,0.19954000413417816,0.19972999393939972,0
2026-08-08T10:35,0.19972999393939972,0.1997399926185608,0.1994899958372116,0.19954000413417816,0
2026-08-08T10:40,0.1995600014925003,0.19957000017166138,0.19931000471115112,0.19933000206947327,0
2026-08-08T10:45,0.19933000206947327,0.19978000223636627,0.19933000206947327,0.19972999393939972,0
2026-08-08T10:50,0.19972999393939972,0.19988000392913818,0.19971999526023865,0.19988000392913818,0
2026-08-08T10:55,0.19991999864578247,0.20011000335216522,0.19986000657081604,0.19988000392913818,0
2026-08-08T11:00,0.19988000392913818,0.19990000128746033,0.199630007147789,0.19990000128746033,0
2026-08-08T11:05,0.19990000128746033,0.20013000071048737,0.19978000223636627,0.20011000335216522,0
2026-08-08T11:10,0.20015999674797058,0.20026999711990356,0.1997700035572052,0.1997700035572052,0
2026-08-08T11:15,0.19976000487804413,0.1998399943113327,0.19946999847888947,0.19968000054359436,0
2026-08-08T11:20,0.1996700018644333,0.19991999864578247,0.1995999962091446,0.19982999563217163,0
2026-08-08T11:25,0.1998099982738495,0.2001200020313263,0.19978000223636627,0.2001200020313263,0
2026-08-08T11:30,0.20010000467300415,0.20010000467300415,0.1995300054550171,0.1995300054550171,0
2026-08-08T11:35,0.1995600014925003,0.19960999488830566,0.1993200033903122,0.1993899941444397,0
2026-08-08T11:40,0.19939999282360077,0.1995300054550171,0.19926999509334564,0.19926999509334564,0
2026-08-08T11:45,0.19941000640392303,0.1995999962091446,0.1993899941444397,0.1995300054550171,0
2026-08-08T11:50,0.1995600014925003,0.19957999885082245,0.1993499994277954,0.19952000677585602,0
2026-08-08T11:55,0.19946999847888947,0.19946999847888947,0.19926999509334564,0.19931000471115112,0
2026-08-08T12:00,0.1993200033903122,0.19958999752998352,0.19929000735282898,0.19939999282360077,0
2026-08-08T12:05,0.1995600014925003,0.200080007314682,0.1995600014925003,0.19978000223636627,0
2026-08-08T12:10,0.19978000223636627,0.2001499980688095,0.19978000223636627,0.20003999769687653,0
2026-08-08T12:15,0.20003999769687653,0.20021000504493713,0.1997700035572052,0.2001899927854538,0
2026-08-08T12:20,0.20010000467300415,0.20024000108242035,0.2000499963760376,0.2001499980688095,0
2026-08-08T12:25,0.20005999505519867,0.20005999505519867,0.19925999641418457,0.19925999641418457,0
2026-08-08T12:30,0.19926999509334564,0.1992799937725067,0.1987600028514862,0.19925999641418457,0
2026-08-08T12:35,0.19930000603199005,0.1995999962091446,0.19930000603199005,0.19939999282360077,0
2026-08-08T12:40,0.19937999546527863,0.19937999546527863,0.19904999434947968,0.19912999868392944,0
2026-08-08T12:45,0.19910000264644623,0.19910000264644623,0.19871999323368073,0.19885000586509705,0
2026-08-08T12:50,0.19878999888896942,0.19912000000476837,0.19878999888896942,0.19909000396728516,0
2026-08-08T12:55,0.19923000037670135,0.19923000037670135,0.19889000058174133,0.19905999302864075,0
2026-08-08T13:00,0.19902999699115753,0.19923999905586243,0.19892999529838562,0.19923999905586243,0
2026-08-08T13:05,0.19922000169754028,0.1995300054550171,0.19912999868392944,0.1994599997997284,0
2026-08-08T13:10,0.19946999847888947,0.19946999847888947,0.19901999831199646,0.19904999434947968,0
2026-08-08T13:15,0.1991100013256073,0.19943000376224518,0.1991100013256073,0.19926999509334564,332896
2026-08-08T13:20,0.19909000396728516,0.1992799937725067,0.19909000396728516,0.1991499960422516,0
2026-08-08T13:25,0.1991499960422516,0.19931000471115112,0.19912000000476837,0.1991499960422516,0
2026-08-08T13:30,0.19913999736309052,0.19957000017166138,0.19910000264644623,0.19955000281333923,0
2026-08-08T13:35,0.19957999885082245,0.19979000091552734,0.19955000281333923,0.19965000450611115,0
2026-08-08T13:40,0.19976000487804413,0.19981999695301056,0.19935999810695648,0.19937999546527863,0
2026-08-08T13:45,0.19937999546527863,0.1994899958372116,0.19919000566005707,0.19946999847888947,0
2026-08-08T13:50,0.19931000471115112,0.19941000640392303,0.19922000169754028,0.19929000735282898,0
2026-08-08T13:55,0.1992799937725067,0.20006999373435974,0.1992799937725067,0.20006999373435974,0
2026-08-08T14:00,0.19995999336242676,0.20029999315738678,0.1999099999666214,0.20026999711990356,0
2026-08-08T14:05,0.20031000673770905,0.20037999749183655,0.20000000298023224,0.20000000298023224,0
2026-08-08T14:10,0.19994999468326569,0.2006700038909912,0.19994999468326569,0.20056000351905823,0
2026-08-08T14:15,0.20058000087738037,0.20058000087738037,0.20020000636577606,0.20020000636577606,14096
2026-08-08T14:20,0.20024000108242035,0.20038999617099762,0.20009000599384308,0.2002599984407425,0
2026-08-08T14:25,0.20031000673770905,0.20056000351905823,0.20010000467300415,0.20027999579906464,199248
2026-08-08T14:30,0.20035000145435333,0.20040999352931976,0.200080007314682,0.2002899944782257,0
2026-08-08T14:35,0.20032000541687012,0.20046000182628632,0.19958999752998352,0.1995999962091446,0
2026-08-08T14:40,0.1995600014925003,0.1996999979019165,0.19929000735282898,0.19946999847888947,0
2026-08-08T14:45,0.19952000677585602,0.19979000091552734,0.19939999282360077,0.19976000487804413,0
2026-08-08T14:50,0.1996700018644333,0.2003999948501587,0.19957999885082245,0.2003999948501587,0
2026-08-08T14:55,0.20021000504493713,0.20077000558376312,0.200080007314682,0.20031000673770905,0
2026-08-08T15:00,0.2003600001335144,0.2005700021982193,0.20013999938964844,0.2001499980688095,0
2026-08-08T15:05,0.20015999674797058,0.2002599984407425,0.19990000128746033,0.19999000430107117,0
2026-08-08T15:10,0.19994999468326569,0.20013999938964844,0.19994999468326569,0.20002000033855438,0
2026-08-08T15:15,0.20011000335216522,0.2001200020313263,0.19989000260829926,0.19989000260829926,0
2026-08-08T15:20,0.19989000260829926,0.19995999336242676,0.19968000054359436,0.19993999600410461,0
2026-08-08T15:25,0.19993999600410461,0.20024000108242035,0.1999099999666214,0.20024000108242035,243008
2026-08-08T15:30,0.2002200037240982,0.2002200037240982,0.19979000091552734,0.20000000298023224,0
2026-08-08T15:35,0.2000100016593933,0.2000100016593933,0.19979999959468842,0.19981999695301056,0
2026-08-08T15:40,0.1998099982738495,0.19997000694274902,0.19971999526023865,0.19993999600410461,0
2026-08-08T15:45,0.19990000128746033,0.19990000128746033,0.19954000413417816,0.19965000450611115,0
2026-08-08T15:50,0.19975000619888306,0.19982999563217163,0.19960999488830566,0.19972999393939972,0
2026-08-08T15:55,0.19972999393939972,0.19979999959468842,0.19944000244140625,0.1994599997997284,0
2026-08-08T16:00,0.19950999319553375,0.19988000392913818,0.19947999715805054,0.1995999962091446,0
2026-08-08T16:05,0.19979999959468842,0.20003999769687653,0.19979999959468842,0.1999099999666214,0
2026-08-08T16:10,0.1999099999666214,0.20045000314712524,0.1998700052499771,0.20013999938964844,0
2026-08-08T16:15,0.200080007314682,0.2001499980688095,0.19994999468326569,0.2000499963760376,0
2026-08-08T16:20,0.2000100016593933,0.2001499980688095,0.19995999336242676,0.2000100016593933,0
2026-08-08T16:25,0.2000499963760376,0.2003999948501587,0.2000100016593933,0.20009000599384308,0
2026-08-08T16:30,0.20003999769687653,0.20036999881267548,0.20002000033855438,0.20027999579906464,0
2026-08-08T16:35,0.20035000145435333,0.2008800059556961,0.20031000673770905,0.2004999965429306,368656
2026-08-08T16:40,0.2004999965429306,0.20050999522209167,0.20037999749183655,0.20050999522209167,219568
2026-08-08T16:45,0.2004999965429306,0.20058000087738037,0.20003999769687653,0.20003999769687653,0
2026-08-08T16:50,0.20002000033855438,0.2002899944782257,0.19990000128746033,0.2002599984407425,0
2026-08-08T16:55,0.20023000240325928,0.2002599984407425,0.200080007314682,0.20023000240325928,0
2026-08-08T17:00,0.20023000240325928,0.20024999976158142,0.19995999336242676,0.19995999336242676,0
2026-08-08T17:05,0.1999800056219101,0.20016999542713165,0.19976000487804413,0.20016999542713165,0
2026-08-08T17:10,0.20017999410629272,0.2003300040960312,0.2001499980688095,0.20017999410629272,0
2026-08-08T17:15,0.20017999410629272,0.20024000108242035,0.19970999658107758,0.1998399943113327,0
2026-08-08T17:20,0.19995999336242676,0.1999800056219101,0.19971999526023865,0.1997399926185608,0
2026-08-08T17:25,0.19978000223636627,0.20003999769687653,0.19976000487804413,0.19997000694274902,0
2026-08-08T17:30,0.19989000260829926,0.20024999976158142,0.19986000657081604,0.2001499980688095,0
2026-08-08T17:35,0.20032000541687012,0.20032000541687012,0.20006999373435974,0.2001499980688095,0
2026-08-08T17:40,0.200080007314682,0.20013999938964844,0.1999800056219101,0.1999800056219101,0
2026-08-08T17:45,0.20002000033855438,0.20002000033855438,0.199630007147789,0.19970999658107758,0
2026-08-08T17:50,0.19970999658107758,0.1997399926185608,0.19955000281333923,0.19955000281333923,0
2026-08-08T17:55,0.19964000582695007,0.19979999959468842,0.19964000582695007,0.19968000054359436,0
2026-08-08T18:00,0.19968000054359436,0.19982999563217163,0.19947999715805054,0.19978000223636627,0
2026-08-08T18:05,0.19979999959468842,0.19979999959468842,0.1995300054550171,0.19968000054359436,0
2026-08-08T18:10,0.19966000318527222,0.19986000657081604,0.1995999962091446,0.19975000619888306,0
2026-08-08T18:15,0.19975000619888306,0.20000000298023224,0.1995600014925003,0.19988000392913818,0
2026-08-08T18:20,0.20002000033855438,0.20034000277519226,0.19991999864578247,0.19991999864578247,0
2026-08-08T18:25,0.19988000392913818,0.1999800056219101,0.19981999695301056,0.1998700052499771,0
2026-08-08T18:30,0.19997000694274902,0.20002000033855438,0.19976000487804413,0.19979999959468842,0
2026-08-08T18:35,0.19979999959468842,0.20003999769687653,0.19979999959468842,0.19997000694274902,0
2026-08-08T18:40,0.1999800056219101,0.20050999522209167,0.1999800056219101,0.20050999522209167,0
2026-08-08T18:45,0.20051999390125275,0.20077000558376312,0.20021000504493713,0.20040999352931976,0
2026-08-08T18:50,0.20037999749183655,0.20046000182628632,0.20024999976158142,0.20042000710964203,0
2026-08-08T18:55,0.2004300057888031,0.20062999427318573,0.2003600001335144,0.20059999823570251,0
2026-08-08T19:00,0.20051999390125275,0.20055000483989716,0.20009000599384308,0.20009000599384308,0
2026-08-08T19:05,0.2001499980688095,0.20038999617099762,0.20010000467300415,0.20011000335216522,0
2026-08-08T19:10,0.20010000467300415,0.2001899927854538,0.20003999769687653,0.20013999938964844,0
2026-08-08T19:15,0.2000100016593933,0.2000100016593933,0.19984999299049377,0.1998700052499771,0
2026-08-08T19:20,0.19995999336242676,0.200080007314682,0.19984999299049377,0.19999000430107117,0
2026-08-08T19:25,0.19999000430107117,0.20045000314712524,0.19995999336242676,0.20045000314712524,0
2026-08-08T19:30,0.20045000314712524,0.20062999427318573,0.20016999542713165,0.20062999427318573,0
2026-08-08T19:35,0.20061999559402466,0.2006700038909912,0.2005700021982193,0.2006099969148636,0
2026-08-08T19:40,0.2006099969148636,0.20072999596595764,0.2004999965429306,0.20072999596595764,0
2026-08-08T19:45,0.20058000087738037,0.20059999823570251,0.20034000277519226,0.20059999823570251,199616
2026-08-08T19:50,0.2006700038909912,0.20068000257015228,0.20052999258041382,0.20061999559402466,246992
2026-08-08T19:55,0.2006399929523468,0.20069000124931335,0.2003300040960312,0.20038999617099762,13184
2026-08-08T20:00,0.20038999617099762,0.20038999617099762,0.19990000128746033,0.2001200020313263,0
2026-08-08T20:05,0.2001200020313263,0.20016999542713165,0.2000499963760376,0.20011000335216522,0
2026-08-08T20:10,0.20013000071048737,0.20024000108242035,0.20002000033855438,0.20016999542713165,0
2026-08-08T20:15,0.20015999674797058,0.20020000636577606,0.19997000694274902,0.200080007314682,0
2026-08-08T20:20,0.20002999901771545,0.20010000467300415,0.2000100016593933,0.20002999901771545,0
2026-08-08T20:25,0.20006999373435974,0.20044000446796417,0.20006999373435974,0.20024999976158142,0
2026-08-08T20:30,0.20024999976158142,0.20080000162124634,0.2000100016593933,0.20068000257015228,0
2026-08-08T20:35,0.20062999427318573,0.2006399929523468,0.20037999749183655,0.2003999948501587,465776
2026-08-08T20:40,0.2003999948501587,0.20040999352931976,0.20024999976158142,0.2002599984407425,0
2026-08-08T20:45,0.20032000541687012,0.20037999749183655,0.20015999674797058,0.2002899944782257,0
2026-08-08T20:50,0.2002899944782257,0.20034000277519226,0.20024999976158142,0.20034000277519226,0
2026-08-08T20:55,0.20034000277519226,0.2004300057888031,0.20032000541687012,0.2003999948501587,0
2026-08-08T21:00,0.20040999352931976,0.2004999965429306,0.20026999711990356,0.20027999579906464,0
2026-08-08T21:05,0.20034000277519226,0.2004999965429306,0.20026999711990356,0.20026999711990356,0
2026-08-08T21:10,0.20034000277519226,0.20034000277519226,0.20000000298023224,0.2000100016593933,10816
2026-08-08T21:15,0.2000100016593933,0.2000499963760376,0.19993999600410461,0.2000499963760376,0
2026-08-08T21:20,0.2000499963760376,0.2001499980688095,0.1999800056219101,0.20002000033855438,0
2026-08-08T21:25,0.200080007314682,0.200080007314682,0.19991999864578247,0.1999800056219101,0
2026-08-08T21:30,0.1999800056219101,0.19999000430107117,0.19984999299049377,0.19989000260829926,0
2026-08-08T21:35,0.1999099999666214,0.20006999373435974,0.1997700035572052,0.2000100016593933,0
2026-08-08T21:40,0.1999099999666214,0.1999099999666214,0.19944000244140625,0.19965000450611115,0
2026-08-08T21:45,0.19966000318527222,0.19970999658107758,0.19949999451637268,0.19958999752998352,0
2026-08-08T21:50,0.19958999752998352,0.19961999356746674,0.19912999868392944,0.19923999905586243,0
2026-08-08T21:55,0.1992100030183792,0.19939999282360077,0.19909000396728516,0.19936999678611755,527728
2026-08-08T22:00,0.19952000677585602,0.19982999563217163,0.1993499994277954,0.19954000413417816,0
2026-08-08T22:05,0.19952000677585602,0.1997399926185608,0.1994599997997284,0.1997399926185608,0
2026-08-08T22:10,0.1997700035572052,0.19979999959468842,0.19944000244140625,0.19949999451637268,0
2026-08-08T22:15,0.1995300054550171,0.19978000223636627,0.19930000603199005,0.19975000619888306,0
2026-08-08T22:20,0.1997399926185608,0.1999099999666214,0.19968000054359436,0.1999099999666214,0
2026-08-08T22:25,0.19991999864578247,0.20002999901771545,0.19976000487804413,0.19997000694274902,322096
2026-08-08T22:30,0.19999000430107117,0.20000000298023224,0.1988999992609024,0.19892999529838562,502576
2026-08-08T22:35,0.19896000623703003,0.19902999699115753,0.19808000326156616,0.19820000231266022,723152
2026-08-08T22:40,0.19812999665737152,0.19819000363349915,0.1977500021457672,0.19798000156879425,2007744
2026-08-08T22:45,0.19800999760627747,0.19815999269485474,0.19779999554157257,0.19815999269485474,1228016
2026-08-08T22:50,0.19806000590324402,0.19866999983787537,0.19806000590324402,0.19855999946594238,1406688
2026-08-08T22:55,0.19863000512123108,0.1987600028514862,0.19847999513149261,0.198730006814003,265232
2026-08-08T23:00,0.19869999587535858,0.19874000549316406,0.19853000342845917,0.19871999323368073,0
2026-08-08T23:05,0.1987600028514862,0.19910000264644623,0.1987600028514862,0.19905999302864075,721488
2026-08-08T23:10,0.19910000264644623,0.1991100013256073,0.19885000586509705,0.1989399939775467,108272
2026-08-08T23:15,0.19890999794006348,0.19894999265670776,0.19877000153064728,0.19889000058174133,154464
2026-08-08T23:20,0.19896000623703003,0.19916999340057373,0.19896000623703003,0.19909000396728516,59568
2026-08-08T23:25,0.19909000396728516,0.19910000264644623,0.1988700032234192,0.1988700032234192,0
2026-08-08T23:30,0.19889000058174133,0.19954000413417816,0.1987999975681305,0.19954000413417816,11648
2026-08-08T23:35,0.1994200050830841,0.19966000318527222,0.19912000000476837,0.19920000433921814,449920
2026-08-08T23:40,0.19923000037670135,0.1995300054550171,0.19915999472141266,0.19943000376224518,57472
2026-08-08T23:45,0.19945000112056732,0.19945000112056732,0.19935999810695648,0.19939999282360077,42768
2026-08-08T23:50,0.1993499994277954,0.19944000244140625,0.19915999472141266,0.1992100030183792,177616
2026-08-08T23:55,0.1992100030183792,0.19937999546527863,0.19908000528812408,0.1993200033903122,0
2026-08-09T00:00,0.19929000735282898,0.1994200050830841,0.19902999699115753,0.19926999509334564,0
2026-08-09T00:05,0.19925999641418457,0.1992799937725067,0.19884000718593597,0.19884000718593597,193408
2026-08-09T00:10,0.19889000058174133,0.19900000095367432,0.19864000380039215,0.19878000020980835,169136
2026-08-09T00:15,0.1987600028514862,0.19888000190258026,0.19836999475955963,0.19844000041484833,294688
2026-08-09T00:20,0.19836999475955963,0.19851000607013702,0.1982100009918213,0.19832000136375427,695184
2026-08-09T00:25,0.19821999967098236,0.1984100043773651,0.1980299949645996,0.19836999475955963,817664
2026-08-09T00:30,0.1983100026845932,0.19840000569820404,0.19785000383853912,0.1979600042104721,589136
2026-08-09T00:35,0.1979600042104721,0.1983799934387207,0.19787999987602234,0.1983100026845932,887168
2026-08-09T00:40,0.19845999777317047,0.19896000623703003,0.19843000173568726,0.19884000718593597,0
2026-08-09T00:45,0.19885000586509705,0.1990099996328354,0.1986600011587143,0.19869999587535858,632704
2026-08-09T00:50,0.19871999323368073,0.19871999323368073,0.19832000136375427,0.19839000701904297,252592
2026-08-09T00:55,0.19842000305652618,0.19867999851703644,0.19842000305652618,0.19856999814510345,440944
2026-08-09T01:00,0.19855999946594238,0.19908000528812408,0.1985200047492981,0.19899000227451324,73872
2026-08-09T01:05,0.19894999265670776,0.19919000566005707,0.19884000718593597,0.19909000396728516,944608
2026-08-09T01:10,0.19912999868392944,0.1993499994277954,0.19912999868392944,0.19933000206947327,197776
2026-08-09T01:15,0.1993899941444397,0.1993899941444397,0.1990099996328354,0.19913999736309052,0
2026-08-09T01:20,0.19905999302864075,0.19905999302864075,0.19878999888896942,0.19901999831199646,0
2026-08-09T01:25,0.19904999434947968,0.19904999434947968,0.19844000041484833,0.19844000041484833,0
2026-08-09T01:30,0.19832000136375427,0.1995999962091446,0.19832000136375427,0.19941000640392303,137680
2026-08-09T01:35,0.19935999810695648,0.1995999962091446,0.19913999736309052,0.1993899941444397,1062976
2026-08-09T01:40,0.19935999810695648,0.19935999810695648,0.1990399956703186,0.19915999472141266,231728
2026-08-09T01:45,0.199180006980896,0.199180006980896,0.1989700049161911,0.19900000095367432,47632
2026-08-09T01:50,0.1989700049161911,0.19915999472141266,0.19877000153064728,0.19915999472141266,0
2026-08-09T01:55,0.19912000000476837,0.19916999340057373,0.1987999975681305,0.19880999624729156,50192
2026-08-09T02:00,0.19885000586509705,0.19912000000476837,0.19877000153064728,0.19912000000476837,0
2026-08-09T02:05,0.19915999472141266,0.19935999810695648,0.1991100013256073,0.19919000566005707,74384
2026-08-09T02:10,0.19919000566005707,0.19937999546527863,0.1990399956703186,0.19937999546527863,226480
2026-08-09T02:15,0.19937999546527863,0.19937999546527863,0.199070006608963,0.19913999736309052,0
2026-08-09T02:20,0.19913999736309052,0.1994200050830841,0.19913999736309052,0.1994200050830841,0
2026-08-09T02:25,0.1994200050830841,0.1994200050830841,0.19898000359535217,0.19899000227451324,488416
2026-08-09T02:30,0.1989700049161911,0.19900000095367432,0.19892999529838562,0.1989399939775467,0
2026-08-09T02:35,0.19888000190258026,0.19888000190258026,0.19847999513149261,0.19847999513149261,0
2026-08-09T02:40,0.1985200047492981,0.19866999983787537,0.19833999872207642,0.19833999872207642,59248
2026-08-09T02:45,0.19833000004291534,0.19864000380039215,0.19833000004291534,0.19853000342845917,36464
2026-08-09T02:50,0.19855999946594238,0.1985899955034256,0.19833999872207642,0.19833999872207642,792416
2026-08-09T02:55,0.19840000569820404,0.19851000607013702,0.19840000569820404,0.19851000607013702,131088
2026-08-09T03:00,0.1983499974012375,0.19844000041484833,0.19815999269485474,0.19842000305652618,0
2026-08-09T03:05,0.19840000569820404,0.19844000041484833,0.1981000006198883,0.1982100009918213,444528
2026-08-09T03:10,0.19821999967098236,0.19821999967098236,0.1979999989271164,0.1981399953365326,552608
2026-08-09T03:15,0.19803999364376068,0.19843000173568726,0.1979299932718277,0.19843000173568726,197088
2026-08-09T03:20,0.1984100043773651,0.1987600028514862,0.1984100043773651,0.19874000549316406,489120
2026-08-09T03:25,0.19874000549316406,0.19888000190258026,0.19860999286174774,0.19888000190258026,174160
2026-08-09T03:30,0.19885000586509705,0.19889000058174133,0.19857999682426453,0.19863000512123108,0
2026-08-09T03:35,0.19859999418258667,0.1987600028514862,0.19855999946594238,0.19862000644207,0
2026-08-09T03:40,0.1985200047492981,0.19862000644207,0.19851000607013702,0.19862000644207,0
2026-08-09T03:45,0.19857999682426453,0.19866999983787537,0.19840000569820404,0.19854000210762024,0
2026-08-09T03:50,0.19847999513149261,0.19855999946594238,0.19840000569820404,0.19855999946594238,0
2026-08-09T03:55,0.19856999814510345,0.1986600011587143,0.19805000722408295,0.1982100009918213,0
2026-08-09T04:00,0.19808000326156616,0.19824999570846558,0.19800999760627747,0.19822999835014343,0
2026-08-09T04:05,0.19825999438762665,0.19853000342845917,0.19820000231266022,0.1984899938106537,0
2026-08-09T04:10,0.19851000607013702,0.1987999975681305,0.1984899938106537,0.19870999455451965,240944
2026-08-09T04:15,0.1987600028514862,0.1987600028514862,0.1984899938106537,0.19853000342845917,124304
2026-08-09T04:20,0.19855999946594238,0.1987999975681305,0.19855999946594238,0.19866999983787537,816
2026-08-09T04:25,0.19839000701904297,0.19843000173568726,0.19828000664710999,0.19829000532627106,53760
2026-08-09T04:30,0.19829000532627106,0.19836999475955963,0.19815999269485474,0.19826999306678772,162688
2026-08-09T04:35,0.19810999929904938,0.19839000701904297,0.19803999364376068,0.19833000004291534,0
2026-08-09T04:40,0.19832000136375427,0.19832000136375427,0.19799000024795532,0.19810999929904938,427216
2026-08-09T04:45,0.19787999987602234,0.19815999269485474,0.19774000346660614,0.19774000346660614,180112
2026-08-09T04:50,0.19769999384880066,0.1977899968624115,0.1975100040435791,0.19776000082492828,1302608
2026-08-09T04:55,0.19774000346660614,0.19781999289989471,0.19760000705718994,0.19779999554157257,661120
2026-08-09T05:00,0.19767999649047852,0.19795000553131104,0.19762000441551208,0.19769999384880066,0
2026-08-09T05:05,0.19758999347686768,0.19795000553131104,0.19758999347686768,0.19789999723434448,1209232
2026-08-09T05:10,0.19779999554157257,0.19787999987602234,0.19767999649047852,0.19773000478744507,309008
2026-08-09T05:15,0.19771000742912292,0.19773000478744507,0.19731999933719635,0.19734999537467957,0
2026-08-09T05:20,0.1973699927330017,0.19744999706745148,0.1968899965286255,0.19744999706745148,353328
2026-08-09T05:25,0.19739000499248505,0.19742999970912933,0.19724999368190765,0.19731999933719635,1367904
2026-08-09T05:30,0.19729000329971313,0.19732999801635742,0.19718000292778015,0.19719000160694122,367040
2026-08-09T05:35,0.1972000002861023,0.1972000002861023,0.19701999425888062,0.197160005569458,561104
2026-08-09T05:40,0.197160005569458,0.19735999405384064,0.1969199925661087,0.19728000462055206,240176
2026-08-09T05:45,0.19732999801635742,0.19787000119686127,0.1973000019788742,0.197720006108284,722000
2026-08-09T05:50,0.19769999384880066,0.19781999289989471,0.19765999913215637,0.1977899968624115,810432
2026-08-09T05:55,0.1977899968624115,0.19819000363349915,0.1977899968624115,0.1980700045824051,0
2026-08-09T06:00,0.19819000363349915,0.19854000210762024,0.19812999665737152,0.1984100043773651,0
2026-08-09T06:05,0.1984100043773651,0.19888000190258026,0.1984100043773651,0.1986899971961975,1132768
2026-08-09T06:10,0.19865000247955322,0.19880999624729156,0.1985899955034256,0.19871999323368073,458288
2026-08-09T06:15,0.19871999323368073,0.19880999624729156,0.19869999587535858,0.19880999624729156,0
2026-08-09T06:20,0.19920000433921814,0.19920000433921814,0.1987600028514862,0.19881999492645264,235312
2026-08-09T06:25,0.1987999975681305,0.19885000586509705,0.19859999418258667,0.1986899971961975,119360
2026-08-09T06:30,0.19855999946594238,0.1986600011587143,0.19845999777317047,0.1985500007867813,62992
2026-08-09T06:35,0.19854000210762024,0.1985500007867813,0.19832000136375427,0.1983799934387207,96352
2026-08-09T06:40,0.1983499974012375,0.1986899971961975,0.1983499974012375,0.19866999983787537,0
2026-08-09T06:45,0.19864000380039215,0.19864000380039215,0.19843000173568726,0.19846999645233154,0
2026-08-09T06:50,0.19845999777317047,0.1985899955034256,0.19845999777317047,0.19850000739097595,0
2026-08-09T06:55,0.19850000739097595,0.19862000644207,0.19835999608039856,0.19840000569820404,0
2026-08-09T07:00,0.19844000041484833,0.19865000247955322,0.19844000041484833,0.19863000512123108,59184
2026-08-09T07:05,0.19871999323368073,0.19898000359535217,0.19871999323368073,0.19881999492645264,0
2026-08-09T07:10,0.1988299936056137,0.1988299936056137,0.19850000739097595,0.19851000607013702,0
2026-08-09T07:15,0.19862000644207,0.19862000644207,0.19839000701904297,0.19844000041484833,0
2026-08-09T07:20,0.19835999608039856,0.19884000718593597,0.19829000532627106,0.19884000718593597,0
2026-08-09T07:25,0.19884000718593597,0.19949999451637268,0.19884000718593597,0.19931000471115112,28480
2026-08-09T07:30,0.19930000603199005,0.19946999847888947,0.19929000735282898,0.19930000603199005,2635712
2026-08-09T07:35,0.19933000206947327,0.1993499994277954,0.19910000264644623,0.1992100030183792,328224
2026-08-09T07:40,0.1992100030183792,0.1992100030183792,0.19891999661922455,0.19900000095367432,214768
2026-08-09T07:45,0.1988999992609024,0.1988999992609024,0.19875000417232513,0.1987600028514862,0
2026-08-09T07:50,0.1987600028514862,0.1987600028514862,0.1985200047492981,0.19866999983787537,23584
2026-08-09T07:55,0.19871999323368073,0.19888000190258026,0.1985200047492981,0.1985200047492981,0
2026-08-09T08:00,0.19845999777317047,0.1988999992609024,0.1984100043773651,0.1988999992609024,0
2026-08-09T08:05,0.1988299936056137,0.1988299936056137,0.19815999269485474,0.198170006275177,221600
2026-08-09T08:10,0.19818000495433807,0.19818000495433807,0.19794000685214996,0.19803999364376068,147504
2026-08-09T08:15,0.19803999364376068,0.19810999929904938,0.19785000383853912,0.19785000383853912,36720
2026-08-09T08:20,0.1977899968624115,0.19784000515937805,0.19763000309467316,0.19773000478744507,194512
2026-08-09T08:25,0.19773000478744507,0.19773000478744507,0.19749000668525696,0.19765999913215637,101296
2026-08-09T08:30,0.197610005736351,0.19783000648021698,0.19754000008106232,0.19783000648021698,481344
2026-08-09T08:35,0.19783000648021698,0.19790999591350555,0.1976899951696396,0.1977500021457672,284928
2026-08-09T08:40,0.19765999913215637,0.19765999913215637,0.1973399966955185,0.19740000367164612,69120
2026-08-09T08:45,0.19740000367164612,0.1974399983882904,0.19720999896526337,0.1974399983882904,19872
2026-08-09T08:50,0.1974100023508072,0.19762000441551208,0.19734999537467957,0.19762000441551208,3472
2026-08-09T08:55,0.19762000441551208,0.1977500021457672,0.19762000441551208,0.19764000177383423,0
2026-08-09T09:00,0.19760000705718994,0.19787999987602234,0.1974799931049347,0.19760000705718994,0
2026-08-09T09:05,0.19756999611854553,0.19756999611854553,0.197160005569458,0.19718000292778015,24944
2026-08-09T09:10,0.19713999330997467,0.19713999330997467,0.19681000709533691,0.19689999520778656,229728
2026-08-09T09:15,0.19689999520778656,0.19689999520778656,0.19631999731063843,0.1966399997472763,610064
2026-08-09T09:20,0.19666999578475952,0.19672000408172607,0.19643999636173248,0.1966399997472763,1808080
2026-08-09T09:25,0.196710005402565,0.19672000408172607,0.19644999504089355,0.1966799944639206,121744
2026-08-09T09:30,0.19654999673366547,0.19683000445365906,0.19643999636173248,0.19679999351501465,0
2026-08-09T09:35,0.19679999351501465,0.19679999351501465,0.19627000391483307,0.19627000391483307,128160
2026-08-09T09:40,0.19627000391483307,0.19633999466896057,0.19620999693870544,0.19628000259399414,335104
2026-08-09T09:45,0.19631999731063843,0.19649000465869904,0.1960899978876114,0.19634999334812164,0
2026-08-09T09:50,0.19631999731063843,0.19641000032424927,0.1960899978876114,0.1963299959897995,577648
2026-08-09T09:55,0.19630999863147736,0.1963600069284439,0.19600999355316162,0.19610999524593353,0
2026-08-09T10:00,0.19593000411987305,0.1964000016450882,0.195810005068779,0.1963299959897995,277456
2026-08-09T10:05,0.19639000296592712,0.19652000069618225,0.196260005235672,0.19645999372005463,531344
2026-08-09T10:10,0.19645999372005463,0.19663000106811523,0.1964299976825714,0.19663000106811523,443024
2026-08-09T10:15,0.1966399997472763,0.19674000144004822,0.19655999541282654,0.19664999842643738,168720
2026-08-09T10:20,0.19663000106811523,0.19673000276088715,0.19641999900341034,0.19652000069618225,193440
2026-08-09T10:25,0.19641000032424927,0.19649000465869904,0.19634999334812164,0.19638000428676605,155408
2026-08-09T10:30,0.19638000428676605,0.1965000033378601,0.19618000090122223,0.19619999825954437,0
2026-08-09T10:35,0.19621999561786652,0.1963600069284439,0.19598999619483948,0.19606000185012817,0
2026-08-09T10:40,0.19606000185012817,0.19609999656677246,0.195810005068779,0.19600999355316162,141952
2026-08-09T10:45,0.1959500014781952,0.19607999920845032,0.19583000242710114,0.19600999355316162,503456
2026-08-09T10:50,0.19604000449180603,0.19619999825954437,0.19593000411987305,0.19593000411987305,286208
2026-08-09T10:55,0.19596999883651733,0.1960899978876114,0.19594000279903412,0.19606000185012817,0
2026-08-09T11:00,0.19603000581264496,0.19627000391483307,0.19603000581264496,0.19612999260425568,0
2026-08-09T11:05,0.196150004863739,0.19623999297618866,0.19612999260425568,0.19621999561786652,2864
2026-08-09T11:10,0.19627000391483307,0.19663000106811523,0.196260005235672,0.19652999937534332,31376
2026-08-09T11:15,0.1965399980545044,0.19670000672340393,0.19644999504089355,0.19670000672340393,0
2026-08-09T11:20,0.19666999578475952,0.19686999917030334,0.19648000597953796,0.1965399980545044,0
2026-08-09T11:25,0.1965399980545044,0.19675999879837036,0.19652999937534332,0.19673000276088715,687328
2026-08-09T11:30,0.19672000408172607,0.19672000408172607,0.19634999334812164,0.1964299976825714,188784
2026-08-09T11:35,0.1964700073003769,0.1964700073003769,0.19631999731063843,0.19631999731063843,0
2026-08-09T11:40,0.1963299959897995,0.19687999784946442,0.19631999731063843,0.19674000144004822,0
2026-08-09T11:45,0.1967500001192093,0.1969199925661087,0.19663000106811523,0.19663000106811523,313312
2026-08-09T11:50,0.19666999578475952,0.19666999578475952,0.19641000032424927,0.19648000597953796,0
2026-08-09T11:55,0.19655999541282654,0.1965699940919876,0.1962900012731552,0.19634999334812164,0
2026-08-09T12:00,0.1964000016450882,0.1964299976825714,0.19596999883651733,0.19607000052928925,0
2026-08-09T12:05,0.1960500031709671,0.1960500031709671,0.1957699954509735,0.19593000411987305,0
2026-08-09T12:10,0.19584999978542328,0.19612999260425568,0.195700004696846,0.1961199939250946,5104
2026-08-09T12:15,0.1961199939250946,0.19619999825954437,0.19598999619483948,0.19598999619483948,717328
2026-08-09T12:20,0.19598999619483948,0.19598999619483948,0.19577999413013458,0.19594000279903412,191728
2026-08-09T12:25,0.19594000279903412,0.1961199939250946,0.19583000242710114,0.19607999920845032,0
2026-08-09T12:30,0.1960899978876114,0.19628000259399414,0.1960899978876114,0.19628000259399414,1072
2026-08-09T12:35,0.1962299942970276,0.19623999297618866,0.19589999318122864,0.19618000090122223,0
2026-08-09T12:40,0.19625000655651093,0.19631999731063843,0.19614000618457794,0.19614000618457794,0
2026-08-09T12:45,0.19612999260425568,0.19617000222206116,0.19599999487400055,0.1961199939250946,0
2026-08-09T12:50,0.19612999260425568,0.196150004863739,0.1959799975156784,0.19599999487400055,0
2026-08-09T12:55,0.19599999487400055,0.19620999693870544,0.19584999978542328,0.19614000618457794,0
2026-08-09T13:00,0.19612999260425568,0.19648000597953796,0.19612999260425568,0.19618000090122223,0
2026-08-09T13:05,0.19621999561786652,0.1965399980545044,0.19621999561786652,0.19644999504089355,571920
2026-08-09T13:10,0.19644999504089355,0.19676999747753143,0.1964299976825714,0.19670000672340393,192448
2026-08-09T13:15,0.19665999710559845,0.19718000292778015,0.19665999710559845,0.19708000123500824,11200
2026-08-09T13:20,0.19708000123500824,0.19734999537467957,0.19708000123500824,0.1972000002861023,1197968
2026-08-09T13:25,0.19717000424861908,0.19740000367164612,0.19710999727249146,0.19740000367164612,220672
2026-08-09T13:30,0.1973399966955185,0.19750000536441803,0.19723999500274658,0.1974399983882904,213152
2026-08-09T13:35,0.19745999574661255,0.19753000140190125,0.19735999405384064,0.19740000367164612,473792
2026-08-09T13:40,0.19740000367164612,0.19754000008106232,0.1971299946308136,0.1971299946308136,342672
2026-08-09T13:45,0.19726000726222992,0.19726000726222992,0.1970899999141693,0.19717000424861908,63536
2026-08-09T13:50,0.1972000002861023,0.19742999970912933,0.1972000002861023,0.19735999405384064,28688
2026-08-09T13:55,0.19735999405384064,0.19774000346660614,0.19724999368190765,0.19732999801635742,290272
2026-08-09T14:00,0.1973699927330017,0.1973699927330017,0.19719000160694122,0.19724999368190765,0
2026-08-09T14:05,0.19723999500274658,0.19755999743938446,0.19719000160694122,0.1972299963235855,210688
2026-08-09T14:10,0.19720999896526337,0.19752000272274017,0.19713999330997467,0.19752000272274017,1124416
2026-08-09T14:15,0.1975499987602234,0.1976500004529953,0.1972000002861023,0.1972299963235855,132304
2026-08-09T14:20,0.19723999500274658,0.19735999405384064,0.19708000123500824,0.19711999595165253,0
2026-08-09T14:25,0.19713999330997467,0.19723999500274658,0.19711999595165253,0.19718000292778015,0
2026-08-09T14:30,0.19723999500274658,0.19760000705718994,0.19719000160694122,0.1975799947977066,0
2026-08-09T14:35,0.1975799947977066,0.1977899968624115,0.19731000065803528,0.19731999933719635,0
2026-08-09T14:40,0.19731999933719635,0.1973399966955185,0.19718000292778015,0.197270005941391,0
2026-08-09T14:45,0.19728000462055206,0.19758999347686768,0.19728000462055206,0.19758999347686768,0
2026-08-09T14:50,0.19762000441551208,0.19771000742912292,0.197610005736351,0.1976899951696396,0
2026-08-09T14:55,0.19767999649047852,0.19801999628543854,0.19767999649047852,0.19780999422073364,0
2026-08-09T15:00,0.19781999289989471,0.19791999459266663,0.19764000177383423,0.19791999459266663,0
2026-08-09T15:05,0.19791999459266663,0.1979600042104721,0.1975499987602234,0.19756999611854553,0
2026-08-09T15:10,0.19756999611854553,0.19764000177383423,0.19740000367164612,0.19746999442577362,47184
2026-08-09T15:15,0.19742999970912933,0.19755999743938446,0.19740000367164612,0.19750000536441803,0
2026-08-09T15:20,0.19752000272274017,0.19752000272274017,0.19720999896526337,0.19724999368190765,0
2026-08-09T15:25,0.19726000726222992,0.19750000536441803,0.1972299963235855,0.19728000462055206,0
2026-08-09T15:30,0.19732999801635742,0.19739000499248505,0.19719000160694122,0.19735999405384064,74464
2026-08-09T15:35,0.19734999537467957,0.1974399983882904,0.19728000462055206,0.19731999933719635,0
2026-08-09T15:40,0.19734999537467957,0.19742000102996826,0.19734999537467957,0.19742000102996826,0
2026-08-09T15:45,0.1973399966955185,0.19745999574661255,0.19705000519752502,0.19745999574661255,0
2026-08-09T15:50,0.19745999574661255,0.19745999574661255,0.19723999500274658,0.19734999537467957,0
2026-08-09T15:55,0.1973399966955185,0.19750000536441803,0.19732999801635742,0.1974799931049347,0
2026-08-09T16:00,0.1975799947977066,0.19763000309467316,0.1972000002861023,0.1972000002861023,0
2026-08-09T16:05,0.1972299963235855,0.19756999611854553,0.1972299963235855,0.19756999611854553,0
2026-08-09T16:10,0.1975499987602234,0.19767999649047852,0.19742000102996826,0.1975100040435791,0
2026-08-09T16:15,0.1976500004529953,0.19777999818325043,0.1974399983882904,0.1974399983882904,54240
2026-08-09T16:20,0.19745999574661255,0.19745999574661255,0.19734999537467957,0.19734999537467957,0
2026-08-09T16:25,0.19728000462055206,0.19732999801635742,0.19726000726222992,0.1973000019788742,0
2026-08-09T16:30,0.19729000329971313,0.19764000177383423,0.19729000329971313,0.19764000177383423,0
2026-08-09T16:35,0.19766999781131744,0.19785000383853912,0.19764000177383423,0.19777999818325043,0
2026-08-09T16:40,0.19777999818325043,0.19781999289989471,0.19765999913215637,0.19765999913215637,0
2026-08-09T16:45,0.19766999781131744,0.19774000346660614,0.1976500004529953,0.1976500004529953,0
2026-08-09T16:50,0.19766999781131744,0.19800999760627747,0.19764000177383423,0.19785000383853912,0
2026-08-09T16:55,0.19789999723434448,0.19798000156879425,0.1977899968624115,0.19780999422073364,577696
2026-08-09T17:00,0.19777999818325043,0.19787000119686127,0.197720006108284,0.19777999818325043,0
2026-08-09T17:05,0.19779999554157257,0.1984100043773651,0.19779999554157257,0.19815999269485474,0
2026-08-09T17:10,0.19815999269485474,0.19826999306678772,0.19797000288963318,0.1982399970293045,913360
2026-08-09T17:15,0.19819000363349915,0.1984499990940094,0.19819000363349915,0.1983799934387207,245424
2026-08-09T17:20,0.1983799934387207,0.19839000701904297,0.19808000326156616,0.1981399953365326,201856
2026-08-09T17:25,0.1981000006198883,0.19812999665737152,0.19791999459266663,0.1979299932718277,361584
2026-08-09T17:30,0.19794000685214996,0.19815999269485474,0.1978600025177002,0.1979299932718277,0
2026-08-09T17:35,0.19797000288963318,0.19845999777317047,0.19797000288963318,0.19812999665737152,907472
2026-08-09T17:40,0.19815999269485474,0.19815999269485474,0.1979999989271164,0.1980700045824051,460768
2026-08-09T17:45,0.19806000590324402,0.19806000590324402,0.19779999554157257,0.19781999289989471,0
2026-08-09T17:50,0.1978600025177002,0.19803999364376068,0.19777999818325043,0.19803999364376068,76064
2026-08-09T17:55,0.1981000006198883,0.198170006275177,0.19801999628543854,0.19803999364376068,136656
2026-08-09T18:00,0.19809000194072723,0.19847999513149261,0.19809000194072723,0.19810999929904938,0
2026-08-09T18:05,0.19818000495433807,0.19824999570846558,0.19809000194072723,0.19815999269485474,0
2026-08-09T18:10,0.19814999401569366,0.19814999401569366,0.19787999987602234,0.19787999987602234,0
2026-08-09T18:15,0.19787999987602234,0.19787999987602234,0.19752000272274017,0.19762000441551208,0
2026-08-09T18:20,0.19767999649047852,0.19774000346660614,0.19763000309467316,0.19765999913215637,0
2026-08-09T18:25,0.19766999781131744,0.19785000383853912,0.1975499987602234,0.19785000383853912,0
2026-08-09T18:30,0.19784000515937805,0.19808000326156616,0.19784000515937805,0.19801999628543854,199472
2026-08-09T18:35,0.19799000024795532,0.19801999628543854,0.19784000515937805,0.19784000515937805,0
2026-08-09T18:40,0.19781999289989471,0.19790999591350555,0.19781999289989471,0.19790999591350555,0
2026-08-09T18:45,0.1979600042104721,0.1982100009918213,0.1979600042104721,0.19798000156879425,0
2026-08-09T18:50,0.19798000156879425,0.19820000231266022,0.1978600025177002,0.1978600025177002,0
2026-08-09T18:55,0.19785000383853912,0.19801999628543854,0.19781999289989471,0.19797000288963318,345104
2026-08-09T19:00,0.19800999760627747,0.19826999306678772,0.1979600042104721,0.19803999364376068,0
2026-08-09T19:05,0.19798000156879425,0.19798000156879425,0.19756999611854553,0.19756999611854553,0
2026-08-09T19:10,0.19758999347686768,0.19758999347686768,0.19739000499248505,0.19752000272274017,628832
2026-08-09T19:15,0.1974399983882904,0.19766999781131744,0.1974399983882904,0.19766999781131744,87392
2026-08-09T19:20,0.19765999913215637,0.19765999913215637,0.19742000102996826,0.1975100040435791,0
2026-08-09T19:25,0.1975100040435791,0.19752000272274017,0.19744999706745148,0.19744999706745148,0
2026-08-09T19:30,0.19742000102996826,0.19749000668525696,0.1973699927330017,0.1973699927330017,0
2026-08-09T19:35,0.19738000631332397,0.19755999743938446,0.19738000631332397,0.1975499987602234,0
2026-08-09T19:40,0.1975100040435791,0.19755999743938446,0.1974100023508072,0.19752000272274017,0
2026-08-09T19:45,0.19754000008106232,0.19767999649047852,0.19754000008106232,0.19765999913215637,0
2026-08-09T19:50,0.19764000177383423,0.1976500004529953,0.19742000102996826,0.19742999970912933,0
2026-08-09T19:55,0.1974100023508072,0.19765999913215637,0.1974100023508072,0.19764000177383423,0
2026-08-09T20:00,0.19762000441551208,0.1976500004529953,0.19749000668525696,0.19752000272274017,0
2026-08-09T20:05,0.19750000536441803,0.1975499987602234,0.1974399983882904,0.1975499987602234,0
2026-08-09T20:10,0.19754000008106232,0.19754000008106232,0.19720999896526337,0.1974399983882904,0
2026-08-09T20:15,0.1974399983882904,0.19777999818325043,0.19742999970912933,0.19769999384880066,99904
2026-08-09T20:20,0.19769999384880066,0.19791999459266663,0.19769999384880066,0.19785000383853912,0
2026-08-09T20:25,0.19785000383853912,0.19801999628543854,0.19776999950408936,0.1979999989271164,131856
2026-08-09T20:30,0.19800999760627747,0.1980700045824051,0.19784000515937805,0.19794000685214996,0
2026-08-09T20:35,0.19787000119686127,0.19787999987602234,0.19776999950408936,0.19787999987602234,0
2026-08-09T20:40,0.19785000383853912,0.1979600042104721,0.19777999818325043,0.1979600042104721,0
2026-08-09T20:45,0.1979600042104721,0.1981000006198883,0.1979600042104721,0.19809000194072723,0
2026-08-09T20:50,0.19809000194072723,0.19809000194072723,0.19780999422073364,0.19787000119686127,0
2026-08-09T20:55,0.19787000119686127,0.198170006275177,0.19780999422073364,0.19814999401569366,0
2026-08-09T21:00,0.19814999401569366,0.1982100009918213,0.19779999554157257,0.19779999554157257,0
2026-08-09T21:05,0.19779999554157257,0.19784000515937805,0.19769999384880066,0.1977500021457672,0
2026-08-09T21:10,0.1976500004529953,0.19783000648021698,0.19762000441551208,0.19779999554157257,84368
2026-08-09T21:15,0.19779999554157257,0.19787000119686127,0.19773000478744507,0.19787000119686127,39056
2026-08-09T21:20,0.19787000119686127,0.19798000156879425,0.19787000119686127,0.19798000156879425,0
2026-08-09T21:25,0.19806000590324402,0.19889000058174133,0.19806000590324402,0.1986600011587143,350112
2026-08-09T21:30,0.1987999975681305,0.19908000528812408,0.1987999975681305,0.19890999794006348,502000
2026-08-09T21:35,0.1989700049161911,0.19923999905586243,0.19885000586509705,0.19885000586509705,537936
2026-08-09T21:40,0.19892999529838562,0.1989700049161911,0.19833999872207642,0.19845999777317047,183536
2026-08-09T21:45,0.19844000041484833,0.19854000210762024,0.19821999967098236,0.19845999777317047,42400
2026-08-09T21:50,0.19832000136375427,0.19832000136375427,0.19806000590324402,0.1981399953365326,154880
2026-08-09T21:55,0.1981399953365326,0.19832000136375427,0.1980299949645996,0.19809000194072723,0
2026-08-09T22:00,0.19826999306678772,0.19856999814510345,0.19826999306678772,0.19839000701904297,0
2026-08-09T22:05,0.19829000532627106,0.19860999286174774,0.19825999438762665,0.19833999872207642,0
2026-08-09T22:10,0.1983799934387207,0.19923000037670135,0.19825999438762665,0.19915999472141266,71968
2026-08-09T22:15,0.1991499960422516,0.19923999905586243,0.19874000549316406,0.19878000020980835,710240
2026-08-09T22:20,0.19878999888896942,0.19888000190258026,0.19801999628543854,0.19806000590324402,80192
2026-08-09T22:25,0.19797000288963318,0.19819000363349915,0.19790999591350555,0.1981399953365326,3328
2026-08-09T22:30,0.19814999401569366,0.19819000363349915,0.19731999933719635,0.19750000536441803,0
2026-08-09T22:35,0.19740000367164612,0.19740000367164612,0.19681000709533691,0.19699999690055847,0
2026-08-09T22:40,0.19687999784946442,0.19731000065803528,0.19687999784946442,0.19711999595165253,0
2026-08-09T22:45,0.1970600038766861,0.1972299963235855,0.1969199925661087,0.19701999425888062,0
2026-08-09T22:50,0.19700999557971954,0.19729000329971313,0.19672000408172607,0.19729000329971313,0
2026-08-09T22:55,0.19735999405384064,0.19738000631332397,0.1971299946308136,0.19720999896526337,9200
2026-08-09T23:00,0.19719000160694122,0.19735999405384064,0.1969199925661087,0.19723999500274658,0
2026-08-09T23:05,0.19721999764442444,0.19721999764442444,0.19662000238895416,0.19663000106811523,0
2026-08-09T23:10,0.1966399997472763,0.19676999747753143,0.19648000597953796,0.1965000033378601,102016
2026-08-09T23:15,0.19638000428676605,0.19639000296592712,0.1959500014781952,0.19628000259399414,302256
2026-08-09T23:20,0.19631999731063843,0.19631999731063843,0.19562000036239624,0.19599999487400055,552240
2026-08-09T23:25,0.19599999487400055,0.19599999487400055,0.19391000270843506,0.19440999627113342,1667824
2026-08-09T23:30,0.19415999948978424,0.19478000700473785,0.19377000629901886,0.1941000074148178,5778640
2026-08-09T23:35,0.1940000057220459,0.19474999606609344,0.1940000057220459,0.19446000456809998,1548496
2026-08-09T23:40,0.19447000324726105,0.1947699934244156,0.19431999325752258,0.1946599930524826,1422832
2026-08-09T23:45,0.1946599930524826,0.19482000172138214,0.19439999759197235,0.19482000172138214,674944
2026-08-09T23:50,0.19474999606609344,0.19481000304222107,0.19458000361919403,0.1946299970149994,907856
2026-08-09T23:55,0.1945900022983551,0.19479000568389893,0.19437000155448914,0.19437000155448914,423840
2026-08-10T00:00,0.19429999589920044,0.19434000551700592,0.19368000328540802,0.19434000551700592,0
2026-08-10T00:05,0.1943800002336502,0.19505000114440918,0.1943099945783615,0.19505000114440918,2770896
2026-08-10T00:10,0.1949699968099594,0.1958799958229065,0.19493000209331512,0.195700004696846,1245968
2026-08-10T00:15,0.19572000205516815,0.1958400011062622,0.19540999829769135,0.19540999829769135,428864
2026-08-10T00:20,0.1955299973487854,0.19555999338626862,0.19513000547885895,0.19516000151634216,0
2026-08-10T00:25,0.19513000547885895,0.19555999338626862,0.19508999586105347,0.19555999338626862,0
2026-08-10T00:30,0.1955299973487854,0.195810005068779,0.19543999433517456,0.195700004696846,0
2026-08-10T00:35,0.195700004696846,0.19580000638961792,0.19530999660491943,0.19530999660491943,0
2026-08-10T00:40,0.19539999961853027,0.1956299990415573,0.19519999623298645,0.19523000717163086,197984
2026-08-10T00:45,0.19518999755382538,0.19569000601768494,0.19509999454021454,0.19569000601768494,0
2026-08-10T00:50,0.1956299990415573,0.19604000449180603,0.19551999866962433,0.19557000696659088,0
2026-08-10T00:55,0.19550000131130219,0.19572000205516815,0.1950799971818924,0.19512000679969788,0
2026-08-10T01:00,0.19516000151634216,0.19559000432491302,0.19506999850273132,0.19532999396324158,0
2026-08-10T01:05,0.19527000188827515,0.19529999792575836,0.19494999945163727,0.19528000056743622,0
2026-08-10T01:10,0.19541999697685242,0.19572000205516815,0.19540999829769135,0.19563999772071838,393808
2026-08-10T01:15,0.19571000337600708,0.19592000544071198,0.19569000601768494,0.19589999318122864,310336
2026-08-10T01:20,0.19596000015735626,0.19603000581264496,0.19582000374794006,0.19593000411987305,418304
2026-08-10T01:25,0.19596000015735626,0.19619999825954437,0.19551999866962433,0.19551999866962433,57520
2026-08-10T01:30,0.19543999433517456,0.19551999866962433,0.19516000151634216,0.19523000717163086,0
2026-08-10T01:35,0.19520999491214752,0.19539999961853027,0.19505999982357025,0.19539999961853027,0
2026-08-10T01:40,0.19537000358104706,0.19572000205516815,0.19528000056743622,0.19572000205516815,398112
2026-08-10T01:45,0.19577999413013458,0.19687999784946442,0.1956699937582016,0.19687999784946442,0
2026-08-10T01:50,0.19686999917030334,0.1976500004529953,0.19686999917030334,0.19746999442577362,172464
2026-08-10T01:55,0.19760000705718994,0.19787999987602234,0.19731999933719635,0.19787999987602234,1113568
2026-08-10T02:00,0.19787000119686127,0.19794000685214996,0.19723999500274658,0.19740000367164612,355904
2026-08-10T02:05,0.1974799931049347,0.19774000346660614,0.19708000123500824,0.19710999727249146,529856
2026-08-10T02:10,0.19697000086307526,0.19756999611854553,0.19697000086307526,0.1974100023508072,175376
2026-08-10T02:15,0.1974100023508072,0.1974799931049347,0.19623999297618866,0.19628000259399414,2464
2026-08-10T02:20,0.19627000391483307,0.196710005402565,0.19627000391483307,0.19645999372005463,316144
2026-08-10T02:25,0.19641999900341034,0.19651000201702118,0.19612999260425568,0.19628000259399414,0
2026-08-10T02:30,0.1963299959897995,0.19676999747753143,0.19631999731063843,0.19660000503063202,0
2026-08-10T02:35,0.1966399997472763,0.19687999784946442,0.1965000033378601,0.19686999917030334,25584
2026-08-10T02:40,0.19693000614643097,0.1977899968624115,0.19675999879837036,0.1977899968624115,0
2026-08-10T02:45,0.19780999422073364,0.19780999422073364,0.19723999500274658,0.19723999500274658,490368
2026-08-10T02:50,0.19724999368190765,0.197610005736351,0.19723999500274658,0.19723999500274658,0
2026-08-10T02:55,0.19726000726222992,0.19755999743938446,0.19710999727249146,0.19755999743938446,0
2026-08-10T03:00,0.19749000668525696,0.19766999781131744,0.19720999896526337,0.19732999801635742,0
2026-08-10T03:05,0.19735999405384064,0.19735999405384064,0.1969500035047531,0.19710999727249146,0
2026-08-10T03:10,0.1970600038766861,0.19711999595165253,0.1964000016450882,0.1964000016450882,0
2026-08-10T03:15,0.19634999334812164,0.19670000672340393,0.19586999714374542,0.19665999710559845,0
2026-08-10T03:20,0.19663000106811523,0.1970299929380417,0.19644999504089355,0.1969199925661087,205536
2026-08-10T03:25,0.19693000614643097,0.1969500035047531,0.1961899995803833,0.1961899995803833,87488
2026-08-10T03:30,0.19628000259399414,0.19638000428676605,0.1959100067615509,0.19625000655651093,0
2026-08-10T03:35,0.1964000016450882,0.19648000597953796,0.19623999297618866,0.196260005235672,56160
2026-08-10T03:40,0.19625000655651093,0.1965000033378601,0.19619999825954437,0.1962900012731552,0
2026-08-10T03:45,0.1962900012731552,0.19641000032424927,0.19604000449180603,0.19616000354290009,0
2026-08-10T03:50,0.1961199939250946,0.19619999825954437,0.19571000337600708,0.19573000073432922,36112
2026-08-10T03:55,0.19580000638961792,0.19586999714374542,0.19559000432491302,0.19578999280929565,127040
2026-08-10T04:00,0.19572000205516815,0.19610999524593353,0.19572000205516815,0.19607999920845032,0
2026-08-10T04:05,0.1961199939250946,0.19620999693870544,0.19596000015735626,0.19618000090122223,0
2026-08-10T04:10,0.196150004863739,0.19644999504089355,0.19604000449180603,0.19644999504089355,0
2026-08-10T04:15,0.19652999937534332,0.19700999557971954,0.19652999937534332,0.1968500018119812,0
2026-08-10T04:20,0.19670000672340393,0.19679999351501465,0.19643999636173248,0.19643999636173248,294272
2026-08-10T04:25,0.19641000032424927,0.19659000635147095,0.1964000016450882,0.19644999504089355,0
2026-08-10T04:30,0.19643999636173248,0.19652999937534332,0.19612999260425568,0.19617000222206116,0
2026-08-10T04:35,0.19617000222206116,0.196260005235672,0.19596999883651733,0.19603000581264496,0
2026-08-10T04:40,0.1960200071334839,0.1960200071334839,0.19555999338626862,0.19593000411987305,60128
2026-08-10T04:45,0.19609999656677246,0.19664999842643738,0.19609999656677246,0.19641999900341034,0
2026-08-10T04:50,0.1965000033378601,0.19654999673366547,0.19625000655651093,0.19634999334812164,0
2026-08-10T04:55,0.19628000259399414,0.1964000016450882,0.19607999920845032,0.1964000016450882,0
2026-08-10T05:00,0.19631999731063843,0.19697000086307526,0.19631999731063843,0.19686999917030334,0
2026-08-10T05:05,0.19686999917030334,0.19701999425888062,0.19686999917030334,0.19701999425888062,0
2026-08-10T05:10,0.19701999425888062,0.19701999425888062,0.1966100037097931,0.19672000408172607,122320
2026-08-10T05:15,0.19681000709533691,0.1970600038766861,0.19678999483585358,0.19682000577449799,0
2026-08-10T05:20,0.19686999917030334,0.19740000367164612,0.19686999917030334,0.19729000329971313,0
2026-08-10T05:25,0.19726000726222992,0.197610005736351,0.19708000123500824,0.19755999743938446,0
2026-08-10T05:30,0.19752000272274017,0.19756999611854553,0.197270005941391,0.19746999442577362,370624
2026-08-10T05:35,0.19752000272274017,0.19756999611854553,0.19724999368190765,0.19726000726222992,0
2026-08-10T05:40,0.19723999500274658,0.19764000177383423,0.19721999764442444,0.19755999743938446,25968
2026-08-10T05:45,0.1975799947977066,0.1977500021457672,0.1975100040435791,0.19764000177383423,0
2026-08-10T05:50,0.19762000441551208,0.19798000156879425,0.19742000102996826,0.19794000685214996,0
2026-08-10T05:55,0.1978899985551834,0.1978899985551834,0.19739000499248505,0.19739000499248505,981952
2026-08-10T06:00,0.1974100023508072,0.19803999364376068,0.1972299963235855,0.19785000383853912,0
2026-08-10T06:05,0.19785000383853912,0.1986600011587143,0.19776000082492828,0.19776000082492828,0
2026-08-10T06:10,0.19791999459266663,0.19791999459266663,0.19771000742912292,0.19777999818325043,519920
2026-08-10T06:15,0.19771000742912292,0.1979299932718277,0.19755999743938446,0.19791999459266663,226096
2026-08-10T06:20,0.1978899985551834,0.19795000553131104,0.19753000140190125,0.19776000082492828,0
2026-08-10T06:25,0.197720006108284,0.19811999797821045,0.19764000177383423,0.19811999797821045,952752
2026-08-10T06:30,0.19815999269485474,0.19886000454425812,0.19815999269485474,0.19832000136375427,68784
2026-08-10T06:35,0.1983100026845932,0.1983100026845932,0.1979600042104721,0.1981399953365326,1198848
2026-08-10T06:40,0.19808000326156616,0.19835999608039856,0.1979600042104721,0.19832000136375427,200544
2026-08-10T06:45,0.19826999306678772,0.19826999306678772,0.19783000648021698,0.19790999591350555,432608
2026-08-10T06:50,0.19787999987602234,0.1981000006198883,0.1977500021457672,0.19787999987602234,157648
2026-08-10T06:55,0.19791999459266663,0.19820000231266022,0.19787999987602234,0.19818000495433807,183600
2026-08-10T07:00,0.19819000363349915,0.19844000041484833,0.19780999422073364,0.1980299949645996,0
2026-08-10T07:05,0.19808000326156616,0.19815999269485474,0.19789999723434448,0.19791999459266663,959472
2026-08-10T07:10,0.1979600042104721,0.19878000020980835,0.1979600042104721,0.1983799934387207,419840
2026-08-10T07:15,0.1983799934387207,0.19912999868392944,0.1983499974012375,0.19912999868392944,143072
2026-08-10T07:20,0.19923999905586243,0.19923999905586243,0.1985500007867813,0.19862000644207,679456
2026-08-10T07:25,0.19864000380039215,0.19864000380039215,0.19836999475955963,0.19845999777317047,363792
2026-08-10T07:30,0.19854000210762024,0.198730006814003,0.1984499990940094,0.19857999682426453,0
2026-08-10T07:35,0.19857999682426453,0.1985899955034256,0.19835999608039856,0.19835999608039856,21072
2026-08-10T07:40,0.19836999475955963,0.1985500007867813,0.19836999475955963,0.19840000569820404,0
2026-08-10T07:45,0.19814999401569366,0.19814999401569366,0.197720006108284,0.1977500021457672,217088
2026-08-10T07:50,0.19773000478744507,0.19784000515937805,0.19749000668525696,0.19765999913215637,518944
2026-08-10T07:55,0.19765999913215637,0.1979600042104721,0.19765999913215637,0.1979600042104721,0
2026-08-10T08:00,0.19797000288963318,0.19828000664710999,0.1977500021457672,0.1981399953365326,83360
2026-08-10T08:05,0.1981000006198883,0.1983100026845932,0.1977500021457672,0.1979600042104721,516928
2026-08-10T08:10,0.19785000383853912,0.19821999967098236,0.19779999554157257,0.19791999459266663,22912
2026-08-10T08:15,0.19787999987602234,0.19812999665737152,0.19764000177383423,0.1976899951696396,763088
2026-08-10T08:20,0.197610005736351,0.197610005736351,0.19697999954223633,0.19697999954223633,5792
2026-08-10T08:25,0.1969899982213974,0.19711999595165253,0.196710005402565,0.19675999879837036,190224
2026-08-10T08:30,0.19675999879837036,0.19699999690055847,0.196710005402565,0.19684000313282013,402352
2026-08-10T08:35,0.19678999483585358,0.19683000445365906,0.1966799944639206,0.1966799944639206,0
2026-08-10T08:40,0.19666999578475952,0.19676999747753143,0.19616000354290009,0.19637000560760498,0
2026-08-10T08:45,0.19628000259399414,0.1965399980545044,0.19620999693870544,0.19651000201702118,167600
2026-08-10T08:50,0.1964000016450882,0.19660000503063202,0.19620999693870544,0.1962299942970276,0
2026-08-10T08:55,0.19620999693870544,0.19627000391483307,0.19620999693870544,0.19620999693870544,185856
2026-08-10T09:00,0.19614000618457794,0.19628000259399414,0.19599999487400055,0.19628000259399414,0
2026-08-10T09:05,0.196260005235672,0.196260005235672,0.1960899978876114,0.19612999260425568,463936
2026-08-10T09:10,0.19607999920845032,0.19627000391483307,0.19589999318122864,0.1961899995803833,0
2026-08-10T09:15,0.19607000052928925,0.19616000354290009,0.1957699954509735,0.19585999846458435,0
2026-08-10T09:20,0.1957699954509735,0.19607999920845032,0.1957699954509735,0.19607999920845032,0
2026-08-10T09:25,0.19606000185012817,0.19612999260425568,0.1959100067615509,0.1959100067615509,178000
2026-08-10T09:30,0.1958400011062622,0.19596000015735626,0.19512000679969788,0.19537000358104706,0
2026-08-10T09:35,0.1953900009393692,0.1957399994134903,0.1953900009393692,0.19551999866962433,744400
2026-08-10T09:40,0.19548000395298004,0.1954900026321411,0.1953199952840805,0.19541999697685242,0
2026-08-10T09:45,0.19550999999046326,0.19550999999046326,0.19475999474525452,0.19499999284744263,17664
2026-08-10T09:50,0.1950400024652481,0.1950799971818924,0.19485999643802643,0.19494999945163727,528176
2026-08-10T09:55,0.1950799971818924,0.19532999396324158,0.19481000304222107,0.19481000304222107,414544
2026-08-10T10:00,0.19479000568389893,0.19527000188827515,0.19479000568389893,0.19527000188827515,0
2026-08-10T10:05,0.19516000151634216,0.19520999491214752,0.1950100064277649,0.1950100064277649,0
2026-08-10T10:10,0.1949699968099594,0.1951099932193756,0.19480000436306,0.19481000304222107,0
2026-08-10T10:15,0.19475999474525452,0.19478000700473785,0.1945199966430664,0.19472000002861023,0
2026-08-10T10:20,0.19478000700473785,0.19533999264240265,0.19478000700473785,0.1951799988746643,113424
2026-08-10T10:25,0.19517000019550323,0.19533999264240265,0.19498999416828156,0.19508999586105347,25728
2026-08-10T10:30,0.19506999850273132,0.19518999755382538,0.1949699968099594,0.1951099932193756,337984
2026-08-10T10:35,0.1951099932193756,0.19523000717163086,0.1949400007724762,0.1950400024652481,50512
2026-08-10T10:40,0.1950799971818924,0.19533999264240265,0.19495999813079834,0.19520999491214752,0
2026-08-10T10:45,0.19524000585079193,0.19539999961853027,0.19512000679969788,0.19528000056743622,0
2026-08-10T10:50,0.19529999792575836,0.19544999301433563,0.19502000510692596,0.19502000510692596,0
2026-08-10T10:55,0.1950100064277649,0.19513000547885895,0.19487999379634857,0.1949400007724762,236960
2026-08-10T11:00,0.1949400007724762,0.19498999416828156,0.19464999437332153,0.19464999437332153,0
2026-08-10T11:05,0.19463999569416046,0.1949400007724762,0.19463999569416046,0.1949000060558319,0
2026-08-10T11:10,0.19473999738693237,0.1949000060558319,0.1946599930524826,0.19480000436306,305072
2026-08-10T11:15,0.1948300004005432,0.19508999586105347,0.19479000568389893,0.19508999586105347,77952
2026-08-10T11:20,0.19505999982357025,0.19530999660491943,0.1950100064277649,0.19514000415802002,100208
2026-08-10T11:25,0.19512000679969788,0.19530999660491943,0.19512000679969788,0.19530999660491943,0
2026-08-10T11:30,0.19537000358104706,0.19580000638961792,0.19529999792575836,0.19580000638961792,17232
2026-08-10T11:35,0.1958799958229065,0.19600999355316162,0.195810005068779,0.19599999487400055,718032
2026-08-10T11:40,0.19596999883651733,0.19596999883651733,0.19529999792575836,0.19529999792575836,81008
2026-08-10T11:45,0.19527000188827515,0.19568000733852386,0.19527000188827515,0.19568000733852386,0
2026-08-10T11:50,0.19559000432491302,0.19584999978542328,0.19559000432491302,0.19584999978542328,332640
2026-08-10T11:55,0.1958799958229065,0.1964000016450882,0.1958799958229065,0.1964000016450882,758784
2026-08-10T12:00,0.19631999731063843,0.1966399997472763,0.19628000259399414,0.19662000238895416,0
2026-08-10T12:05,0.1966100037097931,0.19684000313282013,0.1963299959897995,0.19684000313282013,1032464
2026-08-10T12:10,0.19686000049114227,0.19699999690055847,0.19679999351501465,0.19679999351501465,508960
2026-08-10T12:15,0.1966799944639206,0.1967799961566925,0.1965699940919876,0.1967500001192093,0
2026-08-10T12:20,0.1967799961566925,0.1970299929380417,0.19660000503063202,0.19660000503063202,0
2026-08-10T12:25,0.19663000106811523,0.1966799944639206,0.19631999731063843,0.19631999731063843,75328
2026-08-10T12:30,0.19623999297618866,0.19657999277114868,0.19600999355316162,0.19620999693870544,2000
2026-08-10T12:35,0.19619999825954437,0.19682000577449799,0.19616000354290009,0.19616000354290009,573792
2026-08-10T12:40,0.1960899978876114,0.1963299959897995,0.19583000242710114,0.19629999995231628,153344
2026-08-10T12:45,0.19623999297618866,0.19643999636173248,0.19575999677181244,0.19582000374794006,388128
2026-08-10T12:50,0.1958799958229065,0.19606000185012817,0.1957399994134903,0.1960500031709671,652096
2026-08-10T12:55,0.1960500031709671,0.1960500031709671,0.19572000205516815,0.1958400011062622,191744
2026-08-10T13:00,0.19586999714374542,0.19634999334812164,0.19573000073432922,0.19623999297618866,0
2026-08-10T13:05,0.19631999731063843,0.1966100037097931,0.19630999863147736,0.1966100037097931,141456
2026-08-10T13:10,0.19654999673366547,0.1966799944639206,0.1964000016450882,0.19645999372005463,16496
2026-08-10T13:15,0.19643999636173248,0.19643999636173248,0.1958400011062622,0.1961199939250946,864
2026-08-10T13:20,0.1961899995803833,0.1961899995803833,0.1956000030040741,0.19562000036239624,0
2026-08-10T13:25,0.1954600065946579,0.19604000449180603,0.19526000320911407,0.19604000449180603,0
2026-08-10T13:30,0.1959500014781952,0.19643999636173248,0.19564999639987946,0.19575999677181244,1032256
2026-08-10T13:35,0.1956699937582016,0.19637000560760498,0.19555999338626862,0.19575999677181244,489600
2026-08-10T13:40,0.1958799958229065,0.19603000581264496,0.19555999338626862,0.19599999487400055,1341392
2026-08-10T13:45,0.19592000544071198,0.1960500031709671,0.19564999639987946,0.19583000242710114,129584
2026-08-10T13:50,0.19571000337600708,0.1961199939250946,0.19571000337600708,0.19580000638961792,522832
2026-08-10T13:55,0.19580000638961792,0.19644999504089355,0.1957699954509735,0.19644999504089355,362912
2026-08-10T14:00,0.19652999937534332,0.19696000218391418,0.19652999937534332,0.19694000482559204,0
2026-08-10T14:05,0.19681000709533691,0.19693000614643097,0.19648000597953796,0.19655999541282654,303584
2026-08-10T14:10,0.19663000106811523,0.1969500035047531,0.19641000032424927,0.1969500035047531,0
2026-08-10T14:15,0.19689999520778656,0.19697000086307526,0.1965000033378601,0.1966399997472763,8400
2026-08-10T14:20,0.19660000503063202,0.19675999879837036,0.19592000544071198,0.19592000544071198,0
2026-08-10T14:25,0.19599999487400055,0.19655999541282654,0.19599999487400055,0.19629999995231628,180704
2026-08-10T14:30,0.19620999693870544,0.19629999995231628,0.19599999487400055,0.19618000090122223,0
2026-08-10T14:35,0.19625000655651093,0.19652000069618225,0.1959100067615509,0.1959799975156784,243168
2026-08-10T14:40,0.19598999619483948,0.19643999636173248,0.19596999883651733,0.19609999656677246,0
2026-08-10T14:45,0.1961899995803833,0.19651000201702118,0.19596999883651733,0.19596999883651733,3648
2026-08-10T14:50,0.19598999619483948,0.19607999920845032,0.19568000733852386,0.1958799958229065,0
2026-08-10T14:55,0.1958400011062622,0.19596000015735626,0.1956000030040741,0.1958400011062622,0
2026-08-10T15:00,0.19577999413013458,0.19652999937534332,0.19559000432491302,0.19651000201702118,0
2026-08-10T15:05,0.19648000597953796,0.19655999541282654,0.19593000411987305,0.19610999524593353,0
2026-08-10T15:10,0.19604000449180603,0.1960500031709671,0.19463999569416046,0.19495999813079834,470288
2026-08-10T15:15,0.19487999379634857,0.19528000056743622,0.19487999379634857,0.19495999813079834,1169440
2026-08-10T15:20,0.1950400024652481,0.1950799971818924,0.1946599930524826,0.19471000134944916,790992
2026-08-10T15:25,0.19471000134944916,0.19480000436306,0.19393999874591827,0.19478000700473785,3240944
2026-08-10T15:30,0.19478000700473785,0.19483999907970428,0.19428999722003937,0.19431999325752258,1749040
2026-08-10T15:35,0.194240003824234,0.1944199949502945,0.1940000057220459,0.19413000345230103,1682848
2026-08-10T15:40,0.19407999515533447,0.1948699951171875,0.1940000057220459,0.19479000568389893,741440
2026-08-10T15:45,0.1947699934244156,0.1950799971818924,0.1946599930524826,0.19492000341415405,528352
2026-08-10T15:50,0.19491000473499298,0.1953900009393692,0.19472000002861023,0.1947699934244156,521184
2026-08-10T15:55,0.19478000700473785,0.19513000547885895,0.19461999833583832,0.19492000341415405,516832
2026-08-10T16:00,0.1947699934244156,0.195360004901886,0.1944500058889389,0.1953199952840805,26480
2026-08-10T16:05,0.1953199952840805,0.19553999602794647,0.19483999907970428,0.19498999416828156,2249008
2026-08-10T16:10,0.19499999284744263,0.19503000378608704,0.19472000002861023,0.19495999813079834,448080
2026-08-10T16:15,0.19487999379634857,0.19519999623298645,0.19468000531196594,0.19505000114440918,514224
2026-08-10T16:20,0.19516000151634216,0.19541999697685242,0.19469000399112701,0.19541999697685242,580512
2026-08-10T16:25,0.1954299956560135,0.1954299956560135,0.19473999738693237,0.1947699934244156,639856
2026-08-10T16:30,0.19473999738693237,0.19535000622272491,0.1947299987077713,0.19475999474525452,731856
2026-08-10T16:35,0.19495999813079834,0.19572000205516815,0.1949000060558319,0.19572000205516815,1389920
2026-08-10T16:40,0.19575999677181244,0.19596000015735626,0.19564999639987946,0.1956699937582016,1408336
2026-08-10T16:45,0.195700004696846,0.1960200071334839,0.1954600065946579,0.1954600065946579,265072
2026-08-10T16:50,0.19541999697685242,0.19557000696659088,0.19516000151634216,0.19539999961853027,788256
2026-08-10T16:55,0.19543999433517456,0.1957399994134903,0.19524000585079193,0.1957399994134903,47616
2026-08-10T17:00,0.19572000205516815,0.19580000638961792,0.19512000679969788,0.19512000679969788,0
2026-08-10T17:05,0.1950799971818924,0.19568000733852386,0.1950400024652481,0.19554999470710754,952144
2026-08-10T17:10,0.19558000564575195,0.19629999995231628,0.19558000564575195,0.1958799958229065,0
2026-08-10T17:15,0.19584999978542328,0.1958799958229065,0.19524000585079193,0.19524000585079193,176560
2026-08-10T17:20,0.1952899992465973,0.19548000395298004,0.19485999643802643,0.19548000395298004,14176
2026-08-10T17:25,0.19551999866962433,0.1959100067615509,0.19551999866962433,0.19555999338626862,698400
2026-08-10T17:30,0.19551999866962433,0.1959799975156784,0.19551999866962433,0.195810005068779,40080
2026-08-10T17:35,0.19592000544071198,0.19592000544071198,0.19526000320911407,0.19526000320911407,0
2026-08-10T17:40,0.19530999660491943,0.19533999264240265,0.1949400007724762,0.19495999813079834,0
2026-08-10T17:45,0.1949400007724762,0.1950100064277649,0.19447000324726105,0.19463999569416046,255104
2026-08-10T17:50,0.19468000531196594,0.19513000547885895,0.19468000531196594,0.19513000547885895,1434464
2026-08-10T17:55,0.19512000679969788,0.19533999264240265,0.19503000378608704,0.19523000717163086,24896
2026-08-10T18:00,0.195250004529953,0.19547000527381897,0.19505999982357025,0.19514000415802002,0
2026-08-10T18:05,0.19516000151634216,0.1952199935913086,0.19503000378608704,0.19508999586105347,276656
2026-08-10T18:10,0.19497999548912048,0.1950799971818924,0.19449999928474426,0.19460000097751617,216304
2026-08-10T18:15,0.19457000494003296,0.19457000494003296,0.1940300017595291,0.19412000477313995,258944
2026-08-10T18:20,0.19401000440120697,0.19401000440120697,0.19303999841213226,0.1935500055551529,1008208
2026-08-10T18:25,0.1935500055551529,0.1937199980020523,0.19325999915599823,0.19352999329566956,2240928
2026-08-10T18:30,0.19357000291347504,0.19362999498844147,0.19318999350070953,0.19323000311851501,580800
2026-08-10T18:35,0.19323000311851501,0.1932400017976761,0.192330002784729,0.1930599957704544,1322544
2026-08-10T18:40,0.1930599957704544,0.19335000216960907,0.192890003323555,0.19335000216960907,1715488
2026-08-10T18:45,0.19332000613212585,0.19339999556541443,0.1929599940776825,0.19339999556541443,539776
2026-08-10T18:50,0.19337999820709229,0.1935099959373474,0.19321000576019287,0.19323000311851501,598960
2026-08-10T18:55,0.19328999519348145,0.1935800015926361,0.19328999519348145,0.1934400051832199,359264
2026-08-10T19:00,0.19332000613212585,0.19363999366760254,0.1932400017976761,0.1932400017976761,0
2026-08-10T19:05,0.193340003490448,0.193340003490448,0.1930299997329712,0.19303999841213226,1229872
2026-08-10T19:10,0.19303999841213226,0.19332000613212585,0.1929199993610382,0.19329999387264252,0
2026-08-10T19:15,0.19322000443935394,0.19329999387264252,0.19302000105381012,0.19315999746322632,170704
2026-08-10T19:20,0.19314000010490417,0.19332000613212585,0.19303999841213226,0.19314999878406525,216896
2026-08-10T19:25,0.19323000311851501,0.19380000233650208,0.1931300014257431,0.19370000064373016,211104
2026-08-10T19:30,0.19370999932289124,0.19475999474525452,0.19370999932289124,0.19475999474525452,823040
2026-08-10T19:35,0.19474999606609344,0.19478000700473785,0.19438999891281128,0.19442999362945557,1367488
2026-08-10T19:40,0.1946599930524826,0.19491000473499298,0.19457000494003296,0.19457000494003296,729696
2026-08-10T19:45,0.1945199966430664,0.19457000494003296,0.19402000308036804,0.19404999911785126,0
2026-08-10T19:50,0.19407999515533447,0.1941699981689453,0.193790003657341,0.193790003657341,181168
2026-08-10T19:55,0.1937599927186966,0.19393999874591827,0.1935800015926361,0.19362999498844147,408960
2026-08-10T20:00,0.19372999668121338,0.19401000440120697,0.19356000423431396,0.19368000328540802,330000
2026-08-10T20:05,0.1936900019645691,0.19399000704288483,0.19357000291347504,0.19399000704288483,587248
2026-08-10T20:10,0.19399000704288483,0.19399000704288483,0.19356000423431396,0.19359000027179718,254512
2026-08-10T20:15,0.19360999763011932,0.19404000043869019,0.19354000687599182,0.1940000057220459,16864
2026-08-10T20:20,0.19399000704288483,0.19431999325752258,0.19397999346256256,0.19426000118255615,512736
2026-08-10T20:25,0.19412000477313995,0.19426999986171722,0.19404000043869019,0.194240003824234,0
2026-08-10T20:30,0.19426000118255615,0.19431999325752258,0.1941400021314621,0.19417999684810638,208384
2026-08-10T20:35,0.19408999383449554,0.19411000609397888,0.19354000687599182,0.19354000687599182,115008
2026-08-10T20:40,0.1934799998998642,0.19359999895095825,0.1934400051832199,0.19348999857902527,58688
2026-08-10T20:45,0.19348999857902527,0.19348999857902527,0.19287000596523285,0.19304999709129333,24848
2026-08-10T20:50,0.19309000670909882,0.1933099925518036,0.19309000670909882,0.19325999915599823,1063968
2026-08-10T20:55,0.19325999915599823,0.1932699978351593,0.19303999841213226,0.19318999350070953,249888
2026-08-10T21:00,0.19315999746322632,0.19323000311851501,0.19294999539852142,0.19306999444961548,289472
2026-08-10T21:05,0.19306999444961548,0.19363999366760254,0.19306999444961548,0.19345000386238098,424224
2026-08-10T21:10,0.19347000122070312,0.19347000122070312,0.1928499937057495,0.19303999841213226,77264
2026-08-10T21:15,0.19303999841213226,0.19314000010490417,0.19290000200271606,0.19290000200271606,184400
2026-08-10T21:20,0.19280999898910522,0.19311000406742096,0.1926099956035614,0.19286000728607178,152720
2026-08-10T21:25,0.1926400065422058,0.19318999350070953,0.1926099956035614,0.19317999482154846,946528
2026-08-10T21:30,0.1932000070810318,0.19341999292373657,0.19306999444961548,0.19315999746322632,0
2026-08-10T21:35,0.19307999312877655,0.19309000670909882,0.19273999333381653,0.1928499937057495,0
2026-08-10T21:40,0.19279000163078308,0.19279000163078308,0.19235000014305115,0.19253000617027283,0
2026-08-10T21:45,0.1926099956035614,0.19277000427246094,0.19172999262809753,0.19223999977111816,0
2026-08-10T21:50,0.19232000410556793,0.19232000410556793,0.1918099969625473,0.19189999997615814,1991152
2026-08-10T21:55,0.19189999997615814,0.19222000241279602,0.19183999300003052,0.191880002617836,625440
2026-08-10T22:00,0.19183999300003052,0.19214999675750732,0.19151000678539276,0.19151000678539276,0
2026-08-10T22:05,0.19151000678539276,0.19222000241279602,0.19151000678539276,0.19221000373363495,1173616
2026-08-10T22:10,0.19221000373363495,0.19253000617027283,0.1921599954366684,0.19220000505447388,516096
2026-08-10T22:15,0.19220000505447388,0.19226999580860138,0.19203999638557434,0.19220000505447388,0
2026-08-10T22:20,0.19220000505447388,0.19220000505447388,0.19196000695228577,0.19196000695228577,20832
2026-08-10T22:25,0.1919499933719635,0.19212999939918518,0.1919499933719635,0.19205999374389648,0
2026-08-10T22:30,0.19207000732421875,0.19220000505447388,0.19171999394893646,0.19171999394893646,0
2026-08-10T22:35,0.19175000488758087,0.19197000563144684,0.1916700005531311,0.19179999828338623,212416
2026-08-10T22:40,0.19176000356674194,0.19179999828338623,0.19165000319480896,0.19177000224590302,0
2026-08-10T22:45,0.1919499933719635,0.19210000336170197,0.1919499933719635,0.19205999374389648,327360
2026-08-10T22:50,0.19205999374389648,0.19211000204086304,0.19191999733448029,0.19201000034809113,16560
2026-08-10T22:55,0.19199000298976898,0.19214999675750732,0.1919099986553192,0.19211000204086304,102784
2026-08-10T23:00,0.19211000204086304,0.19211000204086304,0.19162000715732574,0.19178999960422516,0
2026-08-10T23:05,0.19176000356674194,0.19211000204086304,0.19172999262809753,0.19185000658035278,0
2026-08-10T23:10,0.19185000658035278,0.19185000658035278,0.19175000488758087,0.19183999300003052,0
2026-08-10T23:15,0.19183999300003052,0.19211000204086304,0.19179999828338623,0.191880002617836,0
2026-08-10T23:20,0.1919099986553192,0.19200000166893005,0.1917800009250641,0.191880002617836,0
2026-08-10T23:25,0.191880002617836,0.19208000600337982,0.19175000488758087,0.19208000600337982,0
2026-08-10T23:30,0.1920900046825409,0.19211000204086304,0.19182999432086945,0.19182999432086945,0
2026-08-10T23:35,0.1916700005531311,0.19179999828338623,0.19152000546455383,0.19163000583648682,0
2026-08-10T23:40,0.19167999923229218,0.19189999997615814,0.19167999923229218,0.19189999997615814,0
2026-08-10T23:45,0.19179999828338623,0.19181999564170837,0.1914599984884262,0.1914599984884262,0
2026-08-10T23:50,0.1915999948978424,0.19168999791145325,0.19081999361515045,0.19103999435901642,0
2026-08-10T23:55,0.19107000529766083,0.19107000529766083,0.19062000513076782,0.1906999945640564,775216
2026-08-11T00:00,0.19072000682353973,0.19072000682353973,0.18901999294757843,0.18994000554084778,175536
2026-08-11T00:05,0.18995000422000885,0.18995000422000885,0.18931999802589417,0.18955999612808228,1869216
2026-08-11T00:10,0.1896200031042099,0.18970000743865967,0.1894800066947937,0.1896899938583374,404400
2026-08-11T00:15,0.1897200047969818,0.18988999724388123,0.1894499957561493,0.18976999819278717,0
2026-08-11T00:20,0.18973000347614288,0.18987999856472015,0.18943999707698822,0.1895499974489212,0
2026-08-11T00:25,0.18950000405311584,0.1897200047969818,0.18943999707698822,0.1897200047969818,640
2026-08-11T00:30,0.189860001206398,0.18994000554084778,0.189520001411438,0.18953999876976013,0
2026-08-11T00:35,0.1895499974489212,0.18994000554084778,0.1895499974489212,0.18978999555110931,0
2026-08-11T00:40,0.18978999555110931,0.19001999497413635,0.18961000442504883,0.18996000289916992,0
2026-08-11T00:45,0.18996000289916992,0.19000999629497528,0.18966999650001526,0.18977999687194824,224416
2026-08-11T00:50,0.18976999819278717,0.18991999328136444,0.18963000178337097,0.18984000384807587,108368
2026-08-11T00:55,0.18982000648975372,0.19023999571800232,0.18976999819278717,0.19011999666690826,93664
2026-08-11T01:00,0.1900400072336197,0.19029000401496887,0.18998000025749207,0.19029000401496887,73056
2026-08-11T01:05,0.1902800053358078,0.19043999910354614,0.1901399940252304,0.19023999571800232,0
2026-08-11T01:10,0.1903200000524521,0.19081999361515045,0.19031000137329102,0.19064000248908997,337840
2026-08-11T01:15,0.19064000248908997,0.19078999757766724,0.19016000628471375,0.19016000628471375,0
2026-08-11T01:20,0.19035999476909637,0.19103999435901642,0.1902800053358078,0.19103999435901642,0
2026-08-11T01:25,0.1909399926662445,0.1909399926662445,0.19021999835968018,0.1905899941921234,849632
2026-08-11T01:30,0.19043999910354614,0.19059999287128448,0.1903200000524521,0.1905599981546402,51008
2026-08-11T01:35,0.19054999947547913,0.19068999588489532,0.19043000042438507,0.19043000042438507,0
2026-08-11T01:40,0.19036999344825745,0.19044999778270721,0.19009000062942505,0.19029000401496887,0
2026-08-11T01:45,0.1903200000524521,0.19072000682353973,0.19030000269412994,0.19066999852657318,0
2026-08-11T01:50,0.19066999852657318,0.19115999341011047,0.19066999852657318,0.19099999964237213,0
2026-08-11T01:55,0.19097000360488892,0.1911199986934662,0.19080999493598938,0.19099999964237213,0
2026-08-11T02:00,0.1909399926662445,0.1913899928331375,0.1909399926662445,0.1913899928331375,0
2026-08-11T02:05,0.19134999811649323,0.1913599967956543,0.19096000492572784,0.19102999567985535,0
2026-08-11T02:10,0.19103999435901642,0.19121000170707703,0.19091999530792236,0.19095000624656677,0
2026-08-11T02:15,0.19098000228405,0.19098000228405,0.19077999889850616,0.1907999962568283,0
2026-08-11T02:20,0.19076000154018402,0.1907700002193451,0.19050000607967377,0.19065000116825104,0
2026-08-11T02:25,0.19051000475883484,0.19051000475883484,0.18987999856472015,0.18987999856472015,754512
2026-08-11T02:30,0.18985000252723694,0.19014999270439148,0.1897599995136261,0.19011999666690826,151200
2026-08-11T02:35,0.19020000100135803,0.19031000137329102,0.19009000062942505,0.19031000137329102,187200
2026-08-11T02:40,0.19031000137329102,0.1905200034379959,0.19031000137329102,0.19051000475883484,0
2026-08-11T02:45,0.19054000079631805,0.19054000079631805,0.19035999476909637,0.19043000042438507,0
2026-08-11T02:50,0.19043000042438507,0.19053000211715698,0.19016000628471375,0.19053000211715698,0
2026-08-11T02:55,0.19053000211715698,0.19054000079631805,0.19035999476909637,0.190420001745224,157536
2026-08-11T03:00,0.19043999910354614,0.19043999910354614,0.19016000628471375,0.1902099996805191,0
2026-08-11T03:05,0.19020000100135803,0.19041000306606293,0.19012999534606934,0.19033999741077423,0
2026-08-11T03:10,0.19033999741077423,0.19033999741077423,0.1901800036430359,0.1903200000524521,152352
2026-08-11T03:15,0.19023999571800232,0.1905200034379959,0.19001999497413635,0.19001999497413635,0
2026-08-11T03:20,0.19000999629497528,0.19025999307632446,0.1899999976158142,0.1902499943971634,240704
2026-08-11T03:25,0.19023999571800232,0.19040000438690186,0.19017000496387482,0.19019000232219696,116336
2026-08-11T03:30,0.19019000232219696,0.19027000665664673,0.19006000459194183,0.1901099979877472,10016
2026-08-11T03:35,0.19008000195026398,0.19023999571800232,0.1900700032711029,0.19019000232219696,0
2026-08-11T03:40,0.19020000100135803,0.19023999571800232,0.19002999365329742,0.19002999365329742,279904
2026-08-11T03:45,0.1900400072336197,0.1900400072336197,0.18980999290943146,0.1898300051689148,142784
2026-08-11T03:50,0.1898300051689148,0.18991999328136444,0.18978999555110931,0.18987999856472015,308512
2026-08-11T03:55,0.18988999724388123,0.19035999476909637,0.18976999819278717,0.19035999476909637,377552
2026-08-11T04:00,0.19044999778270721,0.1906599998474121,0.19022999703884125,0.19023999571800232,0
2026-08-11T04:05,0.19017000496387482,0.1902099996805191,0.19008000195026398,0.19008000195026398,134416
2026-08-11T04:10,0.19008000195026398,0.19020000100135803,0.19008000195026398,0.19020000100135803,31168
2026-08-11T04:15,0.19020000100135803,0.19021999835968018,0.19005000591278076,0.19009999930858612,0
2026-08-11T04:20,0.19009999930858612,0.1902099996805191,0.189970001578331,0.19006000459194183,0
2026-08-11T04:25,0.19006000459194183,0.1900700032711029,0.189970001578331,0.1900400072336197,0
2026-08-11T04:30,0.19008000195026398,0.1902800053358078,0.1899999976158142,0.19014999270439148,0
2026-08-11T04:35,0.19016000628471375,0.19016000628471375,0.18994000554084778,0.19005000591278076,0
2026-08-11T04:40,0.19005000591278076,0.19008000195026398,0.19000999629497528,0.19000999629497528,0
2026-08-11T04:45,0.19000999629497528,0.1900700032711029,0.18991999328136444,0.19006000459194183,0
2026-08-11T04:50,0.19006000459194183,0.19006000459194183,0.1897200047969818,0.189860001206398,237904
2026-08-11T04:55,0.1898300051689148,0.18984000384807587,0.18922999501228333,0.18953999876976013,192240
2026-08-11T05:00,0.189410001039505,0.18951000273227692,0.18930000066757202,0.18945999443531036,301056
2026-08-11T05:05,0.18945999443531036,0.18945999443531036,0.18919000029563904,0.1893099993467331,0
2026-08-11T05:10,0.18934999406337738,0.18934999406337738,0.18916000425815582,0.18921999633312225,13920
2026-08-11T05:15,0.18920999765396118,0.1893800050020218,0.18894000351428986,0.18894000351428986,89200
2026-08-11T05:20,0.18852999806404114,0.1885800063610077,0.18825000524520874,0.188510000705719,1725808
2026-08-11T05:25,0.18842999637126923,0.18850000202655792,0.18772000074386597,0.18795999884605408,181216
2026-08-11T05:30,0.18796999752521515,0.18828000128269196,0.18756000697612762,0.18769000470638275,2140032
2026-08-11T05:35,0.1877399981021881,0.1879200041294098,0.18751999735832214,0.18751999735832214,2520224
2026-08-11T05:40,0.1876399964094162,0.18788999319076538,0.18750999867916107,0.1877399981021881,943168
2026-08-11T05:45,0.1877399981021881,0.18795999884605408,0.18751999735832214,0.18780000507831573,1208320
2026-08-11T05:50,0.1878799945116043,0.18803000450134277,0.18690000474452972,0.18703000247478485,1080752
2026-08-11T05:55,0.187049999833107,0.18730999529361725,0.18700000643730164,0.18730999529361725,1795504
2026-08-11T06:00,0.18735000491142273,0.18749000132083893,0.18708999454975128,0.18740999698638916,233264
2026-08-11T06:05,0.18747000396251678,0.18797999620437622,0.1873600035905838,0.1879200041294098,2435296
2026-08-11T06:10,0.18799999356269836,0.188060000538826,0.1877399981021881,0.18794000148773193,1080400
2026-08-11T06:15,0.18793000280857086,0.1882600039243698,0.18793000280857086,0.18804000318050385,248448
2026-08-11T06:20,0.18790000677108765,0.18817000091075897,0.18790000677108765,0.18806999921798706,335808
2026-08-11T06:25,0.18806999921798706,0.18806999921798706,0.18791000545024872,0.187950000166893,0
2026-08-11T06:30,0.18796999752521515,0.18807999789714813,0.1879200041294098,0.18794000148773193,0
2026-08-11T06:35,0.18794000148773193,0.18817999958992004,0.18794000148773193,0.18817999958992004,0
2026-08-11T06:40,0.18810999393463135,0.1882299929857254,0.18797999620437622,0.18797999620437622,0
2026-08-11T06:45,0.18795999884605408,0.18797999620437622,0.18752999603748322,0.18756000697612762,0
2026-08-11T06:50,0.18752999603748322,0.18775999546051025,0.18747000396251678,0.18762999773025513,253168
2026-08-11T06:55,0.18770000338554382,0.18854999542236328,0.18770000338554382,0.18852999806404114,832800
2026-08-11T07:00,0.18850000202655792,0.1890300065279007,0.18850000202655792,0.1888599991798401,0
2026-08-11T07:05,0.18883000314235687,0.18895000219345093,0.1886499971151352,0.18866999447345734,0
2026-08-11T07:10,0.1886799931526184,0.1886799931526184,0.1884399950504303,0.18854999542236328,37936
2026-08-11T07:15,0.18852999806404114,0.18874000012874603,0.18831999599933624,0.18874000012874603,0
2026-08-11T07:20,0.18859000504016876,0.18859000504016876,0.18809999525547028,0.18817999958992004,0
2026-08-11T07:25,0.18818999826908112,0.18828999996185303,0.18815000355243683,0.18824000656604767,644240
2026-08-11T07:30,0.18825000524520874,0.18860000371932983,0.18825000524520874,0.18860000371932983,0
2026-08-11T07:35,0.18862000107765198,0.18889999389648438,0.18860000371932983,0.18889999389648438,0
2026-08-11T07:40,0.1888200044631958,0.18885000050067902,0.18856999278068542,0.18873000144958496,751248
2026-08-11T07:45,0.1887499988079071,0.1887899935245514,0.18859000504016876,0.18859000504016876,0
2026-08-11T07:50,0.18862000107765198,0.18863999843597412,0.18828999996185303,0.18831999599933624,0
2026-08-11T07:55,0.18828999996185303,0.18852999806404114,0.18825000524520874,0.18852999806404114,0
2026-08-11T08:00,0.18851999938488007,0.18851999938488007,0.18828000128269196,0.1882999986410141,0
2026-08-11T08:05,0.18828000128269196,0.18840999901294708,0.18827000260353088,0.18839000165462494,0
2026-08-11T08:10,0.1884399950504303,0.18863999843597412,0.1884399950504303,0.18849000334739685,0
2026-08-11T08:15,0.18846000730991364,0.18871000409126282,0.18846000730991364,0.18850000202655792,0
2026-08-11T08:20,0.18850000202655792,0.1886799931526184,0.18848000466823578,0.1885800063610077,0
2026-08-11T08:25,0.18856999278068542,0.18870000541210175,0.18856999278068542,0.1886499971151352,0
2026-08-11T08:30,0.1886799931526184,0.18880000710487366,0.18848000466823578,0.18848000466823578,0
2026-08-11T08:35,0.18848000466823578,0.18865999579429626,0.18844999372959137,0.18862000107765198,195072
2026-08-11T08:40,0.1886100023984909,0.18875999748706818,0.18835000693798065,0.18838000297546387,100736
2026-08-11T08:45,0.18835000693798065,0.18850000202655792,0.18825000524520874,0.1883700042963028,0
2026-08-11T08:50,0.1883700042963028,0.18866999447345734,0.1883700042963028,0.18863999843597412,204416
2026-08-11T08:55,0.18865999579429626,0.1887200027704239,0.18859000504016876,0.1887200027704239,0
2026-08-11T09:00,0.18862999975681305,0.18862999975681305,0.18844999372959137,0.18846000730991364,0
2026-08-11T09:05,0.18846000730991364,0.18860000371932983,0.1884399950504303,0.1885399967432022,0
2026-08-11T09:10,0.18856999278068542,0.18874000012874603,0.18846000730991364,0.1885800063610077,17728
2026-08-11T09:15,0.18850000202655792,0.1886799931526184,0.18848000466823578,0.1886799931526184,111008
2026-08-11T09:20,0.18870000541210175,0.18874000012874603,0.18851999938488007,0.18873000144958496,0
2026-08-11T09:25,0.1887499988079071,0.1888200044631958,0.18862000107765198,0.1886499971151352,0
2026-08-11T09:30,0.1886499971151352,0.1887499988079071,0.18825000524520874,0.188400000333786,29632
2026-08-11T09:35,0.1884399950504303,0.18855999410152435,0.18838000297546387,0.18838000297546387,0
2026-08-11T09:40,0.1883700042963028,0.18855999410152435,0.1883700042963028,0.18844999372959137,30032
2026-08-11T09:45,0.18850000202655792,0.1888200044631958,0.18844999372959137,0.18876999616622925,0
2026-08-11T09:50,0.18876999616622925,0.18884000182151794,0.18866999447345734,0.1886799931526184,0
2026-08-11T09:55,0.1886799931526184,0.18873000144958496,0.18865999579429626,0.18869000673294067,0
2026-08-11T10:00,0.18873000144958496,0.1888899952173233,0.18860000371932983,0.18865999579429626,0
2026-08-11T10:05,0.18870000541210175,0.18870000541210175,0.18850000202655792,0.1886100023984909,0
2026-08-11T10:10,0.18856999278068542,0.18856999278068542,0.1881999969482422,0.1881999969482422,0
2026-08-11T10:15,0.1881999969482422,0.1881999969482422,0.18785999715328217,0.18786999583244324,0
2026-08-11T10:20,0.18776999413967133,0.1879200041294098,0.18761999905109406,0.1877799928188324,221056
2026-08-11T10:25,0.1878799945116043,0.18801000714302063,0.1878100037574768,0.18791000545024872,0
2026-08-11T10:30,0.18799999356269836,0.1881999969482422,0.18790000677108765,0.1881600022315979,0
2026-08-11T10:35,0.1881999969482422,0.1881999969482422,0.18793000280857086,0.18795999884605408,195344
2026-08-11T10:40,0.18786999583244324,0.1878799945116043,0.18765999376773834,0.18765999376773834,117408
2026-08-11T10:45,0.18765999376773834,0.18794000148773193,0.18754999339580536,0.18794000148773193,377984
2026-08-11T10:50,0.18799999356269836,0.1881600022315979,0.18799999356269836,0.18799999356269836,684688
2026-08-11T10:55,0.18799999356269836,0.18799999356269836,0.1878799945116043,0.18796999752521515,0
2026-08-11T11:00,0.18790000677108765,0.18901999294757843,0.1878799945116043,0.1886100023984909,0
2026-08-11T11:05,0.1886799931526184,0.1887499988079071,0.18841999769210815,0.18844999372959137,1004016
2026-08-11T11:10,0.18846000730991364,0.1887499988079071,0.18846000730991364,0.18851999938488007,33712
2026-08-11T11:15,0.18852999806404114,0.1886499971151352,0.1883399933576584,0.18840999901294708,259264
2026-08-11T11:20,0.18840999901294708,0.1884700059890747,0.18828999996185303,0.18830999732017517,318432
2026-08-11T11:25,0.1882999986410141,0.18850000202655792,0.18828000128269196,0.18840999901294708,184432
2026-08-11T11:30,0.18841999769210815,0.18848000466823578,0.18814000487327576,0.18821999430656433,0
2026-08-11T11:35,0.18821999430656433,0.18827000260353088,0.18817999958992004,0.1882299929857254,0
2026-08-11T11:40,0.18828999996185303,0.18842999637126923,0.18828000128269196,0.1883700042963028,0
2026-08-11T11:45,0.1884399950504303,0.18846000730991364,0.18836000561714172,0.18846000730991364,17344
2026-08-11T11:50,0.18850000202655792,0.188510000705719,0.18839000165462494,0.18849000334739685,0
2026-08-11T11:55,0.188510000705719,0.18873000144958496,0.18849000334739685,0.18849000334739685,0
2026-08-11T12:00,0.18841999769210815,0.1884399950504303,0.1880899965763092,0.1881600022315979,0
2026-08-11T12:05,0.1880899965763092,0.18824000656604767,0.1880899965763092,0.18824000656604767,0
2026-08-11T12:10,0.18825000524520874,0.18825000524520874,0.18797999620437622,0.18825000524520874,0
2026-08-11T12:15,0.1882600039243698,0.1882600039243698,0.18775999546051025,0.18775999546051025,76112
2026-08-11T12:20,0.18772999942302704,0.1878799945116043,0.1876000016927719,0.1876000016927719,1040656
2026-08-11T12:25,0.1876000016927719,0.1876000016927719,0.186939999461174,0.18727999925613403,436336
2026-08-11T12:30,0.18731999397277832,0.18779000639915466,0.18713000416755676,0.18779000639915466,1166064
2026-08-11T12:35,0.18783999979496002,0.18791000545024872,0.18761000037193298,0.18765999376773834,614272
2026-08-11T12:40,0.18780000507831573,0.18783999979496002,0.18717999756336212,0.18717999756336212,362864
2026-08-11T12:45,0.18723000586032867,0.18723000586032867,0.1864600032567978,0.186489999294281,1208816
2026-08-11T12:50,0.18653999269008636,0.18659000098705292,0.1863899976015091,0.1863899976015091,1617584
2026-08-11T12:55,0.1864199936389923,0.18685999512672424,0.18639999628067017,0.18674999475479126,352960
2026-08-11T13:00,0.18679000437259674,0.18725000321865082,0.18675999343395233,0.18675999343395233,307968
2026-08-11T13:05,0.1868000030517578,0.1871200054883957,0.18664999306201935,0.18711000680923462,2979952
2026-08-11T13:10,0.18711000680923462,0.1871899962425232,0.18645000457763672,0.186599999666214,1004800
2026-08-11T13:15,0.186489999294281,0.18693000078201294,0.1863899976015091,0.18681000173091888,1066784
2026-08-11T13:20,0.1867700070142746,0.18698999285697937,0.18675999343395233,0.1869100034236908,204592
2026-08-11T13:25,0.18685999512672424,0.18734000623226166,0.18671999871730804,0.18734000623226166,0
2026-08-11T13:30,0.18731999397277832,0.18748000264167786,0.1870100051164627,0.18704000115394592,0
2026-08-11T13:35,0.18705999851226807,0.18731999397277832,0.18685999512672424,0.18705999851226807,0
2026-08-11T13:40,0.18714000284671783,0.18727000057697296,0.18705999851226807,0.1871200054883957,0
2026-08-11T13:45,0.18705999851226807,0.1873299926519394,0.1865600049495697,0.1873299926519394,261456
2026-08-11T13:50,0.18714000284671783,0.18724000453948975,0.18669000267982483,0.18669000267982483,492592
2026-08-11T13:55,0.18667000532150269,0.18700000643730164,0.18619999289512634,0.18648000061511993,128704
2026-08-11T14:00,0.18648000061511993,0.18681000173091888,0.18640999495983124,0.18678000569343567,319104
2026-08-11T14:05,0.1867700070142746,0.18711000680923462,0.18668000400066376,0.18678000569343567,927792
2026-08-11T14:10,0.18681000173091888,0.18681000173091888,0.18655000627040863,0.18660999834537506,497776
2026-08-11T14:15,0.186599999666214,0.18679000437259674,0.18616999685764313,0.18628999590873718,347360
2026-08-11T14:20,0.1864199936389923,0.18648000061511993,0.1847500056028366,0.18503999710083008,648288
2026-08-11T14:25,0.18508000671863556,0.18549999594688416,0.185029998421669,0.1853799968957901,8223232
2026-08-11T14:30,0.18535000085830688,0.18549999594688416,0.18519000709056854,0.18519000709056854,3210720
2026-08-11T14:35,0.18535999953746796,0.18558000028133392,0.18532000482082367,0.18543000519275665,1155392
2026-08-11T14:40,0.18538999557495117,0.18549999594688416,0.1851699948310852,0.18522000312805176,238592
2026-08-11T14:45,0.18523000180721283,0.18539999425411224,0.18456999957561493,0.18467000126838684,845600
2026-08-11T14:50,0.1846799999475479,0.18490999937057495,0.1845099925994873,0.18456000089645386,1825728
2026-08-11T14:55,0.1844799965620041,0.18482999503612518,0.18416999280452728,0.18480999767780304,1377280
2026-08-11T15:00,0.1846500039100647,0.18490999937057495,0.18456999957561493,0.18474000692367554,334432
2026-08-11T15:05,0.18477000296115875,0.1847900003194809,0.18434999883174896,0.18445999920368195,3215456
2026-08-11T15:10,0.18446999788284302,0.18446999788284302,0.1839500069618225,0.18422000110149384,176032
2026-08-11T15:15,0.18418000638484955,0.18469999730587006,0.184129998087883,0.18469999730587006,120992
2026-08-11T15:20,0.1846500039100647,0.18491999804973602,0.18438999354839325,0.1844799965620041,66816
2026-08-11T15:25,0.1845400035381317,0.18464000523090363,0.18445999920368195,0.18463000655174255,0
2026-08-11T15:30,0.1846199929714203,0.1846500039100647,0.18411999940872192,0.18411999940872192,0
2026-08-11T15:35,0.18413999676704407,0.18414999544620514,0.18355000019073486,0.18371999263763428,0
2026-08-11T15:40,0.18377000093460083,0.18438999354839325,0.18373000621795654,0.18438999354839325,1032864
2026-08-11T15:45,0.18408000469207764,0.18442000448703766,0.18398000299930573,0.18414999544620514,0
2026-08-11T15:50,0.18408000469207764,0.1844799965620041,0.18403999507427216,0.18423999845981598,331776
2026-08-11T15:55,0.18424999713897705,0.18499000370502472,0.18424999713897705,0.18479999899864197,0
2026-08-11T16:00,0.1847199946641922,0.1852799952030182,0.1847199946641922,0.1851000040769577,214592
2026-08-11T16:05,0.1851699948310852,0.18535000085830688,0.1848900020122528,0.18520000576972961,0
2026-08-11T16:10,0.1852400004863739,0.18539999425411224,0.18499000370502472,0.18528999388217926,167008
2026-08-11T16:15,0.18533000349998474,0.1857600063085556,0.18515999615192413,0.18574999272823334,135456
2026-08-11T16:20,0.1858000010251999,0.18626999855041504,0.1858000010251999,0.18624000251293182,983840
2026-08-11T16:25,0.18618999421596527,0.18628999590873718,0.18601000308990479,0.1862500011920929,495328
2026-08-11T16:30,0.18619999289512634,0.1863899976015091,0.1858000010251999,0.18615999817848206,0
2026-08-11T16:35,0.186039999127388,0.18618999421596527,0.18591000139713287,0.1859399974346161,0
2026-08-11T16:40,0.1859399974346161,0.1860000044107437,0.1856900006532669,0.18570999801158905,0
2026-08-11T16:45,0.18574999272823334,0.18595999479293823,0.18564000725746155,0.18564000725746155,0
2026-08-11T16:50,0.18562999367713928,0.18585999310016632,0.18546999990940094,0.1855199933052063,0
2026-08-11T16:55,0.18554000556468964,0.1856900006532669,0.1852400004863739,0.1852400004863739,0
2026-08-11T17:00,0.1852799952030182,0.18556000292301178,0.18526999652385712,0.18535000085830688,0
2026-08-11T17:05,0.18535000085830688,0.18546999990940094,0.1853100061416626,0.18538999557495117,0
2026-08-11T17:10,0.18538999557495117,0.18571999669075012,0.18503999710083008,0.18503999710083008,0
2026-08-11T17:15,0.18503999710083008,0.1852799952030182,0.1849299967288971,0.18524999916553497,0
2026-08-11T17:20,0.185139998793602,0.18535999953746796,0.18503999710083008,0.18535999953746796,0
2026-08-11T17:25,0.18526999652385712,0.18549999594688416,0.18523000180721283,0.18549999594688416,0
2026-08-11T17:30,0.1855500042438507,0.1855500042438507,0.1852799952030182,0.18536999821662903,295776
2026-08-11T17:35,0.18540999293327332,0.1855199933052063,0.18528999388217926,0.18528999388217926,281632
2026-08-11T17:40,0.18532000482082367,0.18571999669075012,0.18528999388217926,0.18556000292301178,0
2026-08-11T17:45,0.18546000123023987,0.18546000123023987,0.18491999804973602,0.18491999804973602,477024
2026-08-11T17:50,0.18493999540805817,0.18508000671863556,0.1848900020122528,0.18497000634670258,0
2026-08-11T17:55,0.18494999408721924,0.18519000709056854,0.18494999408721924,0.18504999577999115,26912
2026-08-11T18:00,0.18503999710083008,0.18550999462604523,0.18503999710083008,0.1853799968957901,0
2026-08-11T18:05,0.1853799968957901,0.18549999594688416,0.18524999916553497,0.1854500025510788,0
2026-08-11T18:10,0.185479998588562,0.18568000197410583,0.18544000387191772,0.18564000725746155,17536
2026-08-11T18:15,0.1855500042438507,0.18568000197410583,0.1855199933052063,0.18568000197410583,0
2026-08-11T18:20,0.18569999933242798,0.18577000498771667,0.18550999462604523,0.1855500042438507,0
2026-08-11T18:25,0.1855199933052063,0.18568000197410583,0.18536999821662903,0.18536999821662903,0
2026-08-11T18:30,0.18539999425411224,0.18559999763965607,0.18513000011444092,0.18550999462604523,0
2026-08-11T18:35,0.18559999763965607,0.1856600046157837,0.18523000180721283,0.18528999388217926,0
2026-08-11T18:40,0.18522000312805176,0.18526999652385712,0.18512000143527985,0.18526999652385712,0
2026-08-11T18:45,0.18524999916553497,0.18539999425411224,0.185139998793602,0.18539999425411224,0
2026-08-11T18:50,0.18529999256134033,0.18543000519275665,0.185139998793602,0.18514999747276306,0
2026-08-11T18:55,0.18522000312805176,0.18546000123023987,0.18515999615192413,0.18533000349998474,0
2026-08-11T19:00,0.18522000312805176,0.1852799952030182,0.18497000634670258,0.18509000539779663,0
2026-08-11T19:05,0.18509000539779663,0.18511000275611877,0.18480999767780304,0.1848600059747696,0
2026-08-11T19:10,0.18470999598503113,0.18470999598503113,0.18422000110149384,0.18422000110149384,614800
2026-08-11T19:15,0.18435999751091003,0.1846500039100647,0.18435999751091003,0.18449999392032623,444896
2026-08-11T19:20,0.1846199929714203,0.18468999862670898,0.18442000448703766,0.18445000052452087,440320
2026-08-11T19:25,0.18445999920368195,0.18458999693393707,0.18440000712871552,0.1844400018453598,0
2026-08-11T19:30,0.18446999788284302,0.18456999957561493,0.1842699944972992,0.1842699944972992,0
2026-08-11T19:35,0.1842699944972992,0.18464000523090363,0.1842699944972992,0.18464000523090363,0
2026-08-11T19:40,0.1847199946641922,0.18479999899864197,0.1843400001525879,0.18469999730587006,0
2026-08-11T19:45,0.18476000428199768,0.1848199963569641,0.18445000052452087,0.1844799965620041,1164544
2026-08-11T19:50,0.1844799965620041,0.18511000275611877,0.18445999920368195,0.185029998421669,995904
2026-08-11T19:55,0.18501999974250793,0.18564000725746155,0.18499000370502472,0.18564000725746155,2053696
2026-08-11T20:00,0.1856600046157837,0.18583999574184418,0.18549999594688416,0.18574999272823334,0
2026-08-11T20:05,0.18578000366687775,0.18619999289512634,0.18578000366687775,0.18609000742435455,810096
2026-08-11T20:10,0.18605999648571014,0.1862100064754486,0.18591000139713287,0.18592999875545502,627968
2026-08-11T20:15,0.18592999875545502,0.18602000176906586,0.18581999838352203,0.18591000139713287,0
2026-08-11T20:20,0.18591000139713287,0.18622000515460968,0.18589000403881073,0.18595999479293823,72176
2026-08-11T20:25,0.18592999875545502,0.18614999949932098,0.18578000366687775,0.18614999949932098,104032
2026-08-11T20:30,0.18619999289512634,0.18633000552654266,0.18598000705242157,0.18601000308990479,231424
2026-08-11T20:35,0.18602000176906586,0.18602000176906586,0.18580999970436096,0.1858700066804886,0
2026-08-11T20:40,0.18592999875545502,0.18595999479293823,0.1857299953699112,0.18589000403881073,66960
2026-08-11T20:45,0.18592000007629395,0.1859399974346161,0.18578000366687775,0.18579000234603882,0
2026-08-11T20:50,0.18579000234603882,0.1859399974346161,0.18577000498771667,0.1859399974346161,0
2026-08-11T20:55,0.18592999875545502,0.186039999127388,0.18497000634670258,0.18497000634670258,0
2026-08-11T21:00,0.1850000023841858,0.18512000143527985,0.18442000448703766,0.18512000143527985,85008
2026-08-11T21:05,0.18512000143527985,0.1853400021791458,0.1851000040769577,0.18521000444889069,1038752
2026-08-11T21:10,0.1852400004863739,0.186039999127388,0.18517999351024628,0.186039999127388,385792
2026-08-11T21:15,0.18599000573158264,0.18674999475479126,0.18599000573158264,0.186599999666214,3141728
2026-08-11T21:20,0.18671999871730804,0.18720999360084534,0.18661999702453613,0.18700000643730164,3003264
2026-08-11T21:25,0.1871200054883957,0.1871200054883957,0.186489999294281,0.186489999294281,1016832
2026-08-11T21:30,0.186489999294281,0.18655000627040863,0.18644000589847565,0.18647000193595886,81920
2026-08-11T21:35,0.18640999495983124,0.18640999495983124,0.186039999127388,0.1863500028848648,367808
2026-08-11T21:40,0.1863200068473816,0.18682999908924103,0.1863200068473816,0.18640999495983124,593088
2026-08-11T21:45,0.18636000156402588,0.18659000098705292,0.1863200068473816,0.186489999294281,0
2026-08-11T21:50,0.186489999294281,0.1865299940109253,0.1862100064754486,0.1863200068473816,0
2026-08-11T21:55,0.18640999495983124,0.18659000098705292,0.18640999495983124,0.18651999533176422,0
2026-08-11T22:00,0.18644000589847565,0.18704000115394592,0.18636000156402588,0.18639999628067017,0
2026-08-11T22:05,0.18639999628067017,0.18647000193595886,0.18622000515460968,0.18639999628067017,0
2026-08-11T22:10,0.1863200068473816,0.18644000589847565,0.18622000515460968,0.18633000552654266,0
2026-08-11T22:15,0.18634000420570374,0.18675999343395233,0.18633000552654266,0.18675999343395233,0
2026-08-11T22:20,0.18675999343395233,0.18692000210285187,0.18668000400066376,0.18671999871730804,259744
2026-08-11T22:25,0.18669000267982483,0.18695999681949615,0.18663999438285828,0.18695999681949615,0
2026-08-11T22:30,0.18700000643730164,0.18711000680923462,0.18690000474452972,0.18708999454975128,164224
2026-08-11T22:35,0.18711000680923462,0.1871899962425232,0.18693000078201294,0.18702000379562378,0
2026-08-11T22:40,0.18706999719142914,0.1870799958705902,0.1865600049495697,0.186599999666214,0
2026-08-11T22:45,0.186599999666214,0.186599999666214,0.18633000552654266,0.18639999628067017,0
2026-08-11T22:50,0.18639999628067017,0.18663999438285828,0.18637000024318695,0.18658000230789185,0
2026-08-11T22:55,0.18659000098705292,0.1866600066423416,0.1864600032567978,0.18660999834537506,110080
2026-08-11T23:00,0.18651999533176422,0.18651999533176422,0.18634000420570374,0.18636000156402588,0
2026-08-11T23:05,0.1863899976015091,0.18640999495983124,0.18630999326705933,0.18639999628067017,0
2026-08-11T23:10,0.18637999892234802,0.18637999892234802,0.18581999838352203,0.18585999310016632,0
2026-08-11T23:15,0.1858000010251999,0.18591000139713287,0.18565000593662262,0.18591000139713287,0
2026-08-11T23:20,0.18592999875545502,0.18602000176906586,0.18584999442100525,0.1860000044107437,0
2026-08-11T23:25,0.18602000176906586,0.18624000251293182,0.18602000176906586,0.18618999421596527,243136
2026-08-11T23:30,0.18614999949932098,0.18615999817848206,0.18580999970436096,0.186039999127388,0
2026-08-11T23:35,0.18598000705242157,0.18672999739646912,0.18598000705242157,0.18647000193595886,671072
2026-08-11T23:40,0.1865600049495697,0.18703000247478485,0.1865600049495697,0.18703000247478485,1628992
2026-08-11T23:45,0.1870100051164627,0.18716000020503998,0.186599999666214,0.18705999851226807,1265664
2026-08-11T23:50,0.18708999454975128,0.1871200054883957,0.18685999512672424,0.18688000738620758,2725696
2026-08-11T23:55,0.1868399977684021,0.18705999851226807,0.1868000030517578,0.18689000606536865,0
2026-08-12T00:00,0.1868399977684021,0.1870100051164627,0.18678000569343567,0.18690000474452972,0
2026-08-12T00:05,0.1869799941778183,0.18705999851226807,0.18682000041007996,0.1870100051164627,0
2026-08-12T00:10,0.18693000078201294,0.18693000078201294,0.18669000267982483,0.1867399960756302,0
2026-08-12T00:15,0.186599999666214,0.186599999666214,0.18591000139713287,0.18592000007629395,435952
2026-08-12T00:20,0.18592999875545502,0.18606999516487122,0.18592999875545502,0.1859699934720993,1144960
2026-08-12T00:25,0.1860799938440323,0.18616999685764313,0.1859699934720993,0.18601000308990479,11072
2026-08-12T00:30,0.18602000176906586,0.1862100064754486,0.1860000044107437,0.18614999949932098,0
2026-08-12T00:35,0.18616999685764313,0.18616999685764313,0.18591000139713287,0.18591000139713287,0
2026-08-12T00:40,0.18591000139713287,0.18592000007629395,0.18571999669075012,0.18580999970436096,0
2026-08-12T00:45,0.18580999970436096,0.1859699934720993,0.18578000366687775,0.18580999970436096,0
2026-08-12T00:50,0.18583999574184418,0.18583999574184418,0.18568000197410583,0.18578000366687775,0
2026-08-12T00:55,0.18577000498771667,0.18601000308990479,0.18569999933242798,0.18592999875545502,0
2026-08-12T01:00,0.18592999875545502,0.18603000044822693,0.1858000010251999,0.18581999838352203,0
2026-08-12T01:05,0.1858299970626831,0.1862500011920929,0.1858299970626831,0.18612000346183777,0
2026-08-12T01:10,0.18615999817848206,0.18650999665260315,0.1861400008201599,0.18644000589847565,43664
2026-08-12T01:15,0.18637999892234802,0.18650999665260315,0.18614999949932098,0.18650999665260315,100160
2026-08-12T01:20,0.18651999533176422,0.1867399960756302,0.18639999628067017,0.1867399960756302,0
2026-08-12T01:25,0.18660999834537506,0.18696999549865723,0.1865299940109253,0.18660999834537506,0
2026-08-12T01:30,0.1865600049495697,0.186599999666214,0.18636000156402588,0.1865600049495697,24144
2026-08-12T01:35,0.18661999702453613,0.18671999871730804,0.18653999269008636,0.1866600066423416,180560
2026-08-12T01:40,0.18671999871730804,0.18689000606536865,0.18658000230789185,0.18689000606536865,183184
2026-08-12T01:45,0.18681000173091888,0.18684999644756317,0.1866600066423416,0.18669000267982483,476720
2026-08-12T01:50,0.1867000013589859,0.18671000003814697,0.18651999533176422,0.18658000230789185,29152
2026-08-12T01:55,0.18650999665260315,0.186939999461174,0.18648000061511993,0.18681000173091888,0
2026-08-12T02:00,0.18681000173091888,0.18696999549865723,0.18681000173091888,0.18688000738620758,0
2026-08-12T02:05,0.18684999644756317,0.18719999492168427,0.18684999644756317,0.18719999492168427,9408
2026-08-12T02:10,0.1872899979352951,0.1873299926519394,0.1871200054883957,0.18725000321865082,544016
2026-08-12T02:15,0.18727000057697296,0.1872899979352951,0.18706999719142914,0.1871899962425232,252624
2026-08-12T02:20,0.1871899962425232,0.1871899962425232,0.18695999681949615,0.18714000284671783,74544
2026-08-12T02:25,0.1871500015258789,0.1881999969482422,0.18714000284671783,0.1881999969482422,0
2026-08-12T02:30,0.1881600022315979,0.1881999969482422,0.1875700056552887,0.1875700056552887,3121680
2026-08-12T02:35,0.1875399947166443,0.1876700073480606,0.1875,0.18751999735832214,818304
2026-08-12T02:40,0.18759000301361084,0.18794000148773193,0.1875700056552887,0.18794000148773193,1013056
2026-08-12T02:45,0.18793000280857086,0.18804000318050385,0.1878499984741211,0.18790000677108765,334016
2026-08-12T02:50,0.18788999319076538,0.18824000656604767,0.18785999715328217,0.18793000280857086,1066368
2026-08-12T02:55,0.18797999620437622,0.18797999620437622,0.18759000301361084,0.18769000470638275,501856
2026-08-12T03:00,0.1877799928188324,0.18807999789714813,0.1877799928188324,0.18790000677108765,152000
2026-08-12T03:05,0.187950000166893,0.18804000318050385,0.18775999546051025,0.18780000507831573,1250912
2026-08-12T03:10,0.18783999979496002,0.18783999979496002,0.18743999302387238,0.1875,378528
2026-08-12T03:15,0.1875,0.18780000507831573,0.1875,0.18770000338554382,80320
2026-08-12T03:20,0.18774999678134918,0.18774999678134918,0.18761000037193298,0.18768000602722168,0
2026-08-12T03:25,0.1876399964094162,0.18764999508857727,0.1873600035905838,0.18756000697612762,0
2026-08-12T03:30,0.18749000132083893,0.18774999678134918,0.18749000132083893,0.1877399981021881,0
2026-08-12T03:35,0.18775999546051025,0.18794000148773193,0.18775999546051025,0.18782000243663788,45600
2026-08-12T03:40,0.18782000243663788,0.18782000243663788,0.1876399964094162,0.1876399964094162,70976
2026-08-12T03:45,0.1876399964094162,0.1876399964094162,0.1875,0.18750999867916107,0
2026-08-12T03:50,0.18748000264167786,0.18752999603748322,0.18727999925613403,0.18731999397277832,0
2026-08-12T03:55,0.18738000094890594,0.18750999867916107,0.18737000226974487,0.18745000660419464,0
2026-08-12T04:00,0.1873600035905838,0.18775999546051025,0.1873600035905838,0.18775999546051025,0
2026-08-12T04:05,0.1877399981021881,0.18783000111579895,0.18759000301361084,0.18759000301361084,0
2026-08-12T04:10,0.18759000301361084,0.18775999546051025,0.1875,0.18775999546051025,3104
2026-08-12T04:15,0.18775999546051025,0.18783999979496002,0.18758000433444977,0.18758000433444977,197408
2026-08-12T04:20,0.18756000697612762,0.18770000338554382,0.1873999983072281,0.18751999735832214,181984
2026-08-12T04:25,0.18745000660419464,0.18745000660419464,0.1871500015258789,0.1871500015258789,12576
2026-08-12T04:30,0.18709999322891235,0.18723000586032867,0.18705999851226807,0.18716000020503998,117184
2026-08-12T04:35,0.18716000020503998,0.18716000020503998,0.18702000379562378,0.18702000379562378,39488
2026-08-12T04:40,0.18702000379562378,0.1871500015258789,0.18702000379562378,0.1870799958705902,345824
2026-08-12T04:45,0.187049999833107,0.1873999983072281,0.187049999833107,0.18737000226974487,324704
2026-08-12T04:50,0.18738999962806702,0.1873999983072281,0.18713000416755676,0.18714000284671783,21728
2026-08-12T04:55,0.18714000284671783,0.18714000284671783,0.1868000030517578,0.18685999512672424,0
2026-08-12T05:00,0.18685999512672424,0.1869100034236908,0.18668000400066376,0.18668000400066376,0
2026-08-12T05:05,0.18668000400066376,0.18675999343395233,0.186489999294281,0.1867399960756302,0
2026-08-12T05:10,0.1868000030517578,0.18719999492168427,0.1868000030517578,0.18698999285697937,492416
2026-08-12T05:15,0.18698999285697937,0.18734000623226166,0.18698999285697937,0.18727999925613403,0
2026-08-12T05:20,0.18729999661445618,0.1874600052833557,0.18727000057697296,0.18727000057697296,0
2026-08-12T05:25,0.18725000321865082,0.18735000491142273,0.18725000321865082,0.18729999661445618,0
2026-08-12T05:30,0.18731999397277832,0.18731999397277832,0.18706999719142914,0.18717999756336212,0
2026-08-12T05:35,0.18717999756336212,0.1872200071811676,0.18705999851226807,0.18716999888420105,0
2026-08-12T05:40,0.1871500015258789,0.1871500015258789,0.18679000437259674,0.1869100034236908,0
2026-08-12T05:45,0.1869100034236908,0.186939999461174,0.18668000400066376,0.18668000400066376,0
2026-08-12T05:50,0.18655000627040863,0.1866299957036972,0.186489999294281,0.18653999269008636,0
2026-08-12T05:55,0.18653999269008636,0.186599999666214,0.18637000024318695,0.18640999495983124,0
2026-08-12T06:00,0.18637000024318695,0.1863899976015091,0.18606999516487122,0.18618999421596527,0
2026-08-12T06:05,0.18619999289512634,0.18628999590873718,0.18615999817848206,0.18628999590873718,0
2026-08-12T06:10,0.18628999590873718,0.1863200068473816,0.18625999987125397,0.18625999987125397,0
2026-08-12T06:15,0.18624000251293182,0.18659000098705292,0.18624000251293182,0.1862500011920929,0
2026-08-12T06:20,0.18624000251293182,0.18624000251293182,0.18594999611377716,0.18595999479293823,0
2026-08-12T06:25,0.18595999479293823,0.18616999685764313,0.18594999611377716,0.1860799938440323,0
2026-08-12T06:30,0.1860799938440323,0.18610000610351562,0.1859000027179718,0.18610000610351562,0
2026-08-12T06:35,0.18609000742435455,0.18619999289512634,0.18550999462604523,0.18567000329494476,303360
2026-08-12T06:40,0.18571999669075012,0.18573999404907227,0.18557000160217285,0.18557000160217285,547392
2026-08-12T06:45,0.18559999763965607,0.18571999669075012,0.18546999990940094,0.18560999631881714,0
2026-08-12T06:50,0.18559999763965607,0.18562999367713928,0.1851000040769577,0.18523000180721283,0
2026-08-12T06:55,0.18520000576972961,0.1853799968957901,0.18520000576972961,0.18535999953746796,301168
2026-08-12T07:00,0.18538999557495117,0.18573999404907227,0.18515999615192413,0.1856600046157837,0
2026-08-12T07:05,0.18569999933242798,0.18573999404907227,0.1855199933052063,0.1855199933052063,211872
2026-08-12T07:10,0.1855199933052063,0.18564000725746155,0.18549999594688416,0.18560999631881714,0
2026-08-12T07:15,0.1855500042438507,0.1856199949979782,0.18523000180721283,0.18528999388217926,0
2026-08-12T07:20,0.18528999388217926,0.18544000387191772,0.1852799952030182,0.18539999425411224,0
2026-08-12T07:25,0.18538999557495117,0.18542000651359558,0.18519000709056854,0.18519000709056854,0
2026-08-12T07:30,0.18519000709056854,0.18540999293327332,0.18519000709056854,0.18539999425411224,0
2026-08-12T07:35,0.18542000651359558,0.18542000651359558,0.18488000333309174,0.18497000634670258,0
2026-08-12T07:40,0.18499000370502472,0.18501000106334686,0.18480999767780304,0.18483999371528625,0
2026-08-12T07:45,0.1848900020122528,0.18505999445915222,0.18478000164031982,0.18505999445915222,0
2026-08-12T07:50,0.18505999445915222,0.1852799952030182,0.18505999445915222,0.1852799952030182,259888
2026-08-12T07:55,0.18528999388217926,0.1853400021791458,0.1850699931383133,0.185139998793602,0
2026-08-12T08:00,0.18498000502586365,0.18528999388217926,0.18491999804973602,0.18521000444889069,0
2026-08-12T08:05,0.18523000180721283,0.1853100061416626,0.18505999445915222,0.18505999445915222,287136
2026-08-12T08:10,0.18501000106334686,0.18504999577999115,0.1848600059747696,0.18504999577999115,124608
2026-08-12T08:15,0.1850699931383133,0.18525999784469604,0.1850699931383133,0.18523000180721283,15424
2026-08-12T08:20,0.1851699948310852,0.18539999425411224,0.1851699948310852,0.18538999557495117,18944
2026-08-12T08:25,0.18535000085830688,0.18558000028133392,0.18535000085830688,0.18553000688552856,233456
2026-08-12T08:30,0.18544000387191772,0.18550999462604523,0.18535999953746796,0.18543000519275665,109088
2026-08-12T08:35,0.18536999821662903,0.18539999425411224,0.18523000180721283,0.1852799952030182,36016
2026-08-12T08:40,0.18526999652385712,0.18535999953746796,0.18515999615192413,0.18520000576972961,72480
2026-08-12T08:45,0.18519000709056854,0.18539999425411224,0.18503999710083008,0.18539999425411224,0
2026-08-12T08:50,0.18538999557495117,0.1855199933052063,0.1852799952030182,0.18540999293327332,805200
2026-08-12T08:55,0.18536999821662903,0.18539999425411224,0.18524999916553497,0.18536999821662903,193712
2026-08-12T09:00,0.18524999916553497,0.18553000688552856,0.1851699948310852,0.18540999293327332,0
2026-08-12T09:05,0.18540999293327332,0.1855500042438507,0.18540999293327332,0.18546000123023987,407680
2026-08-12T09:10,0.18540999293327332,0.185479998588562,0.1852799952030182,0.18536999821662903,122736
2026-08-12T09:15,0.18536999821662903,0.1857299953699112,0.18536999821662903,0.1857299953699112,0
2026-08-12T09:20,0.1857600063085556,0.1859699934720993,0.1854500025510788,0.1859699934720993,697344
2026-08-12T09:25,0.18604999780654907,0.18657000362873077,0.18604999780654907,0.18651999533176422,598560
2026-08-12T09:30,0.1866600066423416,0.18693000078201294,0.18650999665260315,0.1866299957036972,355696
2026-08-12T09:35,0.18667000532150269,0.1867399960756302,0.18636000156402588,0.18636000156402588,0
2026-08-12T09:40,0.18633000552654266,0.1864199936389923,0.1861400008201599,0.18618999421596527,0
2026-08-12T09:45,0.1861100047826767,0.18689000606536865,0.1861100047826767,0.18681000173091888,364208
2026-08-12T09:50,0.18681000173091888,0.1870799958705902,0.18681000173091888,0.1870799958705902,1167616
2026-08-12T09:55,0.18719999492168427,0.18727000057697296,0.1869799941778183,0.1869799941778183,707584
2026-08-12T10:00,0.187049999833107,0.18735000491142273,0.18698999285697937,0.18711000680923462,0
2026-08-12T10:05,0.187049999833107,0.187049999833107,0.18681000173091888,0.18681000173091888,239296
2026-08-12T10:10,0.1868399977684021,0.18698999285697937,0.1867700070142746,0.18690000474452972,73456
2026-08-12T10:15,0.18690000474452972,0.1869799941778183,0.1866600066423416,0.18674999475479126,2128
2026-08-12T10:20,0.1868399977684021,0.1870799958705902,0.18671999871730804,0.18671999871730804,168416
2026-08-12T10:25,0.18671000003814697,0.1867700070142746,0.186599999666214,0.18663999438285828,151856
2026-08-12T10:30,0.1866299957036972,0.18689000606536865,0.18648000061511993,0.18671999871730804,21280
2026-08-12T10:35,0.18679000437259674,0.18690000474452972,0.18667000532150269,0.18679000437259674,174112
2026-08-12T10:40,0.1867700070142746,0.1869799941778183,0.18672999739646912,0.18678000569343567,25888
2026-08-12T10:45,0.18678000569343567,0.1869100034236908,0.1866600066423416,0.18674999475479126,19216
2026-08-12T10:50,0.18672999739646912,0.186939999461174,0.18672999739646912,0.186939999461174,572928
2026-08-12T10:55,0.1868399977684021,0.1868399977684021,0.18658000230789185,0.18661999702453613,109440
2026-08-12T11:00,0.18669000267982483,0.18686999380588531,0.18659000098705292,0.1866299957036972,0
2026-08-12T11:05,0.1866299957036972,0.1866299957036972,0.18650999665260315,0.18650999665260315,0
2026-08-12T11:10,0.18650999665260315,0.1865299940109253,0.18588000535964966,0.18601000308990479,11568
2026-08-12T11:15,0.1859000027179718,0.18609000742435455,0.1859000027179718,0.18609000742435455,222400
2026-08-12T11:20,0.18612000346183777,0.1861400008201599,0.18588000535964966,0.18598000705242157,6848
2026-08-12T11:25,0.18598000705242157,0.18613000214099884,0.1859699934720993,0.1861100047826767,523936
2026-08-12T11:30,0.18613000214099884,0.18613000214099884,0.18585999310016632,0.18585999310016632,319472
2026-08-12T11:35,0.18588000535964966,0.18588000535964966,0.1857600063085556,0.18581999838352203,200288
2026-08-12T11:40,0.18583999574184418,0.18583999574184418,0.18556000292301178,0.18558000028133392,132704
2026-08-12T11:45,0.18558000028133392,0.1856900006532669,0.18550999462604523,0.18557000160217285,0
2026-08-12T11:50,0.18562999367713928,0.18584999442100525,0.18556000292301178,0.18562999367713928,160080
2026-08-12T11:55,0.18562999367713928,0.18570999801158905,0.185589998960495,0.185589998960495,59888
2026-08-12T12:00,0.18559999763965607,0.18571999669075012,0.18546999990940094,0.185589998960495,208400
2026-08-12T12:05,0.185479998588562,0.1855199933052063,0.1853400021791458,0.18549999594688416,103232
2026-08-12T12:10,0.18539999425411224,0.18543000519275665,0.1852400004863739,0.18524999916553497,0
2026-08-12T12:15,0.18522000312805176,0.18548999726772308,0.18488000333309174,0.1849599927663803,46672
2026-08-12T12:20,0.18498000502586365,0.1851000040769577,0.18488000333309174,0.1850000023841858,172480
2026-08-12T12:25,0.18498000502586365,0.18595999479293823,0.1849599927663803,0.1857600063085556,0
2026-08-12T12:30,0.1858299970626831,0.18584999442100525,0.1846799999475479,0.18564000725746155,2775360
2026-08-12T12:35,0.18559999763965607,0.18606999516487122,0.18493999540805817,0.1850000023841858,4223920
2026-08-12T12:40,0.18505999445915222,0.18505999445915222,0.1839500069618225,0.18425999581813812,2060320
2026-08-12T12:45,0.18423999845981598,0.18432000279426575,0.18316000699996948,0.18362000584602356,1096688
2026-08-12T12:50,0.183569997549057,0.18452000617980957,0.183569997549057,0.18433000147342682,1921872
2026-08-12T12:55,0.18435999751091003,0.1844799965620041,0.1843000054359436,0.18434999883174896,1387040
2026-08-12T13:00,0.1843400001525879,0.1844799965620041,0.1841599941253662,0.18432000279426575,27632
2026-08-12T13:05,0.18433000147342682,0.18443000316619873,0.18410000205039978,0.18437999486923218,266016
2026-08-12T13:10,0.1844400018453598,0.18445000052452087,0.1835400015115738,0.18367999792099,26336
2026-08-12T13:15,0.18371999263763428,0.1838800013065338,0.18352000415325165,0.183569997549057,0
2026-08-12T13:20,0.18363000452518463,0.18376000225543976,0.18359999358654022,0.18367999792099,13168
2026-08-12T13:25,0.18355999886989594,0.18355999886989594,0.18328000605106354,0.1834000051021576,68784
2026-08-12T13:30,0.18343999981880188,0.18371999263763428,0.18320000171661377,0.18324999511241913,0
2026-08-12T13:35,0.18316000699996948,0.1833299994468689,0.18271000683307648,0.18308000266551971,497344
2026-08-12T13:40,0.183119997382164,0.18355000019073486,0.1828099936246872,0.18343999981880188,456176
2026-08-12T13:45,0.1833599954843521,0.18367999792099,0.18328000605106354,0.18341000378131866,304192
2026-08-12T13:50,0.18347999453544617,0.18348999321460724,0.18322999775409698,0.18336999416351318,774336
2026-08-12T13:55,0.18331000208854675,0.18365000188350677,0.18320000171661377,0.1832199990749359,419600
2026-08-12T14:00,0.18303999304771423,0.18323999643325806,0.1828799992799759,0.18288999795913696,155168
2026-08-12T14:05,0.18262000381946564,0.18262000381946564,0.18262000381946564,0.18262000381946564,0
