date,open,high,low,close,volume
2026-08-01T00:00,6.380000114440918,6.389999866485596,6.380000114440918,6.389999866485596,0
2026-08-01T00:05,6.389999866485596,6.389999866485596,6.389999866485596,6.389999866485596,54272
2026-08-01T00:10,6.389999866485596,6.389999866485596,6.389999866485596,6.389999866485596,6944
2026-08-01T00:15,6.389999866485596,6.389999866485596,6.389999866485596,6.389999866485596,262864
2026-08-01T00:20,6.389999866485596,6.389999866485596,6.380000114440918,6.380000114440918,0
2026-08-01T00:25,6.380000114440918,6.380000114440918,6.380000114440918,6.380000114440918,0
2026-08-01T00:30,6.380000114440918,6.380000114440918,6.380000114440918,6.380000114440918,0
2026-08-01T00:35,6.380000114440918,6.380000114440918,6.380000114440918,6.380000114440918,0
2026-08-01T00:40,6.380000114440918,6.380000114440918,6.380000114440918,6.380000114440918,121296
2026-08-01T00:45,6.389999866485596,6.389999866485596,6.389999866485596,6.389999866485596,451440
2026-08-01T00:50,6.389999866485596,6.389999866485596,6.389999866485596,6.389999866485596,0
2026-08-01T00:55,6.389999866485596,6.389999866485596,6.369999885559082,6.369999885559082,0
2026-08-01T01:00,6.380000114440918,6.389999866485596,6.380000114440918,6.389999866485596,10704
2026-08-01T01:05,6.389999866485596,6.389999866485596,6.389999866485596,6.389999866485596,64080
2026-08-01T01:10,6.389999866485596,6.389999866485596,6.389999866485596,6.389999866485596,0
2026-08-01T01:15,6.389999866485596,6.400000095367432,6.389999866485596,6.389999866485596,0
2026-08-01T01:20,6.389999866485596,6.389999866485596,6.389999866485596,6.389999866485596,0
2026-08-01T01:25,6.389999866485596,6.389999866485596,6.389999866485596,6.389999866485596,0
2026-08-01T01:30,6.389999866485596,6.400000095367432,6.389999866485596,6.400000095367432,0
2026-08-01T01:35,6.400000095367432,6.409999847412109,6.400000095367432,6.409999847412109,0
2026-08-01T01:40,6.409999847412109,6.409999847412109,6.409999847412109,6.409999847412109,0
2026-08-01T01:45,6.409999847412109,6.409999847412109,6.400000095367432,6.409999847412109,0
2026-08-01T01:50,6.409999847412109,6.409999847412109,6.389999866485596,6.400000095367432,0
2026-08-01T01:55,6.400000095367432,6.409999847412109,6.400000095367432,6.409999847412109,0
2026-08-01T02:00,6.409999847412109,6.409999847412109,6.409999847412109,6.409999847412109,0
2026-08-01T02:05,6.409999847412109,6.409999847412109,6.409999847412109,6.409999847412109,0
2026-08-01T02:10,6.409999847412109,6.409999847412109,6.400000095367432,6.409999847412109,0
2026-08-01T02:15,6.409999847412109,6.409999847412109,6.409999847412109,6.409999847412109,21728
2026-08-01T02:20,6.409999847412109,6.420000076293945,6.409999847412109,6.409999847412109,0
2026-08-01T02:25,6.409999847412109,6.409999847412109,6.400000095367432,6.409999847412109,0
2026-08-01T02:30,6.409999847412109,6.409999847412109,6.400000095367432,6.400000095367432,185856
2026-08-01T02:35,6.400000095367432,6.400000095367432,6.400000095367432,6.400000095367432,0
2026-08-01T02:40,6.400000095367432,6.400000095367432,6.400000095367432,6.400000095367432,0
2026-08-01T02:45,6.400000095367432,6.409999847412109,6.400000095367432,6.409999847412109,0
2026-08-01T02:50,6.409999847412109,6.409999847412109,6.409999847412109,6.409999847412109,19984
2026-08-01T02:55,6.409999847412109,6.409999847412109,6.409999847412109,6.409999847412109,2176
2026-08-01T03:00,6.409999847412109,6.409999847412109,6.409999847412109,6.409999847412109,0
2026-08-01T03:05,6.409999847412109,6.409999847412109,6.400000095367432,6.400000095367432,227264
2026-08-01T03:10,6.400000095367432,6.400000095367432,6.400000095367432,6.400000095367432,105296
2026-08-01T03:15,6.400000095367432,6.400000095367432,6.400000095367432,6.400000095367432,102912
2026-08-01T03:20,6.400000095367432,6.400000095367432,6.400000095367432,6.400000095367432,0
2026-08-01T03:25,6.400000095367432,6.400000095367432,6.400000095367432,6.400000095367432,0
2026-08-01T03:30,6.400000095367432,6.400000095367432,6.389999866485596,6.389999866485596,69888
2026-08-01T03:35,6.389999866485596,6.400000095367432,6.389999866485596,6.400000095367432,0
2026-08-01T03:40,6.400000095367432,6.400000095367432,6.400000095367432,6.400000095367432,0
2026-08-01T03:45,6.400000095367432,6.400000095367432,6.400000095367432,6.400000095367432,0
2026-08-01T03:50,6.400000095367432,6.400000095367432,6.400000095367432,6.400000095367432,0
2026-08-01T03:55,6.400000095367432,6.400000095367432,6.400000095367432,6.400000095367432,0
2026-08-01T04:00,6.400000095367432,6.420000076293945,6.400000095367432,6.420000076293945,0
2026-08-01T04:05,6.420000076293945,6.420000076293945,6.420000076293945,6.420000076293945,0
2026-08-01T04:10,6.420000076293945,6.420000076293945,6.409999847412109,6.409999847412109,53888
2026-08-01T04:15,6.409999847412109,6.409999847412109,6.409999847412109,6.409999847412109,265120
2026-08-01T04:20,6.409999847412109,6.409999847412109,6.400000095367432,6.409999847412109,0
2026-08-01T04:25,6.409999847412109,6.429999828338623,6.409999847412109,6.420000076293945,0
2026-08-01T04:30,6.420000076293945,6.420000076293945,6.420000076293945,6.420000076293945,34976
2026-08-01T04:35,6.420000076293945,6.420000076293945,6.420000076293945,6.420000076293945,0
2026-08-01T04:40,6.420000076293945,6.420000076293945,6.420000076293945,6.420000076293945,0
2026-08-01T04:45,6.420000076293945,6.429999828338623,6.420000076293945,6.429999828338623,0
2026-08-01T04:50,6.429999828338623,6.440000057220459,6.429999828338623,6.440000057220459,0
2026-08-01T04:55,6.440000057220459,6.440000057220459,6.440000057220459,6.440000057220459,35040
2026-08-01T05:00,6.440000057220459,6.440000057220459,6.429999828338623,6.429999828338623,0
2026-08-01T05:05,6.429999828338623,6.429999828338623,6.429999828338623,6.429999828338623,0
2026-08-01T05:10,6.429999828338623,6.440000057220459,6.429999828338623,6.440000057220459,170720
2026-08-01T05:15,6.440000057220459,6.440000057220459,6.429999828338623,6.429999828338623,155328
2026-08-01T05:20,6.429999828338623,6.440000057220459,6.429999828338623,6.440000057220459,0
2026-08-01T05:25,6.440000057220459,6.440000057220459,6.429999828338623,6.440000057220459,591136
2026-08-01T05:30,6.440000057220459,6.440000057220459,6.440000057220459,6.440000057220459,0
2026-08-01T05:35,6.440000057220459,6.440000057220459,6.420000076293945,6.420000076293945,30720
2026-08-01T05:40,6.420000076293945,6.420000076293945,6.400000095367432,6.400000095367432,11648
2026-08-01T05:45,6.400000095367432,6.409999847412109,6.389999866485596,6.389999866485596,260272
2026-08-01T05:50,6.389999866485596,6.400000095367432,6.389999866485596,6.400000095367432,0
2026-08-01T05:55,6.400000095367432,6.400000095367432,6.400000095367432,6.400000095367432,0
2026-08-01T06:00,6.400000095367432,6.400000095367432,6.400000095367432,6.400000095367432,0
2026-08-01T06:05,6.400000095367432,6.400000095367432,6.389999866485596,6.389999866485596,0
2026-08-01T06:10,6.389999866485596,6.389999866485596,6.389999866485596,6.389999866485596,0
2026-08-01T06:15,6.389999866485596,6.389999866485596,6.389999866485596,6.389999866485596,0
2026-08-01T06:20,6.389999866485596,6.400000095367432,6.389999866485596,6.400000095367432,115008
2026-08-01T06:25,6.400000095367432,6.400000095367432,6.400000095367432,6.400000095367432,250096
2026-08-01T06:30,6.400000095367432,6.400000095367432,6.389999866485596,6.389999866485596,241632
2026-08-01T06:35,6.389999866485596,6.389999866485596,6.389999866485596,6.389999866485596,0
2026-08-01T06:40,6.389999866485596,6.409999847412109,6.389999866485596,6.400000095367432,0
2026-08-01T06:45,6.400000095367432,6.400000095367432,6.400000095367432,6.400000095367432,0
2026-08-01T06:50,6.400000095367432,6.420000076293945,6.400000095367432,6.409999847412109,0
2026-08-01T06:55,6.409999847412109,6.409999847412109,6.400000095367432,6.400000095367432,0
2026-08-01T07:00,6.400000095367432,6.409999847412109,6.400000095367432,6.409999847412109,27968
2026-08-01T07:05,6.409999847412109,6.409999847412109,6.409999847412109,6.409999847412109,0
2026-08-01T07:10,6.409999847412109,6.409999847412109,6.409999847412109,6.409999847412109,0
2026-08-01T07:15,6.409999847412109,6.409999847412109,6.400000095367432,6.400000095367432,0
2026-08-01T07:20,6.400000095367432,6.400000095367432,6.400000095367432,6.400000095367432,0
2026-08-01T07:25,6.400000095367432,6.400000095367432,6.400000095367432,6.400000095367432,273744
2026-08-01T07:30,6.400000095367432,6.400000095367432,6.380000114440918,6.389999866485596,121376
2026-08-01T07:35,6.389999866485596,6.389999866485596,6.369999885559082,6.369999885559082,0
2026-08-01T07:40,6.369999885559082,6.380000114440918,6.369999885559082,6.369999885559082,0
2026-08-01T07:45,6.369999885559082,6.369999885559082,6.369999885559082,6.369999885559082,0
2026-08-01T07:50,6.369999885559082,6.369999885559082,6.369999885559082,6.369999885559082,0
2026-08-01T07:55,6.369999885559082,6.369999885559082,6.369999885559082,6.369999885559082,0
2026-08-01T08:00,6.369999885559082,6.369999885559082,6.349999904632568,6.349999904632568,0
2026-08-01T08:05,6.349999904632568,6.360000133514404,6.349999904632568,6.360000133514404,410992
2026-08-01T08:10,6.360000133514404,6.360000133514404,6.349999904632568,6.349999904632568,0
2026-08-01T08:15,6.349999904632568,6.369999885559082,6.349999904632568,6.369999885559082,0
2026-08-01T08:20,6.369999885559082,6.369999885559082,6.360000133514404,6.369999885559082,0
2026-08-01T08:25,6.369999885559082,6.380000114440918,6.369999885559082,6.380000114440918,158688
2026-08-01T08:30,6.380000114440918,6.380000114440918,6.360000133514404,6.369999885559082,0
2026-08-01T08:35,6.369999885559082,6.369999885559082,6.360000133514404,6.369999885559082,0
2026-08-01T08:40,6.369999885559082,6.369999885559082,6.360000133514404,6.369999885559082,0
2026-08-01T08:45,6.369999885559082,6.380000114440918,6.360000133514404,6.360000133514404,160736
2026-08-01T08:50,6.360000133514404,6.369999885559082,6.360000133514404,6.360000133514404,0
2026-08-01T08:55,6.360000133514404,6.369999885559082,6.360000133514404,6.369999885559082,0
2026-08-01T09:00,6.369999885559082,6.369999885559082,6.360000133514404,6.360000133514404,0
2026-08-01T09:05,6.360000133514404,6.360000133514404,6.349999904632568,6.349999904632568,400640
2026-08-01T09:10,6.349999904632568,6.360000133514404,6.349999904632568,6.360000133514404,177088
2026-08-01T09:15,6.360000133514404,6.360000133514404,6.349999904632568,6.349999904632568,297776
2026-08-01T09:20,6.360000133514404,6.360000133514404,6.349999904632568,6.360000133514404,0
2026-08-01T09:25,6.360000133514404,6.360000133514404,6.349999904632568,6.349999904632568,198400
2026-08-01T09:30,6.349999904632568,6.360000133514404,6.349999904632568,6.360000133514404,0
2026-08-01T09:35,6.360000133514404,6.360000133514404,6.360000133514404,6.360000133514404,0
2026-08-01T09:40,6.360000133514404,6.360000133514404,6.360000133514404,6.360000133514404,0
2026-08-01T09:45,6.360000133514404,6.360000133514404,6.360000133514404,6.360000133514404,317616
2026-08-01T09:50,6.360000133514404,6.360000133514404,6.340000152587891,6.340000152587891,34512
2026-08-01T09:55,6.340000152587891,6.340000152587891,6.340000152587891,6.340000152587891,0
2026-08-01T10:00,6.340000152587891,6.340000152587891,6.320000171661377,6.320000171661377,0
2026-08-01T10:05,6.320000171661377,6.329999923706055,6.320000171661377,6.329999923706055,335312
2026-08-01T10:10,6.329999923706055,6.329999923706055,6.329999923706055,6.329999923706055,22032
2026-08-01T10:15,6.329999923706055,6.340000152587891,6.329999923706055,6.340000152587891,303296
2026-08-01T10:20,6.340000152587891,6.340000152587891,6.340000152587891,6.340000152587891,62272
2026-08-01T10:25,6.329999923706055,6.329999923706055,6.329999923706055,6.329999923706055,0
2026-08-01T10:30,6.329999923706055,6.329999923706055,6.320000171661377,6.329999923706055,197856
2026-08-01T10:35,6.329999923706055,6.329999923706055,6.329999923706055,6.329999923706055,78048
2026-08-01T10:40,6.329999923706055,6.329999923706055,6.329999923706055,6.329999923706055,0
2026-08-01T10:45,6.329999923706055,6.340000152587891,6.329999923706055,6.340000152587891,0
2026-08-01T10:50,6.340000152587891,6.340000152587891,6.340000152587891,6.340000152587891,0
2026-08-01T10:55,6.340000152587891,6.340000152587891,6.340000152587891,6.340000152587891,328512
2026-08-01T11:00,6.340000152587891,6.340000152587891,6.340000152587891,6.340000152587891,222384
2026-08-01T11:05,6.340000152587891,6.340000152587891,6.340000152587891,6.340000152587891,0
2026-08-01T11:10,6.340000152587891,6.340000152587891,6.329999923706055,6.329999923706055,0
2026-08-01T11:15,6.329999923706055,6.340000152587891,6.329999923706055,6.340000152587891,176768
2026-08-01T11:20,6.340000152587891,6.340000152587891,6.329999923706055,6.329999923706055,0
2026-08-01T11:25,6.329999923706055,6.340000152587891,6.329999923706055,6.340000152587891,0
2026-08-01T11:30,6.340000152587891,6.340000152587891,6.340000152587891,6.340000152587891,0
2026-08-01T11:35,6.340000152587891,6.340000152587891,6.340000152587891,6.340000152587891,226400
2026-08-01T11:40,6.340000152587891,6.340000152587891,6.329999923706055,6.329999923706055,0
2026-08-01T11:45,6.329999923706055,6.329999923706055,6.329999923706055,6.329999923706055,853840
2026-08-01T11:50,6.329999923706055,6.329999923706055,6.329999923706055,6.329999923706055,0
2026-08-01T11:55,6.329999923706055,6.329999923706055,6.329999923706055,6.329999923706055,0
2026-08-01T12:00,6.329999923706055,6.329999923706055,6.320000171661377,6.329999923706055,0
2026-08-01T12:05,6.340000152587891,6.340000152587891,6.340000152587891,6.340000152587891,0
2026-08-01T12:10,6.340000152587891,6.340000152587891,6.340000152587891,6.340000152587891,0
2026-08-01T12:15,6.340000152587891,6.340000152587891,6.340000152587891,6.340000152587891,0
2026-08-01T12:20,6.340000152587891,6.349999904632568,6.340000152587891,6.349999904632568,0
2026-08-01T12:25,6.349999904632568,6.349999904632568,6.349999904632568,6.349999904632568,0
2026-08-01T12:30,6.349999904632568,6.349999904632568,6.349999904632568,6.349999904632568,0
2026-08-01T12:35,6.349999904632568,6.349999904632568,6.340000152587891,6.340000152587891,0
2026-08-01T12:40,6.340000152587891,6.340000152587891,6.340000152587891,6.340000152587891,0
2026-08-01T12:45,6.340000152587891,6.340000152587891,6.340000152587891,6.340000152587891,50224
2026-08-01T12:50,6.340000152587891,6.340000152587891,6.340000152587891,6.340000152587891,0
2026-08-01T12:55,6.340000152587891,6.349999904632568,6.340000152587891,6.349999904632568,0
2026-08-01T13:00,6.349999904632568,6.349999904632568,6.340000152587891,6.340000152587891,0
2026-08-01T13:05,6.340000152587891,6.360000133514404,6.340000152587891,6.360000133514404,0
2026-08-01T13:10,6.360000133514404,6.360000133514404,6.349999904632568,6.360000133514404,0
2026-08-01T13:15,6.349999904632568,6.349999904632568,6.349999904632568,6.349999904632568,0
2026-08-01T13:20,6.340000152587891,6.349999904632568,6.340000152587891,6.349999904632568,0
2026-08-01T13:25,6.349999904632568,6.349999904632568,6.349999904632568,6.349999904632568,0
2026-08-01T13:30,6.349999904632568,6.349999904632568,6.340000152587891,6.340000152587891,0
2026-08-01T13:35,6.340000152587891,6.349999904632568,6.340000152587891,6.349999904632568,0
2026-08-01T13:40,6.349999904632568,6.349999904632568,6.349999904632568,6.349999904632568,0
2026-08-01T13:45,6.349999904632568,6.349999904632568,6.349999904632568,6.349999904632568,0
2026-08-01T13:50,6.349999904632568,6.349999904632568,6.349999904632568,6.349999904632568,0
2026-08-01T13:55,6.349999904632568,6.349999904632568,6.349999904632568,6.349999904632568,0
2026-08-01T14:00,6.349999904632568,6.360000133514404,6.349999904632568,6.349999904632568,0
2026-08-01T14:05,6.349999904632568,6.360000133514404,6.349999904632568,6.349999904632568,0
2026-08-01T14:10,6.349999904632568,6.349999904632568,6.349999904632568,6.349999904632568,0
2026-08-01T14:15,6.349999904632568,6.360000133514404,6.349999904632568,6.360000133514404,0
2026-08-01T14:20,6.360000133514404,6.360000133514404,6.360000133514404,6.360000133514404,0
2026-08-01T14:25,6.360000133514404,6.360000133514404,6.360000133514404,6.360000133514404,0
2026-08-01T14:30,6.360000133514404,6.360000133514404,6.360000133514404,6.360000133514404,0
2026-08-01T14:35,6.349999904632568,6.349999904632568,6.349999904632568,6.349999904632568,0
2026-08-01T14:40,6.349999904632568,6.360000133514404,6.349999904632568,6.360000133514404,0
2026-08-01T14:45,6.360000133514404,6.360000133514404,6.360000133514404,6.360000133514404,0
2026-08-01T14:50,6.360000133514404,6.369999885559082,6.360000133514404,6.360000133514404,0
2026-08-01T14:55,6.360000133514404,6.360000133514404,6.360000133514404,6.360000133514404,0
2026-08-01T15:00,6.360000133514404,6.360000133514404,6.360000133514404,6.360000133514404,0
2026-08-01T15:05,6.360000133514404,6.369999885559082,6.360000133514404,6.369999885559082,0
2026-08-01T15:10,6.369999885559082,6.369999885559082,6.360000133514404,6.369999885559082,0
2026-08-01T15:15,6.369999885559082,6.369999885559082,6.360000133514404,6.360000133514404,0
2026-08-01T15:20,6.360000133514404,6.360000133514404,6.360000133514404,6.360000133514404,0
2026-08-01T15:25,6.360000133514404,6.360000133514404,6.360000133514404,6.360000133514404,30352
2026-08-01T15:30,6.360000133514404,6.360000133514404,6.360000133514404,6.360000133514404,0
2026-08-01T15:35,6.360000133514404,6.369999885559082,6.360000133514404,6.369999885559082,214736
2026-08-01T15:40,6.369999885559082,6.369999885559082,6.369999885559082,6.369999885559082,0
2026-08-01T15:45,6.369999885559082,6.369999885559082,6.369999885559082,6.369999885559082,0
2026-08-01T15:50,6.369999885559082,6.369999885559082,6.369999885559082,6.369999885559082,0
2026-08-01T15:55,6.369999885559082,6.369999885559082,6.369999885559082,6.369999885559082,165328
2026-08-01T16:00,6.369999885559082,6.380000114440918,6.369999885559082,6.380000114440918,0
2026-08-01T16:05,6.369999885559082,6.369999885559082,6.369999885559082,6.369999885559082,0
2026-08-01T16:10,6.369999885559082,6.380000114440918,6.369999885559082,6.380000114440918,109312
2026-08-01T16:15,6.380000114440918,6.380000114440918,6.380000114440918,6.380000114440918,0
2026-08-01T16:20,6.380000114440918,6.380000114440918,6.369999885559082,6.369999885559082,0
2026-08-01T16:25,6.369999885559082,6.369999885559082,6.360000133514404,6.360000133514404,413152
2026-08-01T16:30,6.360000133514404,6.369999885559082,6.360000133514404,6.369999885559082,0
2026-08-01T16:35,6.369999885559082,6.369999885559082,6.369999885559082,6.369999885559082,0
2026-08-01T16:40,6.369999885559082,6.369999885559082,6.360000133514404,6.360000133514404,0
2026-08-01T16:45,6.360000133514404,6.360000133514404,6.360000133514404,6.360000133514404,0
2026-08-01T16:50,6.360000133514404,6.360000133514404,6.349999904632568,6.349999904632568,0
2026-08-01T16:55,6.349999904632568,6.349999904632568,6.349999904632568,6.349999904632568,0
2026-08-01T17:00,6.349999904632568,6.360000133514404,6.349999904632568,6.360000133514404,0
2026-08-01T17:05,6.360000133514404,6.360000133514404,6.349999904632568,6.360000133514404,0
2026-08-01T17:10,6.349999904632568,6.349999904632568,6.340000152587891,6.340000152587891,0
2026-08-01T17:15,6.340000152587891,6.340000152587891,6.340000152587891,6.340000152587891,117264
2026-08-01T17:20,6.340000152587891,6.340000152587891,6.340000152587891,6.340000152587891,48704
2026-08-01T17:25,6.340000152587891,6.340000152587891,6.329999923706055,6.329999923706055,106816
2026-08-01T17:30,6.329999923706055,6.340000152587891,6.300000190734863,6.300000190734863,16128
2026-08-01T17:35,6.309999942779541,6.309999942779541,6.309999942779541,6.309999942779541,1078192
2026-08-01T17:40,6.309999942779541,6.320000171661377,6.309999942779541,6.309999942779541,0
2026-08-01T17:45,6.309999942779541,6.320000171661377,6.300000190734863,6.309999942779541,109808
2026-08-01T17:50,6.309999942779541,6.309999942779541,6.289999961853027,6.300000190734863,510784
2026-08-01T17:55,6.300000190734863,6.300000190734863,6.289999961853027,6.300000190734863,188272
2026-08-01T18:00,6.289999961853027,6.289999961853027,6.289999961853027,6.289999961853027,0
2026-08-01T18:05,6.289999961853027,6.289999961853027,6.289999961853027,6.289999961853027,0
2026-08-01T18:10,6.289999961853027,6.289999961853027,6.289999961853027,6.289999961853027,0
2026-08-01T18:15,6.289999961853027,6.289999961853027,6.269999980926514,6.28000020980835,272256
2026-08-01T18:20,6.28000020980835,6.28000020980835,6.25,6.25,617216
2026-08-01T18:25,6.269999980926514,6.28000020980835,6.269999980926514,6.269999980926514,136288
2026-08-01T18:30,6.269999980926514,6.269999980926514,6.210000038146973,6.230000019073486,419824
2026-08-01T18:35,6.230000019073486,6.25,6.230000019073486,6.239999771118164,2246912
2026-08-01T18:40,6.239999771118164,6.239999771118164,6.179999828338623,6.179999828338623,1127488
2026-08-01T18:45,6.170000076293945,6.170000076293945,6.059999942779541,6.059999942779541,3904720
2026-08-01T18:50,6.050000190734863,6.090000152587891,6.039999961853027,6.079999923706055,6680784
2026-08-01T18:55,6.090000152587891,6.099999904632568,6.070000171661377,6.099999904632568,1886400
2026-08-01T19:00,6.090000152587891,6.139999866485596,6.090000152587891,6.130000114440918,2958352
2026-08-01T19:05,6.139999866485596,6.150000095367432,6.139999866485596,6.150000095367432,1124640
2026-08-01T19:10,6.150000095367432,6.150000095367432,6.139999866485596,6.139999866485596,1087936
2026-08-01T19:15,6.130000114440918,6.130000114440918,6.119999885559082,6.130000114440918,463392
2026-08-01T19:20,6.130000114440918,6.130000114440918,6.110000133514404,6.110000133514404,619968
2026-08-01T19:25,6.110000133514404,6.130000114440918,6.110000133514404,6.119999885559082,278816
2026-08-01T19:30,6.119999885559082,6.130000114440918,6.119999885559082,6.130000114440918,488928
2026-08-01T19:35,6.130000114440918,6.139999866485596,6.130000114440918,6.139999866485596,138704
2026-08-01T19:40,6.139999866485596,6.139999866485596,6.130000114440918,6.130000114440918,335216
2026-08-01T19:45,6.130000114440918,6.139999866485596,6.130000114440918,6.130000114440918,157216
2026-08-01T19:50,6.130000114440918,6.139999866485596,6.130000114440918,6.130000114440918,442288
2026-08-01T19:55,6.130000114440918,6.130000114440918,6.130000114440918,6.130000114440918,71680
2026-08-01T20:00,6.130000114440918,6.130000114440918,6.110000133514404,6.119999885559082,296240
2026-08-01T20:05,6.119999885559082,6.119999885559082,6.119999885559082,6.119999885559082,246912
2026-08-01T20:10,6.119999885559082,6.130000114440918,6.119999885559082,6.130000114440918,303376
2026-08-01T20:15,6.130000114440918,6.139999866485596,6.130000114440918,6.139999866485596,139904
2026-08-01T20:20,6.139999866485596,6.150000095367432,6.139999866485596,6.139999866485596,374144
2026-08-01T20:25,6.139999866485596,6.139999866485596,6.119999885559082,6.130000114440918,101680
2026-08-01T20:30,6.130000114440918,6.130000114440918,6.119999885559082,6.130000114440918,605136
2026-08-01T20:35,6.130000114440918,6.139999866485596,6.119999885559082,6.119999885559082,381088
2026-08-01T20:40,6.119999885559082,6.139999866485596,6.119999885559082,6.130000114440918,117280
2026-08-01T20:45,6.130000114440918,6.139999866485596,6.130000114440918,6.139999866485596,576416
2026-08-01T20:50,6.139999866485596,6.139999866485596,6.139999866485596,6.139999866485596,216896
2026-08-01T20:55,6.139999866485596,6.139999866485596,6.139999866485596,6.139999866485596,0
2026-08-01T21:00,6.139999866485596,6.170000076293945,6.139999866485596,6.170000076293945,666896
2026-08-01T21:05,6.170000076293945,6.170000076293945,6.159999847412109,6.159999847412109,798928
2026-08-01T21:10,6.159999847412109,6.170000076293945,6.159999847412109,6.170000076293945,345008
2026-08-01T21:15,6.170000076293945,6.179999828338623,6.170000076293945,6.179999828338623,515008
2026-08-01T21:20,6.179999828338623,6.179999828338623,6.170000076293945,6.179999828338623,149152
2026-08-01T21:25,6.179999828338623,6.179999828338623,6.170000076293945,6.170000076293945,338736
2026-08-01T21:30,6.170000076293945,6.179999828338623,6.170000076293945,6.179999828338623,0
2026-08-01T21:35,6.170000076293945,6.170000076293945,6.170000076293945,6.170000076293945,172864
2026-08-01T21:40,6.170000076293945,6.179999828338623,6.170000076293945,6.179999828338623,624992
2026-08-01T21:45,6.179999828338623,6.190000057220459,6.179999828338623,6.179999828338623,433104
2026-08-01T21:50,6.179999828338623,6.179999828338623,6.179999828338623,6.179999828338623,263904
2026-08-01T21:55,6.179999828338623,6.179999828338623,6.170000076293945,6.179999828338623,46160
2026-08-01T22:00,6.179999828338623,6.190000057220459,6.170000076293945,6.179999828338623,0
2026-08-01T22:05,6.179999828338623,6.190000057220459,6.179999828338623,6.190000057220459,0
2026-08-01T22:10,6.190000057220459,6.190000057220459,6.179999828338623,6.179999828338623,0
2026-08-01T22:15,6.179999828338623,6.190000057220459,6.179999828338623,6.190000057220459,0
2026-08-01T22:20,6.190000057220459,6.190000057220459,6.190000057220459,6.190000057220459,49664
2026-08-01T22:25,6.190000057220459,6.199999809265137,6.179999828338623,6.199999809265137,411824
2026-08-01T22:30,6.199999809265137,6.21999979019165,6.199999809265137,6.199999809265137,771568
2026-08-01T22:35,6.199999809265137,6.199999809265137,6.190000057220459,6.199999809265137,0
2026-08-01T22:40,6.199999809265137,6.199999809265137,6.190000057220459,6.190000057220459,0
2026-08-01T22:45,6.199999809265137,6.199999809265137,6.190000057220459,6.190000057220459,381984
2026-08-01T22:50,6.190000057220459,6.190000057220459,6.190000057220459,6.190000057220459,0
2026-08-01T22:55,6.190000057220459,6.190000057220459,6.179999828338623,6.179999828338623,68672
2026-08-01T23:00,6.179999828338623,6.190000057220459,6.179999828338623,6.190000057220459,0
2026-08-01T23:05,6.190000057220459,6.190000057220459,6.190000057220459,6.190000057220459,111104
2026-08-01T23:10,6.190000057220459,6.190000057220459,6.190000057220459,6.190000057220459,150528
2026-08-01T23:15,6.190000057220459,6.190000057220459,6.179999828338623,6.190000057220459,17456
2026-08-01T23:20,6.190000057220459,6.190000057220459,6.179999828338623,6.179999828338623,63008
2026-08-01T23:25,6.190000057220459,6.190000057220459,6.179999828338623,6.179999828338623,65488
2026-08-01T23:30,6.179999828338623,6.190000057220459,6.179999828338623,6.179999828338623,220656
2026-08-01T23:35,6.179999828338623,6.190000057220459,6.179999828338623,6.190000057220459,592
2026-08-01T23:40,6.190000057220459,6.190000057220459,6.179999828338623,6.179999828338623,0
2026-08-01T23:45,6.179999828338623,6.190000057220459,6.179999828338623,6.190000057220459,231504
2026-08-01T23:50,6.190000057220459,6.190000057220459,6.179999828338623,6.179999828338623,0
2026-08-01T23:55,6.179999828338623,6.179999828338623,6.179999828338623,6.179999828338623,16464
2026-08-02T00:00,6.179999828338623,6.190000057220459,6.179999828338623,6.190000057220459,0
2026-08-02T00:05,6.190000057220459,6.190000057220459,6.190000057220459,6.190000057220459,0
2026-08-02T00:10,6.190000057220459,6.190000057220459,6.179999828338623,6.179999828338623,279264
2026-08-02T00:15,6.179999828338623,6.199999809265137,6.179999828338623,6.190000057220459,928
2026-08-02T00:20,6.190000057220459,6.199999809265137,6.190000057220459,6.199999809265137,95056
2026-08-02T00:25,6.199999809265137,6.199999809265137,6.190000057220459,6.190000057220459,72320
2026-08-02T00:30,6.190000057220459,6.190000057220459,6.190000057220459,6.190000057220459,124288
2026-08-02T00:35,6.190000057220459,6.190000057220459,6.190000057220459,6.190000057220459,0
2026-08-02T00:40,6.190000057220459,6.190000057220459,6.190000057220459,6.190000057220459,11408
2026-08-02T00:45,6.190000057220459,6.199999809265137,6.190000057220459,6.199999809265137,0
2026-08-02T00:50,6.199999809265137,6.199999809265137,6.199999809265137,6.199999809265137,291072
2026-08-02T00:55,6.199999809265137,6.199999809265137,6.190000057220459,6.190000057220459,0
2026-08-02T01:00,6.190000057220459,6.199999809265137,6.190000057220459,6.199999809265137,0
2026-08-02T01:05,6.210000038146973,6.210000038146973,6.199999809265137,6.210000038146973,0
2026-08-02T01:10,6.210000038146973,6.210000038146973,6.210000038146973,6.210000038146973,335104
2026-08-02T01:15,6.21999979019165,6.21999979019165,6.210000038146973,6.210000038146973,529344
2026-08-02T01:20,6.21999979019165,6.21999979019165,6.21999979019165,6.21999979019165,0
2026-08-02T01:25,6.21999979019165,6.230000019073486,6.21999979019165,6.21999979019165,331760
2026-08-02T01:30,6.21999979019165,6.230000019073486,6.21999979019165,6.21999979019165,676448
2026-08-02T01:35,6.21999979019165,6.230000019073486,6.21999979019165,6.21999979019165,24448
2026-08-02T01:40,6.21999979019165,6.230000019073486,6.21999979019165,6.230000019073486,0
2026-08-02T01:45,6.230000019073486,6.230000019073486,6.21999979019165,6.21999979019165,0
2026-08-02T01:50,6.21999979019165,6.21999979019165,6.21999979019165,6.21999979019165,0
2026-08-02T01:55,6.21999979019165,6.21999979019165,6.21999979019165,6.21999979019165,238816
2026-08-02T02:00,6.21999979019165,6.21999979019165,6.210000038146973,6.210000038146973,382256
2026-08-02T02:05,6.210000038146973,6.289999961853027,6.210000038146973,6.269999980926514,34800
2026-08-02T02:10,6.28000020980835,6.28000020980835,6.28000020980835,6.28000020980835,1988656
2026-08-02T02:15,6.289999961853027,6.329999923706055,6.289999961853027,6.329999923706055,562416
2026-08-02T02:20,6.340000152587891,6.340000152587891,6.320000171661377,6.329999923706055,680976
2026-08-02T02:25,6.329999923706055,6.329999923706055,6.320000171661377,6.320000171661377,1406560
2026-08-02T02:30,6.320000171661377,6.320000171661377,6.320000171661377,6.320000171661377,401440
2026-08-02T02:35,6.320000171661377,6.320000171661377,6.309999942779541,6.309999942779541,431216
2026-08-02T02:40,6.309999942779541,6.309999942779541,6.309999942779541,6.309999942779541,71888
2026-08-02T02:45,6.309999942779541,6.329999923706055,6.309999942779541,6.329999923706055,0
2026-08-02T02:50,6.329999923706055,6.329999923706055,6.320000171661377,6.320000171661377,0
2026-08-02T02:55,6.320000171661377,6.320000171661377,6.320000171661377,6.320000171661377,0
2026-08-02T03:00,6.320000171661377,6.329999923706055,6.320000171661377,6.320000171661377,193888
2026-08-02T03:05,6.320000171661377,6.329999923706055,6.320000171661377,6.320000171661377,0
2026-08-02T03:10,6.320000171661377,6.329999923706055,6.320000171661377,6.329999923706055,0
2026-08-02T03:15,6.329999923706055,6.329999923706055,6.329999923706055,6.329999923706055,918032
2026-08-02T03:20,6.329999923706055,6.329999923706055,6.329999923706055,6.329999923706055,732224
2026-08-02T03:25,6.329999923706055,6.329999923706055,6.320000171661377,6.320000171661377,113872
2026-08-02T03:30,6.320000171661377,6.320000171661377,6.320000171661377,6.320000171661377,0
2026-08-02T03:35,6.320000171661377,6.329999923706055,6.320000171661377,6.329999923706055,287552
2026-08-02T03:40,6.329999923706055,6.329999923706055,6.329999923706055,6.329999923706055,0
2026-08-02T03:45,6.329999923706055,6.329999923706055,6.329999923706055,6.329999923706055,39968
2026-08-02T03:50,6.329999923706055,6.329999923706055,6.320000171661377,6.320000171661377,99120
2026-08-02T03:55,6.320000171661377,6.320000171661377,6.309999942779541,6.309999942779541,276608
2026-08-02T04:00,6.309999942779541,6.349999904632568,6.309999942779541,6.329999923706055,734672
2026-08-02T04:05,6.329999923706055,6.329999923706055,6.320000171661377,6.320000171661377,0
2026-08-02T04:10,6.320000171661377,6.320000171661377,6.320000171661377,6.320000171661377,608416
2026-08-02T04:15,6.320000171661377,6.329999923706055,6.320000171661377,6.329999923706055,0
2026-08-02T04:20,6.329999923706055,6.340000152587891,6.329999923706055,6.340000152587891,54208
2026-08-02T04:25,6.340000152587891,6.340000152587891,6.340000152587891,6.340000152587891,28960
2026-08-02T04:30,6.340000152587891,6.340000152587891,6.329999923706055,6.340000152587891,0
2026-08-02T04:35,6.340000152587891,6.340000152587891,6.329999923706055,6.329999923706055,75888
2026-08-02T04:40,6.340000152587891,6.340000152587891,6.329999923706055,6.329999923706055,43504
2026-08-02T04:45,6.329999923706055,6.340000152587891,6.329999923706055,6.340000152587891,0
2026-08-02T04:50,6.340000152587891,6.53000020980835,6.340000152587891,6.519999980926514,227408
2026-08-02T04:55,6.519999980926514,6.519999980926514,6.46999979019165,6.480000019073486,6880352
2026-08-02T05:00,6.489999771118164,6.510000228881836,6.489999771118164,6.510000228881836,5800704
2026-08-02T05:05,6.510000228881836,6.519999980926514,6.489999771118164,6.489999771118164,2104240
2026-08-02T05:10,6.489999771118164,6.519999980926514,6.489999771118164,6.519999980926514,2604240
2026-08-02T05:15,6.519999980926514,6.53000020980835,6.510000228881836,6.519999980926514,718240
2026-08-02T05:20,6.519999980926514,6.670000076293945,6.519999980926514,6.670000076293945,4048544
2026-08-02T05:25,6.670000076293945,6.670000076293945,6.590000152587891,6.610000133514404,3547040
2026-08-02T05:30,6.610000133514404,6.630000114440918,6.610000133514404,6.630000114440918,4606272
2026-08-02T05:35,6.630000114440918,6.639999866485596,6.570000171661377,6.590000152587891,1658080
2026-08-02T05:40,6.579999923706055,6.610000133514404,6.570000171661377,6.610000133514404,2982736
2026-08-02T05:45,6.599999904632568,6.619999885559082,6.599999904632568,6.619999885559082,1460752
2026-08-02T05:50,6.619999885559082,6.630000114440918,6.579999923706055,6.599999904632568,2645392
2026-08-02T05:55,6.599999904632568,6.610000133514404,6.559999942779541,6.559999942779541,1217216
2026-08-02T06:00,6.570000171661377,6.619999885559082,6.570000171661377,6.610000133514404,2825280
2026-08-02T06:05,6.610000133514404,6.610000133514404,6.579999923706055,6.579999923706055,1522032
2026-08-02T06:10,6.579999923706055,6.590000152587891,6.579999923706055,6.590000152587891,1604016
2026-08-02T06:15,6.590000152587891,6.590000152587891,6.579999923706055,6.590000152587891,1079280
2026-08-02T06:20,6.590000152587891,6.590000152587891,6.570000171661377,6.579999923706055,730736
2026-08-02T06:25,6.579999923706055,6.579999923706055,6.579999923706055,6.579999923706055,701424
2026-08-02T06:30,6.579999923706055,6.599999904632568,6.579999923706055,6.579999923706055,1356208
2026-08-02T06:35,6.590000152587891,6.590000152587891,6.570000171661377,6.570000171661377,1134848
2026-08-02T06:40,6.570000171661377,6.599999904632568,6.570000171661377,6.590000152587891,1013584
2026-08-02T06:45,6.590000152587891,6.599999904632568,6.590000152587891,6.599999904632568,842496
2026-08-02T06:50,6.599999904632568,6.599999904632568,6.590000152587891,6.590000152587891,657408
2026-08-02T06:55,6.590000152587891,6.599999904632568,6.590000152587891,6.599999904632568,620864
2026-08-02T07:00,6.599999904632568,6.599999904632568,6.590000152587891,6.590000152587891,1424448
2026-08-02T07:05,6.599999904632568,6.599999904632568,6.599999904632568,6.599999904632568,373824
2026-08-02T07:10,6.599999904632568,6.610000133514404,6.599999904632568,6.610000133514404,1205648
2026-08-02T07:15,6.599999904632568,6.610000133514404,6.590000152587891,6.590000152587891,847184
2026-08-02T07:20,6.590000152587891,6.599999904632568,6.590000152587891,6.599999904632568,154336
2026-08-02T07:25,6.599999904632568,6.619999885559082,6.599999904632568,6.610000133514404,754624
2026-08-02T07:30,6.619999885559082,6.619999885559082,6.590000152587891,6.590000152587891,1263936
2026-08-02T07:35,6.590000152587891,6.590000152587891,6.570000171661377,6.579999923706055,150320
2026-08-02T07:40,6.579999923706055,6.579999923706055,6.579999923706055,6.579999923706055,203328
2026-08-02T07:45,6.579999923706055,6.579999923706055,6.570000171661377,6.579999923706055,353776
2026-08-02T07:50,6.579999923706055,6.590000152587891,6.579999923706055,6.590000152587891,954160
2026-08-02T07:55,6.590000152587891,6.599999904632568,6.590000152587891,6.599999904632568,359360
2026-08-02T08:00,6.599999904632568,6.610000133514404,6.599999904632568,6.610000133514404,671200
2026-08-02T08:05,6.610000133514404,6.610000133514404,6.590000152587891,6.590000152587891,997792
2026-08-02T08:10,6.590000152587891,6.590000152587891,6.579999923706055,6.590000152587891,679520
2026-08-02T08:15,6.590000152587891,6.590000152587891,6.570000171661377,6.570000171661377,850752
2026-08-02T08:20,6.570000171661377,6.570000171661377,6.570000171661377,6.570000171661377,292224
2026-08-02T08:25,6.570000171661377,6.579999923706055,6.570000171661377,6.579999923706055,392096
2026-08-02T08:30,6.579999923706055,6.579999923706055,6.570000171661377,6.570000171661377,1681312
2026-08-02T08:35,6.570000171661377,6.570000171661377,6.550000190734863,6.550000190734863,404992
2026-08-02T08:40,6.559999942779541,6.579999923706055,6.559999942779541,6.579999923706055,749184
2026-08-02T08:45,6.570000171661377,6.579999923706055,6.570000171661377,6.579999923706055,634336
2026-08-02T08:50,6.579999923706055,6.579999923706055,6.570000171661377,6.579999923706055,512320
2026-08-02T08:55,6.579999923706055,6.579999923706055,6.559999942779541,6.559999942779541,1243552
2026-08-02T09:00,6.550000190734863,6.570000171661377,6.550000190734863,6.559999942779541,480736
2026-08-02T09:05,6.559999942779541,6.590000152587891,6.559999942779541,6.590000152587891,418656
2026-08-02T09:10,6.590000152587891,6.599999904632568,6.590000152587891,6.590000152587891,632096
2026-08-02T09:15,6.590000152587891,6.590000152587891,6.579999923706055,6.579999923706055,194944
2026-08-02T09:20,6.590000152587891,6.619999885559082,6.590000152587891,6.619999885559082,356352
2026-08-02T09:25,6.619999885559082,6.619999885559082,6.610000133514404,6.610000133514404,905664
2026-08-02T09:30,6.610000133514404,6.630000114440918,6.610000133514404,6.630000114440918,504160
2026-08-02T09:35,6.639999866485596,6.639999866485596,6.630000114440918,6.630000114440918,1933504
2026-08-02T09:40,6.630000114440918,6.630000114440918,6.630000114440918,6.630000114440918,372608
2026-08-02T09:45,6.630000114440918,6.639999866485596,6.630000114440918,6.639999866485596,767040
2026-08-02T09:50,6.639999866485596,6.639999866485596,6.630000114440918,6.630000114440918,1507008
2026-08-02T09:55,6.630000114440918,6.630000114440918,6.599999904632568,6.610000133514404,630592
2026-08-02T10:00,6.610000133514404,6.610000133514404,6.590000152587891,6.590000152587891,553536
2026-08-02T10:05,6.590000152587891,6.599999904632568,6.590000152587891,6.599999904632568,0
2026-08-02T10:10,6.599999904632568,6.599999904632568,6.579999923706055,6.579999923706055,66304
2026-08-02T10:15,6.579999923706055,6.590000152587891,6.579999923706055,6.590000152587891,344480
2026-08-02T10:20,6.599999904632568,6.599999904632568,6.590000152587891,6.590000152587891,167008
2026-08-02T10:25,6.590000152587891,6.599999904632568,6.590000152587891,6.599999904632568,512288
2026-08-02T10:30,6.599999904632568,6.599999904632568,6.590000152587891,6.590000152587891,559328
2026-08-02T10:35,6.590000152587891,6.590000152587891,6.570000171661377,6.579999923706055,567456
2026-08-02T10:40,6.579999923706055,6.579999923706055,6.579999923706055,6.579999923706055,374720
2026-08-02T10:45,6.579999923706055,6.590000152587891,6.579999923706055,6.590000152587891,235328
2026-08-02T10:50,6.590000152587891,6.599999904632568,6.590000152587891,6.590000152587891,465184
2026-08-02T10:55,6.590000152587891,6.590000152587891,6.590000152587891,6.590000152587891,0
2026-08-02T11:00,6.590000152587891,6.590000152587891,6.579999923706055,6.579999923706055,0
2026-08-02T11:05,6.579999923706055,6.619999885559082,6.579999923706055,6.610000133514404,806016
2026-08-02T11:10,6.610000133514404,6.630000114440918,6.599999904632568,6.630000114440918,707968
2026-08-02T11:15,6.619999885559082,6.619999885559082,6.619999885559082,6.619999885559082,1331232
2026-08-02T11:20,6.619999885559082,6.619999885559082,6.610000133514404,6.610000133514404,936384
2026-08-02T11:25,6.610000133514404,6.610000133514404,6.599999904632568,6.599999904632568,252832
2026-08-02T11:30,6.599999904632568,6.610000133514404,6.599999904632568,6.610000133514404,616704
2026-08-02T11:35,6.610000133514404,6.610000133514404,6.590000152587891,6.590000152587891,112256
2026-08-02T11:40,6.590000152587891,6.599999904632568,6.590000152587891,6.599999904632568,112896
2026-08-02T11:45,6.599999904632568,6.610000133514404,6.599999904632568,6.599999904632568,124928
2026-08-02T11:50,6.599999904632568,6.610000133514404,6.590000152587891,6.590000152587891,246432
2026-08-02T11:55,6.590000152587891,6.590000152587891,6.590000152587891,6.590000152587891,647840
2026-08-02T12:00,6.590000152587891,6.590000152587891,6.590000152587891,6.590000152587891,247264
2026-08-02T12:05,6.590000152587891,6.590000152587891,6.590000152587891,6.590000152587891,0
2026-08-02T12:10,6.590000152587891,6.599999904632568,6.590000152587891,6.599999904632568,0
2026-08-02T12:15,6.599999904632568,6.599999904632568,6.590000152587891,6.590000152587891,0
2026-08-02T12:20,6.590000152587891,6.590000152587891,6.570000171661377,6.579999923706055,0
2026-08-02T12:25,6.579999923706055,6.579999923706055,6.579999923706055,6.579999923706055,190624
2026-08-02T12:30,6.579999923706055,6.579999923706055,6.570000171661377,6.570000171661377,612512
2026-08-02T12:35,6.570000171661377,6.579999923706055,6.570000171661377,6.570000171661377,387136
2026-08-02T12:40,6.570000171661377,6.579999923706055,6.570000171661377,6.579999923706055,190080
2026-08-02T12:45,6.579999923706055,6.579999923706055,6.570000171661377,6.579999923706055,0
2026-08-02T12:50,6.579999923706055,6.579999923706055,6.570000171661377,6.570000171661377,802624
2026-08-02T12:55,6.570000171661377,6.570000171661377,6.559999942779541,6.559999942779541,474880
2026-08-02T13:00,6.559999942779541,6.570000171661377,6.559999942779541,6.570000171661377,765312
2026-08-02T13:05,6.570000171661377,6.570000171661377,6.550000190734863,6.550000190734863,482944
2026-08-02T13:10,6.550000190734863,6.570000171661377,6.550000190734863,6.570000171661377,251168
2026-08-02T13:15,6.570000171661377,6.570000171661377,6.570000171661377,6.570000171661377,445632
2026-08-02T13:20,6.570000171661377,6.570000171661377,6.570000171661377,6.570000171661377,327392
2026-08-02T13:25,6.570000171661377,6.570000171661377,6.570000171661377,6.570000171661377,482752
2026-08-02T13:30,6.570000171661377,6.579999923706055,6.570000171661377,6.579999923706055,676608
2026-08-02T13:35,6.579999923706055,6.579999923706055,6.559999942779541,6.559999942779541,211520
2026-08-02T13:40,6.559999942779541,6.579999923706055,6.559999942779541,6.570000171661377,0
2026-08-02T13:45,6.579999923706055,6.590000152587891,6.579999923706055,6.590000152587891,287808
2026-08-02T13:50,6.590000152587891,6.590000152587891,6.590000152587891,6.590000152587891,627456
2026-08-02T13:55,6.590000152587891,6.590000152587891,6.590000152587891,6.590000152587891,67296
2026-08-02T14:00,6.590000152587891,6.590000152587891,6.579999923706055,6.579999923706055,444448
2026-08-02T14:05,6.590000152587891,6.590000152587891,6.570000171661377,6.570000171661377,1084544
2026-08-02T14:10,6.559999942779541,6.570000171661377,6.559999942779541,6.570000171661377,312832
2026-08-02T14:15,6.570000171661377,6.579999923706055,6.570000171661377,6.579999923706055,194624
2026-08-02T14:20,6.579999923706055,6.579999923706055,6.579999923706055,6.579999923706055,288608
2026-08-02T14:25,6.579999923706055,6.579999923706055,6.579999923706055,6.579999923706055,296320
2026-08-02T14:30,6.579999923706055,6.579999923706055,6.579999923706055,6.579999923706055,852128
2026-08-02T14:35,6.579999923706055,6.599999904632568,6.579999923706055,6.590000152587891,720032
2026-08-02T14:40,6.590000152587891,6.590000152587891,6.590000152587891,6.590000152587891,491520
2026-08-02T14:45,6.590000152587891,6.599999904632568,6.590000152587891,6.590000152587891,359200
2026-08-02T14:50,6.590000152587891,6.590000152587891,6.590000152587891,6.590000152587891,107552
2026-08-02T14:55,6.590000152587891,6.590000152587891,6.579999923706055,6.579999923706055,225664
2026-08-02T15:00,6.579999923706055,6.599999904632568,6.579999923706055,6.599999904632568,5012192
2026-08-02T15:05,6.599999904632568,6.599999904632568,6.590000152587891,6.590000152587891,404384
2026-08-02T15:10,6.599999904632568,6.599999904632568,6.590000152587891,6.590000152587891,436800
2026-08-02T15:15,6.590000152587891,6.599999904632568,6.590000152587891,6.590000152587891,675232
2026-08-02T15:20,6.590000152587891,6.590000152587891,6.590000152587891,6.590000152587891,371424
2026-08-02T15:25,6.590000152587891,6.590000152587891,6.590000152587891,6.590000152587891,32960
2026-08-02T15:30,6.590000152587891,6.599999904632568,6.590000152587891,6.599999904632568,0
2026-08-02T15:35,6.599999904632568,6.599999904632568,6.590000152587891,6.590000152587891,19136
2026-08-02T15:40,6.590000152587891,6.590000152587891,6.590000152587891,6.590000152587891,36768
2026-08-02T15:45,6.590000152587891,6.590000152587891,6.590000152587891,6.590000152587891,529280
2026-08-02T15:50,6.590000152587891,6.590000152587891,6.590000152587891,6.590000152587891,297568
2026-08-02T15:55,6.579999923706055,6.590000152587891,6.579999923706055,6.590000152587891,7360
2026-08-02T16:00,6.590000152587891,6.599999904632568,6.570000171661377,6.570000171661377,23072
2026-08-02T16:05,6.570000171661377,6.579999923706055,6.559999942779541,6.579999923706055,0
2026-08-02T16:10,6.579999923706055,6.579999923706055,6.570000171661377,6.570000171661377,145696
2026-08-02T16:15,6.570000171661377,6.570000171661377,6.559999942779541,6.559999942779541,262752
2026-08-02T16:20,6.559999942779541,6.570000171661377,6.559999942779541,6.570000171661377,0
2026-08-02T16:25,6.570000171661377,6.570000171661377,6.559999942779541,6.570000171661377,0
2026-08-02T16:30,6.570000171661377,6.579999923706055,6.570000171661377,6.570000171661377,844576
2026-08-02T16:35,6.570000171661377,6.579999923706055,6.570000171661377,6.579999923706055,277696
2026-08-02T16:40,6.579999923706055,6.579999923706055,6.570000171661377,6.579999923706055,74752
2026-08-02T16:45,6.579999923706055,6.579999923706055,6.570000171661377,6.579999923706055,240576
2026-08-02T16:50,6.579999923706055,6.590000152587891,6.570000171661377,6.590000152587891,896896
2026-08-02T16:55,6.590000152587891,6.590000152587891,6.579999923706055,6.579999923706055,894080
2026-08-02T17:00,6.579999923706055,6.579999923706055,6.579999923706055,6.579999923706055,197472
2026-08-02T17:05,6.579999923706055,6.579999923706055,6.579999923706055,6.579999923706055,564448
2026-08-02T17:10,6.579999923706055,6.590000152587891,6.579999923706055,6.590000152587891,110112
2026-08-02T17:15,6.590000152587891,6.590000152587891,6.590000152587891,6.590000152587891,806176
2026-08-02T17:20,6.590000152587891,6.599999904632568,6.590000152587891,6.599999904632568,0
2026-08-02T17:25,6.599999904632568,6.599999904632568,6.599999904632568,6.599999904632568,61024
2026-08-02T17:30,6.599999904632568,6.610000133514404,6.599999904632568,6.610000133514404,36544
2026-08-02T17:35,6.619999885559082,6.630000114440918,6.619999885559082,6.619999885559082,0
2026-08-02T17:40,6.619999885559082,6.619999885559082,6.619999885559082,6.619999885559082,0
2026-08-02T17:45,6.619999885559082,6.630000114440918,6.619999885559082,6.619999885559082,378656
2026-08-02T17:50,6.619999885559082,6.630000114440918,6.619999885559082,6.630000114440918,0
2026-08-02T17:55,6.630000114440918,6.630000114440918,6.619999885559082,6.619999885559082,87104
2026-08-02T18:00,6.619999885559082,6.650000095367432,6.619999885559082,6.650000095367432,0
2026-08-02T18:05,6.659999847412109,6.659999847412109,6.630000114440918,6.630000114440918,117376
2026-08-02T18:10,6.630000114440918,6.630000114440918,6.630000114440918,6.630000114440918,1035008
2026-08-02T18:15,6.630000114440918,6.630000114440918,6.619999885559082,6.630000114440918,0
2026-08-02T18:20,6.630000114440918,6.630000114440918,6.630000114440918,6.630000114440918,0
2026-08-02T18:25,6.630000114440918,6.630000114440918,6.619999885559082,6.619999885559082,0
2026-08-02T18:30,6.619999885559082,6.630000114440918,6.619999885559082,6.630000114440918,0
2026-08-02T18:35,6.630000114440918,6.650000095367432,6.630000114440918,6.639999866485596,0
2026-08-02T18:40,6.639999866485596,6.659999847412109,6.639999866485596,6.639999866485596,0
2026-08-02T18:45,6.639999866485596,6.639999866485596,6.639999866485596,6.639999866485596,0
2026-08-02T18:50,6.630000114440918,6.630000114440918,6.630000114440918,6.630000114440918,0
2026-08-02T18:55,6.630000114440918,6.630000114440918,6.619999885559082,6.619999885559082,0
2026-08-02T19:00,6.619999885559082,6.619999885559082,6.610000133514404,6.619999885559082,0
2026-08-02T19:05,6.619999885559082,6.619999885559082,6.599999904632568,6.599999904632568,0
2026-08-02T19:10,6.599999904632568,6.610000133514404,6.599999904632568,6.599999904632568,0
2026-08-02T19:15,6.599999904632568,6.599999904632568,6.590000152587891,6.590000152587891,0
2026-08-02T19:20,6.590000152587891,6.590000152587891,6.579999923706055,6.579999923706055,0
2026-08-02T19:25,6.590000152587891,6.590000152587891,6.590000152587891,6.590000152587891,0
2026-08-02T19:30,6.590000152587891,6.590000152587891,6.579999923706055,6.579999923706055,15744
2026-08-02T19:35,6.579999923706055,6.590000152587891,6.579999923706055,6.590000152587891,0
2026-08-02T19:40,6.590000152587891,6.590000152587891,6.579999923706055,6.590000152587891,0
2026-08-02T19:45,6.590000152587891,6.590000152587891,6.590000152587891,6.590000152587891,0
2026-08-02T19:50,6.590000152587891,6.590000152587891,6.590000152587891,6.590000152587891,122144
2026-08-02T19:55,6.590000152587891,6.599999904632568,6.590000152587891,6.599999904632568,95968
2026-08-02T20:00,6.599999904632568,6.599999904632568,6.590000152587891,6.590000152587891,0
2026-08-02T20:05,6.590000152587891,6.590000152587891,6.590000152587891,6.590000152587891,0
2026-08-02T20:10,6.590000152587891,6.590000152587891,6.579999923706055,6.579999923706055,0
2026-08-02T20:15,6.579999923706055,6.590000152587891,6.579999923706055,6.590000152587891,76352
2026-08-02T20:20,6.590000152587891,6.590000152587891,6.570000171661377,6.570000171661377,180672
2026-08-02T20:25,6.570000171661377,6.570000171661377,6.570000171661377,6.570000171661377,0
2026-08-02T20:30,6.570000171661377,6.570000171661377,6.570000171661377,6.570000171661377,0
2026-08-02T20:35,6.570000171661377,6.579999923706055,6.570000171661377,6.579999923706055,0
2026-08-02T20:40,6.570000171661377,6.579999923706055,6.570000171661377,6.579999923706055,0
2026-08-02T20:45,6.579999923706055,6.590000152587891,6.579999923706055,6.590000152587891,0
2026-08-02T20:50,6.590000152587891,6.590000152587891,6.579999923706055,6.579999923706055,0
2026-08-02T20:55,6.579999923706055,6.579999923706055,6.579999923706055,6.579999923706055,0
2026-08-02T21:00,6.579999923706055,6.590000152587891,6.579999923706055,6.590000152587891,0
2026-08-02T21:05,6.590000152587891,6.599999904632568,6.590000152587891,6.590000152587891,0
2026-08-02T21:10,6.590000152587891,6.599999904632568,6.590000152587891,6.599999904632568,0
2026-08-02T21:15,6.599999904632568,6.599999904632568,6.599999904632568,6.599999904632568,0
2026-08-02T21:20,6.599999904632568,6.630000114440918,6.599999904632568,6.619999885559082,0
2026-08-02T21:25,6.619999885559082,6.619999885559082,6.619999885559082,6.619999885559082,395552
2026-08-02T21:30,6.619999885559082,6.630000114440918,6.619999885559082,6.630000114440918,0
2026-08-02T21:35,6.630000114440918,6.639999866485596,6.630000114440918,6.630000114440918,0
2026-08-02T21:40,6.630000114440918,6.659999847412109,6.630000114440918,6.659999847412109,155392
2026-08-02T21:45,6.650000095367432,6.659999847412109,6.650000095367432,6.650000095367432,233632
2026-08-02T21:50,6.650000095367432,6.659999847412109,6.650000095367432,6.650000095367432,143328
2026-08-02T21:55,6.650000095367432,6.650000095367432,6.630000114440918,6.630000114440918,125664
2026-08-02T22:00,6.650000095367432,6.650000095367432,6.639999866485596,6.650000095367432,71616
2026-08-02T22:05,6.650000095367432,6.650000095367432,6.639999866485596,6.639999866485596,164704
2026-08-02T22:10,6.639999866485596,6.639999866485596,6.639999866485596,6.639999866485596,410048
2026-08-02T22:15,6.639999866485596,6.639999866485596,6.630000114440918,6.630000114440918,302592
2026-08-02T22:20,6.630000114440918,6.630000114440918,6.630000114440918,6.630000114440918,230656
2026-08-02T22:25,6.630000114440918,6.630000114440918,6.610000133514404,6.610000133514404,92480
2026-08-02T22:30,6.610000133514404,6.619999885559082,6.590000152587891,6.590000152587891,318144
2026-08-02T22:35,6.590000152587891,6.590000152587891,6.579999923706055,6.579999923706055,746368
2026-08-02T22:40,6.570000171661377,6.590000152587891,6.570000171661377,6.590000152587891,428544
2026-08-02T22:45,6.590000152587891,6.599999904632568,6.590000152587891,6.590000152587891,344320
2026-08-02T22:50,6.590000152587891,6.590000152587891,6.590000152587891,6.590000152587891,0
2026-08-02T22:55,6.590000152587891,6.590000152587891,6.590000152587891,6.590000152587891,592864
2026-08-02T23:00,6.579999923706055,6.590000152587891,6.579999923706055,6.579999923706055,0
2026-08-02T23:05,6.579999923706055,6.579999923706055,6.579999923706055,6.579999923706055,0
2026-08-02T23:10,6.579999923706055,6.579999923706055,6.570000171661377,6.579999923706055,449280
2026-08-02T23:15,6.579999923706055,6.579999923706055,6.579999923706055,6.579999923706055,144256
2026-08-02T23:20,6.579999923706055,6.579999923706055,6.570000171661377,6.570000171661377,434048
2026-08-02T23:25,6.570000171661377,6.570000171661377,6.559999942779541,6.559999942779541,308160
2026-08-02T23:30,6.559999942779541,6.559999942779541,6.539999961853027,6.559999942779541,511712
2026-08-02T23:35,6.559999942779541,6.559999942779541,6.53000020980835,6.539999961853027,774112
2026-08-02T23:40,6.539999961853027,6.539999961853027,6.53000020980835,6.53000020980835,1227584
2026-08-02T23:45,6.53000020980835,6.539999961853027,6.53000020980835,6.539999961853027,833536
2026-08-02T23:50,6.539999961853027,6.550000190734863,6.539999961853027,6.539999961853027,841184
2026-08-02T23:55,6.539999961853027,6.539999961853027,6.539999961853027,6.539999961853027,140672
2026-08-03T00:00,6.539999961853027,6.550000190734863,6.539999961853027,6.539999961853027,90400
2026-08-03T00:05,6.539999961853027,6.539999961853027,6.539999961853027,6.539999961853027,463968
2026-08-03T00:10,6.539999961853027,6.539999961853027,6.519999980926514,6.519999980926514,41536
2026-08-03T00:15,6.519999980926514,6.539999961853027,6.519999980926514,6.539999961853027,1077120
2026-08-03T00:20,6.539999961853027,6.539999961853027,6.53000020980835,6.53000020980835,895904
2026-08-03T00:25,6.53000020980835,6.539999961853027,6.519999980926514,6.519999980926514,206112
2026-08-03T00:30,6.519999980926514,6.53000020980835,6.519999980926514,6.53000020980835,489920
2026-08-03T00:35,6.53000020980835,6.53000020980835,6.53000020980835,6.53000020980835,274976
2026-08-03T00:40,6.53000020980835,6.53000020980835,6.53000020980835,6.53000020980835,197536
2026-08-03T00:45,6.53000020980835,6.53000020980835,6.519999980926514,6.53000020980835,0
2026-08-03T00:50,6.53000020980835,6.53000020980835,6.519999980926514,6.519999980926514,140608
2026-08-03T00:55,6.519999980926514,6.53000020980835,6.519999980926514,6.53000020980835,158208
2026-08-03T01:00,6.53000020980835,6.539999961853027,6.519999980926514,6.539999961853027,0
2026-08-03T01:05,6.539999961853027,6.539999961853027,6.53000020980835,6.53000020980835,211808
2026-08-03T01:10,6.53000020980835,6.53000020980835,6.519999980926514,6.519999980926514,93792
2026-08-03T01:15,6.510000228881836,6.510000228881836,6.510000228881836,6.510000228881836,0
2026-08-03T01:20,6.510000228881836,6.510000228881836,6.510000228881836,6.510000228881836,344704
2026-08-03T01:25,6.519999980926514,6.519999980926514,6.510000228881836,6.510000228881836,0
2026-08-03T01:30,6.510000228881836,6.519999980926514,6.510000228881836,6.510000228881836,0
2026-08-03T01:35,6.510000228881836,6.510000228881836,6.510000228881836,6.510000228881836,226336
2026-08-03T01:40,6.510000228881836,6.519999980926514,6.5,6.519999980926514,399424
2026-08-03T01:45,6.519999980926514,6.519999980926514,6.510000228881836,6.510000228881836,367680
2026-08-03T01:50,6.510000228881836,6.510000228881836,6.5,6.5,0
2026-08-03T01:55,6.5,6.5,6.5,6.5,0
2026-08-03T02:00,6.5,6.5,6.46999979019165,6.480000019073486,268480
2026-08-03T02:05,6.480000019073486,6.480000019073486,6.460000038146973,6.46999979019165,715168
2026-08-03T02:10,6.46999979019165,6.480000019073486,6.46999979019165,6.46999979019165,0
2026-08-03T02:15,6.46999979019165,6.489999771118164,6.46999979019165,6.480000019073486,0
2026-08-03T02:20,6.480000019073486,6.5,6.480000019073486,6.489999771118164,0
2026-08-03T02:25,6.489999771118164,6.489999771118164,6.480000019073486,6.480000019073486,0
2026-08-03T02:30,6.480000019073486,6.489999771118164,6.46999979019165,6.480000019073486,0
2026-08-03T02:35,6.480000019073486,6.489999771118164,6.480000019073486,6.489999771118164,189440
2026-08-03T02:40,6.489999771118164,6.489999771118164,6.480000019073486,6.480000019073486,0
2026-08-03T02:45,6.480000019073486,6.480000019073486,6.480000019073486,6.480000019073486,22528
2026-08-03T02:50,6.480000019073486,6.480000019073486,6.480000019073486,6.480000019073486,29760
2026-08-03T02:55,6.480000019073486,6.480000019073486,6.46999979019165,6.480000019073486,84896
2026-08-03T03:00,6.46999979019165,6.46999979019165,6.46999979019165,6.46999979019165,0
2026-08-03T03:05,6.46999979019165,6.46999979019165,6.460000038146973,6.460000038146973,0
2026-08-03T03:10,6.460000038146973,6.460000038146973,6.460000038146973,6.460000038146973,42784
2026-08-03T03:15,6.460000038146973,6.460000038146973,6.409999847412109,6.420000076293945,0
2026-08-03T03:20,6.420000076293945,6.420000076293945,6.409999847412109,6.420000076293945,1453600
2026-08-03T03:25,6.420000076293945,6.420000076293945,6.420000076293945,6.420000076293945,297920
2026-08-03T03:30,6.420000076293945,6.420000076293945,6.409999847412109,6.409999847412109,791872
2026-08-03T03:35,6.409999847412109,6.420000076293945,6.409999847412109,6.420000076293945,0
2026-08-03T03:40,6.420000076293945,6.420000076293945,6.409999847412109,6.420000076293945,323040
2026-08-03T03:45,6.420000076293945,6.420000076293945,6.380000114440918,6.420000076293945,424704
2026-08-03T03:50,6.420000076293945,6.420000076293945,6.420000076293945,6.420000076293945,658976
2026-08-03T03:55,6.420000076293945,6.429999828338623,6.420000076293945,6.429999828338623,498496
2026-08-03T04:00,6.409999847412109,6.420000076293945,6.400000095367432,6.420000076293945,0
2026-08-03T04:05,6.420000076293945,6.420000076293945,6.409999847412109,6.409999847412109,292032
2026-08-03T04:10,6.409999847412109,6.420000076293945,6.409999847412109,6.420000076293945,667456
2026-08-03T04:15,6.420000076293945,6.420000076293945,6.409999847412109,6.420000076293945,684896
2026-08-03T04:20,6.420000076293945,6.420000076293945,6.420000076293945,6.420000076293945,0
2026-08-03T04:25,6.420000076293945,6.429999828338623,6.420000076293945,6.429999828338623,34944
2026-08-03T04:30,6.429999828338623,6.440000057220459,6.429999828338623,6.440000057220459,555232
2026-08-03T04:35,6.440000057220459,6.440000057220459,6.429999828338623,6.429999828338623,448736
2026-08-03T04:40,6.429999828338623,6.440000057220459,6.429999828338623,6.440000057220459,239136
2026-08-03T04:45,6.429999828338623,6.429999828338623,6.429999828338623,6.429999828338623,0
2026-08-03T04:50,6.429999828338623,6.429999828338623,6.420000076293945,6.420000076293945,0
2026-08-03T04:55,6.420000076293945,6.420000076293945,6.409999847412109,6.409999847412109,0
2026-08-03T05:00,6.409999847412109,6.409999847412109,6.400000095367432,6.409999847412109,0
2026-08-03T05:05,6.409999847412109,6.409999847412109,6.400000095367432,6.400000095367432,0
2026-08-03T05:10,6.400000095367432,6.409999847412109,6.400000095367432,6.409999847412109,0
2026-08-03T05:15,6.409999847412109,6.409999847412109,6.409999847412109,6.409999847412109,0
2026-08-03T05:20,6.409999847412109,6.409999847412109,6.400000095367432,6.400000095367432,0
2026-08-03T05:25,6.400000095367432,6.400000095367432,6.400000095367432,6.400000095367432,0
2026-08-03T05:30,6.400000095367432,6.400000095367432,6.400000095367432,6.400000095367432,0
2026-08-03T05:35,6.400000095367432,6.400000095367432,6.400000095367432,6.400000095367432,0
2026-08-03T05:40,6.400000095367432,6.400000095367432,6.400000095367432,6.400000095367432,0
2026-08-03T05:45,6.400000095367432,6.409999847412109,6.400000095367432,6.409999847412109,0
2026-08-03T05:50,6.409999847412109,6.420000076293945,6.409999847412109,6.409999847412109,0
2026-08-03T05:55,6.409999847412109,6.420000076293945,6.409999847412109,6.409999847412109,0
2026-08-03T06:00,6.420000076293945,6.429999828338623,6.409999847412109,6.409999847412109,0
2026-08-03T06:05,6.409999847412109,6.409999847412109,6.409999847412109,6.409999847412109,0
2026-08-03T06:10,6.409999847412109,6.409999847412109,6.409999847412109,6.409999847412109,0
2026-08-03T06:15,6.409999847412109,6.409999847412109,6.409999847412109,6.409999847412109,0
2026-08-03T06:20,6.409999847412109,6.409999847412109,6.409999847412109,6.409999847412109,0
2026-08-03T06:25,6.409999847412109,6.409999847412109,6.409999847412109,6.409999847412109,0
2026-08-03T06:30,6.409999847412109,6.420000076293945,6.409999847412109,6.420000076293945,0
2026-08-03T06:35,6.420000076293945,6.420000076293945,6.409999847412109,6.409999847412109,0
2026-08-03T06:40,6.409999847412109,6.409999847412109,6.389999866485596,6.389999866485596,0
2026-08-03T06:45,6.389999866485596,6.389999866485596,6.389999866485596,6.389999866485596,0
2026-08-03T06:50,6.400000095367432,6.400000095367432,6.389999866485596,6.389999866485596,0
2026-08-03T06:55,6.389999866485596,6.389999866485596,6.389999866485596,6.389999866485596,0
2026-08-03T07:00,6.380000114440918,6.380000114440918,6.380000114440918,6.380000114440918,0
2026-08-03T07:05,6.380000114440918,6.400000095367432,6.380000114440918,6.400000095367432,0
2026-08-03T07:10,6.400000095367432,6.400000095367432,6.389999866485596,6.389999866485596,0
2026-08-03T07:15,6.380000114440918,6.389999866485596,6.380000114440918,6.389999866485596,0
2026-08-03T07:20,6.389999866485596,6.389999866485596,6.389999866485596,6.389999866485596,151584
2026-08-03T07:25,6.389999866485596,6.400000095367432,6.389999866485596,6.400000095367432,0
2026-08-03T07:30,6.400000095367432,6.400000095367432,6.400000095367432,6.400000095367432,0
2026-08-03T07:35,6.400000095367432,6.400000095367432,6.389999866485596,6.389999866485596,0
2026-08-03T07:40,6.389999866485596,6.389999866485596,6.389999866485596,6.389999866485596,0
2026-08-03T07:45,6.389999866485596,6.400000095367432,6.389999866485596,6.389999866485596,54944
2026-08-03T07:50,6.389999866485596,6.389999866485596,6.389999866485596,6.389999866485596,0
2026-08-03T07:55,6.389999866485596,6.400000095367432,6.389999866485596,6.400000095367432,0
2026-08-03T08:00,6.400000095367432,6.400000095367432,6.389999866485596,6.389999866485596,0
2026-08-03T08:05,6.389999866485596,6.389999866485596,6.389999866485596,6.389999866485596,0
2026-08-03T08:10,6.389999866485596,6.389999866485596,6.389999866485596,6.389999866485596,0
2026-08-03T08:15,6.389999866485596,6.389999866485596,6.389999866485596,6.389999866485596,0
2026-08-03T08:20,6.389999866485596,6.389999866485596,6.360000133514404,6.380000114440918,54160
2026-08-03T08:25,6.380000114440918,6.380000114440918,6.380000114440918,6.380000114440918,470432
2026-08-03T08:30,6.380000114440918,6.389999866485596,6.380000114440918,6.389999866485596,0
2026-08-03T08:35,6.389999866485596,6.400000095367432,6.389999866485596,6.400000095367432,0
2026-08-03T08:40,6.400000095367432,6.400000095367432,6.400000095367432,6.400000095367432,0
2026-08-03T08:45,6.409999847412109,6.409999847412109,6.409999847412109,6.409999847412109,0
2026-08-03T08:50,6.409999847412109,6.409999847412109,6.400000095367432,6.409999847412109,0
2026-08-03T08:55,6.409999847412109,6.420000076293945,6.409999847412109,6.420000076293945,0
2026-08-03T09:00,6.420000076293945,6.420000076293945,6.400000095367432,6.400000095367432,0
2026-08-03T09:05,6.400000095367432,6.400000095367432,6.400000095367432,6.400000095367432,0
2026-08-03T09:10,6.400000095367432,6.400000095367432,6.400000095367432,6.400000095367432,0
2026-08-03T09:15,6.409999847412109,6.409999847412109,6.409999847412109,6.409999847412109,0
2026-08-03T09:20,6.409999847412109,6.409999847412109,6.409999847412109,6.409999847412109,0
2026-08-03T09:25,6.409999847412109,6.409999847412109,6.409999847412109,6.409999847412109,0
2026-08-03T09:30,6.409999847412109,6.409999847412109,6.409999847412109,6.409999847412109,0
2026-08-03T09:35,6.409999847412109,6.409999847412109,6.409999847412109,6.409999847412109,0
2026-08-03T09:40,6.409999847412109,6.429999828338623,6.409999847412109,6.420000076293945,0
2026-08-03T09:45,6.420000076293945,6.429999828338623,6.420000076293945,6.420000076293945,0
2026-08-03T09:50,6.420000076293945,6.440000057220459,6.420000076293945,6.440000057220459,0
2026-08-03T09:55,6.440000057220459,6.440000057220459,6.440000057220459,6.440000057220459,0
2026-08-03T10:00,6.440000057220459,6.449999809265137,6.440000057220459,6.449999809265137,0
2026-08-03T10:05,6.449999809265137,6.449999809265137,6.449999809265137,6.449999809265137,0
2026-08-03T10:10,6.449999809265137,6.449999809265137,6.440000057220459,6.440000057220459,0
2026-08-03T10:15,6.440000057220459,6.449999809265137,6.440000057220459,6.440000057220459,0
2026-08-03T10:20,6.440000057220459,6.449999809265137,6.440000057220459,6.449999809265137,0
2026-08-03T10:25,6.449999809265137,6.449999809265137,6.440000057220459,6.440000057220459,0
2026-08-03T10:30,6.440000057220459,6.440000057220459,6.440000057220459,6.440000057220459,0
2026-08-03T10:35,6.440000057220459,6.440000057220459,6.440000057220459,6.440000057220459,0
2026-08-03T10:40,6.440000057220459,6.440000057220459,6.440000057220459,6.440000057220459,0
2026-08-03T10:45,6.440000057220459,6.440000057220459,6.429999828338623,6.429999828338623,187728
2026-08-03T10:50,6.429999828338623,6.429999828338623,6.429999828338623,6.429999828338623,0
2026-08-03T10:55,6.429999828338623,6.429999828338623,6.429999828338623,6.429999828338623,0
2026-08-03T11:00,6.429999828338623,6.429999828338623,6.429999828338623,6.429999828338623,0
2026-08-03T11:05,6.429999828338623,6.429999828338623,6.420000076293945,6.420000076293945,0
2026-08-03T11:10,6.420000076293945,6.420000076293945,6.420000076293945,6.420000076293945,0
2026-08-03T11:15,6.420000076293945,6.440000057220459,6.420000076293945,6.440000057220459,0
2026-08-03T11:20,6.440000057220459,6.440000057220459,6.429999828338623,6.440000057220459,0
2026-08-03T11:25,6.440000057220459,6.449999809265137,6.440000057220459,6.440000057220459,0
2026-08-03T11:30,6.440000057220459,6.440000057220459,6.440000057220459,6.440000057220459,0
2026-08-03T11:35,6.440000057220459,6.449999809265137,6.440000057220459,6.449999809265137,0
2026-08-03T11:40,6.449999809265137,6.449999809265137,6.429999828338623,6.440000057220459,0
2026-08-03T11:45,6.440000057220459,6.440000057220459,6.440000057220459,6.440000057220459,0
2026-08-03T11:50,6.440000057220459,6.440000057220459,6.440000057220459,6.440000057220459,0
2026-08-03T11:55,6.440000057220459,6.440000057220459,6.429999828338623,6.429999828338623,151104
2026-08-03T12:00,6.429999828338623,6.429999828338623,6.420000076293945,6.420000076293945,0
2026-08-03T12:05,6.420000076293945,6.420000076293945,6.420000076293945,6.420000076293945,792000
2026-08-03T12:10,6.420000076293945,6.440000057220459,6.420000076293945,6.440000057220459,1179312
2026-08-03T12:15,6.440000057220459,6.449999809265137,6.440000057220459,6.449999809265137,0
2026-08-03T12:20,6.449999809265137,6.449999809265137,6.440000057220459,6.440000057220459,135712
2026-08-03T12:25,6.440000057220459,6.440000057220459,6.440000057220459,6.440000057220459,0
2026-08-03T12:30,6.440000057220459,6.440000057220459,6.420000076293945,6.429999828338623,0
2026-08-03T12:35,6.429999828338623,6.429999828338623,6.429999828338623,6.429999828338623,43456
2026-08-03T12:40,6.429999828338623,6.429999828338623,6.429999828338623,6.429999828338623,0
2026-08-03T12:45,6.429999828338623,6.440000057220459,6.429999828338623,6.440000057220459,25824
2026-08-03T12:50,6.440000057220459,6.440000057220459,6.440000057220459,6.440000057220459,0
2026-08-03T12:55,6.440000057220459,6.440000057220459,6.440000057220459,6.440000057220459,0
2026-08-03T13:00,6.440000057220459,6.440000057220459,6.429999828338623,6.429999828338623,0
2026-08-03T13:05,6.429999828338623,6.440000057220459,6.429999828338623,6.440000057220459,0
2026-08-03T13:10,6.440000057220459,6.440000057220459,6.440000057220459,6.440000057220459,0
2026-08-03T13:15,6.440000057220459,6.480000019073486,6.440000057220459,6.480000019073486,0
2026-08-03T13:20,6.480000019073486,6.5,6.480000019073486,6.5,660368
2026-08-03T13:25,6.489999771118164,6.489999771118164,6.460000038146973,6.460000038146973,536976
2026-08-03T13:30,6.460000038146973,6.46999979019165,6.460000038146973,6.460000038146973,223104
2026-08-03T13:35,6.460000038146973,6.489999771118164,6.460000038146973,6.489999771118164,240464
2026-08-03T13:40,6.489999771118164,6.5,6.489999771118164,6.489999771118164,574256
2026-08-03T13:45,6.489999771118164,6.5,6.480000019073486,6.5,0
2026-08-03T13:50,6.489999771118164,6.519999980926514,6.489999771118164,6.510000228881836,578048
2026-08-03T13:55,6.519999980926514,6.550000190734863,6.519999980926514,6.550000190734863,682288
2026-08-03T14:00,6.53000020980835,6.539999961853027,6.519999980926514,6.539999961853027,370512
2026-08-03T14:05,6.53000020980835,6.53000020980835,6.519999980926514,6.53000020980835,0
2026-08-03T14:10,6.53000020980835,6.539999961853027,6.53000020980835,6.53000020980835,345968
2026-08-03T14:15,6.53000020980835,6.53000020980835,6.519999980926514,6.53000020980835,203296
2026-08-03T14:20,6.53000020980835,6.53000020980835,6.5,6.5,956528
2026-08-03T14:25,6.519999980926514,6.539999961853027,6.519999980926514,6.539999961853027,412240
2026-08-03T14:30,6.53000020980835,6.539999961853027,6.53000020980835,6.53000020980835,1106672
2026-08-03T14:35,6.53000020980835,6.53000020980835,6.519999980926514,6.519999980926514,523824
2026-08-03T14:40,6.519999980926514,6.519999980926514,6.519999980926514,6.519999980926514,417344
2026-08-03T14:45,6.519999980926514,6.519999980926514,6.510000228881836,6.510000228881836,0
2026-08-03T14:50,6.510000228881836,6.53000020980835,6.510000228881836,6.519999980926514,286416
2026-08-03T14:55,6.53000020980835,6.53000020980835,6.53000020980835,6.53000020980835,474832
2026-08-03T15:00,6.53000020980835,6.539999961853027,6.53000020980835,6.53000020980835,279408
2026-08-03T15:05,6.53000020980835,6.53000020980835,6.510000228881836,6.510000228881836,0
2026-08-03T15:10,6.510000228881836,6.519999980926514,6.5,6.5,414992
2026-08-03T15:15,6.5,6.519999980926514,6.5,6.519999980926514,0
2026-08-03T15:20,6.519999980926514,6.539999961853027,6.519999980926514,6.539999961853027,524224
2026-08-03T15:25,6.539999961853027,6.539999961853027,6.519999980926514,6.53000020980835,1068912
2026-08-03T15:30,6.53000020980835,6.53000020980835,6.510000228881836,6.519999980926514,369904
2026-08-03T15:35,6.519999980926514,6.53000020980835,6.510000228881836,6.519999980926514,150896
2026-08-03T15:40,6.519999980926514,6.519999980926514,6.510000228881836,6.510000228881836,664880
2026-08-03T15:45,6.510000228881836,6.519999980926514,6.510000228881836,6.519999980926514,0
2026-08-03T15:50,6.519999980926514,6.519999980926514,6.5,6.510000228881836,582336
2026-08-03T15:55,6.510000228881836,6.510000228881836,6.5,6.5,365360
2026-08-03T16:00,6.510000228881836,6.550000190734863,6.510000228881836,6.550000190734863,233632
2026-08-03T16:05,6.539999961853027,6.550000190734863,6.53000020980835,6.53000020980835,464912
2026-08-03T16:10,6.53000020980835,6.539999961853027,6.53000020980835,6.539999961853027,899920
2026-08-03T16:15,6.539999961853027,6.539999961853027,6.519999980926514,6.519999980926514,83584
2026-08-03T16:20,6.519999980926514,6.53000020980835,6.519999980926514,6.53000020980835,261840
2026-08-03T16:25,6.53000020980835,6.539999961853027,6.53000020980835,6.53000020980835,336224
2026-08-03T16:30,6.53000020980835,6.53000020980835,6.519999980926514,6.53000020980835,53520
2026-08-03T16:35,6.53000020980835,6.53000020980835,6.519999980926514,6.519999980926514,0
2026-08-03T16:40,6.519999980926514,6.519999980926514,6.519999980926514,6.519999980926514,699584
2026-08-03T16:45,6.519999980926514,6.53000020980835,6.519999980926514,6.53000020980835,288496
2026-08-03T16:50,6.53000020980835,6.53000020980835,6.519999980926514,6.519999980926514,0
2026-08-03T16:55,6.519999980926514,6.53000020980835,6.519999980926514,6.53000020980835,0
2026-08-03T17:00,6.53000020980835,6.53000020980835,6.510000228881836,6.519999980926514,0
2026-08-03T17:05,6.519999980926514,6.53000020980835,6.519999980926514,6.53000020980835,0
2026-08-03T17:10,6.519999980926514,6.53000020980835,6.519999980926514,6.53000020980835,0
2026-08-03T17:15,6.53000020980835,6.53000020980835,6.519999980926514,6.53000020980835,0
2026-08-03T17:20,6.53000020980835,6.539999961853027,6.519999980926514,6.539999961853027,115680
2026-08-03T17:25,6.539999961853027,6.539999961853027,6.519999980926514,6.519999980926514,39376
2026-08-03T17:30,6.519999980926514,6.53000020980835,6.510000228881836,6.53000020980835,391392
2026-08-03T17:35,6.519999980926514,6.53000020980835,6.519999980926514,6.53000020980835,41152
2026-08-03T17:40,6.53000020980835,6.53000020980835,6.53000020980835,6.53000020980835,0
2026-08-03T17:45,6.53000020980835,6.53000020980835,6.53000020980835,6.53000020980835,0
2026-08-03T17:50,6.53000020980835,6.53000020980835,6.53000020980835,6.53000020980835,0
2026-08-03T17:55,6.53000020980835,6.53000020980835,6.519999980926514,6.53000020980835,0
2026-08-03T18:00,6.53000020980835,6.539999961853027,6.53000020980835,6.53000020980835,0
2026-08-03T18:05,6.53000020980835,6.539999961853027,6.53000020980835,6.539999961853027,0
2026-08-03T18:10,6.539999961853027,6.539999961853027,6.539999961853027,6.539999961853027,0
2026-08-03T18:15,6.539999961853027,6.550000190734863,6.539999961853027,6.539999961853027,289904
2026-08-03T18:20,6.539999961853027,6.539999961853027,6.539999961853027,6.539999961853027,76720
2026-08-03T18:25,6.539999961853027,6.539999961853027,6.53000020980835,6.53000020980835,0
2026-08-03T18:30,6.53000020980835,6.539999961853027,6.53000020980835,6.539999961853027,168912
2026-08-03T18:35,6.539999961853027,6.550000190734863,6.539999961853027,6.539999961853027,0
2026-08-03T18:40,6.539999961853027,6.539999961853027,6.539999961853027,6.539999961853027,0
2026-08-03T18:45,6.539999961853027,6.550000190734863,6.539999961853027,6.539999961853027,0
2026-08-03T18:50,6.550000190734863,6.550000190734863,6.550000190734863,6.550000190734863,0
2026-08-03T18:55,6.550000190734863,6.570000171661377,6.550000190734863,6.559999942779541,24080
2026-08-03T19:00,6.559999942779541,6.570000171661377,6.559999942779541,6.570000171661377,241536
2026-08-03T19:05,6.570000171661377,6.579999923706055,6.559999942779541,6.579999923706055,0
2026-08-03T19:10,6.570000171661377,6.570000171661377,6.559999942779541,6.570000171661377,34080
2026-08-03T19:15,6.570000171661377,6.590000152587891,6.570000171661377,6.579999923706055,0
2026-08-03T19:20,6.579999923706055,6.579999923706055,6.570000171661377,6.579999923706055,532336
2026-08-03T19:25,6.579999923706055,6.579999923706055,6.570000171661377,6.570000171661377,43184
2026-08-03T19:30,6.570000171661377,6.590000152587891,6.570000171661377,6.590000152587891,670016
2026-08-03T19:35,6.590000152587891,6.590000152587891,6.570000171661377,6.571000099182129,229616
2026-08-03T19:40,6.570000171661377,6.585000038146973,6.570000171661377,6.585000038146973,471232
2026-08-03T19:45,6.585999965667725,6.591000080108643,6.581999778747559,6.585000038146973,114224
2026-08-03T19:50,6.585000038146973,6.585000038146973,6.561999797821045,6.574999809265137,0
2026-08-03T19:55,6.570000171661377,6.573999881744385,6.559999942779541,6.572000026702881,103248
2026-08-03T20:00,6.571000099182129,6.585999965667725,6.565999984741211,6.580999851226807,481760
2026-08-03T20:05,6.576000213623047,6.585999965667725,6.565000057220459,6.566999912261963,7856
2026-08-03T20:10,6.570000171661377,6.570000171661377,6.560999870300293,6.564000129699707,179904
2026-08-03T20:15,6.564000129699707,6.579999923706055,6.564000129699707,6.579999923706055,0
2026-08-03T20:20,6.579999923706055,6.583000183105469,6.566999912261963,6.568999767303467,114272
2026-08-03T20:25,6.568999767303467,6.570000171661377,6.560999870300293,6.567999839782715,324880
2026-08-03T20:30,6.567999839782715,6.571000099182129,6.563000202178955,6.565999984741211,0
2026-08-03T20:35,6.572999954223633,6.572999954223633,6.554999828338623,6.561999797821045,374816
2026-08-03T20:40,6.561999797821045,6.565999984741211,6.559999942779541,6.565999984741211,0
2026-08-03T20:45,6.566999912261963,6.567999839782715,6.552999973297119,6.559000015258789,0
2026-08-03T20:50,6.559999942779541,6.573999881744385,6.559999942779541,6.573999881744385,202032
2026-08-03T20:55,6.578999996185303,6.578999996185303,6.572000026702881,6.576000213623047,195392
2026-08-03T21:00,6.573999881744385,6.579999923706055,6.564000129699707,6.566999912261963,680720
2026-08-03T21:05,6.566999912261963,6.576000213623047,6.566999912261963,6.570000171661377,154640
2026-08-03T21:10,6.567999839782715,6.567999839782715,6.554999828338623,6.560999870300293,0
2026-08-03T21:15,6.560999870300293,6.565999984741211,6.557000160217285,6.564000129699707,0
2026-08-03T21:20,6.564000129699707,6.567999839782715,6.563000202178955,6.565000057220459,0
2026-08-03T21:25,6.560999870300293,6.568999767303467,6.560999870300293,6.568999767303467,0
2026-08-03T21:30,6.571000099182129,6.572000026702881,6.559999942779541,6.568999767303467,0
2026-08-03T21:35,6.570000171661377,6.572000026702881,6.570000171661377,6.570000171661377,149328
2026-08-03T21:40,6.570000171661377,6.570000171661377,6.559999942779541,6.563000202178955,0
2026-08-03T21:45,6.563000202178955,6.567999839782715,6.563000202178955,6.565999984741211,0
2026-08-03T21:50,6.565999984741211,6.574999809265137,6.565999984741211,6.565999984741211,0
2026-08-03T21:55,6.565999984741211,6.573999881744385,6.559999942779541,6.570000171661377,0
2026-08-03T22:00,6.566999912261963,6.566999912261963,6.546999931335449,6.559000015258789,0
2026-08-03T22:05,6.559000015258789,6.561999797821045,6.539999961853027,6.561999797821045,545952
2026-08-03T22:10,6.559999942779541,6.571000099182129,6.559999942779541,6.570000171661377,363728
2026-08-03T22:15,6.570000171661377,6.578000068664551,6.561999797821045,6.563000202178955,335376
2026-08-03T22:20,6.570000171661377,6.572999954223633,6.561999797821045,6.570000171661377,0
2026-08-03T22:25,6.571000099182129,6.571000099182129,6.564000129699707,6.565000057220459,0
2026-08-03T22:30,6.561999797821045,6.565000057220459,6.557000160217285,6.564000129699707,0
2026-08-03T22:35,6.560999870300293,6.564000129699707,6.559000015258789,6.560999870300293,0
2026-08-03T22:40,6.559999942779541,6.561999797821045,6.558000087738037,6.559999942779541,0
2026-08-03T22:45,6.560999870300293,6.564000129699707,6.557000160217285,6.563000202178955,126240
2026-08-03T22:50,6.564000129699707,6.570000171661377,6.564000129699707,6.570000171661377,155600
2026-08-03T22:55,6.568999767303467,6.572999954223633,6.567999839782715,6.570000171661377,0
2026-08-03T23:00,6.565999984741211,6.565999984741211,6.559999942779541,6.563000202178955,188208
2026-08-03T23:05,6.560999870300293,6.561999797821045,6.558000087738037,6.560999870300293,0
2026-08-03T23:10,6.559999942779541,6.559999942779541,6.552000045776367,6.559999942779541,0
2026-08-03T23:15,6.559999942779541,6.565999984741211,6.556000232696533,6.556000232696533,46928
2026-08-03T23:20,6.558000087738037,6.561999797821045,6.557000160217285,6.561999797821045,0
2026-08-03T23:25,6.561999797821045,6.565999984741211,6.561999797821045,6.565000057220459,0
2026-08-03T23:30,6.563000202178955,6.564000129699707,6.559999942779541,6.564000129699707,0
2026-08-03T23:35,6.559000015258789,6.559999942779541,6.556000232696533,6.557000160217285,0
2026-08-03T23:40,6.554999828338623,6.564000129699707,6.554999828338623,6.564000129699707,0
2026-08-03T23:45,6.564000129699707,6.567999839782715,6.563000202178955,6.563000202178955,0
2026-08-03T23:50,6.565000057220459,6.565000057220459,6.559999942779541,6.565000057220459,0
2026-08-03T23:55,6.565000057220459,6.570000171661377,6.563000202178955,6.570000171661377,297424
2026-08-04T00:00,6.570000171661377,6.576000213623047,6.564000129699707,6.576000213623047,0
2026-08-04T00:05,6.573999881744385,6.590000152587891,6.572999954223633,6.589000225067139,0
2026-08-04T00:10,6.590000152587891,6.609000205993652,6.590000152587891,6.598999977111816,522224
2026-08-04T00:15,6.599999904632568,6.607999801635742,6.59499979019165,6.5980000495910645,0
2026-08-04T00:20,6.5980000495910645,6.604000091552734,6.584000110626221,6.591000080108643,147088
2026-08-04T00:25,6.590000152587891,6.593999862670898,6.5879998207092285,6.591000080108643,68304
2026-08-04T00:30,6.591000080108643,6.5929999351501465,6.576000213623047,6.578000068664551,0
2026-08-04T00:35,6.572000026702881,6.572000026702881,6.557000160217285,6.563000202178955,41536
2026-08-04T00:40,6.565000057220459,6.579999923706055,6.564000129699707,6.579999923706055,112048
2026-08-04T00:45,6.583000183105469,6.589000225067139,6.576000213623047,6.589000225067139,281472
2026-08-04T00:50,6.585999965667725,6.5980000495910645,6.581999778747559,6.590000152587891,346576
2026-08-04T00:55,6.590000152587891,6.590000152587891,6.579999923706055,6.580999851226807,229840
2026-08-04T01:00,6.580999851226807,6.5970001220703125,6.579999923706055,6.579999923706055,70336
2026-08-04T01:05,6.585000038146973,6.598999977111816,6.585000038146973,6.5970001220703125,0
2026-08-04T01:10,6.5960001945495605,6.623000144958496,6.5960001945495605,6.613999843597412,399344
2026-08-04T01:15,6.618000030517578,6.631999969482422,6.611999988555908,6.625,101456
2026-08-04T01:20,6.624000072479248,6.660999774932861,6.620999813079834,6.6479997634887695,270016
2026-08-04T01:25,6.651000022888184,6.6519999504089355,6.632999897003174,6.636000156402588,1283296
2026-08-04T01:30,6.639999866485596,6.809999942779541,6.639999866485596,6.763999938964844,825008
2026-08-04T01:35,6.767000198364258,6.806000232696533,6.764999866485596,6.7870001792907715,11010224
2026-08-04T01:40,6.794000148773193,6.89300012588501,6.781000137329102,6.869999885559082,9926048
2026-08-04T01:45,6.86299991607666,6.888000011444092,6.829999923706055,6.834000110626221,4250304
2026-08-04T01:50,6.833000183105469,6.866000175476074,6.829999923706055,6.8480000495910645,5346128
2026-08-04T01:55,6.848999977111816,6.860000133514404,6.820000171661377,6.860000133514404,1710784
2026-08-04T02:00,6.86299991607666,6.879000186920166,6.843999862670898,6.855999946594238,2959728
2026-08-04T02:05,6.855999946594238,6.868000030517578,6.822999954223633,6.840000152587891,1769760
2026-08-04T02:10,6.839000225067139,6.855000019073486,6.811999797821045,6.8460001945495605,1556576
2026-08-04T02:15,6.8470001220703125,6.848999977111816,6.803999900817871,6.807000160217285,1266720
2026-08-04T02:20,6.814000129699707,6.815999984741211,6.795000076293945,6.800000190734863,1673280
2026-08-04T02:25,6.796000003814697,6.809000015258789,6.7789998054504395,6.78000020980835,1053440
2026-08-04T02:30,6.78000020980835,6.808000087738037,6.775000095367432,6.807000160217285,1203296
2026-08-04T02:35,6.809999942779541,6.828999996185303,6.800000190734863,6.807000160217285,928896
2026-08-04T02:40,6.808000087738037,6.809999942779541,6.795000076293945,6.808000087738037,1354624
2026-08-04T02:45,6.809999942779541,6.968999862670898,6.807000160217285,6.940000057220459,1101952
2026-08-04T02:50,6.934000015258789,6.964000225067139,6.913000106811523,6.922999858856201,6707232
2026-08-04T02:55,6.923999786376953,6.929999828338623,6.896999835968018,6.908999919891357,1755680
2026-08-04T03:00,6.913000106811523,6.947999954223633,6.9019999504089355,6.935999870300293,1732544
2026-08-04T03:05,6.934999942779541,6.934999942779541,6.883999824523926,6.883999824523926,1922208
2026-08-04T03:10,6.892000198364258,6.89900016784668,6.88100004196167,6.890999794006348,2526720
2026-08-04T03:15,6.883999824523926,6.892000198364258,6.85099983215332,6.855000019073486,0
2026-08-04T03:20,6.854000091552734,6.88100004196167,6.849999904632568,6.867000102996826,0
2026-08-04T03:25,6.868000030517578,6.881999969482422,6.868000030517578,6.876999855041504,204416
2026-08-04T03:30,6.877999782562256,6.900000095367432,6.877999782562256,6.889999866485596,1227392
2026-08-04T03:35,6.888000011444092,6.894999980926514,6.875999927520752,6.880000114440918,811552
2026-08-04T03:40,6.879000186920166,6.892000198364258,6.879000186920166,6.879000186920166,654112
2026-08-04T03:45,6.88100004196167,6.883999824523926,6.867000102996826,6.869999885559082,0
2026-08-04T03:50,6.873000144958496,6.900000095367432,6.86899995803833,6.86899995803833,447776
2026-08-04T03:55,6.86899995803833,6.873000144958496,6.860000133514404,6.860000133514404,863584
2026-08-04T04:00,6.86299991607666,6.869999885559082,6.84499979019165,6.864999771118164,325536
2026-08-04T04:05,6.864999771118164,6.864999771118164,6.829999923706055,6.849999904632568,311200
2026-08-04T04:10,6.848999977111816,6.85099983215332,6.841000080108643,6.849999904632568,400832
2026-08-04T04:15,6.849999904632568,6.869999885559082,6.840000152587891,6.869999885559082,139744
2026-08-04T04:20,6.870999813079834,6.889999866485596,6.870999813079834,6.877999782562256,598272
2026-08-04T04:25,6.872000217437744,6.889999866485596,6.857999801635742,6.875999927520752,1071360
2026-08-04T04:30,6.870999813079834,6.889999866485596,6.861000061035156,6.889999866485596,1320416
2026-08-04T04:35,6.888000011444092,6.888999938964844,6.880000114440918,6.888999938964844,745344
2026-08-04T04:40,6.88100004196167,6.888999938964844,6.857999801635742,6.880000114440918,593856
2026-08-04T04:45,6.877999782562256,6.906000137329102,6.877999782562256,6.89300012588501,673824
2026-08-04T04:50,6.89300012588501,6.894999980926514,6.883999824523926,6.88700008392334,1058336
2026-08-04T04:55,6.888000011444092,6.889999866485596,6.868000030517578,6.868000030517578,500128
2026-08-04T05:00,6.868000030517578,6.886000156402588,6.861999988555908,6.886000156402588,143552
2026-08-04T05:05,6.88700008392334,6.889999866485596,6.875,6.889999866485596,271424
2026-08-04T05:10,6.888999938964844,6.888999938964844,6.86899995803833,6.86899995803833,461856
2026-08-04T05:15,6.873000144958496,6.880000114440918,6.870999813079834,6.873000144958496,351712
2026-08-04T05:20,6.879000186920166,6.883999824523926,6.867000102996826,6.876999855041504,376608
2026-08-04T05:25,6.874000072479248,6.888000011444092,6.869999885559082,6.883999824523926,579104
2026-08-04T05:30,6.881999969482422,6.894000053405762,6.879000186920166,6.879000186920166,1222784
2026-08-04T05:35,6.879000186920166,6.880000114440918,6.849999904632568,6.849999904632568,0
2026-08-04T05:40,6.85099983215332,6.857999801635742,6.843999862670898,6.849999904632568,926432
2026-08-04T05:45,6.849999904632568,6.849999904632568,6.833000183105469,6.833000183105469,778880
2026-08-04T05:50,6.834000110626221,6.839000225067139,6.821000099182129,6.828000068664551,280096
2026-08-04T05:55,6.828999996185303,6.835999965667725,6.821000099182129,6.831999778747559,861312
2026-08-04T06:00,6.833000183105469,6.8379998207092285,6.820000171661377,6.830999851226807,655040
2026-08-04T06:05,6.831999778747559,6.831999778747559,6.824999809265137,6.828999996185303,580448
2026-08-04T06:10,6.829999923706055,6.829999923706055,6.818999767303467,6.826000213623047,1015968
2026-08-04T06:15,6.822000026702881,6.8379998207092285,6.820000171661377,6.835999965667725,0
2026-08-04T06:20,6.839000225067139,6.840000152587891,6.835000038146973,6.839000225067139,362528
2026-08-04T06:25,6.839000225067139,6.8460001945495605,6.829999923706055,6.830999851226807,145408
2026-08-04T06:30,6.829999923706055,6.836999893188477,6.829999923706055,6.829999923706055,215968
2026-08-04T06:35,6.829999923706055,6.829999923706055,6.791999816894531,6.795000076293945,128960
2026-08-04T06:40,6.800000190734863,6.800000190734863,6.7829999923706055,6.789999961853027,788032
2026-08-04T06:45,6.790999889373779,6.800000190734863,6.788000106811523,6.796999931335449,1085120
2026-08-04T06:50,6.796000003814697,6.796000003814697,6.789000034332275,6.791999816894531,262112
2026-08-04T06:55,6.793000221252441,6.800000190734863,6.790999889373779,6.798999786376953,279648
2026-08-04T07:00,6.796000003814697,6.796000003814697,6.7789998054504395,6.785999774932861,4640
2026-08-04T07:05,6.7870001792907715,6.789999961853027,6.76800012588501,6.785999774932861,23936
2026-08-04T07:10,6.7870001792907715,6.789000034332275,6.78000020980835,6.785999774932861,492416
2026-08-04T07:15,6.785999774932861,6.785999774932861,6.7779998779296875,6.7779998779296875,67584
2026-08-04T07:20,6.7779998779296875,6.783999919891357,6.7729997634887695,6.783999919891357,0
2026-08-04T07:25,6.784999847412109,6.798999786376953,6.7829999923706055,6.798999786376953,436704
2026-08-04T07:30,6.796999931335449,6.814000129699707,6.796999931335449,6.802999973297119,25408
2026-08-04T07:35,6.802999973297119,6.815000057220459,6.802000045776367,6.815000057220459,293184
2026-08-04T07:40,6.815000057220459,6.817999839782715,6.810999870300293,6.814000129699707,500864
2026-08-04T07:45,6.815000057220459,6.820000171661377,6.809999942779541,6.820000171661377,0
2026-08-04T07:50,6.822000026702881,6.824999809265137,6.816999912261963,6.820000171661377,298592
2026-08-04T07:55,6.820000171661377,6.826000213623047,6.815000057220459,6.824999809265137,0
2026-08-04T08:00,6.820000171661377,6.822999954223633,6.798999786376953,6.798999786376953,0
2026-08-04T08:05,6.796999931335449,6.796999931335449,6.770999908447266,6.7729997634887695,0
2026-08-04T08:10,6.7729997634887695,6.7820000648498535,6.763999938964844,6.77400016784668,688832
2026-08-04T08:15,6.769000053405762,6.781000137329102,6.76800012588501,6.7789998054504395,257152
2026-08-04T08:20,6.78000020980835,6.7820000648498535,6.771999835968018,6.77400016784668,0
2026-08-04T08:25,6.776000022888184,6.781000137329102,6.771999835968018,6.7729997634887695,0
2026-08-04T08:30,6.7729997634887695,6.7729997634887695,6.756999969482422,6.763999938964844,0
2026-08-04T08:35,6.76200008392334,6.771999835968018,6.760000228881836,6.771999835968018,192064
2026-08-04T08:40,6.769999980926514,6.77400016784668,6.763000011444092,6.7729997634887695,0
2026-08-04T08:45,6.769999980926514,6.77400016784668,6.756999969482422,6.77400016784668,833856
2026-08-04T08:50,6.767000198364258,6.769999980926514,6.763999938964844,6.764999866485596,638912
2026-08-04T08:55,6.769999980926514,6.769999980926514,6.761000156402588,6.76200008392334,415872
2026-08-04T09:00,6.76200008392334,6.769999980926514,6.760000228881836,6.763000011444092,46880
2026-08-04T09:05,6.760000228881836,6.769999980926514,6.760000228881836,6.763999938964844,0
2026-08-04T09:10,6.763999938964844,6.763999938964844,6.752999782562256,6.752999782562256,282368
2026-08-04T09:15,6.75600004196167,6.763000011444092,6.755000114440918,6.757999897003174,13632
2026-08-04T09:20,6.758999824523926,6.765999794006348,6.758999824523926,6.765999794006348,78336
2026-08-04T09:25,6.765999794006348,6.770999908447266,6.760000228881836,6.761000156402588,0
2026-08-04T09:30,6.760000228881836,6.78000020980835,6.757999897003174,6.78000020980835,848256
2026-08-04T09:35,6.78000020980835,6.78000020980835,6.770999908447266,6.776000022888184,311104
2026-08-04T09:40,6.776000022888184,6.7829999923706055,6.775000095367432,6.7779998779296875,8384
2026-08-04T09:45,6.7820000648498535,6.790999889373779,6.7789998054504395,6.790999889373779,44544
2026-08-04T09:50,6.7820000648498535,6.789999961853027,6.7820000648498535,6.788000106811523,0
2026-08-04T09:55,6.785999774932861,6.790999889373779,6.785999774932861,6.789999961853027,0
2026-08-04T10:00,6.794000148773193,6.794000148773193,6.7820000648498535,6.789000034332275,0
2026-08-04T10:05,6.789999961853027,6.802000045776367,6.789999961853027,6.802000045776367,0
2026-08-04T10:10,6.802999973297119,6.809000015258789,6.791999816894531,6.794000148773193,754080
2026-08-04T10:15,6.794000148773193,6.794000148773193,6.785999774932861,6.794000148773193,437312
2026-08-04T10:20,6.795000076293945,6.796000003814697,6.788000106811523,6.789999961853027,400832
2026-08-04T10:25,6.789999961853027,6.789999961853027,6.78000020980835,6.784999847412109,151872
2026-08-04T10:30,6.788000106811523,6.795000076293945,6.7829999923706055,6.790999889373779,198048
2026-08-04T10:35,6.790999889373779,6.798999786376953,6.789999961853027,6.798999786376953,0
2026-08-04T10:40,6.798999786376953,6.817999839782715,6.796999931335449,6.816999912261963,0
2026-08-04T10:45,6.817999839782715,6.8429999351501465,6.817999839782715,6.830999851226807,545088
2026-08-04T10:50,6.829999923706055,6.829999923706055,6.815000057220459,6.815000057220459,688224
2026-08-04T10:55,6.815000057220459,6.815999984741211,6.793000221252441,6.793000221252441,0
2026-08-04T11:00,6.795000076293945,6.810999870300293,6.7870001792907715,6.810999870300293,569344
2026-08-04T11:05,6.813000202178955,6.814000129699707,6.807000160217285,6.814000129699707,459648
2026-08-04T11:10,6.815999984741211,6.816999912261963,6.809999942779541,6.815999984741211,616480
2026-08-04T11:15,6.811999797821045,6.811999797821045,6.803999900817871,6.806000232696533,0
2026-08-04T11:20,6.804999828338623,6.816999912261963,6.800000190734863,6.800000190734863,0
2026-08-04T11:25,6.800000190734863,6.806000232696533,6.794000148773193,6.806000232696533,322976
2026-08-04T11:30,6.806000232696533,6.806000232696533,6.790999889373779,6.802000045776367,338912
2026-08-04T11:35,6.800000190734863,6.803999900817871,6.793000221252441,6.802000045776367,327840
2026-08-04T11:40,6.800000190734863,6.809999942779541,6.796000003814697,6.808000087738037,582464
2026-08-04T11:45,6.807000160217285,6.810999870300293,6.804999828338623,6.809000015258789,522240
2026-08-04T11:50,6.809999942779541,6.814000129699707,6.808000087738037,6.814000129699707,44192
2026-08-04T11:55,6.813000202178955,6.814000129699707,6.809999942779541,6.813000202178955,0
2026-08-04T12:00,6.809999942779541,6.811999797821045,6.801000118255615,6.802000045776367,0
2026-08-04T12:05,6.804999828338623,6.804999828338623,6.800000190734863,6.802000045776367,0
2026-08-04T12:10,6.797999858856201,6.802000045776367,6.795000076293945,6.798999786376953,0
2026-08-04T12:15,6.798999786376953,6.802000045776367,6.790999889373779,6.793000221252441,178752
2026-08-04T12:20,6.790999889373779,6.800000190734863,6.776000022888184,6.776000022888184,167712
2026-08-04T12:25,6.7789998054504395,6.795000076293945,6.7789998054504395,6.793000221252441,1754144
2026-08-04T12:30,6.793000221252441,6.800000190734863,6.789000034332275,6.796999931335449,547136
2026-08-04T12:35,6.798999786376953,6.817999839782715,6.795000076293945,6.813000202178955,0
2026-08-04T12:40,6.809999942779541,6.813000202178955,6.802000045776367,6.802000045776367,1358080
2026-08-04T12:45,6.804999828338623,6.804999828338623,6.791999816894531,6.798999786376953,203584
2026-08-04T12:50,6.798999786376953,6.802000045776367,6.796000003814697,6.801000118255615,324672
2026-08-04T12:55,6.800000190734863,6.802999973297119,6.789000034332275,6.791999816894531,12320
2026-08-04T13:00,6.796000003814697,6.806000232696533,6.789999961853027,6.803999900817871,14176
2026-08-04T13:05,6.804999828338623,6.829999923706055,6.802999973297119,6.810999870300293,0
2026-08-04T13:10,6.809999942779541,6.811999797821045,6.802000045776367,6.802000045776367,931040
2026-08-04T13:15,6.800000190734863,6.802000045776367,6.7789998054504395,6.7789998054504395,0
2026-08-04T13:20,6.771999835968018,6.789999961853027,6.760000228881836,6.763000011444092,288608
2026-08-04T13:25,6.757999897003174,6.770999908447266,6.756999969482422,6.765999794006348,195328
2026-08-04T13:30,6.760000228881836,6.760000228881836,6.7220001220703125,6.75,899360
2026-08-04T13:35,6.744999885559082,6.751999855041504,6.738999843597412,6.744999885559082,1264704
2026-08-04T13:40,6.74399995803833,6.761000156402588,6.74399995803833,6.747000217437744,348672
2026-08-04T13:45,6.745999813079834,6.745999813079834,6.728000164031982,6.739999771118164,0
2026-08-04T13:50,6.739999771118164,6.750999927520752,6.73799991607666,6.75,336288
2026-08-04T13:55,6.748000144958496,6.748000144958496,6.730999946594238,6.738999843597412,377056
2026-08-04T14:00,6.739999771118164,6.75,6.730000019073486,6.75,0
2026-08-04T14:05,6.749000072479248,6.755000114440918,6.729000091552734,6.729000091552734,140672
2026-08-04T14:10,6.730000019073486,6.734000205993652,6.714000225067139,6.730999946594238,0
2026-08-04T14:15,6.730999946594238,6.730999946594238,6.696000099182129,6.697999954223633,0
2026-08-04T14:20,6.702000141143799,6.704999923706055,6.692999839782715,6.697000026702881,385824
2026-08-04T14:25,6.696000099182129,6.715000152587891,6.696000099182129,6.7129998207092285,165536
2026-08-04T14:30,6.7170000076293945,6.7210001945495605,6.709000110626221,6.716000080108643,0
2026-08-04T14:35,6.7179999351501465,6.728000164031982,6.714000225067139,6.7220001220703125,18816
2026-08-04T14:40,6.7230000495910645,6.738999843597412,6.7230000495910645,6.732999801635742,54400
2026-08-04T14:45,6.732999801635742,6.736999988555908,6.7210001945495605,6.7220001220703125,0
2026-08-04T14:50,6.7230000495910645,6.72599983215332,6.716000080108643,6.72599983215332,0
2026-08-04T14:55,6.723999977111816,6.73799991607666,6.7210001945495605,6.73199987411499,41920
2026-08-04T15:00,6.730000019073486,6.750999927520752,6.730000019073486,6.749000072479248,0
2026-08-04T15:05,6.745999813079834,6.745999813079834,6.736000061035156,6.742000102996826,508928
2026-08-04T15:10,6.742000102996826,6.742000102996826,6.7270002365112305,6.730000019073486,0
2026-08-04T15:15,6.729000091552734,6.730000019073486,6.714000225067139,6.7170000076293945,0
2026-08-04T15:20,6.715000152587891,6.71999979019165,6.708000183105469,6.708000183105469,0
2026-08-04T15:25,6.711999893188477,6.715000152587891,6.683000087738037,6.697000026702881,0
2026-08-04T15:30,6.696000099182129,6.71999979019165,6.696000099182129,6.710000038146973,1083008
2026-08-04T15:35,6.706999778747559,6.7179999351501465,6.703000068664551,6.709000110626221,369568
2026-08-04T15:40,6.714000225067139,6.739999771118164,6.714000225067139,6.73799991607666,0
2026-08-04T15:45,6.738999843597412,6.75,6.736000061035156,6.73799991607666,0
2026-08-04T15:50,6.738999843597412,6.75600004196167,6.738999843597412,6.741000175476074,500352
2026-08-04T15:55,6.738999843597412,6.752999782562256,6.738999843597412,6.752999782562256,0
2026-08-04T16:00,6.75,6.754000186920166,6.735000133514404,6.736000061035156,54208
2026-08-04T16:05,6.736000061035156,6.736000061035156,6.710000038146973,6.711999893188477,0
2026-08-04T16:10,6.7129998207092285,6.7210001945495605,6.710000038146973,6.710000038146973,0
2026-08-04T16:15,6.710000038146973,6.7170000076293945,6.708000183105469,6.711999893188477,0
2026-08-04T16:20,6.716000080108643,6.71999979019165,6.709000110626221,6.718999862670898,0
2026-08-04T16:25,6.7129998207092285,6.71999979019165,6.710000038146973,6.710000038146973,0
2026-08-04T16:30,6.710000038146973,6.71999979019165,6.710000038146973,6.7170000076293945,0
2026-08-04T16:35,6.714000225067139,6.716000080108643,6.706999778747559,6.7129998207092285,0
2026-08-04T16:40,6.7129998207092285,6.718999862670898,6.706999778747559,6.7129998207092285,0
2026-08-04T16:45,6.711999893188477,6.7220001220703125,6.710000038146973,6.7220001220703125,0
2026-08-04T16:50,6.71999979019165,6.71999979019165,6.709000110626221,6.709000110626221,0
2026-08-04T16:55,6.705999851226807,6.714000225067139,6.704999923706055,6.714000225067139,0
2026-08-04T17:00,6.714000225067139,6.730999946594238,6.710000038146973,6.730000019073486,0
2026-08-04T17:05,6.728000164031982,6.730000019073486,6.718999862670898,6.71999979019165,121376
2026-08-04T17:10,6.718999862670898,6.7220001220703125,6.7170000076293945,6.71999979019165,70656
2026-08-04T17:15,6.7179999351501465,6.7220001220703125,6.711999893188477,6.711999893188477,108576
2026-08-04T17:20,6.714000225067139,6.71999979019165,6.706999778747559,6.710000038146973,263392
2026-08-04T17:25,6.714000225067139,6.72599983215332,6.714000225067139,6.718999862670898,0
2026-08-04T17:30,6.716000080108643,6.723999977111816,6.715000152587891,6.7220001220703125,0
2026-08-04T17:35,6.7210001945495605,6.723999977111816,6.710999965667725,6.715000152587891,0
2026-08-04T17:40,6.714000225067139,6.71999979019165,6.7129998207092285,6.715000152587891,0
2026-08-04T17:45,6.715000152587891,6.7179999351501465,6.699999809265137,6.699999809265137,0
2026-08-04T17:50,6.703999996185303,6.705999851226807,6.697000026702881,6.702000141143799,0
2026-08-04T17:55,6.699999809265137,6.699999809265137,6.695000171661377,6.695000171661377,23488
2026-08-04T18:00,6.697999954223633,6.708000183105469,6.697999954223633,6.705999851226807,13152
2026-08-04T18:05,6.7129998207092285,6.71999979019165,6.710999965667725,6.71999979019165,56864
2026-08-04T18:10,6.718999862670898,6.71999979019165,6.705999851226807,6.714000225067139,0
2026-08-04T18:15,6.716000080108643,6.724999904632568,6.716000080108643,6.723999977111816,261824
2026-08-04T18:20,6.72599983215332,6.732999801635742,6.723999977111816,6.730000019073486,425600
2026-08-04T18:25,6.730000019073486,6.73199987411499,6.71999979019165,6.7220001220703125,79392
2026-08-04T18:30,6.7220001220703125,6.730999946594238,6.7210001945495605,6.730000019073486,0
2026-08-04T18:35,6.730000019073486,6.730000019073486,6.7170000076293945,6.7179999351501465,142688
2026-08-04T18:40,6.7179999351501465,6.723999977111816,6.714000225067139,6.7230000495910645,0
2026-08-04T18:45,6.723999977111816,6.730000019073486,6.7210001945495605,6.7220001220703125,142656
2026-08-04T18:50,6.724999904632568,6.739999771118164,6.724999904632568,6.730999946594238,0
2026-08-04T18:55,6.730999946594238,6.73199987411499,6.7270002365112305,6.730999946594238,172960
2026-08-04T19:00,6.730999946594238,6.743000030517578,6.730000019073486,6.742000102996826,0
2026-08-04T19:05,6.736999988555908,6.739999771118164,6.73199987411499,6.739999771118164,127744
2026-08-04T19:10,6.741000175476074,6.741000175476074,6.734000205993652,6.736999988555908,0
2026-08-04T19:15,6.73799991607666,6.73799991607666,6.723999977111816,6.723999977111816,0
2026-08-04T19:20,6.7230000495910645,6.7270002365112305,6.71999979019165,6.71999979019165,0
2026-08-04T19:25,6.71999979019165,6.7220001220703125,6.716000080108643,6.7170000076293945,0
2026-08-04T19:30,6.715000152587891,6.7230000495910645,6.715000152587891,6.7230000495910645,0
2026-08-04T19:35,6.71999979019165,6.736000061035156,6.71999979019165,6.7230000495910645,0
2026-08-04T19:40,6.7210001945495605,6.730000019073486,6.71999979019165,6.730000019073486,70784
2026-08-04T19:45,6.730000019073486,6.73199987411499,6.7220001220703125,6.7270002365112305,190144
2026-08-04T19:50,6.723999977111816,6.724999904632568,6.7220001220703125,6.723999977111816,0
2026-08-04T19:55,6.724999904632568,6.729000091552734,6.723999977111816,6.72599983215332,0
2026-08-04T20:00,6.716000080108643,6.723999977111816,6.710000038146973,6.71999979019165,0
2026-08-04T20:05,6.71999979019165,6.730000019073486,6.71999979019165,6.730000019073486,134080
2026-08-04T20:10,6.730000019073486,6.73199987411499,6.7210001945495605,6.73199987411499,0
2026-08-04T20:15,6.723999977111816,6.723999977111816,6.690000057220459,6.690000057220459,362848
2026-08-04T20:20,6.701000213623047,6.710999965667725,6.701000213623047,6.709000110626221,243584
2026-08-04T20:25,6.709000110626221,6.711999893188477,6.705999851226807,6.706999778747559,130144
2026-08-04T20:30,6.709000110626221,6.710000038146973,6.701000213623047,6.702000141143799,220480
2026-08-04T20:35,6.702000141143799,6.715000152587891,6.702000141143799,6.714000225067139,0
2026-08-04T20:40,6.7179999351501465,6.730999946594238,6.7179999351501465,6.7220001220703125,582496
2026-08-04T20:45,6.7210001945495605,6.7210001945495605,6.710000038146973,6.715000152587891,0
2026-08-04T20:50,6.715000152587891,6.715000152587891,6.710999965667725,6.710999965667725,0
2026-08-04T20:55,6.710999965667725,6.710999965667725,6.705999851226807,6.710000038146973,0
2026-08-04T21:00,6.710000038146973,6.710000038146973,6.698999881744385,6.709000110626221,0
2026-08-04T21:05,6.706999778747559,6.709000110626221,6.703999996185303,6.706999778747559,506528
2026-08-04T21:10,6.706999778747559,6.708000183105469,6.699999809265137,6.699999809265137,76608
2026-08-04T21:15,6.699999809265137,6.702000141143799,6.697000026702881,6.698999881744385,0
2026-08-04T21:20,6.698999881744385,6.708000183105469,6.697000026702881,6.705999851226807,239712
2026-08-04T21:25,6.708000183105469,6.708000183105469,6.698999881744385,6.701000213623047,121856
2026-08-04T21:30,6.702000141143799,6.705999851226807,6.695000171661377,6.698999881744385,0
2026-08-04T21:35,6.697000026702881,6.703000068664551,6.697000026702881,6.699999809265137,0
2026-08-04T21:40,6.699999809265137,6.699999809265137,6.693999767303467,6.699999809265137,0
2026-08-04T21:45,6.699999809265137,6.699999809265137,6.696000099182129,6.699999809265137,0
2026-08-04T21:50,6.699999809265137,6.701000213623047,6.690000057220459,6.690999984741211,132480
2026-08-04T21:55,6.690000057220459,6.701000213623047,6.686999797821045,6.697999954223633,0
2026-08-04T22:00,6.697000026702881,6.703000068664551,6.640999794006348,6.671000003814697,671136
2026-08-04T22:05,6.675000190734863,6.677000045776367,6.670000076293945,6.672999858856201,1888384
2026-08-04T22:10,6.677000045776367,6.678999900817871,6.672999858856201,6.673999786376953,1108640
2026-08-04T22:15,6.676000118255615,6.683000087738037,6.671999931335449,6.677999973297119,599264
2026-08-04T22:20,6.677000045776367,6.699999809265137,6.677000045776367,6.696000099182129,533824
2026-08-04T22:25,6.696000099182129,6.701000213623047,6.690999984741211,6.697000026702881,616288
2026-08-04T22:30,6.699999809265137,6.701000213623047,6.692999839782715,6.701000213623047,992480
2026-08-04T22:35,6.701000213623047,6.710000038146973,6.701000213623047,6.709000110626221,842752
2026-08-04T22:40,6.706999778747559,6.711999893188477,6.698999881744385,6.703999996185303,5504
2026-08-04T22:45,6.704999923706055,6.710000038146973,6.702000141143799,6.704999923706055,0
2026-08-04T22:50,6.706999778747559,6.706999778747559,6.697000026702881,6.703999996185303,312480
2026-08-04T22:55,6.703000068664551,6.714000225067139,6.703000068664551,6.711999893188477,0
2026-08-04T23:00,6.715000152587891,6.715000152587891,6.696000099182129,6.703999996185303,0
2026-08-04T23:05,6.703999996185303,6.7129998207092285,6.703999996185303,6.709000110626221,331040
2026-08-04T23:10,6.710000038146973,6.715000152587891,6.705999851226807,6.710000038146973,476032
2026-08-04T23:15,6.703000068664551,6.716000080108643,6.703000068664551,6.710000038146973,522944
2026-08-04T23:20,6.706999778747559,6.708000183105469,6.696000099182129,6.696000099182129,245856
2026-08-04T23:25,6.692999839782715,6.695000171661377,6.684000015258789,6.684000015258789,337280
2026-08-04T23:30,6.678999900817871,6.691999912261963,6.678999900817871,6.690000057220459,635232
2026-08-04T23:35,6.691999912261963,6.693999767303467,6.688000202178955,6.690999984741211,322688
2026-08-04T23:40,6.691999912261963,6.697999954223633,6.690000057220459,6.690999984741211,0
2026-08-04T23:45,6.690000057220459,6.695000171661377,6.685999870300293,6.695000171661377,0
2026-08-04T23:50,6.693999767303467,6.698999881744385,6.679999828338623,6.683000087738037,340384
2026-08-04T23:55,6.683000087738037,6.685999870300293,6.677999973297119,6.682000160217285,816320
2026-08-05T00:00,6.664999961853027,6.685999870300293,6.659999847412109,6.678999900817871,56256
2026-08-05T00:05,6.677999973297119,6.679999828338623,6.668000221252441,6.671999931335449,550528
2026-08-05T00:10,6.673999786376953,6.673999786376953,6.658999919891357,6.670000076293945,0
2026-08-05T00:15,6.671999931335449,6.678999900817871,6.669000148773193,6.676000118255615,0
2026-08-05T00:20,6.675000190734863,6.677999973297119,6.668000221252441,6.673999786376953,0
2026-08-05T00:25,6.676000118255615,6.676000118255615,6.659999847412109,6.668000221252441,293984
2026-08-05T00:30,6.668000221252441,6.675000190734863,6.668000221252441,6.669000148773193,10624
2026-08-05T00:35,6.670000076293945,6.676000118255615,6.659999847412109,6.663000106811523,325408
2026-08-05T00:40,6.6620001792907715,6.664999961853027,6.650000095367432,6.6539998054504395,72672
2026-08-05T00:45,6.6539998054504395,6.658999919891357,6.651000022888184,6.65500020980835,0
2026-08-05T00:50,6.6539998054504395,6.659999847412109,6.6519999504089355,6.65500020980835,0
2026-08-05T00:55,6.6579999923706055,6.660999774932861,6.6529998779296875,6.660999774932861,0
2026-08-05T01:00,6.658999919891357,6.658999919891357,6.6479997634887695,6.6539998054504395,0
2026-08-05T01:05,6.6579999923706055,6.665999889373779,6.6570000648498535,6.665999889373779,459008
2026-08-05T01:10,6.668000221252441,6.668000221252441,6.6579999923706055,6.6620001792907715,0
2026-08-05T01:15,6.659999847412109,6.659999847412109,6.6519999504089355,6.6570000648498535,47968
2026-08-05T01:20,6.6579999923706055,6.664000034332275,6.6579999923706055,6.659999847412109,0
2026-08-05T01:25,6.6620001792907715,6.664999961853027,6.6539998054504395,6.6579999923706055,0
2026-08-05T01:30,6.6579999923706055,6.669000148773193,6.6579999923706055,6.664000034332275,0
2026-08-05T01:35,6.664000034332275,6.671999931335449,6.658999919891357,6.671999931335449,0
2026-08-05T01:40,6.675000190734863,6.675000190734863,6.664999961853027,6.664999961853027,0
2026-08-05T01:45,6.664000034332275,6.670000076293945,6.663000106811523,6.670000076293945,0
2026-08-05T01:50,6.670000076293945,6.671000003814697,6.665999889373779,6.670000076293945,0
2026-08-05T01:55,6.670000076293945,6.670000076293945,6.664000034332275,6.664000034332275,0
2026-08-05T02:00,6.664000034332275,6.671999931335449,6.659999847412109,6.666999816894531,0
2026-08-05T02:05,6.663000106811523,6.673999786376953,6.663000106811523,6.673999786376953,0
2026-08-05T02:10,6.675000190734863,6.681000232696533,6.670000076293945,6.675000190734863,0
2026-08-05T02:15,6.675000190734863,6.675000190734863,6.6620001792907715,6.664999961853027,0
2026-08-05T02:20,6.664000034332275,6.673999786376953,6.664000034332275,6.671000003814697,0
2026-08-05T02:25,6.673999786376953,6.685999870300293,6.673999786376953,6.685999870300293,0
2026-08-05T02:30,6.684999942779541,6.693999767303467,6.684999942779541,6.693999767303467,0
2026-08-05T02:35,6.695000171661377,6.697999954223633,6.692999839782715,6.696000099182129,0
2026-08-05T02:40,6.693999767303467,6.699999809265137,6.693999767303467,6.698999881744385,0
2026-08-05T02:45,6.702000141143799,6.702000141143799,6.685999870300293,6.689000129699707,0
2026-08-05T02:50,6.690999984741211,6.690999984741211,6.681000232696533,6.689000129699707,0
2026-08-05T02:55,6.688000202178955,6.691999912261963,6.684999942779541,6.688000202178955,0
2026-08-05T03:00,6.690000057220459,6.697999954223633,6.671999931335449,6.672999858856201,0
2026-08-05T03:05,6.672999858856201,6.676000118255615,6.668000221252441,6.671000003814697,0
2026-08-05T03:10,6.671999931335449,6.677999973297119,6.665999889373779,6.669000148773193,0
2026-08-05T03:15,6.627999782562256,6.642000198364258,6.617000102996826,6.625,0
2026-08-05T03:20,6.623000144958496,6.629000186920166,6.617000102996826,6.629000186920166,513888
2026-08-05T03:25,6.625999927520752,6.625999927520752,6.610000133514404,6.617000102996826,374816
2026-08-05T03:30,6.614999771118164,6.624000072479248,6.611999988555908,6.622000217437744,0
2026-08-05T03:35,6.622000217437744,6.629000186920166,6.622000217437744,6.627999782562256,0
2026-08-05T03:40,6.625999927520752,6.625999927520752,6.60099983215332,6.614999771118164,0
2026-08-05T03:45,6.611000061035156,6.622000217437744,6.611000061035156,6.620999813079834,1328192
2026-08-05T03:50,6.625999927520752,6.625999927520752,6.619999885559082,6.622000217437744,0
2026-08-05T03:55,6.622000217437744,6.623000144958496,6.61899995803833,6.61899995803833,0
2026-08-05T04:00,6.620999813079834,6.625999927520752,6.620999813079834,6.625999927520752,0
2026-08-05T04:05,6.625,6.632999897003174,6.625,6.632999897003174,0
2026-08-05T04:10,6.633999824523926,6.642000198364258,6.632999897003174,6.639999866485596,0
2026-08-05T04:15,6.639999866485596,6.64300012588501,6.63700008392334,6.64300012588501,0
2026-08-05T04:20,6.644000053405762,6.645999908447266,6.635000228881836,6.638999938964844,0
2026-08-05T04:25,6.638999938964844,6.644000053405762,6.636000156402588,6.644000053405762,0
2026-08-05T04:30,6.646999835968018,6.6479997634887695,6.638000011444092,6.645999908447266,0
2026-08-05T04:35,6.644999980926514,6.650000095367432,6.644000053405762,6.644999980926514,0
2026-08-05T04:40,6.650000095367432,6.6529998779296875,6.640999794006348,6.640999794006348,0
2026-08-05T04:45,6.640999794006348,6.644999980926514,6.640999794006348,6.644000053405762,0
2026-08-05T04:50,6.644000053405762,6.6479997634887695,6.638000011444092,6.6479997634887695,0
2026-08-05T04:55,6.646999835968018,6.650000095367432,6.645999908447266,6.64900016784668,0
2026-08-05T05:00,6.64900016784668,6.673999786376953,6.646999835968018,6.673999786376953,0
2026-08-05T05:05,6.673999786376953,6.677999973297119,6.670000076293945,6.670000076293945,0
2026-08-05T05:10,6.668000221252441,6.671000003814697,6.664000034332275,6.664000034332275,0
2026-08-05T05:15,6.665999889373779,6.671999931335449,6.659999847412109,6.669000148773193,0
2026-08-05T05:20,6.668000221252441,6.670000076293945,6.664999961853027,6.665999889373779,139088
2026-08-05T05:25,6.668000221252441,6.678999900817871,6.666999816894531,6.668000221252441,0
2026-08-05T05:30,6.670000076293945,6.670000076293945,6.6620001792907715,6.664000034332275,0
2026-08-05T05:35,6.664999961853027,6.664999961853027,6.659999847412109,6.664000034332275,0
2026-08-05T05:40,6.664999961853027,6.668000221252441,6.660999774932861,6.666999816894531,0
2026-08-05T05:45,6.666999816894531,6.673999786376953,6.666999816894531,6.670000076293945,0
2026-08-05T05:50,6.669000148773193,6.673999786376953,6.666999816894531,6.673999786376953,0
2026-08-05T05:55,6.671000003814697,6.678999900817871,6.671000003814697,6.677000045776367,0
2026-08-05T06:00,6.677000045776367,6.691999912261963,6.677000045776367,6.690000057220459,0
2026-08-05T06:05,6.690000057220459,6.692999839782715,6.684999942779541,6.690000057220459,0
2026-08-05T06:10,6.690000057220459,6.692999839782715,6.690000057220459,6.690000057220459,0
2026-08-05T06:15,6.690000057220459,6.692999839782715,6.684000015258789,6.684999942779541,77424
2026-08-05T06:20,6.684999942779541,6.684999942779541,6.675000190734863,6.677999973297119,4304
2026-08-05T06:25,6.679999828338623,6.683000087738037,6.677999973297119,6.679999828338623,0
2026-08-05T06:30,6.679999828338623,6.682000160217285,6.677999973297119,6.681000232696533,110064
2026-08-05T06:35,6.686999797821045,6.715000152587891,6.686999797821045,6.7129998207092285,88096
2026-08-05T06:40,6.708000183105469,6.7129998207092285,6.699999809265137,6.701000213623047,0
2026-08-05T06:45,6.703000068664551,6.703000068664551,6.686999797821045,6.693999767303467,0
2026-08-05T06:50,6.693999767303467,6.693999767303467,6.684999942779541,6.686999797821045,0
2026-08-05T06:55,6.686999797821045,6.688000202178955,6.684999942779541,6.688000202178955,0
2026-08-05T07:00,6.684999942779541,6.690000057220459,6.672999858856201,6.672999858856201,0
2026-08-05T07:05,6.670000076293945,6.678999900817871,6.666999816894531,6.671999931335449,0
2026-08-05T07:10,6.668000221252441,6.671000003814697,6.664000034332275,6.664000034332275,0
2026-08-05T07:15,6.6620001792907715,6.670000076293945,6.6620001792907715,6.670000076293945,0
2026-08-05T07:20,6.665999889373779,6.665999889373779,6.656000137329102,6.664999961853027,0
2026-08-05T07:25,6.665999889373779,6.665999889373779,6.663000106811523,6.663000106811523,0
2026-08-05T07:30,6.663000106811523,6.665999889373779,6.6620001792907715,6.664000034332275,0
2026-08-05T07:35,6.663000106811523,6.668000221252441,6.663000106811523,6.664000034332275,0
2026-08-05T07:40,6.664000034332275,6.665999889373779,6.660999774932861,6.6620001792907715,0
2026-08-05T07:45,6.663000106811523,6.669000148773193,6.663000106811523,6.669000148773193,0
2026-08-05T07:50,6.669000148773193,6.669000148773193,6.665999889373779,6.665999889373779,0
2026-08-05T07:55,6.665999889373779,6.677999973297119,6.664000034332275,6.677000045776367,0
2026-08-05T08:00,6.677999973297119,6.690000057220459,6.677999973297119,6.690000057220459,0
2026-08-05T08:05,6.685999870300293,6.686999797821045,6.681000232696533,6.686999797821045,0
2026-08-05T08:10,6.688000202178955,6.688000202178955,6.679999828338623,6.679999828338623,0
2026-08-05T08:15,6.677999973297119,6.682000160217285,6.677999973297119,6.677999973297119,0
2026-08-05T08:20,6.677999973297119,6.686999797821045,6.677999973297119,6.686999797821045,0
2026-08-05T08:25,6.686999797821045,6.697999954223633,6.684000015258789,6.685999870300293,0
2026-08-05T08:30,6.683000087738037,6.684000015258789,6.672999858856201,6.672999858856201,53680
2026-08-05T08:35,6.672999858856201,6.677999973297119,6.672999858856201,6.673999786376953,0
2026-08-05T08:40,6.676000118255615,6.677000045776367,6.669000148773193,6.671000003814697,0
2026-08-05T08:45,6.665999889373779,6.666999816894531,6.665999889373779,6.665999889373779,0
2026-08-05T08:50,6.665999889373779,6.666999816894531,6.6579999923706055,6.6579999923706055,0
2026-08-05T08:55,6.6579999923706055,6.660999774932861,6.65500020980835,6.6579999923706055,23680
2026-08-05T09:00,6.658999919891357,6.669000148773193,6.658999919891357,6.669000148773193,0
2026-08-05T09:05,6.670000076293945,6.672999858856201,6.669000148773193,6.671999931335449,70608
2026-08-05T09:10,6.671999931335449,6.678999900817871,6.668000221252441,6.671000003814697,0
2026-08-05T09:15,6.669000148773193,6.672999858856201,6.664999961853027,6.664999961853027,145104
2026-08-05T09:20,6.664999961853027,6.672999858856201,6.664999961853027,6.664999961853027,0
2026-08-05T09:25,6.664999961853027,6.671000003814697,6.664999961853027,6.671000003814697,0
2026-08-05T09:30,6.671000003814697,6.671999931335449,6.670000076293945,6.670000076293945,0
2026-08-05T09:35,6.670000076293945,6.671000003814697,6.668000221252441,6.670000076293945,0
2026-08-05T09:40,6.670000076293945,6.670000076293945,6.669000148773193,6.669000148773193,0
2026-08-05T09:45,6.669000148773193,6.669000148773193,6.665999889373779,6.665999889373779,4608
2026-08-05T09:50,6.665999889373779,6.672999858856201,6.665999889373779,6.670000076293945,182336
2026-08-05T09:55,6.670000076293945,6.671000003814697,6.664000034332275,6.664000034332275,0
2026-08-05T10:00,6.6620001792907715,6.6620001792907715,6.6539998054504395,6.6620001792907715,0
2026-08-05T10:05,6.664000034332275,6.684999942779541,6.660999774932861,6.677000045776367,0
2026-08-05T10:10,6.677000045776367,6.677000045776367,6.665999889373779,6.673999786376953,706752
2026-08-05T10:15,6.671000003814697,6.671000003814697,6.663000106811523,6.669000148773193,0
2026-08-05T10:20,6.669000148773193,6.671999931335449,6.660999774932861,6.664999961853027,0
2026-08-05T10:25,6.668000221252441,6.671999931335449,6.666999816894531,6.671000003814697,202384
2026-08-05T10:30,6.671000003814697,6.671000003814697,6.659999847412109,6.6620001792907715,0
2026-08-05T10:35,6.663000106811523,6.675000190734863,6.663000106811523,6.673999786376953,0
2026-08-05T10:40,6.673999786376953,6.675000190734863,6.665999889373779,6.665999889373779,135760
2026-08-05T10:45,6.663000106811523,6.666999816894531,6.6539998054504395,6.6570000648498535,0
2026-08-05T10:50,6.6570000648498535,6.660999774932861,6.65500020980835,6.659999847412109,0
2026-08-05T10:55,6.659999847412109,6.665999889373779,6.659999847412109,6.6620001792907715,228960
2026-08-05T11:00,6.6620001792907715,6.666999816894531,6.6570000648498535,6.658999919891357,0
2026-08-05T11:05,6.660999774932861,6.671999931335449,6.660999774932861,6.671999931335449,0
2026-08-05T11:10,6.669000148773193,6.671999931335449,6.666999816894531,6.666999816894531,0
2026-08-05T11:15,6.666999816894531,6.670000076293945,6.664000034332275,6.664000034332275,0
2026-08-05T11:20,6.664000034332275,6.670000076293945,6.664000034332275,6.669000148773193,0
2026-08-05T11:25,6.669000148773193,6.676000118255615,6.658999919891357,6.665999889373779,0
2026-08-05T11:30,6.665999889373779,6.671000003814697,6.664999961853027,6.670000076293945,169936
2026-08-05T11:35,6.670000076293945,6.670000076293945,6.664000034332275,6.664000034332275,0
2026-08-05T11:40,6.664000034332275,6.665999889373779,6.6620001792907715,6.664999961853027,0
2026-08-05T11:45,6.664999961853027,6.664999961853027,6.650000095367432,6.6579999923706055,0
2026-08-05T11:50,6.6570000648498535,6.658999919891357,6.651000022888184,6.651000022888184,0
2026-08-05T11:55,6.6539998054504395,6.6570000648498535,6.6519999504089355,6.6570000648498535,0
2026-08-05T12:00,6.6539998054504395,6.658999919891357,6.6529998779296875,6.658999919891357,0
2026-08-05T12:05,6.659999847412109,6.670000076293945,6.658999919891357,6.670000076293945,0
2026-08-05T12:10,6.676000118255615,6.679999828338623,6.671999931335449,6.671999931335449,369680
2026-08-05T12:15,6.672999858856201,6.702000141143799,6.671000003814697,6.701000213623047,109888
2026-08-05T12:20,6.704999923706055,6.710000038146973,6.692999839782715,6.695000171661377,743648
2026-08-05T12:25,6.693999767303467,6.696000099182129,6.686999797821045,6.690000057220459,0
2026-08-05T12:30,6.686999797821045,6.689000129699707,6.682000160217285,6.682000160217285,5952
2026-08-05T12:35,6.684000015258789,6.684999942779541,6.679999828338623,6.681000232696533,0
2026-08-05T12:40,6.681000232696533,6.686999797821045,6.678999900817871,6.679999828338623,0
2026-08-05T12:45,6.679999828338623,6.681000232696533,6.675000190734863,6.678999900817871,0
2026-08-05T12:50,6.679999828338623,6.679999828338623,6.6620001792907715,6.6620001792907715,0
2026-08-05T12:55,6.6620001792907715,6.666999816894531,6.6620001792907715,6.665999889373779,262240
2026-08-05T13:00,6.665999889373779,6.668000221252441,6.664000034332275,6.664999961853027,0
2026-08-05T13:05,6.665999889373779,6.666999816894531,6.660999774932861,6.664999961853027,134304
2026-08-05T13:10,6.664999961853027,6.664999961853027,6.638000011444092,6.65500020980835,0
2026-08-05T13:15,6.6519999504089355,6.6529998779296875,6.6519999504089355,6.6529998779296875,0
2026-08-05T13:20,6.6529998779296875,6.6529998779296875,6.644000053405762,6.644000053405762,0
2026-08-05T13:25,6.64300012588501,6.646999835968018,6.638000011444092,6.638000011444092,0
2026-08-05T13:30,6.631999969482422,6.639999866485596,6.571000099182129,6.574999809265137,0
2026-08-05T13:35,6.578000068664551,6.578000068664551,6.5370001792907715,6.576000213623047,2305200
2026-08-05T13:40,6.572000026702881,6.584000110626221,6.568999767303467,6.580999851226807,1004576
2026-08-05T13:45,6.583000183105469,6.5920000076293945,6.570000171661377,6.5920000076293945,847968
2026-08-05T13:50,6.591000080108643,6.609000205993652,6.5879998207092285,6.5980000495910645,0
2026-08-05T13:55,6.5980000495910645,6.61299991607666,6.5980000495910645,6.611999988555908,450400
2026-08-05T14:00,6.613999843597412,6.617000102996826,6.603000164031982,6.613999843597412,0
2026-08-05T14:05,6.617000102996826,6.636000156402588,6.617000102996826,6.635000228881836,186192
2026-08-05T14:10,6.63700008392334,6.642000198364258,6.633999824523926,6.63700008392334,0
2026-08-05T14:15,6.63700008392334,6.63700008392334,6.630000114440918,6.630000114440918,280464
2026-08-05T14:20,6.630000114440918,6.630000114440918,6.616000175476074,6.618000030517578,0
2026-08-05T14:25,6.618000030517578,6.625999927520752,6.610000133514404,6.622000217437744,0
2026-08-05T14:30,6.617000102996826,6.633999824523926,6.610000133514404,6.619999885559082,0
2026-08-05T14:35,6.625,6.633999824523926,6.624000072479248,6.626999855041504,0
2026-08-05T14:40,6.625,6.630000114440918,6.618000030517578,6.629000186920166,0
2026-08-05T14:45,6.631999969482422,6.63700008392334,6.63100004196167,6.633999824523926,234656
2026-08-05T14:50,6.638000011444092,6.639999866485596,6.614999771118164,6.625,11744
2026-08-05T14:55,6.626999855041504,6.63700008392334,6.619999885559082,6.630000114440918,776112
2026-08-05T15:00,6.630000114440918,6.646999835968018,6.626999855041504,6.640999794006348,0
2026-08-05T15:05,6.640999794006348,6.642000198364258,6.626999855041504,6.642000198364258,0
2026-08-05T15:10,6.64300012588501,6.64300012588501,6.629000186920166,6.630000114440918,246496
2026-08-05T15:15,6.627999782562256,6.630000114440918,6.616000175476074,6.630000114440918,0
2026-08-05T15:20,6.629000186920166,6.646999835968018,6.623000144958496,6.626999855041504,390352
2026-08-05T15:25,6.624000072479248,6.645999908447266,6.623000144958496,6.640999794006348,1438464
2026-08-05T15:30,6.644000053405762,6.664000034332275,6.644000053405762,6.663000106811523,0
2026-08-05T15:35,6.6620001792907715,6.675000190734863,6.65500020980835,6.671000003814697,0
2026-08-05T15:40,6.671999931335449,6.671999931335449,6.658999919891357,6.659999847412109,186208
2026-08-05T15:45,6.6570000648498535,6.663000106811523,6.6539998054504395,6.658999919891357,103600
2026-08-05T15:50,6.659999847412109,6.663000106811523,6.6519999504089355,6.6570000648498535,0
2026-08-05T15:55,6.65500020980835,6.65500020980835,6.638999938964844,6.638999938964844,0
2026-08-05T16:00,6.639999866485596,6.64900016784668,6.638000011444092,6.642000198364258,0
2026-08-05T16:05,6.644000053405762,6.666999816894531,6.644000053405762,6.6570000648498535,0
2026-08-05T16:10,6.656000137329102,6.6579999923706055,6.64900016784668,6.65500020980835,284992
2026-08-05T16:15,6.656000137329102,6.658999919891357,6.650000095367432,6.6579999923706055,0
2026-08-05T16:20,6.660999774932861,6.675000190734863,6.659999847412109,6.668000221252441,197616
2026-08-05T16:25,6.666999816894531,6.690999984741211,6.666999816894531,6.689000129699707,0
2026-08-05T16:30,6.685999870300293,6.690999984741211,6.677000045776367,6.677000045776367,685920
2026-08-05T16:35,6.678999900817871,6.681000232696533,6.668000221252441,6.677999973297119,430224
2026-08-05T16:40,6.677000045776367,6.684999942779541,6.664999961853027,6.669000148773193,761344
2026-08-05T16:45,6.664999961853027,6.668000221252441,6.660999774932861,6.666999816894531,447712
2026-08-05T16:50,6.666999816894531,6.670000076293945,6.664999961853027,6.669000148773193,206128
2026-08-05T16:55,6.669000148773193,6.671999931335449,6.660999774932861,6.670000076293945,0
2026-08-05T17:00,6.669000148773193,6.675000190734863,6.665999889373779,6.670000076293945,0
2026-08-05T17:05,6.666999816894531,6.671999931335449,6.658999919891357,6.658999919891357,234736
2026-08-05T17:10,6.6519999504089355,6.660999774932861,6.651000022888184,6.656000137329102,104064
2026-08-05T17:15,6.65500020980835,6.658999919891357,6.645999908447266,6.656000137329102,0
2026-08-05T17:20,6.65500020980835,6.656000137329102,6.650000095367432,6.6539998054504395,139952
2026-08-05T17:25,6.6539998054504395,6.6579999923706055,6.650000095367432,6.651000022888184,0
2026-08-05T17:30,6.64900016784668,6.6529998779296875,6.64900016784668,6.6519999504089355,0
2026-08-05T17:35,6.6519999504089355,6.678999900817871,6.6519999504089355,6.677999973297119,35696
2026-08-05T17:40,6.679999828338623,6.679999828338623,6.670000076293945,6.670000076293945,1424784
2026-08-05T17:45,6.671000003814697,6.671999931335449,6.665999889373779,6.666999816894531,425088
2026-08-05T17:50,6.666999816894531,6.676000118255615,6.666999816894531,6.670000076293945,281280
2026-08-05T17:55,6.669000148773193,6.670000076293945,6.665999889373779,6.670000076293945,665072
2026-08-05T18:00,6.669000148773193,6.673999786376953,6.668000221252441,6.672999858856201,0
2026-08-05T18:05,6.671000003814697,6.671000003814697,6.6620001792907715,6.6620001792907715,50672
2026-08-05T18:10,6.664999961853027,6.677999973297119,6.664999961853027,6.677999973297119,99232
2026-08-05T18:15,6.681000232696533,6.684999942779541,6.672999858856201,6.672999858856201,0
2026-08-05T18:20,6.673999786376953,6.688000202178955,6.668000221252441,6.668000221252441,0
2026-08-05T18:25,6.668000221252441,6.671000003814697,6.665999889373779,6.670000076293945,22800
2026-08-05T18:30,6.666999816894531,6.668000221252441,6.6620001792907715,6.664999961853027,180512
2026-08-05T18:35,6.665999889373779,6.675000190734863,6.665999889373779,6.672999858856201,0
2026-08-05T18:40,6.676000118255615,6.677000045776367,6.671000003814697,6.677000045776367,0
2026-08-05T18:45,6.675000190734863,6.676000118255615,6.664999961853027,6.669000148773193,136224
2026-08-05T18:50,6.668000221252441,6.673999786376953,6.664999961853027,6.671999931335449,131872
2026-08-05T18:55,6.671999931335449,6.676000118255615,6.668000221252441,6.676000118255615,79216
2026-08-05T19:00,6.676000118255615,6.682000160217285,6.671000003814697,6.681000232696533,0
2026-08-05T19:05,6.684999942779541,6.685999870300293,6.678999900817871,6.682000160217285,0
2026-08-05T19:10,6.681000232696533,6.682000160217285,6.676000118255615,6.678999900817871,32464
2026-08-05T19:15,6.678999900817871,6.678999900817871,6.672999858856201,6.673999786376953,0
2026-08-05T19:20,6.675000190734863,6.676000118255615,6.669000148773193,6.671999931335449,0
2026-08-05T19:25,6.668000221252441,6.672999858856201,6.668000221252441,6.671000003814697,0
2026-08-05T19:30,6.669000148773193,6.671999931335449,6.665999889373779,6.666999816894531,0
2026-08-05T19:35,6.664999961853027,6.672999858856201,6.664999961853027,6.672999858856201,270112
2026-08-05T19:40,6.673999786376953,6.673999786376953,6.666999816894531,6.668000221252441,0
2026-08-05T19:45,6.668000221252441,6.671000003814697,6.659999847412109,6.663000106811523,0
2026-08-05T19:50,6.663000106811523,6.669000148773193,6.6620001792907715,6.669000148773193,178976
2026-08-05T19:55,6.669000148773193,6.669000148773193,6.656000137329102,6.658999919891357,302736
2026-08-05T20:00,6.658999919891357,6.664999961853027,6.6579999923706055,6.664000034332275,0
2026-08-05T20:05,6.6620001792907715,6.6620001792907715,6.658999919891357,6.6620001792907715,263216
2026-08-05T20:10,6.666999816894531,6.675000190734863,6.666999816894531,6.675000190734863,0
2026-08-05T20:15,6.675000190734863,6.683000087738037,6.673999786376953,6.682000160217285,0
2026-08-05T20:20,6.677999973297119,6.696000099182129,6.677000045776367,6.684999942779541,0
2026-08-05T20:25,6.684999942779541,6.691999912261963,6.684999942779541,6.691999912261963,51312
2026-08-05T20:30,6.691999912261963,6.693999767303467,6.681000232696533,6.683000087738037,122688
2026-08-05T20:35,6.681000232696533,6.684000015258789,6.681000232696533,6.683000087738037,214992
2026-08-05T20:40,6.684999942779541,6.689000129699707,6.682000160217285,6.689000129699707,0
2026-08-05T20:45,6.690999984741211,6.690999984741211,6.682000160217285,6.683000087738037,35232
2026-08-05T20:50,6.683000087738037,6.684000015258789,6.679999828338623,6.683000087738037,0
2026-08-05T20:55,6.679999828338623,6.679999828338623,6.672999858856201,6.676000118255615,0
2026-08-05T21:00,6.676000118255615,6.676000118255615,6.666999816894531,6.670000076293945,0
2026-08-05T21:05,6.670000076293945,6.670000076293945,6.660999774932861,6.664000034332275,12736
2026-08-05T21:10,6.6620001792907715,6.666999816894531,6.658999919891357,6.666999816894531,0
2026-08-05T21:15,6.666999816894531,6.666999816894531,6.659999847412109,6.659999847412109,0
2026-08-05T21:20,6.660999774932861,6.660999774932861,6.650000095367432,6.6539998054504395,0
2026-08-05T21:25,6.65500020980835,6.65500020980835,6.636000156402588,6.638999938964844,136896
2026-08-05T21:30,6.640999794006348,6.650000095367432,6.638999938964844,6.644000053405762,148624
2026-08-05T21:35,6.644000053405762,6.650000095367432,6.638999938964844,6.64300012588501,0
2026-08-05T21:40,6.644000053405762,6.650000095367432,6.64300012588501,6.64300012588501,476736
2026-08-05T21:45,6.64300012588501,6.6479997634887695,6.64300012588501,6.6479997634887695,0
2026-08-05T21:50,6.64900016784668,6.6539998054504395,6.64900016784668,6.650000095367432,0
2026-08-05T21:55,6.644999980926514,6.656000137329102,6.644999980926514,6.650000095367432,0
2026-08-05T22:00,6.651000022888184,6.651000022888184,6.638000011444092,6.645999908447266,0
2026-08-05T22:05,6.642000198364258,6.6539998054504395,6.640999794006348,6.651000022888184,0
2026-08-05T22:10,6.650000095367432,6.665999889373779,6.64900016784668,6.650000095367432,0
2026-08-05T22:15,6.650000095367432,6.658999919891357,6.64900016784668,6.6570000648498535,17824
2026-08-05T22:20,6.65500020980835,6.6570000648498535,6.651000022888184,6.656000137329102,0
2026-08-05T22:25,6.65500020980835,6.656000137329102,6.650000095367432,6.6539998054504395,0
2026-08-05T22:30,6.6570000648498535,6.660999774932861,6.6539998054504395,6.6570000648498535,0
2026-08-05T22:35,6.6570000648498535,6.663000106811523,6.6529998779296875,6.659999847412109,55472
2026-08-05T22:40,6.658999919891357,6.659999847412109,6.656000137329102,6.6579999923706055,64240
2026-08-05T22:45,6.6579999923706055,6.663000106811523,6.6539998054504395,6.65500020980835,420384
2026-08-05T22:50,6.6539998054504395,6.656000137329102,6.650000095367432,6.6519999504089355,0
2026-08-05T22:55,6.6529998779296875,6.6539998054504395,6.646999835968018,6.646999835968018,161632
2026-08-05T23:00,6.644000053405762,6.644000053405762,6.635000228881836,6.639999866485596,0
2026-08-05T23:05,6.639999866485596,6.651000022888184,6.638000011444092,6.651000022888184,175696
2026-08-05T23:10,6.6519999504089355,6.65500020980835,6.650000095367432,6.650000095367432,0
2026-08-05T23:15,6.650000095367432,6.659999847412109,6.645999908447266,6.656000137329102,0
2026-08-05T23:20,6.656000137329102,6.658999919891357,6.6529998779296875,6.6529998779296875,110336
2026-08-05T23:25,6.65500020980835,6.656000137329102,6.6519999504089355,6.6519999504089355,0
2026-08-05T23:30,6.6519999504089355,6.6570000648498535,6.64900016784668,6.6570000648498535,0
2026-08-05T23:35,6.658999919891357,6.664999961853027,6.658999919891357,6.663000106811523,0
2026-08-05T23:40,6.660999774932861,6.663000106811523,6.6539998054504395,6.656000137329102,0
2026-08-05T23:45,6.656000137329102,6.6579999923706055,6.646999835968018,6.656000137329102,267648
2026-08-05T23:50,6.6570000648498535,6.659999847412109,6.6519999504089355,6.659999847412109,229392
2026-08-05T23:55,6.658999919891357,6.659999847412109,6.651000022888184,6.6539998054504395,0
2026-08-06T00:00,6.656000137329102,6.660999774932861,6.6529998779296875,6.658999919891357,0
2026-08-06T00:05,6.659999847412109,6.664999961853027,6.6579999923706055,6.664000034332275,0
2026-08-06T00:10,6.660999774932861,6.664000034332275,6.658999919891357,6.659999847412109,0
2026-08-06T00:15,6.659999847412109,6.6620001792907715,6.644999980926514,6.644999980926514,0
2026-08-06T00:20,6.6479997634887695,6.659999847412109,6.6479997634887695,6.6579999923706055,171376
2026-08-06T00:25,6.6570000648498535,6.671000003814697,6.6570000648498535,6.669000148773193,0
2026-08-06T00:30,6.668000221252441,6.673999786376953,6.6620001792907715,6.6620001792907715,0
2026-08-06T00:35,6.6620001792907715,6.6620001792907715,6.64900016784668,6.6519999504089355,83424
2026-08-06T00:40,6.651000022888184,6.65500020980835,6.646999835968018,6.6479997634887695,0
2026-08-06T00:45,6.6479997634887695,6.6570000648498535,6.645999908447266,6.6539998054504395,0
2026-08-06T00:50,6.6519999504089355,6.659999847412109,6.650000095367432,6.659999847412109,0
2026-08-06T00:55,6.658999919891357,6.663000106811523,6.6519999504089355,6.6519999504089355,176112
2026-08-06T01:00,6.650000095367432,6.6529998779296875,6.644000053405762,6.644999980926514,0
2026-08-06T01:05,6.644999980926514,6.64900016784668,6.638999938964844,6.6479997634887695,0
2026-08-06T01:10,6.6479997634887695,6.650000095367432,6.64300012588501,6.645999908447266,6400
2026-08-06T01:15,6.645999908447266,6.645999908447266,6.632999897003174,6.632999897003174,0
2026-08-06T01:20,6.636000156402588,6.63700008392334,6.626999855041504,6.635000228881836,0
2026-08-06T01:25,6.636000156402588,6.636000156402588,6.620999813079834,6.625,0
2026-08-06T01:30,6.620999813079834,6.627999782562256,6.614999771118164,6.625999927520752,135648
2026-08-06T01:35,6.623000144958496,6.631999969482422,6.620999813079834,6.627999782562256,0
2026-08-06T01:40,6.629000186920166,6.629000186920166,6.619999885559082,6.619999885559082,49056
2026-08-06T01:45,6.620999813079834,6.645999908447266,6.61899995803833,6.645999908447266,0
2026-08-06T01:50,6.646999835968018,6.659999847412109,6.642000198364258,6.644999980926514,517072
2026-08-06T01:55,6.644999980926514,6.651000022888184,6.63700008392334,6.639999866485596,0
2026-08-06T02:00,6.633999824523926,6.638000011444092,6.627999782562256,6.630000114440918,0
2026-08-06T02:05,6.630000114440918,6.638999938964844,6.625999927520752,6.638999938964844,0
2026-08-06T02:10,6.64300012588501,6.646999835968018,6.626999855041504,6.626999855041504,119888
2026-08-06T02:15,6.624000072479248,6.629000186920166,6.611999988555908,6.613999843597412,0
2026-08-06T02:20,6.617000102996826,6.629000186920166,6.614999771118164,6.617000102996826,268160
2026-08-06T02:25,6.613999843597412,6.61899995803833,6.61299991607666,6.616000175476074,114688
2026-08-06T02:30,6.61299991607666,6.625,6.61299991607666,6.624000072479248,727488
2026-08-06T02:35,6.624000072479248,6.625999927520752,6.61299991607666,6.625999927520752,425808
2026-08-06T02:40,6.625999927520752,6.635000228881836,6.625999927520752,6.632999897003174,466448
2026-08-06T02:45,6.633999824523926,6.638999938964844,6.633999824523926,6.638000011444092,55728
2026-08-06T02:50,6.638000011444092,6.639999866485596,6.636000156402588,6.639999866485596,216848
2026-08-06T02:55,6.638999938964844,6.645999908447266,6.63700008392334,6.645999908447266,0
2026-08-06T03:00,6.644000053405762,6.644000053405762,6.630000114440918,6.63700008392334,0
2026-08-06T03:05,6.636000156402588,6.64300012588501,6.636000156402588,6.642000198364258,0
2026-08-06T03:10,6.645999908447266,6.6479997634887695,6.64300012588501,6.645999908447266,0
2026-08-06T03:15,6.646999835968018,6.646999835968018,6.639999866485596,6.639999866485596,0
2026-08-06T03:20,6.639999866485596,6.644000053405762,6.638000011444092,6.642000198364258,0
2026-08-06T03:25,6.642000198364258,6.646999835968018,6.642000198364258,6.644999980926514,0
2026-08-06T03:30,6.64900016784668,6.65500020980835,6.646999835968018,6.646999835968018,0
2026-08-06T03:35,6.645999908447266,6.6529998779296875,6.645999908447266,6.6529998779296875,0
2026-08-06T03:40,6.6519999504089355,6.6519999504089355,6.64300012588501,6.644999980926514,0
2026-08-06T03:45,6.644999980926514,6.65500020980835,6.64300012588501,6.65500020980835,0
2026-08-06T03:50,6.6579999923706055,6.6579999923706055,6.6539998054504395,6.6539998054504395,0
2026-08-06T03:55,6.6539998054504395,6.664999961853027,6.6539998054504395,6.659999847412109,38656
2026-08-06T04:00,6.659999847412109,6.683000087738037,6.6570000648498535,6.672999858856201,0
2026-08-06T04:05,6.673999786376953,6.684999942779541,6.664999961853027,6.664999961853027,893664
2026-08-06T04:10,6.668000221252441,6.669000148773193,6.664000034332275,6.664000034332275,652352
2026-08-06T04:15,6.664000034332275,6.683000087738037,6.664000034332275,6.673999786376953,0
2026-08-06T04:20,6.673999786376953,6.691999912261963,6.673999786376953,6.686999797821045,0
2026-08-06T04:25,6.689000129699707,6.689000129699707,6.684000015258789,6.684999942779541,278496
2026-08-06T04:30,6.685999870300293,6.690000057220459,6.675000190734863,6.675000190734863,369664
2026-08-06T04:35,6.675000190734863,6.675000190734863,6.665999889373779,6.666999816894531,0
2026-08-06T04:40,6.666999816894531,6.666999816894531,6.6579999923706055,6.6579999923706055,74768
2026-08-06T04:45,6.6579999923706055,6.6579999923706055,6.6519999504089355,6.656000137329102,63520
2026-08-06T04:50,6.6529998779296875,6.663000106811523,6.6529998779296875,6.663000106811523,0
2026-08-06T04:55,6.6620001792907715,6.664000034332275,6.6570000648498535,6.664000034332275,75504
2026-08-06T05:00,6.663000106811523,6.677999973297119,6.663000106811523,6.677999973297119,0
2026-08-06T05:05,6.681000232696533,6.695000171661377,6.681000232696533,6.690999984741211,0
2026-08-06T05:10,6.690999984741211,6.690999984741211,6.679999828338623,6.681000232696533,0
2026-08-06T05:15,6.681000232696533,6.684999942779541,6.673999786376953,6.676000118255615,0
2026-08-06T05:20,6.675000190734863,6.676000118255615,6.671000003814697,6.676000118255615,0
2026-08-06T05:25,6.676000118255615,6.676000118255615,6.660999774932861,6.660999774932861,0
2026-08-06T05:30,6.660999774932861,6.669000148773193,6.660999774932861,6.663000106811523,0
2026-08-06T05:35,6.665999889373779,6.665999889373779,6.6579999923706055,6.658999919891357,0
2026-08-06T05:40,6.659999847412109,6.660999774932861,6.6579999923706055,6.6579999923706055,401088
2026-08-06T05:45,6.6579999923706055,6.6620001792907715,6.656000137329102,6.6570000648498535,0
2026-08-06T05:50,6.6579999923706055,6.660999774932861,6.6579999923706055,6.6579999923706055,0
2026-08-06T05:55,6.6579999923706055,6.665999889373779,6.6570000648498535,6.665999889373779,387088
2026-08-06T06:00,6.663000106811523,6.663000106811523,6.6519999504089355,6.659999847412109,0
2026-08-06T06:05,6.659999847412109,6.659999847412109,6.6579999923706055,6.6579999923706055,0
2026-08-06T06:10,6.658999919891357,6.658999919891357,6.64900016784668,6.6519999504089355,0
2026-08-06T06:15,6.6529998779296875,6.656000137329102,6.644999980926514,6.6479997634887695,0
2026-08-06T06:20,6.6479997634887695,6.65500020980835,6.645999908447266,6.65500020980835,97616
2026-08-06T06:25,6.6539998054504395,6.6579999923706055,6.6539998054504395,6.6579999923706055,0
2026-08-06T06:30,6.659999847412109,6.666999816894531,6.6579999923706055,6.666999816894531,175344
2026-08-06T06:35,6.666999816894531,6.668000221252441,6.6620001792907715,6.663000106811523,157536
2026-08-06T06:40,6.663000106811523,6.670000076293945,6.663000106811523,6.670000076293945,0
2026-08-06T06:45,6.670000076293945,6.671999931335449,6.668000221252441,6.669000148773193,0
2026-08-06T06:50,6.669000148773193,6.671999931335449,6.669000148773193,6.671000003814697,0
2026-08-06T06:55,6.669000148773193,6.669000148773193,6.666999816894531,6.666999816894531,435792
2026-08-06T07:00,6.665999889373779,6.666999816894531,6.664000034332275,6.666999816894531,0
2026-08-06T07:05,6.666999816894531,6.666999816894531,6.660999774932861,6.660999774932861,0
2026-08-06T07:10,6.658999919891357,6.666999816894531,6.658999919891357,6.666999816894531,0
2026-08-06T07:15,6.666999816894531,6.670000076293945,6.663000106811523,6.670000076293945,242000
2026-08-06T07:20,6.670000076293945,6.673999786376953,6.669000148773193,6.671999931335449,17312
2026-08-06T07:25,6.671000003814697,6.671000003814697,6.670000076293945,6.670000076293945,182704
2026-08-06T07:30,6.669000148773193,6.675000190734863,6.669000148773193,6.675000190734863,186736
2026-08-06T07:35,6.677999973297119,6.681000232696533,6.673999786376953,6.673999786376953,43712
2026-08-06T07:40,6.673999786376953,6.681000232696533,6.673999786376953,6.677999973297119,265776
2026-08-06T07:45,6.677999973297119,6.684000015258789,6.676000118255615,6.682000160217285,639264
2026-08-06T07:50,6.682000160217285,6.690000057220459,6.682000160217285,6.685999870300293,0
2026-08-06T07:55,6.682000160217285,6.689000129699707,6.677000045776367,6.681000232696533,495392
2026-08-06T08:00,6.681000232696533,6.685999870300293,6.677999973297119,6.685999870300293,0
2026-08-06T08:05,6.683000087738037,6.683000087738037,6.660999774932861,6.660999774932861,27824
2026-08-06T08:10,6.659999847412109,6.664999961853027,6.6579999923706055,6.6579999923706055,195376
2026-08-06T08:15,6.6579999923706055,6.659999847412109,6.6529998779296875,6.6529998779296875,0
2026-08-06T08:20,6.656000137329102,6.659999847412109,6.65500020980835,6.659999847412109,365488
2026-08-06T08:25,6.660999774932861,6.664999961853027,6.6570000648498535,6.663000106811523,414048
2026-08-06T08:30,6.665999889373779,6.670000076293945,6.6620001792907715,6.6620001792907715,0
2026-08-06T08:35,6.664000034332275,6.664000034332275,6.658999919891357,6.658999919891357,142192
2026-08-06T08:40,6.658999919891357,6.668000221252441,6.658999919891357,6.6620001792907715,0
2026-08-06T08:45,6.6620001792907715,6.668000221252441,6.6620001792907715,6.668000221252441,0
2026-08-06T08:50,6.669000148773193,6.678999900817871,6.666999816894531,6.677000045776367,0
2026-08-06T08:55,6.677000045776367,6.677000045776367,6.670000076293945,6.671999931335449,104864
2026-08-06T09:00,6.671999931335449,6.671999931335449,6.663000106811523,6.663000106811523,0
2026-08-06T09:05,6.663000106811523,6.663000106811523,6.6579999923706055,6.659999847412109,0
2026-08-06T09:10,6.659999847412109,6.659999847412109,6.633999824523926,6.635000228881836,0
2026-08-06T09:15,6.635000228881836,6.635000228881836,6.60699987411499,6.611000061035156,0
2026-08-06T09:20,6.610000133514404,6.618000030517578,6.610000133514404,6.614999771118164,1013040
2026-08-06T09:25,6.614999771118164,6.622000217437744,6.614999771118164,6.614999771118164,473200
2026-08-06T09:30,6.613999843597412,6.613999843597412,6.591000080108643,6.605000019073486,820816
2026-08-06T09:35,6.605999946594238,6.611000061035156,6.605999946594238,6.607999801635742,637408
2026-08-06T09:40,6.607999801635742,6.610000133514404,6.599999904632568,6.599999904632568,326624
2026-08-06T09:45,6.5980000495910645,6.5980000495910645,6.550000190734863,6.570000171661377,1799680
2026-08-06T09:50,6.565000057220459,6.570000171661377,6.565000057220459,6.566999912261963,1547984
2026-08-06T09:55,6.566999912261963,6.566999912261963,6.48799991607666,6.519999980926514,4714224
2026-08-06T10:00,6.517000198364258,6.517000198364258,6.367000102996826,6.408999919891357,3274016
2026-08-06T10:05,6.4039998054504395,6.420000076293945,6.394000053405762,6.40500020980835,10686688
2026-08-06T10:10,6.4070000648498535,6.419000148773193,6.400000095367432,6.4029998779296875,4548400
2026-08-06T10:15,6.4039998054504395,6.432000160217285,6.4039998054504395,6.431000232696533,1946976
2026-08-06T10:20,6.433000087738037,6.443999767303467,6.433000087738037,6.438000202178955,2701200
2026-08-06T10:25,6.439000129699707,6.439000129699707,6.420000076293945,6.426000118255615,1812704
2026-08-06T10:30,6.422999858856201,6.422999858856201,6.39900016784668,6.415999889373779,1679184
2026-08-06T10:35,6.410999774932861,6.420000076293945,6.4039998054504395,6.420000076293945,1915696
2026-08-06T10:40,6.420000076293945,6.427999973297119,6.39900016784668,6.39900016784668,2791696
2026-08-06T10:45,6.400000095367432,6.410999774932861,6.3979997634887695,6.408999919891357,780144
2026-08-06T10:50,6.409999847412109,6.414000034332275,6.4079999923706055,6.410999774932861,1115648
2026-08-06T10:55,6.410999774932861,6.415999889373779,6.39900016784668,6.4039998054504395,1589344
2026-08-06T11:00,6.4039998054504395,6.40500020980835,6.388000011444092,6.388000011444092,1143488
2026-08-06T11:05,6.388999938964844,6.4120001792907715,6.386000156402588,6.4120001792907715,1985680
2026-08-06T11:10,6.415999889373779,6.421000003814697,6.414000034332275,6.415999889373779,1741648
2026-08-06T11:15,6.413000106811523,6.433000087738037,6.413000106811523,6.432000160217285,208768
2026-08-06T11:20,6.432000160217285,6.436999797821045,6.432000160217285,6.433000087738037,936208
2026-08-06T11:25,6.433000087738037,6.438000202178955,6.432000160217285,6.438000202178955,254752
2026-08-06T11:30,6.439000129699707,6.442999839782715,6.434999942779541,6.440000057220459,0
2026-08-06T11:35,6.440000057220459,6.447999954223633,6.438000202178955,6.445000171661377,1191904
2026-08-06T11:40,6.442999839782715,6.448999881744385,6.442999839782715,6.448999881744385,987424
2026-08-06T11:45,6.442999839782715,6.447000026702881,6.436999797821045,6.440999984741211,589568
2026-08-06T11:50,6.440999984741211,6.441999912261963,6.438000202178955,6.440999984741211,381968
2026-08-06T11:55,6.442999839782715,6.443999767303467,6.433000087738037,6.435999870300293,543200
2026-08-06T12:00,6.434999942779541,6.434999942779541,6.4070000648498535,6.414999961853027,957408
2026-08-06T12:05,6.414999961853027,6.414999961853027,6.4070000648498535,6.4120001792907715,1094160
2026-08-06T12:10,6.4120001792907715,6.421000003814697,6.4120001792907715,6.420000076293945,353728
2026-08-06T12:15,6.425000190734863,6.425000190734863,6.418000221252441,6.421000003814697,114288
2026-08-06T12:20,6.422999858856201,6.427999973297119,6.421999931335449,6.427999973297119,0
2026-08-06T12:25,6.431000232696533,6.436999797821045,6.429999828338623,6.434000015258789,319120
2026-08-06T12:30,6.436999797821045,6.440000057220459,6.431000232696533,6.433000087738037,12128
2026-08-06T12:35,6.431000232696533,6.442999839782715,6.431000232696533,6.441999912261963,292016
2026-08-06T12:40,6.442999839782715,6.442999839782715,6.434000015258789,6.436999797821045,337360
2026-08-06T12:45,6.434000015258789,6.434000015258789,6.429999828338623,6.431000232696533,202832
2026-08-06T12:50,6.431000232696533,6.432000160217285,6.421000003814697,6.421000003814697,0
2026-08-06T12:55,6.422999858856201,6.422999858856201,6.409999847412109,6.410999774932861,1034576
2026-08-06T13:00,6.408999919891357,6.4120001792907715,6.4079999923706055,6.4079999923706055,0
2026-08-06T13:05,6.40500020980835,6.40500020980835,6.39300012588501,6.394000053405762,916944
2026-08-06T13:10,6.39300012588501,6.406000137329102,6.389999866485596,6.4029998779296875,1000944
2026-08-06T13:15,6.4029998779296875,6.406000137329102,6.4019999504089355,6.4029998779296875,507776
2026-08-06T13:20,6.4039998054504395,6.410999774932861,6.4039998054504395,6.409999847412109,0
2026-08-06T13:25,6.406000137329102,6.409999847412109,6.4039998054504395,6.406000137329102,485408
2026-08-06T13:30,6.40500020980835,6.408999919891357,6.401000022888184,6.4029998779296875,22336
2026-08-06T13:35,6.4079999923706055,6.422999858856201,6.4039998054504395,6.413000106811523,0
2026-08-06T13:40,6.415999889373779,6.427000045776367,6.414999961853027,6.419000148773193,0
2026-08-06T13:45,6.421000003814697,6.425000190734863,6.415999889373779,6.421000003814697,0
2026-08-06T13:50,6.420000076293945,6.426000118255615,6.414999961853027,6.414999961853027,0
2026-08-06T13:55,6.414000034332275,6.419000148773193,6.410999774932861,6.415999889373779,133648
2026-08-06T14:00,6.413000106811523,6.414000034332275,6.4029998779296875,6.409999847412109,0
2026-08-06T14:05,6.410999774932861,6.418000221252441,6.410999774932861,6.416999816894531,162496
2026-08-06T14:10,6.420000076293945,6.423999786376953,6.414999961853027,6.416999816894531,0
2026-08-06T14:15,6.415999889373779,6.418000221252441,6.40500020980835,6.406000137329102,0
2026-08-06T14:20,6.4079999923706055,6.419000148773193,6.4079999923706055,6.410999774932861,485136
2026-08-06T14:25,6.409999847412109,6.413000106811523,6.401000022888184,6.401000022888184,0
2026-08-06T14:30,6.400000095367432,6.422999858856201,6.400000095367432,6.422999858856201,0
2026-08-06T14:35,6.425000190734863,6.433000087738037,6.425000190734863,6.427000045776367,220512
2026-08-06T14:40,6.425000190734863,6.443999767303467,6.422999858856201,6.440000057220459,93616
2026-08-06T14:45,6.440999984741211,6.440999984741211,6.426000118255615,6.427000045776367,105488
2026-08-06T14:50,6.426000118255615,6.434000015258789,6.425000190734863,6.428999900817871,96960
2026-08-06T14:55,6.427999973297119,6.451000213623047,6.427000045776367,6.448999881744385,0
2026-08-06T15:00,6.447000026702881,6.455999851226807,6.434000015258789,6.443999767303467,0
2026-08-06T15:05,6.448999881744385,6.454999923706055,6.445000171661377,6.451000213623047,409648
2026-08-06T15:10,6.453999996185303,6.456999778747559,6.446000099182129,6.446000099182129,263728
2026-08-06T15:15,6.446000099182129,6.449999809265137,6.440999984741211,6.440999984741211,307968
2026-08-06T15:20,6.441999912261963,6.453000068664551,6.440999984741211,6.453000068664551,0
2026-08-06T15:25,6.453000068664551,6.461999893188477,6.451000213623047,6.460000038146973,0
2026-08-06T15:30,6.459000110626221,6.468999862670898,6.456999778747559,6.458000183105469,0
2026-08-06T15:35,6.455999851226807,6.4629998207092285,6.451000213623047,6.460999965667725,0
2026-08-06T15:40,6.460999965667725,6.460999965667725,6.454999923706055,6.458000183105469,24368
2026-08-06T15:45,6.460000038146973,6.4720001220703125,6.460000038146973,6.46999979019165,0
2026-08-06T15:50,6.466000080108643,6.46999979019165,6.454999923706055,6.455999851226807,375936
2026-08-06T15:55,6.453000068664551,6.4710001945495605,6.453000068664551,6.466000080108643,388704
2026-08-06T16:00,6.466000080108643,6.466000080108643,6.442999839782715,6.447000026702881,0
2026-08-06T16:05,6.447000026702881,6.458000183105469,6.447000026702881,6.456999778747559,162960
2026-08-06T16:10,6.456999778747559,6.460000038146973,6.433000087738037,6.435999870300293,661904
2026-08-06T16:15,6.438000202178955,6.4670000076293945,6.435999870300293,6.4670000076293945,987648
2026-08-06T16:20,6.460000038146973,6.460000038146973,6.448999881744385,6.453999996185303,1220240
2026-08-06T16:25,6.454999923706055,6.4670000076293945,6.449999809265137,6.466000080108643,266720
2026-08-06T16:30,6.4670000076293945,6.474999904632568,6.4629998207092285,6.474999904632568,0
2026-08-06T16:35,6.4730000495910645,6.474999904632568,6.465000152587891,6.474999904632568,223536
2026-08-06T16:40,6.4770002365112305,6.482999801635742,6.4770002365112305,6.482999801635742,0
2026-08-06T16:45,6.48199987411499,6.484000205993652,6.473999977111816,6.484000205993652,0
2026-08-06T16:50,6.485000133514404,6.497000217437744,6.485000133514404,6.486999988555908,502112
2026-08-06T16:55,6.492000102996826,6.498000144958496,6.491000175476074,6.497000217437744,106928
2026-08-06T17:00,6.494999885559082,6.500999927520752,6.485000133514404,6.486000061035156,187376
2026-08-06T17:05,6.485000133514404,6.485000133514404,6.47599983215332,6.4770002365112305,371360
2026-08-06T17:10,6.4770002365112305,6.478000164031982,6.4730000495910645,6.4730000495910645,0
2026-08-06T17:15,6.4720001220703125,6.474999904632568,6.468999862670898,6.474999904632568,0
2026-08-06T17:20,6.479000091552734,6.479000091552734,6.468999862670898,6.468999862670898,66880
2026-08-06T17:25,6.468999862670898,6.4710001945495605,6.465000152587891,6.465000152587891,364528
2026-08-06T17:30,6.465000152587891,6.4710001945495605,6.461999893188477,6.4679999351501465,151792
2026-08-06T17:35,6.466000080108643,6.46999979019165,6.466000080108643,6.4679999351501465,867552
2026-08-06T17:40,6.4679999351501465,6.4679999351501465,6.455999851226807,6.466000080108643,0
2026-08-06T17:45,6.466000080108643,6.466000080108643,6.454999923706055,6.454999923706055,0
2026-08-06T17:50,6.454999923706055,6.456999778747559,6.453000068664551,6.456999778747559,0
2026-08-06T17:55,6.456999778747559,6.460999965667725,6.456999778747559,6.459000110626221,0
2026-08-06T18:00,6.456999778747559,6.458000183105469,6.453000068664551,6.454999923706055,0
2026-08-06T18:05,6.459000110626221,6.460999965667725,6.453999996185303,6.460999965667725,0
2026-08-06T18:10,6.4629998207092285,6.4679999351501465,6.456999778747559,6.4679999351501465,403024
2026-08-06T18:15,6.4679999351501465,6.47599983215332,6.4629998207092285,6.4720001220703125,110960
2026-08-06T18:20,6.4720001220703125,6.478000164031982,6.4679999351501465,6.4730000495910645,257632
2026-08-06T18:25,6.4730000495910645,6.4770002365112305,6.4710001945495605,6.4770002365112305,229952
2026-08-06T18:30,6.4770002365112305,6.4770002365112305,6.460000038146973,6.465000152587891,94256
2026-08-06T18:35,6.466000080108643,6.466000080108643,6.449999809265137,6.451000213623047,266960
2026-08-06T18:40,6.451000213623047,6.451000213623047,6.440000057220459,6.440999984741211,587552
2026-08-06T18:45,6.441999912261963,6.455999851226807,6.440999984741211,6.447999954223633,0
2026-08-06T18:50,6.447999954223633,6.447999954223633,6.436999797821045,6.440999984741211,111776
2026-08-06T18:55,6.440999984741211,6.447999954223633,6.440000057220459,6.447000026702881,36416
2026-08-06T19:00,6.447999954223633,6.453000068664551,6.443999767303467,6.449999809265137,0
2026-08-06T19:05,6.448999881744385,6.453999996185303,6.447000026702881,6.452000141143799,63360
2026-08-06T19:10,6.452000141143799,6.453000068664551,6.448999881744385,6.451000213623047,180880
2026-08-06T19:15,6.449999809265137,6.453999996185303,6.447999954223633,6.453999996185303,0
2026-08-06T19:20,6.452000141143799,6.461999893188477,6.451000213623047,6.454999923706055,434112
2026-08-06T19:25,6.453999996185303,6.458000183105469,6.453999996185303,6.454999923706055,523200
2026-08-06T19:30,6.454999923706055,6.456999778747559,6.446000099182129,6.454999923706055,0
2026-08-06T19:35,6.454999923706055,6.459000110626221,6.451000213623047,6.453000068664551,0
2026-08-06T19:40,6.453000068664551,6.456999778747559,6.446000099182129,6.449999809265137,217280
2026-08-06T19:45,6.449999809265137,6.453000068664551,6.443999767303467,6.443999767303467,7104
2026-08-06T19:50,6.445000171661377,6.452000141143799,6.439000129699707,6.448999881744385,0
2026-08-06T19:55,6.448999881744385,6.448999881744385,6.440999984741211,6.443999767303467,138656
2026-08-06T20:00,6.442999839782715,6.458000183105469,6.442999839782715,6.458000183105469,0
2026-08-06T20:05,6.458000183105469,6.458000183105469,6.453000068664551,6.453000068664551,0
2026-08-06T20:10,6.453000068664551,6.456999778747559,6.448999881744385,6.455999851226807,0
2026-08-06T20:15,6.456999778747559,6.458000183105469,6.455999851226807,6.458000183105469,0
2026-08-06T20:20,6.458000183105469,6.458000183105469,6.447999954223633,6.447999954223633,0
2026-08-06T20:25,6.449999809265137,6.449999809265137,6.447000026702881,6.447999954223633,52880
2026-08-06T20:30,6.447999954223633,6.454999923706055,6.445000171661377,6.454999923706055,0
2026-08-06T20:35,6.454999923706055,6.454999923706055,6.451000213623047,6.454999923706055,305936
2026-08-06T20:40,6.454999923706055,6.466000080108643,6.454999923706055,6.466000080108643,0
2026-08-06T20:45,6.464000225067139,6.464000225067139,6.460999965667725,6.461999893188477,0
2026-08-06T20:50,6.461999893188477,6.4629998207092285,6.460000038146973,6.461999893188477,214048
2026-08-06T20:55,6.461999893188477,6.461999893188477,6.456999778747559,6.456999778747559,131984
2026-08-06T21:00,6.458000183105469,6.466000080108643,6.458000183105469,6.459000110626221,236384
2026-08-06T21:05,6.459000110626221,6.459000110626221,6.453999996185303,6.453999996185303,0
2026-08-06T21:10,6.453999996185303,6.454999923706055,6.449999809265137,6.454999923706055,0
2026-08-06T21:15,6.455999851226807,6.455999851226807,6.451000213623047,6.452000141143799,0
2026-08-06T21:20,6.453000068664551,6.453999996185303,6.451000213623047,6.452000141143799,0
2026-08-06T21:25,6.448999881744385,6.453000068664551,6.447999954223633,6.451000213623047,0
2026-08-06T21:30,6.451000213623047,6.459000110626221,6.451000213623047,6.454999923706055,0
2026-08-06T21:35,6.454999923706055,6.455999851226807,6.452000141143799,6.453000068664551,0
2026-08-06T21:40,6.452000141143799,6.459000110626221,6.449999809265137,6.459000110626221,0
2026-08-06T21:45,6.459000110626221,6.459000110626221,6.453000068664551,6.453000068664551,0
2026-08-06T21:50,6.453000068664551,6.459000110626221,6.453000068664551,6.453000068664551,0
2026-08-06T21:55,6.453000068664551,6.460000038146973,6.453000068664551,6.460000038146973,0
2026-08-06T22:00,6.459000110626221,6.460000038146973,6.451000213623047,6.460000038146973,0
2026-08-06T22:05,6.458000183105469,6.465000152587891,6.458000183105469,6.465000152587891,58624
2026-08-06T22:10,6.461999893188477,6.4720001220703125,6.461999893188477,6.468999862670898,176848
2026-08-06T22:15,6.468999862670898,6.468999862670898,6.464000225067139,6.465000152587891,266640
2026-08-06T22:20,6.465000152587891,6.466000080108643,6.460999965667725,6.465000152587891,0
2026-08-06T22:25,6.465000152587891,6.465000152587891,6.460000038146973,6.461999893188477,324128
2026-08-06T22:30,6.461999893188477,6.466000080108643,6.456999778747559,6.461999893188477,90048
2026-08-06T22:35,6.461999893188477,6.4629998207092285,6.460999965667725,6.461999893188477,0
2026-08-06T22:40,6.461999893188477,6.461999893188477,6.453000068664551,6.454999923706055,0
2026-08-06T22:45,6.454999923706055,6.454999923706055,6.447000026702881,6.453000068664551,80032
2026-08-06T22:50,6.453000068664551,6.453000068664551,6.451000213623047,6.451000213623047,555280
2026-08-06T22:55,6.452000141143799,6.452000141143799,6.447999954223633,6.451000213623047,335696
2026-08-06T23:00,6.449999809265137,6.453999996185303,6.449999809265137,6.453000068664551,0
2026-08-06T23:05,6.453000068664551,6.453000068664551,6.439000129699707,6.439000129699707,290304
2026-08-06T23:10,6.440000057220459,6.443999767303467,6.440000057220459,6.443999767303467,59840
2026-08-06T23:15,6.443999767303467,6.443999767303467,6.423999786376953,6.423999786376953,329184
2026-08-06T23:20,6.423999786376953,6.423999786376953,6.408999919891357,6.416999816894531,376528
2026-08-06T23:25,6.416999816894531,6.419000148773193,6.409999847412109,6.4120001792907715,125504
2026-08-06T23:30,6.4120001792907715,6.418000221252441,6.4120001792907715,6.418000221252441,765584
2026-08-06T23:35,6.418000221252441,6.423999786376953,6.414999961853027,6.416999816894531,0
2026-08-06T23:40,6.418000221252441,6.426000118255615,6.418000221252441,6.423999786376953,425280
2026-08-06T23:45,6.423999786376953,6.433000087738037,6.423999786376953,6.427000045776367,0
2026-08-06T23:50,6.427000045776367,6.432000160217285,6.427000045776367,6.427999973297119,0
2026-08-06T23:55,6.427000045776367,6.434999942779541,6.427000045776367,6.432000160217285,11664
2026-08-07T00:00,6.434999942779541,6.439000129699707,6.426000118255615,6.439000129699707,0
2026-08-07T00:05,6.440000057220459,6.441999912261963,6.425000190734863,6.427000045776367,159168
2026-08-07T00:10,6.422999858856201,6.423999786376953,6.409999847412109,6.416999816894531,754256
2026-08-07T00:15,6.415999889373779,6.416999816894531,6.409999847412109,6.413000106811523,235088
2026-08-07T00:20,6.413000106811523,6.413000106811523,6.401000022888184,6.4029998779296875,24832
2026-08-07T00:25,6.3979997634887695,6.422999858856201,6.3979997634887695,6.422999858856201,303328
2026-08-07T00:30,6.423999786376953,6.423999786376953,6.415999889373779,6.422999858856201,34240
2026-08-07T00:35,6.422999858856201,6.422999858856201,6.413000106811523,6.415999889373779,174176
2026-08-07T00:40,6.416999816894531,6.422999858856201,6.409999847412109,6.421999931335449,113008
2026-08-07T00:45,6.422999858856201,6.425000190734863,6.416999816894531,6.418000221252441,8304
2026-08-07T00:50,6.415999889373779,6.423999786376953,6.413000106811523,6.415999889373779,189792
2026-08-07T00:55,6.415999889373779,6.415999889373779,6.408999919891357,6.413000106811523,0
2026-08-07T01:00,6.414999961853027,6.428999900817871,6.414999961853027,6.428999900817871,38752
2026-08-07T01:05,6.425000190734863,6.428999900817871,6.416999816894531,6.416999816894531,0
2026-08-07T01:10,6.416999816894531,6.418000221252441,6.408999919891357,6.416999816894531,0
2026-08-07T01:15,6.415999889373779,6.419000148773193,6.413000106811523,6.419000148773193,228752
2026-08-07T01:20,6.418000221252441,6.420000076293945,6.414999961853027,6.414999961853027,31632
2026-08-07T01:25,6.415999889373779,6.423999786376953,6.415999889373779,6.421999931335449,46160
2026-08-07T01:30,6.421999931335449,6.426000118255615,6.420000076293945,6.420000076293945,0
2026-08-07T01:35,6.416999816894531,6.416999816894531,6.394999980926514,6.394999980926514,0
2026-08-07T01:40,6.400000095367432,6.410999774932861,6.39900016784668,6.409999847412109,0
2026-08-07T01:45,6.408999919891357,6.415999889373779,6.408999919891357,6.410999774932861,619648
2026-08-07T01:50,6.4120001792907715,6.4120001792907715,6.4070000648498535,6.4079999923706055,0
2026-08-07T01:55,6.4079999923706055,6.414999961853027,6.4070000648498535,6.410999774932861,119232
2026-08-07T02:00,6.410999774932861,6.413000106811523,6.4079999923706055,6.408999919891357,0
2026-08-07T02:05,6.4070000648498535,6.4079999923706055,6.39900016784668,6.39900016784668,481216
2026-08-07T02:10,6.39900016784668,6.420000076293945,6.389999866485596,6.418000221252441,0
2026-08-07T02:15,6.418000221252441,6.428999900817871,6.418000221252441,6.423999786376953,512592
2026-08-07T02:20,6.422999858856201,6.422999858856201,6.408999919891357,6.4120001792907715,58288
2026-08-07T02:25,6.4079999923706055,6.414000034332275,6.4079999923706055,6.410999774932861,0
2026-08-07T02:30,6.4120001792907715,6.420000076293945,6.4120001792907715,6.419000148773193,0
2026-08-07T02:35,6.414999961853027,6.422999858856201,6.414999961853027,6.415999889373779,0
2026-08-07T02:40,6.415999889373779,6.421999931335449,6.414000034332275,6.421999931335449,0
2026-08-07T02:45,6.421000003814697,6.426000118255615,6.420000076293945,6.422999858856201,0
2026-08-07T02:50,6.425000190734863,6.429999828338623,6.421000003814697,6.428999900817871,0
2026-08-07T02:55,6.428999900817871,6.428999900817871,6.420000076293945,6.421000003814697,20800
2026-08-07T03:00,6.421000003814697,6.426000118255615,6.418000221252441,6.425000190734863,197632
2026-08-07T03:05,6.425000190734863,6.439000129699707,6.425000190734863,6.432000160217285,0
2026-08-07T03:10,6.431000232696533,6.431000232696533,6.415999889373779,6.415999889373779,105216
2026-08-07T03:15,6.415999889373779,6.420000076293945,6.414999961853027,6.418000221252441,190832
2026-08-07T03:20,6.414999961853027,6.428999900817871,6.413000106811523,6.419000148773193,141344
2026-08-07T03:25,6.419000148773193,6.432000160217285,6.415999889373779,6.431000232696533,771296
2026-08-07T03:30,6.429999828338623,6.431000232696533,6.422999858856201,6.425000190734863,622816
2026-08-07T03:35,6.425000190734863,6.427000045776367,6.421999931335449,6.423999786376953,0
2026-08-07T03:40,6.423999786376953,6.426000118255615,6.420000076293945,6.420000076293945,0
2026-08-07T03:45,6.416999816894531,6.416999816894531,6.414999961853027,6.416999816894531,0
2026-08-07T03:50,6.416999816894531,6.423999786376953,6.4079999923706055,6.410999774932861,38096
2026-08-07T03:55,6.410999774932861,6.410999774932861,6.4019999504089355,6.4019999504089355,0
2026-08-07T04:00,6.401000022888184,6.4029998779296875,6.389999866485596,6.4019999504089355,122096
2026-08-07T04:05,6.4019999504089355,6.4070000648498535,6.396999835968018,6.39900016784668,0
2026-08-07T04:10,6.39900016784668,6.400000095367432,6.390999794006348,6.392000198364258,0
2026-08-07T04:15,6.392000198364258,6.4019999504089355,6.392000198364258,6.39900016784668,216864
2026-08-07T04:20,6.4019999504089355,6.4029998779296875,6.3979997634887695,6.400000095367432,90256
2026-08-07T04:25,6.400000095367432,6.400000095367432,6.392000198364258,6.3979997634887695,0
2026-08-07T04:30,6.395999908447266,6.401000022888184,6.390999794006348,6.3979997634887695,414464
2026-08-07T04:35,6.3979997634887695,6.401000022888184,6.39300012588501,6.39900016784668,41472
2026-08-07T04:40,6.400000095367432,6.400000095367432,6.396999835968018,6.3979997634887695,0
2026-08-07T04:45,6.3979997634887695,6.400000095367432,6.39300012588501,6.395999908447266,36336
2026-08-07T04:50,6.395999908447266,6.395999908447266,6.38700008392334,6.390999794006348,20512
2026-08-07T04:55,6.390999794006348,6.39300012588501,6.389999866485596,6.392000198364258,624848
2026-08-07T05:00,6.392000198364258,6.396999835968018,6.389999866485596,6.395999908447266,387248
2026-08-07T05:05,6.392000198364258,6.392000198364258,6.388999938964844,6.389999866485596,0
2026-08-07T05:10,6.389999866485596,6.3979997634887695,6.389999866485596,6.3979997634887695,280784
2026-08-07T05:15,6.395999908447266,6.400000095367432,6.395999908447266,6.395999908447266,0
2026-08-07T05:20,6.396999835968018,6.3979997634887695,6.390999794006348,6.390999794006348,0
2026-08-07T05:25,6.389999866485596,6.392000198364258,6.389999866485596,6.392000198364258,256560
2026-08-07T05:30,6.392000198364258,6.392000198364258,6.369999885559082,6.369999885559082,823168
2026-08-07T05:35,6.369999885559082,6.385000228881836,6.369999885559082,6.385000228881836,805760
2026-08-07T05:40,6.385000228881836,6.385000228881836,6.377999782562256,6.383999824523926,147488
2026-08-07T05:45,6.385000228881836,6.392000198364258,6.383999824523926,6.390999794006348,0
2026-08-07T05:50,6.392000198364258,6.400000095367432,6.392000198364258,6.3979997634887695,0
2026-08-07T05:55,6.39900016784668,6.4029998779296875,6.39900016784668,6.4029998779296875,0
2026-08-07T06:00,6.4029998779296875,6.4029998779296875,6.3979997634887695,6.39900016784668,149024
2026-08-07T06:05,6.401000022888184,6.4019999504089355,6.396999835968018,6.3979997634887695,82784
2026-08-07T06:10,6.3979997634887695,6.40500020980835,6.3979997634887695,6.40500020980835,0
2026-08-07T06:15,6.406000137329102,6.420000076293945,6.406000137329102,6.419000148773193,279776
2026-08-07T06:20,6.419000148773193,6.426000118255615,6.418000221252441,6.426000118255615,0
2026-08-07T06:25,6.426000118255615,6.427000045776367,6.420000076293945,6.420000076293945,184352
2026-08-07T06:30,6.421000003814697,6.421000003814697,6.415999889373779,6.416999816894531,0
2026-08-07T06:35,6.418000221252441,6.422999858856201,6.415999889373779,6.418000221252441,114080
2026-08-07T06:40,6.419000148773193,6.420000076293945,6.414999961853027,6.414999961853027,137248
2026-08-07T06:45,6.414999961853027,6.422999858856201,6.410999774932861,6.421000003814697,308512
2026-08-07T06:50,6.418000221252441,6.418000221252441,6.4079999923706055,6.409999847412109,109792
2026-08-07T06:55,6.409999847412109,6.414999961853027,6.409999847412109,6.4120001792907715,0
2026-08-07T07:00,6.4120001792907715,6.4120001792907715,6.4029998779296875,6.408999919891357,0
2026-08-07T07:05,6.408999919891357,6.421999931335449,6.408999919891357,6.421999931335449,134368
2026-08-07T07:10,6.421999931335449,6.427999973297119,6.421999931335449,6.425000190734863,388224
2026-08-07T07:15,6.426000118255615,6.428999900817871,6.419000148773193,6.420000076293945,0
2026-08-07T07:20,6.420000076293945,6.427000045776367,6.418000221252441,6.423999786376953,0
2026-08-07T07:25,6.423999786376953,6.423999786376953,6.421000003814697,6.421000003814697,250816
2026-08-07T07:30,6.421000003814697,6.421000003814697,6.415999889373779,6.418000221252441,190624
2026-08-07T07:35,6.418000221252441,6.419000148773193,6.4120001792907715,6.4120001792907715,59680
2026-08-07T07:40,6.4120001792907715,6.414000034332275,6.410999774932861,6.410999774932861,0
2026-08-07T07:45,6.410999774932861,6.410999774932861,6.410999774932861,6.410999774932861,0
2026-08-07T07:50,6.410999774932861,6.413000106811523,6.410999774932861,6.413000106811523,0
2026-08-07T07:55,6.413000106811523,6.414000034332275,6.408999919891357,6.410999774932861,0
2026-08-07T08:00,6.410999774932861,6.414000034332275,6.4039998054504395,6.414000034332275,0
2026-08-07T08:05,6.414000034332275,6.418000221252441,6.413000106811523,6.413000106811523,0
2026-08-07T08:10,6.413000106811523,6.415999889373779,6.4120001792907715,6.415999889373779,0
2026-08-07T08:15,6.415999889373779,6.415999889373779,6.410999774932861,6.410999774932861,0
2026-08-07T08:20,6.410999774932861,6.410999774932861,6.406000137329102,6.408999919891357,0
2026-08-07T08:25,6.408999919891357,6.415999889373779,6.408999919891357,6.415999889373779,0
2026-08-07T08:30,6.418000221252441,6.423999786376953,6.416999816894531,6.423999786376953,0
2026-08-07T08:35,6.423999786376953,6.425000190734863,6.419000148773193,6.422999858856201,490448
2026-08-07T08:40,6.422999858856201,6.432000160217285,6.421000003814697,6.429999828338623,231200
2026-08-07T08:45,6.429999828338623,6.434000015258789,6.421000003814697,6.421000003814697,691360
2026-08-07T08:50,6.420000076293945,6.420000076293945,6.4079999923706055,6.4079999923706055,524128
2026-08-07T08:55,6.4079999923706055,6.4079999923706055,6.406000137329102,6.406000137329102,0
2026-08-07T09:00,6.4070000648498535,6.419000148773193,6.4070000648498535,6.419000148773193,0
2026-08-07T09:05,6.418000221252441,6.423999786376953,6.418000221252441,6.423999786376953,0
2026-08-07T09:10,6.423999786376953,6.427000045776367,6.421999931335449,6.426000118255615,90880
2026-08-07T09:15,6.427000045776367,6.439000129699707,6.427000045776367,6.439000129699707,0
2026-08-07T09:20,6.440000057220459,6.46999979019165,6.434000015258789,6.449999809265137,0
2026-08-07T09:25,6.447000026702881,6.449999809265137,6.439000129699707,6.439000129699707,0
2026-08-07T09:30,6.439000129699707,6.443999767303467,6.435999870300293,6.440999984741211,1969920
2026-08-07T09:35,6.440999984741211,6.447999954223633,6.440999984741211,6.441999912261963,0
2026-08-07T09:40,6.443999767303467,6.443999767303467,6.441999912261963,6.442999839782715,0
2026-08-07T09:45,6.442999839782715,6.445000171661377,6.440999984741211,6.445000171661377,0
2026-08-07T09:50,6.445000171661377,6.445000171661377,6.440999984741211,6.440999984741211,0
2026-08-07T09:55,6.445000171661377,6.448999881744385,6.440999984741211,6.448999881744385,0
2026-08-07T10:00,6.449999809265137,6.453000068664551,6.448999881744385,6.453000068664551,0
2026-08-07T10:05,6.453000068664551,6.455999851226807,6.443999767303467,6.445000171661377,0
2026-08-07T10:10,6.445000171661377,6.446000099182129,6.442999839782715,6.446000099182129,0
2026-08-07T10:15,6.446000099182129,6.449999809265137,6.446000099182129,6.449999809265137,0
2026-08-07T10:20,6.447999954223633,6.451000213623047,6.447999954223633,6.451000213623047,0
2026-08-07T10:25,6.451000213623047,6.453000068664551,6.447999954223633,6.449999809265137,0
2026-08-07T10:30,6.449999809265137,6.451000213623047,6.445000171661377,6.448999881744385,0
2026-08-07T10:35,6.448999881744385,6.448999881744385,6.438000202178955,6.438000202178955,0
2026-08-07T10:40,6.438000202178955,6.440000057220459,6.426000118255615,6.429999828338623,0
2026-08-07T10:45,6.429999828338623,6.442999839782715,6.429999828338623,6.440999984741211,0
2026-08-07T10:50,6.439000129699707,6.439000129699707,6.436999797821045,6.439000129699707,0
2026-08-07T10:55,6.436999797821045,6.443999767303467,6.436999797821045,6.442999839782715,0
2026-08-07T11:00,6.442999839782715,6.452000141143799,6.442999839782715,6.452000141143799,0
2026-08-07T11:05,6.449999809265137,6.452000141143799,6.448999881744385,6.451000213623047,0
2026-08-07T11:10,6.449999809265137,6.453000068664551,6.448999881744385,6.451000213623047,0
2026-08-07T11:15,6.451000213623047,6.453000068664551,6.448999881744385,6.449999809265137,0
2026-08-07T11:20,6.448999881744385,6.466000080108643,6.448999881744385,6.461999893188477,0
2026-08-07T11:25,6.4629998207092285,6.464000225067139,6.459000110626221,6.461999893188477,101808
2026-08-07T11:30,6.4629998207092285,6.4629998207092285,6.455999851226807,6.458000183105469,0
2026-08-07T11:35,6.458000183105469,6.459000110626221,6.453000068664551,6.453000068664551,0
2026-08-07T11:40,6.458000183105469,6.458000183105469,6.453000068664551,6.453000068664551,0
2026-08-07T11:45,6.453999996185303,6.455999851226807,6.449999809265137,6.453000068664551,0
2026-08-07T11:50,6.453000068664551,6.455999851226807,6.449999809265137,6.451000213623047,0
2026-08-07T11:55,6.453000068664551,6.461999893188477,6.451000213623047,6.460999965667725,0
2026-08-07T12:00,6.466000080108643,6.4710001945495605,6.466000080108643,6.4679999351501465,0
2026-08-07T12:05,6.4679999351501465,6.4730000495910645,6.4629998207092285,6.4720001220703125,0
2026-08-07T12:10,6.473999977111816,6.491000175476074,6.4730000495910645,6.48199987411499,0
2026-08-07T12:15,6.485000133514404,6.486000061035156,6.47599983215332,6.478000164031982,934688
2026-08-07T12:20,6.478000164031982,6.478000164031982,6.473999977111816,6.474999904632568,0
2026-08-07T12:25,6.473999977111816,6.482999801635742,6.4730000495910645,6.479000091552734,91504
2026-08-07T12:30,6.488999843597412,6.506999969482422,6.468999862670898,6.468999862670898,1446240
2026-08-07T12:35,6.4670000076293945,6.4710001945495605,6.460000038146973,6.4670000076293945,1249328
2026-08-07T12:40,6.465000152587891,6.478000164031982,6.465000152587891,6.4770002365112305,710496
2026-08-07T12:45,6.479000091552734,6.486000061035156,6.4730000495910645,6.474999904632568,0
2026-08-07T12:50,6.4730000495910645,6.488999843597412,6.4730000495910645,6.488999843597412,0
2026-08-07T12:55,6.488999843597412,6.492000102996826,6.484000205993652,6.491000175476074,0
2026-08-07T13:00,6.493000030517578,6.493000030517578,6.484000205993652,6.488999843597412,0
2026-08-07T13:05,6.488999843597412,6.493000030517578,6.484000205993652,6.484000205993652,0
2026-08-07T13:10,6.484000205993652,6.486999988555908,6.47599983215332,6.47599983215332,0
2026-08-07T13:15,6.47599983215332,6.486000061035156,6.4720001220703125,6.486000061035156,0
2026-08-07T13:20,6.48799991607666,6.488999843597412,6.479000091552734,6.479000091552734,42944
2026-08-07T13:25,6.473999977111816,6.482999801635742,6.473999977111816,6.480999946594238,0
2026-08-07T13:30,6.48199987411499,6.492000102996826,6.4770002365112305,6.492000102996826,0
2026-08-07T13:35,6.492000102996826,6.494999885559082,6.48199987411499,6.492000102996826,0
2026-08-07T13:40,6.494999885559082,6.5,6.489999771118164,6.497000217437744,0
2026-08-07T13:45,6.499000072479248,6.499000072479248,6.480999946594238,6.48799991607666,0
2026-08-07T13:50,6.488999843597412,6.494999885559082,6.48799991607666,6.489999771118164,0
2026-08-07T13:55,6.489999771118164,6.489999771118164,6.4720001220703125,6.47599983215332,0
2026-08-07T14:00,6.4770002365112305,6.482999801635742,6.460999965667725,6.465000152587891,0
2026-08-07T14:05,6.460000038146973,6.465000152587891,6.453999996185303,6.453999996185303,0
2026-08-07T14:10,6.455999851226807,6.456999778747559,6.438000202178955,6.440999984741211,801584
2026-08-07T14:15,6.438000202178955,6.460000038146973,6.438000202178955,6.460000038146973,336144
2026-08-07T14:20,6.460000038146973,6.464000225067139,6.458000183105469,6.464000225067139,0
2026-08-07T14:25,6.466000080108643,6.480000019073486,6.466000080108643,6.474999904632568,316688
2026-08-07T14:30,6.4770002365112305,6.4770002365112305,6.4629998207092285,6.464000225067139,33328
2026-08-07T14:35,6.4629998207092285,6.4679999351501465,6.456999778747559,6.456999778747559,0
2026-08-07T14:40,6.453999996185303,6.464000225067139,6.446000099182129,6.446000099182129,0
2026-08-07T14:45,6.446000099182129,6.451000213623047,6.439000129699707,6.439000129699707,0
2026-08-07T14:50,6.438000202178955,6.440000057220459,6.40500020980835,6.419000148773193,484240
2026-08-07T14:55,6.419000148773193,6.427000045776367,6.416999816894531,6.422999858856201,565904
2026-08-07T15:00,6.423999786376953,6.425000190734863,6.419000148773193,6.420000076293945,0
2026-08-07T15:05,6.420000076293945,6.441999912261963,6.420000076293945,6.441999912261963,0
2026-08-07T15:10,6.443999767303467,6.447999954223633,6.431000232696533,6.432000160217285,0
2026-08-07T15:15,6.432000160217285,6.432000160217285,6.422999858856201,6.429999828338623,0
2026-08-07T15:20,6.432000160217285,6.434999942779541,6.426000118255615,6.434999942779541,0
2026-08-07T15:25,6.434999942779541,6.440999984741211,6.433000087738037,6.434000015258789,272928
2026-08-07T15:30,6.435999870300293,6.446000099182129,6.434999942779541,6.438000202178955,0
2026-08-07T15:35,6.436999797821045,6.440000057220459,6.432000160217285,6.432000160217285,120720
2026-08-07T15:40,6.432000160217285,6.436999797821045,6.429999828338623,6.434000015258789,0
2026-08-07T15:45,6.434000015258789,6.434000015258789,6.422999858856201,6.427000045776367,0
2026-08-07T15:50,6.427000045776367,6.432000160217285,6.423999786376953,6.432000160217285,0
2026-08-07T15:55,6.433000087738037,6.434999942779541,6.431000232696533,6.433000087738037,0
2026-08-07T16:00,6.434000015258789,6.436999797821045,6.427999973297119,6.428999900817871,0
2026-08-07T16:05,6.429999828338623,6.447000026702881,6.429999828338623,6.447000026702881,0
2026-08-07T16:10,6.449999809265137,6.456999778747559,6.443999767303467,6.449999809265137,0
2026-08-07T16:15,6.449999809265137,6.449999809265137,6.434999942779541,6.434999942779541,0
2026-08-07T16:20,6.434999942779541,6.440000057220459,6.419000148773193,6.421999931335449,0
2026-08-07T16:25,6.421999931335449,6.428999900817871,6.421999931335449,6.423999786376953,0
2026-08-07T16:30,6.423999786376953,6.427000045776367,6.416999816894531,6.427000045776367,0
2026-08-07T16:35,6.427000045776367,6.431000232696533,6.426000118255615,6.431000232696533,0
2026-08-07T16:40,6.431000232696533,6.433000087738037,6.427000045776367,6.427000045776367,0
2026-08-07T16:45,6.427000045776367,6.429999828338623,6.421000003814697,6.421000003814697,0
2026-08-07T16:50,6.423999786376953,6.425000190734863,6.413000106811523,6.413000106811523,0
2026-08-07T16:55,6.4120001792907715,6.415999889373779,6.400000095367432,6.4019999504089355,0
2026-08-07T17:00,6.394000053405762,6.4029998779296875,6.38700008392334,6.38700008392334,0
2026-08-07T17:05,6.382999897003174,6.39300012588501,6.379000186920166,6.388999938964844,62192
2026-08-07T17:10,6.392000198364258,6.392000198364258,6.376999855041504,6.381999969482422,1193584
2026-08-07T17:15,6.379000186920166,6.385000228881836,6.364999771118164,6.380000114440918,367840
2026-08-07T17:20,6.376999855041504,6.376999855041504,6.357999801635742,6.363999843597412,661856
2026-08-07T17:25,6.361000061035156,6.380000114440918,6.361000061035156,6.377999782562256,440496
2026-08-07T17:30,6.376999855041504,6.377999782562256,6.366000175476074,6.377999782562256,591600
2026-08-07T17:35,6.372000217437744,6.389999866485596,6.369999885559082,6.389999866485596,0
2026-08-07T17:40,6.39300012588501,6.39900016784668,6.39300012588501,6.395999908447266,0
2026-08-07T17:45,6.395999908447266,6.396999835968018,6.386000156402588,6.38700008392334,0
2026-08-07T17:50,6.382999897003174,6.38700008392334,6.377999782562256,6.386000156402588,0
2026-08-07T17:55,6.38700008392334,6.389999866485596,6.383999824523926,6.389999866485596,0
2026-08-07T18:00,6.389999866485596,6.401000022888184,6.388999938964844,6.401000022888184,34208
2026-08-07T18:05,6.3979997634887695,6.4019999504089355,6.394999980926514,6.4019999504089355,0
2026-08-07T18:10,6.4019999504089355,6.4039998054504395,6.39900016784668,6.401000022888184,7168
2026-08-07T18:15,6.401000022888184,6.401000022888184,6.39900016784668,6.39900016784668,0
2026-08-07T18:20,6.401000022888184,6.401000022888184,6.395999908447266,6.395999908447266,0
2026-08-07T18:25,6.395999908447266,6.396999835968018,6.395999908447266,6.396999835968018,0
2026-08-07T18:30,6.396999835968018,6.406000137329102,6.394999980926514,6.396999835968018,0
2026-08-07T18:35,6.395999908447266,6.39900016784668,6.39300012588501,6.39300012588501,0
2026-08-07T18:40,6.39300012588501,6.394999980926514,6.388000011444092,6.39300012588501,0
2026-08-07T18:45,6.39300012588501,6.4019999504089355,6.39300012588501,6.396999835968018,258432
2026-08-07T18:50,6.3979997634887695,6.3979997634887695,6.389999866485596,6.390999794006348,0
2026-08-07T18:55,6.39300012588501,6.4019999504089355,6.392000198364258,6.4019999504089355,0
2026-08-07T19:00,6.4039998054504395,6.422999858856201,6.4039998054504395,6.414000034332275,0
2026-08-07T19:05,6.414000034332275,6.425000190734863,6.414000034332275,6.425000190734863,0
2026-08-07T19:10,6.431000232696533,6.432000160217285,6.427000045776367,6.432000160217285,684048
2026-08-07T19:15,6.432000160217285,6.440999984741211,6.432000160217285,6.440999984741211,72432
2026-08-07T19:20,6.440999984741211,6.449999809265137,6.440999984741211,6.441999912261963,12448
2026-08-07T19:25,6.443999767303467,6.445000171661377,6.439000129699707,6.440000057220459,267888
2026-08-07T19:30,6.440000057220459,6.442999839782715,6.439000129699707,6.442999839782715,247952
2026-08-07T19:35,6.442999839782715,6.443999767303467,6.439000129699707,6.439000129699707,0
2026-08-07T19:40,6.442999839782715,6.446000099182129,6.442999839782715,6.446000099182129,0
2026-08-07T19:45,6.446000099182129,6.446000099182129,6.440000057220459,6.440000057220459,0
2026-08-07T19:50,6.440000057220459,6.440999984741211,6.434999942779541,6.439000129699707,0
2026-08-07T19:55,6.440000057220459,6.442999839782715,6.439000129699707,6.442999839782715,0
2026-08-07T20:00,6.442999839782715,6.446000099182129,6.439000129699707,6.445000171661377,0
2026-08-07T20:05,6.443999767303467,6.443999767303467,6.440000057220459,6.441999912261963,0
2026-08-07T20:10,6.443999767303467,6.445000171661377,6.441999912261963,6.445000171661377,0
2026-08-07T20:15,6.445000171661377,6.445000171661377,6.439000129699707,6.440000057220459,0
2026-08-07T20:20,6.440000057220459,6.441999912261963,6.434999942779541,6.441999912261963,2896
2026-08-07T20:25,6.443999767303467,6.445000171661377,6.442999839782715,6.442999839782715,0
2026-08-07T20:30,6.442999839782715,6.442999839782715,6.434000015258789,6.435999870300293,0
2026-08-07T20:35,6.433000087738037,6.440000057220459,6.433000087738037,6.440000057220459,0
2026-08-07T20:40,6.440999984741211,6.443999767303467,6.440000057220459,6.440999984741211,0
2026-08-07T20:45,6.440999984741211,6.446000099182129,6.440000057220459,6.446000099182129,386880
2026-08-07T20:50,6.445000171661377,6.445000171661377,6.440000057220459,6.440000057220459,0
2026-08-07T20:55,6.440000057220459,6.442999839782715,6.440000057220459,6.442999839782715,0
2026-08-07T21:00,6.445000171661377,6.456999778747559,6.445000171661377,6.456999778747559,0
2026-08-07T21:05,6.456999778747559,6.460000038146973,6.453999996185303,6.459000110626221,0
2026-08-07T21:10,6.459000110626221,6.466000080108643,6.456999778747559,6.460000038146973,28176
2026-08-07T21:15,6.460000038146973,6.4629998207092285,6.453000068664551,6.453999996185303,545536
2026-08-07T21:20,6.453999996185303,6.455999851226807,6.447999954223633,6.455999851226807,3680
2026-08-07T21:25,6.455999851226807,6.459000110626221,6.455999851226807,6.458000183105469,0
2026-08-07T21:30,6.459000110626221,6.464000225067139,6.456999778747559,6.464000225067139,466608
2026-08-07T21:35,6.464000225067139,6.468999862670898,6.464000225067139,6.466000080108643,107152
2026-08-07T21:40,6.465000152587891,6.4730000495910645,6.460000038146973,6.460000038146973,249440
2026-08-07T21:45,6.460000038146973,6.465000152587891,6.452000141143799,6.452000141143799,46736
2026-08-07T21:50,6.452000141143799,6.454999923706055,6.451000213623047,6.454999923706055,0
2026-08-07T21:55,6.455999851226807,6.458000183105469,6.441999912261963,6.441999912261963,405152
2026-08-07T22:00,6.442999839782715,6.442999839782715,6.434999942779541,6.436999797821045,0
2026-08-07T22:05,6.434999942779541,6.436999797821045,6.432000160217285,6.434000015258789,0
2026-08-07T22:10,6.435999870300293,6.439000129699707,6.435999870300293,6.438000202178955,0
2026-08-07T22:15,6.439000129699707,6.440000057220459,6.429999828338623,6.432000160217285,0
2026-08-07T22:20,6.432000160217285,6.434000015258789,6.431000232696533,6.434000015258789,525488
2026-08-07T22:25,6.434000015258789,6.434000015258789,6.429999828338623,6.431000232696533,224080
2026-08-07T22:30,6.431000232696533,6.431000232696533,6.423999786376953,6.423999786376953,165008
2026-08-07T22:35,6.423999786376953,6.423999786376953,6.418000221252441,6.420000076293945,140224
2026-08-07T22:40,6.420000076293945,6.420000076293945,6.415999889373779,6.419000148773193,104816
2026-08-07T22:45,6.419000148773193,6.422999858856201,6.419000148773193,6.421999931335449,0
2026-08-07T22:50,6.421000003814697,6.423999786376953,6.420000076293945,6.421999931335449,393408
2026-08-07T22:55,6.421999931335449,6.421999931335449,6.418000221252441,6.419000148773193,0
2026-08-07T23:00,6.419000148773193,6.429999828338623,6.419000148773193,6.429999828338623,0
2026-08-07T23:05,6.429999828338623,6.434000015258789,6.429999828338623,6.433000087738037,0
2026-08-07T23:10,6.432000160217285,6.436999797821045,6.432000160217285,6.436999797821045,223280
2026-08-07T23:15,6.436999797821045,6.439000129699707,6.427999973297119,6.428999900817871,0
2026-08-07T23:20,6.428999900817871,6.431000232696533,6.427000045776367,6.431000232696533,0
2026-08-07T23:25,6.431000232696533,6.431000232696533,6.420000076293945,6.421999931335449,0
2026-08-07T23:30,6.421999931335449,6.423999786376953,6.420000076293945,6.423999786376953,0
2026-08-07T23:35,6.423999786376953,6.425000190734863,6.421000003814697,6.423999786376953,203120
2026-08-07T23:40,6.425000190734863,6.425000190734863,6.423999786376953,6.423999786376953,190576
2026-08-07T23:45,6.423999786376953,6.427000045776367,6.423999786376953,6.427000045776367,215296
2026-08-07T23:50,6.427000045776367,6.427000045776367,6.421999931335449,6.425000190734863,0
2026-08-07T23:55,6.423999786376953,6.432000160217285,6.422999858856201,6.429999828338623,1728
2026-08-08T00:00,6.429999828338623,6.429999828338623,6.418000221252441,6.427999973297119,0
2026-08-08T00:05,6.429999828338623,6.429999828338623,6.418000221252441,6.419000148773193,0
2026-08-08T00:10,6.420000076293945,6.422999858856201,6.420000076293945,6.422999858856201,88144
2026-08-08T00:15,6.422999858856201,6.426000118255615,6.416999816894531,6.426000118255615,82320
2026-08-08T00:20,6.427999973297119,6.431000232696533,6.427000045776367,6.427000045776367,0
2026-08-08T00:25,6.427000045776367,6.431000232696533,6.422999858856201,6.429999828338623,0
2026-08-08T00:30,6.432000160217285,6.433000087738037,6.425000190734863,6.425000190734863,128928
2026-08-08T00:35,6.427000045776367,6.434000015258789,6.425000190734863,6.431000232696533,0
2026-08-08T00:40,6.431000232696533,6.431000232696533,6.427999973297119,6.428999900817871,112304
2026-08-08T00:45,6.428999900817871,6.432000160217285,6.425000190734863,6.426000118255615,24288
2026-08-08T00:50,6.425000190734863,6.433000087738037,6.425000190734863,6.433000087738037,0
2026-08-08T00:55,6.433000087738037,6.434000015258789,6.431000232696533,6.434000015258789,71680
2026-08-08T01:00,6.433000087738037,6.443999767303467,6.432000160217285,6.443999767303467,45600
2026-08-08T01:05,6.443999767303467,6.447000026702881,6.440000057220459,6.445000171661377,99984
2026-08-08T01:10,6.443999767303467,6.453000068664551,6.442999839782715,6.453000068664551,218208
2026-08-08T01:15,6.452000141143799,6.455999851226807,6.447999954223633,6.453999996185303,363408
2026-08-08T01:20,6.453000068664551,6.464000225067139,6.453000068664551,6.461999893188477,0
2026-08-08T01:25,6.461999893188477,6.465000152587891,6.461999893188477,6.465000152587891,0
2026-08-08T01:30,6.4670000076293945,6.486000061035156,6.465000152587891,6.485000133514404,32416
2026-08-08T01:35,6.486000061035156,6.486999988555908,6.4770002365112305,6.486000061035156,487952
2026-08-08T01:40,6.48799991607666,6.585999965667725,6.48799991607666,6.572999954223633,921456
2026-08-08T01:45,6.570000171661377,6.570000171661377,6.547999858856201,6.559999942779541,1978224
2026-08-08T01:50,6.560999870300293,6.561999797821045,6.548999786376953,6.550000190734863,1140592
2026-08-08T01:55,6.547999858856201,6.551000118255615,6.546000003814697,6.548999786376953,0
2026-08-08T02:00,6.552999973297119,6.564000129699707,6.545000076293945,6.553999900817871,120544
2026-08-08T02:05,6.553999900817871,6.554999828338623,6.521999835968018,6.535999774932861,486144
2026-08-08T02:10,6.535999774932861,6.546000003814697,6.5279998779296875,6.5289998054504395,877760
2026-08-08T02:15,6.531000137329102,6.538000106811523,6.531000137329102,6.535999774932861,0
2026-08-08T02:20,6.535999774932861,6.539000034332275,6.520999908447266,6.52400016784668,184672
2026-08-08T02:25,6.52400016784668,6.535999774932861,6.52400016784668,6.535999774932861,69168
2026-08-08T02:30,6.5370001792907715,6.543000221252441,6.534999847412109,6.534999847412109,1076224
2026-08-08T02:35,6.5329999923706055,6.539999961853027,6.5329999923706055,6.539000034332275,26656
2026-08-08T02:40,6.5370001792907715,6.545000076293945,6.5329999923706055,6.544000148773193,90656
2026-08-08T02:45,6.546000003814697,6.550000190734863,6.5320000648498535,6.5320000648498535,0
2026-08-08T02:50,6.5320000648498535,6.534999847412109,6.53000020980835,6.5329999923706055,5744
2026-08-08T02:55,6.5329999923706055,6.535999774932861,6.531000137329102,6.5329999923706055,217824
2026-08-08T03:00,6.534999847412109,6.539000034332275,6.5289998054504395,6.53000020980835,164032
2026-08-08T03:05,6.53000020980835,6.5320000648498535,6.5269999504089355,6.53000020980835,0
2026-08-08T03:10,6.531000137329102,6.5320000648498535,6.520999908447266,6.5229997634887695,169728
2026-08-08T03:15,6.5229997634887695,6.5269999504089355,6.519999980926514,6.519999980926514,0
2026-08-08T03:20,6.520999908447266,6.520999908447266,6.513999938964844,6.51800012588501,102736
2026-08-08T03:25,6.51800012588501,6.520999908447266,6.515999794006348,6.515999794006348,0
2026-08-08T03:30,6.51800012588501,6.533999919891357,6.51800012588501,6.5329999923706055,0
2026-08-08T03:35,6.534999847412109,6.534999847412109,6.525000095367432,6.5279998779296875,169936
2026-08-08T03:40,6.5229997634887695,6.5229997634887695,6.514999866485596,6.514999866485596,370576
2026-08-08T03:45,6.519999980926514,6.521999835968018,6.51800012588501,6.519000053405762,0
2026-08-08T03:50,6.519999980926514,6.52400016784668,6.514999866485596,6.514999866485596,632560
2026-08-08T03:55,6.517000198364258,6.5269999504089355,6.517000198364258,6.521999835968018,0
2026-08-08T04:00,6.52400016784668,6.543000221252441,6.52400016784668,6.533999919891357,0
2026-08-08T04:05,6.531000137329102,6.531000137329102,6.525000095367432,6.525000095367432,332000
2026-08-08T04:10,6.525000095367432,6.5269999504089355,6.5229997634887695,6.526000022888184,0
2026-08-08T04:15,6.526000022888184,6.526000022888184,6.519000053405762,6.519000053405762,0
2026-08-08T04:20,6.51800012588501,6.51800012588501,6.515999794006348,6.515999794006348,0
2026-08-08T04:25,6.517000198364258,6.519999980926514,6.513999938964844,6.519999980926514,0
2026-08-08T04:30,6.520999908447266,6.526000022888184,6.517000198364258,6.517000198364258,0
2026-08-08T04:35,6.517000198364258,6.519999980926514,6.517000198364258,6.519999980926514,163264
2026-08-08T04:40,6.520999908447266,6.52400016784668,6.519999980926514,6.519999980926514,32704
2026-08-08T04:45,6.519999980926514,6.520999908447266,6.514999866485596,6.51800012588501,120528
2026-08-08T04:50,6.51800012588501,6.519000053405762,6.515999794006348,6.519000053405762,323472
2026-08-08T04:55,6.519999980926514,6.52400016784668,6.519999980926514,6.520999908447266,0
2026-08-08T05:00,6.520999908447266,6.5320000648498535,6.520999908447266,6.5289998054504395,18576
2026-08-08T05:05,6.5289998054504395,6.5320000648498535,6.525000095367432,6.525000095367432,0
2026-08-08T05:10,6.525000095367432,6.5320000648498535,6.525000095367432,6.531000137329102,0
2026-08-08T05:15,6.531000137329102,6.535999774932861,6.531000137329102,6.534999847412109,0
2026-08-08T05:20,6.535999774932861,6.540999889373779,6.534999847412109,6.539000034332275,0
2026-08-08T05:25,6.539000034332275,6.539000034332275,6.535999774932861,6.539000034332275,0
2026-08-08T05:30,6.539999961853027,6.545000076293945,6.5370001792907715,6.5370001792907715,0
2026-08-08T05:35,6.539000034332275,6.547999858856201,6.538000106811523,6.546999931335449,0
2026-08-08T05:40,6.546999931335449,6.546999931335449,6.545000076293945,6.545000076293945,0
2026-08-08T05:45,6.546000003814697,6.546000003814697,6.5370001792907715,6.5370001792907715,0
2026-08-08T05:50,6.5370001792907715,6.539000034332275,6.53000020980835,6.5329999923706055,39872
2026-08-08T05:55,6.533999919891357,6.538000106811523,6.525000095367432,6.5269999504089355,0
2026-08-08T06:00,6.525000095367432,6.533999919891357,6.5229997634887695,6.5229997634887695,13376
2026-08-08T06:05,6.5229997634887695,6.526000022888184,6.521999835968018,6.525000095367432,0
2026-08-08T06:10,6.5269999504089355,6.5269999504089355,6.519999980926514,6.519999980926514,0
2026-08-08T06:15,6.519999980926514,6.519999980926514,6.508999824523926,6.508999824523926,81088
2026-08-08T06:20,6.510000228881836,6.51200008392334,6.508999824523926,6.511000156402588,0
2026-08-08T06:25,6.513000011444092,6.514999866485596,6.511000156402588,6.513999938964844,19808
2026-08-08T06:30,6.514999866485596,6.515999794006348,6.51200008392334,6.513999938964844,0
2026-08-08T06:35,6.513999938964844,6.517000198364258,6.513000011444092,6.513000011444092,0
2026-08-08T06:40,6.513000011444092,6.520999908447266,6.51200008392334,6.520999908447266,0
2026-08-08T06:45,6.5229997634887695,6.525000095367432,6.5229997634887695,6.52400016784668,0
2026-08-08T06:50,6.52400016784668,6.525000095367432,6.514999866485596,6.517000198364258,0
2026-08-08T06:55,6.51800012588501,6.51800012588501,6.513999938964844,6.513999938964844,0
2026-08-08T07:00,6.513999938964844,6.514999866485596,6.511000156402588,6.51200008392334,0
2026-08-08T07:05,6.513000011444092,6.514999866485596,6.511000156402588,6.511000156402588,33616
2026-08-08T07:10,6.508999824523926,6.510000228881836,6.504000186920166,6.504000186920166,0
2026-08-08T07:15,6.504000186920166,6.507999897003174,6.504000186920166,6.507999897003174,310704
2026-08-08T07:20,6.507999897003174,6.513000011444092,6.507999897003174,6.513000011444092,0
2026-08-08T07:25,6.513000011444092,6.51800012588501,6.510000228881836,6.515999794006348,360080
2026-08-08T07:30,6.519999980926514,6.519999980926514,6.513000011444092,6.513000011444092,0
2026-08-08T07:35,6.513000011444092,6.519000053405762,6.513000011444092,6.514999866485596,0
2026-08-08T07:40,6.514999866485596,6.521999835968018,6.514999866485596,6.521999835968018,195120
2026-08-08T07:45,6.521999835968018,6.52400016784668,6.519999980926514,6.519999980926514,0
2026-08-08T07:50,6.519999980926514,6.519999980926514,6.517000198364258,6.517000198364258,0
2026-08-08T07:55,6.517000198364258,6.519000053405762,6.514999866485596,6.51800012588501,0
2026-08-08T08:00,6.513999938964844,6.519000053405762,6.51200008392334,6.517000198364258,0
2026-08-08T08:05,6.517000198364258,6.519999980926514,6.517000198364258,6.51800012588501,0
2026-08-08T08:10,6.51800012588501,6.5229997634887695,6.51800012588501,6.5229997634887695,666992
2026-08-08T08:15,6.5229997634887695,6.5229997634887695,6.51800012588501,6.51800012588501,278688
2026-08-08T08:20,6.51800012588501,6.52400016784668,6.515999794006348,6.52400016784668,311504
2026-08-08T08:25,6.5269999504089355,6.538000106811523,6.5269999504089355,6.538000106811523,24848
2026-08-08T08:30,6.534999847412109,6.539000034332275,6.534999847412109,6.539000034332275,212144
2026-08-08T08:35,6.539000034332275,6.539999961853027,6.5320000648498535,6.5320000648498535,567824
2026-08-08T08:40,6.5320000648498535,6.5370001792907715,6.53000020980835,6.534999847412109,0
2026-08-08T08:45,6.534999847412109,6.534999847412109,6.531000137329102,6.5329999923706055,0
2026-08-08T08:50,6.5329999923706055,6.5329999923706055,6.5279998779296875,6.5320000648498535,0
2026-08-08T08:55,6.531000137329102,6.531000137329102,6.5279998779296875,6.5279998779296875,178800
2026-08-08T09:00,6.5279998779296875,6.5370001792907715,6.5279998779296875,6.534999847412109,354864
2026-08-08T09:05,6.534999847412109,6.5370001792907715,6.533999919891357,6.534999847412109,0
2026-08-08T09:10,6.538000106811523,6.544000148773193,6.538000106811523,6.543000221252441,0
2026-08-08T09:15,6.543000221252441,6.546999931335449,6.543000221252441,6.543000221252441,0
2026-08-08T09:20,6.543000221252441,6.546000003814697,6.541999816894531,6.541999816894531,0
2026-08-08T09:25,6.543000221252441,6.545000076293945,6.543000221252441,6.545000076293945,0
2026-08-08T09:30,6.547999858856201,6.559999942779541,6.547999858856201,6.548999786376953,0
2026-08-08T09:35,6.548999786376953,6.548999786376953,6.543000221252441,6.544000148773193,10016
2026-08-08T09:40,6.544000148773193,6.544000148773193,6.535999774932861,6.535999774932861,0
2026-08-08T09:45,6.534999847412109,6.539999961853027,6.534999847412109,6.5370001792907715,4992
2026-08-08T09:50,6.539000034332275,6.546000003814697,6.539000034332275,6.543000221252441,0
2026-08-08T09:55,6.545000076293945,6.546000003814697,6.538000106811523,6.538000106811523,478368
2026-08-08T10:00,6.534999847412109,6.548999786376953,6.534999847412109,6.548999786376953,0
2026-08-08T10:05,6.548999786376953,6.550000190734863,6.526000022888184,6.526000022888184,0
2026-08-08T10:10,6.526000022888184,6.5269999504089355,6.505000114440918,6.513000011444092,1410576
2026-08-08T10:15,6.51200008392334,6.515999794006348,6.51200008392334,6.514999866485596,1366272
2026-08-08T10:20,6.517000198364258,6.5229997634887695,6.517000198364258,6.520999908447266,0
2026-08-08T10:25,6.5229997634887695,6.52400016784668,6.519000053405762,6.5229997634887695,0
2026-08-08T10:30,6.5229997634887695,6.5229997634887695,6.519000053405762,6.520999908447266,243360
2026-08-08T10:35,6.520999908447266,6.520999908447266,6.514999866485596,6.51800012588501,0
2026-08-08T10:40,6.519000053405762,6.519000053405762,6.515999794006348,6.515999794006348,0
2026-08-08T10:45,6.515999794006348,6.519000053405762,6.514999866485596,6.51800012588501,0
2026-08-08T10:50,6.51800012588501,6.521999835968018,6.517000198364258,6.520999908447266,0
2026-08-08T10:55,6.520999908447266,6.52400016784668,6.519999980926514,6.52400016784668,31664
2026-08-08T11:00,6.52400016784668,6.52400016784668,6.519999980926514,6.519999980926514,0
2026-08-08T11:05,6.519999980926514,6.535999774932861,6.515999794006348,6.535999774932861,0
2026-08-08T11:10,6.538000106811523,6.557000160217285,6.538000106811523,6.541999816894531,32400
2026-08-08T11:15,6.546999931335449,6.558000087738037,6.546999931335449,6.548999786376953,370112
2026-08-08T11:20,6.548999786376953,6.551000118255615,6.546999931335449,6.547999858856201,531472
2026-08-08T11:25,6.547999858856201,6.552000045776367,6.545000076293945,6.551000118255615,0
2026-08-08T11:30,6.548999786376953,6.552000045776367,6.547999858856201,6.552000045776367,0
2026-08-08T11:35,6.552000045776367,6.565999984741211,6.547999858856201,6.558000087738037,0
2026-08-08T11:40,6.559000015258789,6.559999942779541,6.553999900817871,6.556000232696533,1425072
2026-08-08T11:45,6.552999973297119,6.556000232696533,6.550000190734863,6.552999973297119,0
2026-08-08T11:50,6.551000118255615,6.551000118255615,6.546000003814697,6.546999931335449,609536
2026-08-08T11:55,6.546999931335449,6.551000118255615,6.546000003814697,6.547999858856201,219408
2026-08-08T12:00,6.552000045776367,6.559000015258789,6.546000003814697,6.548999786376953,0
2026-08-08T12:05,6.548999786376953,6.548999786376953,6.534999847412109,6.534999847412109,0
2026-08-08T12:10,6.534999847412109,6.539999961853027,6.534999847412109,6.539999961853027,0
2026-08-08T12:15,6.539999961853027,6.539999961853027,6.534999847412109,6.534999847412109,0
2026-08-08T12:20,6.534999847412109,6.539000034332275,6.533999919891357,6.539000034332275,0
2026-08-08T12:25,6.535999774932861,6.539000034332275,6.534999847412109,6.5370001792907715,0
2026-08-08T12:30,6.5370001792907715,6.539999961853027,6.531000137329102,6.534999847412109,0
2026-08-08T12:35,6.535999774932861,6.540999889373779,6.531000137329102,6.539000034332275,0
2026-08-08T12:40,6.538000106811523,6.540999889373779,6.5370001792907715,6.539000034332275,0
2026-08-08T12:45,6.539000034332275,6.543000221252441,6.539000034332275,6.543000221252441,0
2026-08-08T12:50,6.543000221252441,6.546999931335449,6.543000221252441,6.545000076293945,0
2026-08-08T12:55,6.543000221252441,6.543000221252441,6.533999919891357,6.533999919891357,0
2026-08-08T13:00,6.534999847412109,6.534999847412109,6.5269999504089355,6.5269999504089355,0
2026-08-08T13:05,6.5289998054504395,6.5289998054504395,6.519999980926514,6.520999908447266,0
2026-08-08T13:10,6.520999908447266,6.520999908447266,6.514999866485596,6.514999866485596,0
2026-08-08T13:15,6.514999866485596,6.519000053405762,6.513000011444092,6.517000198364258,231008
2026-08-08T13:20,6.517000198364258,6.521999835968018,6.517000198364258,6.520999908447266,0
2026-08-08T13:25,6.520999908447266,6.531000137329102,6.520999908447266,6.531000137329102,0
2026-08-08T13:30,6.5279998779296875,6.5279998779296875,6.51800012588501,6.51800012588501,0
2026-08-08T13:35,6.520999908447266,6.526000022888184,6.520999908447266,6.525000095367432,34080
2026-08-08T13:40,6.5229997634887695,6.5279998779296875,6.521999835968018,6.52400016784668,0
2026-08-08T13:45,6.525000095367432,6.5289998054504395,6.521999835968018,6.525000095367432,0
2026-08-08T13:50,6.52400016784668,6.52400016784668,6.517000198364258,6.517000198364258,0
2026-08-08T13:55,6.517000198364258,6.521999835968018,6.513000011444092,6.513000011444092,0
2026-08-08T14:00,6.514999866485596,6.519999980926514,6.513000011444092,6.519999980926514,0
2026-08-08T14:05,6.519999980926514,6.52400016784668,6.51800012588501,6.51800012588501,0
2026-08-08T14:10,6.51800012588501,6.531000137329102,6.511000156402588,6.531000137329102,0
2026-08-08T14:15,6.5320000648498535,6.5320000648498535,6.525000095367432,6.5289998054504395,0
2026-08-08T14:20,6.53000020980835,6.539000034332275,6.53000020980835,6.5370001792907715,38512
2026-08-08T14:25,6.539000034332275,6.546000003814697,6.539000034332275,6.546000003814697,0
2026-08-08T14:30,6.546000003814697,6.553999900817871,6.544000148773193,6.553999900817871,0
2026-08-08T14:35,6.553999900817871,6.559000015258789,6.544000148773193,6.544000148773193,0
2026-08-08T14:40,6.540999889373779,6.540999889373779,6.535999774932861,6.5370001792907715,0
2026-08-08T14:45,6.5370001792907715,6.550000190734863,6.5370001792907715,6.550000190734863,0
2026-08-08T14:50,6.551000118255615,6.552000045776367,6.547999858856201,6.551000118255615,0
2026-08-08T14:55,6.552000045776367,6.559000015258789,6.546999931335449,6.546999931335449,0
2026-08-08T15:00,6.547999858856201,6.556000232696533,6.547999858856201,6.553999900817871,0
2026-08-08T15:05,6.553999900817871,6.553999900817871,6.545000076293945,6.546000003814697,0
2026-08-08T15:10,6.545000076293945,6.559000015258789,6.545000076293945,6.559000015258789,0
2026-08-08T15:15,6.559999942779541,6.559999942779541,6.553999900817871,6.553999900817871,0
2026-08-08T15:20,6.552999973297119,6.553999900817871,6.547999858856201,6.550000190734863,98096
2026-08-08T15:25,6.548999786376953,6.548999786376953,6.538000106811523,6.541999816894531,90352
2026-08-08T15:30,6.539999961853027,6.541999816894531,6.5329999923706055,6.533999919891357,0
2026-08-08T15:35,6.534999847412109,6.539999961853027,6.534999847412109,6.534999847412109,0
2026-08-08T15:40,6.534999847412109,6.541999816894531,6.534999847412109,6.541999816894531,0
2026-08-08T15:45,6.539999961853027,6.539999961853027,6.535999774932861,6.539999961853027,134688
2026-08-08T15:50,6.541999816894531,6.545000076293945,6.539999961853027,6.545000076293945,0
2026-08-08T15:55,6.545000076293945,6.546000003814697,6.540999889373779,6.540999889373779,105520
2026-08-08T16:00,6.539999961853027,6.544000148773193,6.5370001792907715,6.538000106811523,5808
2026-08-08T16:05,6.539999961853027,6.544000148773193,6.538000106811523,6.539999961853027,320320
2026-08-08T16:10,6.540999889373779,6.554999828338623,6.540999889373779,6.552000045776367,387424
2026-08-08T16:15,6.552000045776367,6.554999828338623,6.551000118255615,6.552000045776367,57248
2026-08-08T16:20,6.552000045776367,6.552000045776367,6.546999931335449,6.547999858856201,0
2026-08-08T16:25,6.547999858856201,6.553999900817871,6.547999858856201,6.552999973297119,252336
2026-08-08T16:30,6.550000190734863,6.550000190734863,6.540999889373779,6.540999889373779,255584
2026-08-08T16:35,6.543000221252441,6.543000221252441,6.539000034332275,6.543000221252441,0
2026-08-08T16:40,6.544000148773193,6.545000076293945,6.541999816894531,6.541999816894531,301344
2026-08-08T16:45,6.543000221252441,6.545000076293945,6.541999816894531,6.545000076293945,0
2026-08-08T16:50,6.545000076293945,6.545000076293945,6.541999816894531,6.543000221252441,0
2026-08-08T16:55,6.546000003814697,6.548999786376953,6.544000148773193,6.544000148773193,0
2026-08-08T17:00,6.543000221252441,6.543000221252441,6.534999847412109,6.535999774932861,0
2026-08-08T17:05,6.538000106811523,6.540999889373779,6.534999847412109,6.539999961853027,0
2026-08-08T17:10,6.540999889373779,6.545000076293945,6.538000106811523,6.545000076293945,0
2026-08-08T17:15,6.545000076293945,6.545000076293945,6.540999889373779,6.543000221252441,0
2026-08-08T17:20,6.543000221252441,6.544000148773193,6.540999889373779,6.544000148773193,0
2026-08-08T17:25,6.544000148773193,6.548999786376953,6.544000148773193,6.547999858856201,0
2026-08-08T17:30,6.547999858856201,6.552000045776367,6.547999858856201,6.552000045776367,0
2026-08-08T17:35,6.553999900817871,6.556000232696533,6.551000118255615,6.552000045776367,0
2026-08-08T17:40,6.551000118255615,6.551000118255615,6.548999786376953,6.551000118255615,0
2026-08-08T17:45,6.551000118255615,6.553999900817871,6.546000003814697,6.546000003814697,224384
2026-08-08T17:50,6.546000003814697,6.546000003814697,6.541999816894531,6.541999816894531,0
2026-08-08T17:55,6.541999816894531,6.541999816894531,6.5370001792907715,6.5370001792907715,117424
2026-08-08T18:00,6.5370001792907715,6.5370001792907715,6.526000022888184,6.5289998054504395,0
2026-08-08T18:05,6.5289998054504395,6.5289998054504395,6.525000095367432,6.526000022888184,0
2026-08-08T18:10,6.526000022888184,6.5279998779296875,6.526000022888184,6.5279998779296875,0
2026-08-08T18:15,6.5289998054504395,6.5289998054504395,6.525000095367432,6.525000095367432,0
2026-08-08T18:20,6.525000095367432,6.526000022888184,6.5229997634887695,6.5229997634887695,0
2026-08-08T18:25,6.521999835968018,6.521999835968018,6.519000053405762,6.521999835968018,0
2026-08-08T18:30,6.521999835968018,6.5269999504089355,6.521999835968018,6.5269999504089355,671376
2026-08-08T18:35,6.5269999504089355,6.5289998054504395,6.525000095367432,6.5269999504089355,0
2026-08-08T18:40,6.5269999504089355,6.533999919891357,6.5269999504089355,6.533999919891357,35936
2026-08-08T18:45,6.533999919891357,6.534999847412109,6.531000137329102,6.531000137329102,0
2026-08-08T18:50,6.531000137329102,6.5320000648498535,6.5269999504089355,6.5279998779296875,0
2026-08-08T18:55,6.5289998054504395,6.53000020980835,6.5269999504089355,6.5269999504089355,102048
2026-08-08T19:00,6.5269999504089355,6.5269999504089355,6.52400016784668,6.525000095367432,0
2026-08-08T19:05,6.526000022888184,6.526000022888184,6.52400016784668,6.526000022888184,0
2026-08-08T19:10,6.526000022888184,6.526000022888184,6.52400016784668,6.52400016784668,0
2026-08-08T19:15,6.5229997634887695,6.52400016784668,6.51800012588501,6.520999908447266,0
2026-08-08T19:20,6.519999980926514,6.519999980926514,6.51800012588501,6.51800012588501,57552
2026-08-08T19:25,6.517000198364258,6.51800012588501,6.515999794006348,6.515999794006348,0
2026-08-08T19:30,6.515999794006348,6.521999835968018,6.515999794006348,6.521999835968018,0
2026-08-08T19:35,6.52400016784668,6.525000095367432,6.52400016784668,6.525000095367432,0
2026-08-08T19:40,6.525000095367432,6.526000022888184,6.5229997634887695,6.526000022888184,0
2026-08-08T19:45,6.52400016784668,6.53000020980835,6.5229997634887695,6.53000020980835,0
2026-08-08T19:50,6.53000020980835,6.53000020980835,6.5269999504089355,6.5279998779296875,0
2026-08-08T19:55,6.5279998779296875,6.5289998054504395,6.519999980926514,6.520999908447266,0
2026-08-08T20:00,6.519000053405762,6.519999980926514,6.506999969482422,6.510000228881836,0
2026-08-08T20:05,6.510000228881836,6.51200008392334,6.507999897003174,6.510000228881836,420528
2026-08-08T20:10,6.510000228881836,6.511000156402588,6.505000114440918,6.511000156402588,181536
2026-08-08T20:15,6.510000228881836,6.519999980926514,6.510000228881836,6.515999794006348,112320
2026-08-08T20:20,6.515999794006348,6.519000053405762,6.515999794006348,6.51800012588501,440528
2026-08-08T20:25,6.51800012588501,6.521999835968018,6.51800012588501,6.519999980926514,280608
2026-08-08T20:30,6.519999980926514,6.5269999504089355,6.519999980926514,6.52400016784668,423584
2026-08-08T20:35,6.52400016784668,6.525000095367432,6.520999908447266,6.520999908447266,0
2026-08-08T20:40,6.520999908447266,6.520999908447266,6.513000011444092,6.513999938964844,344688
2026-08-08T20:45,6.513999938964844,6.517000198364258,6.513000011444092,6.513000011444092,0
2026-08-08T20:50,6.513000011444092,6.517000198364258,6.51200008392334,6.513000011444092,0
2026-08-08T20:55,6.51200008392334,6.517000198364258,6.51200008392334,6.514999866485596,62656
2026-08-08T21:00,6.514999866485596,6.514999866485596,6.511000156402588,6.513000011444092,24688
2026-08-08T21:05,6.513000011444092,6.513999938964844,6.511000156402588,6.513999938964844,226160
2026-08-08T21:10,6.513999938964844,6.517000198364258,6.511000156402588,6.513999938964844,0
2026-08-08T21:15,6.514999866485596,6.515999794006348,6.511000156402588,6.513999938964844,0
2026-08-08T21:20,6.513999938964844,6.517000198364258,6.513999938964844,6.514999866485596,0
2026-08-08T21:25,6.513999938964844,6.513999938964844,6.51200008392334,6.513999938964844,0
2026-08-08T21:30,6.513000011444092,6.514999866485596,6.508999824523926,6.511000156402588,0
2026-08-08T21:35,6.51200008392334,6.520999908447266,6.51200008392334,6.519999980926514,0
2026-08-08T21:40,6.51800012588501,6.519000053405762,6.513000011444092,6.519000053405762,218640
2026-08-08T21:45,6.519000053405762,6.520999908447266,6.513999938964844,6.514999866485596,104704
2026-08-08T21:50,6.514999866485596,6.520999908447266,6.514999866485596,6.51800012588501,33824
2026-08-08T21:55,6.515999794006348,6.515999794006348,6.508999824523926,6.51200008392334,305696
2026-08-08T22:00,6.507999897003174,6.507999897003174,6.480000019073486,6.480000019073486,25744
2026-08-08T22:05,6.484000205993652,6.485000133514404,6.479000091552734,6.479000091552734,773296
2026-08-08T22:10,6.479000091552734,6.479000091552734,6.468999862670898,6.4720001220703125,899488
2026-08-08T22:15,6.473999977111816,6.479000091552734,6.473999977111816,6.479000091552734,0
2026-08-08T22:20,6.4770002365112305,6.484000205993652,6.47599983215332,6.484000205993652,0
2026-08-08T22:25,6.485000133514404,6.486000061035156,6.48199987411499,6.48199987411499,200560
2026-08-08T22:30,6.480999946594238,6.48199987411499,6.473999977111816,6.47599983215332,0
2026-08-08T22:35,6.47599983215332,6.4770002365112305,6.4710001945495605,6.4770002365112305,334688
2026-08-08T22:40,6.4730000495910645,6.473999977111816,6.468999862670898,6.4720001220703125,0
2026-08-08T22:45,6.4710001945495605,6.4730000495910645,6.468999862670898,6.468999862670898,0
2026-08-08T22:50,6.46999979019165,6.46999979019165,6.466000080108643,6.4679999351501465,0
2026-08-08T22:55,6.4670000076293945,6.4670000076293945,6.454999923706055,6.4670000076293945,338912
2026-08-08T23:00,6.466000080108643,6.466000080108643,6.459000110626221,6.459000110626221,451824
2026-08-08T23:05,6.459000110626221,6.465000152587891,6.459000110626221,6.465000152587891,0
2026-08-08T23:10,6.465000152587891,6.4670000076293945,6.4629998207092285,6.4670000076293945,0
2026-08-08T23:15,6.4670000076293945,6.4670000076293945,6.459000110626221,6.459000110626221,0
2026-08-08T23:20,6.459000110626221,6.465000152587891,6.459000110626221,6.465000152587891,342576
2026-08-08T23:25,6.465000152587891,6.465000152587891,6.461999893188477,6.465000152587891,0
2026-08-08T23:30,6.4629998207092285,6.4679999351501465,6.461999893188477,6.4670000076293945,0
2026-08-08T23:35,6.4670000076293945,6.4730000495910645,6.4670000076293945,6.4730000495910645,0
2026-08-08T23:40,6.4730000495910645,6.47599983215332,6.4730000495910645,6.47599983215332,3056
2026-08-08T23:45,6.4770002365112305,6.479000091552734,6.47599983215332,6.478000164031982,0
2026-08-08T23:50,6.4770002365112305,6.478000164031982,6.4770002365112305,6.478000164031982,187072
2026-08-08T23:55,6.478000164031982,6.48199987411499,6.474999904632568,6.474999904632568,168192
2026-08-09T00:00,6.473999977111816,6.473999977111816,6.468999862670898,6.473999977111816,86272
2026-08-09T00:05,6.4720001220703125,6.4720001220703125,6.464000225067139,6.4710001945495605,175744
2026-08-09T00:10,6.46999979019165,6.46999979019165,6.4670000076293945,6.4670000076293945,0
2026-08-09T00:15,6.4679999351501465,6.468999862670898,6.460999965667725,6.4670000076293945,87504
2026-08-09T00:20,6.4670000076293945,6.4670000076293945,6.464000225067139,6.464000225067139,0
2026-08-09T00:25,6.4679999351501465,6.4679999351501465,6.464000225067139,6.466000080108643,54672
2026-08-09T00:30,6.466000080108643,6.4670000076293945,6.465000152587891,6.465000152587891,0
2026-08-09T00:35,6.465000152587891,6.4679999351501465,6.461999893188477,6.4679999351501465,0
2026-08-09T00:40,6.4679999351501465,6.46999979019165,6.464000225067139,6.464000225067139,195664
2026-08-09T00:45,6.466000080108643,6.466000080108643,6.460000038146973,6.460000038146973,0
2026-08-09T00:50,6.460000038146973,6.460999965667725,6.453000068664551,6.460999965667725,26848
2026-08-09T00:55,6.460999965667725,6.48199987411499,6.460000038146973,6.48199987411499,622304
2026-08-09T01:00,6.478000164031982,6.486999988555908,6.478000164031982,6.484000205993652,0
2026-08-09T01:05,6.484000205993652,6.486000061035156,6.484000205993652,6.484000205993652,0
2026-08-09T01:10,6.482999801635742,6.48799991607666,6.480999946594238,6.486999988555908,197776
2026-08-09T01:15,6.486999988555908,6.48799991607666,6.480999946594238,6.482999801635742,0
2026-08-09T01:20,6.482999801635742,6.482999801635742,6.480000019073486,6.48199987411499,158048
2026-08-09T01:25,6.48199987411499,6.48199987411499,6.4710001945495605,6.4710001945495605,211984
2026-08-09T01:30,6.4679999351501465,6.479000091552734,6.4679999351501465,6.478000164031982,0
2026-08-09T01:35,6.478000164031982,6.478000164031982,6.46999979019165,6.474999904632568,0
2026-08-09T01:40,6.474999904632568,6.474999904632568,6.4720001220703125,6.473999977111816,179568
2026-08-09T01:45,6.47599983215332,6.4770002365112305,6.4730000495910645,6.4770002365112305,0
2026-08-09T01:50,6.4770002365112305,6.4770002365112305,6.4679999351501465,6.4730000495910645,0
2026-08-09T01:55,6.473999977111816,6.480000019073486,6.473999977111816,6.474999904632568,0
2026-08-09T02:00,6.473999977111816,6.47599983215332,6.468999862670898,6.47599983215332,0
2026-08-09T02:05,6.478000164031982,6.48199987411499,6.4770002365112305,6.4770002365112305,0
2026-08-09T02:10,6.478000164031982,6.482999801635742,6.478000164031982,6.482999801635742,0
2026-08-09T02:15,6.484000205993652,6.484000205993652,6.480999946594238,6.48199987411499,0
2026-08-09T02:20,6.48199987411499,6.486000061035156,6.480000019073486,6.486000061035156,0
2026-08-09T02:25,6.486000061035156,6.486999988555908,6.485000133514404,6.486999988555908,0
2026-08-09T02:30,6.486000061035156,6.486000061035156,6.482999801635742,6.482999801635742,0
2026-08-09T02:35,6.482999801635742,6.482999801635742,6.479000091552734,6.48199987411499,0
2026-08-09T02:40,6.48199987411499,6.48199987411499,6.473999977111816,6.473999977111816,88768
2026-08-09T02:45,6.473999977111816,6.474999904632568,6.4720001220703125,6.4720001220703125,0
2026-08-09T02:50,6.4710001945495605,6.4710001945495605,6.4679999351501465,6.4679999351501465,0
2026-08-09T02:55,6.4679999351501465,6.4710001945495605,6.466000080108643,6.46999979019165,0
2026-08-09T03:00,6.46999979019165,6.4720001220703125,6.4629998207092285,6.4720001220703125,44544
2026-08-09T03:05,6.4710001945495605,6.4710001945495605,6.456999778747559,6.456999778747559,112848
2026-08-09T03:10,6.456999778747559,6.456999778747559,6.440000057220459,6.440999984741211,77536
2026-08-09T03:15,6.441999912261963,6.441999912261963,6.436999797821045,6.440999984741211,264368
2026-08-09T03:20,6.440999984741211,6.459000110626221,6.440999984741211,6.459000110626221,191744
2026-08-09T03:25,6.459000110626221,6.461999893188477,6.455999851226807,6.461999893188477,195744
2026-08-09T03:30,6.461999893188477,6.4679999351501465,6.461999893188477,6.466000080108643,199664
2026-08-09T03:35,6.465000152587891,6.465000152587891,6.456999778747559,6.461999893188477,0
2026-08-09T03:40,6.461999893188477,6.461999893188477,6.459000110626221,6.460000038146973,0
2026-08-09T03:45,6.459000110626221,6.460000038146973,6.455999851226807,6.456999778747559,90848
2026-08-09T03:50,6.455999851226807,6.456999778747559,6.454999923706055,6.455999851226807,0
2026-08-09T03:55,6.455999851226807,6.459000110626221,6.455999851226807,6.455999851226807,0
2026-08-09T04:00,6.452000141143799,6.453999996185303,6.451000213623047,6.453000068664551,0
2026-08-09T04:05,6.454999923706055,6.460000038146973,6.452000141143799,6.460000038146973,0
2026-08-09T04:10,6.460000038146973,6.47599983215332,6.460000038146973,6.474999904632568,0
2026-08-09T04:15,6.4770002365112305,6.478000164031982,6.4710001945495605,6.4710001945495605,0
2026-08-09T04:20,6.4730000495910645,6.479000091552734,6.4730000495910645,6.479000091552734,0
2026-08-09T04:25,6.479000091552734,6.479000091552734,6.478000164031982,6.479000091552734,93248
2026-08-09T04:30,6.480000019073486,6.480000019073486,6.4720001220703125,6.4730000495910645,275472
2026-08-09T04:35,6.4710001945495605,6.473999977111816,6.46999979019165,6.473999977111816,0
2026-08-09T04:40,6.473999977111816,6.473999977111816,6.46999979019165,6.4710001945495605,0
2026-08-09T04:45,6.4710001945495605,6.4720001220703125,6.468999862670898,6.46999979019165,0
2026-08-09T04:50,6.4679999351501465,6.46999979019165,6.466000080108643,6.4670000076293945,209216
2026-08-09T04:55,6.4670000076293945,6.46999979019165,6.4670000076293945,6.4670000076293945,0
2026-08-09T05:00,6.4670000076293945,6.468999862670898,6.454999923706055,6.456999778747559,0
2026-08-09T05:05,6.455999851226807,6.458000183105469,6.452000141143799,6.456999778747559,148288
2026-08-09T05:10,6.458000183105469,6.459000110626221,6.453000068664551,6.455999851226807,111968
2026-08-09T05:15,6.453999996185303,6.453999996185303,6.448999881744385,6.448999881744385,195024
2026-08-09T05:20,6.449999809265137,6.451000213623047,6.443999767303467,6.451000213623047,91440
2026-08-09T05:25,6.448999881744385,6.448999881744385,6.442999839782715,6.442999839782715,0
2026-08-09T05:30,6.441999912261963,6.445000171661377,6.440999984741211,6.440999984741211,90112
2026-08-09T05:35,6.440000057220459,6.440000057220459,6.429999828338623,6.434999942779541,0
2026-08-09T05:40,6.435999870300293,6.439000129699707,6.432000160217285,6.439000129699707,377056
2026-08-09T05:45,6.436999797821045,6.442999839782715,6.435999870300293,6.442999839782715,0
2026-08-09T05:50,6.440999984741211,6.441999912261963,6.439000129699707,6.440999984741211,544
2026-08-09T05:55,6.440999984741211,6.451000213623047,6.440999984741211,6.451000213623047,0
2026-08-09T06:00,6.447999954223633,6.452000141143799,6.445000171661377,6.452000141143799,167456
2026-08-09T06:05,6.452000141143799,6.464000225067139,6.452000141143799,6.455999851226807,0
2026-08-09T06:10,6.455999851226807,6.4629998207092285,6.455999851226807,6.460999965667725,309552
2026-08-09T06:15,6.460999965667725,6.464000225067139,6.460999965667725,6.4629998207092285,33360
2026-08-09T06:20,6.466000080108643,6.4710001945495605,6.465000152587891,6.4710001945495605,0
2026-08-09T06:25,6.4710001945495605,6.478000164031982,6.4710001945495605,6.478000164031982,0
2026-08-09T06:30,6.478000164031982,6.485000133514404,6.478000164031982,6.482999801635742,60832
2026-08-09T06:35,6.482999801635742,6.485000133514404,6.480999946594238,6.485000133514404,250096
2026-08-09T06:40,6.486000061035156,6.486999988555908,6.482999801635742,6.486000061035156,291168
2026-08-09T06:45,6.486999988555908,6.491000175476074,6.486999988555908,6.489999771118164,11616
2026-08-09T06:50,6.489999771118164,6.489999771118164,6.488999843597412,6.488999843597412,61424
2026-08-09T06:55,6.488999843597412,6.491000175476074,6.486000061035156,6.486999988555908,455568
2026-08-09T07:00,6.486999988555908,6.491000175476074,6.484000205993652,6.486999988555908,210096
2026-08-09T07:05,6.486000061035156,6.486000061035156,6.4730000495910645,6.473999977111816,0
2026-08-09T07:10,6.473999977111816,6.473999977111816,6.466000080108643,6.4720001220703125,81152
2026-08-09T07:15,6.4720001220703125,6.478000164031982,6.4720001220703125,6.478000164031982,118192
2026-08-09T07:20,6.478000164031982,6.478000164031982,6.4720001220703125,6.4730000495910645,0
2026-08-09T07:25,6.4730000495910645,6.47599983215332,6.4730000495910645,6.474999904632568,0
2026-08-09T07:30,6.474999904632568,6.480000019073486,6.474999904632568,6.47599983215332,56000
2026-08-09T07:35,6.473999977111816,6.473999977111816,6.4720001220703125,6.473999977111816,146272
2026-08-09T07:40,6.473999977111816,6.473999977111816,6.4710001945495605,6.4710001945495605,0
2026-08-09T07:45,6.4679999351501465,6.4730000495910645,6.4679999351501465,6.4730000495910645,0
2026-08-09T07:50,6.4730000495910645,6.473999977111816,6.468999862670898,6.473999977111816,0
2026-08-09T07:55,6.474999904632568,6.48199987411499,6.474999904632568,6.479000091552734,321232
2026-08-09T08:00,6.479000091552734,6.495999813079834,6.47599983215332,6.495999813079834,382528
2026-08-09T08:05,6.493000030517578,6.493000030517578,6.484000205993652,6.484000205993652,193408
2026-08-09T08:10,6.484000205993652,6.484000205993652,6.480999946594238,6.482999801635742,0
2026-08-09T08:15,6.484000205993652,6.486000061035156,6.480999946594238,6.480999946594238,0
2026-08-09T08:20,6.480999946594238,6.480999946594238,6.47599983215332,6.47599983215332,0
2026-08-09T08:25,6.47599983215332,6.47599983215332,6.473999977111816,6.47599983215332,0
2026-08-09T08:30,6.4770002365112305,6.478000164031982,6.474999904632568,6.4770002365112305,0
2026-08-09T08:35,6.473999977111816,6.474999904632568,6.461999893188477,6.461999893188477,0
2026-08-09T08:40,6.460999965667725,6.4629998207092285,6.456999778747559,6.4629998207092285,0
2026-08-09T08:45,6.4629998207092285,6.4670000076293945,6.461999893188477,6.4629998207092285,119824
2026-08-09T08:50,6.461999893188477,6.4670000076293945,6.460000038146973,6.4670000076293945,0
2026-08-09T08:55,6.4670000076293945,6.46999979019165,6.4670000076293945,6.46999979019165,0
2026-08-09T09:00,6.46999979019165,6.46999979019165,6.465000152587891,6.465000152587891,0
2026-08-09T09:05,6.465000152587891,6.4670000076293945,6.464000225067139,6.4670000076293945,106464
2026-08-09T09:10,6.4670000076293945,6.4679999351501465,6.466000080108643,6.466000080108643,69936
2026-08-09T09:15,6.466000080108643,6.4670000076293945,6.465000152587891,6.465000152587891,58720
2026-08-09T09:20,6.465000152587891,6.4679999351501465,6.4629998207092285,6.4629998207092285,0
2026-08-09T09:25,6.461999893188477,6.4629998207092285,6.460000038146973,6.460000038146973,0
2026-08-09T09:30,6.460000038146973,6.4679999351501465,6.460000038146973,6.4679999351501465,0
2026-08-09T09:35,6.4679999351501465,6.478000164031982,6.4679999351501465,6.4770002365112305,25456
2026-08-09T09:40,6.480000019073486,6.480000019073486,6.474999904632568,6.474999904632568,0
2026-08-09T09:45,6.47599983215332,6.47599983215332,6.473999977111816,6.47599983215332,157904
2026-08-09T09:50,6.474999904632568,6.48799991607666,6.474999904632568,6.485000133514404,0
2026-08-09T09:55,6.482999801635742,6.482999801635742,6.474999904632568,6.478000164031982,0
2026-08-09T10:00,6.47599983215332,6.478000164031982,6.473999977111816,6.478000164031982,0
2026-08-09T10:05,6.478000164031982,6.482999801635742,6.478000164031982,6.479000091552734,4928
2026-08-09T10:10,6.480000019073486,6.486000061035156,6.480000019073486,6.482999801635742,0
2026-08-09T10:15,6.482999801635742,6.486000061035156,6.482999801635742,6.482999801635742,0
2026-08-09T10:20,6.484000205993652,6.486999988555908,6.484000205993652,6.486999988555908,0
2026-08-09T10:25,6.486999988555908,6.486999988555908,6.480000019073486,6.480000019073486,0
2026-08-09T10:30,6.480999946594238,6.48199987411499,6.4770002365112305,6.4770002365112305,0
2026-08-09T10:35,6.4770002365112305,6.478000164031982,6.473999977111816,6.478000164031982,47344
2026-08-09T10:40,6.4770002365112305,6.478000164031982,6.473999977111816,6.473999977111816,96256
2026-08-09T10:45,6.473999977111816,6.4770002365112305,6.473999977111816,6.473999977111816,110336
2026-08-09T10:50,6.473999977111816,6.47599983215332,6.4730000495910645,6.4730000495910645,0
2026-08-09T10:55,6.4730000495910645,6.47599983215332,6.4730000495910645,6.474999904632568,0
2026-08-09T11:00,6.47599983215332,6.47599983215332,6.4710001945495605,6.4710001945495605,0
2026-08-09T11:05,6.4710001945495605,6.4730000495910645,6.4710001945495605,6.4730000495910645,0
2026-08-09T11:10,6.4730000495910645,6.47599983215332,6.4720001220703125,6.473999977111816,0
2026-08-09T11:15,6.4730000495910645,6.4730000495910645,6.4679999351501465,6.4710001945495605,0
2026-08-09T11:20,6.4710001945495605,6.4710001945495605,6.466000080108643,6.4679999351501465,0
2026-08-09T11:25,6.4679999351501465,6.468999862670898,6.4670000076293945,6.468999862670898,206944
2026-08-09T11:30,6.46999979019165,6.46999979019165,6.468999862670898,6.468999862670898,0
2026-08-09T11:35,6.468999862670898,6.468999862670898,6.466000080108643,6.466000080108643,0
2026-08-09T11:40,6.466000080108643,6.47599983215332,6.466000080108643,6.474999904632568,0
2026-08-09T11:45,6.474999904632568,6.478000164031982,6.4730000495910645,6.4730000495910645,0
2026-08-09T11:50,6.4730000495910645,6.473999977111816,6.46999979019165,6.4710001945495605,0
2026-08-09T11:55,6.46999979019165,6.4730000495910645,6.46999979019165,6.4710001945495605,0
2026-08-09T12:00,6.4710001945495605,6.4710001945495605,6.453999996185303,6.458000183105469,0
2026-08-09T12:05,6.458000183105469,6.460000038146973,6.455999851226807,6.459000110626221,237184
2026-08-09T12:10,6.460999965667725,6.4629998207092285,6.460999965667725,6.461999893188477,146608
2026-08-09T12:15,6.4629998207092285,6.4629998207092285,6.460999965667725,6.460999965667725,263136
2026-08-09T12:20,6.460999965667725,6.465000152587891,6.460000038146973,6.465000152587891,260832
2026-08-09T12:25,6.464000225067139,6.4679999351501465,6.464000225067139,6.466000080108643,0
2026-08-09T12:30,6.466000080108643,6.4670000076293945,6.461999893188477,6.464000225067139,179904
2026-08-09T12:35,6.464000225067139,6.464000225067139,6.458000183105469,6.461999893188477,0
2026-08-09T12:40,6.461999893188477,6.461999893188477,6.459000110626221,6.460999965667725,0
2026-08-09T12:45,6.460999965667725,6.461999893188477,6.459000110626221,6.460000038146973,0
2026-08-09T12:50,6.460999965667725,6.4629998207092285,6.460999965667725,6.4629998207092285,220560
2026-08-09T12:55,6.4629998207092285,6.464000225067139,6.459000110626221,6.460000038146973,218064
2026-08-09T13:00,6.460000038146973,6.468999862670898,6.460000038146973,6.468999862670898,0
2026-08-09T13:05,6.46999979019165,6.4730000495910645,6.458000183105469,6.459000110626221,0
2026-08-09T13:10,6.455999851226807,6.4679999351501465,6.453999996185303,6.466000080108643,154784
2026-08-09T13:15,6.465000152587891,6.473999977111816,6.464000225067139,6.473999977111816,137728
2026-08-09T13:20,6.473999977111816,6.4770002365112305,6.473999977111816,6.473999977111816,1356064
2026-08-09T13:25,6.473999977111816,6.478000164031982,6.46999979019165,6.478000164031982,158592
2026-08-09T13:30,6.480000019073486,6.482999801635742,6.478000164031982,6.480000019073486,0
2026-08-09T13:35,6.480000019073486,6.480000019073486,6.4730000495910645,6.474999904632568,0
2026-08-09T13:40,6.4770002365112305,6.480999946594238,6.474999904632568,6.47599983215332,0
2026-08-09T13:45,6.474999904632568,6.47599983215332,6.473999977111816,6.474999904632568,38768
2026-08-09T13:50,6.474999904632568,6.47599983215332,6.4720001220703125,6.4720001220703125,0
2026-08-09T13:55,6.4720001220703125,6.474999904632568,6.4720001220703125,6.474999904632568,86656
2026-08-09T14:00,6.47599983215332,6.4770002365112305,6.473999977111816,6.47599983215332,0
2026-08-09T14:05,6.47599983215332,6.485000133514404,6.47599983215332,6.484000205993652,648224
2026-08-09T14:10,6.484000205993652,6.489999771118164,6.482999801635742,6.489999771118164,0
2026-08-09T14:15,6.48799991607666,6.48799991607666,6.484000205993652,6.486000061035156,0
2026-08-09T14:20,6.486000061035156,6.486999988555908,6.4770002365112305,6.4770002365112305,0
2026-08-09T14:25,6.4770002365112305,6.480000019073486,6.4770002365112305,6.478000164031982,0
2026-08-09T14:30,6.478000164031982,6.484000205993652,6.478000164031982,6.48199987411499,0
2026-08-09T14:35,6.48199987411499,6.484000205993652,6.480000019073486,6.484000205993652,251312
2026-08-09T14:40,6.485000133514404,6.485000133514404,6.478000164031982,6.48199987411499,0
2026-08-09T14:45,6.48199987411499,6.486999988555908,6.479000091552734,6.486999988555908,0
2026-08-09T14:50,6.486000061035156,6.491000175476074,6.486000061035156,6.491000175476074,0
2026-08-09T14:55,6.492000102996826,6.500999927520752,6.491000175476074,6.495999813079834,0
2026-08-09T15:00,6.498000144958496,6.510000228881836,6.498000144958496,6.510000228881836,327456
2026-08-09T15:05,6.513999938964844,6.513999938964844,6.505000114440918,6.50600004196167,227312
2026-08-09T15:10,6.50600004196167,6.508999824523926,6.502999782562256,6.50600004196167,19856
2026-08-09T15:15,6.506999969482422,6.506999969482422,6.505000114440918,6.505000114440918,0
2026-08-09T15:20,6.502999782562256,6.504000186920166,6.500999927520752,6.501999855041504,0
2026-08-09T15:25,6.501999855041504,6.50600004196167,6.501999855041504,6.50600004196167,0
2026-08-09T15:30,6.50600004196167,6.519999980926514,6.50600004196167,6.517000198364258,0
2026-08-09T15:35,6.519999980926514,6.521999835968018,6.514999866485596,6.519999980926514,0
2026-08-09T15:40,6.521999835968018,6.53000020980835,6.520999908447266,6.52400016784668,385696
2026-08-09T15:45,6.521999835968018,6.526000022888184,6.51800012588501,6.525000095367432,141424
2026-08-09T15:50,6.521999835968018,6.534999847412109,6.521999835968018,6.5279998779296875,92304
2026-08-09T15:55,6.5289998054504395,6.550000190734863,6.5279998779296875,6.547999858856201,71088
2026-08-09T16:00,6.552999973297119,6.552999973297119,6.543000221252441,6.548999786376953,484416
2026-08-09T16:05,6.550000190734863,6.559999942779541,6.550000190734863,6.559999942779541,199280
2026-08-09T16:10,6.556000232696533,6.563000202178955,6.553999900817871,6.561999797821045,174880
2026-08-09T16:15,6.559999942779541,6.578000068664551,6.559999942779541,6.565000057220459,1223312
2026-08-09T16:20,6.565000057220459,6.571000099182129,6.546000003814697,6.546000003814697,457664
2026-08-09T16:25,6.544000148773193,6.546999931335449,6.5329999923706055,6.5370001792907715,0
2026-08-09T16:30,6.5370001792907715,6.546000003814697,6.5370001792907715,6.544000148773193,67184
2026-08-09T16:35,6.545000076293945,6.546000003814697,6.539000034332275,6.541999816894531,61792
2026-08-09T16:40,6.541999816894531,6.548999786376953,6.541999816894531,6.548999786376953,0
2026-08-09T16:45,6.550000190734863,6.554999828338623,6.545000076293945,6.545000076293945,161056
2026-08-09T16:50,6.545000076293945,6.545000076293945,6.539000034332275,6.539000034332275,275104
2026-08-09T16:55,6.540999889373779,6.540999889373779,6.534999847412109,6.535999774932861,105504
2026-08-09T17:00,6.535999774932861,6.540999889373779,6.533999919891357,6.540999889373779,175808
2026-08-09T17:05,6.539999961853027,6.540999889373779,6.534999847412109,6.535999774932861,0
2026-08-09T17:10,6.535999774932861,6.544000148773193,6.535999774932861,6.543000221252441,0
2026-08-09T17:15,6.541999816894531,6.552000045776367,6.541999816894531,6.551000118255615,133632
2026-08-09T17:20,6.551000118255615,6.554999828338623,6.548999786376953,6.551000118255615,0
2026-08-09T17:25,6.551000118255615,6.552999973297119,6.547999858856201,6.547999858856201,200848
2026-08-09T17:30,6.547999858856201,6.552000045776367,6.545000076293945,6.545000076293945,226864
2026-08-09T17:35,6.544000148773193,6.559999942779541,6.544000148773193,6.552999973297119,0
2026-08-09T17:40,6.553999900817871,6.553999900817871,6.548999786376953,6.551000118255615,0
2026-08-09T17:45,6.551000118255615,6.552000045776367,6.543000221252441,6.543000221252441,0
2026-08-09T17:50,6.546000003814697,6.547999858856201,6.540999889373779,6.547999858856201,140544
2026-08-09T17:55,6.546000003814697,6.546000003814697,6.541999816894531,6.545000076293945,0
2026-08-09T18:00,6.545000076293945,6.552999973297119,6.5370001792907715,6.5370001792907715,0
2026-08-09T18:05,6.538000106811523,6.541999816894531,6.538000106811523,6.540999889373779,0
2026-08-09T18:10,6.540999889373779,6.540999889373779,6.5329999923706055,6.538000106811523,739376
2026-08-09T18:15,6.53000020980835,6.535999774932861,6.5269999504089355,6.535999774932861,296080
2026-08-09T18:20,6.535999774932861,6.540999889373779,6.535999774932861,6.539000034332275,384752
2026-08-09T18:25,6.539999961853027,6.546999931335449,6.539999961853027,6.546999931335449,0
2026-08-09T18:30,6.546999931335449,6.552000045776367,6.546999931335449,6.552000045776367,0
2026-08-09T18:35,6.548999786376953,6.550000190734863,6.540999889373779,6.543000221252441,188032
2026-08-09T18:40,6.543000221252441,6.543000221252441,6.539000034332275,6.539000034332275,0
2026-08-09T18:45,6.539000034332275,6.540999889373779,6.539000034332275,6.539000034332275,109808
2026-08-09T18:50,6.5370001792907715,6.543000221252441,6.5370001792907715,6.539000034332275,0
2026-08-09T18:55,6.538000106811523,6.539000034332275,6.5329999923706055,6.533999919891357,46272
2026-08-09T19:00,6.534999847412109,6.538000106811523,6.534999847412109,6.5370001792907715,0
2026-08-09T19:05,6.5370001792907715,6.563000202178955,6.534999847412109,6.554999828338623,587312
2026-08-09T19:10,6.554999828338623,6.556000232696533,6.546000003814697,6.547999858856201,1543552
2026-08-09T19:15,6.546000003814697,6.552000045776367,6.545000076293945,6.552000045776367,512880
2026-08-09T19:20,6.552000045776367,6.553999900817871,6.551000118255615,6.552999973297119,0
2026-08-09T19:25,6.552999973297119,6.553999900817871,6.5329999923706055,6.539000034332275,0
2026-08-09T19:30,6.538000106811523,6.559000015258789,6.538000106811523,6.553999900817871,919152
2026-08-09T19:35,6.553999900817871,6.559999942779541,6.553999900817871,6.556000232696533,632784
2026-08-09T19:40,6.557000160217285,6.564000129699707,6.556000232696533,6.561999797821045,971776
2026-08-09T19:45,6.564000129699707,6.566999912261963,6.561999797821045,6.565000057220459,0
2026-08-09T19:50,6.565000057220459,6.565999984741211,6.563000202178955,6.563000202178955,0
2026-08-09T19:55,6.563000202178955,6.565999984741211,6.559000015258789,6.559999942779541,0
2026-08-09T20:00,6.560999870300293,6.565999984741211,6.559000015258789,6.565999984741211,181648
2026-08-09T20:05,6.565999984741211,6.566999912261963,6.564000129699707,6.564000129699707,0
2026-08-09T20:10,6.565999984741211,6.565999984741211,6.551000118255615,6.551000118255615,0
2026-08-09T20:15,6.553999900817871,6.558000087738037,6.540999889373779,6.540999889373779,0
2026-08-09T20:20,6.540999889373779,6.552999973297119,6.540999889373779,6.547999858856201,284928
2026-08-09T20:25,6.547999858856201,6.550000190734863,6.546000003814697,6.546000003814697,817296
2026-08-09T20:30,6.546000003814697,6.552000045776367,6.546000003814697,6.551000118255615,0
2026-08-09T20:35,6.551000118255615,6.552999973297119,6.548999786376953,6.552999973297119,182656
2026-08-09T20:40,6.552999973297119,6.556000232696533,6.552999973297119,6.554999828338623,0
2026-08-09T20:45,6.554999828338623,6.557000160217285,6.553999900817871,6.554999828338623,0
2026-08-09T20:50,6.554999828338623,6.560999870300293,6.554999828338623,6.560999870300293,0
2026-08-09T20:55,6.559999942779541,6.564000129699707,6.559999942779541,6.563000202178955,0
2026-08-09T21:00,6.563000202178955,6.563000202178955,6.552999973297119,6.552999973297119,360576
2026-08-09T21:05,6.552999973297119,6.552999973297119,6.543000221252441,6.544000148773193,0
2026-08-09T21:10,6.541999816894531,6.556000232696533,6.541999816894531,6.556000232696533,79424
2026-08-09T21:15,6.556000232696533,6.559999942779541,6.556000232696533,6.556000232696533,0
2026-08-09T21:20,6.558000087738037,6.572000026702881,6.558000087738037,6.568999767303467,0
2026-08-09T21:25,6.571000099182129,6.572000026702881,6.561999797821045,6.572000026702881,461040
2026-08-09T21:30,6.573999881744385,6.578999996185303,6.573999881744385,6.576000213623047,563936
2026-08-09T21:35,6.576000213623047,6.578999996185303,6.574999809265137,6.577000141143799,329264
2026-08-09T21:40,6.578000068664551,6.578000068664551,6.573999881744385,6.573999881744385,0
2026-08-09T21:45,6.573999881744385,6.574999809265137,6.570000171661377,6.572000026702881,0
2026-08-09T21:50,6.570000171661377,6.571000099182129,6.561999797821045,6.567999839782715,0
2026-08-09T21:55,6.568999767303467,6.572000026702881,6.556000232696533,6.557000160217285,0
2026-08-09T22:00,6.560999870300293,6.568999767303467,6.552999973297119,6.552999973297119,0
2026-08-09T22:05,6.552999973297119,6.559000015258789,6.552999973297119,6.559000015258789,0
2026-08-09T22:10,6.559000015258789,6.578000068664551,6.559000015258789,6.576000213623047,0
2026-08-09T22:15,6.578000068664551,6.578999996185303,6.567999839782715,6.568999767303467,761456
2026-08-09T22:20,6.568999767303467,6.568999767303467,6.552000045776367,6.552000045776367,0
2026-08-09T22:25,6.551000118255615,6.557000160217285,6.551000118255615,6.552000045776367,195376
2026-08-09T22:30,6.552999973297119,6.552999973297119,6.5289998054504395,6.534999847412109,0
2026-08-09T22:35,6.5320000648498535,6.5320000648498535,6.513999938964844,6.513999938964844,0
2026-08-09T22:40,6.513999938964844,6.521999835968018,6.513999938964844,6.521999835968018,500704
2026-08-09T22:45,6.519999980926514,6.519999980926514,6.510000228881836,6.510000228881836,0
2026-08-09T22:50,6.511000156402588,6.511000156402588,6.4770002365112305,6.492000102996826,0
2026-08-09T22:55,6.494999885559082,6.499000072479248,6.489999771118164,6.489999771118164,0
2026-08-09T23:00,6.488999843597412,6.489999771118164,6.474999904632568,6.486000061035156,0
2026-08-09T23:05,6.486999988555908,6.488999843597412,6.474999904632568,6.484000205993652,0
2026-08-09T23:10,6.486999988555908,6.495999813079834,6.485000133514404,6.485000133514404,524864
2026-08-09T23:15,6.48199987411499,6.482999801635742,6.4670000076293945,6.479000091552734,400528
2026-08-09T23:20,6.479000091552734,6.479000091552734,6.465000152587891,6.47599983215332,532976
2026-08-09T23:25,6.46999979019165,6.46999979019165,6.446000099182129,6.453000068664551,390944
2026-08-09T23:30,6.446000099182129,6.446000099182129,6.395999908447266,6.410999774932861,1605920
2026-08-09T23:35,6.410999774932861,6.425000190734863,6.406000137329102,6.419000148773193,0
2026-08-09T23:40,6.410999774932861,6.419000148773193,6.409999847412109,6.415999889373779,4403680
2026-08-09T23:45,6.414999961853027,6.427000045776367,6.414999961853027,6.427000045776367,422400
2026-08-09T23:50,6.425000190734863,6.425000190734863,6.416999816894531,6.421000003814697,357488
2026-08-09T23:55,6.418000221252441,6.421000003814697,6.4079999923706055,6.415999889373779,139424
2026-08-10T00:00,6.409999847412109,6.409999847412109,6.372000217437744,6.4070000648498535,0
2026-08-10T00:05,6.4070000648498535,6.421999931335449,6.40500020980835,6.421999931335449,517328
2026-08-10T00:10,6.420000076293945,6.460999965667725,6.420000076293945,6.445000171661377,1305824
2026-08-10T00:15,6.446000099182129,6.452000141143799,6.439000129699707,6.440000057220459,54288
2026-08-10T00:20,6.440999984741211,6.445000171661377,6.431000232696533,6.432000160217285,40944
2026-08-10T00:25,6.434999942779541,6.446000099182129,6.434999942779541,6.441999912261963,604112
2026-08-10T00:30,6.442999839782715,6.449999809265137,6.440000057220459,6.449999809265137,369344
2026-08-10T00:35,6.448999881744385,6.449999809265137,6.435999870300293,6.435999870300293,163712
2026-08-10T00:40,6.433000087738037,6.442999839782715,6.432000160217285,6.433000087738037,154192
2026-08-10T00:45,6.432000160217285,6.461999893188477,6.432000160217285,6.461999893188477,40992
2026-08-10T00:50,6.461999893188477,6.46999979019165,6.460999965667725,6.4679999351501465,0
2026-08-10T00:55,6.4679999351501465,6.46999979019165,6.454999923706055,6.456999778747559,0
2026-08-10T01:00,6.459000110626221,6.46999979019165,6.454999923706055,6.458000183105469,0
2026-08-10T01:05,6.461999893188477,6.465000152587891,6.451000213623047,6.465000152587891,82912
2026-08-10T01:10,6.4679999351501465,6.4730000495910645,6.466000080108643,6.46999979019165,30912
2026-08-10T01:15,6.4720001220703125,6.485000133514404,6.4720001220703125,6.478000164031982,109168
2026-08-10T01:20,6.479000091552734,6.479000091552734,6.4720001220703125,6.473999977111816,197248
2026-08-10T01:25,6.473999977111816,6.479000091552734,6.4670000076293945,6.4670000076293945,0
2026-08-10T01:30,6.461999893188477,6.468999862670898,6.453000068664551,6.453999996185303,0
2026-08-10T01:35,6.454999923706055,6.456999778747559,6.446000099182129,6.456999778747559,0
2026-08-10T01:40,6.456999778747559,6.4629998207092285,6.455999851226807,6.4629998207092285,87552
2026-08-10T01:45,6.464000225067139,6.5229997634887695,6.461999893188477,6.520999908447266,143472
2026-08-10T01:50,6.515999794006348,6.5329999923706055,6.515999794006348,6.520999908447266,469904
2026-08-10T01:55,6.519000053405762,6.519999980926514,6.515999794006348,6.519999980926514,797440
2026-08-10T02:00,6.5229997634887695,6.5229997634887695,6.499000072479248,6.506999969482422,359488
2026-08-10T02:05,6.507999897003174,6.513000011444092,6.502999782562256,6.510000228881836,68912
2026-08-10T02:10,6.508999824523926,6.513000011444092,6.508999824523926,6.511000156402588,0
2026-08-10T02:15,6.507999897003174,6.507999897003174,6.480000019073486,6.480000019073486,39376
2026-08-10T02:20,6.479000091552734,6.480999946594238,6.473999977111816,6.473999977111816,143600
2026-08-10T02:25,6.4730000495910645,6.4730000495910645,6.458000183105469,6.468999862670898,267568
2026-08-10T02:30,6.468999862670898,6.478000164031982,6.466000080108643,6.4679999351501465,440128
2026-08-10T02:35,6.4679999351501465,6.480999946594238,6.465000152587891,6.480999946594238,42560
2026-08-10T02:40,6.484000205993652,6.513000011444092,6.482999801635742,6.513000011444092,165024
2026-08-10T02:45,6.513000011444092,6.513000011444092,6.501999855041504,6.501999855041504,211040
2026-08-10T02:50,6.502999782562256,6.511000156402588,6.501999855041504,6.501999855041504,0
2026-08-10T02:55,6.504000186920166,6.50600004196167,6.5,6.505000114440918,0
2026-08-10T03:00,6.505000114440918,6.50600004196167,6.493000030517578,6.493000030517578,0
2026-08-10T03:05,6.499000072479248,6.499000072479248,6.486999988555908,6.493000030517578,0
2026-08-10T03:10,6.49399995803833,6.495999813079834,6.466000080108643,6.466000080108643,0
2026-08-10T03:15,6.465000152587891,6.488999843597412,6.458000183105469,6.488999843597412,0
2026-08-10T03:20,6.49399995803833,6.513000011444092,6.492000102996826,6.511000156402588,0
2026-08-10T03:25,6.511000156402588,6.513999938964844,6.488999843597412,6.488999843597412,98336
2026-08-10T03:30,6.489999771118164,6.499000072479248,6.485000133514404,6.498000144958496,190240
2026-08-10T03:35,6.501999855041504,6.501999855041504,6.49399995803833,6.498000144958496,77840
2026-08-10T03:40,6.498000144958496,6.498000144958496,6.488999843597412,6.491000175476074,0
2026-08-10T03:45,6.491000175476074,6.497000217437744,6.489999771118164,6.493000030517578,0
2026-08-10T03:50,6.493000030517578,6.493000030517578,6.480999946594238,6.48199987411499,0
2026-08-10T03:55,6.479000091552734,6.484000205993652,6.47599983215332,6.480000019073486,322560
2026-08-10T04:00,6.486000061035156,6.497000217437744,6.484000205993652,6.497000217437744,0
2026-08-10T04:05,6.5,6.504000186920166,6.495999813079834,6.504000186920166,139712
2026-08-10T04:10,6.50600004196167,6.50600004196167,6.495999813079834,6.50600004196167,214784
2026-08-10T04:15,6.506999969482422,6.519999980926514,6.506999969482422,6.511000156402588,230880
2026-08-10T04:20,6.511000156402588,6.51200008392334,6.5,6.5,403616
2026-08-10T04:25,6.498000144958496,6.5,6.488999843597412,6.489999771118164,0
2026-08-10T04:30,6.491000175476074,6.497000217437744,6.491000175476074,6.497000217437744,0
2026-08-10T04:35,6.497000217437744,6.501999855041504,6.494999885559082,6.494999885559082,218512
2026-08-10T04:40,6.49399995803833,6.499000072479248,6.479000091552734,6.499000072479248,337520
2026-08-10T04:45,6.499000072479248,6.51200008392334,6.499000072479248,6.507999897003174,0
2026-08-10T04:50,6.510000228881836,6.510000228881836,6.5,6.500999927520752,0
2026-08-10T04:55,6.5,6.5,6.488999843597412,6.494999885559082,522944
2026-08-10T05:00,6.498000144958496,6.510000228881836,6.497000217437744,6.50600004196167,0
2026-08-10T05:05,6.50600004196167,6.513000011444092,6.50600004196167,6.513000011444092,0
2026-08-10T05:10,6.513000011444092,6.513999938964844,6.5,6.504000186920166,166624
2026-08-10T05:15,6.50600004196167,6.51200008392334,6.493000030517578,6.493000030517578,102768
2026-08-10T05:20,6.492000102996826,6.507999897003174,6.492000102996826,6.507999897003174,537456
2026-08-10T05:25,6.507999897003174,6.517000198364258,6.506999969482422,6.515999794006348,0
2026-08-10T05:30,6.513000011444092,6.517000198364258,6.511000156402588,6.515999794006348,16944
2026-08-10T05:35,6.515999794006348,6.5269999504089355,6.515999794006348,6.521999835968018,0
2026-08-10T05:40,6.520999908447266,6.5269999504089355,6.519999980926514,6.5269999504089355,0
2026-08-10T05:45,6.5289998054504395,6.560999870300293,6.5289998054504395,6.556000232696533,140880
2026-08-10T05:50,6.552999973297119,6.556000232696533,6.543000221252441,6.554999828338623,753392
2026-08-10T05:55,6.558000087738037,6.558000087738037,6.543000221252441,6.543000221252441,110592
2026-08-10T06:00,6.539999961853027,6.557000160217285,6.539999961853027,6.552999973297119,75008
2026-08-10T06:05,6.559999942779541,6.567999839782715,6.5370001792907715,6.5370001792907715,213360
2026-08-10T06:10,6.540999889373779,6.540999889373779,6.5269999504089355,6.5269999504089355,531200
2026-08-10T06:15,6.5269999504089355,6.540999889373779,6.5269999504089355,6.531000137329102,61952
2026-08-10T06:20,6.53000020980835,6.531000137329102,6.519000053405762,6.520999908447266,770176
2026-08-10T06:25,6.519000053405762,6.5229997634887695,6.513999938964844,6.514999866485596,0
2026-08-10T06:30,6.515999794006348,6.52400016784668,6.514999866485596,6.517000198364258,166480
2026-08-10T06:35,6.519000053405762,6.519000053405762,6.515999794006348,6.515999794006348,69392
2026-08-10T06:40,6.515999794006348,6.52400016784668,6.513999938964844,6.519999980926514,0
2026-08-10T06:45,6.519999980926514,6.52400016784668,6.519000053405762,6.519999980926514,185296
2026-08-10T06:50,6.519999980926514,6.52400016784668,6.515999794006348,6.519999980926514,0
2026-08-10T06:55,6.519999980926514,6.531000137329102,6.519999980926514,6.531000137329102,0
2026-08-10T07:00,6.5320000648498535,6.5320000648498535,6.51800012588501,6.51800012588501,0
2026-08-10T07:05,6.51800012588501,6.519999980926514,6.51800012588501,6.519999980926514,0
2026-08-10T07:10,6.519000053405762,6.525000095367432,6.519000053405762,6.5229997634887695,0
2026-08-10T07:15,6.520999908447266,6.526000022888184,6.51800012588501,6.526000022888184,239904
2026-08-10T07:20,6.5289998054504395,6.5370001792907715,6.52400016784668,6.5320000648498535,240176
2026-08-10T07:25,6.5320000648498535,6.5329999923706055,6.5279998779296875,6.5329999923706055,239232
2026-08-10T07:30,6.531000137329102,6.5329999923706055,6.5279998779296875,6.53000020980835,537248
2026-08-10T07:35,6.5320000648498535,6.539999961853027,6.526000022888184,6.5320000648498535,172688
2026-08-10T07:40,6.533999919891357,6.546999931335449,6.531000137329102,6.539999961853027,663760
2026-08-10T07:45,6.538000106811523,6.538000106811523,6.531000137329102,6.5320000648498535,305280
2026-08-10T07:50,6.5289998054504395,6.533999919891357,6.5269999504089355,6.5269999504089355,0
2026-08-10T07:55,6.5269999504089355,6.531000137329102,6.526000022888184,6.531000137329102,0
2026-08-10T08:00,6.5269999504089355,6.544000148773193,6.5269999504089355,6.544000148773193,0
2026-08-10T08:05,6.541999816894531,6.541999816894531,6.533999919891357,6.535999774932861,279344
2026-08-10T08:10,6.533999919891357,6.5370001792907715,6.5279998779296875,6.5329999923706055,99216
2026-08-10T08:15,6.5329999923706055,6.5329999923706055,6.525000095367432,6.531000137329102,60864
2026-08-10T08:20,6.5329999923706055,6.5329999923706055,6.5289998054504395,6.5289998054504395,135440
2026-08-10T08:25,6.5289998054504395,6.531000137329102,6.521999835968018,6.5229997634887695,122192
2026-08-10T08:30,6.519999980926514,6.52400016784668,6.51800012588501,6.51800012588501,684144
2026-08-10T08:35,6.515999794006348,6.519000053405762,6.515999794006348,6.515999794006348,113776
2026-08-10T08:40,6.515999794006348,6.515999794006348,6.501999855041504,6.50600004196167,224992
2026-08-10T08:45,6.505000114440918,6.511000156402588,6.500999927520752,6.510000228881836,0
2026-08-10T08:50,6.507999897003174,6.513999938964844,6.506999969482422,6.513000011444092,162320
2026-08-10T08:55,6.513999938964844,6.517000198364258,6.511000156402588,6.511000156402588,0
2026-08-10T09:00,6.508999824523926,6.508999824523926,6.497000217437744,6.5,0
2026-08-10T09:05,6.499000072479248,6.505000114440918,6.494999885559082,6.502999782562256,0
2026-08-10T09:10,6.504000186920166,6.507999897003174,6.5,6.505000114440918,448432
2026-08-10T09:15,6.506999969482422,6.519000053405762,6.506999969482422,6.508999824523926,0
2026-08-10T09:20,6.505000114440918,6.513000011444092,6.505000114440918,6.513000011444092,365360
2026-08-10T09:25,6.511000156402588,6.513000011444092,6.505000114440918,6.505000114440918,405264
2026-08-10T09:30,6.500999927520752,6.501999855041504,6.492000102996826,6.500999927520752,0
2026-08-10T09:35,6.501999855041504,6.506999969482422,6.498000144958496,6.499000072479248,373760
2026-08-10T09:40,6.497000217437744,6.501999855041504,6.495999813079834,6.500999927520752,102864
2026-08-10T09:45,6.501999855041504,6.501999855041504,6.492000102996826,6.501999855041504,380944
2026-08-10T09:50,6.501999855041504,6.505000114440918,6.500999927520752,6.505000114440918,224944
2026-08-10T09:55,6.50600004196167,6.511000156402588,6.502999782562256,6.502999782562256,182112
2026-08-10T10:00,6.500999927520752,6.510000228881836,6.499000072479248,6.510000228881836,58240
2026-08-10T10:05,6.506999969482422,6.506999969482422,6.497000217437744,6.5,29792
2026-08-10T10:10,6.5,6.5,6.495999813079834,6.495999813079834,363296
2026-08-10T10:15,6.494999885559082,6.498000144958496,6.49399995803833,6.49399995803833,491808
2026-08-10T10:20,6.49399995803833,6.501999855041504,6.49399995803833,6.501999855041504,461632
2026-08-10T10:25,6.502999782562256,6.508999824523926,6.502999782562256,6.508999824523926,39008
2026-08-10T10:30,6.511000156402588,6.51200008392334,6.50600004196167,6.507999897003174,18912
2026-08-10T10:35,6.507999897003174,6.511000156402588,6.506999969482422,6.510000228881836,173856
2026-08-10T10:40,6.51200008392334,6.51200008392334,6.508999824523926,6.51200008392334,399712
2026-08-10T10:45,6.51200008392334,6.520999908447266,6.508999824523926,6.520999908447266,110256
2026-08-10T10:50,6.521999835968018,6.5269999504089355,6.521999835968018,6.521999835968018,387152
2026-08-10T10:55,6.519999980926514,6.519999980926514,6.51800012588501,6.519000053405762,98912
2026-08-10T11:00,6.519999980926514,6.520999908447266,6.51200008392334,6.513000011444092,343648
2026-08-10T11:05,6.51200008392334,6.519999980926514,6.51200008392334,6.519999980926514,159296
2026-08-10T11:10,6.519999980926514,6.5229997634887695,6.51800012588501,6.521999835968018,686800
2026-08-10T11:15,6.5229997634887695,6.531000137329102,6.521999835968018,6.5269999504089355,264592
2026-08-10T11:20,6.5279998779296875,6.533999919891357,6.52400016784668,6.525000095367432,0
2026-08-10T11:25,6.525000095367432,6.5289998054504395,6.525000095367432,6.5289998054504395,199632
2026-08-10T11:30,6.5320000648498535,6.5370001792907715,6.5320000648498535,6.5370001792907715,508272
2026-08-10T11:35,6.538000106811523,6.538000106811523,6.533999919891357,6.533999919891357,0
2026-08-10T11:40,6.5329999923706055,6.5329999923706055,6.520999908447266,6.525000095367432,0
2026-08-10T11:45,6.5279998779296875,6.534999847412109,6.5279998779296875,6.531000137329102,142192
2026-08-10T11:50,6.531000137329102,6.534999847412109,6.53000020980835,6.534999847412109,528352
2026-08-10T11:55,6.534999847412109,6.544000148773193,6.534999847412109,6.544000148773193,4352
2026-08-10T12:00,6.545000076293945,6.571000099182129,6.545000076293945,6.566999912261963,0
2026-08-10T12:05,6.568999767303467,6.572000026702881,6.561999797821045,6.571000099182129,502768
2026-08-10T12:10,6.573999881744385,6.574999809265137,6.544000148773193,6.544000148773193,634880
2026-08-10T12:15,6.543000221252441,6.544000148773193,6.538000106811523,6.539000034332275,464528
2026-08-10T12:20,6.539000034332275,6.543000221252441,6.535999774932861,6.538000106811523,65984
2026-08-10T12:25,6.535999774932861,6.535999774932861,6.526000022888184,6.526000022888184,554528
2026-08-10T12:30,6.52400016784668,6.53000020980835,6.520999908447266,6.52400016784668,569632
2026-08-10T12:35,6.519999980926514,6.526000022888184,6.519999980926514,6.525000095367432,340000
2026-08-10T12:40,6.525000095367432,6.540999889373779,6.525000095367432,6.540999889373779,0
2026-08-10T12:45,6.540999889373779,6.540999889373779,6.5370001792907715,6.539000034332275,273776
2026-08-10T12:50,6.539000034332275,6.539999961853027,6.520999908447266,6.539999961853027,188128
2026-08-10T12:55,6.539000034332275,6.539000034332275,6.5269999504089355,6.5289998054504395,56864
2026-08-10T13:00,6.5229997634887695,6.539000034332275,6.5229997634887695,6.5329999923706055,608224
2026-08-10T13:05,6.5329999923706055,6.545000076293945,6.5329999923706055,6.545000076293945,84832
2026-08-10T13:10,6.545000076293945,6.545000076293945,6.5370001792907715,6.541999816894531,0
2026-08-10T13:15,6.540999889373779,6.540999889373779,6.534999847412109,6.535999774932861,0
2026-08-10T13:20,6.5370001792907715,6.539999961853027,6.531000137329102,6.539999961853027,0
2026-08-10T13:25,6.5370001792907715,6.5370001792907715,6.53000020980835,6.5370001792907715,0
2026-08-10T13:30,6.5370001792907715,6.543000221252441,6.513000011444092,6.514999866485596,246448
2026-08-10T13:35,6.514999866485596,6.535999774932861,6.513000011444092,6.519000053405762,201584
2026-08-10T13:40,6.520999908447266,6.5269999504089355,6.510000228881836,6.52400016784668,504624
2026-08-10T13:45,6.52400016784668,6.53000020980835,6.51800012588501,6.52400016784668,196592
2026-08-10T13:50,6.5289998054504395,6.53000020980835,6.508999824523926,6.510000228881836,1239456
2026-08-10T13:55,6.513000011444092,6.526000022888184,6.513000011444092,6.526000022888184,537856
2026-08-10T14:00,6.52400016784668,6.543000221252441,6.52400016784668,6.543000221252441,1139808
2026-08-10T14:05,6.541999816894531,6.552000045776367,6.541999816894531,6.546000003814697,214080
2026-08-10T14:10,6.546999931335449,6.552000045776367,6.535999774932861,6.550000190734863,1202336
2026-08-10T14:15,6.553999900817871,6.559000015258789,6.538000106811523,6.541999816894531,135664
2026-08-10T14:20,6.543000221252441,6.543000221252441,6.5329999923706055,6.540999889373779,0
2026-08-10T14:25,6.540999889373779,6.548999786376953,6.539999961853027,6.543000221252441,610640
2026-08-10T14:30,6.541999816894531,6.541999816894531,6.535999774932861,6.538000106811523,0
2026-08-10T14:35,6.539000034332275,6.546000003814697,6.539000034332275,6.539000034332275,222928
2026-08-10T14:40,6.539000034332275,6.550000190734863,6.539000034332275,6.539999961853027,136864
2026-08-10T14:45,6.540999889373779,6.546999931335449,6.535999774932861,6.540999889373779,528
2026-08-10T14:50,6.540999889373779,6.543000221252441,6.5279998779296875,6.53000020980835,20640
2026-08-10T14:55,6.53000020980835,6.53000020980835,6.511000156402588,6.514999866485596,158880
2026-08-10T15:00,6.513000011444092,6.5279998779296875,6.511000156402588,6.526000022888184,0
2026-08-10T15:05,6.525000095367432,6.5269999504089355,6.51800012588501,6.51800012588501,0
2026-08-10T15:10,6.514999866485596,6.514999866485596,6.473999977111816,6.479000091552734,81232
2026-08-10T15:15,6.4770002365112305,6.497000217437744,6.4770002365112305,6.485000133514404,982608
2026-08-10T15:20,6.48199987411499,6.493000030517578,6.47599983215332,6.4770002365112305,980640
2026-08-10T15:25,6.480000019073486,6.489999771118164,6.4679999351501465,6.489999771118164,715792
2026-08-10T15:30,6.491000175476074,6.498000144958496,6.486999988555908,6.486999988555908,727552
2026-08-10T15:35,6.485000133514404,6.48799991607666,6.474999904632568,6.4770002365112305,152608
2026-08-10T15:40,6.474999904632568,6.492000102996826,6.473999977111816,6.486000061035156,0
2026-08-10T15:45,6.484000205993652,6.492000102996826,6.480000019073486,6.480999946594238,0
2026-08-10T15:50,6.482999801635742,6.497000217437744,6.480000019073486,6.480000019073486,343184
2026-08-10T15:55,6.48199987411499,6.486999988555908,6.480999946594238,6.482999801635742,0
2026-08-10T16:00,6.480000019073486,6.480000019073486,6.452000141143799,6.455999851226807,0
2026-08-10T16:05,6.456999778747559,6.464000225067139,6.443999767303467,6.448999881744385,0
2026-08-10T16:10,6.451000213623047,6.456999778747559,6.442999839782715,6.456999778747559,312432
2026-08-10T16:15,6.458000183105469,6.460999965667725,6.452000141143799,6.459000110626221,0
2026-08-10T16:20,6.460999965667725,6.468999862670898,6.449999809265137,6.468999862670898,0
2026-08-10T16:25,6.4720001220703125,6.4720001220703125,6.443999767303467,6.446000099182129,29888
2026-08-10T16:30,6.443999767303467,6.455999851226807,6.442999839782715,6.442999839782715,561632
2026-08-10T16:35,6.440999984741211,6.464000225067139,6.440999984741211,6.464000225067139,418112
2026-08-10T16:40,6.4629998207092285,6.466000080108643,6.443999767303467,6.443999767303467,376080
2026-08-10T16:45,6.440999984741211,6.442999839782715,6.420000076293945,6.421000003814697,142048
2026-08-10T16:50,6.420000076293945,6.428999900817871,6.415999889373779,6.419000148773193,1124592
2026-08-10T16:55,6.419000148773193,6.427999973297119,6.413000106811523,6.426000118255615,283584
2026-08-10T17:00,6.427999973297119,6.433000087738037,6.421000003814697,6.421000003814697,559056
2026-08-10T17:05,6.421000003814697,6.451000213623047,6.421000003814697,6.449999809265137,0
2026-08-10T17:10,6.453000068664551,6.4679999351501465,6.453000068664551,6.461999893188477,355216
2026-08-10T17:15,6.461999893188477,6.4679999351501465,6.458000183105469,6.460999965667725,303712
2026-08-10T17:20,6.460999965667725,6.478000164031982,6.458000183105469,6.46999979019165,0
2026-08-10T17:25,6.4730000495910645,6.480999946594238,6.4730000495910645,6.479000091552734,526064
2026-08-10T17:30,6.4770002365112305,6.49399995803833,6.4770002365112305,6.486999988555908,514912
2026-08-10T17:35,6.48799991607666,6.491000175476074,6.486000061035156,6.48799991607666,685312
2026-08-10T17:40,6.48799991607666,6.49399995803833,6.48799991607666,6.491000175476074,276336
2026-08-10T17:45,6.489999771118164,6.492000102996826,6.4770002365112305,6.48199987411499,0
2026-08-10T17:50,6.48199987411499,6.486999988555908,6.46999979019165,6.46999979019165,86112
2026-08-10T17:55,6.4710001945495605,6.480999946594238,6.465000152587891,6.480999946594238,313456
2026-08-10T18:00,6.480999946594238,6.484000205993652,6.474999904632568,6.4770002365112305,367648
2026-08-10T18:05,6.478000164031982,6.480999946594238,6.474999904632568,6.479000091552734,0
2026-08-10T18:10,6.479000091552734,6.480000019073486,6.4720001220703125,6.4730000495910645,53824
2026-08-10T18:15,6.4720001220703125,6.479000091552734,6.4720001220703125,6.478000164031982,222960
2026-08-10T18:20,6.478000164031982,6.484000205993652,6.474999904632568,6.484000205993652,109408
2026-08-10T18:25,6.485000133514404,6.486999988555908,6.4770002365112305,6.48199987411499,21520
2026-08-10T18:30,6.48199987411499,6.485000133514404,6.47599983215332,6.47599983215332,0
2026-08-10T18:35,6.478000164031982,6.480999946594238,6.4720001220703125,6.480000019073486,148688
2026-08-10T18:40,6.480000019073486,6.486000061035156,6.4770002365112305,6.486000061035156,0
2026-08-10T18:45,6.48199987411499,6.485000133514404,6.4720001220703125,6.485000133514404,0
2026-08-10T18:50,6.482999801635742,6.488999843597412,6.480999946594238,6.482999801635742,221504
2026-08-10T18:55,6.484000205993652,6.488999843597412,6.484000205993652,6.486999988555908,91856
2026-08-10T19:00,6.482999801635742,6.486000061035156,6.4629998207092285,6.4629998207092285,0
2026-08-10T19:05,6.4629998207092285,6.4679999351501465,6.453999996185303,6.453999996185303,128912
2026-08-10T19:10,6.458000183105469,6.4670000076293945,6.458000183105469,6.4670000076293945,0
2026-08-10T19:15,6.4670000076293945,6.4670000076293945,6.461999893188477,6.461999893188477,215568
2026-08-10T19:20,6.464000225067139,6.4679999351501465,6.464000225067139,6.4679999351501465,147760
2026-08-10T19:25,6.460999965667725,6.4679999351501465,6.460999965667725,6.4670000076293945,4208
2026-08-10T19:30,6.4679999351501465,6.4710001945495605,6.4670000076293945,6.468999862670898,0
2026-08-10T19:35,6.4679999351501465,6.4710001945495605,6.4679999351501465,6.46999979019165,0
2026-08-10T19:40,6.46999979019165,6.482999801635742,6.46999979019165,6.47599983215332,46928
2026-08-10T19:45,6.47599983215332,6.47599983215332,6.4679999351501465,6.46999979019165,312000
2026-08-10T19:50,6.4720001220703125,6.4730000495910645,6.464000225067139,6.466000080108643,139040
2026-08-10T19:55,6.465000152587891,6.465000152587891,6.4629998207092285,6.465000152587891,535520
2026-08-10T20:00,6.4670000076293945,6.4670000076293945,6.458000183105469,6.459000110626221,0
2026-08-10T20:05,6.458000183105469,6.461999893188477,6.449999809265137,6.461999893188477,0
2026-08-10T20:10,6.461999893188477,6.461999893188477,6.454999923706055,6.456999778747559,165760
2026-08-10T20:15,6.453999996185303,6.4670000076293945,6.453999996185303,6.466000080108643,163584
2026-08-10T20:20,6.465000152587891,6.465000152587891,6.460999965667725,6.464000225067139,0
2026-08-10T20:25,6.461999893188477,6.466000080108643,6.459000110626221,6.466000080108643,0
2026-08-10T20:30,6.4629998207092285,6.4629998207092285,6.459000110626221,6.459000110626221,0
2026-08-10T20:35,6.458000183105469,6.4629998207092285,6.454999923706055,6.455999851226807,0
2026-08-10T20:40,6.455999851226807,6.460000038146973,6.455999851226807,6.456999778747559,84208
2026-08-10T20:45,6.455999851226807,6.456999778747559,6.453000068664551,6.453999996185303,516752
2026-08-10T20:50,6.454999923706055,6.458000183105469,6.453999996185303,6.455999851226807,347472
2026-08-10T20:55,6.454999923706055,6.454999923706055,6.449999809265137,6.451000213623047,183488
2026-08-10T21:00,6.447999954223633,6.447999954223633,6.440000057220459,6.440000057220459,0
2026-08-10T21:05,6.440000057220459,6.440000057220459,6.432000160217285,6.432000160217285,0
2026-08-10T21:10,6.428999900817871,6.429999828338623,6.416999816894531,6.420000076293945,280560
2026-08-10T21:15,6.420000076293945,6.421999931335449,6.416999816894531,6.421999931335449,588224
2026-08-10T21:20,6.421999931335449,6.428999900817871,6.414999961853027,6.428999900817871,402288
2026-08-10T21:25,6.427000045776367,6.442999839782715,6.426000118255615,6.441999912261963,43408
2026-08-10T21:30,6.441999912261963,6.447000026702881,6.438000202178955,6.446000099182129,0
2026-08-10T21:35,6.448999881744385,6.448999881744385,6.440000057220459,6.440999984741211,0
2026-08-10T21:40,6.441999912261963,6.441999912261963,6.431000232696533,6.438000202178955,408592
2026-08-10T21:45,6.434000015258789,6.436999797821045,6.428999900817871,6.429999828338623,133120
2026-08-10T21:50,6.429999828338623,6.432000160217285,6.422999858856201,6.422999858856201,209856
2026-08-10T21:55,6.426000118255615,6.426000118255615,6.419000148773193,6.419000148773193,29952
2026-08-10T22:00,6.421000003814697,6.428999900817871,6.414999961853027,6.418000221252441,0
2026-08-10T22:05,6.408999919891357,6.427999973297119,6.406000137329102,6.427999973297119,4768
2026-08-10T22:10,6.427999973297119,6.432000160217285,6.423999786376953,6.427000045776367,313600
2026-08-10T22:15,6.427000045776367,6.434000015258789,6.427000045776367,6.428999900817871,0
2026-08-10T22:20,6.427999973297119,6.427999973297119,6.420000076293945,6.421999931335449,0
2026-08-10T22:25,6.419000148773193,6.423999786376953,6.419000148773193,6.421999931335449,0
2026-08-10T22:30,6.421000003814697,6.422999858856201,6.4079999923706055,6.409999847412109,12464
2026-08-10T22:35,6.4079999923706055,6.414999961853027,6.4079999923706055,6.414999961853027,143120
2026-08-10T22:40,6.413000106811523,6.415999889373779,6.413000106811523,6.415999889373779,0
2026-08-10T22:45,6.419000148773193,6.419000148773193,6.413000106811523,6.418000221252441,0
2026-08-10T22:50,6.419000148773193,6.420000076293945,6.415999889373779,6.420000076293945,21056
2026-08-10T22:55,6.421000003814697,6.421999931335449,6.419000148773193,6.419000148773193,0
2026-08-10T23:00,6.419000148773193,6.419000148773193,6.4120001792907715,6.415999889373779,0
2026-08-10T23:05,6.414999961853027,6.422999858856201,6.413000106811523,6.421999931335449,0
2026-08-10T23:10,6.422999858856201,6.431000232696533,6.422999858856201,6.431000232696533,0
2026-08-10T23:15,6.431000232696533,6.435999870300293,6.429999828338623,6.431000232696533,0
2026-08-10T23:20,6.431000232696533,6.434000015258789,6.421999931335449,6.427000045776367,0
2026-08-10T23:25,6.427000045776367,6.427999973297119,6.422999858856201,6.427000045776367,2592
2026-08-10T23:30,6.427999973297119,6.428999900817871,6.426000118255615,6.427000045776367,0
2026-08-10T23:35,6.423999786376953,6.427999973297119,6.421999931335449,6.422999858856201,0
2026-08-10T23:40,6.425000190734863,6.434000015258789,6.425000190734863,6.434000015258789,0
2026-08-10T23:45,6.433000087738037,6.434999942779541,6.429999828338623,6.429999828338623,0
2026-08-10T23:50,6.429999828338623,6.434999942779541,6.429999828338623,6.431000232696533,0
2026-08-10T23:55,6.431000232696533,6.433000087738037,6.427999973297119,6.429999828338623,0
2026-08-11T00:00,6.432000160217285,6.432000160217285,6.426000118255615,6.428999900817871,0
2026-08-11T00:05,6.427000045776367,6.436999797821045,6.427000045776367,6.436999797821045,0
2026-08-11T00:10,6.439000129699707,6.4710001945495605,6.439000129699707,6.46999979019165,0
2026-08-11T00:15,6.46999979019165,6.46999979019165,6.461999893188477,6.461999893188477,303760
2026-08-11T00:20,6.461999893188477,6.4670000076293945,6.456999778747559,6.460000038146973,0
2026-08-11T00:25,6.460999965667725,6.4730000495910645,6.460000038146973,6.4730000495910645,303216
2026-08-11T00:30,6.4770002365112305,6.4770002365112305,6.465000152587891,6.46999979019165,0
2026-08-11T00:35,6.4710001945495605,6.474999904632568,6.466000080108643,6.473999977111816,21184
2026-08-11T00:40,6.473999977111816,6.4770002365112305,6.46999979019165,6.4770002365112305,0
2026-08-11T00:45,6.4770002365112305,6.4770002365112305,6.4679999351501465,6.4730000495910645,0
2026-08-11T00:50,6.4730000495910645,6.474999904632568,6.46999979019165,6.474999904632568,0
2026-08-11T00:55,6.47599983215332,6.4770002365112305,6.4730000495910645,6.4730000495910645,0
2026-08-11T01:00,6.4720001220703125,6.473999977111816,6.465000152587891,6.4730000495910645,0
2026-08-11T01:05,6.4730000495910645,6.479000091552734,6.4730000495910645,6.47599983215332,0
2026-08-11T01:10,6.4770002365112305,6.507999897003174,6.4770002365112305,6.500999927520752,154832
2026-08-11T01:15,6.507999897003174,6.511000156402588,6.5,6.5,603216
2026-08-11T01:20,6.500999927520752,6.5229997634887695,6.500999927520752,6.519999980926514,578544
2026-08-11T01:25,6.519000053405762,6.519999980926514,6.510000228881836,6.517000198364258,699920
2026-08-11T01:30,6.51800012588501,6.519999980926514,6.514999866485596,6.514999866485596,258000
2026-08-11T01:35,6.514999866485596,6.51800012588501,6.50600004196167,6.50600004196167,489280
2026-08-11T01:40,6.502999782562256,6.504000186920166,6.49399995803833,6.502999782562256,23984
2026-08-11T01:45,6.504000186920166,6.508999824523926,6.498000144958496,6.508999824523926,20544
2026-08-11T01:50,6.508999824523926,6.519999980926514,6.508999824523926,6.519999980926514,0
2026-08-11T01:55,6.53000020980835,6.53000020980835,6.511000156402588,6.520999908447266,0
2026-08-11T02:00,6.519000053405762,6.539999961853027,6.519000053405762,6.535999774932861,12672
2026-08-11T02:05,6.534999847412109,6.540999889373779,6.5320000648498535,6.538000106811523,484016
2026-08-11T02:10,6.539000034332275,6.543000221252441,6.5279998779296875,6.5279998779296875,674080
2026-08-11T02:15,6.5289998054504395,6.540999889373779,6.5289998054504395,6.538000106811523,172176
2026-08-11T02:20,6.538000106811523,6.545000076293945,6.5289998054504395,6.5289998054504395,333184
2026-08-11T02:25,6.5289998054504395,6.533999919891357,6.5279998779296875,6.533999919891357,597712
2026-08-11T02:30,6.534999847412109,6.534999847412109,6.525000095367432,6.5279998779296875,292784
2026-08-11T02:35,6.5289998054504395,6.53000020980835,6.519999980926514,6.521999835968018,211392
2026-08-11T02:40,6.5229997634887695,6.5289998054504395,6.5229997634887695,6.5279998779296875,0
2026-08-11T02:45,6.5289998054504395,6.5370001792907715,6.5289998054504395,6.5370001792907715,0
2026-08-11T02:50,6.538000106811523,6.540999889373779,6.5320000648498535,6.535999774932861,3520
2026-08-11T02:55,6.5370001792907715,6.539999961853027,6.533999919891357,6.533999919891357,541984
2026-08-11T03:00,6.533999919891357,6.539999961853027,6.533999919891357,6.533999919891357,32672
2026-08-11T03:05,6.534999847412109,6.547999858856201,6.534999847412109,6.543000221252441,157888
2026-08-11T03:10,6.543000221252441,6.550000190734863,6.541999816894531,6.543000221252441,677392
2026-08-11T03:15,6.539000034332275,6.547999858856201,6.539000034332275,6.541999816894531,299136
2026-08-11T03:20,6.538000106811523,6.541999816894531,6.5329999923706055,6.5370001792907715,16752
2026-08-11T03:25,6.5370001792907715,6.538000106811523,6.5320000648498535,6.5320000648498535,187648
2026-08-11T03:30,6.531000137329102,6.5320000648498535,6.5289998054504395,6.5289998054504395,0
2026-08-11T03:35,6.5289998054504395,6.539999961853027,6.5269999504089355,6.538000106811523,222224
2026-08-11T03:40,6.539999961853027,6.540999889373779,6.5329999923706055,6.5329999923706055,156608
2026-08-11T03:45,6.5320000648498535,6.5329999923706055,6.5269999504089355,6.5269999504089355,0
2026-08-11T03:50,6.5269999504089355,6.5329999923706055,6.526000022888184,6.5329999923706055,197584
2026-08-11T03:55,6.5329999923706055,6.534999847412109,6.5289998054504395,6.533999919891357,111408
2026-08-11T04:00,6.534999847412109,6.541999816894531,6.534999847412109,6.539000034332275,0
2026-08-11T04:05,6.538000106811523,6.541999816894531,6.5320000648498535,6.5320000648498535,8160
2026-08-11T04:10,6.5320000648498535,6.535999774932861,6.531000137329102,6.533999919891357,51280
2026-08-11T04:15,6.5329999923706055,6.5329999923706055,6.51800012588501,6.519999980926514,0
2026-08-11T04:20,6.519000053405762,6.520999908447266,6.513000011444092,6.513999938964844,0
2026-08-11T04:25,6.51200008392334,6.513000011444092,6.507999897003174,6.511000156402588,37776
2026-08-11T04:30,6.505000114440918,6.513000011444092,6.505000114440918,6.508999824523926,0
2026-08-11T04:35,6.508999824523926,6.513999938964844,6.506999969482422,6.513999938964844,135504
2026-08-11T04:40,6.513999938964844,6.514999866485596,6.513000011444092,6.513999938964844,0
2026-08-11T04:45,6.51200008392334,6.517000198364258,6.51200008392334,6.517000198364258,0
2026-08-11T04:50,6.517000198364258,6.526000022888184,6.513000011444092,6.526000022888184,0
2026-08-11T04:55,6.5269999504089355,6.5269999504089355,6.525000095367432,6.5269999504089355,0
2026-08-11T05:00,6.525000095367432,6.525000095367432,6.488999843597412,6.499000072479248,0
2026-08-11T05:05,6.499000072479248,6.504000186920166,6.498000144958496,6.504000186920166,343520
2026-08-11T05:10,6.501999855041504,6.505000114440918,6.501999855041504,6.505000114440918,0
2026-08-11T05:15,6.502999782562256,6.510000228881836,6.500999927520752,6.502999782562256,0
2026-08-11T05:20,6.498000144958496,6.498000144958496,6.486000061035156,6.494999885559082,0
2026-08-11T05:25,6.493000030517578,6.501999855041504,6.493000030517578,6.501999855041504,0
2026-08-11T05:30,6.500999927520752,6.517000198364258,6.500999927520752,6.515999794006348,124224
2026-08-11T05:35,6.519000053405762,6.520999908447266,6.515999794006348,6.515999794006348,0
2026-08-11T05:40,6.513999938964844,6.513999938964844,6.506999969482422,6.507999897003174,310992
2026-08-11T05:45,6.507999897003174,6.510000228881836,6.50600004196167,6.50600004196167,0
2026-08-11T05:50,6.506999969482422,6.507999897003174,6.502999782562256,6.502999782562256,0
2026-08-11T05:55,6.500999927520752,6.501999855041504,6.488999843597412,6.491000175476074,244992
2026-08-11T06:00,6.492000102996826,6.493000030517578,6.482999801635742,6.486999988555908,0
2026-08-11T06:05,6.486999988555908,6.507999897003174,6.486999988555908,6.507999897003174,0
2026-08-11T06:10,6.513000011444092,6.513000011444092,6.506999969482422,6.513000011444092,333616
2026-08-11T06:15,6.513000011444092,6.513000011444092,6.507999897003174,6.507999897003174,0
2026-08-11T06:20,6.506999969482422,6.511000156402588,6.506999969482422,6.510000228881836,0
2026-08-11T06:25,6.510000228881836,6.510000228881836,6.500999927520752,6.504000186920166,60960
2026-08-11T06:30,6.504000186920166,6.50600004196167,6.5,6.5,44832
2026-08-11T06:35,6.5,6.504000186920166,6.5,6.501999855041504,0
2026-08-11T06:40,6.500999927520752,6.505000114440918,6.500999927520752,6.502999782562256,79568
2026-08-11T06:45,6.495999813079834,6.495999813079834,6.486000061035156,6.486000061035156,0
2026-08-11T06:50,6.486000061035156,6.486000061035156,6.468999862670898,6.468999862670898,0
2026-08-11T06:55,6.468999862670898,6.480000019073486,6.468999862670898,6.480000019073486,184048
2026-08-11T07:00,6.480000019073486,6.480000019073486,6.4710001945495605,6.474999904632568,9872
2026-08-11T07:05,6.4770002365112305,6.480999946594238,6.4730000495910645,6.480999946594238,254400
2026-08-11T07:10,6.480999946594238,6.482999801635742,6.480000019073486,6.480999946594238,0
2026-08-11T07:15,6.479000091552734,6.479000091552734,6.466000080108643,6.46999979019165,0
2026-08-11T07:20,6.4670000076293945,6.4720001220703125,6.4670000076293945,6.4679999351501465,0
2026-08-11T07:25,6.466000080108643,6.46999979019165,6.464000225067139,6.4670000076293945,22608
2026-08-11T07:30,6.468999862670898,6.480999946594238,6.468999862670898,6.480999946594238,342368
2026-08-11T07:35,6.480999946594238,6.482999801635742,6.478000164031982,6.480999946594238,72288
2026-08-11T07:40,6.480999946594238,6.480999946594238,6.473999977111816,6.47599983215332,0
2026-08-11T07:45,6.47599983215332,6.480000019073486,6.47599983215332,6.47599983215332,0
2026-08-11T07:50,6.47599983215332,6.480999946594238,6.4679999351501465,6.4679999351501465,185312
2026-08-11T07:55,6.46999979019165,6.478000164031982,6.468999862670898,6.478000164031982,65184
2026-08-11T08:00,6.474999904632568,6.491000175476074,6.473999977111816,6.484000205993652,0
2026-08-11T08:05,6.484000205993652,6.486000061035156,6.474999904632568,6.474999904632568,142960
2026-08-11T08:10,6.47599983215332,6.482999801635742,6.473999977111816,6.47599983215332,0
2026-08-11T08:15,6.47599983215332,6.4770002365112305,6.4720001220703125,6.4730000495910645,141296
2026-08-11T08:20,6.4730000495910645,6.478000164031982,6.4730000495910645,6.478000164031982,0
2026-08-11T08:25,6.478000164031982,6.479000091552734,6.474999904632568,6.4770002365112305,0
2026-08-11T08:30,6.4770002365112305,6.4770002365112305,6.46999979019165,6.46999979019165,0
2026-08-11T08:35,6.46999979019165,6.46999979019165,6.465000152587891,6.4670000076293945,0
2026-08-11T08:40,6.4670000076293945,6.480999946594238,6.4670000076293945,6.479000091552734,45456
2026-08-11T08:45,6.480999946594238,6.484000205993652,6.47599983215332,6.47599983215332,197968
2026-08-11T08:50,6.473999977111816,6.486999988555908,6.473999977111816,6.486999988555908,0
2026-08-11T08:55,6.485000133514404,6.485000133514404,6.4770002365112305,6.480999946594238,89888
2026-08-11T09:00,6.480999946594238,6.480999946594238,6.4720001220703125,6.4720001220703125,0
2026-08-11T09:05,6.4720001220703125,6.4720001220703125,6.466000080108643,6.466000080108643,0
2026-08-11T09:10,6.4670000076293945,6.46999979019165,6.4670000076293945,6.46999979019165,0
2026-08-11T09:15,6.46999979019165,6.48199987411499,6.46999979019165,6.48199987411499,0
2026-08-11T09:20,6.48199987411499,6.500999927520752,6.480000019073486,6.500999927520752,311408
2026-08-11T09:25,6.507999897003174,6.519000053405762,6.506999969482422,6.506999969482422,300048
2026-08-11T09:30,6.50600004196167,6.511000156402588,6.494999885559082,6.5,258944
2026-08-11T09:35,6.494999885559082,6.501999855041504,6.494999885559082,6.499000072479248,479984
2026-08-11T09:40,6.505000114440918,6.505000114440918,6.498000144958496,6.501999855041504,304816
2026-08-11T09:45,6.501999855041504,6.50600004196167,6.500999927520752,6.50600004196167,118400
2026-08-11T09:50,6.505000114440918,6.519000053405762,6.505000114440918,6.506999969482422,0
2026-08-11T09:55,6.506999969482422,6.511000156402588,6.500999927520752,6.505000114440918,458784
2026-08-11T10:00,6.505000114440918,6.506999969482422,6.495999813079834,6.5,0
2026-08-11T10:05,6.499000072479248,6.506999969482422,6.489999771118164,6.49399995803833,0
2026-08-11T10:10,6.491000175476074,6.491000175476074,6.464000225067139,6.464000225067139,89280
2026-08-11T10:15,6.461999893188477,6.468999862670898,6.456999778747559,6.466000080108643,40704
2026-08-11T10:20,6.461999893188477,6.4679999351501465,6.453999996185303,6.458000183105469,160224
2026-08-11T10:25,6.460000038146973,6.485000133514404,6.460000038146973,6.485000133514404,344432
2026-08-11T10:30,6.486000061035156,6.486999988555908,6.480000019073486,6.480000019073486,4720
2026-08-11T10:35,6.478000164031982,6.478000164031982,6.4710001945495605,6.474999904632568,67632
2026-08-11T10:40,6.4730000495910645,6.474999904632568,6.4710001945495605,6.4710001945495605,0
2026-08-11T10:45,6.4710001945495605,6.495999813079834,6.4710001945495605,6.495999813079834,2288
2026-08-11T10:50,6.497000217437744,6.498000144958496,6.491000175476074,6.49399995803833,249872
2026-08-11T10:55,6.492000102996826,6.49399995803833,6.491000175476074,6.492000102996826,0
2026-08-11T11:00,6.491000175476074,6.51800012588501,6.491000175476074,6.50600004196167,4944
2026-08-11T11:05,6.508999824523926,6.508999824523926,6.497000217437744,6.497000217437744,130400
2026-08-11T11:10,6.498000144958496,6.507999897003174,6.494999885559082,6.495999813079834,71616
2026-08-11T11:15,6.497000217437744,6.497000217437744,6.492000102996826,6.495999813079834,0
2026-08-11T11:20,6.494999885559082,6.5,6.494999885559082,6.497000217437744,0
2026-08-11T11:25,6.497000217437744,6.5,6.493000030517578,6.493000030517578,0
2026-08-11T11:30,6.494999885559082,6.494999885559082,6.491000175476074,6.491000175476074,0
2026-08-11T11:35,6.491000175476074,6.501999855041504,6.491000175476074,6.501999855041504,0
2026-08-11T11:40,6.501999855041504,6.505000114440918,6.501999855041504,6.504000186920166,758992
2026-08-11T11:45,6.504000186920166,6.513999938964844,6.500999927520752,6.513999938964844,0
2026-08-11T11:50,6.514999866485596,6.514999866485596,6.501999855041504,6.50600004196167,85808
2026-08-11T11:55,6.504000186920166,6.506999969482422,6.501999855041504,6.501999855041504,153488
2026-08-11T12:00,6.505000114440918,6.506999969482422,6.500999927520752,6.504000186920166,0
2026-08-11T12:05,6.501999855041504,6.504000186920166,6.499000072479248,6.500999927520752,0
2026-08-11T12:10,6.502999782562256,6.502999782562256,6.49399995803833,6.499000072479248,0
2026-08-11T12:15,6.499000072479248,6.507999897003174,6.498000144958496,6.501999855041504,0
2026-08-11T12:20,6.501999855041504,6.501999855041504,6.486000061035156,6.486000061035156,201200
2026-08-11T12:25,6.485000133514404,6.485000133514404,6.4730000495910645,6.473999977111816,97200
2026-08-11T12:30,6.474999904632568,6.474999904632568,6.46999979019165,6.4710001945495605,0
2026-08-11T12:35,6.4730000495910645,6.479000091552734,6.4710001945495605,6.479000091552734,76864
2026-08-11T12:40,6.479000091552734,6.479000091552734,6.4730000495910645,6.4770002365112305,23824
2026-08-11T12:45,6.4770002365112305,6.4770002365112305,6.466000080108643,6.473999977111816,0
2026-08-11T12:50,6.473999977111816,6.4770002365112305,6.473999977111816,6.473999977111816,166176
2026-08-11T12:55,6.474999904632568,6.47599983215332,6.4720001220703125,6.4730000495910645,0
2026-08-11T13:00,6.468999862670898,6.4710001945495605,6.464000225067139,6.464000225067139,0
2026-08-11T13:05,6.465000152587891,6.46999979019165,6.464000225067139,6.46999979019165,56656
2026-08-11T13:10,6.46999979019165,6.4710001945495605,6.460999965667725,6.464000225067139,88784
2026-08-11T13:15,6.464000225067139,6.464000225067139,6.445000171661377,6.451000213623047,5248
2026-08-11T13:20,6.449999809265137,6.453000068664551,6.443999767303467,6.446000099182129,151456
2026-08-11T13:25,6.445000171661377,6.448999881744385,6.442999839782715,6.447999954223633,539984
2026-08-11T13:30,6.447999954223633,6.449999809265137,6.439000129699707,6.440999984741211,302080
2026-08-11T13:35,6.442999839782715,6.447999954223633,6.438000202178955,6.441999912261963,483584
2026-08-11T13:40,6.442999839782715,6.447000026702881,6.439000129699707,6.440999984741211,0
2026-08-11T13:45,6.440999984741211,6.446000099182129,6.432000160217285,6.442999839782715,0
2026-08-11T13:50,6.440999984741211,6.441999912261963,6.423999786376953,6.425000190734863,0
2026-08-11T13:55,6.420000076293945,6.425000190734863,6.414999961853027,6.420000076293945,0
2026-08-11T14:00,6.418000221252441,6.422999858856201,6.414000034332275,6.418000221252441,15344
2026-08-11T14:05,6.418000221252441,6.420000076293945,6.414999961853027,6.418000221252441,0
2026-08-11T14:10,6.415999889373779,6.416999816894531,6.4120001792907715,6.414000034332275,158576
2026-08-11T14:15,6.414999961853027,6.421000003814697,6.410999774932861,6.410999774932861,210272
2026-08-11T14:20,6.408999919891357,6.408999919891357,6.380000114440918,6.381999969482422,248544
2026-08-11T14:25,6.38100004196167,6.39300012588501,6.376999855041504,6.388999938964844,1026928
2026-08-11T14:30,6.38700008392334,6.392000198364258,6.381999969482422,6.381999969482422,661104
2026-08-11T14:35,6.382999897003174,6.394000053405762,6.382999897003174,6.388999938964844,226624
2026-08-11T14:40,6.386000156402588,6.39300012588501,6.381999969482422,6.389999866485596,269168
2026-08-11T14:45,6.388999938964844,6.394000053405762,6.377999782562256,6.377999782562256,317856
2026-08-11T14:50,6.375999927520752,6.375999927520752,6.317999839782715,6.322000026702881,2559440
2026-08-11T14:55,6.321000099182129,6.321000099182129,6.23199987411499,6.245999813079834,6436480
2026-08-11T15:00,6.242000102996826,6.242000102996826,6.123000144958496,6.171000003814697,3973920
2026-08-11T15:05,6.171999931335449,6.216000080108643,6.156000137329102,6.2129998207092285,6781536
2026-08-11T15:10,6.214000225067139,6.215000152587891,6.197000026702881,6.197000026702881,827136
2026-08-11T15:15,6.193999767303467,6.21999979019165,6.190999984741211,6.2170000076293945,4784032
2026-08-11T15:20,6.218999862670898,6.23799991607666,6.2129998207092285,6.228000164031982,1165168
2026-08-11T15:25,6.230000019073486,6.242000102996826,6.224999904632568,6.239999771118164,580688
2026-08-11T15:30,6.23799991607666,6.242000102996826,6.230000019073486,6.230000019073486,420736
2026-08-11T15:35,6.230000019073486,6.232999801635742,6.209000110626221,6.209000110626221,1022304
2026-08-11T15:40,6.210000038146973,6.21999979019165,6.193999767303467,6.21999979019165,1370912
2026-08-11T15:45,6.218999862670898,6.2270002365112305,6.203999996185303,6.210000038146973,164688
2026-08-11T15:50,6.210999965667725,6.216000080108643,6.198999881744385,6.201000213623047,989584
2026-08-11T15:55,6.199999809265137,6.218999862670898,6.199999809265137,6.211999893188477,382640
2026-08-11T16:00,6.199999809265137,6.243000030517578,6.186999797821045,6.236000061035156,151952
2026-08-11T16:05,6.23799991607666,6.239999771118164,6.210000038146973,6.2179999351501465,54816
2026-08-11T16:10,6.218999862670898,6.218999862670898,6.203000068664551,6.2179999351501465,0
2026-08-11T16:15,6.21999979019165,6.243000030517578,6.214000225067139,6.239999771118164,0
2026-08-11T16:20,6.243000030517578,6.248000144958496,6.232999801635742,6.232999801635742,25680
2026-08-11T16:25,6.230000019073486,6.232999801635742,6.223999977111816,6.228000164031982,180000
2026-08-11T16:30,6.23199987411499,6.238999843597412,6.2270002365112305,6.230999946594238,0
2026-08-11T16:35,6.23199987411499,6.232999801635742,6.218999862670898,6.21999979019165,136304
2026-08-11T16:40,6.2210001945495605,6.224999904632568,6.211999893188477,6.211999893188477,104576
2026-08-11T16:45,6.2129998207092285,6.2170000076293945,6.208000183105469,6.211999893188477,202064
2026-08-11T16:50,6.215000152587891,6.21999979019165,6.210999965667725,6.2129998207092285,0
2026-08-11T16:55,6.2129998207092285,6.218999862670898,6.211999893188477,6.214000225067139,0
2026-08-11T17:00,6.2170000076293945,6.230999946594238,6.2170000076293945,6.224999904632568,0
2026-08-11T17:05,6.2230000495910645,6.224999904632568,6.211999893188477,6.2129998207092285,418304
2026-08-11T17:10,6.210999965667725,6.21999979019165,6.210999965667725,6.214000225067139,0
2026-08-11T17:15,6.214000225067139,6.2230000495910645,6.214000225067139,6.2230000495910645,0
2026-08-11T17:20,6.2210001945495605,6.230999946594238,6.21999979019165,6.229000091552734,66880
2026-08-11T17:25,6.229000091552734,6.232999801635742,6.2210001945495605,6.224999904632568,20896
2026-08-11T17:30,6.224999904632568,6.2270002365112305,6.216000080108643,6.2170000076293945,207040
2026-08-11T17:35,6.218999862670898,6.2220001220703125,6.214000225067139,6.214000225067139,84304
2026-08-11T17:40,6.214000225067139,6.2170000076293945,6.210999965667725,6.211999893188477,31536
2026-08-11T17:45,6.206999778747559,6.210999965667725,6.203999996185303,6.203999996185303,268432
2026-08-11T17:50,6.203999996185303,6.210000038146973,6.203999996185303,6.205999851226807,326992
2026-08-11T17:55,6.208000183105469,6.216000080108643,6.204999923706055,6.204999923706055,191936
2026-08-11T18:00,6.202000141143799,6.21999979019165,6.202000141143799,6.2170000076293945,0
2026-08-11T18:05,6.2170000076293945,6.218999862670898,6.205999851226807,6.208000183105469,82752
2026-08-11T18:10,6.209000110626221,6.210999965667725,6.202000141143799,6.209000110626221,214416
2026-08-11T18:15,6.206999778747559,6.2170000076293945,6.205999851226807,6.2170000076293945,12192
2026-08-11T18:20,6.2210001945495605,6.224999904632568,6.2170000076293945,6.2170000076293945,117040
2026-08-11T18:25,6.2170000076293945,6.2210001945495605,6.2129998207092285,6.2129998207092285,498896
2026-08-11T18:30,6.215000152587891,6.2270002365112305,6.214000225067139,6.2270002365112305,175888
2026-08-11T18:35,6.230999946594238,6.232999801635742,6.2210001945495605,6.224999904632568,709664
2026-08-11T18:40,6.2230000495910645,6.223999977111816,6.214000225067139,6.223999977111816,421648
2026-08-11T18:45,6.223999977111816,6.236000061035156,6.223999977111816,6.235000133514404,0
2026-08-11T18:50,6.236000061035156,6.239999771118164,6.224999904632568,6.2270002365112305,353328
2026-08-11T18:55,6.2270002365112305,6.235000133514404,6.2270002365112305,6.235000133514404,75552
2026-08-11T19:00,6.230000019073486,6.234000205993652,6.22599983215332,6.23199987411499,0
2026-08-11T19:05,6.229000091552734,6.230000019073486,6.2210001945495605,6.2230000495910645,387056
2026-08-11T19:10,6.2230000495910645,6.224999904632568,6.215000152587891,6.2220001220703125,0
2026-08-11T19:15,6.22599983215332,6.236000061035156,6.22599983215332,6.236000061035156,22800
2026-08-11T19:20,6.23799991607666,6.24399995803833,6.23799991607666,6.241000175476074,0
2026-08-11T19:25,6.242000102996826,6.249000072479248,6.239999771118164,6.244999885559082,0
2026-08-11T19:30,6.244999885559082,6.252999782562256,6.242000102996826,6.242000102996826,0
2026-08-11T19:35,6.242000102996826,6.255000114440918,6.239999771118164,6.255000114440918,36144
2026-08-11T19:40,6.256999969482422,6.264999866485596,6.252999782562256,6.261000156402588,243296
2026-08-11T19:45,6.265999794006348,6.27400016784668,6.257999897003174,6.260000228881836,197136
2026-08-11T19:50,6.260000228881836,6.2729997634887695,6.258999824523926,6.269999980926514,687328
2026-08-11T19:55,6.269000053405762,6.2729997634887695,6.265999794006348,6.2729997634887695,65040
2026-08-11T20:00,6.275000095367432,6.2870001792907715,6.270999908447266,6.2870001792907715,538944
2026-08-11T20:05,6.288000106811523,6.326000213623047,6.288000106811523,6.313000202178955,237296
2026-08-11T20:10,6.313000202178955,6.322000026702881,6.309000015258789,6.309999942779541,554624
2026-08-11T20:15,6.313000202178955,6.315999984741211,6.309000015258789,6.310999870300293,134320
2026-08-11T20:20,6.310999870300293,6.315999984741211,6.308000087738037,6.308000087738037,205920
2026-08-11T20:25,6.304999828338623,6.315000057220459,6.298999786376953,6.313000202178955,656736
2026-08-11T20:30,6.314000129699707,6.321000099182129,6.307000160217285,6.307000160217285,313024
2026-08-11T20:35,6.303999900817871,6.309999942779541,6.301000118255615,6.306000232696533,207440
2026-08-11T20:40,6.303999900817871,6.309000015258789,6.300000190734863,6.302000045776367,911872
2026-08-11T20:45,6.302000045776367,6.303999900817871,6.296000003814697,6.296999931335449,0
2026-08-11T20:50,6.300000190734863,6.300000190734863,6.295000076293945,6.298999786376953,201728
2026-08-11T20:55,6.300000190734863,6.304999828338623,6.300000190734863,6.304999828338623,147536
2026-08-11T21:00,6.304999828338623,6.313000202178955,6.302000045776367,6.310999870300293,0
2026-08-11T21:05,6.309999942779541,6.311999797821045,6.306000232696533,6.306000232696533,0
2026-08-11T21:10,6.306000232696533,6.315000057220459,6.302999973297119,6.310999870300293,12304
2026-08-11T21:15,6.310999870300293,6.313000202178955,6.298999786376953,6.301000118255615,0
2026-08-11T21:20,6.301000118255615,6.301000118255615,6.288000106811523,6.297999858856201,141984
2026-08-11T21:25,6.297999858856201,6.308000087738037,6.293000221252441,6.295000076293945,201744
2026-08-11T21:30,6.295000076293945,6.295000076293945,6.290999889373779,6.294000148773193,0
2026-08-11T21:35,6.294000148773193,6.300000190734863,6.290999889373779,6.300000190734863,0
2026-08-11T21:40,6.296000003814697,6.302000045776367,6.291999816894531,6.291999816894531,0
2026-08-11T21:45,6.291999816894531,6.302999973297119,6.291999816894531,6.298999786376953,274544
2026-08-11T21:50,6.302999973297119,6.302999973297119,6.298999786376953,6.298999786376953,666800
2026-08-11T21:55,6.298999786376953,6.311999797821045,6.298999786376953,6.311999797821045,468064
2026-08-11T22:00,6.311999797821045,6.328000068664551,6.309999942779541,6.316999912261963,94864
2026-08-11T22:05,6.316999912261963,6.317999839782715,6.314000129699707,6.314000129699707,9360
2026-08-11T22:10,6.314000129699707,6.323999881744385,6.314000129699707,6.322999954223633,0
2026-08-11T22:15,6.321000099182129,6.322999954223633,6.320000171661377,6.320000171661377,139824
2026-08-11T22:20,6.320000171661377,6.326000213623047,6.315999984741211,6.318999767303467,618816
2026-08-11T22:25,6.316999912261963,6.320000171661377,6.313000202178955,6.318999767303467,595840
2026-08-11T22:30,6.318999767303467,6.321000099182129,6.315999984741211,6.318999767303467,0
2026-08-11T22:35,6.318999767303467,6.321000099182129,6.316999912261963,6.316999912261963,248144
2026-08-11T22:40,6.317999839782715,6.317999839782715,6.307000160217285,6.309000015258789,215392
2026-08-11T22:45,6.309000015258789,6.311999797821045,6.303999900817871,6.308000087738037,440816
2026-08-11T22:50,6.309000015258789,6.314000129699707,6.307000160217285,6.313000202178955,13440
2026-08-11T22:55,6.313000202178955,6.320000171661377,6.313000202178955,6.315999984741211,138672
2026-08-11T23:00,6.314000129699707,6.314000129699707,6.309999942779541,6.311999797821045,0
2026-08-11T23:05,6.309999942779541,6.313000202178955,6.303999900817871,6.309000015258789,395824
2026-08-11T23:10,6.309000015258789,6.309999942779541,6.304999828338623,6.304999828338623,0
2026-08-11T23:15,6.304999828338623,6.307000160217285,6.302999973297119,6.307000160217285,542464
2026-08-11T23:20,6.308000087738037,6.309999942779541,6.308000087738037,6.309999942779541,0
2026-08-11T23:25,6.309999942779541,6.314000129699707,6.308000087738037,6.308000087738037,283552
2026-08-11T23:30,6.309000015258789,6.310999870300293,6.306000232696533,6.310999870300293,275472
2026-08-11T23:35,6.311999797821045,6.315000057220459,6.310999870300293,6.314000129699707,63088
2026-08-11T23:40,6.314000129699707,6.318999767303467,6.313000202178955,6.317999839782715,0
2026-08-11T23:45,6.317999839782715,6.321000099182129,6.316999912261963,6.321000099182129,47232
2026-08-11T23:50,6.321000099182129,6.323999881744385,6.318999767303467,6.321000099182129,187952
2026-08-11T23:55,6.321000099182129,6.321000099182129,6.316999912261963,6.316999912261963,199216
2026-08-12T00:00,6.317999839782715,6.317999839782715,6.306000232696533,6.306000232696533,72496
2026-08-12T00:05,6.309000015258789,6.324999809265137,6.309000015258789,6.314000129699707,293888
2026-08-12T00:10,6.311999797821045,6.311999797821045,6.304999828338623,6.306000232696533,2550896
2026-08-12T00:15,6.303999900817871,6.314000129699707,6.297999858856201,6.309999942779541,0
2026-08-12T00:20,6.311999797821045,6.315000057220459,6.301000118255615,6.304999828338623,0
2026-08-12T00:25,6.302000045776367,6.306000232696533,6.301000118255615,6.301000118255615,114384
2026-08-12T00:30,6.301000118255615,6.302000045776367,6.295000076293945,6.297999858856201,279760
2026-08-12T00:35,6.290999889373779,6.295000076293945,6.275000095367432,6.2779998779296875,437296
2026-08-12T00:40,6.2789998054504395,6.2829999923706055,6.275000095367432,6.276000022888184,702144
2026-08-12T00:45,6.276000022888184,6.290999889373779,6.276000022888184,6.288000106811523,209760
2026-08-12T00:50,6.289999961853027,6.293000221252441,6.28000020980835,6.283999919891357,365824
2026-08-12T00:55,6.2829999923706055,6.284999847412109,6.275000095367432,6.284999847412109,24768
2026-08-12T01:00,6.2870001792907715,6.289999961853027,6.2829999923706055,6.288000106811523,0
2026-08-12T01:05,6.290999889373779,6.300000190734863,6.284999847412109,6.291999816894531,0
2026-08-12T01:10,6.289999961853027,6.306000232696533,6.289000034332275,6.303999900817871,126960
2026-08-12T01:15,6.304999828338623,6.304999828338623,6.290999889373779,6.295000076293945,0
2026-08-12T01:20,6.295000076293945,6.297999858856201,6.288000106811523,6.296000003814697,66752
2026-08-12T01:25,6.294000148773193,6.294000148773193,6.28000020980835,6.289000034332275,0
2026-08-12T01:30,6.289000034332275,6.289000034332275,6.2829999923706055,6.289000034332275,0
2026-08-12T01:35,6.288000106811523,6.290999889373779,6.284999847412109,6.288000106811523,5216
2026-08-12T01:40,6.289999961853027,6.293000221252441,6.2870001792907715,6.290999889373779,198448
2026-08-12T01:45,6.289999961853027,6.296000003814697,6.288000106811523,6.296000003814697,0
2026-08-12T01:50,6.294000148773193,6.302000045776367,6.284999847412109,6.284999847412109,0
2026-08-12T01:55,6.2870001792907715,6.290999889373779,6.285999774932861,6.288000106811523,48320
2026-08-12T02:00,6.289000034332275,6.289999961853027,6.2789998054504395,6.2789998054504395,0
2026-08-12T02:05,6.2789998054504395,6.284999847412109,6.2789998054504395,6.283999919891357,0
2026-08-12T02:10,6.284999847412109,6.284999847412109,6.2779998779296875,6.281000137329102,0
2026-08-12T02:15,6.2829999923706055,6.297999858856201,6.2829999923706055,6.295000076293945,0
2026-08-12T02:20,6.294000148773193,6.295000076293945,6.283999919891357,6.284999847412109,0
2026-08-12T02:25,6.284999847412109,6.289999961853027,6.281000137329102,6.289999961853027,0
2026-08-12T02:30,6.291999816894531,6.291999816894531,6.284999847412109,6.284999847412109,0
2026-08-12T02:35,6.285999774932861,6.2870001792907715,6.281000137329102,6.283999919891357,0
2026-08-12T02:40,6.283999919891357,6.289000034332275,6.283999919891357,6.289000034332275,0
2026-08-12T02:45,6.289999961853027,6.293000221252441,6.289000034332275,6.293000221252441,106864
2026-08-12T02:50,6.293000221252441,6.295000076293945,6.291999816894531,6.293000221252441,0
2026-08-12T02:55,6.294000148773193,6.294000148773193,6.283999919891357,6.285999774932861,0
2026-08-12T03:00,6.288000106811523,6.298999786376953,6.288000106811523,6.298999786376953,0
2026-08-12T03:05,6.300000190734863,6.303999900817871,6.300000190734863,6.300000190734863,0
2026-08-12T03:10,6.296999931335449,6.296999931335449,6.290999889373779,6.291999816894531,0
2026-08-12T03:15,6.290999889373779,6.294000148773193,6.289999961853027,6.294000148773193,0
2026-08-12T03:20,6.294000148773193,6.294000148773193,6.291999816894531,6.291999816894531,0
2026-08-12T03:25,6.291999816894531,6.291999816894531,6.284999847412109,6.289000034332275,114608
2026-08-12T03:30,6.285999774932861,6.289000034332275,6.281000137329102,6.283999919891357,15952
2026-08-12T03:35,6.288000106811523,6.294000148773193,6.285999774932861,6.290999889373779,0
2026-08-12T03:40,6.290999889373779,6.291999816894531,6.283999919891357,6.284999847412109,161856
2026-08-12T03:45,6.2820000648498535,6.2820000648498535,6.2779998779296875,6.281000137329102,0
2026-08-12T03:50,6.2789998054504395,6.281000137329102,6.26800012588501,6.275000095367432,143648
2026-08-12T03:55,6.27400016784668,6.285999774932861,6.27400016784668,6.28000020980835,737792
2026-08-12T04:00,6.2789998054504395,6.288000106811523,6.2789998054504395,6.2829999923706055,193728
2026-08-12T04:05,6.2820000648498535,6.2820000648498535,6.2769999504089355,6.2769999504089355,0
2026-08-12T04:10,6.2769999504089355,6.284999847412109,6.2729997634887695,6.283999919891357,231056
2026-08-12T04:15,6.283999919891357,6.291999816894531,6.2820000648498535,6.291999816894531,128624
2026-08-12T04:20,6.291999816894531,6.308000087738037,6.291999816894531,6.307000160217285,0
2026-08-12T04:25,6.308000087738037,6.308000087738037,6.289999961853027,6.289999961853027,259360
2026-08-12T04:30,6.288000106811523,6.288000106811523,6.2829999923706055,6.284999847412109,405520
2026-08-12T04:35,6.284999847412109,6.289999961853027,6.283999919891357,6.289999961853027,0
2026-08-12T04:40,6.289999961853027,6.291999816894531,6.2870001792907715,6.288000106811523,536496
2026-08-12T04:45,6.288000106811523,6.290999889373779,6.2870001792907715,6.290999889373779,703600
2026-08-12T04:50,6.289000034332275,6.293000221252441,6.289000034332275,6.291999816894531,1106896
2026-08-12T04:55,6.291999816894531,6.291999816894531,6.284999847412109,6.288000106811523,0
2026-08-12T05:00,6.288000106811523,6.289000034332275,6.284999847412109,6.285999774932861,0
2026-08-12T05:05,6.285999774932861,6.285999774932861,6.2820000648498535,6.285999774932861,0
2026-08-12T05:10,6.288000106811523,6.289999961853027,6.288000106811523,6.289000034332275,0
2026-08-12T05:15,6.290999889373779,6.295000076293945,6.290999889373779,6.293000221252441,637344
2026-08-12T05:20,6.291999816894531,6.291999816894531,6.283999919891357,6.283999919891357,0
2026-08-12T05:25,6.283999919891357,6.289000034332275,6.283999919891357,6.285999774932861,391488
2026-08-12T05:30,6.285999774932861,6.289000034332275,6.285999774932861,6.289000034332275,13888
2026-08-12T05:35,6.289999961853027,6.290999889373779,6.288000106811523,6.288000106811523,388976
2026-08-12T05:40,6.288000106811523,6.288000106811523,6.2820000648498535,6.283999919891357,334880
2026-08-12T05:45,6.283999919891357,6.285999774932861,6.2829999923706055,6.2829999923706055,0
2026-08-12T05:50,6.2820000648498535,6.284999847412109,6.281000137329102,6.283999919891357,0
2026-08-12T05:55,6.283999919891357,6.289999961853027,6.283999919891357,6.289999961853027,0
2026-08-12T06:00,6.285999774932861,6.285999774932861,6.2779998779296875,6.2779998779296875,307824
2026-08-12T06:05,6.2789998054504395,6.28000020980835,6.270999908447266,6.270999908447266,0
2026-08-12T06:10,6.270999908447266,6.2729997634887695,6.26800012588501,6.26800012588501,0
2026-08-12T06:15,6.265999794006348,6.269000053405762,6.248000144958496,6.249000072479248,0
2026-08-12T06:20,6.25,6.255000114440918,6.247000217437744,6.249000072479248,1564224
2026-08-12T06:25,6.247000217437744,6.249000072479248,6.243000030517578,6.244999885559082,449792
2026-08-12T06:30,6.242000102996826,6.242000102996826,6.236999988555908,6.242000102996826,176160
2026-08-12T06:35,6.239999771118164,6.25,6.236999988555908,6.25,996576
2026-08-12T06:40,6.25,6.254000186920166,6.247000217437744,6.247000217437744,1073920
2026-08-12T06:45,6.247000217437744,6.247000217437744,6.242000102996826,6.244999885559082,88528
2026-08-12T06:50,6.244999885559082,6.247000217437744,6.238999843597412,6.241000175476074,0
2026-08-12T06:55,6.238999843597412,6.241000175476074,6.234000205993652,6.238999843597412,745120
2026-08-12T07:00,6.238999843597412,6.24399995803833,6.238999843597412,6.24399995803833,90336
2026-08-12T07:05,6.24399995803833,6.244999885559082,6.236000061035156,6.236000061035156,402912
2026-08-12T07:10,6.235000133514404,6.236000061035156,6.22599983215332,6.23199987411499,1157072
2026-08-12T07:15,6.238999843597412,6.26200008392334,6.238999843597412,6.241000175476074,865104
2026-08-12T07:20,6.241000175476074,6.241000175476074,6.236999988555908,6.236999988555908,1387008
2026-08-12T07:25,6.238999843597412,6.239999771118164,6.2210001945495605,6.2220001220703125,222768
2026-08-12T07:30,6.2210001945495605,6.2210001945495605,6.210999965667725,6.21999979019165,195840
2026-08-12T07:35,6.21999979019165,6.21999979019165,6.208000183105469,6.216000080108643,647728
2026-08-12T07:40,6.214000225067139,6.216000080108643,6.209000110626221,6.2129998207092285,356320
2026-08-12T07:45,6.211999893188477,6.2129998207092285,6.206999778747559,6.2129998207092285,332640
2026-08-12T07:50,6.215000152587891,6.223999977111816,6.215000152587891,6.223999977111816,670016
2026-08-12T07:55,6.224999904632568,6.230000019073486,6.224999904632568,6.230000019073486,80496
2026-08-12T08:00,6.2270002365112305,6.229000091552734,6.214000225067139,6.2270002365112305,0
2026-08-12T08:05,6.2270002365112305,6.23199987411499,6.224999904632568,6.224999904632568,514784
2026-08-12T08:10,6.2220001220703125,6.2220001220703125,6.2170000076293945,6.2179999351501465,613376
2026-08-12T08:15,6.2220001220703125,6.236999988555908,6.218999862670898,6.235000133514404,234672
2026-08-12T08:20,6.235000133514404,6.241000175476074,6.234000205993652,6.241000175476074,856000
2026-08-12T08:25,6.241000175476074,6.241000175476074,6.23799991607666,6.23799991607666,290880
2026-08-12T08:30,6.23799991607666,6.239999771118164,6.235000133514404,6.239999771118164,278800
2026-08-12T08:35,6.239999771118164,6.243000030517578,6.23799991607666,6.243000030517578,522864
2026-08-12T08:40,6.243000030517578,6.243000030517578,6.234000205993652,6.234000205993652,56384
2026-08-12T08:45,6.232999801635742,6.235000133514404,6.230000019073486,6.230000019073486,0
2026-08-12T08:50,6.224999904632568,6.2270002365112305,6.2220001220703125,6.2220001220703125,0
2026-08-12T08:55,6.2210001945495605,6.224999904632568,6.215000152587891,6.215000152587891,107232
2026-08-12T09:00,6.215000152587891,6.2179999351501465,6.210000038146973,6.2179999351501465,27744
2026-08-12T09:05,6.2179999351501465,6.2220001220703125,6.215000152587891,6.2170000076293945,83472
2026-08-12T09:10,6.215000152587891,6.223999977111816,6.211999893188477,6.223999977111816,554496
2026-08-12T09:15,6.22599983215332,6.23799991607666,6.22599983215332,6.23799991607666,30304
2026-08-12T09:20,6.238999843597412,6.251999855041504,6.234000205993652,6.251999855041504,268464
2026-08-12T09:25,6.252999782562256,6.260000228881836,6.247000217437744,6.248000144958496,318032
2026-08-12T09:30,6.252999782562256,6.25600004196167,6.238999843597412,6.238999843597412,28304
2026-08-12T09:35,6.241000175476074,6.247000217437744,6.239999771118164,6.247000217437744,0
2026-08-12T09:40,6.247000217437744,6.247000217437744,6.242000102996826,6.243000030517578,36160
2026-08-12T09:45,6.24399995803833,6.247000217437744,6.241000175476074,6.242000102996826,52576
2026-08-12T09:50,6.24399995803833,6.247000217437744,6.243000030517578,6.244999885559082,27440
2026-08-12T09:55,6.244999885559082,6.244999885559082,6.242000102996826,6.244999885559082,11504
2026-08-12T10:00,6.245999813079834,6.260000228881836,6.244999885559082,6.257999897003174,29808
2026-08-12T10:05,6.257999897003174,6.260000228881836,6.254000186920166,6.254000186920166,121200
2026-08-12T10:10,6.254000186920166,6.257999897003174,6.250999927520752,6.257999897003174,1792
2026-08-12T10:15,6.257999897003174,6.261000156402588,6.251999855041504,6.256999969482422,42064
2026-08-12T10:20,6.257999897003174,6.27400016784668,6.257999897003174,6.260000228881836,544560
2026-08-12T10:25,6.26200008392334,6.26200008392334,6.255000114440918,6.255000114440918,347056
2026-08-12T10:30,6.251999855041504,6.258999824523926,6.251999855041504,6.255000114440918,5456
2026-08-12T10:35,6.257999897003174,6.26800012588501,6.257999897003174,6.26800012588501,294144
2026-08-12T10:40,6.26800012588501,6.27400016784668,6.264999866485596,6.264999866485596,21392
2026-08-12T10:45,6.264999866485596,6.289000034332275,6.264999866485596,6.284999847412109,694816
2026-08-12T10:50,6.284999847412109,6.284999847412109,6.281000137329102,6.284999847412109,1219504
2026-08-12T10:55,6.284999847412109,6.284999847412109,6.2769999504089355,6.2769999504089355,264288
2026-08-12T11:00,6.281000137329102,6.284999847412109,6.270999908447266,6.270999908447266,264032
2026-08-12T11:05,6.270999908447266,6.275000095367432,6.270999908447266,6.270999908447266,15232
2026-08-12T11:10,6.2729997634887695,6.2729997634887695,6.269999980926514,6.270999908447266,199744
2026-08-12T11:15,6.271999835968018,6.276000022888184,6.267000198364258,6.276000022888184,158208
2026-08-12T11:20,6.2769999504089355,6.2870001792907715,6.2769999504089355,6.285999774932861,277568
2026-08-12T11:25,6.2870001792907715,6.291999816894531,6.284999847412109,6.291999816894531,238688
2026-08-12T11:30,6.293000221252441,6.304999828338623,6.291999816894531,6.296000003814697,361120
2026-08-12T11:35,6.295000076293945,6.302999973297119,6.293000221252441,6.302999973297119,216448
2026-08-12T11:40,6.302999973297119,6.302999973297119,6.295000076293945,6.297999858856201,144080
2026-08-12T11:45,6.300000190734863,6.301000118255615,6.294000148773193,6.296000003814697,257648
2026-08-12T11:50,6.291999816894531,6.298999786376953,6.291999816894531,6.296999931335449,122928
2026-08-12T11:55,6.296999931335449,6.306000232696533,6.296999931335449,6.302999973297119,308576
2026-08-12T12:00,6.304999828338623,6.316999912261963,6.304999828338623,6.307000160217285,110208
2026-08-12T12:05,6.309999942779541,6.315000057220459,6.304999828338623,6.313000202178955,638720
2026-08-12T12:10,6.311999797821045,6.314000129699707,6.307000160217285,6.307000160217285,303440
2026-08-12T12:15,6.310999870300293,6.317999839782715,6.310999870300293,6.314000129699707,134016
2026-08-12T12:20,6.313000202178955,6.315999984741211,6.302999973297119,6.302999973297119,39392
2026-08-12T12:25,6.301000118255615,6.539000034332275,6.300000190734863,6.432000160217285,46000
2026-08-12T12:30,6.433000087738037,6.433000087738037,6.382999897003174,6.4120001792907715,14939664
2026-08-12T12:35,6.4120001792907715,6.434000015258789,6.4039998054504395,6.409999847412109,5778896
2026-08-12T12:40,6.415999889373779,6.440999984741211,6.4079999923706055,6.416999816894531,4032960
2026-08-12T12:45,6.414000034332275,6.434000015258789,6.4079999923706055,6.408999919891357,832128
2026-08-12T12:50,6.414999961853027,6.414999961853027,6.400000095367432,6.401000022888184,1905472
2026-08-12T12:55,6.4019999504089355,6.415999889373779,6.396999835968018,6.4070000648498535,588928
2026-08-12T13:00,6.406000137329102,6.421000003814697,6.396999835968018,6.4019999504089355,424672
2026-08-12T13:05,6.400000095367432,6.408999919891357,6.3979997634887695,6.4070000648498535,36576
2026-08-12T13:10,6.4070000648498535,6.4070000648498535,6.392000198364258,6.4029998779296875,488640
2026-08-12T13:15,6.4039998054504395,6.420000076293945,6.4019999504089355,6.4070000648498535,886464
2026-08-12T13:20,6.4070000648498535,6.4120001792907715,6.4039998054504395,6.4070000648498535,866304
2026-08-12T13:25,6.406000137329102,6.414000034332275,6.4029998779296875,6.406000137329102,45664
2026-08-12T13:30,6.408999919891357,6.410999774932861,6.395999908447266,6.396999835968018,418240
2026-08-12T13:35,6.400000095367432,6.406000137329102,6.396999835968018,6.4019999504089355,382432
2026-08-12T13:40,6.4029998779296875,6.406000137329102,6.392000198364258,6.3979997634887695,447200
2026-08-12T13:45,6.395999908447266,6.40500020980835,6.39300012588501,6.394000053405762,564256
2026-08-12T13:50,6.389999866485596,6.389999866485596,6.3460001945495605,6.355000019073486,733216
2026-08-12T13:55,6.354000091552734,6.357999801635742,6.3420000076293945,6.3460001945495605,362528
2026-08-12T14:00,6.3460001945495605,6.359000205993652,6.334000110626221,6.3429999351501465,230528
2026-08-12T14:05,6.335000038146973,6.335000038146973,6.335000038146973,6.335000038146973,0
