date,open,high,low,close,volume
2026-08-01T00:00,8.166000366210938,8.177000045776367,8.164999961853027,8.175999641418457,0
2026-08-01T00:05,8.178000450134277,8.180999755859375,8.170000076293945,8.175999641418457,0
2026-08-01T00:10,8.175999641418457,8.184000015258789,8.175999641418457,8.180000305175781,25536
2026-08-01T00:15,8.180000305175781,8.180000305175781,8.175000190734863,8.178000450134277,0
2026-08-01T00:20,8.178000450134277,8.178999900817871,8.175999641418457,8.177000045776367,0
2026-08-01T00:25,8.177000045776367,8.177000045776367,8.170999526977539,8.17199993133545,76128
2026-08-01T00:30,8.17199993133545,8.177000045776367,8.168999671936035,8.177000045776367,0
2026-08-01T00:35,8.175999641418457,8.180999755859375,8.173999786376953,8.180999755859375,0
2026-08-01T00:40,8.180999755859375,8.1850004196167,8.180000305175781,8.1850004196167,166672
2026-08-01T00:45,8.1850004196167,8.192000389099121,8.1850004196167,8.187999725341797,53584
2026-08-01T00:50,8.185999870300293,8.187999725341797,8.178000450134277,8.178000450134277,357184
2026-08-01T00:55,8.178000450134277,8.178999900817871,8.166000366210938,8.175000190734863,181568
2026-08-01T01:00,8.173999786376953,8.182000160217285,8.173999786376953,8.178999900817871,0
2026-08-01T01:05,8.180999755859375,8.187000274658203,8.180999755859375,8.182999610900879,0
2026-08-01T01:10,8.1850004196167,8.1850004196167,8.178999900817871,8.180999755859375,0
2026-08-01T01:15,8.180999755859375,8.187999725341797,8.180999755859375,8.180999755859375,0
2026-08-01T01:20,8.180999755859375,8.189000129699707,8.180000305175781,8.182000160217285,0
2026-08-01T01:25,8.182000160217285,8.185999870300293,8.180999755859375,8.1850004196167,0
2026-08-01T01:30,8.184000015258789,8.187999725341797,8.182999610900879,8.184000015258789,0
2026-08-01T01:35,8.184000015258789,8.187999725341797,8.182999610900879,8.187999725341797,0
2026-08-01T01:40,8.187999725341797,8.192999839782715,8.187999725341797,8.192000389099121,0
2026-08-01T01:45,8.192000389099121,8.194999694824219,8.189000129699707,8.189000129699707,0
2026-08-01T01:50,8.187000274658203,8.194999694824219,8.185999870300293,8.192000389099121,0
2026-08-01T01:55,8.192000389099121,8.206000328063965,8.1899995803833,8.204999923706055,0
2026-08-01T02:00,8.208000183105469,8.229000091552734,8.208000183105469,8.222999572753906,263904
2026-08-01T02:05,8.222999572753906,8.222999572753906,8.213000297546387,8.213000297546387,554880
2026-08-01T02:10,8.213000297546387,8.225000381469727,8.213000297546387,8.222999572753906,0
2026-08-01T02:15,8.222999572753906,8.229000091552734,8.222999572753906,8.227999687194824,0
2026-08-01T02:20,8.229999542236328,8.23900032043457,8.229999542236328,8.236000061035156,244320
2026-08-01T02:25,8.234999656677246,8.23900032043457,8.234999656677246,8.23799991607666,303760
2026-08-01T02:30,8.239999771118164,8.239999771118164,8.229000091552734,8.229000091552734,0
2026-08-01T02:35,8.227999687194824,8.227999687194824,8.21399974822998,8.21399974822998,0
2026-08-01T02:40,8.21399974822998,8.217000007629395,8.21399974822998,8.21399974822998,0
2026-08-01T02:45,8.21399974822998,8.222999572753906,8.211999893188477,8.217000007629395,0
2026-08-01T02:50,8.217000007629395,8.217000007629395,8.213000297546387,8.213000297546387,0
2026-08-01T02:55,8.211999893188477,8.211999893188477,8.210000038146973,8.211999893188477,0
2026-08-01T03:00,8.211999893188477,8.222000122070312,8.211999893188477,8.220999717712402,0
2026-08-01T03:05,8.220999717712402,8.229999542236328,8.220999717712402,8.22599983215332,0
2026-08-01T03:10,8.222999572753906,8.222999572753906,8.21500015258789,8.21500015258789,0
2026-08-01T03:15,8.21500015258789,8.21500015258789,8.206999778747559,8.206999778747559,0
2026-08-01T03:20,8.206999778747559,8.213000297546387,8.206999778747559,8.211999893188477,0
2026-08-01T03:25,8.211999893188477,8.21399974822998,8.201000213623047,8.201000213623047,0
2026-08-01T03:30,8.201000213623047,8.201000213623047,8.187000274658203,8.187000274658203,0
2026-08-01T03:35,8.187000274658203,8.194000244140625,8.187000274658203,8.1899995803833,0
2026-08-01T03:40,8.1899995803833,8.199999809265137,8.1899995803833,8.197999954223633,61344
2026-08-01T03:45,8.197999954223633,8.199999809265137,8.196000099182129,8.196999549865723,178128
2026-08-01T03:50,8.196000099182129,8.196999549865723,8.192999839782715,8.194000244140625,334592
2026-08-01T03:55,8.194999694824219,8.20199966430664,8.194000244140625,8.20199966430664,1259568
2026-08-01T04:00,8.206000328063965,8.211999893188477,8.204000473022461,8.204000473022461,75008
2026-08-01T04:05,8.20300006866455,8.20300006866455,8.196000099182129,8.196000099182129,104528
2026-08-01T04:10,8.196000099182129,8.206000328063965,8.196000099182129,8.204000473022461,82288
2026-08-01T04:15,8.204000473022461,8.204000473022461,8.199000358581543,8.20199966430664,6624
2026-08-01T04:20,8.20199966430664,8.208999633789062,8.199999809265137,8.204999923706055,0
2026-08-01T04:25,8.204999923706055,8.206000328063965,8.197999954223633,8.20199966430664,212720
2026-08-01T04:30,8.20199966430664,8.204000473022461,8.199999809265137,8.199999809265137,129744
2026-08-01T04:35,8.20199966430664,8.20199966430664,8.199999809265137,8.199999809265137,0
2026-08-01T04:40,8.199999809265137,8.206999778747559,8.199999809265137,8.204000473022461,0
2026-08-01T04:45,8.204999923706055,8.204999923706055,8.20199966430664,8.204999923706055,13328
2026-08-01T04:50,8.204999923706055,8.21500015258789,8.204999923706055,8.21500015258789,190944
2026-08-01T04:55,8.21500015258789,8.225000381469727,8.21399974822998,8.222000122070312,0
2026-08-01T05:00,8.222999572753906,8.229999542236328,8.222999572753906,8.229999542236328,64512
2026-08-01T05:05,8.230999946594238,8.232999801635742,8.229000091552734,8.232999801635742,0
2026-08-01T05:10,8.232999801635742,8.232999801635742,8.230999946594238,8.230999946594238,0
2026-08-01T05:15,8.229999542236328,8.229999542236328,8.225000381469727,8.225000381469727,0
2026-08-01T05:20,8.225000381469727,8.225000381469727,8.215999603271484,8.218000411987305,237040
2026-08-01T05:25,8.218000411987305,8.220000267028809,8.215999603271484,8.218000411987305,0
2026-08-01T05:30,8.218000411987305,8.225000381469727,8.21500015258789,8.21500015258789,0
2026-08-01T05:35,8.215999603271484,8.218000411987305,8.20300006866455,8.20300006866455,0
2026-08-01T05:40,8.20199966430664,8.20199966430664,8.194000244140625,8.194999694824219,2612880
2026-08-01T05:45,8.190999984741211,8.190999984741211,8.180999755859375,8.180999755859375,437728
2026-08-01T05:50,8.182000160217285,8.1899995803833,8.178999900817871,8.187999725341797,345648
2026-08-01T05:55,8.187999725341797,8.197999954223633,8.187000274658203,8.196000099182129,95888
2026-08-01T06:00,8.194000244140625,8.194000244140625,8.173999786376953,8.173999786376953,759296
2026-08-01T06:05,8.170999526977539,8.170999526977539,8.15999984741211,8.163000106811523,2108768
2026-08-01T06:10,8.163000106811523,8.166999816894531,8.16100025177002,8.166999816894531,2560192
2026-08-01T06:15,8.168000221252441,8.168000221252441,8.156000137329102,8.16100025177002,645632
2026-08-01T06:20,8.16100025177002,8.170999526977539,8.16100025177002,8.168000221252441,700688
2026-08-01T06:25,8.168000221252441,8.168999671936035,8.161999702453613,8.163999557495117,673136
2026-08-01T06:30,8.163000106811523,8.166000366210938,8.161999702453613,8.161999702453613,240672
2026-08-01T06:35,8.161999702453613,8.164999961853027,8.15999984741211,8.15999984741211,0
2026-08-01T06:40,8.15999984741211,8.163000106811523,8.157999992370605,8.16100025177002,89632
2026-08-01T06:45,8.163000106811523,8.170000076293945,8.16100025177002,8.170000076293945,0
2026-08-01T06:50,8.170999526977539,8.182000160217285,8.170999526977539,8.178999900817871,308000
2026-08-01T06:55,8.177000045776367,8.185999870300293,8.175999641418457,8.182999610900879,0
2026-08-01T07:00,8.182000160217285,8.187999725341797,8.182000160217285,8.185999870300293,0
2026-08-01T07:05,8.187000274658203,8.187000274658203,8.182000160217285,8.182999610900879,0
2026-08-01T07:10,8.1850004196167,8.190999984741211,8.182000160217285,8.182000160217285,0
2026-08-01T07:15,8.180999755859375,8.182999610900879,8.17300033569336,8.17300033569336,0
2026-08-01T07:20,8.17300033569336,8.175999641418457,8.166000366210938,8.168000221252441,0
2026-08-01T07:25,8.166999816894531,8.166999816894531,8.14799976348877,8.14799976348877,0
2026-08-01T07:30,8.14900016784668,8.14900016784668,8.135000228881836,8.140000343322754,0
2026-08-01T07:35,8.140000343322754,8.142000198364258,8.135000228881836,8.135000228881836,0
2026-08-01T07:40,8.133999824523926,8.13700008392334,8.131999969482422,8.135000228881836,261056
2026-08-01T07:45,8.135000228881836,8.135000228881836,8.123000144958496,8.123000144958496,512992
2026-08-01T07:50,8.12399959564209,8.135000228881836,8.12399959564209,8.130999565124512,47008
2026-08-01T07:55,8.128999710083008,8.133999824523926,8.128999710083008,8.128999710083008,273712
2026-08-01T08:00,8.128999710083008,8.130000114440918,8.121000289916992,8.12600040435791,0
2026-08-01T08:05,8.125,8.128999710083008,8.125,8.125,0
2026-08-01T08:10,8.125,8.126999855041504,8.12399959564209,8.12399959564209,0
2026-08-01T08:15,8.12399959564209,8.130000114440918,8.12399959564209,8.130000114440918,68080
2026-08-01T08:20,8.130000114440918,8.131999969482422,8.126999855041504,8.130000114440918,142176
2026-08-01T08:25,8.130000114440918,8.130000114440918,8.114999771118164,8.114999771118164,227744
2026-08-01T08:30,8.116999626159668,8.123000144958496,8.116999626159668,8.123000144958496,28032
2026-08-01T08:35,8.123000144958496,8.125,8.116999626159668,8.119000434875488,0
2026-08-01T08:40,8.114999771118164,8.119999885559082,8.114999771118164,8.116999626159668,226304
2026-08-01T08:45,8.116999626159668,8.119000434875488,8.11400032043457,8.114999771118164,32336
2026-08-01T08:50,8.114999771118164,8.116999626159668,8.11400032043457,8.116000175476074,267056
2026-08-01T08:55,8.116000175476074,8.116000175476074,8.11400032043457,8.116000175476074,319888
2026-08-01T09:00,8.116000175476074,8.116999626159668,8.107999801635742,8.109000205993652,2512
2026-08-01T09:05,8.109999656677246,8.109999656677246,8.107000350952148,8.107000350952148,0
2026-08-01T09:10,8.109999656677246,8.109999656677246,8.107000350952148,8.107000350952148,328352
2026-08-01T09:15,8.107000350952148,8.109999656677246,8.104000091552734,8.104999542236328,215312
2026-08-01T09:20,8.104999542236328,8.107999801635742,8.100000381469727,8.10200023651123,0
2026-08-01T09:25,8.10099983215332,8.10200023651123,8.098999977111816,8.100000381469727,0
2026-08-01T09:30,8.100000381469727,8.104000091552734,8.097999572753906,8.10200023651123,0
2026-08-01T09:35,8.10200023651123,8.10200023651123,8.095999717712402,8.095999717712402,0
2026-08-01T09:40,8.095999717712402,8.097999572753906,8.093000411987305,8.097999572753906,103920
2026-08-01T09:45,8.095000267028809,8.100000381469727,8.095000267028809,8.095999717712402,12128
2026-08-01T09:50,8.095999717712402,8.097000122070312,8.095000267028809,8.095999717712402,119024
2026-08-01T09:55,8.095999717712402,8.10200023651123,8.092000007629395,8.092000007629395,490880
2026-08-01T10:00,8.095000267028809,8.095999717712402,8.079000473022461,8.079999923706055,0
2026-08-01T10:05,8.079999923706055,8.09000015258789,8.079999923706055,8.08899974822998,0
2026-08-01T10:10,8.088000297546387,8.093999862670898,8.088000297546387,8.093000411987305,0
2026-08-01T10:15,8.092000007629395,8.104000091552734,8.08899974822998,8.104000091552734,0
2026-08-01T10:20,8.104000091552734,8.104000091552734,8.092000007629395,8.092000007629395,0
2026-08-01T10:25,8.08899974822998,8.08899974822998,8.086000442504883,8.088000297546387,0
2026-08-01T10:30,8.088000297546387,8.092000007629395,8.086999893188477,8.090999603271484,0
2026-08-01T10:35,8.090999603271484,8.090999603271484,8.088000297546387,8.09000015258789,0
2026-08-01T10:40,8.090999603271484,8.100000381469727,8.090999603271484,8.097000122070312,0
2026-08-01T10:45,8.097000122070312,8.097000122070312,8.08899974822998,8.092000007629395,0
2026-08-01T10:50,8.092000007629395,8.095000267028809,8.092000007629395,8.095000267028809,0
2026-08-01T10:55,8.093000411987305,8.093000411987305,8.09000015258789,8.090999603271484,0
2026-08-01T11:00,8.090999603271484,8.090999603271484,8.086999893188477,8.088000297546387,0
2026-08-01T11:05,8.088000297546387,8.08899974822998,8.085000038146973,8.086000442504883,0
2026-08-01T11:10,8.086000442504883,8.09000015258789,8.086000442504883,8.09000015258789,347840
2026-08-01T11:15,8.090999603271484,8.090999603271484,8.083999633789062,8.083999633789062,210912
2026-08-01T11:20,8.086000442504883,8.090999603271484,8.086000442504883,8.086000442504883,0
2026-08-01T11:25,8.086000442504883,8.086000442504883,8.083999633789062,8.083999633789062,0
2026-08-01T11:30,8.081999778747559,8.086999893188477,8.07699966430664,8.086000442504883,1065504
2026-08-01T11:35,8.086000442504883,8.092000007629395,8.085000038146973,8.092000007629395,11344
2026-08-01T11:40,8.092000007629395,8.093000411987305,8.083000183105469,8.086999893188477,0
2026-08-01T11:45,8.086999893188477,8.086999893188477,8.081000328063965,8.081999778747559,0
2026-08-01T11:50,8.081999778747559,8.083999633789062,8.079999923706055,8.083999633789062,0
2026-08-01T11:55,8.083999633789062,8.083999633789062,8.081000328063965,8.081000328063965,0
2026-08-01T12:00,8.081000328063965,8.08899974822998,8.081000328063965,8.086999893188477,0
2026-08-01T12:05,8.085000038146973,8.086000442504883,8.07699966430664,8.079999923706055,0
2026-08-01T12:10,8.079999923706055,8.086999893188477,8.079000473022461,8.083999633789062,0
2026-08-01T12:15,8.083999633789062,8.088000297546387,8.081999778747559,8.088000297546387,0
2026-08-01T12:20,8.09000015258789,8.098999977111816,8.085000038146973,8.097999572753906,0
2026-08-01T12:25,8.097999572753906,8.10200023651123,8.095000267028809,8.095000267028809,104176
2026-08-01T12:30,8.095000267028809,8.097999572753906,8.093999862670898,8.097999572753906,0
2026-08-01T12:35,8.095000267028809,8.095999717712402,8.086000442504883,8.086000442504883,0
2026-08-01T12:40,8.088000297546387,8.09000015258789,8.085000038146973,8.088000297546387,0
2026-08-01T12:45,8.088000297546387,8.093000411987305,8.086000442504883,8.093000411987305,0
2026-08-01T12:50,8.093000411987305,8.104999542236328,8.093000411987305,8.102999687194824,0
2026-08-01T12:55,8.104999542236328,8.104999542236328,8.10200023651123,8.10200023651123,0
2026-08-01T13:00,8.10200023651123,8.10200023651123,8.092000007629395,8.098999977111816,0
2026-08-01T13:05,8.098999977111816,8.104000091552734,8.097000122070312,8.102999687194824,0
2026-08-01T13:10,8.102999687194824,8.105999946594238,8.098999977111816,8.098999977111816,0
2026-08-01T13:15,8.095999717712402,8.095999717712402,8.088000297546387,8.08899974822998,0
2026-08-01T13:20,8.093000411987305,8.095000267028809,8.092000007629395,8.095000267028809,0
2026-08-01T13:25,8.095000267028809,8.095000267028809,8.086999893188477,8.086999893188477,0
2026-08-01T13:30,8.088000297546387,8.098999977111816,8.088000297546387,8.098999977111816,0
2026-08-01T13:35,8.098999977111816,8.100000381469727,8.092000007629395,8.092000007629395,0
2026-08-01T13:40,8.093999862670898,8.100000381469727,8.092000007629395,8.100000381469727,0
2026-08-01T13:45,8.100000381469727,8.100000381469727,8.092000007629395,8.092000007629395,0
2026-08-01T13:50,8.093999862670898,8.098999977111816,8.093999862670898,8.095000267028809,0
2026-08-01T13:55,8.097000122070312,8.097000122070312,8.086000442504883,8.090999603271484,0
2026-08-01T14:00,8.090999603271484,8.10200023651123,8.090999603271484,8.10200023651123,0
2026-08-01T14:05,8.10200023651123,8.109999656677246,8.10099983215332,8.10099983215332,0
2026-08-01T14:10,8.100000381469727,8.10099983215332,8.093000411987305,8.095000267028809,0
2026-08-01T14:15,8.093999862670898,8.097999572753906,8.092000007629395,8.095999717712402,0
2026-08-01T14:20,8.097999572753906,8.10200023651123,8.097999572753906,8.10099983215332,0
2026-08-01T14:25,8.10099983215332,8.10099983215332,8.093999862670898,8.095000267028809,41936
2026-08-01T14:30,8.095999717712402,8.10099983215332,8.095999717712402,8.097999572753906,0
2026-08-01T14:35,8.097999572753906,8.104000091552734,8.093999862670898,8.102999687194824,0
2026-08-01T14:40,8.102999687194824,8.104000091552734,8.098999977111816,8.100000381469727,0
2026-08-01T14:45,8.10099983215332,8.104999542236328,8.100000381469727,8.104999542236328,0
2026-08-01T14:50,8.10200023651123,8.102999687194824,8.100000381469727,8.100000381469727,0
2026-08-01T14:55,8.100000381469727,8.107000350952148,8.098999977111816,8.10200023651123,0
2026-08-01T15:00,8.10099983215332,8.107000350952148,8.098999977111816,8.105999946594238,0
2026-08-01T15:05,8.105999946594238,8.107999801635742,8.093999862670898,8.098999977111816,0
2026-08-01T15:10,8.100000381469727,8.102999687194824,8.095999717712402,8.10200023651123,0
2026-08-01T15:15,8.10200023651123,8.102999687194824,8.08899974822998,8.093999862670898,0
2026-08-01T15:20,8.095000267028809,8.097000122070312,8.092000007629395,8.092000007629395,0
2026-08-01T15:25,8.092000007629395,8.092000007629395,8.085000038146973,8.09000015258789,0
2026-08-01T15:30,8.09000015258789,8.092000007629395,8.086999893188477,8.092000007629395,0
2026-08-01T15:35,8.092000007629395,8.095000267028809,8.09000015258789,8.092000007629395,0
2026-08-01T15:40,8.092000007629395,8.10099983215332,8.092000007629395,8.100000381469727,0
2026-08-01T15:45,8.098999977111816,8.104000091552734,8.098999977111816,8.104000091552734,0
2026-08-01T15:50,8.104000091552734,8.104000091552734,8.095000267028809,8.097999572753906,0
2026-08-01T15:55,8.098999977111816,8.10200023651123,8.095999717712402,8.095999717712402,37856
2026-08-01T16:00,8.095999717712402,8.100000381469727,8.090999603271484,8.100000381469727,0
2026-08-01T16:05,8.097999572753906,8.097999572753906,8.086999893188477,8.086999893188477,312704
2026-08-01T16:10,8.086000442504883,8.086000442504883,8.071999549865723,8.07699966430664,511200
2026-08-01T16:15,8.07699966430664,8.086999893188477,8.07699966430664,8.083999633789062,208448
2026-08-01T16:20,8.083000183105469,8.088000297546387,8.079999923706055,8.086999893188477,0
2026-08-01T16:25,8.088000297546387,8.093999862670898,8.088000297546387,8.09000015258789,0
2026-08-01T16:30,8.090999603271484,8.10099983215332,8.09000015258789,8.10099983215332,0
2026-08-01T16:35,8.098999977111816,8.107000350952148,8.097000122070312,8.097000122070312,0
2026-08-01T16:40,8.098999977111816,8.098999977111816,8.088000297546387,8.08899974822998,0
2026-08-01T16:45,8.086999893188477,8.08899974822998,8.081999778747559,8.08899974822998,0
2026-08-01T16:50,8.086999893188477,8.09000015258789,8.081000328063965,8.081000328063965,0
2026-08-01T16:55,8.081000328063965,8.083999633789062,8.071000099182129,8.083000183105469,0
2026-08-01T17:00,8.081000328063965,8.088000297546387,8.079000473022461,8.086999893188477,0
2026-08-01T17:05,8.088000297546387,8.093999862670898,8.085000038146973,8.08899974822998,0
2026-08-01T17:10,8.086999893188477,8.086999893188477,8.072999954223633,8.074999809265137,0
2026-08-01T17:15,8.074000358581543,8.07699966430664,8.069999694824219,8.076000213623047,0
2026-08-01T17:20,8.076000213623047,8.081000328063965,8.074999809265137,8.079999923706055,0
2026-08-01T17:25,8.079999923706055,8.079999923706055,8.0600004196167,8.067000389099121,0
2026-08-01T17:30,8.067000389099121,8.067000389099121,8.043999671936035,8.043999671936035,0
2026-08-01T17:35,8.045000076293945,8.052000045776367,8.039999961853027,8.050000190734863,0
2026-08-01T17:40,8.052000045776367,8.0600004196167,8.052000045776367,8.055999755859375,0
2026-08-01T17:45,8.055999755859375,8.055999755859375,8.041000366210938,8.041000366210938,0
2026-08-01T17:50,8.039999961853027,8.039999961853027,8.026000022888184,8.038000106811523,991472
2026-08-01T17:55,8.038000106811523,8.041999816894531,8.034000396728516,8.041000366210938,153728
2026-08-01T18:00,8.03600025177002,8.038999557495117,8.027000427246094,8.034000396728516,0
2026-08-01T18:05,8.032999992370605,8.038999557495117,8.032999992370605,8.03600025177002,48672
2026-08-01T18:10,8.03600025177002,8.041000366210938,8.031999588012695,8.03499984741211,122016
2026-08-01T18:15,8.034000396728516,8.03600025177002,8.022000312805176,8.031000137329102,0
2026-08-01T18:20,8.029000282287598,8.029000282287598,8.003999710083008,8.003999710083008,145712
2026-08-01T18:25,8.005000114440918,8.019000053405762,8.005000114440918,8.015999794006348,345152
2026-08-01T18:30,8.012999534606934,8.015000343322754,7.923999786376953,7.955999851226807,1570784
2026-08-01T18:35,7.959000110626221,7.9679999351501465,7.956999778747559,7.958000183105469,4045472
2026-08-01T18:40,7.959000110626221,7.960000038146973,7.926000118255615,7.926000118255615,1172320
2026-08-01T18:45,7.927999973297119,7.927999973297119,7.888000011444092,7.888000011444092,633712
2026-08-01T18:50,7.886000156402588,7.918000221252441,7.886000156402588,7.910999774932861,1883504
2026-08-01T18:55,7.913000106811523,7.955999851226807,7.913000106811523,7.955999851226807,1347792
2026-08-01T19:00,7.954999923706055,8.005999565124512,7.954999923706055,7.991000175476074,1182112
2026-08-01T19:05,8.008000373840332,8.01200008392334,8.001999855041504,8.005000114440918,1462912
2026-08-01T19:10,8.005000114440918,8.019000053405762,7.998000144958496,7.998000144958496,1389936
2026-08-01T19:15,7.994999885559082,8.005999565124512,7.989999771118164,7.998000144958496,185152
2026-08-01T19:20,7.998000144958496,8.00100040435791,7.98799991607666,7.991000175476074,579664
2026-08-01T19:25,7.991000175476074,7.995999813079834,7.989999771118164,7.995999813079834,0
2026-08-01T19:30,7.994999885559082,8.001999855041504,7.989999771118164,7.994999885559082,0
2026-08-01T19:35,7.994999885559082,8.0,7.986999988555908,7.998000144958496,209472
2026-08-01T19:40,7.998000144958496,7.998000144958496,7.991000175476074,7.995999813079834,146480
2026-08-01T19:45,7.997000217437744,8.003000259399414,7.997000217437744,8.003000259399414,110496
2026-08-01T19:50,8.003999710083008,8.01200008392334,7.997000217437744,8.001999855041504,275216
2026-08-01T19:55,7.997000217437744,8.003000259399414,7.997000217437744,7.998000144958496,213264
2026-08-01T20:00,7.997000217437744,8.005000114440918,7.988999843597412,7.998000144958496,0
2026-08-01T20:05,7.998000144958496,8.005000114440918,7.994999885559082,7.997000217437744,0
2026-08-01T20:10,7.997000217437744,8.005000114440918,7.992000102996826,8.003999710083008,290368
2026-08-01T20:15,8.003999710083008,8.012999534606934,8.003999710083008,8.012999534606934,0
2026-08-01T20:20,8.013999938964844,8.020000457763672,8.005000114440918,8.005999565124512,0
2026-08-01T20:25,8.005999565124512,8.005999565124512,8.0,8.003000259399414,0
2026-08-01T20:30,8.003000259399414,8.006999969482422,8.0,8.005999565124512,166496
2026-08-01T20:35,8.005999565124512,8.019000053405762,8.005000114440918,8.005000114440918,1372000
2026-08-01T20:40,8.005000114440918,8.01099967956543,8.003000259399414,8.008999824523926,603856
2026-08-01T20:45,8.006999969482422,8.020000457763672,8.005999565124512,8.017999649047852,360592
2026-08-01T20:50,8.015999794006348,8.027000427246094,8.010000228881836,8.015000343322754,369392
2026-08-01T20:55,8.015000343322754,8.022000312805176,8.015000343322754,8.020999908447266,0
2026-08-01T21:00,8.020999908447266,8.04800033569336,8.020999908447266,8.034000396728516,181632
2026-08-01T21:05,8.03600025177002,8.03600025177002,8.034000396728516,8.03499984741211,0
2026-08-01T21:10,8.03499984741211,8.036999702453613,8.027999877929688,8.036999702453613,0
2026-08-01T21:15,8.036999702453613,8.052000045776367,8.03600025177002,8.050000190734863,125216
2026-08-01T21:20,8.043999671936035,8.043999671936035,8.032999992370605,8.032999992370605,731168
2026-08-01T21:25,8.032999992370605,8.039999961853027,8.029999732971191,8.039999961853027,148912
2026-08-01T21:30,8.038000106811523,8.052000045776367,8.038000106811523,8.052000045776367,0
2026-08-01T21:35,8.053999900817871,8.053999900817871,8.043000221252441,8.04800033569336,0
2026-08-01T21:40,8.045000076293945,8.053999900817871,8.043999671936035,8.053999900817871,0
2026-08-01T21:45,8.052000045776367,8.057000160217285,8.052000045776367,8.055999755859375,0
2026-08-01T21:50,8.055999755859375,8.057000160217285,8.050999641418457,8.050999641418457,0
2026-08-01T21:55,8.050999641418457,8.057999610900879,8.04800033569336,8.057999610900879,0
2026-08-01T22:00,8.060999870300293,8.0649995803833,8.052000045776367,8.064000129699707,0
2026-08-01T22:05,8.062000274658203,8.069999694824219,8.062000274658203,8.065999984741211,0
2026-08-01T22:10,8.067000389099121,8.069999694824219,8.060999870300293,8.065999984741211,90064
2026-08-01T22:15,8.065999984741211,8.069000244140625,8.064000129699707,8.067000389099121,0
2026-08-01T22:20,8.067000389099121,8.071000099182129,8.064000129699707,8.0649995803833,0
2026-08-01T22:25,8.067000389099121,8.076000213623047,8.0649995803833,8.074000358581543,239728
2026-08-01T22:30,8.076000213623047,8.076000213623047,8.071999549865723,8.074000358581543,53648
2026-08-01T22:35,8.069999694824219,8.074000358581543,8.0649995803833,8.074000358581543,0
2026-08-01T22:40,8.074000358581543,8.074999809265137,8.071000099182129,8.072999954223633,0
2026-08-01T22:45,8.071999549865723,8.072999954223633,8.069000244140625,8.069000244140625,827664
2026-08-01T22:50,8.067000389099121,8.067999839782715,8.064000129699707,8.065999984741211,0
2026-08-01T22:55,8.0649995803833,8.065999984741211,8.062999725341797,8.064000129699707,0
2026-08-01T23:00,8.069999694824219,8.072999954223633,8.069000244140625,8.071999549865723,0
2026-08-01T23:05,8.069999694824219,8.07699966430664,8.067999839782715,8.07699966430664,115584
2026-08-01T23:10,8.07699966430664,8.079000473022461,8.069999694824219,8.074000358581543,1749760
2026-08-01T23:15,8.074000358581543,8.074000358581543,8.062000274658203,8.062000274658203,42160
2026-08-01T23:20,8.060999870300293,8.060999870300293,8.053999900817871,8.055999755859375,0
2026-08-01T23:25,8.055999755859375,8.055999755859375,8.050999641418457,8.050999641418457,0
2026-08-01T23:30,8.050999641418457,8.055000305175781,8.048999786376953,8.050000190734863,0
2026-08-01T23:35,8.050000190734863,8.055000305175781,8.050000190734863,8.052000045776367,0
2026-08-01T23:40,8.052000045776367,8.055999755859375,8.048999786376953,8.055999755859375,0
2026-08-01T23:45,8.055999755859375,8.059000015258789,8.055000305175781,8.055000305175781,0
2026-08-01T23:50,8.055000305175781,8.059000015258789,8.055000305175781,8.055000305175781,0
2026-08-01T23:55,8.055000305175781,8.064000129699707,8.055000305175781,8.064000129699707,166384
2026-08-02T00:00,8.062999725341797,8.067000389099121,8.057999610900879,8.067000389099121,0
2026-08-02T00:05,8.067000389099121,8.071999549865723,8.0600004196167,8.062000274658203,0
2026-08-02T00:10,8.060999870300293,8.062999725341797,8.057000160217285,8.057999610900879,0
2026-08-02T00:15,8.057999610900879,8.062999725341797,8.057999610900879,8.060999870300293,98672
2026-08-02T00:20,8.060999870300293,8.060999870300293,8.057999610900879,8.057999610900879,488720
2026-08-02T00:25,8.057999610900879,8.057999610900879,8.048999786376953,8.055000305175781,75344
2026-08-02T00:30,8.055000305175781,8.057999610900879,8.053000450134277,8.053000450134277,0
2026-08-02T00:35,8.052000045776367,8.053000450134277,8.04800033569336,8.053000450134277,0
2026-08-02T00:40,8.055000305175781,8.064000129699707,8.055000305175781,8.0600004196167,8544
2026-08-02T00:45,8.060999870300293,8.067000389099121,8.055999755859375,8.055999755859375,79216
2026-08-02T00:50,8.057000160217285,8.057000160217285,8.053000450134277,8.053999900817871,0
2026-08-02T00:55,8.053999900817871,8.064000129699707,8.053999900817871,8.064000129699707,0
2026-08-02T01:00,8.067000389099121,8.081999778747559,8.0649995803833,8.081999778747559,1171168
2026-08-02T01:05,8.083000183105469,8.116000175476074,8.081999778747559,8.112000465393066,1363632
2026-08-02T01:10,8.112000465393066,8.12399959564209,8.109000205993652,8.12399959564209,217056
2026-08-02T01:15,8.125,8.130999565124512,8.112000465393066,8.116999626159668,720032
2026-08-02T01:20,8.116999626159668,8.121999740600586,8.11299991607666,8.119999885559082,503984
2026-08-02T01:25,8.13700008392334,8.145999908447266,8.13700008392334,8.145999908447266,1038720
2026-08-02T01:30,8.145999908447266,8.15999984741211,8.145999908447266,8.15999984741211,186368
2026-08-02T01:35,8.156999588012695,8.159000396728516,8.145999908447266,8.152999877929688,943072
2026-08-02T01:40,8.154000282287598,8.156000137329102,8.14799976348877,8.156000137329102,361168
2026-08-02T01:45,8.156000137329102,8.156999588012695,8.152000427246094,8.154000282287598,244896
2026-08-02T01:50,8.152000427246094,8.154000282287598,8.149999618530273,8.152000427246094,66192
2026-08-02T01:55,8.152000427246094,8.15999984741211,8.149999618530273,8.149999618530273,0
2026-08-02T02:00,8.14900016784668,8.149999618530273,8.142999649047852,8.144000053405762,0
2026-08-02T02:05,8.144000053405762,8.244000434875488,8.144000053405762,8.220000267028809,0
2026-08-02T02:10,8.223999977111816,8.234999656677246,8.218999862670898,8.227999687194824,3548096
2026-08-02T02:15,8.229999542236328,8.277999877929688,8.227999687194824,8.267999649047852,730608
2026-08-02T02:20,8.272000312805176,8.272000312805176,8.23799991607666,8.267000198364258,2809872
2026-08-02T02:25,8.265999794006348,8.265999794006348,8.255000114440918,8.255999565124512,926224
2026-08-02T02:30,8.255999565124512,8.255999565124512,8.229000091552734,8.229000091552734,1171040
2026-08-02T02:35,8.227999687194824,8.230999946594238,8.218999862670898,8.223999977111816,735840
2026-08-02T02:40,8.218999862670898,8.230999946594238,8.213000297546387,8.230999946594238,227712
2026-08-02T02:45,8.230999946594238,8.263999938964844,8.22599983215332,8.256999969482422,323504
2026-08-02T02:50,8.258000373840332,8.270000457763672,8.25100040435791,8.267999649047852,1660432
2026-08-02T02:55,8.267000198364258,8.267000198364258,8.255999565124512,8.26099967956543,1350592
2026-08-02T03:00,8.262999534606934,8.279999732971191,8.262999534606934,8.262999534606934,396480
2026-08-02T03:05,8.263999938964844,8.272000312805176,8.260000228881836,8.260000228881836,531408
2026-08-02T03:10,8.258000373840332,8.26200008392334,8.256999969482422,8.258000373840332,219344
2026-08-02T03:15,8.256999969482422,8.26200008392334,8.25100040435791,8.25100040435791,86384
2026-08-02T03:20,8.24899959564209,8.277999877929688,8.24899959564209,8.270000457763672,551840
2026-08-02T03:25,8.270000457763672,8.27299976348877,8.262999534606934,8.262999534606934,494880
2026-08-02T03:30,8.262999534606934,8.270000457763672,8.26200008392334,8.263999938964844,146512
2026-08-02T03:35,8.265000343322754,8.28600025177002,8.265000343322754,8.279000282287598,0
2026-08-02T03:40,8.279999732971191,8.293999671936035,8.276000022888184,8.281000137329102,1194320
2026-08-02T03:45,8.279999732971191,8.279999732971191,8.27400016784668,8.27400016784668,434960
2026-08-02T03:50,8.27400016784668,8.281000137329102,8.270000457763672,8.281000137329102,0
2026-08-02T03:55,8.281999588012695,8.28600025177002,8.279000282287598,8.279999732971191,0
2026-08-02T04:00,8.291999816894531,8.29699993133545,8.281999588012695,8.284000396728516,0
2026-08-02T04:05,8.28600025177002,8.288000106811523,8.276000022888184,8.277999877929688,0
2026-08-02T04:10,8.276000022888184,8.286999702453613,8.270999908447266,8.281999588012695,30864
2026-08-02T04:15,8.28600025177002,8.307000160217285,8.28600025177002,8.307000160217285,661728
2026-08-02T04:20,8.305999755859375,8.3100004196167,8.298999786376953,8.305000305175781,1065808
2026-08-02T04:25,8.305000305175781,8.3100004196167,8.305000305175781,8.309000015258789,562160
2026-08-02T04:30,8.307999610900879,8.371000289916992,8.307000160217285,8.343999862670898,536144
2026-08-02T04:35,8.345999717712402,8.359999656677246,8.342000007629395,8.35099983215332,4884032
2026-08-02T04:40,8.35099983215332,8.357000350952148,8.345999717712402,8.348999977111816,1265280
2026-08-02T04:45,8.35099983215332,8.36299991607666,8.35099983215332,8.357000350952148,408720
2026-08-02T04:50,8.354999542236328,8.371999740600586,8.354999542236328,8.368000030517578,384576
2026-08-02T04:55,8.366999626159668,8.37600040435791,8.364999771118164,8.371999740600586,376576
2026-08-02T05:00,8.375,8.404999732971191,8.375,8.385000228881836,797760
2026-08-02T05:05,8.38599967956543,8.392000198364258,8.371999740600586,8.380999565124512,1330480
2026-08-02T05:10,8.380999565124512,8.383999824523926,8.378000259399414,8.381999969482422,1941552
2026-08-02T05:15,8.388999938964844,8.392999649047852,8.380999565124512,8.383000373840332,959808
2026-08-02T05:20,8.378999710083008,8.378999710083008,8.366000175476074,8.368000030517578,458960
2026-08-02T05:25,8.366000175476074,8.366999626159668,8.354000091552734,8.354000091552734,477632
2026-08-02T05:30,8.355999946594238,8.371000289916992,8.354999542236328,8.357000350952148,834320
2026-08-02T05:35,8.355999946594238,8.359999656677246,8.345999717712402,8.357999801635742,582624
2026-08-02T05:40,8.359000205993652,8.369000434875488,8.357999801635742,8.366999626159668,364224
2026-08-02T05:45,8.364999771118164,8.375,8.362000465393066,8.37399959564209,195504
2026-08-02T05:50,8.37399959564209,8.383999824523926,8.37399959564209,8.383000373840332,165424
2026-08-02T05:55,8.383000373840332,8.383000373840332,8.366000175476074,8.371000289916992,137296
2026-08-02T06:00,8.376999855041504,8.381999969482422,8.37600040435791,8.381999969482422,0
2026-08-02T06:05,8.380999565124512,8.380999565124512,8.355999946594238,8.355999946594238,0
2026-08-02T06:10,8.355999946594238,8.357999801635742,8.350000381469727,8.350000381469727,0
2026-08-02T06:15,8.350000381469727,8.355999946594238,8.343000411987305,8.35200023651123,0
2026-08-02T06:20,8.35099983215332,8.359000205993652,8.35099983215332,8.355999946594238,0
2026-08-02T06:25,8.357999801635742,8.366999626159668,8.357000350952148,8.362000465393066,0
2026-08-02T06:30,8.359000205993652,8.361000061035156,8.350000381469727,8.355999946594238,0
2026-08-02T06:35,8.355999946594238,8.362000465393066,8.350000381469727,8.35200023651123,490064
2026-08-02T06:40,8.35200023651123,8.357000350952148,8.35200023651123,8.355999946594238,214992
2026-08-02T06:45,8.355999946594238,8.362000465393066,8.354999542236328,8.354999542236328,121680
2026-08-02T06:50,8.354000091552734,8.359999656677246,8.354000091552734,8.359999656677246,0
2026-08-02T06:55,8.361000061035156,8.368000030517578,8.361000061035156,8.36299991607666,353136
2026-08-02T07:00,8.369000434875488,8.371999740600586,8.350000381469727,8.357999801635742,0
2026-08-02T07:05,8.357000350952148,8.371999740600586,8.357000350952148,8.371000289916992,319424
2026-08-02T07:10,8.369999885559082,8.371999740600586,8.357000350952148,8.359000205993652,299120
2026-08-02T07:15,8.355999946594238,8.364999771118164,8.355999946594238,8.364999771118164,0
2026-08-02T07:20,8.366999626159668,8.387999534606934,8.366999626159668,8.385000228881836,0
2026-08-02T07:25,8.385000228881836,8.385000228881836,8.380999565124512,8.381999969482422,311184
2026-08-02T07:30,8.381999969482422,8.383999824523926,8.375,8.375,0
2026-08-02T07:35,8.37600040435791,8.383000373840332,8.37600040435791,8.380999565124512,0
2026-08-02T07:40,8.380999565124512,8.388999938964844,8.380999565124512,8.388999938964844,0
2026-08-02T07:45,8.38700008392334,8.38700008392334,8.380999565124512,8.380999565124512,1826608
2026-08-02T07:50,8.380999565124512,8.383999824523926,8.375,8.375,0
2026-08-02T07:55,8.375,8.375,8.366000175476074,8.369000434875488,0
2026-08-02T08:00,8.376999855041504,8.380000114440918,8.371999740600586,8.380000114440918,0
2026-08-02T08:05,8.37600040435791,8.37600040435791,8.371000289916992,8.373000144958496,53088
2026-08-02T08:10,8.373000144958496,8.373000144958496,8.361000061035156,8.361000061035156,116912
2026-08-02T08:15,8.361000061035156,8.361000061035156,8.354999542236328,8.354999542236328,0
2026-08-02T08:20,8.352999687194824,8.355999946594238,8.35099983215332,8.352999687194824,2162992
2026-08-02T08:25,8.352999687194824,8.352999687194824,8.34000015258789,8.34000015258789,63744
2026-08-02T08:30,8.34000015258789,8.348999977111816,8.33899974822998,8.345999717712402,125712
2026-08-02T08:35,8.347999572753906,8.35200023651123,8.317000389099121,8.317999839782715,32864
2026-08-02T08:40,8.312999725341797,8.335000038146973,8.312999725341797,8.329000473022461,424768
2026-08-02T08:45,8.329999923706055,8.335000038146973,8.32699966430664,8.329000473022461,0
2026-08-02T08:50,8.32800006866455,8.329999923706055,8.321999549865723,8.329999923706055,223072
2026-08-02T08:55,8.329999923706055,8.329999923706055,8.322999954223633,8.324000358581543,94544
2026-08-02T09:00,8.326000213623047,8.326000213623047,8.307000160217285,8.307000160217285,0
2026-08-02T09:05,8.305999755859375,8.338000297546387,8.305999755859375,8.338000297546387,331328
2026-08-02T09:10,8.338000297546387,8.345000267028809,8.338000297546387,8.33899974822998,45200
2026-08-02T09:15,8.33899974822998,8.345999717712402,8.33899974822998,8.345999717712402,0
2026-08-02T09:20,8.343000411987305,8.364999771118164,8.343000411987305,8.364999771118164,49120
2026-08-02T09:25,8.369999885559082,8.369999885559082,8.354000091552734,8.361000061035156,4302688
2026-08-02T09:30,8.357000350952148,8.380000114440918,8.357000350952148,8.37600040435791,803984
2026-08-02T09:35,8.373000144958496,8.381999969482422,8.366999626159668,8.366999626159668,1916960
2026-08-02T09:40,8.364999771118164,8.364999771118164,8.345000267028809,8.345000267028809,2021200
2026-08-02T09:45,8.343999862670898,8.343999862670898,8.335000038146973,8.335000038146973,766960
2026-08-02T09:50,8.333999633789062,8.343999862670898,8.333000183105469,8.343999862670898,577152
2026-08-02T09:55,8.343999862670898,8.343999862670898,8.336000442504883,8.336000442504883,0
2026-08-02T10:00,8.335000038146973,8.336000442504883,8.329999923706055,8.329999923706055,0
2026-08-02T10:05,8.333999633789062,8.333999633789062,8.32699966430664,8.32699966430664,0
2026-08-02T10:10,8.32699966430664,8.32699966430664,8.315999984741211,8.315999984741211,0
2026-08-02T10:15,8.3149995803833,8.324000358581543,8.312999725341797,8.321000099182129,239424
2026-08-02T10:20,8.321000099182129,8.321000099182129,8.29699993133545,8.305999755859375,961472
2026-08-02T10:25,8.305999755859375,8.305999755859375,8.300999641418457,8.305000305175781,221424
2026-08-02T10:30,8.305000305175781,8.307999610900879,8.305000305175781,8.305999755859375,119248
2026-08-02T10:35,8.303999900817871,8.314000129699707,8.303999900817871,8.3100004196167,558128
2026-08-02T10:40,8.309000015258789,8.3100004196167,8.307000160217285,8.307000160217285,555312
2026-08-02T10:45,8.307000160217285,8.3100004196167,8.305000305175781,8.307999610900879,26960
2026-08-02T10:50,8.307999610900879,8.312000274658203,8.305999755859375,8.307999610900879,829600
2026-08-02T10:55,8.307999610900879,8.312000274658203,8.29800033569336,8.29800033569336,253168
2026-08-02T11:00,8.298999786376953,8.303999900817871,8.291999816894531,8.295999526977539,262000
2026-08-02T11:05,8.29800033569336,8.305000305175781,8.289999961853027,8.289999961853027,7888
2026-08-02T11:10,8.289999961853027,8.29699993133545,8.286999702453613,8.29699993133545,0
2026-08-02T11:15,8.29699993133545,8.307000160217285,8.29699993133545,8.29800033569336,92080
2026-08-02T11:20,8.29800033569336,8.29800033569336,8.289999961853027,8.293000221252441,62736
2026-08-02T11:25,8.293000221252441,8.29699993133545,8.289999961853027,8.289999961853027,0
2026-08-02T11:30,8.28600025177002,8.286999702453613,8.281999588012695,8.282999992370605,0
2026-08-02T11:35,8.282999992370605,8.286999702453613,8.279999732971191,8.286999702453613,76768
2026-08-02T11:40,8.286999702453613,8.286999702453613,8.256999969482422,8.262999534606934,122688
2026-08-02T11:45,8.267000198364258,8.279000282287598,8.267000198364258,8.272000312805176,74960
2026-08-02T11:50,8.27299976348877,8.281999588012695,8.258999824523926,8.267999649047852,345744
2026-08-02T11:55,8.272000312805176,8.27299976348877,8.260000228881836,8.267000198364258,481488
2026-08-02T12:00,8.272000312805176,8.281999588012695,8.267999649047852,8.27400016784668,445872
2026-08-02T12:05,8.277000427246094,8.279999732971191,8.27299976348877,8.277999877929688,0
2026-08-02T12:10,8.277999877929688,8.281000137329102,8.27299976348877,8.277000427246094,319776
2026-08-02T12:15,8.281000137329102,8.28600025177002,8.272000312805176,8.27400016784668,185088
2026-08-02T12:20,8.27400016784668,8.281999588012695,8.272000312805176,8.27400016784668,0
2026-08-02T12:25,8.277000427246094,8.281999588012695,8.274999618530273,8.276000022888184,31280
2026-08-02T12:30,8.276000022888184,8.286999702453613,8.27400016784668,8.281000137329102,0
2026-08-02T12:35,8.281999588012695,8.282999992370605,8.267999649047852,8.272000312805176,178544
2026-08-02T12:40,8.272000312805176,8.277999877929688,8.272000312805176,8.277000427246094,118032
2026-08-02T12:45,8.277999877929688,8.281999588012695,8.272000312805176,8.281999588012695,0
2026-08-02T12:50,8.281999588012695,8.289999961853027,8.276000022888184,8.289999961853027,344016
2026-08-02T12:55,8.288000106811523,8.288999557495117,8.28499984741211,8.286999702453613,96976
2026-08-02T13:00,8.284000396728516,8.288999557495117,8.284000396728516,8.286999702453613,2469728
2026-08-02T13:05,8.284000396728516,8.288999557495117,8.284000396728516,8.288999557495117,8352
2026-08-02T13:10,8.288999557495117,8.300999641418457,8.288999557495117,8.295000076293945,636192
2026-08-02T13:15,8.289999961853027,8.291999816894531,8.288000106811523,8.289999961853027,324464
2026-08-02T13:20,8.293000221252441,8.29699993133545,8.291000366210938,8.293000221252441,124832
2026-08-02T13:25,8.293000221252441,8.295000076293945,8.289999961853027,8.289999961853027,175104
2026-08-02T13:30,8.289999961853027,8.298999786376953,8.288999557495117,8.291000366210938,0
2026-08-02T13:35,8.289999961853027,8.289999961853027,8.277000427246094,8.277000427246094,0
2026-08-02T13:40,8.279999732971191,8.288999557495117,8.279000282287598,8.288999557495117,43760
2026-08-02T13:45,8.288999557495117,8.300999641418457,8.288999557495117,8.293999671936035,71536
2026-08-02T13:50,8.293999671936035,8.293999671936035,8.286999702453613,8.289999961853027,187600
2026-08-02T13:55,8.289999961853027,8.289999961853027,8.27400016784668,8.274999618530273,135648
2026-08-02T14:00,8.27400016784668,8.277000427246094,8.267999649047852,8.277000427246094,28784
2026-08-02T14:05,8.277000427246094,8.277000427246094,8.260000228881836,8.260000228881836,222464
2026-08-02T14:10,8.260000228881836,8.262999534606934,8.258999824523926,8.262999534606934,167888
2026-08-02T14:15,8.262999534606934,8.267000198364258,8.26099967956543,8.265000343322754,0
2026-08-02T14:20,8.263999938964844,8.269000053405762,8.258999824523926,8.269000053405762,0
2026-08-02T14:25,8.270999908447266,8.277000427246094,8.267999649047852,8.277000427246094,0
2026-08-02T14:30,8.277000427246094,8.284000396728516,8.269000053405762,8.282999992370605,0
2026-08-02T14:35,8.281999588012695,8.291000366210938,8.279000282287598,8.289999961853027,0
2026-08-02T14:40,8.288999557495117,8.303000450134277,8.288000106811523,8.303000450134277,323776
2026-08-02T14:45,8.29800033569336,8.300999641418457,8.295000076293945,8.29699993133545,160832
2026-08-02T14:50,8.29699993133545,8.29699993133545,8.289999961853027,8.289999961853027,0
2026-08-02T14:55,8.288000106811523,8.291999816894531,8.279999732971191,8.279999732971191,91616
2026-08-02T15:00,8.281999588012695,8.293000221252441,8.277999877929688,8.277999877929688,2471792
2026-08-02T15:05,8.277999877929688,8.284000396728516,8.277999877929688,8.282999992370605,240864
2026-08-02T15:10,8.282999992370605,8.288000106811523,8.279000282287598,8.288000106811523,0
2026-08-02T15:15,8.288000106811523,8.288999557495117,8.279999732971191,8.279999732971191,0
2026-08-02T15:20,8.279000282287598,8.282999992370605,8.279000282287598,8.281000137329102,0
2026-08-02T15:25,8.281000137329102,8.284000396728516,8.277999877929688,8.277999877929688,0
2026-08-02T15:30,8.277000427246094,8.288000106811523,8.274999618530273,8.288000106811523,0
2026-08-02T15:35,8.284000396728516,8.284000396728516,8.277000427246094,8.277000427246094,261776
2026-08-02T15:40,8.277000427246094,8.277999877929688,8.272000312805176,8.272000312805176,252192
2026-08-02T15:45,8.27400016784668,8.27400016784668,8.270000457763672,8.270000457763672,0
2026-08-02T15:50,8.269000053405762,8.270000457763672,8.267999649047852,8.267999649047852,0
2026-08-02T15:55,8.269000053405762,8.269000053405762,8.262999534606934,8.267000198364258,0
2026-08-02T16:00,8.267999649047852,8.267999649047852,8.243000030517578,8.248000144958496,2307824
2026-08-02T16:05,8.24899959564209,8.258000373840332,8.246999740600586,8.255999565124512,101184
2026-08-02T16:10,8.255999565124512,8.258999824523926,8.246000289916992,8.246000289916992,0
2026-08-02T16:15,8.246999740600586,8.25,8.246000289916992,8.248000144958496,2107312
2026-08-02T16:20,8.246000289916992,8.25100040435791,8.241999626159668,8.25100040435791,426752
2026-08-02T16:25,8.25100040435791,8.25100040435791,8.241999626159668,8.246999740600586,273248
2026-08-02T16:30,8.246999740600586,8.260000228881836,8.246999740600586,8.258999824523926,38960
2026-08-02T16:35,8.253999710083008,8.267000198364258,8.253999710083008,8.267000198364258,184720
2026-08-02T16:40,8.267000198364258,8.279999732971191,8.265000343322754,8.274999618530273,40352
2026-08-02T16:45,8.277000427246094,8.281999588012695,8.27400016784668,8.274999618530273,259584
2026-08-02T16:50,8.274999618530273,8.274999618530273,8.269000053405762,8.269000053405762,201520
2026-08-02T16:55,8.269000053405762,8.272000312805176,8.265999794006348,8.270999908447266,0
2026-08-02T17:00,8.267999649047852,8.281000137329102,8.267000198364258,8.281000137329102,0
2026-08-02T17:05,8.282999992370605,8.282999992370605,8.274999618530273,8.277000427246094,45136
2026-08-02T17:10,8.277000427246094,8.291000366210938,8.277000427246094,8.291000366210938,340976
2026-08-02T17:15,8.288000106811523,8.295999526977539,8.288000106811523,8.293000221252441,0
2026-08-02T17:20,8.293000221252441,8.314000129699707,8.293000221252441,8.314000129699707,70896
2026-08-02T17:25,8.309000015258789,8.309000015258789,8.302000045776367,8.303000450134277,0
2026-08-02T17:30,8.303000450134277,8.312000274658203,8.303000450134277,8.309000015258789,60960
2026-08-02T17:35,8.310999870300293,8.319000244140625,8.310999870300293,8.317000389099121,66240
2026-08-02T17:40,8.317999839782715,8.321000099182129,8.315999984741211,8.321000099182129,0
2026-08-02T17:45,8.321000099182129,8.333999633789062,8.321000099182129,8.326000213623047,362608
2026-08-02T17:50,8.326000213623047,8.329000473022461,8.324000358581543,8.329000473022461,0
2026-08-02T17:55,8.331000328063965,8.331999778747559,8.321000099182129,8.326000213623047,0
2026-08-02T18:00,8.324999809265137,8.331000328063965,8.324999809265137,8.331000328063965,0
2026-08-02T18:05,8.329999923706055,8.333000183105469,8.317000389099121,8.317000389099121,177840
2026-08-02T18:10,8.315999984741211,8.315999984741211,8.3149995803833,8.3149995803833,0
2026-08-02T18:15,8.315999984741211,8.319000244140625,8.312000274658203,8.319000244140625,391664
2026-08-02T18:20,8.319000244140625,8.321000099182129,8.317999839782715,8.317999839782715,0
2026-08-02T18:25,8.315999984741211,8.317000389099121,8.312000274658203,8.312999725341797,0
2026-08-02T18:30,8.314000129699707,8.317000389099121,8.307999610900879,8.317000389099121,0
2026-08-02T18:35,8.317000389099121,8.335000038146973,8.317000389099121,8.329999923706055,0
2026-08-02T18:40,8.32800006866455,8.355999946594238,8.32800006866455,8.33899974822998,2458336
2026-08-02T18:45,8.343000411987305,8.343000411987305,8.317000389099121,8.317999839782715,0
2026-08-02T18:50,8.3100004196167,8.314000129699707,8.302000045776367,8.310999870300293,0
2026-08-02T18:55,8.310999870300293,8.310999870300293,8.305999755859375,8.305999755859375,0
2026-08-02T19:00,8.305999755859375,8.3100004196167,8.302000045776367,8.307999610900879,0
2026-08-02T19:05,8.310999870300293,8.315999984741211,8.310999870300293,8.312000274658203,0
2026-08-02T19:10,8.314000129699707,8.315999984741211,8.310999870300293,8.310999870300293,0
2026-08-02T19:15,8.310999870300293,8.317000389099121,8.307999610900879,8.3149995803833,0
2026-08-02T19:20,8.314000129699707,8.314000129699707,8.307000160217285,8.310999870300293,0
2026-08-02T19:25,8.310999870300293,8.310999870300293,8.303999900817871,8.305000305175781,163024
2026-08-02T19:30,8.303999900817871,8.3100004196167,8.303999900817871,8.307000160217285,190000
2026-08-02T19:35,8.312000274658203,8.315999984741211,8.309000015258789,8.3100004196167,0
2026-08-02T19:40,8.310999870300293,8.317000389099121,8.307999610900879,8.315999984741211,0
2026-08-02T19:45,8.315999984741211,8.335000038146973,8.315999984741211,8.335000038146973,0
2026-08-02T19:50,8.335000038146973,8.336999893188477,8.32699966430664,8.32699966430664,0
2026-08-02T19:55,8.32699966430664,8.32800006866455,8.319000244140625,8.322999954223633,0
2026-08-02T20:00,8.322999954223633,8.324000358581543,8.312000274658203,8.314000129699707,0
2026-08-02T20:05,8.312000274658203,8.319000244140625,8.312000274658203,8.319000244140625,0
2026-08-02T20:10,8.319000244140625,8.329999923706055,8.3149995803833,8.329999923706055,0
2026-08-02T20:15,8.336999893188477,8.343000411987305,8.333999633789062,8.335000038146973,359424
2026-08-02T20:20,8.335000038146973,8.335000038146973,8.329000473022461,8.329999923706055,1002896
2026-08-02T20:25,8.329000473022461,8.329000473022461,8.324000358581543,8.324999809265137,0
2026-08-02T20:30,8.326000213623047,8.34000015258789,8.326000213623047,8.33899974822998,0
2026-08-02T20:35,8.33899974822998,8.33899974822998,8.333999633789062,8.333999633789062,0
2026-08-02T20:40,8.331000328063965,8.336999893188477,8.32699966430664,8.333999633789062,0
2026-08-02T20:45,8.333999633789062,8.345000267028809,8.331999778747559,8.33899974822998,0
2026-08-02T20:50,8.336999893188477,8.33899974822998,8.333999633789062,8.338000297546387,0
2026-08-02T20:55,8.33899974822998,8.343999862670898,8.329999923706055,8.331999778747559,0
2026-08-02T21:00,8.331999778747559,8.347999572753906,8.329999923706055,8.347999572753906,0
2026-08-02T21:05,8.345000267028809,8.347999572753906,8.340999603271484,8.343999862670898,0
2026-08-02T21:10,8.345000267028809,8.35200023651123,8.343999862670898,8.348999977111816,0
2026-08-02T21:15,8.35099983215332,8.355999946594238,8.347000122070312,8.347000122070312,0
2026-08-02T21:20,8.35099983215332,8.361000061035156,8.35099983215332,8.361000061035156,0
2026-08-02T21:25,8.361000061035156,8.362000465393066,8.352999687194824,8.357999801635742,113072
2026-08-02T21:30,8.359999656677246,8.362000465393066,8.347999572753906,8.354000091552734,58128
2026-08-02T21:35,8.354000091552734,8.366999626159668,8.35200023651123,8.354000091552734,176368
2026-08-02T21:40,8.354000091552734,8.378000259399414,8.350000381469727,8.371000289916992,274832
2026-08-02T21:45,8.371999740600586,8.385000228881836,8.371999740600586,8.383000373840332,3322336
2026-08-02T21:50,8.383000373840332,8.383000373840332,8.364999771118164,8.364999771118164,166720
2026-08-02T21:55,8.364999771118164,8.364999771118164,8.348999977111816,8.361000061035156,340000
2026-08-02T22:00,8.381999969482422,8.394000053405762,8.380000114440918,8.392999649047852,296976
2026-08-02T22:05,8.392999649047852,8.395999908447266,8.37600040435791,8.385000228881836,456416
2026-08-02T22:10,8.390000343322754,8.404000282287598,8.381999969482422,8.395000457763672,323008
2026-08-02T22:15,8.392999649047852,8.437999725341797,8.388999938964844,8.390000343322754,937696
2026-08-02T22:20,8.392000198364258,8.395000457763672,8.383000373840332,8.383000373840332,1910144
2026-08-02T22:25,8.383000373840332,8.385000228881836,8.369999885559082,8.385000228881836,288272
2026-08-02T22:30,8.385000228881836,8.38599967956543,8.369000434875488,8.371000289916992,548608
2026-08-02T22:35,8.371000289916992,8.37399959564209,8.354000091552734,8.357000350952148,491680
2026-08-02T22:40,8.359000205993652,8.38599967956543,8.354000091552734,8.385000228881836,729312
2026-08-02T22:45,8.385000228881836,8.390000343322754,8.383999824523926,8.38599967956543,1357008
2026-08-02T22:50,8.383999824523926,8.395000457763672,8.383999824523926,8.395000457763672,1796144
2026-08-02T22:55,8.395999908447266,8.395999908447266,8.38599967956543,8.38700008392334,1476368
2026-08-02T23:00,8.38700008392334,8.394000053405762,8.369000434875488,8.369999885559082,2249440
2026-08-02T23:05,8.368000030517578,8.368000030517578,8.350000381469727,8.352999687194824,739840
2026-08-02T23:10,8.354000091552734,8.354999542236328,8.345999717712402,8.348999977111816,307520
2026-08-02T23:15,8.348999977111816,8.369999885559082,8.345999717712402,8.369999885559082,50448
2026-08-02T23:20,8.368000030517578,8.368000030517578,8.359999656677246,8.364999771118164,239696
2026-08-02T23:25,8.366000175476074,8.368000030517578,8.36400032043457,8.366000175476074,210528
2026-08-02T23:30,8.36400032043457,8.371000289916992,8.36299991607666,8.371000289916992,17648
2026-08-02T23:35,8.371000289916992,8.371000289916992,8.366000175476074,8.369000434875488,0
2026-08-02T23:40,8.369000434875488,8.369999885559082,8.359000205993652,8.369999885559082,63520
2026-08-02T23:45,8.368000030517578,8.37399959564209,8.36299991607666,8.371000289916992,0
2026-08-02T23:50,8.369999885559082,8.373000144958496,8.366000175476074,8.369000434875488,16336
2026-08-02T23:55,8.369000434875488,8.37399959564209,8.366999626159668,8.37399959564209,0
2026-08-03T00:00,8.37600040435791,8.383000373840332,8.362000465393066,8.362000465393066,0
2026-08-03T00:05,8.362000465393066,8.36400032043457,8.347000122070312,8.355999946594238,0
2026-08-03T00:10,8.357999801635742,8.368000030517578,8.354999542236328,8.36299991607666,0
2026-08-03T00:15,8.36299991607666,8.366999626159668,8.357000350952148,8.357000350952148,0
2026-08-03T00:20,8.357000350952148,8.366000175476074,8.352999687194824,8.354999542236328,0
2026-08-03T00:25,8.354000091552734,8.354000091552734,8.333000183105469,8.340999603271484,25712
2026-08-03T00:30,8.33899974822998,8.345999717712402,8.333000183105469,8.345999717712402,195152
2026-08-03T00:35,8.345000267028809,8.354999542236328,8.343000411987305,8.354999542236328,410288
2026-08-03T00:40,8.354000091552734,8.355999946594238,8.34000015258789,8.343000411987305,185296
2026-08-03T00:45,8.345000267028809,8.345999717712402,8.329999923706055,8.343000411987305,0
2026-08-03T00:50,8.343999862670898,8.343999862670898,8.33899974822998,8.343999862670898,382608
2026-08-03T00:55,8.345000267028809,8.35099983215332,8.345000267028809,8.345999717712402,0
2026-08-03T01:00,8.340999603271484,8.362000465393066,8.333000183105469,8.362000465393066,0
2026-08-03T01:05,8.362000465393066,8.36299991607666,8.345000267028809,8.354999542236328,0
2026-08-03T01:10,8.354000091552734,8.357000350952148,8.338000297546387,8.345000267028809,2339264
2026-08-03T01:15,8.343999862670898,8.343999862670898,8.333999633789062,8.343000411987305,0
2026-08-03T01:20,8.34000015258789,8.345999717712402,8.335000038146973,8.343000411987305,0
2026-08-03T01:25,8.345999717712402,8.355999946594238,8.338000297546387,8.348999977111816,0
2026-08-03T01:30,8.347999572753906,8.362000465393066,8.347999572753906,8.354999542236328,62224
2026-08-03T01:35,8.355999946594238,8.355999946594238,8.32699966430664,8.338000297546387,0
2026-08-03T01:40,8.338000297546387,8.343999862670898,8.333999633789062,8.33899974822998,0
2026-08-03T01:45,8.336999893188477,8.342000007629395,8.333999633789062,8.336000442504883,0
2026-08-03T01:50,8.336000442504883,8.336000442504883,8.321000099182129,8.322999954223633,390832
2026-08-03T01:55,8.322999954223633,8.326000213623047,8.315999984741211,8.326000213623047,323952
2026-08-03T02:00,8.326000213623047,8.326000213623047,8.312999725341797,8.319000244140625,0
2026-08-03T02:05,8.319000244140625,8.319000244140625,8.300000190734863,8.300000190734863,0
2026-08-03T02:10,8.300000190734863,8.300000190734863,8.28499984741211,8.298999786376953,0
2026-08-03T02:15,8.298999786376953,8.317000389099121,8.286999702453613,8.317000389099121,0
2026-08-03T02:20,8.319999694824219,8.329000473022461,8.317999839782715,8.317999839782715,0
2026-08-03T02:25,8.317000389099121,8.317000389099121,8.29699993133545,8.300000190734863,0
2026-08-03T02:30,8.298999786376953,8.305000305175781,8.29699993133545,8.305000305175781,0
2026-08-03T02:35,8.307000160217285,8.310999870300293,8.302000045776367,8.3100004196167,0
2026-08-03T02:40,8.3100004196167,8.3100004196167,8.307000160217285,8.307000160217285,0
2026-08-03T02:45,8.307000160217285,8.310999870300293,8.303999900817871,8.305000305175781,0
2026-08-03T02:50,8.305999755859375,8.307000160217285,8.295999526977539,8.295999526977539,0
2026-08-03T02:55,8.295999526977539,8.29800033569336,8.288999557495117,8.293999671936035,0
2026-08-03T03:00,8.291999816894531,8.298999786376953,8.288999557495117,8.29699993133545,0
2026-08-03T03:05,8.291999816894531,8.300999641418457,8.277999877929688,8.286999702453613,0
2026-08-03T03:10,8.286999702453613,8.293999671936035,8.284000396728516,8.284000396728516,0
2026-08-03T03:15,8.281999588012695,8.293999671936035,8.281000137329102,8.28600025177002,98352
2026-08-03T03:20,8.288000106811523,8.288000106811523,8.282999992370605,8.28499984741211,0
2026-08-03T03:25,8.28600025177002,8.28600025177002,8.281000137329102,8.281999588012695,0
2026-08-03T03:30,8.281999588012695,8.28499984741211,8.276000022888184,8.279999732971191,0
2026-08-03T03:35,8.281000137329102,8.284000396728516,8.276000022888184,8.284000396728516,0
2026-08-03T03:40,8.281999588012695,8.288000106811523,8.279999732971191,8.28499984741211,0
2026-08-03T03:45,8.282999992370605,8.282999992370605,8.230999946594238,8.256999969482422,0
2026-08-03T03:50,8.253999710083008,8.263999938964844,8.241999626159668,8.25100040435791,928032
2026-08-03T03:55,8.25,8.253999710083008,8.241999626159668,8.241999626159668,2602656
2026-08-03T04:00,8.239999771118164,8.260000228881836,8.23900032043457,8.260000228881836,0
2026-08-03T04:05,8.260000228881836,8.265999794006348,8.255000114440918,8.255000114440918,471616
2026-08-03T04:10,8.253999710083008,8.258000373840332,8.246999740600586,8.253000259399414,0
2026-08-03T04:15,8.255000114440918,8.265000343322754,8.255000114440918,8.262999534606934,0
2026-08-03T04:20,8.262999534606934,8.269000053405762,8.260000228881836,8.265999794006348,0
2026-08-03T04:25,8.265999794006348,8.267999649047852,8.262999534606934,8.265999794006348,0
2026-08-03T04:30,8.265999794006348,8.27299976348877,8.265999794006348,8.267999649047852,0
2026-08-03T04:35,8.267000198364258,8.267000198364258,8.260000228881836,8.265000343322754,0
2026-08-03T04:40,8.265000343322754,8.267999649047852,8.262999534606934,8.267000198364258,0
2026-08-03T04:45,8.267000198364258,8.267000198364258,8.255999565124512,8.255999565124512,0
2026-08-03T04:50,8.255999565124512,8.255999565124512,8.237000465393066,8.237000465393066,0
2026-08-03T04:55,8.241000175476074,8.241000175476074,8.22599983215332,8.22599983215332,0
2026-08-03T05:00,8.229999542236328,8.241000175476074,8.229999542236328,8.232000350952148,63360
2026-08-03T05:05,8.232999801635742,8.244000434875488,8.225000381469727,8.244000434875488,0
2026-08-03T05:10,8.244000434875488,8.25,8.239999771118164,8.25,0
2026-08-03T05:15,8.25,8.25,8.23799991607666,8.246999740600586,0
2026-08-03T05:20,8.246999740600586,8.24899959564209,8.237000465393066,8.241000175476074,0
2026-08-03T05:25,8.241000175476074,8.244000434875488,8.23799991607666,8.23900032043457,0
2026-08-03T05:30,8.237000465393066,8.243000030517578,8.234999656677246,8.234999656677246,0
2026-08-03T05:35,8.234000205993652,8.253000259399414,8.234000205993652,8.24899959564209,0
2026-08-03T05:40,8.24899959564209,8.255000114440918,8.24899959564209,8.24899959564209,0
2026-08-03T05:45,8.24899959564209,8.260000228881836,8.248000144958496,8.260000228881836,0
2026-08-03T05:50,8.260000228881836,8.260000228881836,8.255000114440918,8.255000114440918,0
2026-08-03T05:55,8.258000373840332,8.258000373840332,8.25,8.251999855041504,495328
2026-08-03T06:00,8.251999855041504,8.26099967956543,8.251999855041504,8.258999824523926,0
2026-08-03T06:05,8.258999824523926,8.263999938964844,8.253999710083008,8.253999710083008,70912
2026-08-03T06:10,8.253999710083008,8.258000373840332,8.24899959564209,8.255999565124512,0
2026-08-03T06:15,8.255999565124512,8.258000373840332,8.253000259399414,8.256999969482422,36944
2026-08-03T06:20,8.251999855041504,8.255999565124512,8.25,8.255999565124512,0
2026-08-03T06:25,8.255999565124512,8.255999565124512,8.24899959564209,8.25,0
2026-08-03T06:30,8.25,8.258999824523926,8.25,8.251999855041504,0
2026-08-03T06:35,8.251999855041504,8.251999855041504,8.241000175476074,8.241000175476074,0
2026-08-03T06:40,8.23900032043457,8.23900032043457,8.21500015258789,8.21500015258789,0
2026-08-03T06:45,8.218000411987305,8.234999656677246,8.218000411987305,8.234999656677246,193216
2026-08-03T06:50,8.234000205993652,8.234000205993652,8.22599983215332,8.22599983215332,1118640
2026-08-03T06:55,8.225000381469727,8.22599983215332,8.21500015258789,8.218000411987305,0
2026-08-03T07:00,8.218999862670898,8.220999717712402,8.210000038146973,8.220000267028809,0
2026-08-03T07:05,8.220999717712402,8.232000350952148,8.218000411987305,8.222000122070312,0
2026-08-03T07:10,8.22599983215332,8.234999656677246,8.220999717712402,8.220999717712402,103392
2026-08-03T07:15,8.218000411987305,8.223999977111816,8.206999778747559,8.223999977111816,0
2026-08-03T07:20,8.223999977111816,8.234999656677246,8.223999977111816,8.234999656677246,638576
2026-08-03T07:25,8.234999656677246,8.236000061035156,8.232999801635742,8.236000061035156,107344
2026-08-03T07:30,8.236000061035156,8.243000030517578,8.236000061035156,8.243000030517578,128080
2026-08-03T07:35,8.243000030517578,8.243000030517578,8.220999717712402,8.22599983215332,176784
2026-08-03T07:40,8.222999572753906,8.222999572753906,8.210000038146973,8.210000038146973,283376
2026-08-03T07:45,8.210000038146973,8.211999893188477,8.206000328063965,8.208999633789062,12992
2026-08-03T07:50,8.206999778747559,8.213000297546387,8.206000328063965,8.213000297546387,180944
2026-08-03T07:55,8.213000297546387,8.213000297546387,8.204999923706055,8.208000183105469,0
2026-08-03T08:00,8.208999633789062,8.210000038146973,8.199000358581543,8.204000473022461,0
2026-08-03T08:05,8.206000328063965,8.208999633789062,8.199000358581543,8.201000213623047,0
2026-08-03T08:10,8.201000213623047,8.206000328063965,8.197999954223633,8.20300006866455,0
2026-08-03T08:15,8.20300006866455,8.20300006866455,8.185999870300293,8.185999870300293,90832
2026-08-03T08:20,8.1850004196167,8.1850004196167,8.16100025177002,8.17199993133545,153200
2026-08-03T08:25,8.166000366210938,8.166999816894531,8.152999877929688,8.15999984741211,721888
2026-08-03T08:30,8.152999877929688,8.166000366210938,8.152999877929688,8.166000366210938,0
2026-08-03T08:35,8.168999671936035,8.184000015258789,8.168000221252441,8.175000190734863,1025408
2026-08-03T08:40,8.177000045776367,8.185999870300293,8.177000045776367,8.185999870300293,0
2026-08-03T08:45,8.189000129699707,8.199000358581543,8.189000129699707,8.197999954223633,0
2026-08-03T08:50,8.197999954223633,8.208000183105469,8.197999954223633,8.208000183105469,0
2026-08-03T08:55,8.208000183105469,8.215999603271484,8.208000183105469,8.211999893188477,0
2026-08-03T09:00,8.211999893188477,8.21500015258789,8.211000442504883,8.211999893188477,0
2026-08-03T09:05,8.210000038146973,8.211999893188477,8.210000038146973,8.210000038146973,0
2026-08-03T09:10,8.208999633789062,8.211000442504883,8.208999633789062,8.210000038146973,0
2026-08-03T09:15,8.210000038146973,8.217000007629395,8.208000183105469,8.21500015258789,0
2026-08-03T09:20,8.217000007629395,8.220999717712402,8.213000297546387,8.218000411987305,0
2026-08-03T09:25,8.218000411987305,8.218000411987305,8.21399974822998,8.215999603271484,0
2026-08-03T09:30,8.215999603271484,8.225000381469727,8.215999603271484,8.222000122070312,0
2026-08-03T09:35,8.220999717712402,8.220999717712402,8.21500015258789,8.217000007629395,0
2026-08-03T09:40,8.217000007629395,8.223999977111816,8.217000007629395,8.222000122070312,0
2026-08-03T09:45,8.222000122070312,8.232000350952148,8.222000122070312,8.229999542236328,0
2026-08-03T09:50,8.229999542236328,8.236000061035156,8.229999542236328,8.234999656677246,0
2026-08-03T09:55,8.236000061035156,8.255000114440918,8.236000061035156,8.241999626159668,0
2026-08-03T10:00,8.243000030517578,8.248000144958496,8.230999946594238,8.232000350952148,0
2026-08-03T10:05,8.229999542236328,8.229999542236328,8.222000122070312,8.222000122070312,0
2026-08-03T10:10,8.222000122070312,8.227999687194824,8.222000122070312,8.222000122070312,358704
2026-08-03T10:15,8.218000411987305,8.22599983215332,8.218000411987305,8.225000381469727,131712
2026-08-03T10:20,8.225000381469727,8.229000091552734,8.222000122070312,8.225000381469727,0
2026-08-03T10:25,8.225000381469727,8.227999687194824,8.218000411987305,8.218000411987305,0
2026-08-03T10:30,8.218000411987305,8.218000411987305,8.208000183105469,8.211999893188477,0
2026-08-03T10:35,8.213000297546387,8.213000297546387,8.208999633789062,8.208999633789062,0
2026-08-03T10:40,8.208999633789062,8.210000038146973,8.208000183105469,8.208000183105469,0
2026-08-03T10:45,8.208999633789062,8.208999633789062,8.194999694824219,8.194999694824219,0
2026-08-03T10:50,8.194000244140625,8.199999809265137,8.1899995803833,8.199000358581543,689248
2026-08-03T10:55,8.199000358581543,8.20199966430664,8.199000358581543,8.199000358581543,39360
2026-08-03T11:00,8.199000358581543,8.201000213623047,8.189000129699707,8.194000244140625,0
2026-08-03T11:05,8.190999984741211,8.190999984741211,8.17300033569336,8.175000190734863,118880
2026-08-03T11:10,8.175000190734863,8.178999900817871,8.175000190734863,8.178999900817871,79264
2026-08-03T11:15,8.178000450134277,8.194000244140625,8.175999641418457,8.192000389099121,295312
2026-08-03T11:20,8.190999984741211,8.204999923706055,8.190999984741211,8.20199966430664,202768
2026-08-03T11:25,8.20199966430664,8.20199966430664,8.1899995803833,8.1899995803833,335072
2026-08-03T11:30,8.189000129699707,8.20199966430664,8.187000274658203,8.201000213623047,131568
2026-08-03T11:35,8.20300006866455,8.208999633789062,8.20300006866455,8.206999778747559,129344
2026-08-03T11:40,8.206000328063965,8.206000328063965,8.196999549865723,8.204000473022461,200112
2026-08-03T11:45,8.20199966430664,8.20199966430664,8.194000244140625,8.194000244140625,38416
2026-08-03T11:50,8.194000244140625,8.194999694824219,8.187999725341797,8.187999725341797,97056
2026-08-03T11:55,8.187000274658203,8.187000274658203,8.175000190734863,8.175999641418457,0
2026-08-03T12:00,8.178999900817871,8.180999755859375,8.163999557495117,8.163999557495117,0
2026-08-03T12:05,8.166999816894531,8.166999816894531,8.154000282287598,8.161999702453613,62800
2026-08-03T12:10,8.161999702453613,8.170000076293945,8.156000137329102,8.170000076293945,0
2026-08-03T12:15,8.17199993133545,8.187999725341797,8.170999526977539,8.184000015258789,0
2026-08-03T12:20,8.182000160217285,8.182000160217285,8.170000076293945,8.175000190734863,0
2026-08-03T12:25,8.175000190734863,8.175000190734863,8.166999816894531,8.170000076293945,98880
2026-08-03T12:30,8.164999961853027,8.168999671936035,8.161999702453613,8.164999961853027,934864
2026-08-03T12:35,8.163999557495117,8.168000221252441,8.161999702453613,8.161999702453613,223616
2026-08-03T12:40,8.164999961853027,8.178999900817871,8.164999961853027,8.178999900817871,523488
2026-08-03T12:45,8.182000160217285,8.184000015258789,8.170999526977539,8.170999526977539,0
2026-08-03T12:50,8.170999526977539,8.173999786376953,8.161999702453613,8.170000076293945,738336
2026-08-03T12:55,8.170000076293945,8.175999641418457,8.168000221252441,8.170000076293945,189024
2026-08-03T13:00,8.170000076293945,8.173999786376953,8.166999816894531,8.168000221252441,207232
2026-08-03T13:05,8.166000366210938,8.175999641418457,8.166000366210938,8.173999786376953,0
2026-08-03T13:10,8.173999786376953,8.178999900817871,8.17199993133545,8.178999900817871,74448
2026-08-03T13:15,8.180999755859375,8.217000007629395,8.180999755859375,8.217000007629395,272752
2026-08-03T13:20,8.223999977111816,8.239999771118164,8.222000122070312,8.229000091552734,1068560
2026-08-03T13:25,8.22700023651123,8.229000091552734,8.199999809265137,8.210000038146973,1234192
2026-08-03T13:30,8.20300006866455,8.206000328063965,8.175000190734863,8.196000099182129,417600
2026-08-03T13:35,8.192000389099121,8.23900032043457,8.192000389099121,8.230999946594238,956432
2026-08-03T13:40,8.234000205993652,8.239999771118164,8.225000381469727,8.232000350952148,522592
2026-08-03T13:45,8.234000205993652,8.243000030517578,8.21399974822998,8.229000091552734,167200
2026-08-03T13:50,8.223999977111816,8.256999969482422,8.220999717712402,8.244000434875488,1119024
2026-08-03T13:55,8.253000259399414,8.279000282287598,8.253000259399414,8.277000427246094,1446512
2026-08-03T14:00,8.277999877929688,8.28499984741211,8.251999855041504,8.267999649047852,620240
2026-08-03T14:05,8.267000198364258,8.276000022888184,8.253000259399414,8.26200008392334,377264
2026-08-03T14:10,8.262999534606934,8.284000396728516,8.262999534606934,8.272000312805176,0
2026-08-03T14:15,8.27299976348877,8.288000106811523,8.26099967956543,8.265000343322754,669552
2026-08-03T14:20,8.260000228881836,8.262999534606934,8.239999771118164,8.260000228881836,650768
2026-08-03T14:25,8.263999938964844,8.300000190734863,8.263999938964844,8.293000221252441,410224
2026-08-03T14:30,8.293999671936035,8.303999900817871,8.277000427246094,8.291999816894531,629840
2026-08-03T14:35,8.291000366210938,8.298999786376953,8.279999732971191,8.295000076293945,999968
2026-08-03T14:40,8.29699993133545,8.303000450134277,8.279000282287598,8.284000396728516,264864
2026-08-03T14:45,8.28499984741211,8.28499984741211,8.267000198364258,8.27400016784668,401920
2026-08-03T14:50,8.274999618530273,8.284000396728516,8.267999649047852,8.284000396728516,232448
2026-08-03T14:55,8.286999702453613,8.300000190734863,8.28499984741211,8.295000076293945,656176
2026-08-03T15:00,8.293999671936035,8.29699993133545,8.27400016784668,8.276000022888184,1260096
2026-08-03T15:05,8.276000022888184,8.276000022888184,8.265000343322754,8.267000198364258,0
2026-08-03T15:10,8.258999824523926,8.270999908447266,8.251999855041504,8.260000228881836,281840
2026-08-03T15:15,8.265999794006348,8.270000457763672,8.241999626159668,8.262999534606934,516080
2026-08-03T15:20,8.263999938964844,8.267000198364258,8.25100040435791,8.258000373840332,956240
2026-08-03T15:25,8.26200008392334,8.26200008392334,8.241999626159668,8.244000434875488,1102688
2026-08-03T15:30,8.24899959564209,8.260000228881836,8.23799991607666,8.23799991607666,108992
2026-08-03T15:35,8.239999771118164,8.258999824523926,8.23799991607666,8.258999824523926,244384
2026-08-03T15:40,8.26099967956543,8.263999938964844,8.236000061035156,8.246999740600586,505072
2026-08-03T15:45,8.248000144958496,8.256999969482422,8.248000144958496,8.25100040435791,428640
2026-08-03T15:50,8.25100040435791,8.253999710083008,8.244000434875488,8.25,548912
2026-08-03T15:55,8.24899959564209,8.24899959564209,8.230999946594238,8.23799991607666,234432
2026-08-03T16:00,8.241999626159668,8.263999938964844,8.230999946594238,8.25,73872
2026-08-03T16:05,8.25,8.253999710083008,8.237000465393066,8.246000289916992,18960
2026-08-03T16:10,8.246999740600586,8.253000259399414,8.241000175476074,8.24899959564209,691872
2026-08-03T16:15,8.248000144958496,8.263999938964844,8.248000144958496,8.251999855041504,116144
2026-08-03T16:20,8.251999855041504,8.279000282287598,8.25,8.267999649047852,391072
2026-08-03T16:25,8.267999649047852,8.270999908447266,8.260000228881836,8.265999794006348,1202768
2026-08-03T16:30,8.26200008392334,8.26200008392334,8.24899959564209,8.256999969482422,487840
2026-08-03T16:35,8.251999855041504,8.255999565124512,8.23799991607666,8.23799991607666,288208
2026-08-03T16:40,8.243000030517578,8.244000434875488,8.225000381469727,8.241000175476074,311184
2026-08-03T16:45,8.243000030517578,8.255000114440918,8.243000030517578,8.255000114440918,381664
2026-08-03T16:50,8.255999565124512,8.255999565124512,8.234999656677246,8.234999656677246,488832
2026-08-03T16:55,8.23900032043457,8.23900032043457,8.229000091552734,8.232999801635742,117536
2026-08-03T17:00,8.232999801635742,8.244999885559082,8.229999542236328,8.244999885559082,543888
2026-08-03T17:05,8.251999855041504,8.26200008392334,8.246000289916992,8.248000144958496,700704
2026-08-03T17:10,8.246999740600586,8.24899959564209,8.23900032043457,8.244999885559082,105904
2026-08-03T17:15,8.246999740600586,8.251999855041504,8.239999771118164,8.241000175476074,519824
2026-08-03T17:20,8.23799991607666,8.267999649047852,8.236000061035156,8.26200008392334,288048
2026-08-03T17:25,8.26099967956543,8.26099967956543,8.237000465393066,8.23799991607666,260032
2026-08-03T17:30,8.23799991607666,8.23799991607666,8.230999946594238,8.237000465393066,251904
2026-08-03T17:35,8.234999656677246,8.25100040435791,8.232999801635742,8.232999801635742,256928
2026-08-03T17:40,8.230999946594238,8.243000030517578,8.230999946594238,8.239999771118164,271488
2026-08-03T17:45,8.244000434875488,8.253000259399414,8.241000175476074,8.246000289916992,258080
2026-08-03T17:50,8.244000434875488,8.246000289916992,8.234000205993652,8.234000205993652,299440
2026-08-03T17:55,8.232000350952148,8.243000030517578,8.232000350952148,8.243000030517578,265392
2026-08-03T18:00,8.241999626159668,8.246999740600586,8.239999771118164,8.246999740600586,0
2026-08-03T18:05,8.246999740600586,8.25,8.241000175476074,8.244999885559082,0
2026-08-03T18:10,8.244999885559082,8.255999565124512,8.23799991607666,8.255999565124512,0
2026-08-03T18:15,8.255999565124512,8.256999969482422,8.241000175476074,8.241000175476074,190704
2026-08-03T18:20,8.239999771118164,8.246000289916992,8.237000465393066,8.23900032043457,107680
2026-08-03T18:25,8.239999771118164,8.239999771118164,8.222999572753906,8.229000091552734,283232
2026-08-03T18:30,8.22700023651123,8.237000465393066,8.22700023651123,8.234000205993652,367520
2026-08-03T18:35,8.234999656677246,8.236000061035156,8.22700023651123,8.22700023651123,0
2026-08-03T18:40,8.229000091552734,8.229999542236328,8.220000267028809,8.22700023651123,0
2026-08-03T18:45,8.22700023651123,8.227999687194824,8.217000007629395,8.225000381469727,0
2026-08-03T18:50,8.227999687194824,8.232999801635742,8.222000122070312,8.232000350952148,29760
2026-08-03T18:55,8.229999542236328,8.237000465393066,8.22700023651123,8.227999687194824,0
2026-08-03T19:00,8.232000350952148,8.23799991607666,8.230999946594238,8.234000205993652,0
2026-08-03T19:05,8.237000465393066,8.23799991607666,8.22599983215332,8.23799991607666,18592
2026-08-03T19:10,8.234999656677246,8.23900032043457,8.230999946594238,8.234000205993652,0
2026-08-03T19:15,8.234999656677246,8.241999626159668,8.234999656677246,8.236000061035156,0
2026-08-03T19:20,8.23900032043457,8.251999855041504,8.234999656677246,8.246999740600586,0
2026-08-03T19:25,8.246999740600586,8.258999824523926,8.246999740600586,8.256999969482422,0
2026-08-03T19:30,8.253000259399414,8.267999649047852,8.253000259399414,8.265000343322754,0
2026-08-03T19:35,8.267999649047852,8.267999649047852,8.237000465393066,8.237000465393066,628160
2026-08-03T19:40,8.234999656677246,8.246999740600586,8.232999801635742,8.244000434875488,398320
2026-08-03T19:45,8.246000289916992,8.25,8.237000465393066,8.237000465393066,0
2026-08-03T19:50,8.241000175476074,8.243000030517578,8.237000465393066,8.237000465393066,0
2026-08-03T19:55,8.234999656677246,8.234999656677246,8.225000381469727,8.22599983215332,0
2026-08-03T20:00,8.230999946594238,8.230999946594238,8.220000267028809,8.227999687194824,229920
2026-08-03T20:05,8.229999542236328,8.239999771118164,8.225000381469727,8.23799991607666,44448
2026-08-03T20:10,8.23799991607666,8.243000030517578,8.237000465393066,8.23799991607666,189264
2026-08-03T20:15,8.23799991607666,8.255000114440918,8.23799991607666,8.251999855041504,0
2026-08-03T20:20,8.251999855041504,8.258999824523926,8.244000434875488,8.244000434875488,0
2026-08-03T20:25,8.246000289916992,8.246000289916992,8.23900032043457,8.241000175476074,40032
2026-08-03T20:30,8.241999626159668,8.246000289916992,8.232000350952148,8.234999656677246,35168
2026-08-03T20:35,8.234999656677246,8.23799991607666,8.229999542236328,8.232000350952148,121856
2026-08-03T20:40,8.229000091552734,8.232999801635742,8.229000091552734,8.232999801635742,207776
2026-08-03T20:45,8.223999977111816,8.223999977111816,8.208000183105469,8.208000183105469,253584
2026-08-03T20:50,8.208999633789062,8.21399974822998,8.208000183105469,8.213000297546387,572160
2026-08-03T20:55,8.213000297546387,8.217000007629395,8.213000297546387,8.21500015258789,435088
2026-08-03T21:00,8.21500015258789,8.21500015258789,8.204000473022461,8.208999633789062,0
2026-08-03T21:05,8.204999923706055,8.21500015258789,8.204999923706055,8.211999893188477,0
2026-08-03T21:10,8.211999893188477,8.21500015258789,8.206000328063965,8.211999893188477,0
2026-08-03T21:15,8.211000442504883,8.218000411987305,8.206000328063965,8.211000442504883,138720
2026-08-03T21:20,8.211000442504883,8.213000297546387,8.206999778747559,8.211000442504883,273296
2026-08-03T21:25,8.208999633789062,8.21399974822998,8.206000328063965,8.21399974822998,269952
2026-08-03T21:30,8.21500015258789,8.220000267028809,8.211000442504883,8.218000411987305,11168
2026-08-03T21:35,8.215999603271484,8.225000381469727,8.215999603271484,8.222000122070312,17456
2026-08-03T21:40,8.222000122070312,8.223999977111816,8.220000267028809,8.223999977111816,0
2026-08-03T21:45,8.220000267028809,8.223999977111816,8.21399974822998,8.21399974822998,0
2026-08-03T21:50,8.21399974822998,8.21399974822998,8.208999633789062,8.208999633789062,0
2026-08-03T21:55,8.208000183105469,8.208000183105469,8.20199966430664,8.20199966430664,0
2026-08-03T22:00,8.204999923706055,8.206000328063965,8.180000305175781,8.187999725341797,0
2026-08-03T22:05,8.187000274658203,8.187000274658203,8.17199993133545,8.1850004196167,0
2026-08-03T22:10,8.187999725341797,8.201000213623047,8.1850004196167,8.197999954223633,114992
2026-08-03T22:15,8.199999809265137,8.21500015258789,8.199000358581543,8.204000473022461,0
2026-08-03T22:20,8.204999923706055,8.204999923706055,8.194000244140625,8.197999954223633,0
2026-08-03T22:25,8.197999954223633,8.197999954223633,8.189000129699707,8.194999694824219,59872
2026-08-03T22:30,8.190999984741211,8.192999839782715,8.1850004196167,8.190999984741211,0
2026-08-03T22:35,8.190999984741211,8.190999984741211,8.180000305175781,8.180000305175781,1056
2026-08-03T22:40,8.182000160217285,8.182999610900879,8.180000305175781,8.180999755859375,0
2026-08-03T22:45,8.180999755859375,8.189000129699707,8.180000305175781,8.189000129699707,0
2026-08-03T22:50,8.1899995803833,8.192000389099121,8.187000274658203,8.190999984741211,0
2026-08-03T22:55,8.190999984741211,8.190999984741211,8.187999725341797,8.187999725341797,0
2026-08-03T23:00,8.187000274658203,8.187000274658203,8.17199993133545,8.17300033569336,0
2026-08-03T23:05,8.17199993133545,8.17300033569336,8.166999816894531,8.17199993133545,0
2026-08-03T23:10,8.17199993133545,8.17199993133545,8.163999557495117,8.166999816894531,0
2026-08-03T23:15,8.166999816894531,8.177000045776367,8.166999816894531,8.168000221252441,44304
2026-08-03T23:20,8.168000221252441,8.173999786376953,8.166999816894531,8.170999526977539,281712
2026-08-03T23:25,8.170999526977539,8.170999526977539,8.166999816894531,8.170999526977539,0
2026-08-03T23:30,8.170999526977539,8.170999526977539,8.163999557495117,8.163999557495117,140048
2026-08-03T23:35,8.163999557495117,8.166000366210938,8.15999984741211,8.16100025177002,347632
2026-08-03T23:40,8.16100025177002,8.170000076293945,8.16100025177002,8.168999671936035,200144
2026-08-03T23:45,8.163999557495117,8.17300033569336,8.163999557495117,8.170999526977539,133808
2026-08-03T23:50,8.170999526977539,8.175000190734863,8.168000221252441,8.175000190734863,100784
2026-08-03T23:55,8.175000190734863,8.180000305175781,8.17199993133545,8.180000305175781,179936
2026-08-04T00:00,8.175000190734863,8.185999870300293,8.170999526977539,8.185999870300293,0
2026-08-04T00:05,8.185999870300293,8.185999870300293,8.17300033569336,8.178000450134277,119552
2026-08-04T00:10,8.178999900817871,8.178999900817871,8.16100025177002,8.161999702453613,398624
2026-08-04T00:15,8.15999984741211,8.164999961853027,8.152000427246094,8.154000282287598,322240
2026-08-04T00:20,8.154000282287598,8.159000396728516,8.144000053405762,8.149999618530273,438672
2026-08-04T00:25,8.14900016784668,8.149999618530273,8.131999969482422,8.140000343322754,359984
2026-08-04T00:30,8.137999534606934,8.138999938964844,8.121000289916992,8.125,888512
2026-08-04T00:35,8.123000144958496,8.12600040435791,8.111000061035156,8.119000434875488,537920
2026-08-04T00:40,8.119000434875488,8.12399959564209,8.112000465393066,8.119999885559082,231184
2026-08-04T00:45,8.119000434875488,8.125,8.109000205993652,8.125,0
2026-08-04T00:50,8.121999740600586,8.13599967956543,8.121999740600586,8.125,337024
2026-08-04T00:55,8.12600040435791,8.12600040435791,8.111000061035156,8.116999626159668,538176
2026-08-04T01:00,8.118000030517578,8.12600040435791,8.109000205993652,8.109999656677246,0
2026-08-04T01:05,8.11299991607666,8.12399959564209,8.109000205993652,8.123000144958496,0
2026-08-04T01:10,8.119999885559082,8.126999855041504,8.119999885559082,8.12399959564209,160272
2026-08-04T01:15,8.128000259399414,8.13700008392334,8.123000144958496,8.13700008392334,0
2026-08-04T01:20,8.13700008392334,8.156000137329102,8.13599967956543,8.147000312805176,344688
2026-08-04T01:25,8.14799976348877,8.152999877929688,8.140999794006348,8.142999649047852,223008
2026-08-04T01:30,8.145000457763672,8.180999755859375,8.145000457763672,8.180000305175781,51856
2026-08-04T01:35,8.1850004196167,8.187999725341797,8.17300033569336,8.175000190734863,358720
2026-08-04T01:40,8.175000190734863,8.213000297546387,8.175000190734863,8.199999809265137,188256
2026-08-04T01:45,8.199000358581543,8.222999572753906,8.199000358581543,8.210000038146973,193584
2026-08-04T01:50,8.208999633789062,8.222999572753906,8.204999923706055,8.217000007629395,321488
2026-08-04T01:55,8.21500015258789,8.21500015258789,8.208000183105469,8.208999633789062,487920
2026-08-04T02:00,8.211999893188477,8.21500015258789,8.204000473022461,8.204999923706055,0
2026-08-04T02:05,8.20300006866455,8.20300006866455,8.192000389099121,8.201000213623047,89792
2026-08-04T02:10,8.20199966430664,8.20199966430664,8.1899995803833,8.1899995803833,0
2026-08-04T02:15,8.189000129699707,8.192999839782715,8.182999610900879,8.1850004196167,0
2026-08-04T02:20,8.182000160217285,8.187999725341797,8.175000190734863,8.187999725341797,0
2026-08-04T02:25,8.187999725341797,8.190999984741211,8.184000015258789,8.184000015258789,0
2026-08-04T02:30,8.1850004196167,8.201000213623047,8.1850004196167,8.201000213623047,0
2026-08-04T02:35,8.20199966430664,8.223999977111816,8.20199966430664,8.206000328063965,221456
2026-08-04T02:40,8.204000473022461,8.204000473022461,8.197999954223633,8.20300006866455,386384
2026-08-04T02:45,8.204000473022461,8.206000328063965,8.197999954223633,8.197999954223633,0
2026-08-04T02:50,8.196000099182129,8.196000099182129,8.185999870300293,8.189000129699707,98000
2026-08-04T02:55,8.189000129699707,8.196999549865723,8.187999725341797,8.192999839782715,0
2026-08-04T03:00,8.194999694824219,8.196999549865723,8.192000389099121,8.196999549865723,0
2026-08-04T03:05,8.199000358581543,8.199000358581543,8.194000244140625,8.194999694824219,0
2026-08-04T03:10,8.196000099182129,8.196000099182129,8.170999526977539,8.170999526977539,150448
2026-08-04T03:15,8.168999671936035,8.170000076293945,8.157999992370605,8.157999992370605,0
2026-08-04T03:20,8.16100025177002,8.170000076293945,8.16100025177002,8.166000366210938,21888
2026-08-04T03:25,8.166999816894531,8.177000045776367,8.166999816894531,8.173999786376953,0
2026-08-04T03:30,8.178000450134277,8.1899995803833,8.178000450134277,8.182999610900879,232320
2026-08-04T03:35,8.180000305175781,8.187999725341797,8.180000305175781,8.187999725341797,146576
2026-08-04T03:40,8.187999725341797,8.192999839782715,8.187999725341797,8.190999984741211,190848
2026-08-04T03:45,8.189000129699707,8.196000099182129,8.189000129699707,8.196000099182129,0
2026-08-04T03:50,8.196000099182129,8.197999954223633,8.192000389099121,8.192000389099121,0
2026-08-04T03:55,8.190999984741211,8.199000358581543,8.1899995803833,8.1899995803833,0
2026-08-04T04:00,8.1899995803833,8.1899995803833,8.182000160217285,8.184000015258789,0
2026-08-04T04:05,8.180000305175781,8.180000305175781,8.166999816894531,8.178999900817871,0
2026-08-04T04:10,8.180000305175781,8.182000160217285,8.170999526977539,8.175999641418457,0
2026-08-04T04:15,8.175999641418457,8.189000129699707,8.175999641418457,8.189000129699707,1093680
2026-08-04T04:20,8.189000129699707,8.192999839782715,8.189000129699707,8.192000389099121,0
2026-08-04T04:25,8.1899995803833,8.190999984741211,8.184000015258789,8.184000015258789,108352
2026-08-04T04:30,8.1850004196167,8.201000213623047,8.1850004196167,8.201000213623047,267568
2026-08-04T04:35,8.197999954223633,8.217000007629395,8.196000099182129,8.217000007629395,14592
2026-08-04T04:40,8.227999687194824,8.229000091552734,8.223999977111816,8.227999687194824,248640
2026-08-04T04:45,8.227999687194824,8.253999710083008,8.227999687194824,8.23799991607666,26656
2026-08-04T04:50,8.23799991607666,8.241000175476074,8.232999801635742,8.236000061035156,350560
2026-08-04T04:55,8.236000061035156,8.236000061035156,8.215999603271484,8.215999603271484,0
2026-08-04T05:00,8.222000122070312,8.222000122070312,8.206000328063965,8.210000038146973,0
2026-08-04T05:05,8.211999893188477,8.211999893188477,8.204000473022461,8.204999923706055,0
2026-08-04T05:10,8.204000473022461,8.204000473022461,8.189000129699707,8.189000129699707,0
2026-08-04T05:15,8.189000129699707,8.190999984741211,8.1850004196167,8.1850004196167,53552
2026-08-04T05:20,8.187000274658203,8.192000389099121,8.1850004196167,8.189000129699707,162928
2026-08-04T05:25,8.189000129699707,8.189000129699707,8.182999610900879,8.185999870300293,96736
2026-08-04T05:30,8.185999870300293,8.1899995803833,8.1850004196167,8.187999725341797,0
2026-08-04T05:35,8.185999870300293,8.1899995803833,8.185999870300293,8.189000129699707,188384
2026-08-04T05:40,8.184000015258789,8.189000129699707,8.184000015258789,8.185999870300293,0
2026-08-04T05:45,8.182999610900879,8.182999610900879,8.17199993133545,8.17199993133545,118704
2026-08-04T05:50,8.17300033569336,8.173999786376953,8.17199993133545,8.17300033569336,0
2026-08-04T05:55,8.17300033569336,8.180000305175781,8.17300033569336,8.180000305175781,0
2026-08-04T06:00,8.180000305175781,8.180999755859375,8.170999526977539,8.178999900817871,0
2026-08-04T06:05,8.178999900817871,8.178999900817871,8.178000450134277,8.178000450134277,0
2026-08-04T06:10,8.180000305175781,8.180000305175781,8.170999526977539,8.17199993133545,0
2026-08-04T06:15,8.17199993133545,8.194000244140625,8.17199993133545,8.1899995803833,0
2026-08-04T06:20,8.1899995803833,8.1899995803833,8.180999755859375,8.180999755859375,741072
2026-08-04T06:25,8.180000305175781,8.180999755859375,8.168999671936035,8.170999526977539,1078032
2026-08-04T06:30,8.168999671936035,8.168999671936035,8.156999588012695,8.163000106811523,1595792
2026-08-04T06:35,8.161999702453613,8.161999702453613,8.135000228881836,8.135000228881836,757120
2026-08-04T06:40,8.133999824523926,8.140999794006348,8.128999710083008,8.135000228881836,792768
2026-08-04T06:45,8.128000259399414,8.130000114440918,8.12600040435791,8.130000114440918,54688
2026-08-04T06:50,8.130000114440918,8.131999969482422,8.126999855041504,8.131999969482422,0
2026-08-04T06:55,8.131999969482422,8.137999534606934,8.131999969482422,8.13700008392334,288768
2026-08-04T07:00,8.137999534606934,8.14900016784668,8.133000373840332,8.147000312805176,0
2026-08-04T07:05,8.14799976348877,8.151000022888184,8.140999794006348,8.140999794006348,176256
2026-08-04T07:10,8.140000343322754,8.140000343322754,8.125,8.126999855041504,76624
2026-08-04T07:15,8.126999855041504,8.130999565124512,8.125,8.12600040435791,141664
2026-08-04T07:20,8.125,8.125,8.118000030517578,8.121000289916992,0
2026-08-04T07:25,8.125,8.137999534606934,8.125,8.137999534606934,157216
2026-08-04T07:30,8.140000343322754,8.159000396728516,8.137999534606934,8.152000427246094,0
2026-08-04T07:35,8.152000427246094,8.152000427246094,8.142000198364258,8.145999908447266,179600
2026-08-04T07:40,8.145999908447266,8.154000282287598,8.145000457763672,8.14900016784668,161264
2026-08-04T07:45,8.152000427246094,8.164999961853027,8.152000427246094,8.164999961853027,52768
2026-08-04T07:50,8.166000366210938,8.166999816894531,8.161999702453613,8.161999702453613,168096
2026-08-04T07:55,8.161999702453613,8.170000076293945,8.161999702453613,8.168000221252441,80464
2026-08-04T08:00,8.168000221252441,8.175000190734863,8.168000221252441,8.17199993133545,0
2026-08-04T08:05,8.170999526977539,8.180000305175781,8.166999816894531,8.166999816894531,154416
2026-08-04T08:10,8.166000366210938,8.166000366210938,8.15999984741211,8.16100025177002,50672
2026-08-04T08:15,8.16100025177002,8.16100025177002,8.151000022888184,8.151000022888184,4400
2026-08-04T08:20,8.152999877929688,8.156999588012695,8.149999618530273,8.149999618530273,0
2026-08-04T08:25,8.154000282287598,8.166000366210938,8.151000022888184,8.156000137329102,102528
2026-08-04T08:30,8.156000137329102,8.156000137329102,8.12600040435791,8.133999824523926,213696
2026-08-04T08:35,8.133999824523926,8.138999938964844,8.130999565124512,8.138999938964844,329712
2026-08-04T08:40,8.138999938964844,8.14900016784668,8.135000228881836,8.14900016784668,30944
2026-08-04T08:45,8.151000022888184,8.151000022888184,8.13700008392334,8.144000053405762,0
2026-08-04T08:50,8.144000053405762,8.145999908447266,8.144000053405762,8.144000053405762,0
2026-08-04T08:55,8.144000053405762,8.144000053405762,8.142000198364258,8.142000198364258,0
2026-08-04T09:00,8.142000198364258,8.144000053405762,8.140000343322754,8.142999649047852,0
2026-08-04T09:05,8.142999649047852,8.142999649047852,8.128999710083008,8.128999710083008,0
2026-08-04T09:10,8.128999710083008,8.137999534606934,8.128999710083008,8.133999824523926,102496
2026-08-04T09:15,8.133999824523926,8.133999824523926,8.118000030517578,8.118000030517578,76032
2026-08-04T09:20,8.118000030517578,8.133000373840332,8.118000030517578,8.133000373840332,70448
2026-08-04T09:25,8.133000373840332,8.135000228881836,8.133000373840332,8.135000228881836,0
2026-08-04T09:30,8.135000228881836,8.138999938964844,8.12600040435791,8.13599967956543,0
2026-08-04T09:35,8.13700008392334,8.13700008392334,8.128999710083008,8.131999969482422,134176
2026-08-04T09:40,8.131999969482422,8.142999649047852,8.131999969482422,8.142999649047852,0
2026-08-04T09:45,8.138999938964844,8.145000457763672,8.138999938964844,8.145000457763672,104880
2026-08-04T09:50,8.145000457763672,8.151000022888184,8.140999794006348,8.151000022888184,334912
2026-08-04T09:55,8.14900016784668,8.151000022888184,8.144000053405762,8.14799976348877,0
2026-08-04T10:00,8.152000427246094,8.156000137329102,8.145999908447266,8.154999732971191,0
2026-08-04T10:05,8.154999732971191,8.163999557495117,8.154000282287598,8.161999702453613,140960
2026-08-04T10:10,8.163000106811523,8.170000076293945,8.159000396728516,8.159000396728516,14448
2026-08-04T10:15,8.156000137329102,8.166999816894531,8.154000282287598,8.166999816894531,270752
2026-08-04T10:20,8.168000221252441,8.175999641418457,8.16100025177002,8.16100025177002,0
2026-08-04T10:25,8.16100025177002,8.161999702453613,8.144000053405762,8.144000053405762,170416
2026-08-04T10:30,8.145000457763672,8.147000312805176,8.133999824523926,8.140999794006348,544288
2026-08-04T10:35,8.140000343322754,8.140000343322754,8.126999855041504,8.128000259399414,812864
2026-08-04T10:40,8.128000259399414,8.175999641418457,8.126999855041504,8.175999641418457,3225776
2026-08-04T10:45,8.168000221252441,8.204000473022461,8.163999557495117,8.192000389099121,1281360
2026-08-04T10:50,8.1899995803833,8.208999633789062,8.187999725341797,8.194000244140625,857088
2026-08-04T10:55,8.196000099182129,8.199999809265137,8.1899995803833,8.1899995803833,498416
2026-08-04T11:00,8.192000389099121,8.196000099182129,8.187000274658203,8.196000099182129,0
2026-08-04T11:05,8.194000244140625,8.194000244140625,8.1850004196167,8.190999984741211,529616
2026-08-04T11:10,8.187999725341797,8.1899995803833,8.1850004196167,8.187999725341797,125696
2026-08-04T11:15,8.189000129699707,8.189000129699707,8.184000015258789,8.187000274658203,0
2026-08-04T11:20,8.187999725341797,8.196999549865723,8.178000450134277,8.178000450134277,0
2026-08-04T11:25,8.178000450134277,8.182000160217285,8.177000045776367,8.182000160217285,0
2026-08-04T11:30,8.182000160217285,8.182000160217285,8.175000190734863,8.178999900817871,0
2026-08-04T11:35,8.178999900817871,8.178999900817871,8.173999786376953,8.178999900817871,0
2026-08-04T11:40,8.177000045776367,8.197999954223633,8.170000076293945,8.197999954223633,166368
2026-08-04T11:45,8.197999954223633,8.204000473022461,8.196999549865723,8.197999954223633,91024
2026-08-04T11:50,8.197999954223633,8.208999633789062,8.197999954223633,8.208999633789062,0
2026-08-04T11:55,8.210000038146973,8.21399974822998,8.206000328063965,8.208000183105469,0
2026-08-04T12:00,8.206000328063965,8.208999633789062,8.192000389099121,8.194999694824219,0
2026-08-04T12:05,8.194000244140625,8.194999694824219,8.185999870300293,8.185999870300293,0
2026-08-04T12:10,8.1850004196167,8.190999984741211,8.180000305175781,8.180000305175781,0
2026-08-04T12:15,8.180000305175781,8.1850004196167,8.178999900817871,8.180000305175781,0
2026-08-04T12:20,8.180000305175781,8.189000129699707,8.180000305175781,8.184000015258789,0
2026-08-04T12:25,8.184000015258789,8.194000244140625,8.184000015258789,8.194000244140625,0
2026-08-04T12:30,8.194000244140625,8.206000328063965,8.189000129699707,8.206000328063965,0
2026-08-04T12:35,8.206999778747559,8.22700023651123,8.206000328063965,8.223999977111816,0
2026-08-04T12:40,8.222000122070312,8.225000381469727,8.21399974822998,8.215999603271484,364672
2026-08-04T12:45,8.21399974822998,8.21399974822998,8.20199966430664,8.20300006866455,0
2026-08-04T12:50,8.206000328063965,8.210000038146973,8.199999809265137,8.20199966430664,0
2026-08-04T12:55,8.20300006866455,8.206999778747559,8.197999954223633,8.20199966430664,3232
2026-08-04T13:00,8.199999809265137,8.208999633789062,8.189000129699707,8.199999809265137,0
2026-08-04T13:05,8.199999809265137,8.204000473022461,8.197999954223633,8.20300006866455,0
2026-08-04T13:10,8.201000213623047,8.204999923706055,8.201000213623047,8.20199966430664,0
2026-08-04T13:15,8.201000213623047,8.20300006866455,8.184000015258789,8.184000015258789,0
2026-08-04T13:20,8.185999870300293,8.206000328063965,8.184000015258789,8.184000015258789,16368
2026-08-04T13:25,8.178999900817871,8.190999984741211,8.166999816894531,8.166999816894531,630992
2026-08-04T13:30,8.163999557495117,8.211000442504883,8.154999732971191,8.211000442504883,1932176
2026-08-04T13:35,8.21399974822998,8.229000091552734,8.196000099182129,8.20300006866455,1432240
2026-08-04T13:40,8.20300006866455,8.211000442504883,8.187999725341797,8.187999725341797,1018096
2026-08-04T13:45,8.192000389099121,8.192000389099121,8.156999588012695,8.178999900817871,132768
2026-08-04T13:50,8.180999755859375,8.192000389099121,8.17199993133545,8.185999870300293,410992
2026-08-04T13:55,8.185999870300293,8.187999725341797,8.163000106811523,8.17300033569336,1682464
2026-08-04T14:00,8.175000190734863,8.187000274658203,8.151000022888184,8.185999870300293,457104
2026-08-04T14:05,8.187999725341797,8.204000473022461,8.182999610900879,8.182999610900879,1632688
2026-08-04T14:10,8.182999610900879,8.208999633789062,8.170999526977539,8.197999954223633,319456
2026-08-04T14:15,8.197999954223633,8.197999954223633,8.163000106811523,8.170999526977539,1201248
2026-08-04T14:20,8.17300033569336,8.173999786376953,8.163000106811523,8.168000221252441,976384
2026-08-04T14:25,8.168999671936035,8.196000099182129,8.168999671936035,8.194000244140625,418720
2026-08-04T14:30,8.194000244140625,8.206000328063965,8.184000015258789,8.20199966430664,718960
2026-08-04T14:35,8.199999809265137,8.218999862670898,8.199999809265137,8.218999862670898,658672
2026-08-04T14:40,8.220000267028809,8.256999969482422,8.220000267028809,8.248000144958496,987328
2026-08-04T14:45,8.246999740600586,8.251999855041504,8.199000358581543,8.199000358581543,1619088
2026-08-04T14:50,8.196000099182129,8.213000297546387,8.192999839782715,8.213000297546387,2290496
2026-08-04T14:55,8.213000297546387,8.236000061035156,8.213000297546387,8.232000350952148,401632
2026-08-04T15:00,8.232000350952148,8.244999885559082,8.227999687194824,8.234000205993652,0
2026-08-04T15:05,8.229999542236328,8.229999542236328,8.21500015258789,8.21500015258789,0
2026-08-04T15:10,8.21500015258789,8.21500015258789,8.196999549865723,8.20300006866455,0
2026-08-04T15:15,8.199999809265137,8.20300006866455,8.180999755859375,8.185999870300293,0
2026-08-04T15:20,8.185999870300293,8.185999870300293,8.17199993133545,8.17300033569336,0
2026-08-04T15:25,8.17300033569336,8.180999755859375,8.154999732971191,8.166000366210938,0
2026-08-04T15:30,8.163000106811523,8.168000221252441,8.138999938964844,8.142000198364258,401648
2026-08-04T15:35,8.137999534606934,8.152000427246094,8.133999824523926,8.149999618530273,266928
2026-08-04T15:40,8.154000282287598,8.189000129699707,8.154000282287598,8.187000274658203,0
2026-08-04T15:45,8.189000129699707,8.213000297546387,8.1850004196167,8.199999809265137,245424
2026-08-04T15:50,8.197999954223633,8.204999923706055,8.182999610900879,8.1899995803833,1473984
2026-08-04T15:55,8.187000274658203,8.197999954223633,8.185999870300293,8.189000129699707,504544
2026-08-04T16:00,8.189000129699707,8.1899995803833,8.170999526977539,8.170999526977539,0
2026-08-04T16:05,8.170999526977539,8.185999870300293,8.170999526977539,8.178999900817871,0
2026-08-04T16:10,8.180999755859375,8.187000274658203,8.173999786376953,8.173999786376953,0
2026-08-04T16:15,8.175999641418457,8.182999610900879,8.168000221252441,8.182000160217285,0
2026-08-04T16:20,8.182000160217285,8.190999984741211,8.170999526977539,8.187999725341797,0
2026-08-04T16:25,8.182000160217285,8.189000129699707,8.166999816894531,8.166999816894531,0
2026-08-04T16:30,8.164999961853027,8.175999641418457,8.164999961853027,8.170999526977539,0
2026-08-04T16:35,8.170999526977539,8.178999900817871,8.15999984741211,8.178000450134277,0
2026-08-04T16:40,8.177000045776367,8.180000305175781,8.168000221252441,8.178999900817871,0
2026-08-04T16:45,8.178999900817871,8.180999755859375,8.17300033569336,8.175000190734863,0
2026-08-04T16:50,8.175000190734863,8.178000450134277,8.159000396728516,8.159000396728516,0
2026-08-04T16:55,8.161999702453613,8.178000450134277,8.161999702453613,8.178000450134277,0
2026-08-04T17:00,8.178999900817871,8.199999809265137,8.177000045776367,8.199999809265137,0
2026-08-04T17:05,8.189000129699707,8.208999633789062,8.189000129699707,8.197999954223633,0
2026-08-04T17:10,8.196999549865723,8.196999549865723,8.175999641418457,8.187000274658203,1551520
2026-08-04T17:15,8.189000129699707,8.196999549865723,8.182999610900879,8.1850004196167,0
2026-08-04T17:20,8.182000160217285,8.197999954223633,8.177000045776367,8.182000160217285,0
2026-08-04T17:25,8.182000160217285,8.201000213623047,8.182000160217285,8.199000358581543,0
2026-08-04T17:30,8.194000244140625,8.194000244140625,8.185999870300293,8.1899995803833,0
2026-08-04T17:35,8.1899995803833,8.194000244140625,8.182000160217285,8.187000274658203,0
2026-08-04T17:40,8.190999984741211,8.192999839782715,8.185999870300293,8.189000129699707,0
2026-08-04T17:45,8.189000129699707,8.192000389099121,8.17199993133545,8.17199993133545,0
2026-08-04T17:50,8.170000076293945,8.170999526977539,8.156000137329102,8.170999526977539,0
2026-08-04T17:55,8.166999816894531,8.170999526977539,8.15999984741211,8.168000221252441,0
2026-08-04T18:00,8.166000366210938,8.182999610900879,8.163999557495117,8.180999755859375,0
2026-08-04T18:05,8.187999725341797,8.208999633789062,8.187999725341797,8.199000358581543,324800
2026-08-04T18:10,8.199000358581543,8.225000381469727,8.194999694824219,8.225000381469727,325072
2026-08-04T18:15,8.223999977111816,8.234999656677246,8.217000007629395,8.234999656677246,0
2026-08-04T18:20,8.236000061035156,8.243000030517578,8.229999542236328,8.236000061035156,579536
2026-08-04T18:25,8.23799991607666,8.241999626159668,8.232000350952148,8.232999801635742,291616
2026-08-04T18:30,8.237000465393066,8.237000465393066,8.222999572753906,8.227999687194824,0
2026-08-04T18:35,8.229000091552734,8.234000205993652,8.211000442504883,8.218000411987305,204208
2026-08-04T18:40,8.217000007629395,8.220000267028809,8.208999633789062,8.220000267028809,0
2026-08-04T18:45,8.222000122070312,8.22599983215332,8.215999603271484,8.218999862670898,0
2026-08-04T18:50,8.220999717712402,8.220999717712402,8.21399974822998,8.21399974822998,0
2026-08-04T18:55,8.21500015258789,8.218999862670898,8.211999893188477,8.218000411987305,112192
2026-08-04T19:00,8.218999862670898,8.223999977111816,8.218000411987305,8.222999572753906,0
2026-08-04T19:05,8.220999717712402,8.22599983215332,8.218000411987305,8.220999717712402,0
2026-08-04T19:10,8.22700023651123,8.237000465393066,8.223999977111816,8.236000061035156,0
2026-08-04T19:15,8.23799991607666,8.23900032043457,8.22700023651123,8.22700023651123,112880
2026-08-04T19:20,8.22599983215332,8.227999687194824,8.215999603271484,8.218000411987305,0
2026-08-04T19:25,8.21399974822998,8.220999717712402,8.21399974822998,8.218000411987305,18400
2026-08-04T19:30,8.217000007629395,8.220000267028809,8.211999893188477,8.21500015258789,0
2026-08-04T19:35,8.215999603271484,8.23900032043457,8.213000297546387,8.218000411987305,0
2026-08-04T19:40,8.217000007629395,8.222000122070312,8.211999893188477,8.218999862670898,45376
2026-08-04T19:45,8.220999717712402,8.220999717712402,8.204000473022461,8.208999633789062,1080848
2026-08-04T19:50,8.20300006866455,8.21399974822998,8.20300006866455,8.206999778747559,65744
2026-08-04T19:55,8.206999778747559,8.215999603271484,8.20300006866455,8.20300006866455,0
2026-08-04T20:00,8.208999633789062,8.208999633789062,8.182000160217285,8.182999610900879,983728
2026-08-04T20:05,8.182999610900879,8.192000389099121,8.180999755859375,8.1899995803833,0
2026-08-04T20:10,8.192000389099121,8.192000389099121,8.175000190734863,8.180000305175781,216880
2026-08-04T20:15,8.175999641418457,8.175999641418457,8.142999649047852,8.145000457763672,795792
2026-08-04T20:20,8.14900016784668,8.170000076293945,8.14900016784668,8.166000366210938,562512
2026-08-04T20:25,8.168999671936035,8.180999755859375,8.168000221252441,8.180000305175781,331824
2026-08-04T20:30,8.178999900817871,8.192000389099121,8.178999900817871,8.180000305175781,204784
2026-08-04T20:35,8.180000305175781,8.1899995803833,8.175999641418457,8.1899995803833,87936
2026-08-04T20:40,8.194000244140625,8.215999603271484,8.194000244140625,8.206000328063965,422944
2026-08-04T20:45,8.20300006866455,8.208999633789062,8.196999549865723,8.201000213623047,0
2026-08-04T20:50,8.197999954223633,8.197999954223633,8.1899995803833,8.1899995803833,0
2026-08-04T20:55,8.192000389099121,8.199999809265137,8.192000389099121,8.199999809265137,0
2026-08-04T21:00,8.199000358581543,8.199999809265137,8.192999839782715,8.199999809265137,0
2026-08-04T21:05,8.199000358581543,8.199000358581543,8.192000389099121,8.196000099182129,2288
2026-08-04T21:10,8.196000099182129,8.199999809265137,8.182999610900879,8.182999610900879,60320
2026-08-04T21:15,8.182999610900879,8.187999725341797,8.182000160217285,8.187000274658203,0
2026-08-04T21:20,8.182000160217285,8.20300006866455,8.182000160217285,8.201000213623047,0
2026-08-04T21:25,8.206000328063965,8.206000328063965,8.194000244140625,8.194000244140625,69632
2026-08-04T21:30,8.192999839782715,8.194999694824219,8.187999725341797,8.190999984741211,0
2026-08-04T21:35,8.1899995803833,8.194999694824219,8.189000129699707,8.192999839782715,0
2026-08-04T21:40,8.190999984741211,8.194999694824219,8.187999725341797,8.190999984741211,0
2026-08-04T21:45,8.194000244140625,8.196000099182129,8.180999755859375,8.189000129699707,23840
2026-08-04T21:50,8.189000129699707,8.190999984741211,8.182000160217285,8.182000160217285,262592
2026-08-04T21:55,8.182000160217285,8.182000160217285,8.178000450134277,8.178999900817871,0
2026-08-04T22:00,8.1850004196167,8.187999725341797,8.154999732971191,8.166000366210938,0
2026-08-04T22:05,8.170000076293945,8.173999786376953,8.166999816894531,8.168999671936035,0
2026-08-04T22:10,8.168999671936035,8.17300033569336,8.168000221252441,8.17300033569336,2320
2026-08-04T22:15,8.17300033569336,8.177000045776367,8.168000221252441,8.170999526977539,920544
2026-08-04T22:20,8.175000190734863,8.180999755859375,8.168000221252441,8.170000076293945,0
2026-08-04T22:25,8.170000076293945,8.175999641418457,8.168000221252441,8.175000190734863,0
2026-08-04T22:30,8.175000190734863,8.175999641418457,8.168999671936035,8.170999526977539,12544
2026-08-04T22:35,8.170999526977539,8.17199993133545,8.166999816894531,8.166999816894531,0
2026-08-04T22:40,8.168000221252441,8.168999671936035,8.15999984741211,8.163000106811523,0
2026-08-04T22:45,8.163000106811523,8.166000366210938,8.16100025177002,8.163999557495117,63808
2026-08-04T22:50,8.163000106811523,8.164999961853027,8.159000396728516,8.161999702453613,0
2026-08-04T22:55,8.161999702453613,8.168999671936035,8.16100025177002,8.168999671936035,0
2026-08-04T23:00,8.170000076293945,8.170000076293945,8.157999992370605,8.15999984741211,0
2026-08-04T23:05,8.161999702453613,8.187000274658203,8.161999702453613,8.178000450134277,0
2026-08-04T23:10,8.178000450134277,8.1899995803833,8.175999641418457,8.187000274658203,251392
2026-08-04T23:15,8.1850004196167,8.192000389099121,8.182000160217285,8.182000160217285,224672
2026-08-04T23:20,8.182000160217285,8.182000160217285,8.152999877929688,8.152999877929688,0
2026-08-04T23:25,8.154000282287598,8.157999992370605,8.145000457763672,8.145000457763672,319968
2026-08-04T23:30,8.142999649047852,8.14799976348877,8.140999794006348,8.142000198364258,152272
2026-08-04T23:35,8.142000198364258,8.147000312805176,8.142000198364258,8.147000312805176,0
2026-08-04T23:40,8.14900016784668,8.163999557495117,8.14900016784668,8.152000427246094,159664
2026-08-04T23:45,8.149999618530273,8.152999877929688,8.144000053405762,8.147000312805176,0
2026-08-04T23:50,8.147000312805176,8.147000312805176,8.137999534606934,8.137999534606934,7920
2026-08-04T23:55,8.137999534606934,8.144000053405762,8.135000228881836,8.140999794006348,59632
2026-08-05T00:00,8.140999794006348,8.142999649047852,8.135000228881836,8.13700008392334,0
2026-08-05T00:05,8.13599967956543,8.138999938964844,8.118000030517578,8.12399959564209,0
2026-08-05T00:10,8.121999740600586,8.128999710083008,8.121000289916992,8.128999710083008,0
2026-08-05T00:15,8.125,8.13700008392334,8.125,8.13700008392334,0
2026-08-05T00:20,8.133999824523926,8.13700008392334,8.131999969482422,8.13700008392334,79728
2026-08-05T00:25,8.137999534606934,8.137999534606934,8.126999855041504,8.13700008392334,0
2026-08-05T00:30,8.137999534606934,8.14799976348877,8.13599967956543,8.14799976348877,0
2026-08-05T00:35,8.14900016784668,8.159000396728516,8.133000373840332,8.133000373840332,0
2026-08-05T00:40,8.130000114440918,8.130999565124512,8.119000434875488,8.119000434875488,8880
2026-08-05T00:45,8.119999885559082,8.12399959564209,8.114999771118164,8.114999771118164,64224
2026-08-05T00:50,8.116000175476074,8.116999626159668,8.111000061035156,8.11400032043457,205184
2026-08-05T00:55,8.11299991607666,8.116999626159668,8.11299991607666,8.116999626159668,0
2026-08-05T01:00,8.116999626159668,8.116999626159668,8.098999977111816,8.105999946594238,0
2026-08-05T01:05,8.107999801635742,8.116000175476074,8.107999801635742,8.116000175476074,0
2026-08-05T01:10,8.11400032043457,8.119999885559082,8.112000465393066,8.11299991607666,0
2026-08-05T01:15,8.11299991607666,8.11400032043457,8.105999946594238,8.11400032043457,0
2026-08-05T01:20,8.114999771118164,8.130000114440918,8.114999771118164,8.126999855041504,0
2026-08-05T01:25,8.12600040435791,8.128000259399414,8.118000030517578,8.128000259399414,0
2026-08-05T01:30,8.128999710083008,8.138999938964844,8.128999710083008,8.13599967956543,3984
2026-08-05T01:35,8.13700008392334,8.164999961853027,8.13700008392334,8.164999961853027,0
2026-08-05T01:40,8.170000076293945,8.173999786376953,8.151000022888184,8.151000022888184,67440
2026-08-05T01:45,8.152999877929688,8.164999961853027,8.152999877929688,8.164999961853027,0
2026-08-05T01:50,8.164999961853027,8.17199993133545,8.16100025177002,8.17199993133545,0
2026-08-05T01:55,8.17199993133545,8.175000190734863,8.170999526977539,8.17199993133545,0
2026-08-05T02:00,8.17199993133545,8.190999984741211,8.166000366210938,8.180000305175781,0
2026-08-05T02:05,8.175000190734863,8.175000190734863,8.15999984741211,8.166999816894531,0
2026-08-05T02:10,8.166000366210938,8.180999755859375,8.163000106811523,8.17199993133545,0
2026-08-05T02:15,8.17199993133545,8.17199993133545,8.151000022888184,8.152999877929688,0
2026-08-05T02:20,8.154999732971191,8.166000366210938,8.154999732971191,8.163999557495117,50848
2026-08-05T02:25,8.163999557495117,8.168999671936035,8.16100025177002,8.16100025177002,295936
2026-08-05T02:30,8.163999557495117,8.175999641418457,8.16100025177002,8.175999641418457,0
2026-08-05T02:35,8.177000045776367,8.178000450134277,8.170000076293945,8.173999786376953,0
2026-08-05T02:40,8.175000190734863,8.184000015258789,8.175000190734863,8.184000015258789,0
2026-08-05T02:45,8.1850004196167,8.187000274658203,8.170999526977539,8.17300033569336,0
2026-08-05T02:50,8.17300033569336,8.175000190734863,8.166000366210938,8.170000076293945,0
2026-08-05T02:55,8.17199993133545,8.17199993133545,8.163999557495117,8.166000366210938,66544
2026-08-05T03:00,8.166999816894531,8.173999786376953,8.154999732971191,8.154999732971191,0
2026-08-05T03:05,8.154999732971191,8.166999816894531,8.142999649047852,8.142999649047852,0
2026-08-05T03:10,8.144000053405762,8.14900016784668,8.140999794006348,8.142000198364258,391568
2026-08-05T03:15,8.138999938964844,8.138999938964844,8.109999656677246,8.109999656677246,332848
2026-08-05T03:20,8.111000061035156,8.119999885559082,8.107999801635742,8.109999656677246,519408
2026-08-05T03:25,8.111000061035156,8.111000061035156,8.10200023651123,8.10200023651123,342000
2026-08-05T03:30,8.098999977111816,8.102999687194824,8.090999603271484,8.10099983215332,1456976
2026-08-05T03:35,8.102999687194824,8.11400032043457,8.102999687194824,8.111000061035156,271744
2026-08-05T03:40,8.109999656677246,8.114999771118164,8.107999801635742,8.109000205993652,0
2026-08-05T03:45,8.109999656677246,8.11400032043457,8.107999801635742,8.11400032043457,19648
2026-08-05T03:50,8.114999771118164,8.119000434875488,8.114999771118164,8.118000030517578,0
2026-08-05T03:55,8.118000030517578,8.121000289916992,8.116999626159668,8.119000434875488,0
2026-08-05T04:00,8.118000030517578,8.119999885559082,8.11400032043457,8.116999626159668,0
2026-08-05T04:05,8.116999626159668,8.130999565124512,8.116000175476074,8.128000259399414,0
2026-08-05T04:10,8.128000259399414,8.13700008392334,8.126999855041504,8.130000114440918,54480
2026-08-05T04:15,8.128000259399414,8.135000228881836,8.121000289916992,8.135000228881836,173312
2026-08-05T04:20,8.135000228881836,8.13599967956543,8.12399959564209,8.12399959564209,0
2026-08-05T04:25,8.12399959564209,8.128000259399414,8.121999740600586,8.128000259399414,0
2026-08-05T04:30,8.128999710083008,8.131999969482422,8.126999855041504,8.130999565124512,0
2026-08-05T04:35,8.130999565124512,8.130999565124512,8.123000144958496,8.123000144958496,0
2026-08-05T04:40,8.12600040435791,8.126999855041504,8.123000144958496,8.125,0
2026-08-05T04:45,8.12399959564209,8.12600040435791,8.123000144958496,8.123000144958496,0
2026-08-05T04:50,8.123000144958496,8.12399959564209,8.118000030517578,8.12399959564209,0
2026-08-05T04:55,8.12399959564209,8.128000259399414,8.121000289916992,8.12600040435791,0
2026-08-05T05:00,8.121000289916992,8.144000053405762,8.121000289916992,8.142000198364258,0
2026-08-05T05:05,8.142000198364258,8.154000282287598,8.142000198364258,8.149999618530273,0
2026-08-05T05:10,8.149999618530273,8.151000022888184,8.14900016784668,8.151000022888184,0
2026-08-05T05:15,8.147000312805176,8.14799976348877,8.145000457763672,8.147000312805176,0
2026-08-05T05:20,8.14799976348877,8.15999984741211,8.14799976348877,8.15999984741211,0
2026-08-05T05:25,8.16100025177002,8.178999900817871,8.16100025177002,8.166000366210938,89808
2026-08-05T05:30,8.164999961853027,8.164999961853027,8.157999992370605,8.157999992370605,6560
2026-08-05T05:35,8.156999588012695,8.166999816894531,8.154000282287598,8.166999816894531,0
2026-08-05T05:40,8.166999816894531,8.168000221252441,8.161999702453613,8.168000221252441,65568
2026-08-05T05:45,8.168999671936035,8.175000190734863,8.168999671936035,8.173999786376953,80736
2026-08-05T05:50,8.17300033569336,8.175999641418457,8.168000221252441,8.168000221252441,122080
2026-08-05T05:55,8.166999816894531,8.180999755859375,8.166999816894531,8.175000190734863,0
2026-08-05T06:00,8.173999786376953,8.177000045776367,8.16100025177002,8.17300033569336,1186528
2026-08-05T06:05,8.17300033569336,8.17300033569336,8.168000221252441,8.170999526977539,400656
2026-08-05T06:10,8.170999526977539,8.178999900817871,8.170000076293945,8.170000076293945,116352
2026-08-05T06:15,8.170000076293945,8.17300033569336,8.166000366210938,8.170000076293945,146608
2026-08-05T06:20,8.17199993133545,8.17199993133545,8.163000106811523,8.168000221252441,0
2026-08-05T06:25,8.168000221252441,8.168000221252441,8.16100025177002,8.168000221252441,0
2026-08-05T06:30,8.168999671936035,8.173999786376953,8.168000221252441,8.173999786376953,788960
2026-08-05T06:35,8.175999641418457,8.196000099182129,8.175999641418457,8.178999900817871,0
2026-08-05T06:40,8.180999755859375,8.180999755859375,8.164999961853027,8.164999961853027,0
2026-08-05T06:45,8.166000366210938,8.175000190734863,8.157999992370605,8.175000190734863,0
2026-08-05T06:50,8.17199993133545,8.173999786376953,8.168000221252441,8.17300033569336,0
2026-08-05T06:55,8.17300033569336,8.173999786376953,8.170000076293945,8.173999786376953,0
2026-08-05T07:00,8.170999526977539,8.175000190734863,8.163999557495117,8.168999671936035,0
2026-08-05T07:05,8.166000366210938,8.170000076293945,8.16100025177002,8.16100025177002,0
2026-08-05T07:10,8.16100025177002,8.16100025177002,8.154999732971191,8.159000396728516,0
2026-08-05T07:15,8.156999588012695,8.156999588012695,8.14900016784668,8.14900016784668,0
2026-08-05T07:20,8.147000312805176,8.147000312805176,8.131999969482422,8.142000198364258,0
2026-08-05T07:25,8.142999649047852,8.144000053405762,8.13599967956543,8.140999794006348,0
2026-08-05T07:30,8.140999794006348,8.145000457763672,8.138999938964844,8.145000457763672,0
2026-08-05T07:35,8.144000053405762,8.154999732971191,8.144000053405762,8.154999732971191,0
2026-08-05T07:40,8.154999732971191,8.157999992370605,8.149999618530273,8.149999618530273,0
2026-08-05T07:45,8.149999618530273,8.168000221252441,8.149999618530273,8.15999984741211,0
2026-08-05T07:50,8.15999984741211,8.15999984741211,8.154999732971191,8.154999732971191,0
2026-08-05T07:55,8.156999588012695,8.180000305175781,8.156999588012695,8.180000305175781,0
2026-08-05T08:00,8.182999610900879,8.194000244140625,8.182999610900879,8.194000244140625,0
2026-08-05T08:05,8.190999984741211,8.196000099182129,8.1899995803833,8.190999984741211,292000
2026-08-05T08:10,8.190999984741211,8.196999549865723,8.177000045776367,8.177000045776367,57664
2026-08-05T08:15,8.175000190734863,8.175000190734863,8.166999816894531,8.17300033569336,0
2026-08-05T08:20,8.175000190734863,8.184000015258789,8.175000190734863,8.184000015258789,0
2026-08-05T08:25,8.184000015258789,8.196999549865723,8.184000015258789,8.194999694824219,0
2026-08-05T08:30,8.194000244140625,8.194000244140625,8.187999725341797,8.1899995803833,0
2026-08-05T08:35,8.192000389099121,8.196000099182129,8.189000129699707,8.189000129699707,0
2026-08-05T08:40,8.189000129699707,8.190999984741211,8.178999900817871,8.182000160217285,0
2026-08-05T08:45,8.182999610900879,8.182999610900879,8.173999786376953,8.180999755859375,0
2026-08-05T08:50,8.180999755859375,8.180999755859375,8.173999786376953,8.173999786376953,0
2026-08-05T08:55,8.177000045776367,8.177000045776367,8.170999526977539,8.17300033569336,199360
2026-08-05T09:00,8.17300033569336,8.178000450134277,8.170999526977539,8.173999786376953,0
2026-08-05T09:05,8.173999786376953,8.180000305175781,8.173999786376953,8.178000450134277,0
2026-08-05T09:10,8.175000190734863,8.180999755859375,8.175000190734863,8.180999755859375,41952
2026-08-05T09:15,8.180999755859375,8.192999839782715,8.180999755859375,8.187999725341797,80032
2026-08-05T09:20,8.192999839782715,8.194000244140625,8.1850004196167,8.187000274658203,0
2026-08-05T09:25,8.189000129699707,8.1899995803833,8.182999610900879,8.185999870300293,81808
2026-08-05T09:30,8.185999870300293,8.192999839782715,8.185999870300293,8.190999984741211,0
2026-08-05T09:35,8.190999984741211,8.194999694824219,8.190999984741211,8.194999694824219,48704
2026-08-05T09:40,8.194999694824219,8.194999694824219,8.1899995803833,8.190999984741211,31920
2026-08-05T09:45,8.190999984741211,8.192999839782715,8.190999984741211,8.190999984741211,0
2026-08-05T09:50,8.190999984741211,8.194999694824219,8.190999984741211,8.192000389099121,0
2026-08-05T09:55,8.192000389099121,8.192000389099121,8.180000305175781,8.180000305175781,0
2026-08-05T10:00,8.178999900817871,8.180000305175781,8.175999641418457,8.178000450134277,0
2026-08-05T10:05,8.178999900817871,8.182000160217285,8.173999786376953,8.175999641418457,0
2026-08-05T10:10,8.173999786376953,8.173999786376953,8.15999984741211,8.164999961853027,0
2026-08-05T10:15,8.161999702453613,8.163999557495117,8.154000282287598,8.163999557495117,0
2026-08-05T10:20,8.163999557495117,8.168000221252441,8.154000282287598,8.166000366210938,0
2026-08-05T10:25,8.168000221252441,8.175000190734863,8.166999816894531,8.166999816894531,0
2026-08-05T10:30,8.163999557495117,8.163999557495117,8.157999992370605,8.157999992370605,0
2026-08-05T10:35,8.15999984741211,8.168999671936035,8.15999984741211,8.168999671936035,0
2026-08-05T10:40,8.170000076293945,8.177000045776367,8.168000221252441,8.168000221252441,0
2026-08-05T10:45,8.170000076293945,8.170000076293945,8.14799976348877,8.152999877929688,0
2026-08-05T10:50,8.154000282287598,8.157999992370605,8.137999534606934,8.137999534606934,0
2026-08-05T10:55,8.140999794006348,8.145999908447266,8.140999794006348,8.145000457763672,1100640
2026-08-05T11:00,8.140999794006348,8.157999992370605,8.140999794006348,8.157999992370605,0
2026-08-05T11:05,8.157999992370605,8.170999526977539,8.156999588012695,8.170999526977539,0
2026-08-05T11:10,8.170999526977539,8.17199993133545,8.163000106811523,8.166999816894531,0
2026-08-05T11:15,8.166999816894531,8.166999816894531,8.156999588012695,8.163000106811523,0
2026-08-05T11:20,8.164999961853027,8.168000221252441,8.164999961853027,8.168000221252441,0
2026-08-05T11:25,8.166999816894531,8.166999816894531,8.149999618530273,8.151000022888184,91312
2026-08-05T11:30,8.14799976348877,8.16100025177002,8.145999908447266,8.156000137329102,0
2026-08-05T11:35,8.154000282287598,8.157999992370605,8.149999618530273,8.154000282287598,0
2026-08-05T11:40,8.154000282287598,8.156999588012695,8.14900016784668,8.14900016784668,0
2026-08-05T11:45,8.14799976348877,8.14799976348877,8.137999534606934,8.145999908447266,229232
2026-08-05T11:50,8.144000053405762,8.144000053405762,8.13700008392334,8.140999794006348,554416
2026-08-05T11:55,8.140999794006348,8.147000312805176,8.140999794006348,8.145999908447266,0
2026-08-05T12:00,8.144000053405762,8.14799976348877,8.137999534606934,8.142999649047852,0
2026-08-05T12:05,8.140999794006348,8.154000282287598,8.140000343322754,8.154000282287598,268672
2026-08-05T12:10,8.166999816894531,8.168000221252441,8.152000427246094,8.156000137329102,642656
2026-08-05T12:15,8.156000137329102,8.196000099182129,8.152999877929688,8.194000244140625,158608
2026-08-05T12:20,8.192000389099121,8.217000007629395,8.192000389099121,8.204000473022461,1410960
2026-08-05T12:25,8.201000213623047,8.218999862670898,8.201000213623047,8.206999778747559,1403056
2026-08-05T12:30,8.211000442504883,8.211000442504883,8.184000015258789,8.1899995803833,275344
2026-08-05T12:35,8.187999725341797,8.196999549865723,8.187999725341797,8.1899995803833,0
2026-08-05T12:40,8.187999725341797,8.192000389099121,8.184000015258789,8.187000274658203,0
2026-08-05T12:45,8.182999610900879,8.189000129699707,8.175000190734863,8.184000015258789,0
2026-08-05T12:50,8.184000015258789,8.184000015258789,8.156999588012695,8.156999588012695,0
2026-08-05T12:55,8.161999702453613,8.168999671936035,8.16100025177002,8.164999961853027,202912
2026-08-05T13:00,8.166000366210938,8.17199993133545,8.161999702453613,8.161999702453613,0
2026-08-05T13:05,8.16100025177002,8.164999961853027,8.154999732971191,8.15999984741211,0
2026-08-05T13:10,8.157999992370605,8.157999992370605,8.128999710083008,8.144000053405762,273264
2026-08-05T13:15,8.144000053405762,8.14799976348877,8.140000343322754,8.145000457763672,62064
2026-08-05T13:20,8.145000457763672,8.145000457763672,8.135000228881836,8.135000228881836,0
2026-08-05T13:25,8.131999969482422,8.13700008392334,8.130000114440918,8.13700008392334,0
2026-08-05T13:30,8.128999710083008,8.131999969482422,8.07800006866455,8.081999778747559,0
2026-08-05T13:35,8.07800006866455,8.12399959564209,8.060999870300293,8.11400032043457,0
2026-08-05T13:40,8.107000350952148,8.12399959564209,8.104999542236328,8.116999626159668,1431808
2026-08-05T13:45,8.118000030517578,8.123000144958496,8.100000381469727,8.123000144958496,0
2026-08-05T13:50,8.12399959564209,8.152000427246094,8.109999656677246,8.131999969482422,0
2026-08-05T13:55,8.128999710083008,8.14900016784668,8.125,8.145000457763672,0
2026-08-05T14:00,8.145999908447266,8.14799976348877,8.131999969482422,8.140000343322754,0
2026-08-05T14:05,8.145999908447266,8.164999961853027,8.145999908447266,8.159000396728516,0
2026-08-05T14:10,8.163000106811523,8.170000076293945,8.156999588012695,8.163000106811523,0
2026-08-05T14:15,8.164999961853027,8.168999671936035,8.15999984741211,8.161999702453613,0
2026-08-05T14:20,8.159000396728516,8.159000396728516,8.131999969482422,8.13700008392334,0
2026-08-05T14:25,8.140000343322754,8.142000198364258,8.125,8.125,0
2026-08-05T14:30,8.119999885559082,8.137999534606934,8.11299991607666,8.119000434875488,0
2026-08-05T14:35,8.123000144958496,8.130000114440918,8.118000030517578,8.118000030517578,0
2026-08-05T14:40,8.116999626159668,8.133000373840332,8.11299991607666,8.131999969482422,0
2026-08-05T14:45,8.135000228881836,8.14799976348877,8.131999969482422,8.133999824523926,0
2026-08-05T14:50,8.138999938964844,8.140999794006348,8.114999771118164,8.135000228881836,0
2026-08-05T14:55,8.13599967956543,8.154000282287598,8.130999565124512,8.14799976348877,0
2026-08-05T15:00,8.147000312805176,8.170999526977539,8.147000312805176,8.166000366210938,0
2026-08-05T15:05,8.168999671936035,8.189000129699707,8.161999702453613,8.189000129699707,0
2026-08-05T15:10,8.194000244140625,8.199999809265137,8.17199993133545,8.17300033569336,991952
2026-08-05T15:15,8.17199993133545,8.17199993133545,8.145000457763672,8.159000396728516,9664
2026-08-05T15:20,8.159000396728516,8.16100025177002,8.147000312805176,8.152999877929688,714944
2026-08-05T15:25,8.14900016784668,8.157999992370605,8.145000457763672,8.145000457763672,0
2026-08-05T15:30,8.145000457763672,8.16100025177002,8.145000457763672,8.159000396728516,0
2026-08-05T15:35,8.157999992370605,8.166000366210938,8.145999908447266,8.156999588012695,0
2026-08-05T15:40,8.156999588012695,8.156999588012695,8.133999824523926,8.133999824523926,0
2026-08-05T15:45,8.133000373840332,8.137999534606934,8.121999740600586,8.13700008392334,28960
2026-08-05T15:50,8.137999534606934,8.137999534606934,8.116999626159668,8.116999626159668,0
2026-08-05T15:55,8.11299991607666,8.11400032043457,8.105999946594238,8.107000350952148,0
2026-08-05T16:00,8.104999542236328,8.119999885559082,8.10099983215332,8.116999626159668,0
2026-08-05T16:05,8.114999771118164,8.131999969482422,8.114999771118164,8.131999969482422,0
2026-08-05T16:10,8.133999824523926,8.156999588012695,8.133999824523926,8.156999588012695,0
2026-08-05T16:15,8.154999732971191,8.164999961853027,8.14900016784668,8.157999992370605,122128
2026-08-05T16:20,8.15999984741211,8.190999984741211,8.15999984741211,8.187000274658203,358768
2026-08-05T16:25,8.189000129699707,8.211999893188477,8.189000129699707,8.206000328063965,1102688
2026-08-05T16:30,8.206000328063965,8.21500015258789,8.192000389099121,8.196000099182129,468432
2026-08-05T16:35,8.196999549865723,8.197999954223633,8.185999870300293,8.196000099182129,474288
2026-08-05T16:40,8.194999694824219,8.196000099182129,8.1850004196167,8.185999870300293,0
2026-08-05T16:45,8.184000015258789,8.184000015258789,8.170999526977539,8.17199993133545,67232
2026-08-05T16:50,8.17199993133545,8.178999900817871,8.17199993133545,8.178999900817871,0
2026-08-05T16:55,8.177000045776367,8.194000244140625,8.177000045776367,8.194000244140625,227840
2026-08-05T17:00,8.194000244140625,8.20199966430664,8.192000389099121,8.192999839782715,0
2026-08-05T17:05,8.190999984741211,8.192000389099121,8.180999755859375,8.180999755859375,0
2026-08-05T17:10,8.180000305175781,8.194000244140625,8.178000450134277,8.185999870300293,0
2026-08-05T17:15,8.182000160217285,8.1850004196167,8.177000045776367,8.184000015258789,0
2026-08-05T17:20,8.180999755859375,8.180999755859375,8.170000076293945,8.17199993133545,0
2026-08-05T17:25,8.17199993133545,8.178000450134277,8.170000076293945,8.175000190734863,432912
2026-08-05T17:30,8.17300033569336,8.180000305175781,8.17199993133545,8.17300033569336,0
2026-08-05T17:35,8.17300033569336,8.21399974822998,8.17300033569336,8.213000297546387,107424
2026-08-05T17:40,8.215999603271484,8.222999572753906,8.208000183105469,8.213000297546387,1094224
2026-08-05T17:45,8.21500015258789,8.223999977111816,8.210000038146973,8.223999977111816,625312
2026-08-05T17:50,8.223999977111816,8.23900032043457,8.220999717712402,8.232000350952148,523008
2026-08-05T17:55,8.234000205993652,8.236000061035156,8.229000091552734,8.232999801635742,514000
2026-08-05T18:00,8.230999946594238,8.234000205993652,8.223999977111816,8.232999801635742,167472
2026-08-05T18:05,8.229000091552734,8.232999801635742,8.220999717712402,8.222999572753906,194000
2026-08-05T18:10,8.222999572753906,8.239999771118164,8.222999572753906,8.23900032043457,0
2026-08-05T18:15,8.239999771118164,8.244000434875488,8.22700023651123,8.22700023651123,22912
2026-08-05T18:20,8.225000381469727,8.246000289916992,8.218000411987305,8.218000411987305,0
2026-08-05T18:25,8.217000007629395,8.220999717712402,8.211000442504883,8.21399974822998,0
2026-08-05T18:30,8.213000297546387,8.213000297546387,8.204000473022461,8.208000183105469,125712
2026-08-05T18:35,8.208999633789062,8.222999572753906,8.208999633789062,8.222999572753906,0
2026-08-05T18:40,8.225000381469727,8.229000091552734,8.218999862670898,8.229000091552734,191488
2026-08-05T18:45,8.230999946594238,8.230999946594238,8.210000038146973,8.210000038146973,190608
2026-08-05T18:50,8.210000038146973,8.21500015258789,8.201000213623047,8.201000213623047,196240
2026-08-05T18:55,8.201000213623047,8.210000038146973,8.199000358581543,8.210000038146973,103264
2026-08-05T19:00,8.210000038146973,8.215999603271484,8.204000473022461,8.215999603271484,254208
2026-08-05T19:05,8.218999862670898,8.222000122070312,8.211999893188477,8.21399974822998,364688
2026-08-05T19:10,8.208999633789062,8.211999893188477,8.204999923706055,8.210000038146973,105696
2026-08-05T19:15,8.210000038146973,8.210000038146973,8.199999809265137,8.201000213623047,3904
2026-08-05T19:20,8.20199966430664,8.213000297546387,8.201000213623047,8.206999778747559,0
2026-08-05T19:25,8.206999778747559,8.210000038146973,8.204999923706055,8.204999923706055,240784
2026-08-05T19:30,8.208000183105469,8.211000442504883,8.192999839782715,8.192999839782715,278336
2026-08-05T19:35,8.192999839782715,8.204000473022461,8.192000389099121,8.20199966430664,432304
2026-08-05T19:40,8.20300006866455,8.206000328063965,8.20199966430664,8.20300006866455,0
2026-08-05T19:45,8.20300006866455,8.204999923706055,8.194000244140625,8.194999694824219,0
2026-08-05T19:50,8.196999549865723,8.199000358581543,8.192999839782715,8.194999694824219,0
2026-08-05T19:55,8.196000099182129,8.196000099182129,8.178999900817871,8.180000305175781,1230208
2026-08-05T20:00,8.180999755859375,8.182000160217285,8.170000076293945,8.182000160217285,0
2026-08-05T20:05,8.184000015258789,8.184000015258789,8.170000076293945,8.182999610900879,475536
2026-08-05T20:10,8.184000015258789,8.204999923706055,8.184000015258789,8.20300006866455,59328
2026-08-05T20:15,8.20199966430664,8.206000328063965,8.194999694824219,8.194999694824219,0
2026-08-05T20:20,8.194000244140625,8.217000007629395,8.192000389099121,8.20199966430664,0
2026-08-05T20:25,8.199000358581543,8.20300006866455,8.196000099182129,8.20199966430664,0
2026-08-05T20:30,8.201000213623047,8.20300006866455,8.194999694824219,8.197999954223633,45264
2026-08-05T20:35,8.196999549865723,8.201000213623047,8.196000099182129,8.199000358581543,179728
2026-08-05T20:40,8.199999809265137,8.210000038146973,8.199999809265137,8.208000183105469,0
2026-08-05T20:45,8.208999633789062,8.210000038146973,8.196999549865723,8.197999954223633,0
2026-08-05T20:50,8.197999954223633,8.201000213623047,8.196999549865723,8.199000358581543,0
2026-08-05T20:55,8.196000099182129,8.196000099182129,8.187000274658203,8.187000274658203,186832
2026-08-05T21:00,8.185999870300293,8.185999870300293,8.168000221252441,8.175000190734863,0
2026-08-05T21:05,8.175999641418457,8.177000045776367,8.168999671936035,8.173999786376953,0
2026-08-05T21:10,8.173999786376953,8.180000305175781,8.17300033569336,8.178000450134277,0
2026-08-05T21:15,8.178000450134277,8.178999900817871,8.170000076293945,8.170000076293945,124416
2026-08-05T21:20,8.170000076293945,8.170000076293945,8.152000427246094,8.156000137329102,375216
2026-08-05T21:25,8.156000137329102,8.157999992370605,8.14799976348877,8.14900016784668,24944
2026-08-05T21:30,8.140000343322754,8.147000312805176,8.128000259399414,8.142999649047852,1507872
2026-08-05T21:35,8.145000457763672,8.147000312805176,8.137999534606934,8.142999649047852,466464
2026-08-05T21:40,8.14799976348877,8.154999732971191,8.147000312805176,8.147000312805176,181456
2026-08-05T21:45,8.147000312805176,8.147000312805176,8.144000053405762,8.147000312805176,0
2026-08-05T21:50,8.147000312805176,8.151000022888184,8.142999649047852,8.142999649047852,0
2026-08-05T21:55,8.142999649047852,8.156000137329102,8.142999649047852,8.152000427246094,0
2026-08-05T22:00,8.149999618530273,8.157999992370605,8.145000457763672,8.152000427246094,0
2026-08-05T22:05,8.152000427246094,8.159000396728516,8.14799976348877,8.154999732971191,0
2026-08-05T22:10,8.154999732971191,8.163999557495117,8.145999908447266,8.14799976348877,0
2026-08-05T22:15,8.14799976348877,8.159000396728516,8.147000312805176,8.157999992370605,0
2026-08-05T22:20,8.157999992370605,8.157999992370605,8.151000022888184,8.154000282287598,198912
2026-08-05T22:25,8.152999877929688,8.154999732971191,8.145000457763672,8.154999732971191,21904
2026-08-05T22:30,8.156999588012695,8.161999702453613,8.154000282287598,8.15999984741211,0
2026-08-05T22:35,8.159000396728516,8.15999984741211,8.152000427246094,8.157999992370605,206672
2026-08-05T22:40,8.152999877929688,8.156000137329102,8.152000427246094,8.156000137329102,22400
2026-08-05T22:45,8.156000137329102,8.156000137329102,8.145999908447266,8.147000312805176,0
2026-08-05T22:50,8.14799976348877,8.152000427246094,8.145999908447266,8.14799976348877,947232
2026-08-05T22:55,8.14799976348877,8.149999618530273,8.140999794006348,8.142000198364258,14224
2026-08-05T23:00,8.135000228881836,8.135000228881836,8.12600040435791,8.128999710083008,29712
2026-08-05T23:05,8.12600040435791,8.13599967956543,8.121999740600586,8.13599967956543,0
2026-08-05T23:10,8.13599967956543,8.142999649047852,8.13599967956543,8.140999794006348,0
2026-08-05T23:15,8.140999794006348,8.142000198364258,8.137999534606934,8.140000343322754,0
2026-08-05T23:20,8.140000343322754,8.14799976348877,8.140000343322754,8.145000457763672,0
2026-08-05T23:25,8.145000457763672,8.152999877929688,8.145000457763672,8.14799976348877,0
2026-08-05T23:30,8.145999908447266,8.154000282287598,8.145999908447266,8.151000022888184,0
2026-08-05T23:35,8.151000022888184,8.161999702453613,8.151000022888184,8.161999702453613,0
2026-08-05T23:40,8.159000396728516,8.16100025177002,8.152000427246094,8.152000427246094,0
2026-08-05T23:45,8.149999618530273,8.152999877929688,8.140000343322754,8.152999877929688,0
2026-08-05T23:50,8.151000022888184,8.156999588012695,8.151000022888184,8.152999877929688,162528
2026-08-05T23:55,8.152999877929688,8.154999732971191,8.14799976348877,8.154000282287598,0
2026-08-06T00:00,8.154000282287598,8.163000106811523,8.151000022888184,8.163000106811523,0
2026-08-06T00:05,8.163000106811523,8.170000076293945,8.161999702453613,8.163999557495117,0
2026-08-06T00:10,8.163000106811523,8.168000221252441,8.161999702453613,8.166000366210938,0
2026-08-06T00:15,8.163000106811523,8.178999900817871,8.163000106811523,8.178999900817871,0
2026-08-06T00:20,8.182000160217285,8.185999870300293,8.177000045776367,8.185999870300293,154176
2026-08-06T00:25,8.184000015258789,8.185999870300293,8.175000190734863,8.175999641418457,169408
2026-08-06T00:30,8.175000190734863,8.175000190734863,8.164999961853027,8.166999816894531,0
2026-08-06T00:35,8.166999816894531,8.166999816894531,8.159000396728516,8.159000396728516,505072
2026-08-06T00:40,8.159000396728516,8.16100025177002,8.149999618530273,8.151000022888184,0
2026-08-06T00:45,8.152000427246094,8.163000106811523,8.14799976348877,8.163000106811523,0
2026-08-06T00:50,8.16100025177002,8.170999526977539,8.156999588012695,8.168999671936035,0
2026-08-06T00:55,8.170000076293945,8.175999641418457,8.163999557495117,8.163999557495117,0
2026-08-06T01:00,8.164999961853027,8.173999786376953,8.163999557495117,8.170000076293945,0
2026-08-06T01:05,8.166000366210938,8.166999816894531,8.16100025177002,8.163999557495117,0
2026-08-06T01:10,8.166000366210938,8.170000076293945,8.157999992370605,8.168000221252441,0
2026-08-06T01:15,8.163999557495117,8.170999526977539,8.157999992370605,8.163000106811523,0
2026-08-06T01:20,8.163000106811523,8.163000106811523,8.159000396728516,8.16100025177002,0
2026-08-06T01:25,8.156000137329102,8.156000137329102,8.142000198364258,8.142000198364258,0
2026-08-06T01:30,8.13700008392334,8.144000053405762,8.125,8.13700008392334,0
2026-08-06T01:35,8.133000373840332,8.13700008392334,8.130999565124512,8.130999565124512,0
2026-08-06T01:40,8.130000114440918,8.135000228881836,8.128000259399414,8.130999565124512,0
2026-08-06T01:45,8.128000259399414,8.149999618530273,8.128000259399414,8.14799976348877,0
2026-08-06T01:50,8.147000312805176,8.147000312805176,8.130000114440918,8.130000114440918,0
2026-08-06T01:55,8.130000114440918,8.133999824523926,8.121999740600586,8.125,0
2026-08-06T02:00,8.114999771118164,8.130000114440918,8.114999771118164,8.12600040435791,534416
2026-08-06T02:05,8.126999855041504,8.130999565124512,8.121999740600586,8.130000114440918,0
2026-08-06T02:10,8.130000114440918,8.145000457763672,8.119999885559082,8.121000289916992,71968
2026-08-06T02:15,8.119999885559082,8.123000144958496,8.092000007629395,8.095000267028809,167488
2026-08-06T02:20,8.097000122070312,8.104999542236328,8.093999862670898,8.102999687194824,686832
2026-08-06T02:25,8.098999977111816,8.10200023651123,8.093000411987305,8.097000122070312,0
2026-08-06T02:30,8.095000267028809,8.107000350952148,8.092000007629395,8.104000091552734,157824
2026-08-06T02:35,8.107999801635742,8.109000205993652,8.095000267028809,8.10099983215332,177296
2026-08-06T02:40,8.102999687194824,8.112000465393066,8.102999687194824,8.112000465393066,87552
2026-08-06T02:45,8.112000465393066,8.118000030517578,8.105999946594238,8.109999656677246,131552
2026-08-06T02:50,8.107999801635742,8.112000465393066,8.107999801635742,8.107999801635742,0
2026-08-06T02:55,8.109000205993652,8.111000061035156,8.105999946594238,8.107000350952148,0
2026-08-06T03:00,8.105999946594238,8.105999946594238,8.093999862670898,8.105999946594238,0
2026-08-06T03:05,8.107000350952148,8.112000465393066,8.104000091552734,8.109000205993652,0
2026-08-06T03:10,8.109999656677246,8.121000289916992,8.109999656677246,8.121000289916992,0
2026-08-06T03:15,8.121000289916992,8.121000289916992,8.109999656677246,8.111000061035156,0
2026-08-06T03:20,8.111000061035156,8.11400032043457,8.109000205993652,8.109000205993652,0
2026-08-06T03:25,8.109000205993652,8.119000434875488,8.104000091552734,8.119000434875488,0
2026-08-06T03:30,8.119000434875488,8.121999740600586,8.109999656677246,8.116999626159668,0
2026-08-06T03:35,8.116000175476074,8.119000434875488,8.114999771118164,8.116000175476074,0
2026-08-06T03:40,8.116000175476074,8.116000175476074,8.105999946594238,8.107000350952148,0
2026-08-06T03:45,8.104999542236328,8.11299991607666,8.104000091552734,8.112000465393066,81472
2026-08-06T03:50,8.107999801635742,8.112000465393066,8.104000091552734,8.104000091552734,0
2026-08-06T03:55,8.098999977111816,8.107000350952148,8.097000122070312,8.104999542236328,68896
2026-08-06T04:00,8.109000205993652,8.109999656677246,8.097999572753906,8.098999977111816,0
2026-08-06T04:05,8.10200023651123,8.118000030517578,8.10200023651123,8.118000030517578,106640
2026-08-06T04:10,8.119999885559082,8.126999855041504,8.114999771118164,8.126999855041504,0
2026-08-06T04:15,8.126999855041504,8.144000053405762,8.126999855041504,8.142999649047852,132624
2026-08-06T04:20,8.142999649047852,8.170999526977539,8.142999649047852,8.161999702453613,475040
2026-08-06T04:25,8.161999702453613,8.170999526977539,8.161999702453613,8.163999557495117,557456
2026-08-06T04:30,8.163000106811523,8.180999755859375,8.163000106811523,8.168999671936035,314496
2026-08-06T04:35,8.170000076293945,8.180000305175781,8.163000106811523,8.163000106811523,276880
2026-08-06T04:40,8.163999557495117,8.170999526977539,8.163999557495117,8.170000076293945,242128
2026-08-06T04:45,8.168999671936035,8.168999671936035,8.157999992370605,8.163999557495117,367824
2026-08-06T04:50,8.163999557495117,8.17300033569336,8.163999557495117,8.17300033569336,384240
2026-08-06T04:55,8.170999526977539,8.182000160217285,8.170999526977539,8.180000305175781,139472
2026-08-06T05:00,8.180000305175781,8.192000389099121,8.180000305175781,8.185999870300293,347520
2026-08-06T05:05,8.187000274658203,8.213000297546387,8.187000274658203,8.206000328063965,803856
2026-08-06T05:10,8.204999923706055,8.208999633789062,8.20199966430664,8.208000183105469,339184
2026-08-06T05:15,8.208000183105469,8.218999862670898,8.208000183105469,8.210000038146973,694464
2026-08-06T05:20,8.208000183105469,8.211000442504883,8.206000328063965,8.211000442504883,808800
2026-08-06T05:25,8.211000442504883,8.211000442504883,8.1899995803833,8.1899995803833,598240
2026-08-06T05:30,8.189000129699707,8.190999984741211,8.180000305175781,8.182999610900879,5440
2026-08-06T05:35,8.182999610900879,8.189000129699707,8.17300033569336,8.178000450134277,0
2026-08-06T05:40,8.178000450134277,8.1850004196167,8.178000450134277,8.1850004196167,45424
2026-08-06T05:45,8.1850004196167,8.1850004196167,8.173999786376953,8.173999786376953,12800
2026-08-06T05:50,8.173999786376953,8.178999900817871,8.173999786376953,8.175999641418457,110800
2026-08-06T05:55,8.173999786376953,8.187999725341797,8.173999786376953,8.187999725341797,119376
2026-08-06T06:00,8.1850004196167,8.187999725341797,8.180000305175781,8.187999725341797,0
2026-08-06T06:05,8.187000274658203,8.187999725341797,8.178000450134277,8.180000305175781,0
2026-08-06T06:10,8.180000305175781,8.180000305175781,8.175000190734863,8.175000190734863,0
2026-08-06T06:15,8.175999641418457,8.178000450134277,8.163999557495117,8.166000366210938,0
2026-08-06T06:20,8.166999816894531,8.190999984741211,8.166999816894531,8.190999984741211,439680
2026-08-06T06:25,8.1899995803833,8.1899995803833,8.184000015258789,8.184000015258789,128512
2026-08-06T06:30,8.184000015258789,8.1899995803833,8.178000450134277,8.1899995803833,0
2026-08-06T06:35,8.1899995803833,8.190999984741211,8.185999870300293,8.1899995803833,0
2026-08-06T06:40,8.190999984741211,8.192000389099121,8.187000274658203,8.192000389099121,0
2026-08-06T06:45,8.192999839782715,8.196999549865723,8.192999839782715,8.194000244140625,6160
2026-08-06T06:50,8.194000244140625,8.194000244140625,8.187000274658203,8.187000274658203,1762544
2026-08-06T06:55,8.187000274658203,8.190999984741211,8.187000274658203,8.190999984741211,263296
2026-08-06T07:00,8.192000389099121,8.192000389099121,8.184000015258789,8.184000015258789,312016
2026-08-06T07:05,8.185999870300293,8.187000274658203,8.182000160217285,8.184000015258789,0
2026-08-06T07:10,8.180999755859375,8.192999839782715,8.180000305175781,8.192999839782715,0
2026-08-06T07:15,8.192999839782715,8.192999839782715,8.182999610900879,8.189000129699707,0
2026-08-06T07:20,8.189000129699707,8.192999839782715,8.187999725341797,8.190999984741211,0
2026-08-06T07:25,8.1899995803833,8.1899995803833,8.182000160217285,8.182000160217285,0
2026-08-06T07:30,8.182000160217285,8.187000274658203,8.180000305175781,8.187000274658203,40624
2026-08-06T07:35,8.187999725341797,8.189000129699707,8.184000015258789,8.1850004196167,87504
2026-08-06T07:40,8.1850004196167,8.185999870300293,8.178999900817871,8.180000305175781,77088
2026-08-06T07:45,8.180000305175781,8.182999610900879,8.180000305175781,8.182000160217285,0
2026-08-06T07:50,8.182000160217285,8.184000015258789,8.180000305175781,8.184000015258789,0
2026-08-06T07:55,8.185999870300293,8.189000129699707,8.180000305175781,8.180000305175781,238048
2026-08-06T08:00,8.182000160217285,8.185999870300293,8.175999641418457,8.182000160217285,0
2026-08-06T08:05,8.182000160217285,8.1850004196167,8.177000045776367,8.177000045776367,164672
2026-08-06T08:10,8.177000045776367,8.178000450134277,8.17300033569336,8.17300033569336,0
2026-08-06T08:15,8.170999526977539,8.173999786376953,8.166999816894531,8.168000221252441,0
2026-08-06T08:20,8.168999671936035,8.178000450134277,8.168000221252441,8.17300033569336,0
2026-08-06T08:25,8.173999786376953,8.182999610900879,8.173999786376953,8.182999610900879,76800
2026-08-06T08:30,8.182999610900879,8.192000389099121,8.182999610900879,8.187999725341797,154304
2026-08-06T08:35,8.185999870300293,8.185999870300293,8.175999641418457,8.178999900817871,194768
2026-08-06T08:40,8.180000305175781,8.190999984741211,8.180000305175781,8.184000015258789,267824
2026-08-06T08:45,8.182999610900879,8.1850004196167,8.180999755859375,8.182000160217285,0
2026-08-06T08:50,8.182999610900879,8.194000244140625,8.180000305175781,8.185999870300293,0
2026-08-06T08:55,8.1850004196167,8.190999984741211,8.184000015258789,8.184000015258789,213904
2026-08-06T09:00,8.182000160217285,8.182000160217285,8.175000190734863,8.175000190734863,0
2026-08-06T09:05,8.173999786376953,8.173999786376953,8.133999824523926,8.142999649047852,8832
2026-08-06T09:10,8.145000457763672,8.145000457763672,8.097999572753906,8.109000205993652,2048544
2026-08-06T09:15,8.092000007629395,8.095999717712402,8.069000244140625,8.095999717712402,3687840
2026-08-06T09:20,8.097000122070312,8.105999946594238,8.097000122070312,8.10099983215332,3084208
2026-08-06T09:25,8.10200023651123,8.112000465393066,8.10099983215332,8.109999656677246,652704
2026-08-06T09:30,8.107999801635742,8.107999801635742,8.079000473022461,8.095999717712402,623904
2026-08-06T09:35,8.097000122070312,8.102999687194824,8.095999717712402,8.10099983215332,1467248
2026-08-06T09:40,8.10099983215332,8.104000091552734,8.060999870300293,8.064000129699707,566976
2026-08-06T09:45,8.062000274658203,8.079000473022461,8.0600004196167,8.079000473022461,1379872
2026-08-06T09:50,8.07800006866455,8.09000015258789,8.076000213623047,8.09000015258789,1126976
2026-08-06T09:55,8.09000015258789,8.095999717712402,8.088000297546387,8.093000411987305,433904
2026-08-06T10:00,8.090999603271484,8.093000411987305,8.076000213623047,8.086000442504883,54160
2026-08-06T10:05,8.081999778747559,8.090999603271484,8.081000328063965,8.088000297546387,147648
2026-08-06T10:10,8.088000297546387,8.088000297546387,8.076000213623047,8.076000213623047,98704
2026-08-06T10:15,8.076000213623047,8.095000267028809,8.072999954223633,8.095000267028809,64928
2026-08-06T10:20,8.098999977111816,8.098999977111816,8.09000015258789,8.093000411987305,233424
2026-08-06T10:25,8.093000411987305,8.097000122070312,8.090999603271484,8.093999862670898,0
2026-08-06T10:30,8.093999862670898,8.097999572753906,8.093000411987305,8.093000411987305,13728
2026-08-06T10:35,8.095000267028809,8.095000267028809,8.086999893188477,8.08899974822998,131584
2026-08-06T10:40,8.09000015258789,8.09000015258789,8.081000328063965,8.081999778747559,0
2026-08-06T10:45,8.081999778747559,8.086000442504883,8.07699966430664,8.083999633789062,0
2026-08-06T10:50,8.086000442504883,8.086000442504883,8.079999923706055,8.079999923706055,0
2026-08-06T10:55,8.079000473022461,8.085000038146973,8.079000473022461,8.085000038146973,0
2026-08-06T11:00,8.08899974822998,8.093000411987305,8.083999633789062,8.093000411987305,0
2026-08-06T11:05,8.090999603271484,8.105999946594238,8.085000038146973,8.105999946594238,2105504
2026-08-06T11:10,8.105999946594238,8.118000030517578,8.105999946594238,8.116000175476074,942064
2026-08-06T11:15,8.119999885559082,8.13599967956543,8.119999885559082,8.130999565124512,520912
2026-08-06T11:20,8.133000373840332,8.138999938964844,8.133000373840332,8.133000373840332,240176
2026-08-06T11:25,8.133000373840332,8.13599967956543,8.130000114440918,8.133000373840332,127856
2026-08-06T11:30,8.135000228881836,8.144000053405762,8.135000228881836,8.142000198364258,0
2026-08-06T11:35,8.142999649047852,8.163000106811523,8.142000198364258,8.157999992370605,98224
2026-08-06T11:40,8.157999992370605,8.178000450134277,8.156000137329102,8.17199993133545,573456
2026-08-06T11:45,8.170000076293945,8.170000076293945,8.149999618530273,8.154000282287598,735200
2026-08-06T11:50,8.156000137329102,8.156999588012695,8.145000457763672,8.14799976348877,392416
2026-08-06T11:55,8.14900016784668,8.154000282287598,8.145000457763672,8.151000022888184,77744
2026-08-06T12:00,8.152999877929688,8.152999877929688,8.140999794006348,8.145000457763672,0
2026-08-06T12:05,8.140999794006348,8.142000198364258,8.133999824523926,8.133999824523926,0
2026-08-06T12:10,8.13700008392334,8.138999938964844,8.131999969482422,8.133999824523926,0
2026-08-06T12:15,8.13599967956543,8.138999938964844,8.130000114440918,8.130999565124512,2768
2026-08-06T12:20,8.133000373840332,8.151000022888184,8.133000373840332,8.151000022888184,0
2026-08-06T12:25,8.151000022888184,8.151000022888184,8.14799976348877,8.151000022888184,0
2026-08-06T12:30,8.151000022888184,8.152999877929688,8.138999938964844,8.138999938964844,0
2026-08-06T12:35,8.137999534606934,8.152999877929688,8.13700008392334,8.152999877929688,0
2026-08-06T12:40,8.152999877929688,8.152999877929688,8.138999938964844,8.140000343322754,0
2026-08-06T12:45,8.137999534606934,8.140999794006348,8.13599967956543,8.137999534606934,0
2026-08-06T12:50,8.140000343322754,8.140000343322754,8.125,8.125,78144
2026-08-06T12:55,8.130999565124512,8.130999565124512,8.114999771118164,8.121999740600586,484240
2026-08-06T13:00,8.119999885559082,8.130999565124512,8.119999885559082,8.12399959564209,0
2026-08-06T13:05,8.12399959564209,8.12399959564209,8.10099983215332,8.10099983215332,185072
2026-08-06T13:10,8.100000381469727,8.112000465393066,8.097999572753906,8.112000465393066,42944
2026-08-06T13:15,8.109999656677246,8.119999885559082,8.107000350952148,8.107000350952148,263680
2026-08-06T13:20,8.105999946594238,8.112000465393066,8.098999977111816,8.10200023651123,131440
2026-08-06T13:25,8.098999977111816,8.11299991607666,8.093999862670898,8.11299991607666,241648
2026-08-06T13:30,8.11400032043457,8.11400032043457,8.098999977111816,8.111000061035156,0
2026-08-06T13:35,8.114999771118164,8.128000259399414,8.104000091552734,8.128000259399414,0
2026-08-06T13:40,8.12600040435791,8.13700008392334,8.12600040435791,8.130999565124512,0
2026-08-06T13:45,8.130000114440918,8.13599967956543,8.121000289916992,8.13599967956543,0
2026-08-06T13:50,8.133999824523926,8.133999824523926,8.12600040435791,8.126999855041504,0
2026-08-06T13:55,8.128999710083008,8.140999794006348,8.128999710083008,8.13700008392334,0
2026-08-06T14:00,8.135000228881836,8.149999618530273,8.131999969482422,8.145000457763672,0
2026-08-06T14:05,8.14900016784668,8.154000282287598,8.14900016784668,8.14900016784668,0
2026-08-06T14:10,8.151000022888184,8.166000366210938,8.151000022888184,8.156000137329102,0
2026-08-06T14:15,8.152000427246094,8.15999984741211,8.144000053405762,8.144000053405762,263456
2026-08-06T14:20,8.147000312805176,8.168999671936035,8.147000312805176,8.16100025177002,443296
2026-08-06T14:25,8.16100025177002,8.163000106811523,8.149999618530273,8.151000022888184,272528
2026-08-06T14:30,8.145999908447266,8.166999816894531,8.142999649047852,8.166999816894531,0
2026-08-06T14:35,8.173999786376953,8.192000389099121,8.173999786376953,8.182999610900879,506720
2026-08-06T14:40,8.187000274658203,8.236000061035156,8.184000015258789,8.218999862670898,377936
2026-08-06T14:45,8.218000411987305,8.225000381469727,8.201000213623047,8.201000213623047,1754592
2026-08-06T14:50,8.201000213623047,8.204000473022461,8.1899995803833,8.196999549865723,0
2026-08-06T14:55,8.196999549865723,8.211999893188477,8.196999549865723,8.206999778747559,0
2026-08-06T15:00,8.208000183105469,8.22599983215332,8.208000183105469,8.211999893188477,0
2026-08-06T15:05,8.21399974822998,8.227999687194824,8.208999633789062,8.223999977111816,32320
2026-08-06T15:10,8.22700023651123,8.232000350952148,8.220000267028809,8.220999717712402,0
2026-08-06T15:15,8.220999717712402,8.236000061035156,8.213000297546387,8.213000297546387,0
2026-08-06T15:20,8.213000297546387,8.232999801635742,8.213000297546387,8.22599983215332,0
2026-08-06T15:25,8.22599983215332,8.232999801635742,8.220999717712402,8.232999801635742,0
2026-08-06T15:30,8.234000205993652,8.255000114440918,8.234000205993652,8.243000030517578,141920
2026-08-06T15:35,8.243000030517578,8.251999855041504,8.234000205993652,8.244000434875488,950576
2026-08-06T15:40,8.23799991607666,8.244999885559082,8.223999977111816,8.230999946594238,393568
2026-08-06T15:45,8.22700023651123,8.258999824523926,8.22700023651123,8.258999824523926,0
2026-08-06T15:50,8.26200008392334,8.265000343322754,8.22700023651123,8.22700023651123,381216
2026-08-06T15:55,8.225000381469727,8.232000350952148,8.217000007629395,8.217000007629395,134240
2026-08-06T16:00,8.220999717712402,8.234999656677246,8.21500015258789,8.234999656677246,0
2026-08-06T16:05,8.234999656677246,8.237000465393066,8.223999977111816,8.237000465393066,147168
2026-08-06T16:10,8.23900032043457,8.241000175476074,8.204999923706055,8.208999633789062,159280
2026-08-06T16:15,8.21399974822998,8.236000061035156,8.208999633789062,8.236000061035156,0
2026-08-06T16:20,8.232999801635742,8.23799991607666,8.225000381469727,8.237000465393066,0
2026-08-06T16:25,8.23799991607666,8.243000030517578,8.22599983215332,8.234000205993652,0
2026-08-06T16:30,8.234999656677246,8.248000144958496,8.234000205993652,8.246999740600586,0
2026-08-06T16:35,8.244000434875488,8.24899959564209,8.237000465393066,8.23799991607666,0
2026-08-06T16:40,8.241000175476074,8.253000259399414,8.239999771118164,8.25,1460480
2026-08-06T16:45,8.25,8.255999565124512,8.23799991607666,8.255999565124512,1123456
2026-08-06T16:50,8.258000373840332,8.26099967956543,8.225000381469727,8.225000381469727,2388784
2026-08-06T16:55,8.22599983215332,8.237000465393066,8.222999572753906,8.237000465393066,472880
2026-08-06T17:00,8.23799991607666,8.26099967956543,8.237000465393066,8.260000228881836,0
2026-08-06T17:05,8.26099967956543,8.279999732971191,8.258999824523926,8.270999908447266,694944
2026-08-06T17:10,8.274999618530273,8.281000137329102,8.270000457763672,8.270000457763672,784912
2026-08-06T17:15,8.267000198364258,8.27400016784668,8.258999824523926,8.27400016784668,650496
2026-08-06T17:20,8.27299976348877,8.291999816894531,8.267999649047852,8.272000312805176,494752
2026-08-06T17:25,8.272000312805176,8.291000366210938,8.272000312805176,8.289999961853027,516016
2026-08-06T17:30,8.289999961853027,8.333000183105469,8.286999702453613,8.315999984741211,1082944
2026-08-06T17:35,8.3149995803833,8.317999839782715,8.281000137329102,8.281000137329102,1710720
2026-08-06T17:40,8.281999588012695,8.295000076293945,8.277000427246094,8.289999961853027,0
2026-08-06T17:45,8.289999961853027,8.312000274658203,8.289999961853027,8.303000450134277,322144
2026-08-06T17:50,8.303000450134277,8.317000389099121,8.300999641418457,8.3100004196167,207008
2026-08-06T17:55,8.309000015258789,8.329000473022461,8.309000015258789,8.32800006866455,0
2026-08-06T18:00,8.326000213623047,8.326000213623047,8.286999702453613,8.300000190734863,0
2026-08-06T18:05,8.29800033569336,8.29800033569336,8.28499984741211,8.288999557495117,450624
2026-08-06T18:10,8.288999557495117,8.303000450134277,8.276000022888184,8.303000450134277,397568
2026-08-06T18:15,8.302000045776367,8.309000015258789,8.288000106811523,8.305000305175781,458880
2026-08-06T18:20,8.305999755859375,8.312000274658203,8.286999702453613,8.286999702453613,881984
2026-08-06T18:25,8.286999702453613,8.288999557495117,8.27400016784668,8.276000022888184,100480
2026-08-06T18:30,8.27400016784668,8.276000022888184,8.25,8.25,0
2026-08-06T18:35,8.24899959564209,8.253000259399414,8.243000030517578,8.244000434875488,737568
2026-08-06T18:40,8.243000030517578,8.25,8.241999626159668,8.246000289916992,416928
2026-08-06T18:45,8.248000144958496,8.260000228881836,8.241999626159668,8.241999626159668,53840
2026-08-06T18:50,8.241000175476074,8.25,8.22700023651123,8.229000091552734,224608
2026-08-06T18:55,8.22700023651123,8.244000434875488,8.225000381469727,8.241999626159668,31664
2026-08-06T19:00,8.244999885559082,8.253999710083008,8.232999801635742,8.239999771118164,0
2026-08-06T19:05,8.241000175476074,8.244000434875488,8.227999687194824,8.244000434875488,1007200
2026-08-06T19:10,8.244000434875488,8.244000434875488,8.236000061035156,8.23799991607666,178032
2026-08-06T19:15,8.234999656677246,8.234999656677246,8.223999977111816,8.22599983215332,224048
2026-08-06T19:20,8.225000381469727,8.239999771118164,8.225000381469727,8.230999946594238,327360
2026-08-06T19:25,8.22599983215332,8.229999542236328,8.215999603271484,8.215999603271484,0
2026-08-06T19:30,8.218000411987305,8.222999572753906,8.192999839782715,8.210000038146973,0
2026-08-06T19:35,8.208999633789062,8.208999633789062,8.196999549865723,8.208999633789062,1754592
2026-08-06T19:40,8.208000183105469,8.213000297546387,8.204000473022461,8.206999778747559,852144
2026-08-06T19:45,8.206999778747559,8.211000442504883,8.199999809265137,8.204000473022461,275648
2026-08-06T19:50,8.199000358581543,8.20300006866455,8.184000015258789,8.199000358581543,150256
2026-08-06T19:55,8.20199966430664,8.208000183105469,8.190999984741211,8.192000389099121,344480
2026-08-06T20:00,8.1899995803833,8.215999603271484,8.1899995803833,8.215999603271484,0
2026-08-06T20:05,8.215999603271484,8.220999717712402,8.210000038146973,8.210000038146973,0
2026-08-06T20:10,8.206999778747559,8.210000038146973,8.201000213623047,8.204999923706055,0
2026-08-06T20:15,8.206000328063965,8.208999633789062,8.199999809265137,8.206999778747559,0
2026-08-06T20:20,8.206999778747559,8.208000183105469,8.199000358581543,8.199999809265137,3104
2026-08-06T20:25,8.199000358581543,8.199000358581543,8.187999725341797,8.192000389099121,395072
2026-08-06T20:30,8.189000129699707,8.199000358581543,8.184000015258789,8.199000358581543,309424
2026-08-06T20:35,8.199000358581543,8.21500015258789,8.196000099182129,8.211999893188477,105632
2026-08-06T20:40,8.21500015258789,8.217000007629395,8.211999893188477,8.211999893188477,197264
2026-08-06T20:45,8.211000442504883,8.211000442504883,8.204000473022461,8.211000442504883,0
2026-08-06T20:50,8.211000442504883,8.21399974822998,8.20199966430664,8.20199966430664,0
2026-08-06T20:55,8.204999923706055,8.206000328063965,8.196999549865723,8.196999549865723,146784
2026-08-06T21:00,8.199999809265137,8.220000267028809,8.199999809265137,8.204000473022461,0
2026-08-06T21:05,8.20300006866455,8.208999633789062,8.201000213623047,8.204999923706055,126576
2026-08-06T21:10,8.204000473022461,8.206999778747559,8.196000099182129,8.20300006866455,0
2026-08-06T21:15,8.20199966430664,8.211000442504883,8.199000358581543,8.211000442504883,92576
2026-08-06T21:20,8.21500015258789,8.215999603271484,8.206000328063965,8.211999893188477,212272
2026-08-06T21:25,8.211999893188477,8.218000411987305,8.208000183105469,8.210000038146973,0
2026-08-06T21:30,8.208999633789062,8.222999572753906,8.208999633789062,8.220999717712402,0
2026-08-06T21:35,8.220000267028809,8.222000122070312,8.211000442504883,8.217000007629395,0
2026-08-06T21:40,8.218000411987305,8.229000091552734,8.218000411987305,8.223999977111816,262880
2026-08-06T21:45,8.223999977111816,8.223999977111816,8.215999603271484,8.220000267028809,448352
2026-08-06T21:50,8.220000267028809,8.229999542236328,8.217000007629395,8.225000381469727,164400
2026-08-06T21:55,8.22700023651123,8.22700023651123,8.215999603271484,8.217000007629395,0
2026-08-06T22:00,8.220999717712402,8.227999687194824,8.208000183105469,8.22599983215332,6848
2026-08-06T22:05,8.22700023651123,8.229999542236328,8.222000122070312,8.222999572753906,0
2026-08-06T22:10,8.220000267028809,8.22599983215332,8.220000267028809,8.223999977111816,0
2026-08-06T22:15,8.220999717712402,8.220999717712402,8.211000442504883,8.211000442504883,0
2026-08-06T22:20,8.211000442504883,8.211000442504883,8.197999954223633,8.20199966430664,0
2026-08-06T22:25,8.20199966430664,8.20199966430664,8.196000099182129,8.199000358581543,75456
2026-08-06T22:30,8.199000358581543,8.199000358581543,8.187000274658203,8.192999839782715,62592
2026-08-06T22:35,8.1899995803833,8.194000244140625,8.189000129699707,8.194000244140625,112736
2026-08-06T22:40,8.194000244140625,8.194000244140625,8.175000190734863,8.178000450134277,174528
2026-08-06T22:45,8.177000045776367,8.189000129699707,8.177000045776367,8.1850004196167,463520
2026-08-06T22:50,8.1850004196167,8.1899995803833,8.1850004196167,8.187000274658203,50656
2026-08-06T22:55,8.192999839782715,8.192999839782715,8.189000129699707,8.190999984741211,0
2026-08-06T23:00,8.192000389099121,8.192000389099121,8.182000160217285,8.189000129699707,0
2026-08-06T23:05,8.189000129699707,8.1899995803833,8.1850004196167,8.185999870300293,0
2026-08-06T23:10,8.1899995803833,8.196999549865723,8.1899995803833,8.192000389099121,0
2026-08-06T23:15,8.192000389099121,8.192000389099121,8.175999641418457,8.175999641418457,0
2026-08-06T23:20,8.175000190734863,8.177000045776367,8.154000282287598,8.170000076293945,301760
2026-08-06T23:25,8.164999961853027,8.164999961853027,8.159000396728516,8.159000396728516,671920
2026-08-06T23:30,8.156999588012695,8.168000221252441,8.156999588012695,8.168000221252441,718752
2026-08-06T23:35,8.166999816894531,8.17199993133545,8.16100025177002,8.164999961853027,303664
2026-08-06T23:40,8.161999702453613,8.168000221252441,8.159000396728516,8.168000221252441,64688
2026-08-06T23:45,8.168000221252441,8.168999671936035,8.156000137329102,8.164999961853027,104736
2026-08-06T23:50,8.166000366210938,8.178000450134277,8.166000366210938,8.175999641418457,192464
2026-08-06T23:55,8.175999641418457,8.187999725341797,8.175999641418457,8.187999725341797,181408
2026-08-07T00:00,8.185999870300293,8.204000473022461,8.1850004196167,8.20300006866455,4000
2026-08-07T00:05,8.204999923706055,8.213000297546387,8.20300006866455,8.206000328063965,71824
2026-08-07T00:10,8.206999778747559,8.206999778747559,8.197999954223633,8.197999954223633,322032
2026-08-07T00:15,8.197999954223633,8.197999954223633,8.187000274658203,8.187999725341797,52128
2026-08-07T00:20,8.1850004196167,8.185999870300293,8.178999900817871,8.185999870300293,0
2026-08-07T00:25,8.185999870300293,8.194999694824219,8.1850004196167,8.189000129699707,0
2026-08-07T00:30,8.187999725341797,8.20199966430664,8.178999900817871,8.20199966430664,0
2026-08-07T00:35,8.204000473022461,8.204000473022461,8.178999900817871,8.182999610900879,0
2026-08-07T00:40,8.1850004196167,8.194000244140625,8.177000045776367,8.194000244140625,0
2026-08-07T00:45,8.194000244140625,8.194999694824219,8.185999870300293,8.187000274658203,125808
2026-08-07T00:50,8.187000274658203,8.206000328063965,8.185999870300293,8.204999923706055,23296
2026-08-07T00:55,8.20199966430664,8.20199966430664,8.187999725341797,8.199000358581543,34848
2026-08-07T01:00,8.20199966430664,8.218999862670898,8.20199966430664,8.215999603271484,0
2026-08-07T01:05,8.211999893188477,8.218999862670898,8.206999778747559,8.213000297546387,0
2026-08-07T01:10,8.213000297546387,8.21399974822998,8.201000213623047,8.206999778747559,0
2026-08-07T01:15,8.208000183105469,8.213000297546387,8.201000213623047,8.211000442504883,7600
2026-08-07T01:20,8.211000442504883,8.21399974822998,8.206000328063965,8.211000442504883,3376
2026-08-07T01:25,8.211000442504883,8.220000267028809,8.210000038146973,8.220000267028809,0
2026-08-07T01:30,8.220000267028809,8.239999771118164,8.220000267028809,8.234999656677246,387024
2026-08-07T01:35,8.232000350952148,8.234999656677246,8.204999923706055,8.204999923706055,860160
2026-08-07T01:40,8.204000473022461,8.222999572753906,8.20199966430664,8.220000267028809,128256
2026-08-07T01:45,8.222999572753906,8.229000091552734,8.220999717712402,8.227999687194824,36384
2026-08-07T01:50,8.227999687194824,8.232000350952148,8.218999862670898,8.223999977111816,169552
2026-08-07T01:55,8.223999977111816,8.223999977111816,8.211999893188477,8.218000411987305,0
2026-08-07T02:00,8.218000411987305,8.218999862670898,8.208999633789062,8.208999633789062,0
2026-08-07T02:05,8.206999778747559,8.206999778747559,8.1850004196167,8.1850004196167,0
2026-08-07T02:10,8.185999870300293,8.211999893188477,8.166999816894531,8.210000038146973,108160
2026-08-07T02:15,8.210000038146973,8.239999771118164,8.210000038146973,8.225000381469727,169984
2026-08-07T02:20,8.225000381469727,8.225000381469727,8.201000213623047,8.206000328063965,248080
2026-08-07T02:25,8.20300006866455,8.20300006866455,8.1899995803833,8.192000389099121,0
2026-08-07T02:30,8.192000389099121,8.194000244140625,8.182999610900879,8.187000274658203,0
2026-08-07T02:35,8.189000129699707,8.197999954223633,8.182000160217285,8.182000160217285,0
2026-08-07T02:40,8.182000160217285,8.194999694824219,8.180999755859375,8.192999839782715,65552
2026-08-07T02:45,8.187999725341797,8.192999839782715,8.187999725341797,8.1899995803833,0
2026-08-07T02:50,8.1899995803833,8.197999954223633,8.1899995803833,8.196000099182129,0
2026-08-07T02:55,8.196000099182129,8.196000099182129,8.187000274658203,8.187999725341797,100752
2026-08-07T03:00,8.187999725341797,8.187999725341797,8.173999786376953,8.177000045776367,0
2026-08-07T03:05,8.175999641418457,8.190999984741211,8.175999641418457,8.1899995803833,187952
2026-08-07T03:10,8.190999984741211,8.194000244140625,8.177000045776367,8.177000045776367,0
2026-08-07T03:15,8.178000450134277,8.182999610900879,8.175999641418457,8.175999641418457,123888
2026-08-07T03:20,8.175000190734863,8.182999610900879,8.17300033569336,8.182999610900879,98112
2026-08-07T03:25,8.184000015258789,8.199000358581543,8.184000015258789,8.189000129699707,300320
2026-08-07T03:30,8.187000274658203,8.199999809265137,8.187000274658203,8.192999839782715,47088
2026-08-07T03:35,8.194000244140625,8.194999694824219,8.184000015258789,8.184000015258789,0
2026-08-07T03:40,8.1850004196167,8.189000129699707,8.178999900817871,8.178999900817871,32144
2026-08-07T03:45,8.177000045776367,8.177000045776367,8.170000076293945,8.175000190734863,0
2026-08-07T03:50,8.175000190734863,8.178000450134277,8.140999794006348,8.151000022888184,136320
2026-08-07T03:55,8.151000022888184,8.151000022888184,8.131999969482422,8.131999969482422,1949360
2026-08-07T04:00,8.126999855041504,8.128999710083008,8.100000381469727,8.118000030517578,601712
2026-08-07T04:05,8.119000434875488,8.13700008392334,8.112000465393066,8.133999824523926,1531952
2026-08-07T04:10,8.135000228881836,8.137999534606934,8.130999565124512,8.135000228881836,479152
2026-08-07T04:15,8.13599967956543,8.14900016784668,8.130999565124512,8.147000312805176,239776
2026-08-07T04:20,8.151000022888184,8.156999588012695,8.149999618530273,8.149999618530273,0
2026-08-07T04:25,8.14900016784668,8.149999618530273,8.140000343322754,8.140999794006348,0
2026-08-07T04:30,8.137999534606934,8.145999908447266,8.13599967956543,8.140000343322754,0
2026-08-07T04:35,8.142999649047852,8.147000312805176,8.130999565124512,8.13700008392334,148512
2026-08-07T04:40,8.137999534606934,8.142999649047852,8.13599967956543,8.142999649047852,0
2026-08-07T04:45,8.140999794006348,8.142999649047852,8.13700008392334,8.13700008392334,0
2026-08-07T04:50,8.133999824523926,8.135000228881836,8.116000175476074,8.123000144958496,0
2026-08-07T04:55,8.12399959564209,8.13599967956543,8.12399959564209,8.133999824523926,47664
2026-08-07T05:00,8.133999824523926,8.145000457763672,8.133999824523926,8.144000053405762,0
2026-08-07T05:05,8.145000457763672,8.14799976348877,8.137999534606934,8.142999649047852,0
2026-08-07T05:10,8.140999794006348,8.149999618530273,8.138999938964844,8.14799976348877,0
2026-08-07T05:15,8.144000053405762,8.149999618530273,8.140000343322754,8.140000343322754,0
2026-08-07T05:20,8.140000343322754,8.142000198364258,8.13599967956543,8.13599967956543,0
2026-08-07T05:25,8.13599967956543,8.13599967956543,8.128999710083008,8.130000114440918,0
2026-08-07T05:30,8.130000114440918,8.130000114440918,8.114999771118164,8.114999771118164,151200
2026-08-07T05:35,8.114999771118164,8.126999855041504,8.114999771118164,8.126999855041504,212544
2026-08-07T05:40,8.126999855041504,8.126999855041504,8.118000030517578,8.125,129616
2026-08-07T05:45,8.125,8.131999969482422,8.123000144958496,8.131999969482422,0
2026-08-07T05:50,8.13599967956543,8.154000282287598,8.13599967956543,8.152000427246094,0
2026-08-07T05:55,8.151000022888184,8.154000282287598,8.151000022888184,8.151000022888184,250176
2026-08-07T06:00,8.14799976348877,8.154999732971191,8.145999908447266,8.152000427246094,0
2026-08-07T06:05,8.154000282287598,8.15999984741211,8.151000022888184,8.151000022888184,3872
2026-08-07T06:10,8.154000282287598,8.170999526977539,8.154000282287598,8.170000076293945,0
2026-08-07T06:15,8.17199993133545,8.1850004196167,8.17199993133545,8.1850004196167,3113600
2026-08-07T06:20,8.1850004196167,8.192000389099121,8.178999900817871,8.192000389099121,18096
2026-08-07T06:25,8.196999549865723,8.20199966430664,8.185999870300293,8.185999870300293,276208
2026-08-07T06:30,8.187000274658203,8.187000274658203,8.175999641418457,8.180000305175781,90368
2026-08-07T06:35,8.180000305175781,8.192999839782715,8.178000450134277,8.189000129699707,131488
2026-08-07T06:40,8.189000129699707,8.189000129699707,8.178999900817871,8.185999870300293,0
2026-08-07T06:45,8.182999610900879,8.182999610900879,8.163000106811523,8.163000106811523,85952
2026-08-07T06:50,8.163999557495117,8.178000450134277,8.163999557495117,8.177000045776367,33360
2026-08-07T06:55,8.177000045776367,8.1850004196167,8.175999641418457,8.180999755859375,554928
2026-08-07T07:00,8.168999671936035,8.180000305175781,8.168999671936035,8.178000450134277,77280
2026-08-07T07:05,8.178000450134277,8.192000389099121,8.178000450134277,8.192000389099121,81648
2026-08-07T07:10,8.194000244140625,8.199999809265137,8.194000244140625,8.194999694824219,160400
2026-08-07T07:15,8.194999694824219,8.201000213623047,8.194999694824219,8.199000358581543,209600
2026-08-07T07:20,8.199000358581543,8.204000473022461,8.1899995803833,8.194999694824219,400016
2026-08-07T07:25,8.194999694824219,8.196000099182129,8.190999984741211,8.190999984741211,999136
2026-08-07T07:30,8.190999984741211,8.190999984741211,8.185999870300293,8.189000129699707,216592
2026-08-07T07:35,8.190999984741211,8.199000358581543,8.1850004196167,8.1850004196167,53520
2026-08-07T07:40,8.1850004196167,8.185999870300293,8.180999755859375,8.182000160217285,2336
2026-08-07T07:45,8.182000160217285,8.1850004196167,8.180000305175781,8.1850004196167,59120
2026-08-07T07:50,8.1850004196167,8.189000129699707,8.1850004196167,8.187999725341797,0
2026-08-07T07:55,8.187000274658203,8.189000129699707,8.180999755859375,8.180999755859375,0
2026-08-07T08:00,8.182999610900879,8.189000129699707,8.180999755859375,8.189000129699707,0
2026-08-07T08:05,8.192999839782715,8.194999694824219,8.185999870300293,8.189000129699707,731312
2026-08-07T08:10,8.189000129699707,8.196999549865723,8.187999725341797,8.194000244140625,0
2026-08-07T08:15,8.192999839782715,8.197999954223633,8.190999984741211,8.192000389099121,133568
2026-08-07T08:20,8.187999725341797,8.192000389099121,8.184000015258789,8.192000389099121,161360
2026-08-07T08:25,8.192999839782715,8.194999694824219,8.190999984741211,8.194000244140625,142960
2026-08-07T08:30,8.196000099182129,8.21399974822998,8.196000099182129,8.208000183105469,0
2026-08-07T08:35,8.208000183105469,8.208000183105469,8.199000358581543,8.204000473022461,425184
2026-08-07T08:40,8.20300006866455,8.236000061035156,8.20300006866455,8.232999801635742,165488
2026-08-07T08:45,8.232000350952148,8.232000350952148,8.206999778747559,8.206999778747559,627136
2026-08-07T08:50,8.206000328063965,8.210000038146973,8.204999923706055,8.204999923706055,693184
2026-08-07T08:55,8.204999923706055,8.208000183105469,8.204000473022461,8.208000183105469,0
2026-08-07T09:00,8.208999633789062,8.22700023651123,8.208999633789062,8.22700023651123,0
2026-08-07T09:05,8.225000381469727,8.237000465393066,8.222999572753906,8.229999542236328,0
2026-08-07T09:10,8.229999542236328,8.239999771118164,8.22599983215332,8.22599983215332,0
2026-08-07T09:15,8.225000381469727,8.227999687194824,8.225000381469727,8.22700023651123,0
2026-08-07T09:20,8.229000091552734,8.234999656677246,8.222999572753906,8.234999656677246,0
2026-08-07T09:25,8.236000061035156,8.243000030517578,8.222000122070312,8.222000122070312,0
2026-08-07T09:30,8.222000122070312,8.234999656677246,8.215999603271484,8.225000381469727,0
2026-08-07T09:35,8.229999542236328,8.232999801635742,8.223999977111816,8.223999977111816,0
2026-08-07T09:40,8.223999977111816,8.22599983215332,8.220999717712402,8.223999977111816,0
2026-08-07T09:45,8.223999977111816,8.223999977111816,8.211999893188477,8.21500015258789,0
2026-08-07T09:50,8.21500015258789,8.217000007629395,8.208000183105469,8.211000442504883,0
2026-08-07T09:55,8.213000297546387,8.21500015258789,8.213000297546387,8.21500015258789,0
2026-08-07T10:00,8.21500015258789,8.220000267028809,8.211000442504883,8.220000267028809,0
2026-08-07T10:05,8.220000267028809,8.22599983215332,8.220000267028809,8.222000122070312,0
2026-08-07T10:10,8.222000122070312,8.222999572753906,8.218000411987305,8.220999717712402,0
2026-08-07T10:15,8.220999717712402,8.225000381469727,8.217000007629395,8.220999717712402,0
2026-08-07T10:20,8.220999717712402,8.222000122070312,8.217000007629395,8.217000007629395,0
2026-08-07T10:25,8.21500015258789,8.222999572753906,8.21399974822998,8.222999572753906,0
2026-08-07T10:30,8.222999572753906,8.222999572753906,8.218000411987305,8.220999717712402,0
2026-08-07T10:35,8.220999717712402,8.222000122070312,8.213000297546387,8.217000007629395,0
2026-08-07T10:40,8.215999603271484,8.222000122070312,8.213000297546387,8.220000267028809,0
2026-08-07T10:45,8.218999862670898,8.222999572753906,8.211000442504883,8.211000442504883,52768
2026-08-07T10:50,8.211000442504883,8.21500015258789,8.208000183105469,8.210000038146973,53968
2026-08-07T10:55,8.210000038146973,8.210000038146973,8.192000389099121,8.199000358581543,100368
2026-08-07T11:00,8.199000358581543,8.210000038146973,8.199000358581543,8.210000038146973,114320
2026-08-07T11:05,8.208000183105469,8.211999893188477,8.208000183105469,8.208999633789062,0
2026-08-07T11:10,8.206999778747559,8.208999633789062,8.206000328063965,8.206999778747559,0
2026-08-07T11:15,8.206999778747559,8.213000297546387,8.206000328063965,8.206000328063965,0
2026-08-07T11:20,8.204999923706055,8.23799991607666,8.204999923706055,8.22599983215332,0
2026-08-07T11:25,8.22700023651123,8.229000091552734,8.220999717712402,8.220999717712402,967568
2026-08-07T11:30,8.223999977111816,8.22700023651123,8.215999603271484,8.217000007629395,152976
2026-08-07T11:35,8.217000007629395,8.220000267028809,8.211000442504883,8.218999862670898,67984
2026-08-07T11:40,8.220000267028809,8.222000122070312,8.21399974822998,8.21399974822998,0
2026-08-07T11:45,8.21399974822998,8.215999603271484,8.211999893188477,8.211999893188477,0
2026-08-07T11:50,8.210000038146973,8.210000038146973,8.204000473022461,8.204000473022461,0
2026-08-07T11:55,8.206000328063965,8.213000297546387,8.206000328063965,8.213000297546387,173568
2026-08-07T12:00,8.21399974822998,8.22599983215332,8.211999893188477,8.218000411987305,0
2026-08-07T12:05,8.218000411987305,8.258999824523926,8.218000411987305,8.253000259399414,0
2026-08-07T12:10,8.260000228881836,8.27299976348877,8.255000114440918,8.258999824523926,1988640
2026-08-07T12:15,8.26099967956543,8.263999938964844,8.255999565124512,8.255999565124512,1134656
2026-08-07T12:20,8.255999565124512,8.256999969482422,8.246999740600586,8.253000259399414,318480
2026-08-07T12:25,8.25,8.263999938964844,8.244999885559082,8.263999938964844,206112
2026-08-07T12:30,8.29800033569336,8.29800033569336,8.218999862670898,8.218999862670898,2705040
2026-08-07T12:35,8.218000411987305,8.234000205993652,8.21500015258789,8.234000205993652,1459472
2026-08-07T12:40,8.232000350952148,8.253000259399414,8.230999946594238,8.25,625136
2026-08-07T12:45,8.253999710083008,8.258999824523926,8.253000259399414,8.253000259399414,328624
2026-08-07T12:50,8.253000259399414,8.276000022888184,8.253000259399414,8.276000022888184,398800
2026-08-07T12:55,8.277000427246094,8.279000282287598,8.272000312805176,8.277999877929688,388240
2026-08-07T13:00,8.279999732971191,8.288000106811523,8.272000312805176,8.286999702453613,37056
2026-08-07T13:05,8.28600025177002,8.291999816894531,8.267000198364258,8.267000198364258,222448
2026-08-07T13:10,8.263999938964844,8.265000343322754,8.244000434875488,8.246000289916992,201056
2026-08-07T13:15,8.246999740600586,8.258000373840332,8.243000030517578,8.255999565124512,30160
2026-08-07T13:20,8.255999565124512,8.26099967956543,8.243000030517578,8.243000030517578,366304
2026-08-07T13:25,8.241000175476074,8.274999618530273,8.236000061035156,8.274999618530273,213072
2026-08-07T13:30,8.277000427246094,8.305000305175781,8.267000198364258,8.298999786376953,671120
2026-08-07T13:35,8.303999900817871,8.303999900817871,8.263999938964844,8.29800033569336,1352208
2026-08-07T13:40,8.300999641418457,8.303000450134277,8.284000396728516,8.29800033569336,226768
2026-08-07T13:45,8.298999786376953,8.302000045776367,8.270999908447266,8.286999702453613,390160
2026-08-07T13:50,8.28499984741211,8.288999557495117,8.27400016784668,8.286999702453613,499552
2026-08-07T13:55,8.288000106811523,8.291000366210938,8.270000457763672,8.277000427246094,160496
2026-08-07T14:00,8.272000312805176,8.28499984741211,8.253000259399414,8.255999565124512,403456
2026-08-07T14:05,8.253999710083008,8.255000114440918,8.23900032043457,8.23900032043457,670560
2026-08-07T14:10,8.23799991607666,8.244999885559082,8.220000267028809,8.232999801635742,277712
2026-08-07T14:15,8.227999687194824,8.258999824523926,8.22599983215332,8.258999824523926,294816
2026-08-07T14:20,8.26200008392334,8.279000282287598,8.258999824523926,8.279000282287598,0
2026-08-07T14:25,8.279999732971191,8.288999557495117,8.277999877929688,8.28499984741211,172464
2026-08-07T14:30,8.289999961853027,8.291000366210938,8.267000198364258,8.267000198364258,117856
2026-08-07T14:35,8.267999649047852,8.281000137329102,8.263999938964844,8.270000457763672,187392
2026-08-07T14:40,8.270000457763672,8.289999961853027,8.256999969482422,8.258000373840332,715248
2026-08-07T14:45,8.256999969482422,8.265999794006348,8.244999885559082,8.246999740600586,0
2026-08-07T14:50,8.24899959564209,8.25,8.217000007629395,8.232999801635742,0
2026-08-07T14:55,8.232999801635742,8.236000061035156,8.223999977111816,8.227999687194824,358016
2026-08-07T15:00,8.229000091552734,8.243000030517578,8.225000381469727,8.232999801635742,0
2026-08-07T15:05,8.234000205993652,8.27299976348877,8.234000205993652,8.27299976348877,0
2026-08-07T15:10,8.27400016784668,8.276000022888184,8.256999969482422,8.260000228881836,309392
2026-08-07T15:15,8.260000228881836,8.260000228881836,8.25,8.25100040435791,206672
2026-08-07T15:20,8.25100040435791,8.262999534606934,8.25,8.26099967956543,0
2026-08-07T15:25,8.26200008392334,8.267999649047852,8.256999969482422,8.258999824523926,140320
2026-08-07T15:30,8.258999824523926,8.277000427246094,8.258000373840332,8.262999534606934,0
2026-08-07T15:35,8.26200008392334,8.27299976348877,8.260000228881836,8.265000343322754,0
2026-08-07T15:40,8.265999794006348,8.284000396728516,8.265999794006348,8.281000137329102,0
2026-08-07T15:45,8.288000106811523,8.288999557495117,8.274999618530273,8.279999732971191,613296
2026-08-07T15:50,8.27299976348877,8.279000282287598,8.262999534606934,8.267000198364258,0
2026-08-07T15:55,8.269000053405762,8.274999618530273,8.265000343322754,8.27299976348877,0
2026-08-07T16:00,8.276000022888184,8.295000076293945,8.276000022888184,8.288999557495117,0
2026-08-07T16:05,8.288999557495117,8.300000190734863,8.286999702453613,8.293999671936035,0
2026-08-07T16:10,8.295000076293945,8.3100004196167,8.281999588012695,8.303999900817871,234656
2026-08-07T16:15,8.302000045776367,8.309000015258789,8.279000282287598,8.282999992370605,0
2026-08-07T16:20,8.282999992370605,8.291999816894531,8.265000343322754,8.265000343322754,284272
2026-08-07T16:25,8.263999938964844,8.28499984741211,8.263999938964844,8.269000053405762,570800
2026-08-07T16:30,8.270999908447266,8.270999908447266,8.26099967956543,8.267999649047852,139488
2026-08-07T16:35,8.267999649047852,8.267999649047852,8.253999710083008,8.260000228881836,98544
2026-08-07T16:40,8.258000373840332,8.26200008392334,8.255999565124512,8.260000228881836,0
2026-08-07T16:45,8.256999969482422,8.260000228881836,8.251999855041504,8.253000259399414,0
2026-08-07T16:50,8.255000114440918,8.260000228881836,8.25,8.25,0
2026-08-07T16:55,8.25,8.253999710083008,8.230999946594238,8.230999946594238,0
2026-08-07T17:00,8.223999977111816,8.234999656677246,8.206000328063965,8.232000350952148,0
2026-08-07T17:05,8.232000350952148,8.246999740600586,8.232000350952148,8.239999771118164,0
2026-08-07T17:10,8.241000175476074,8.241000175476074,8.210000038146973,8.211999893188477,0
2026-08-07T17:15,8.211999893188477,8.222000122070312,8.206999778747559,8.213000297546387,0
2026-08-07T17:20,8.215999603271484,8.215999603271484,8.199999809265137,8.201000213623047,0
2026-08-07T17:25,8.194000244140625,8.199000358581543,8.189000129699707,8.1899995803833,0
2026-08-07T17:30,8.1899995803833,8.192999839782715,8.164999961853027,8.182000160217285,0
2026-08-07T17:35,8.17300033569336,8.190999984741211,8.168000221252441,8.190999984741211,0
2026-08-07T17:40,8.192999839782715,8.20199966430664,8.192000389099121,8.194000244140625,0
2026-08-07T17:45,8.194000244140625,8.194999694824219,8.175000190734863,8.175000190734863,23712
2026-08-07T17:50,8.178000450134277,8.182999610900879,8.168999671936035,8.180999755859375,0
2026-08-07T17:55,8.182000160217285,8.194000244140625,8.182000160217285,8.192999839782715,0
2026-08-07T18:00,8.192999839782715,8.204999923706055,8.192999839782715,8.204000473022461,0
2026-08-07T18:05,8.204000473022461,8.208000183105469,8.199000358581543,8.206999778747559,0
2026-08-07T18:10,8.206999778747559,8.211000442504883,8.20300006866455,8.20300006866455,0
2026-08-07T18:15,8.20300006866455,8.204000473022461,8.196999549865723,8.197999954223633,0
2026-08-07T18:20,8.197999954223633,8.197999954223633,8.192999839782715,8.194000244140625,0
2026-08-07T18:25,8.194000244140625,8.194999694824219,8.190999984741211,8.192999839782715,0
2026-08-07T18:30,8.192999839782715,8.204999923706055,8.192000389099121,8.192999839782715,0
2026-08-07T18:35,8.192000389099121,8.192000389099121,8.180000305175781,8.187000274658203,0
2026-08-07T18:40,8.185999870300293,8.187000274658203,8.168999671936035,8.168999671936035,0
2026-08-07T18:45,8.166999816894531,8.17300033569336,8.166999816894531,8.168000221252441,222352
2026-08-07T18:50,8.168000221252441,8.168000221252441,8.157999992370605,8.15999984741211,0
2026-08-07T18:55,8.161999702453613,8.17300033569336,8.15999984741211,8.170999526977539,414800
2026-08-07T19:00,8.175999641418457,8.192999839782715,8.17300033569336,8.180999755859375,0
2026-08-07T19:05,8.180000305175781,8.194000244140625,8.180000305175781,8.194000244140625,0
2026-08-07T19:10,8.197999954223633,8.201000213623047,8.192999839782715,8.199999809265137,0
2026-08-07T19:15,8.201000213623047,8.213000297546387,8.201000213623047,8.208000183105469,3344
2026-08-07T19:20,8.208000183105469,8.234000205993652,8.206000328063965,8.225000381469727,0
2026-08-07T19:25,8.225000381469727,8.227999687194824,8.211999893188477,8.21500015258789,36784
2026-08-07T19:30,8.217000007629395,8.222000122070312,8.211999893188477,8.217000007629395,0
2026-08-07T19:35,8.217000007629395,8.217000007629395,8.208000183105469,8.208000183105469,0
2026-08-07T19:40,8.210000038146973,8.217000007629395,8.210000038146973,8.210000038146973,0
2026-08-07T19:45,8.210000038146973,8.215999603271484,8.210000038146973,8.211000442504883,0
2026-08-07T19:50,8.211000442504883,8.217000007629395,8.204999923706055,8.208000183105469,0
2026-08-07T19:55,8.206999778747559,8.211000442504883,8.206999778747559,8.210000038146973,0
2026-08-07T20:00,8.211000442504883,8.215999603271484,8.204999923706055,8.210000038146973,0
2026-08-07T20:05,8.208999633789062,8.211999893188477,8.206999778747559,8.211000442504883,0
2026-08-07T20:10,8.208999633789062,8.210000038146973,8.206999778747559,8.210000038146973,0
2026-08-07T20:15,8.210000038146973,8.210000038146973,8.20300006866455,8.20300006866455,87184
2026-08-07T20:20,8.208000183105469,8.208999633789062,8.201000213623047,8.208000183105469,0
2026-08-07T20:25,8.208000183105469,8.211000442504883,8.201000213623047,8.201000213623047,0
2026-08-07T20:30,8.199000358581543,8.199000358581543,8.1850004196167,8.1850004196167,0
2026-08-07T20:35,8.187999725341797,8.194999694824219,8.184000015258789,8.192000389099121,11248
2026-08-07T20:40,8.192000389099121,8.196999549865723,8.192000389099121,8.196999549865723,0
2026-08-07T20:45,8.194000244140625,8.20300006866455,8.192999839782715,8.20300006866455,0
2026-08-07T20:50,8.20300006866455,8.20300006866455,8.194999694824219,8.194999694824219,0
2026-08-07T20:55,8.194999694824219,8.201000213623047,8.194000244140625,8.194999694824219,0
2026-08-07T21:00,8.194999694824219,8.206000328063965,8.194999694824219,8.20300006866455,0
2026-08-07T21:05,8.20300006866455,8.206999778747559,8.201000213623047,8.206999778747559,0
2026-08-07T21:10,8.208000183105469,8.21500015258789,8.204999923706055,8.208000183105469,75104
2026-08-07T21:15,8.208999633789062,8.210000038146973,8.196999549865723,8.196999549865723,0
2026-08-07T21:20,8.196999549865723,8.20199966430664,8.192999839782715,8.199999809265137,16048
2026-08-07T21:25,8.201000213623047,8.201000213623047,8.194000244140625,8.196999549865723,0
2026-08-07T21:30,8.197999954223633,8.199999809265137,8.194999694824219,8.196999549865723,10576
2026-08-07T21:35,8.199999809265137,8.20199966430664,8.194999694824219,8.194999694824219,0
2026-08-07T21:40,8.192000389099121,8.211999893188477,8.192000389099121,8.20199966430664,0
2026-08-07T21:45,8.20199966430664,8.20199966430664,8.190999984741211,8.190999984741211,0
2026-08-07T21:50,8.190999984741211,8.190999984741211,8.1850004196167,8.1850004196167,253184
2026-08-07T21:55,8.1850004196167,8.187000274658203,8.180000305175781,8.180000305175781,180320
2026-08-07T22:00,8.178999900817871,8.182000160217285,8.173999786376953,8.175999641418457,0
2026-08-07T22:05,8.175999641418457,8.180999755859375,8.175999641418457,8.178999900817871,0
2026-08-07T22:10,8.178999900817871,8.189000129699707,8.178999900817871,8.185999870300293,334288
2026-08-07T22:15,8.1850004196167,8.187000274658203,8.178999900817871,8.178999900817871,0
2026-08-07T22:20,8.178999900817871,8.178999900817871,8.17199993133545,8.17300033569336,318272
2026-08-07T22:25,8.175000190734863,8.175999641418457,8.168000221252441,8.168999671936035,0
2026-08-07T22:30,8.168999671936035,8.17199993133545,8.159000396728516,8.159000396728516,296624
2026-08-07T22:35,8.159000396728516,8.159000396728516,8.152000427246094,8.154999732971191,230928
2026-08-07T22:40,8.156000137329102,8.163000106811523,8.154999732971191,8.161999702453613,0
2026-08-07T22:45,8.163000106811523,8.164999961853027,8.163000106811523,8.164999961853027,0
2026-08-07T22:50,8.164999961853027,8.175000190734863,8.164999961853027,8.170999526977539,0
2026-08-07T22:55,8.170999526977539,8.175000190734863,8.170999526977539,8.175000190734863,208288
2026-08-07T23:00,8.175000190734863,8.182000160217285,8.173999786376953,8.182000160217285,0
2026-08-07T23:05,8.1850004196167,8.187999725341797,8.184000015258789,8.185999870300293,0
2026-08-07T23:10,8.185999870300293,8.189000129699707,8.185999870300293,8.189000129699707,120880
2026-08-07T23:15,8.189000129699707,8.192000389099121,8.180999755859375,8.182999610900879,465456
2026-08-07T23:20,8.182999610900879,8.182999610900879,8.178999900817871,8.178999900817871,77760
2026-08-07T23:25,8.178999900817871,8.178999900817871,8.166999816894531,8.170000076293945,0
2026-08-07T23:30,8.170999526977539,8.173999786376953,8.168999671936035,8.173999786376953,0
2026-08-07T23:35,8.173999786376953,8.178000450134277,8.173999786376953,8.178000450134277,0
2026-08-07T23:40,8.180000305175781,8.180000305175781,8.175999641418457,8.178999900817871,0
2026-08-07T23:45,8.178999900817871,8.182999610900879,8.178999900817871,8.182999610900879,0
2026-08-07T23:50,8.180999755859375,8.180999755859375,8.175999641418457,8.178000450134277,0
2026-08-07T23:55,8.180000305175781,8.185999870300293,8.178999900817871,8.184000015258789,0
2026-08-08T00:00,8.182999610900879,8.182999610900879,8.178000450134277,8.180000305175781,0
2026-08-08T00:05,8.180000305175781,8.182999610900879,8.17300033569336,8.17300033569336,351968
2026-08-08T00:10,8.17300033569336,8.17300033569336,8.163999557495117,8.168999671936035,0
2026-08-08T00:15,8.168999671936035,8.17199993133545,8.163999557495117,8.168999671936035,3024
2026-08-08T00:20,8.168999671936035,8.168999671936035,8.164999961853027,8.166000366210938,101312
2026-08-08T00:25,8.166000366210938,8.170999526977539,8.163000106811523,8.170999526977539,0
2026-08-08T00:30,8.170000076293945,8.170000076293945,8.163999557495117,8.163999557495117,60608
2026-08-08T00:35,8.163000106811523,8.166000366210938,8.16100025177002,8.166000366210938,311088
2026-08-08T00:40,8.166000366210938,8.166000366210938,8.163999557495117,8.163999557495117,0
2026-08-08T00:45,8.163999557495117,8.164999961853027,8.163000106811523,8.163999557495117,136720
2026-08-08T00:50,8.16100025177002,8.166999816894531,8.16100025177002,8.166999816894531,0
2026-08-08T00:55,8.166999816894531,8.173999786376953,8.166999816894531,8.170999526977539,156912
2026-08-08T01:00,8.170999526977539,8.180999755859375,8.168000221252441,8.180999755859375,0
2026-08-08T01:05,8.180999755859375,8.180999755859375,8.166999816894531,8.168999671936035,517968
2026-08-08T01:10,8.168000221252441,8.175000190734863,8.168000221252441,8.173999786376953,327200
2026-08-08T01:15,8.170999526977539,8.177000045776367,8.168000221252441,8.177000045776367,63584
2026-08-08T01:20,8.175999641418457,8.175999641418457,8.170000076293945,8.17199993133545,297328
2026-08-08T01:25,8.17199993133545,8.184000015258789,8.17199993133545,8.178000450134277,1645232
2026-08-08T01:30,8.178000450134277,8.185999870300293,8.175000190734863,8.185999870300293,352400
2026-08-08T01:35,8.185999870300293,8.187000274658203,8.180000305175781,8.182000160217285,0
2026-08-08T01:40,8.182000160217285,8.1899995803833,8.182000160217285,8.1899995803833,0
2026-08-08T01:45,8.189000129699707,8.1899995803833,8.184000015258789,8.184000015258789,549392
2026-08-08T01:50,8.182999610900879,8.184000015258789,8.182000160217285,8.182999610900879,92432
2026-08-08T01:55,8.182999610900879,8.189000129699707,8.182999610900879,8.185999870300293,4672
2026-08-08T02:00,8.185999870300293,8.1899995803833,8.184000015258789,8.187000274658203,0
2026-08-08T02:05,8.187000274658203,8.187999725341797,8.185999870300293,8.187000274658203,99232
2026-08-08T02:10,8.187000274658203,8.189000129699707,8.187000274658203,8.187999725341797,227344
2026-08-08T02:15,8.187999725341797,8.189000129699707,8.184000015258789,8.184000015258789,0
2026-08-08T02:20,8.184000015258789,8.1850004196167,8.175000190734863,8.175000190734863,0
2026-08-08T02:25,8.177000045776367,8.184000015258789,8.175000190734863,8.184000015258789,0
2026-08-08T02:30,8.184000015258789,8.1850004196167,8.182000160217285,8.182000160217285,55264
2026-08-08T02:35,8.182000160217285,8.185999870300293,8.180999755859375,8.180999755859375,0
2026-08-08T02:40,8.180999755859375,8.182999610900879,8.178000450134277,8.182999610900879,0
2026-08-08T02:45,8.182000160217285,8.182000160217285,8.178999900817871,8.180999755859375,44624
2026-08-08T02:50,8.180999755859375,8.180999755859375,8.175999641418457,8.177000045776367,0
2026-08-08T02:55,8.173999786376953,8.177000045776367,8.170999526977539,8.173999786376953,102592
2026-08-08T03:00,8.175000190734863,8.180999755859375,8.175000190734863,8.180999755859375,0
2026-08-08T03:05,8.184000015258789,8.194999694824219,8.184000015258789,8.194999694824219,2320
2026-08-08T03:10,8.194999694824219,8.20300006866455,8.194000244140625,8.199999809265137,81568
2026-08-08T03:15,8.196999549865723,8.21399974822998,8.196999549865723,8.21399974822998,236240
2026-08-08T03:20,8.21399974822998,8.215999603271484,8.210000038146973,8.215999603271484,1168400
2026-08-08T03:25,8.215999603271484,8.222999572753906,8.215999603271484,8.218999862670898,1257760
2026-08-08T03:30,8.223999977111816,8.24899959564209,8.223999977111816,8.241999626159668,134112
2026-08-08T03:35,8.244999885559082,8.25,8.234999656677246,8.237000465393066,927056
2026-08-08T03:40,8.236000061035156,8.23799991607666,8.232999801635742,8.234000205993652,608784
2026-08-08T03:45,8.236000061035156,8.241999626159668,8.236000061035156,8.23900032043457,118240
2026-08-08T03:50,8.23799991607666,8.241999626159668,8.232999801635742,8.234000205993652,525920
2026-08-08T03:55,8.241999626159668,8.267000198364258,8.241999626159668,8.255999565124512,0
2026-08-08T04:00,8.255999565124512,8.265999794006348,8.251999855041504,8.251999855041504,0
2026-08-08T04:05,8.24899959564209,8.24899959564209,8.239999771118164,8.243000030517578,0
2026-08-08T04:10,8.243000030517578,8.251999855041504,8.243000030517578,8.25100040435791,0
2026-08-08T04:15,8.25100040435791,8.265000343322754,8.239999771118164,8.253999710083008,118304
2026-08-08T04:20,8.253000259399414,8.253000259399414,8.244000434875488,8.246000289916992,506848
2026-08-08T04:25,8.244999885559082,8.258999824523926,8.244000434875488,8.24899959564209,463408
2026-08-08T04:30,8.248000144958496,8.260000228881836,8.248000144958496,8.255000114440918,0
2026-08-08T04:35,8.255000114440918,8.26099967956543,8.255000114440918,8.258999824523926,124048
2026-08-08T04:40,8.26099967956543,8.267999649047852,8.26099967956543,8.267000198364258,186432
2026-08-08T04:45,8.269000053405762,8.277000427246094,8.267999649047852,8.270000457763672,399312
2026-08-08T04:50,8.269000053405762,8.269000053405762,8.24899959564209,8.260000228881836,381440
2026-08-08T04:55,8.260000228881836,8.26099967956543,8.255000114440918,8.255000114440918,182800
2026-08-08T05:00,8.258999824523926,8.270000457763672,8.253999710083008,8.255000114440918,0
2026-08-08T05:05,8.255000114440918,8.258000373840332,8.251999855041504,8.258000373840332,299952
2026-08-08T05:10,8.258999824523926,8.26099967956543,8.256999969482422,8.256999969482422,792544
2026-08-08T05:15,8.256999969482422,8.26099967956543,8.256999969482422,8.258000373840332,49872
2026-08-08T05:20,8.258999824523926,8.265999794006348,8.258999824523926,8.265999794006348,178128
2026-08-08T05:25,8.267999649047852,8.269000053405762,8.265999794006348,8.269000053405762,0
2026-08-08T05:30,8.267999649047852,8.293999671936035,8.267999649047852,8.293000221252441,0
2026-08-08T05:35,8.303000450134277,8.303000450134277,8.28499984741211,8.291000366210938,761312
2026-08-08T05:40,8.288000106811523,8.288000106811523,8.274999618530273,8.277000427246094,1078176
2026-08-08T05:45,8.276000022888184,8.276000022888184,8.26099967956543,8.26099967956543,206816
2026-08-08T05:50,8.26099967956543,8.262999534606934,8.258000373840332,8.258999824523926,396352
2026-08-08T05:55,8.258000373840332,8.262999534606934,8.255999565124512,8.26099967956543,0
2026-08-08T06:00,8.26200008392334,8.263999938964844,8.255999565124512,8.255999565124512,0
2026-08-08T06:05,8.255999565124512,8.26200008392334,8.255000114440918,8.26200008392334,0
2026-08-08T06:10,8.265000343322754,8.265999794006348,8.256999969482422,8.262999534606934,0
2026-08-08T06:15,8.258000373840332,8.263999938964844,8.256999969482422,8.258000373840332,48176
2026-08-08T06:20,8.255999565124512,8.260000228881836,8.255999565124512,8.260000228881836,0
2026-08-08T06:25,8.260000228881836,8.260000228881836,8.258000373840332,8.260000228881836,0
2026-08-08T06:30,8.258000373840332,8.258000373840332,8.25100040435791,8.255999565124512,160848
2026-08-08T06:35,8.253999710083008,8.253999710083008,8.253999710083008,8.253999710083008,1664
2026-08-08T06:40,8.253999710083008,8.255999565124512,8.253000259399414,8.255999565124512,0
2026-08-08T06:45,8.255999565124512,8.262999534606934,8.255000114440918,8.256999969482422,0
2026-08-08T06:50,8.256999969482422,8.256999969482422,8.251999855041504,8.251999855041504,0
2026-08-08T06:55,8.253999710083008,8.253999710083008,8.25100040435791,8.25100040435791,0
2026-08-08T07:00,8.25100040435791,8.256999969482422,8.25100040435791,8.251999855041504,0
2026-08-08T07:05,8.25100040435791,8.253999710083008,8.248000144958496,8.248000144958496,0
2026-08-08T07:10,8.248000144958496,8.24899959564209,8.244000434875488,8.246000289916992,247104
2026-08-08T07:15,8.246000289916992,8.24899959564209,8.246000289916992,8.24899959564209,0
2026-08-08T07:20,8.24899959564209,8.251999855041504,8.24899959564209,8.25,0
2026-08-08T07:25,8.24899959564209,8.25100040435791,8.244999885559082,8.244999885559082,0
2026-08-08T07:30,8.246000289916992,8.246999740600586,8.241000175476074,8.241999626159668,7408
2026-08-08T07:35,8.241000175476074,8.241000175476074,8.234999656677246,8.23900032043457,144128
2026-08-08T07:40,8.23900032043457,8.25,8.23900032043457,8.24899959564209,331184
2026-08-08T07:45,8.253999710083008,8.258000373840332,8.253000259399414,8.253000259399414,473232
2026-08-08T07:50,8.253000259399414,8.255000114440918,8.24899959564209,8.253999710083008,61056
2026-08-08T07:55,8.253999710083008,8.258000373840332,8.253999710083008,8.258000373840332,230816
2026-08-08T08:00,8.258999824523926,8.262999534606934,8.256999969482422,8.256999969482422,0
2026-08-08T08:05,8.255999565124512,8.26200008392334,8.255000114440918,8.255000114440918,0
2026-08-08T08:10,8.255000114440918,8.258000373840332,8.255000114440918,8.258000373840332,0
2026-08-08T08:15,8.258999824523926,8.258999824523926,8.253999710083008,8.253999710083008,0
2026-08-08T08:20,8.253999710083008,8.255999565124512,8.253000259399414,8.255999565124512,0
2026-08-08T08:25,8.255999565124512,8.26099967956543,8.255000114440918,8.260000228881836,0
2026-08-08T08:30,8.26099967956543,8.267999649047852,8.26099967956543,8.267999649047852,2084896
2026-08-08T08:35,8.267999649047852,8.270999908447266,8.267999649047852,8.270999908447266,0
2026-08-08T08:40,8.270999908447266,8.272000312805176,8.262999534606934,8.272000312805176,0
2026-08-08T08:45,8.269000053405762,8.269000053405762,8.260000228881836,8.260000228881836,0
2026-08-08T08:50,8.260000228881836,8.26200008392334,8.260000228881836,8.26200008392334,0
2026-08-08T08:55,8.260000228881836,8.26200008392334,8.258999824523926,8.26200008392334,0
2026-08-08T09:00,8.262999534606934,8.265999794006348,8.26200008392334,8.265999794006348,0
2026-08-08T09:05,8.265999794006348,8.272000312805176,8.265999794006348,8.267999649047852,0
2026-08-08T09:10,8.267999649047852,8.274999618530273,8.267999649047852,8.272000312805176,0
2026-08-08T09:15,8.270999908447266,8.28499984741211,8.270999908447266,8.279999732971191,147328
2026-08-08T09:20,8.279999732971191,8.279999732971191,8.276000022888184,8.276000022888184,0
2026-08-08T09:25,8.276000022888184,8.279999732971191,8.276000022888184,8.279999732971191,0
2026-08-08T09:30,8.28499984741211,8.305999755859375,8.28499984741211,8.293999671936035,273840
2026-08-08T09:35,8.291999816894531,8.293000221252441,8.288000106811523,8.288000106811523,488176
2026-08-08T09:40,8.288000106811523,8.293999671936035,8.288000106811523,8.291000366210938,0
2026-08-08T09:45,8.293000221252441,8.29699993133545,8.288999557495117,8.288999557495117,390704
2026-08-08T09:50,8.288999557495117,8.29800033569336,8.286999702453613,8.29699993133545,185680
2026-08-08T09:55,8.29699993133545,8.29800033569336,8.291999816894531,8.293000221252441,245744
2026-08-08T10:00,8.293000221252441,8.314000129699707,8.293000221252441,8.314000129699707,1139696
2026-08-08T10:05,8.310999870300293,8.310999870300293,8.302000045776367,8.305999755859375,717744
2026-08-08T10:10,8.305000305175781,8.305000305175781,8.29800033569336,8.29800033569336,21824
2026-08-08T10:15,8.29800033569336,8.307000160217285,8.29800033569336,8.305000305175781,7568
2026-08-08T10:20,8.307000160217285,8.324000358581543,8.302000045776367,8.319000244140625,38576
2026-08-08T10:25,8.321999549865723,8.321999549865723,8.310999870300293,8.3149995803833,1373552
2026-08-08T10:30,8.3149995803833,8.329000473022461,8.3149995803833,8.321000099182129,506528
2026-08-08T10:35,8.321000099182129,8.347999572753906,8.321000099182129,8.343999862670898,285904
2026-08-08T10:40,8.347999572753906,8.347999572753906,8.338000297546387,8.338000297546387,1244656
2026-08-08T10:45,8.338000297546387,8.34000015258789,8.336000442504883,8.34000015258789,318016
2026-08-08T10:50,8.338000297546387,8.347000122070312,8.338000297546387,8.345999717712402,187584
2026-08-08T10:55,8.347999572753906,8.347999572753906,8.33899974822998,8.33899974822998,0
2026-08-08T11:00,8.34000015258789,8.350000381469727,8.34000015258789,8.345999717712402,0
2026-08-08T11:05,8.345999717712402,8.348999977111816,8.331000328063965,8.331000328063965,65504
2026-08-08T11:10,8.333999633789062,8.347000122070312,8.333000183105469,8.345000267028809,151696
2026-08-08T11:15,8.345000267028809,8.35200023651123,8.333999633789062,8.343999862670898,34320
2026-08-08T11:20,8.342000007629395,8.343000411987305,8.336999893188477,8.340999603271484,209040
2026-08-08T11:25,8.340999603271484,8.340999603271484,8.338000297546387,8.338000297546387,0
2026-08-08T11:30,8.338000297546387,8.338000297546387,8.321999549865723,8.321999549865723,0
2026-08-08T11:35,8.321000099182129,8.32699966430664,8.319000244140625,8.322999954223633,164672
2026-08-08T11:40,8.324999809265137,8.326000213623047,8.3149995803833,8.3149995803833,118880
2026-08-08T11:45,8.314000129699707,8.319999694824219,8.314000129699707,8.319999694824219,0
2026-08-08T11:50,8.321000099182129,8.321000099182129,8.310999870300293,8.312999725341797,182912
2026-08-08T11:55,8.312999725341797,8.329999923706055,8.312999725341797,8.322999954223633,96416
2026-08-08T12:00,8.322999954223633,8.329999923706055,8.321000099182129,8.329000473022461,36736
2026-08-08T12:05,8.329999923706055,8.333000183105469,8.314000129699707,8.319999694824219,0
2026-08-08T12:10,8.321999549865723,8.336000442504883,8.321999549865723,8.336000442504883,0
2026-08-08T12:15,8.335000038146973,8.336999893188477,8.333000183105469,8.333000183105469,0
2026-08-08T12:20,8.331999778747559,8.331999778747559,8.326000213623047,8.329000473022461,0
2026-08-08T12:25,8.324999809265137,8.324999809265137,8.317000389099121,8.321000099182129,0
2026-08-08T12:30,8.321000099182129,8.321000099182129,8.315999984741211,8.317999839782715,0
2026-08-08T12:35,8.319000244140625,8.326000213623047,8.319000244140625,8.319999694824219,0
2026-08-08T12:40,8.319999694824219,8.322999954223633,8.312000274658203,8.315999984741211,0
2026-08-08T12:45,8.315999984741211,8.319000244140625,8.315999984741211,8.317999839782715,0
2026-08-08T12:50,8.3149995803833,8.319000244140625,8.3149995803833,8.317000389099121,0
2026-08-08T12:55,8.3149995803833,8.3149995803833,8.307000160217285,8.307999610900879,0
2026-08-08T13:00,8.307999610900879,8.3100004196167,8.300000190734863,8.305999755859375,0
2026-08-08T13:05,8.307999610900879,8.312000274658203,8.305999755859375,8.307000160217285,0
2026-08-08T13:10,8.307000160217285,8.309000015258789,8.300999641418457,8.300999641418457,0
2026-08-08T13:15,8.302000045776367,8.309000015258789,8.300999641418457,8.307000160217285,0
2026-08-08T13:20,8.307000160217285,8.321000099182129,8.307000160217285,8.321000099182129,0
2026-08-08T13:25,8.319000244140625,8.324999809265137,8.317000389099121,8.321000099182129,0
2026-08-08T13:30,8.317999839782715,8.319000244140625,8.315999984741211,8.315999984741211,0
2026-08-08T13:35,8.317999839782715,8.321000099182129,8.317000389099121,8.319000244140625,0
2026-08-08T13:40,8.321999549865723,8.32800006866455,8.321000099182129,8.32699966430664,0
2026-08-08T13:45,8.32699966430664,8.32800006866455,8.321000099182129,8.322999954223633,0
2026-08-08T13:50,8.322999954223633,8.324999809265137,8.321999549865723,8.324000358581543,107520
2026-08-08T13:55,8.324999809265137,8.324999809265137,8.321000099182129,8.321000099182129,0
2026-08-08T14:00,8.319999694824219,8.324000358581543,8.319999694824219,8.324000358581543,0
2026-08-08T14:05,8.336999893188477,8.34000015258789,8.32699966430664,8.329000473022461,114672
2026-08-08T14:10,8.329999923706055,8.336000442504883,8.326000213623047,8.329000473022461,0
2026-08-08T14:15,8.32800006866455,8.333000183105469,8.324999809265137,8.333000183105469,0
2026-08-08T14:20,8.335000038146973,8.343000411987305,8.333000183105469,8.343000411987305,0
2026-08-08T14:25,8.342000007629395,8.345999717712402,8.33899974822998,8.342000007629395,196080
2026-08-08T14:30,8.343999862670898,8.357999801635742,8.34000015258789,8.357999801635742,72272
2026-08-08T14:35,8.357999801635742,8.368000030517578,8.345999717712402,8.350000381469727,976352
2026-08-08T14:40,8.352999687194824,8.352999687194824,8.345000267028809,8.345000267028809,0
2026-08-08T14:45,8.347999572753906,8.357000350952148,8.347999572753906,8.355999946594238,0
2026-08-08T14:50,8.359999656677246,8.361000061035156,8.355999946594238,8.357000350952148,0
2026-08-08T14:55,8.359999656677246,8.366999626159668,8.35200023651123,8.355999946594238,0
2026-08-08T15:00,8.355999946594238,8.371000289916992,8.355999946594238,8.366999626159668,0
2026-08-08T15:05,8.364999771118164,8.364999771118164,8.354999542236328,8.359999656677246,207104
2026-08-08T15:10,8.361000061035156,8.387999534606934,8.359999656677246,8.378000259399414,415552
2026-08-08T15:15,8.376999855041504,8.376999855041504,8.36400032043457,8.368000030517578,512256
2026-08-08T15:20,8.366999626159668,8.366999626159668,8.343000411987305,8.343000411987305,647024
2026-08-08T15:25,8.343000411987305,8.343999862670898,8.336000442504883,8.33899974822998,779040
2026-08-08T15:30,8.338000297546387,8.338000297546387,8.329999923706055,8.333999633789062,266592
2026-08-08T15:35,8.333999633789062,8.336000442504883,8.333000183105469,8.335000038146973,0
2026-08-08T15:40,8.335000038146973,8.335000038146973,8.329999923706055,8.331999778747559,0
2026-08-08T15:45,8.331999778747559,8.335000038146973,8.326000213623047,8.335000038146973,0
2026-08-08T15:50,8.335000038146973,8.33899974822998,8.329999923706055,8.33899974822998,0
2026-08-08T15:55,8.338000297546387,8.343000411987305,8.336999893188477,8.336999893188477,0
2026-08-08T16:00,8.336000442504883,8.345999717712402,8.336000442504883,8.342000007629395,0
2026-08-08T16:05,8.348999977111816,8.361000061035156,8.345000267028809,8.35200023651123,0
2026-08-08T16:10,8.35099983215332,8.359000205993652,8.35099983215332,8.354000091552734,0
2026-08-08T16:15,8.354999542236328,8.359000205993652,8.343999862670898,8.343999862670898,0
2026-08-08T16:20,8.343000411987305,8.343999862670898,8.34000015258789,8.34000015258789,0
2026-08-08T16:25,8.336999893188477,8.34000015258789,8.329999923706055,8.331999778747559,0
2026-08-08T16:30,8.331999778747559,8.331999778747559,8.329000473022461,8.329000473022461,0
2026-08-08T16:35,8.329999923706055,8.331000328063965,8.326000213623047,8.331000328063965,0
2026-08-08T16:40,8.329999923706055,8.333999633789062,8.32699966430664,8.32699966430664,0
2026-08-08T16:45,8.32800006866455,8.333999633789062,8.32800006866455,8.333999633789062,0
2026-08-08T16:50,8.333999633789062,8.336000442504883,8.32800006866455,8.336000442504883,0
2026-08-08T16:55,8.333000183105469,8.333999633789062,8.329999923706055,8.333000183105469,0
2026-08-08T17:00,8.333000183105469,8.33899974822998,8.331999778747559,8.335000038146973,0
2026-08-08T17:05,8.335000038146973,8.335000038146973,8.326000213623047,8.333000183105469,0
2026-08-08T17:10,8.336000442504883,8.33899974822998,8.335000038146973,8.336000442504883,0
2026-08-08T17:15,8.336000442504883,8.342000007629395,8.336000442504883,8.336000442504883,0
2026-08-08T17:20,8.335000038146973,8.336999893188477,8.329999923706055,8.329999923706055,0
2026-08-08T17:25,8.329999923706055,8.34000015258789,8.329999923706055,8.336999893188477,0
2026-08-08T17:30,8.336000442504883,8.340999603271484,8.335000038146973,8.340999603271484,0
2026-08-08T17:35,8.343999862670898,8.347000122070312,8.340999603271484,8.347000122070312,0
2026-08-08T17:40,8.343999862670898,8.343999862670898,8.34000015258789,8.34000015258789,0
2026-08-08T17:45,8.33899974822998,8.34000015258789,8.336999893188477,8.338000297546387,0
2026-08-08T17:50,8.338000297546387,8.342000007629395,8.333999633789062,8.335000038146973,0
2026-08-08T17:55,8.335000038146973,8.335000038146973,8.32800006866455,8.32800006866455,0
2026-08-08T18:00,8.32699966430664,8.331999778747559,8.326000213623047,8.331999778747559,0
2026-08-08T18:05,8.331999778747559,8.333000183105469,8.326000213623047,8.329999923706055,0
2026-08-08T18:10,8.329000473022461,8.331999778747559,8.32699966430664,8.331999778747559,197872
2026-08-08T18:15,8.329999923706055,8.329999923706055,8.322999954223633,8.322999954223633,0
2026-08-08T18:20,8.321999549865723,8.324999809265137,8.317000389099121,8.319999694824219,0
2026-08-08T18:25,8.319999694824219,8.322999954223633,8.319000244140625,8.319999694824219,298464
2026-08-08T18:30,8.317999839782715,8.321999549865723,8.317999839782715,8.321999549865723,242384
2026-08-08T18:35,8.319999694824219,8.326000213623047,8.319999694824219,8.321999549865723,51936
2026-08-08T18:40,8.321999549865723,8.329000473022461,8.321999549865723,8.32699966430664,0
2026-08-08T18:45,8.32800006866455,8.329000473022461,8.324000358581543,8.324999809265137,0
2026-08-08T18:50,8.324999809265137,8.324999809265137,8.321999549865723,8.322999954223633,0
2026-08-08T18:55,8.322999954223633,8.324999809265137,8.321000099182129,8.324999809265137,0
2026-08-08T19:00,8.324999809265137,8.326000213623047,8.319999694824219,8.324000358581543,0
2026-08-08T19:05,8.319999694824219,8.324000358581543,8.319000244140625,8.321999549865723,0
2026-08-08T19:10,8.321999549865723,8.324999809265137,8.317999839782715,8.317999839782715,0
2026-08-08T19:15,8.321999549865723,8.321999549865723,8.317999839782715,8.321000099182129,0
2026-08-08T19:20,8.321000099182129,8.321999549865723,8.319000244140625,8.319000244140625,0
2026-08-08T19:25,8.317000389099121,8.321999549865723,8.317000389099121,8.319000244140625,36512
2026-08-08T19:30,8.319000244140625,8.319999694824219,8.319000244140625,8.319999694824219,0
2026-08-08T19:35,8.319999694824219,8.326000213623047,8.319999694824219,8.326000213623047,63520
2026-08-08T19:40,8.322999954223633,8.326000213623047,8.322999954223633,8.324999809265137,12576
2026-08-08T19:45,8.324999809265137,8.32800006866455,8.324000358581543,8.32800006866455,0
2026-08-08T19:50,8.32699966430664,8.331999778747559,8.32699966430664,8.331999778747559,194784
2026-08-08T19:55,8.331999778747559,8.333000183105469,8.324000358581543,8.326000213623047,0
2026-08-08T20:00,8.326000213623047,8.326000213623047,8.324999809265137,8.326000213623047,0
2026-08-08T20:05,8.326000213623047,8.331999778747559,8.326000213623047,8.331000328063965,0
2026-08-08T20:10,8.331000328063965,8.333999633789062,8.329999923706055,8.333999633789062,0
2026-08-08T20:15,8.336000442504883,8.33899974822998,8.333999633789062,8.333999633789062,0
2026-08-08T20:20,8.336000442504883,8.336000442504883,8.32800006866455,8.329000473022461,178160
2026-08-08T20:25,8.329999923706055,8.329999923706055,8.329000473022461,8.329000473022461,0
2026-08-08T20:30,8.329000473022461,8.338000297546387,8.329000473022461,8.338000297546387,0
2026-08-08T20:35,8.336000442504883,8.338000297546387,8.335000038146973,8.336999893188477,111856
2026-08-08T20:40,8.336999893188477,8.336999893188477,8.336999893188477,8.336999893188477,18000
2026-08-08T20:45,8.336999893188477,8.33899974822998,8.333999633789062,8.336000442504883,80224
2026-08-08T20:50,8.333999633789062,8.338000297546387,8.333999633789062,8.336999893188477,183056
2026-08-08T20:55,8.336000442504883,8.338000297546387,8.335000038146973,8.336999893188477,163152
2026-08-08T21:00,8.336999893188477,8.34000015258789,8.335000038146973,8.335000038146973,0
2026-08-08T21:05,8.336000442504883,8.336999893188477,8.335000038146973,8.335000038146973,353168
2026-08-08T21:10,8.336999893188477,8.34000015258789,8.335000038146973,8.335000038146973,164352
2026-08-08T21:15,8.331999778747559,8.336000442504883,8.331999778747559,8.335000038146973,538784
2026-08-08T21:20,8.338000297546387,8.34000015258789,8.333000183105469,8.333000183105469,104624
2026-08-08T21:25,8.335000038146973,8.33899974822998,8.335000038146973,8.336000442504883,7568
2026-08-08T21:30,8.333999633789062,8.340999603271484,8.331999778747559,8.340999603271484,88688
2026-08-08T21:35,8.34000015258789,8.34000015258789,8.33899974822998,8.33899974822998,0
2026-08-08T21:40,8.338000297546387,8.33899974822998,8.336000442504883,8.338000297546387,346016
2026-08-08T21:45,8.338000297546387,8.342000007629395,8.331999778747559,8.331999778747559,0
2026-08-08T21:50,8.331999778747559,8.335000038146973,8.329999923706055,8.329999923706055,0
2026-08-08T21:55,8.329999923706055,8.338000297546387,8.329000473022461,8.338000297546387,48032
2026-08-08T22:00,8.340999603271484,8.340999603271484,8.329999923706055,8.34000015258789,66048
2026-08-08T22:05,8.336999893188477,8.336999893188477,8.333000183105469,8.335000038146973,209168
2026-08-08T22:10,8.335000038146973,8.336000442504883,8.329999923706055,8.329999923706055,0
2026-08-08T22:15,8.329999923706055,8.333999633789062,8.329999923706055,8.333999633789062,210192
2026-08-08T22:20,8.333999633789062,8.335000038146973,8.329999923706055,8.331999778747559,0
2026-08-08T22:25,8.333999633789062,8.333999633789062,8.333000183105469,8.333000183105469,0
2026-08-08T22:30,8.331999778747559,8.333000183105469,8.32800006866455,8.331000328063965,0
2026-08-08T22:35,8.329999923706055,8.329999923706055,8.32699966430664,8.329999923706055,65408
2026-08-08T22:40,8.329999923706055,8.329999923706055,8.315999984741211,8.317999839782715,185312
2026-08-08T22:45,8.317999839782715,8.317999839782715,8.314000129699707,8.314000129699707,324144
2026-08-08T22:50,8.314000129699707,8.314000129699707,8.3100004196167,8.3100004196167,91408
2026-08-08T22:55,8.307999610900879,8.307999610900879,8.295000076293945,8.29800033569336,231968
2026-08-08T23:00,8.29699993133545,8.29800033569336,8.291000366210938,8.293999671936035,244640
2026-08-08T23:05,8.293999671936035,8.300999641418457,8.293999671936035,8.298999786376953,0
2026-08-08T23:10,8.298999786376953,8.298999786376953,8.291999816894531,8.293000221252441,0
2026-08-08T23:15,8.293000221252441,8.295000076293945,8.289999961853027,8.295000076293945,0
2026-08-08T23:20,8.29699993133545,8.298999786376953,8.295000076293945,8.295000076293945,0
2026-08-08T23:25,8.29699993133545,8.300000190734863,8.293999671936035,8.295000076293945,6592
2026-08-08T23:30,8.295999526977539,8.295999526977539,8.293000221252441,8.295999526977539,40896
2026-08-08T23:35,8.295999526977539,8.303999900817871,8.293000221252441,8.303000450134277,246944
2026-08-08T23:40,8.303999900817871,8.307000160217285,8.303000450134277,8.305999755859375,0
2026-08-08T23:45,8.305000305175781,8.305999755859375,8.303000450134277,8.303000450134277,0
2026-08-08T23:50,8.303000450134277,8.305000305175781,8.300000190734863,8.303000450134277,0
2026-08-08T23:55,8.300000190734863,8.307000160217285,8.300000190734863,8.302000045776367,0
2026-08-09T00:00,8.300999641418457,8.305999755859375,8.300000190734863,8.303999900817871,0
2026-08-09T00:05,8.303999900817871,8.305000305175781,8.300999641418457,8.305000305175781,0
2026-08-09T00:10,8.307999610900879,8.3100004196167,8.302000045776367,8.303000450134277,0
2026-08-09T00:15,8.303000450134277,8.303000450134277,8.300999641418457,8.303000450134277,146720
2026-08-09T00:20,8.305999755859375,8.312000274658203,8.305000305175781,8.3100004196167,0
2026-08-09T00:25,8.307000160217285,8.3100004196167,8.303999900817871,8.309000015258789,49888
2026-08-09T00:30,8.3100004196167,8.312999725341797,8.307999610900879,8.3100004196167,192144
2026-08-09T00:35,8.309000015258789,8.314000129699707,8.309000015258789,8.312999725341797,0
2026-08-09T00:40,8.314000129699707,8.3149995803833,8.307999610900879,8.312999725341797,0
2026-08-09T00:45,8.310999870300293,8.319000244140625,8.305999755859375,8.305999755859375,42960
2026-08-09T00:50,8.305999755859375,8.309000015258789,8.303999900817871,8.309000015258789,0
2026-08-09T00:55,8.309000015258789,8.319999694824219,8.309000015258789,8.317000389099121,492496
2026-08-09T01:00,8.315999984741211,8.32699966430664,8.315999984741211,8.321999549865723,0
2026-08-09T01:05,8.321999549865723,8.324999809265137,8.319000244140625,8.321999549865723,0
2026-08-09T01:10,8.321000099182129,8.321000099182129,8.3149995803833,8.317999839782715,0
2026-08-09T01:15,8.317000389099121,8.317999839782715,8.312999725341797,8.315999984741211,0
2026-08-09T01:20,8.315999984741211,8.315999984741211,8.307999610900879,8.307999610900879,0
2026-08-09T01:25,8.307999610900879,8.309000015258789,8.300000190734863,8.300000190734863,0
2026-08-09T01:30,8.300000190734863,8.307000160217285,8.300000190734863,8.303000450134277,90432
2026-08-09T01:35,8.300999641418457,8.302000045776367,8.300000190734863,8.302000045776367,0
2026-08-09T01:40,8.302000045776367,8.303999900817871,8.300999641418457,8.303999900817871,275680
2026-08-09T01:45,8.303999900817871,8.303999900817871,8.300000190734863,8.300999641418457,0
2026-08-09T01:50,8.300999641418457,8.302000045776367,8.29699993133545,8.300000190734863,0
2026-08-09T01:55,8.300000190734863,8.303999900817871,8.300000190734863,8.300000190734863,729792
2026-08-09T02:00,8.29800033569336,8.298999786376953,8.291000366210938,8.293000221252441,0
2026-08-09T02:05,8.293000221252441,8.295000076293945,8.289999961853027,8.291999816894531,0
2026-08-09T02:10,8.293000221252441,8.300000190734863,8.293000221252441,8.298999786376953,23312
2026-08-09T02:15,8.298999786376953,8.298999786376953,8.293000221252441,8.29699993133545,0
2026-08-09T02:20,8.29699993133545,8.305000305175781,8.29699993133545,8.305000305175781,0
2026-08-09T02:25,8.305000305175781,8.307000160217285,8.303999900817871,8.303999900817871,0
2026-08-09T02:30,8.303999900817871,8.303999900817871,8.29699993133545,8.29699993133545,0
2026-08-09T02:35,8.29699993133545,8.29699993133545,8.291000366210938,8.291000366210938,103104
2026-08-09T02:40,8.291000366210938,8.295000076293945,8.289999961853027,8.289999961853027,0
2026-08-09T02:45,8.289999961853027,8.291999816894531,8.28600025177002,8.28600025177002,51600
2026-08-09T02:50,8.28499984741211,8.28499984741211,8.281000137329102,8.281999588012695,0
2026-08-09T02:55,8.281999588012695,8.289999961853027,8.281999588012695,8.288000106811523,278032
2026-08-09T03:00,8.288000106811523,8.289999961853027,8.279999732971191,8.284000396728516,0
2026-08-09T03:05,8.284000396728516,8.284000396728516,8.265000343322754,8.267000198364258,0
2026-08-09T03:10,8.267000198364258,8.269000053405762,8.26200008392334,8.262999534606934,834048
2026-08-09T03:15,8.26200008392334,8.27299976348877,8.26200008392334,8.272000312805176,0
2026-08-09T03:20,8.272000312805176,8.281999588012695,8.272000312805176,8.281999588012695,0
2026-08-09T03:25,8.281999588012695,8.286999702453613,8.279999732971191,8.286999702453613,0
2026-08-09T03:30,8.28600025177002,8.289999961853027,8.28600025177002,8.289999961853027,0
2026-08-09T03:35,8.288999557495117,8.288999557495117,8.284000396728516,8.28499984741211,0
2026-08-09T03:40,8.28499984741211,8.28499984741211,8.281000137329102,8.282999992370605,0
2026-08-09T03:45,8.279999732971191,8.28600025177002,8.279999732971191,8.281000137329102,0
2026-08-09T03:50,8.279999732971191,8.281999588012695,8.279000282287598,8.279000282287598,0
2026-08-09T03:55,8.279000282287598,8.281999588012695,8.277999877929688,8.277999877929688,0
2026-08-09T04:00,8.279000282287598,8.288000106811523,8.279000282287598,8.288000106811523,0
2026-08-09T04:05,8.288000106811523,8.289999961853027,8.28499984741211,8.289999961853027,0
2026-08-09T04:10,8.289999961853027,8.303000450134277,8.289999961853027,8.300000190734863,0
2026-08-09T04:15,8.302000045776367,8.305999755859375,8.29699993133545,8.298999786376953,0
2026-08-09T04:20,8.298999786376953,8.300000190734863,8.29699993133545,8.300000190734863,0
2026-08-09T04:25,8.29800033569336,8.305999755859375,8.29800033569336,8.305999755859375,0
2026-08-09T04:30,8.303999900817871,8.303999900817871,8.29699993133545,8.29699993133545,0
2026-08-09T04:35,8.295999526977539,8.295999526977539,8.289999961853027,8.295000076293945,0
2026-08-09T04:40,8.293999671936035,8.29699993133545,8.291999816894531,8.291999816894531,0
2026-08-09T04:45,8.291000366210938,8.291000366210938,8.289999961853027,8.291000366210938,0
2026-08-09T04:50,8.289999961853027,8.289999961853027,8.281000137329102,8.282999992370605,0
2026-08-09T04:55,8.282999992370605,8.28499984741211,8.281999588012695,8.28499984741211,0
2026-08-09T05:00,8.28499984741211,8.286999702453613,8.282999992370605,8.28499984741211,0
2026-08-09T05:05,8.284000396728516,8.29699993133545,8.284000396728516,8.293999671936035,0
2026-08-09T05:10,8.293000221252441,8.293000221252441,8.286999702453613,8.286999702453613,0
2026-08-09T05:15,8.28600025177002,8.286999702453613,8.284000396728516,8.284000396728516,430640
2026-08-09T05:20,8.284000396728516,8.284000396728516,8.279999732971191,8.281000137329102,0
2026-08-09T05:25,8.281000137329102,8.281000137329102,8.267999649047852,8.270000457763672,0
2026-08-09T05:30,8.267999649047852,8.270000457763672,8.265999794006348,8.267000198364258,256800
2026-08-09T05:35,8.267000198364258,8.267999649047852,8.263999938964844,8.265999794006348,0
2026-08-09T05:40,8.265999794006348,8.270000457763672,8.262999534606934,8.263999938964844,0
2026-08-09T05:45,8.262999534606934,8.265000343322754,8.26200008392334,8.262999534606934,0
2026-08-09T05:50,8.262999534606934,8.265000343322754,8.256999969482422,8.258999824523926,0
2026-08-09T05:55,8.26099967956543,8.274999618530273,8.26099967956543,8.274999618530273,584160
2026-08-09T06:00,8.27400016784668,8.27400016784668,8.269000053405762,8.272000312805176,0
2026-08-09T06:05,8.272000312805176,8.277999877929688,8.270999908447266,8.274999618530273,0
2026-08-09T06:10,8.274999618530273,8.279999732971191,8.27400016784668,8.279999732971191,180288
2026-08-09T06:15,8.281999588012695,8.286999702453613,8.279999732971191,8.286999702453613,0
2026-08-09T06:20,8.289999961853027,8.295000076293945,8.288999557495117,8.288999557495117,522512
2026-08-09T06:25,8.288999557495117,8.295000076293945,8.288999557495117,8.295000076293945,0
2026-08-09T06:30,8.295000076293945,8.307000160217285,8.293000221252441,8.303999900817871,0
2026-08-09T06:35,8.303999900817871,8.3149995803833,8.303999900817871,8.3149995803833,116832
2026-08-09T06:40,8.312999725341797,8.319999694824219,8.310999870300293,8.319000244140625,202896
2026-08-09T06:45,8.319000244140625,8.319999694824219,8.317999839782715,8.319999694824219,0
2026-08-09T06:50,8.319999694824219,8.333000183105469,8.319999694824219,8.32800006866455,357440
2026-08-09T06:55,8.32800006866455,8.34000015258789,8.32800006866455,8.338000297546387,147920
2026-08-09T07:00,8.336999893188477,8.345999717712402,8.331999778747559,8.338000297546387,350784
2026-08-09T07:05,8.33899974822998,8.342000007629395,8.32800006866455,8.342000007629395,549344
2026-08-09T07:10,8.338000297546387,8.343999862670898,8.32800006866455,8.343000411987305,4720
2026-08-09T07:15,8.343999862670898,8.343999862670898,8.335000038146973,8.336000442504883,717040
2026-08-09T07:20,8.335000038146973,8.336000442504883,8.331999778747559,8.336000442504883,369568
2026-08-09T07:25,8.336999893188477,8.345999717712402,8.336999893188477,8.338000297546387,76912
2026-08-09T07:30,8.340999603271484,8.342000007629395,8.336000442504883,8.336000442504883,149248
2026-08-09T07:35,8.335000038146973,8.335000038146973,8.32699966430664,8.329000473022461,0
2026-08-09T07:40,8.331000328063965,8.331999778747559,8.32699966430664,8.331999778747559,0
2026-08-09T07:45,8.32800006866455,8.331000328063965,8.324999809265137,8.324999809265137,36768
2026-08-09T07:50,8.324999809265137,8.326000213623047,8.324999809265137,8.326000213623047,96400
2026-08-09T07:55,8.326000213623047,8.335000038146973,8.326000213623047,8.335000038146973,14320
2026-08-09T08:00,8.335000038146973,8.350000381469727,8.333000183105469,8.345999717712402,0
2026-08-09T08:05,8.345999717712402,8.345999717712402,8.324000358581543,8.32699966430664,508592
2026-08-09T08:10,8.32699966430664,8.32699966430664,8.324999809265137,8.324999809265137,265008
2026-08-09T08:15,8.322999954223633,8.326000213623047,8.321999549865723,8.321999549865723,0
2026-08-09T08:20,8.321999549865723,8.321999549865723,8.3149995803833,8.3149995803833,10048
2026-08-09T08:25,8.315999984741211,8.315999984741211,8.314000129699707,8.3149995803833,93632
2026-08-09T08:30,8.312999725341797,8.317999839782715,8.312999725341797,8.317000389099121,0
2026-08-09T08:35,8.315999984741211,8.315999984741211,8.307999610900879,8.307999610900879,40640
2026-08-09T08:40,8.305999755859375,8.309000015258789,8.295999526977539,8.295999526977539,62096
2026-08-09T08:45,8.293999671936035,8.305000305175781,8.293999671936035,8.303999900817871,278400
2026-08-09T08:50,8.302000045776367,8.302000045776367,8.29800033569336,8.300999641418457,0
2026-08-09T08:55,8.300999641418457,8.312999725341797,8.300999641418457,8.312999725341797,0
2026-08-09T09:00,8.3100004196167,8.315999984741211,8.307000160217285,8.315999984741211,0
2026-08-09T09:05,8.314000129699707,8.314000129699707,8.310999870300293,8.310999870300293,86608
2026-08-09T09:10,8.3100004196167,8.3100004196167,8.303000450134277,8.309000015258789,66432
2026-08-09T09:15,8.307000160217285,8.307000160217285,8.303999900817871,8.303999900817871,55792
2026-08-09T09:20,8.303999900817871,8.303999900817871,8.300999641418457,8.300999641418457,0
2026-08-09T09:25,8.300999641418457,8.300999641418457,8.291999816894531,8.291999816894531,0
2026-08-09T09:30,8.291000366210938,8.300000190734863,8.289999961853027,8.29800033569336,0
2026-08-09T09:35,8.300000190734863,8.303000450134277,8.298999786376953,8.303000450134277,0
2026-08-09T09:40,8.303000450134277,8.303000450134277,8.302000045776367,8.303000450134277,0
2026-08-09T09:45,8.303000450134277,8.303000450134277,8.29699993133545,8.29699993133545,0
2026-08-09T09:50,8.29699993133545,8.307999610900879,8.293999671936035,8.307999610900879,0
2026-08-09T09:55,8.307999610900879,8.310999870300293,8.303000450134277,8.310999870300293,0
2026-08-09T10:00,8.314000129699707,8.314000129699707,8.305999755859375,8.305999755859375,0
2026-08-09T10:05,8.305999755859375,8.307999610900879,8.305999755859375,8.307000160217285,0
2026-08-09T10:10,8.307000160217285,8.317000389099121,8.307000160217285,8.317000389099121,0
2026-08-09T10:15,8.317000389099121,8.319000244140625,8.3149995803833,8.317000389099121,0
2026-08-09T10:20,8.317999839782715,8.324999809265137,8.317999839782715,8.319000244140625,0
2026-08-09T10:25,8.319000244140625,8.319000244140625,8.307000160217285,8.307000160217285,0
2026-08-09T10:30,8.305999755859375,8.305999755859375,8.302000045776367,8.302000045776367,0
2026-08-09T10:35,8.302000045776367,8.303000450134277,8.29699993133545,8.29699993133545,0
2026-08-09T10:40,8.29699993133545,8.298999786376953,8.29699993133545,8.29800033569336,15696
2026-08-09T10:45,8.29800033569336,8.29800033569336,8.295000076293945,8.29800033569336,0
2026-08-09T10:50,8.29800033569336,8.29800033569336,8.293000221252441,8.293000221252441,0
2026-08-09T10:55,8.293000221252441,8.295000076293945,8.293000221252441,8.295000076293945,111584
2026-08-09T11:00,8.293000221252441,8.295999526977539,8.291000366210938,8.291000366210938,0
2026-08-09T11:05,8.289999961853027,8.291000366210938,8.289999961853027,8.291000366210938,0
2026-08-09T11:10,8.291000366210938,8.291999816894531,8.288999557495117,8.291999816894531,189232
2026-08-09T11:15,8.291999816894531,8.295999526977539,8.28600025177002,8.288999557495117,179904
2026-08-09T11:20,8.288999557495117,8.295999526977539,8.288999557495117,8.295000076293945,131040
2026-08-09T11:25,8.295000076293945,8.29699993133545,8.295000076293945,8.29699993133545,0
2026-08-09T11:30,8.29699993133545,8.29800033569336,8.29699993133545,8.29800033569336,0
2026-08-09T11:35,8.295999526977539,8.295999526977539,8.293000221252441,8.293999671936035,0
2026-08-09T11:40,8.293999671936035,8.293999671936035,8.291000366210938,8.291999816894531,0
2026-08-09T11:45,8.291999816894531,8.298999786376953,8.291999816894531,8.29800033569336,0
2026-08-09T11:50,8.29800033569336,8.29800033569336,8.291000366210938,8.291000366210938,0
2026-08-09T11:55,8.289999961853027,8.293999671936035,8.289999961853027,8.291000366210938,0
2026-08-09T12:00,8.291999816894531,8.291999816894531,8.281000137329102,8.28600025177002,0
2026-08-09T12:05,8.28499984741211,8.28499984741211,8.281999588012695,8.284000396728516,0
2026-08-09T12:10,8.28499984741211,8.286999702453613,8.281999588012695,8.281999588012695,0
2026-08-09T12:15,8.282999992370605,8.28499984741211,8.279999732971191,8.281000137329102,0
2026-08-09T12:20,8.279999732971191,8.28600025177002,8.279999732971191,8.28600025177002,0
2026-08-09T12:25,8.28600025177002,8.286999702453613,8.284000396728516,8.28600025177002,0
2026-08-09T12:30,8.28600025177002,8.28600025177002,8.279999732971191,8.279999732971191,0
2026-08-09T12:35,8.279999732971191,8.279999732971191,8.27299976348877,8.277999877929688,0
2026-08-09T12:40,8.279000282287598,8.281999588012695,8.279000282287598,8.281999588012695,0
2026-08-09T12:45,8.279000282287598,8.279999732971191,8.277000427246094,8.277999877929688,82736
2026-08-09T12:50,8.279000282287598,8.279000282287598,8.276000022888184,8.277999877929688,0
2026-08-09T12:55,8.277999877929688,8.282999992370605,8.277999877929688,8.281000137329102,96192
2026-08-09T13:00,8.279999732971191,8.291999816894531,8.277999877929688,8.291999816894531,0
2026-08-09T13:05,8.291000366210938,8.295000076293945,8.289999961853027,8.291999816894531,0
2026-08-09T13:10,8.293000221252441,8.295000076293945,8.289999961853027,8.295000076293945,0
2026-08-09T13:15,8.295000076293945,8.314000129699707,8.295000076293945,8.312999725341797,0
2026-08-09T13:20,8.312999725341797,8.315999984741211,8.309000015258789,8.309000015258789,176928
2026-08-09T13:25,8.309000015258789,8.315999984741211,8.305000305175781,8.314000129699707,0
2026-08-09T13:30,8.3149995803833,8.3149995803833,8.305999755859375,8.305999755859375,155296
2026-08-09T13:35,8.305999755859375,8.305999755859375,8.29699993133545,8.300999641418457,116912
2026-08-09T13:40,8.305999755859375,8.309000015258789,8.303000450134277,8.303999900817871,149952
2026-08-09T13:45,8.305000305175781,8.305000305175781,8.29800033569336,8.298999786376953,0
2026-08-09T13:50,8.298999786376953,8.298999786376953,8.293999671936035,8.293999671936035,0
2026-08-09T13:55,8.293999671936035,8.29800033569336,8.293999671936035,8.295999526977539,0
2026-08-09T14:00,8.295999526977539,8.300000190734863,8.295999526977539,8.298999786376953,0
2026-08-09T14:05,8.300999641418457,8.314000129699707,8.300999641418457,8.312000274658203,0
2026-08-09T14:10,8.312000274658203,8.321999549865723,8.310999870300293,8.321999549865723,0
2026-08-09T14:15,8.321999549865723,8.34000015258789,8.321999549865723,8.336000442504883,128656
2026-08-09T14:20,8.336000442504883,8.336000442504883,8.3149995803833,8.3149995803833,456944
2026-08-09T14:25,8.3149995803833,8.317000389099121,8.310999870300293,8.310999870300293,0
2026-08-09T14:30,8.310999870300293,8.321999549865723,8.310999870300293,8.319999694824219,0
2026-08-09T14:35,8.319999694824219,8.319999694824219,8.307000160217285,8.312000274658203,183952
2026-08-09T14:40,8.307999610900879,8.310999870300293,8.298999786376953,8.298999786376953,444304
2026-08-09T14:45,8.300000190734863,8.300000190734863,8.293000221252441,8.293999671936035,958416
2026-08-09T14:50,8.293999671936035,8.295999526977539,8.293000221252441,8.295999526977539,707168
2026-08-09T14:55,8.295000076293945,8.303000450134277,8.295000076293945,8.300000190734863,706496
2026-08-09T15:00,8.300000190734863,8.312999725341797,8.29699993133545,8.312999725341797,1720192
2026-08-09T15:05,8.310999870300293,8.312999725341797,8.305000305175781,8.307999610900879,1708304
2026-08-09T15:10,8.307000160217285,8.310999870300293,8.29800033569336,8.3100004196167,941536
2026-08-09T15:15,8.312000274658203,8.331000328063965,8.3100004196167,8.312000274658203,2013648
2026-08-09T15:20,8.312000274658203,8.324000358581543,8.312000274658203,8.312999725341797,1202528
2026-08-09T15:25,8.314000129699707,8.324999809265137,8.314000129699707,8.319000244140625,0
2026-08-09T15:30,8.322999954223633,8.335000038146973,8.317999839782715,8.333000183105469,0
2026-08-09T15:35,8.331999778747559,8.336000442504883,8.331000328063965,8.335000038146973,139408
2026-08-09T15:40,8.335000038146973,8.359999656677246,8.333999633789062,8.35200023651123,179056
2026-08-09T15:45,8.350000381469727,8.350000381469727,8.336999893188477,8.343999862670898,518208
2026-08-09T15:50,8.343000411987305,8.343000411987305,8.331000328063965,8.335000038146973,405952
2026-08-09T15:55,8.331999778747559,8.35099983215332,8.331999778747559,8.345000267028809,524800
2026-08-09T16:00,8.35200023651123,8.354000091552734,8.343999862670898,8.345000267028809,166032
2026-08-09T16:05,8.340999603271484,8.347000122070312,8.336000442504883,8.336000442504883,148624
2026-08-09T16:10,8.335000038146973,8.335000038146973,8.331000328063965,8.331999778747559,0
2026-08-09T16:15,8.333999633789062,8.345999717712402,8.333999633789062,8.338000297546387,0
2026-08-09T16:20,8.338000297546387,8.340999603271484,8.331999778747559,8.331999778747559,0
2026-08-09T16:25,8.331999778747559,8.331999778747559,8.319999694824219,8.32699966430664,8880
2026-08-09T16:30,8.32800006866455,8.34000015258789,8.326000213623047,8.34000015258789,319760
2026-08-09T16:35,8.34000015258789,8.34000015258789,8.335000038146973,8.336999893188477,0
2026-08-09T16:40,8.336999893188477,8.340999603271484,8.335000038146973,8.335000038146973,51424
2026-08-09T16:45,8.338000297546387,8.345999717712402,8.338000297546387,8.33899974822998,313696
2026-08-09T16:50,8.336000442504883,8.34000015258789,8.335000038146973,8.336999893188477,103520
2026-08-09T16:55,8.335000038146973,8.33899974822998,8.335000038146973,8.336999893188477,505600
2026-08-09T17:00,8.336000442504883,8.34000015258789,8.336000442504883,8.34000015258789,268064
2026-08-09T17:05,8.33899974822998,8.33899974822998,8.32800006866455,8.331999778747559,799808
2026-08-09T17:10,8.331999778747559,8.335000038146973,8.329000473022461,8.333999633789062,63888
2026-08-09T17:15,8.333000183105469,8.336999893188477,8.333000183105469,8.336000442504883,0
2026-08-09T17:20,8.336999893188477,8.338000297546387,8.329999923706055,8.333000183105469,119232
2026-08-09T17:25,8.333000183105469,8.333999633789062,8.32800006866455,8.32800006866455,352080
2026-08-09T17:30,8.331000328063965,8.331000328063965,8.324000358581543,8.324000358581543,313456
2026-08-09T17:35,8.324000358581543,8.326000213623047,8.321999549865723,8.324000358581543,200048
2026-08-09T17:40,8.324999809265137,8.324999809265137,8.317999839782715,8.319000244140625,122608
2026-08-09T17:45,8.319000244140625,8.319999694824219,8.3100004196167,8.312999725341797,1648
2026-08-09T17:50,8.312999725341797,8.314000129699707,8.309000015258789,8.309000015258789,0
2026-08-09T17:55,8.3100004196167,8.312000274658203,8.305999755859375,8.312000274658203,0
2026-08-09T18:00,8.312000274658203,8.322999954223633,8.310999870300293,8.322999954223633,0
2026-08-09T18:05,8.322999954223633,8.329000473022461,8.322999954223633,8.32699966430664,0
2026-08-09T18:10,8.32699966430664,8.32699966430664,8.321999549865723,8.324000358581543,138816
2026-08-09T18:15,8.321999549865723,8.32699966430664,8.310999870300293,8.324999809265137,0
2026-08-09T18:20,8.326000213623047,8.329000473022461,8.322999954223633,8.32699966430664,211872
2026-08-09T18:25,8.32699966430664,8.329000473022461,8.324999809265137,8.329000473022461,0
2026-08-09T18:30,8.329000473022461,8.329999923706055,8.32800006866455,8.32800006866455,42720
2026-08-09T18:35,8.32800006866455,8.32800006866455,8.319000244140625,8.319000244140625,0
2026-08-09T18:40,8.319000244140625,8.321000099182129,8.319000244140625,8.319999694824219,0
2026-08-09T18:45,8.321999549865723,8.32800006866455,8.321999549865723,8.321999549865723,0
2026-08-09T18:50,8.321999549865723,8.324000358581543,8.321999549865723,8.322999954223633,148640
2026-08-09T18:55,8.319000244140625,8.319999694824219,8.319000244140625,8.319999694824219,92976
2026-08-09T19:00,8.319000244140625,8.321000099182129,8.317999839782715,8.319000244140625,0
2026-08-09T19:05,8.319000244140625,8.321999549865723,8.319000244140625,8.319999694824219,0
2026-08-09T19:10,8.317999839782715,8.317999839782715,8.305000305175781,8.305999755859375,160144
2026-08-09T19:15,8.303000450134277,8.309000015258789,8.303000450134277,8.309000015258789,0
2026-08-09T19:20,8.312000274658203,8.312000274658203,8.303999900817871,8.307000160217285,399424
2026-08-09T19:25,8.307000160217285,8.309000015258789,8.305000305175781,8.307999610900879,0
2026-08-09T19:30,8.307999610900879,8.312000274658203,8.307000160217285,8.312000274658203,0
2026-08-09T19:35,8.312000274658203,8.3149995803833,8.312000274658203,8.314000129699707,0
2026-08-09T19:40,8.312000274658203,8.315999984741211,8.307999610900879,8.314000129699707,49584
2026-08-09T19:45,8.314000129699707,8.3149995803833,8.310999870300293,8.310999870300293,106656
2026-08-09T19:50,8.310999870300293,8.314000129699707,8.3100004196167,8.310999870300293,0
2026-08-09T19:55,8.310999870300293,8.317000389099121,8.310999870300293,8.315999984741211,9840
2026-08-09T20:00,8.312999725341797,8.317999839782715,8.312999725341797,8.312999725341797,0
2026-08-09T20:05,8.312999725341797,8.317000389099121,8.312000274658203,8.317000389099121,0
2026-08-09T20:10,8.317000389099121,8.317000389099121,8.309000015258789,8.310999870300293,88272
2026-08-09T20:15,8.309000015258789,8.319999694824219,8.309000015258789,8.319999694824219,0
2026-08-09T20:20,8.319999694824219,8.329000473022461,8.319999694824219,8.32699966430664,133568
2026-08-09T20:25,8.32699966430664,8.329999923706055,8.322999954223633,8.324999809265137,336352
2026-08-09T20:30,8.32699966430664,8.331999778747559,8.324999809265137,8.32800006866455,408992
2026-08-09T20:35,8.32800006866455,8.329000473022461,8.32699966430664,8.32699966430664,158432
2026-08-09T20:40,8.32699966430664,8.329000473022461,8.326000213623047,8.329000473022461,132704
2026-08-09T20:45,8.329000473022461,8.329000473022461,8.324999809265137,8.32699966430664,544
2026-08-09T20:50,8.329000473022461,8.331000328063965,8.322999954223633,8.331000328063965,0
2026-08-09T20:55,8.326000213623047,8.32800006866455,8.324999809265137,8.324999809265137,23616
2026-08-09T21:00,8.324000358581543,8.331000328063965,8.324000358581543,8.32800006866455,0
2026-08-09T21:05,8.32800006866455,8.32800006866455,8.317000389099121,8.317000389099121,0
2026-08-09T21:10,8.317000389099121,8.333999633789062,8.317000389099121,8.326000213623047,0
2026-08-09T21:15,8.324999809265137,8.32800006866455,8.324999809265137,8.32699966430664,0
2026-08-09T21:20,8.32800006866455,8.331000328063965,8.324000358581543,8.326000213623047,0
2026-08-09T21:25,8.331000328063965,8.336000442504883,8.329000473022461,8.333999633789062,116800
2026-08-09T21:30,8.336000442504883,8.34000015258789,8.336000442504883,8.33899974822998,141872
2026-08-09T21:35,8.33899974822998,8.34000015258789,8.33899974822998,8.34000015258789,0
2026-08-09T21:40,8.34000015258789,8.34000015258789,8.331999778747559,8.336999893188477,74864
2026-08-09T21:45,8.336999893188477,8.34000015258789,8.333000183105469,8.333999633789062,18032
2026-08-09T21:50,8.333999633789062,8.333999633789062,8.32800006866455,8.32800006866455,528816
2026-08-09T21:55,8.329999923706055,8.336000442504883,8.329999923706055,8.335000038146973,156400
2026-08-09T22:00,8.338000297546387,8.34000015258789,8.333000183105469,8.33899974822998,0
2026-08-09T22:05,8.33899974822998,8.347999572753906,8.33899974822998,8.345999717712402,714592
2026-08-09T22:10,8.348999977111816,8.369999885559082,8.345000267028809,8.366000175476074,406848
2026-08-09T22:15,8.369000434875488,8.380000114440918,8.357000350952148,8.357999801635742,1831616
2026-08-09T22:20,8.359000205993652,8.359999656677246,8.342000007629395,8.342000007629395,1008512
2026-08-09T22:25,8.342000007629395,8.343000411987305,8.338000297546387,8.33899974822998,858064
2026-08-09T22:30,8.33899974822998,8.33899974822998,8.29699993133545,8.307000160217285,212128
2026-08-09T22:35,8.305999755859375,8.305999755859375,8.281000137329102,8.281999588012695,781056
2026-08-09T22:40,8.284000396728516,8.289999961853027,8.284000396728516,8.288000106811523,495520
2026-08-09T22:45,8.288000106811523,8.288000106811523,8.284000396728516,8.284000396728516,148592
2026-08-09T22:50,8.284000396728516,8.284000396728516,8.237000465393066,8.253000259399414,685872
2026-08-09T22:55,8.258000373840332,8.267000198364258,8.255999565124512,8.255999565124512,4036224
2026-08-09T23:00,8.251999855041504,8.256999969482422,8.239999771118164,8.25100040435791,1129872
2026-08-09T23:05,8.248000144958496,8.253999710083008,8.232999801635742,8.232999801635742,196944
2026-08-09T23:10,8.234999656677246,8.246999740600586,8.234999656677246,8.241000175476074,571552
2026-08-09T23:15,8.236000061035156,8.23900032043457,8.22599983215332,8.232999801635742,74544
2026-08-09T23:20,8.237000465393066,8.237000465393066,8.21500015258789,8.223999977111816,656272
2026-08-09T23:25,8.222999572753906,8.223999977111816,8.204000473022461,8.210000038146973,567584
2026-08-09T23:30,8.204999923706055,8.204999923706055,8.185999870300293,8.187999725341797,1860560
2026-08-09T23:35,8.185999870300293,8.204999923706055,8.185999870300293,8.194999694824219,1906752
2026-08-09T23:40,8.1899995803833,8.194999694824219,8.187999725341797,8.192000389099121,943488
2026-08-09T23:45,8.189000129699707,8.196999549865723,8.189000129699707,8.192999839782715,354704
2026-08-09T23:50,8.189000129699707,8.189000129699707,8.180000305175781,8.182000160217285,704496
2026-08-09T23:55,8.180000305175781,8.185999870300293,8.17199993133545,8.185999870300293,775536
2026-08-10T00:00,8.182000160217285,8.189000129699707,8.17199993133545,8.182999610900879,213568
2026-08-10T00:05,8.184000015258789,8.21500015258789,8.184000015258789,8.211000442504883,1312000
2026-08-10T00:10,8.206000328063965,8.243000030517578,8.201000213623047,8.225000381469727,907792
2026-08-10T00:15,8.225000381469727,8.229000091552734,8.21500015258789,8.21500015258789,366160
2026-08-10T00:20,8.215999603271484,8.218000411987305,8.194000244140625,8.194000244140625,585072
2026-08-10T00:25,8.196000099182129,8.20199966430664,8.192000389099121,8.192999839782715,44576
2026-08-10T00:30,8.190999984741211,8.196999549865723,8.189000129699707,8.196000099182129,124464
2026-08-10T00:35,8.197999954223633,8.197999954223633,8.170999526977539,8.170999526977539,0
2026-08-10T00:40,8.170000076293945,8.187000274658203,8.161999702453613,8.166000366210938,497120
2026-08-10T00:45,8.166999816894531,8.187000274658203,8.164999961853027,8.187000274658203,865744
2026-08-10T00:50,8.187000274658203,8.204999923706055,8.185999870300293,8.196000099182129,583744
2026-08-10T00:55,8.194999694824219,8.201000213623047,8.182000160217285,8.182000160217285,152544
2026-08-10T01:00,8.182000160217285,8.199999809265137,8.180999755859375,8.189000129699707,0
2026-08-10T01:05,8.192000389099121,8.194000244140625,8.178000450134277,8.194000244140625,29248
2026-08-10T01:10,8.196000099182129,8.204000473022461,8.1899995803833,8.194999694824219,105376
2026-08-10T01:15,8.196999549865723,8.204999923706055,8.196999549865723,8.197999954223633,98720
2026-08-10T01:20,8.199999809265137,8.199999809265137,8.190999984741211,8.197999954223633,239664
2026-08-10T01:25,8.196999549865723,8.201000213623047,8.185999870300293,8.185999870300293,0
2026-08-10T01:30,8.182999610900879,8.187999725341797,8.175999641418457,8.175999641418457,478416
2026-08-10T01:35,8.177000045776367,8.182000160217285,8.170000076293945,8.182000160217285,830720
2026-08-10T01:40,8.182999610900879,8.187000274658203,8.178999900817871,8.1850004196167,485680
2026-08-10T01:45,8.184000015258789,8.234999656677246,8.184000015258789,8.234999656677246,84272
2026-08-10T01:50,8.237000465393066,8.255000114440918,8.234999656677246,8.23799991607666,806912
2026-08-10T01:55,8.23799991607666,8.23799991607666,8.229999542236328,8.234000205993652,182704
2026-08-10T02:00,8.23799991607666,8.23799991607666,8.206000328063965,8.217000007629395,0
2026-08-10T02:05,8.218000411987305,8.22599983215332,8.210000038146973,8.218000411987305,281328
2026-08-10T02:10,8.215999603271484,8.223999977111816,8.213000297546387,8.213000297546387,41056
2026-08-10T02:15,8.211000442504883,8.211000442504883,8.177000045776367,8.178999900817871,0
2026-08-10T02:20,8.178999900817871,8.185999870300293,8.173999786376953,8.178999900817871,307600
2026-08-10T02:25,8.177000045776367,8.180999755859375,8.170999526977539,8.178999900817871,59024
2026-08-10T02:30,8.180000305175781,8.187999725341797,8.180000305175781,8.182000160217285,58128
2026-08-10T02:35,8.1850004196167,8.201000213623047,8.182000160217285,8.201000213623047,0
2026-08-10T02:40,8.20300006866455,8.229999542236328,8.196000099182129,8.229999542236328,154832
2026-08-10T02:45,8.225000381469727,8.225000381469727,8.210000038146973,8.210000038146973,108160
2026-08-10T02:50,8.211000442504883,8.220999717712402,8.211000442504883,8.213000297546387,81200
2026-08-10T02:55,8.213000297546387,8.220999717712402,8.211999893188477,8.220999717712402,0
2026-08-10T03:00,8.215999603271484,8.222000122070312,8.206999778747559,8.206999778747559,0
2026-08-10T03:05,8.208999633789062,8.211000442504883,8.199999809265137,8.204999923706055,398640
2026-08-10T03:10,8.206000328063965,8.206999778747559,8.170999526977539,8.175000190734863,0
2026-08-10T03:15,8.17300033569336,8.199999809265137,8.168000221252441,8.199999809265137,146896
2026-08-10T03:20,8.201000213623047,8.208000183105469,8.196000099182129,8.204000473022461,479936
2026-08-10T03:25,8.204000473022461,8.208000183105469,8.178999900817871,8.178999900817871,291808
2026-08-10T03:30,8.184000015258789,8.196000099182129,8.180000305175781,8.194999694824219,264720
2026-08-10T03:35,8.196999549865723,8.197999954223633,8.1899995803833,8.192000389099121,226544
2026-08-10T03:40,8.192000389099121,8.194999694824219,8.180999755859375,8.180999755859375,47632
2026-08-10T03:45,8.1850004196167,8.189000129699707,8.1850004196167,8.187000274658203,7008
2026-08-10T03:50,8.187000274658203,8.189000129699707,8.180000305175781,8.182000160217285,109024
2026-08-10T03:55,8.182999610900879,8.184000015258789,8.170999526977539,8.178999900817871,0
2026-08-10T04:00,8.177000045776367,8.187999725341797,8.175999641418457,8.185999870300293,0
2026-08-10T04:05,8.189000129699707,8.190999984741211,8.178000450134277,8.190999984741211,0
2026-08-10T04:10,8.1850004196167,8.192000389099121,8.1850004196167,8.192000389099121,307296
2026-08-10T04:15,8.192999839782715,8.204999923706055,8.192999839782715,8.199999809265137,0
2026-08-10T04:20,8.199999809265137,8.201000213623047,8.192999839782715,8.192999839782715,18368
2026-08-10T04:25,8.192999839782715,8.197999954223633,8.190999984741211,8.192000389099121,0
2026-08-10T04:30,8.192000389099121,8.194999694824219,8.185999870300293,8.192000389099121,182672
2026-08-10T04:35,8.1899995803833,8.196999549865723,8.187999725341797,8.189000129699707,0
2026-08-10T04:40,8.187999725341797,8.194000244140625,8.17199993133545,8.192000389099121,92224
2026-08-10T04:45,8.196000099182129,8.201000213623047,8.1899995803833,8.192000389099121,138992
2026-08-10T04:50,8.192999839782715,8.192999839782715,8.187000274658203,8.1899995803833,0
2026-08-10T04:55,8.187999725341797,8.187999725341797,8.178000450134277,8.1850004196167,152656
2026-08-10T05:00,8.185999870300293,8.194000244140625,8.185999870300293,8.194000244140625,0
2026-08-10T05:05,8.192999839782715,8.199000358581543,8.192999839782715,8.199000358581543,0
2026-08-10T05:10,8.199000358581543,8.199000358581543,8.184000015258789,8.187000274658203,0
2026-08-10T05:15,8.1899995803833,8.197999954223633,8.1899995803833,8.192000389099121,211504
2026-08-10T05:20,8.194000244140625,8.208000183105469,8.194000244140625,8.208000183105469,0
2026-08-10T05:25,8.208000183105469,8.210000038146973,8.204999923706055,8.210000038146973,24400
2026-08-10T05:30,8.208999633789062,8.208999633789062,8.204000473022461,8.208000183105469,0
2026-08-10T05:35,8.208999633789062,8.210000038146973,8.206000328063965,8.206999778747559,0
2026-08-10T05:40,8.206000328063965,8.213000297546387,8.204999923706055,8.213000297546387,64784
2026-08-10T05:45,8.213000297546387,8.21500015258789,8.211999893188477,8.213000297546387,32464
2026-08-10T05:50,8.213000297546387,8.22700023651123,8.208999633789062,8.22700023651123,384320
2026-08-10T05:55,8.229000091552734,8.229999542236328,8.218000411987305,8.218999862670898,470688
2026-08-10T06:00,8.218999862670898,8.234999656677246,8.218000411987305,8.229999542236328,0
2026-08-10T06:05,8.229999542236328,8.239999771118164,8.222000122070312,8.222000122070312,0
2026-08-10T06:10,8.222000122070312,8.229000091552734,8.222000122070312,8.22700023651123,169136
2026-08-10T06:15,8.22700023651123,8.23799991607666,8.218999862670898,8.23799991607666,291504
2026-08-10T06:20,8.234000205993652,8.236000061035156,8.223999977111816,8.227999687194824,562096
2026-08-10T06:25,8.22700023651123,8.22700023651123,8.218999862670898,8.218999862670898,36688
2026-08-10T06:30,8.220999717712402,8.22700023651123,8.220000267028809,8.222000122070312,97200
2026-08-10T06:35,8.225000381469727,8.22700023651123,8.222999572753906,8.223999977111816,53696
2026-08-10T06:40,8.222000122070312,8.234999656677246,8.220000267028809,8.234999656677246,0
2026-08-10T06:45,8.229000091552734,8.232000350952148,8.227999687194824,8.227999687194824,38288
2026-08-10T06:50,8.227999687194824,8.227999687194824,8.220000267028809,8.222999572753906,0
2026-08-10T06:55,8.222999572753906,8.229999542236328,8.222999572753906,8.229999542236328,0
2026-08-10T07:00,8.230999946594238,8.230999946594238,8.223999977111816,8.22599983215332,0
2026-08-10T07:05,8.22599983215332,8.22599983215332,8.225000381469727,8.225000381469727,0
2026-08-10T07:10,8.225000381469727,8.225000381469727,8.222999572753906,8.223999977111816,0
2026-08-10T07:15,8.225000381469727,8.225000381469727,8.220000267028809,8.225000381469727,0
2026-08-10T07:20,8.22700023651123,8.232999801635742,8.22700023651123,8.232999801635742,0
2026-08-10T07:25,8.232999801635742,8.232999801635742,8.229000091552734,8.232000350952148,0
2026-08-10T07:30,8.232000350952148,8.234999656677246,8.230999946594238,8.230999946594238,0
2026-08-10T07:35,8.230999946594238,8.234999656677246,8.225000381469727,8.227999687194824,140544
2026-08-10T07:40,8.227999687194824,8.227999687194824,8.22599983215332,8.22700023651123,0
2026-08-10T07:45,8.22700023651123,8.22700023651123,8.217000007629395,8.217000007629395,89856
2026-08-10T07:50,8.217000007629395,8.217000007629395,8.21399974822998,8.21399974822998,30176
2026-08-10T07:55,8.213000297546387,8.215999603271484,8.213000297546387,8.215999603271484,0
2026-08-10T08:00,8.215999603271484,8.234999656677246,8.215999603271484,8.234999656677246,0
2026-08-10T08:05,8.232000350952148,8.232999801635742,8.22599983215332,8.22700023651123,0
2026-08-10T08:10,8.220000267028809,8.220000267028809,8.217000007629395,8.218999862670898,0
2026-08-10T08:15,8.218999862670898,8.225000381469727,8.211999893188477,8.225000381469727,22720
2026-08-10T08:20,8.225000381469727,8.225000381469727,8.218000411987305,8.222999572753906,39392
2026-08-10T08:25,8.223999977111816,8.22700023651123,8.218000411987305,8.222000122070312,0
2026-08-10T08:30,8.222000122070312,8.222000122070312,8.215999603271484,8.215999603271484,336384
2026-08-10T08:35,8.218000411987305,8.218999862670898,8.211999893188477,8.211999893188477,795152
2026-08-10T08:40,8.211999893188477,8.211999893188477,8.196000099182129,8.201000213623047,0
2026-08-10T08:45,8.194999694824219,8.20300006866455,8.194000244140625,8.20300006866455,269072
2026-08-10T08:50,8.20300006866455,8.208999633789062,8.20199966430664,8.204999923706055,431200
2026-08-10T08:55,8.204000473022461,8.213000297546387,8.204000473022461,8.211999893188477,340112
2026-08-10T09:00,8.211000442504883,8.211999893188477,8.206000328063965,8.211999893188477,0
2026-08-10T09:05,8.211999893188477,8.213000297546387,8.208999633789062,8.211999893188477,187824
2026-08-10T09:10,8.211999893188477,8.227999687194824,8.211999893188477,8.22599983215332,0
2026-08-10T09:15,8.22599983215332,8.246000289916992,8.220999717712402,8.222999572753906,304384
2026-08-10T09:20,8.222000122070312,8.222000122070312,8.218000411987305,8.220999717712402,1003264
2026-08-10T09:25,8.218999862670898,8.218999862670898,8.208000183105469,8.208000183105469,316432
2026-08-10T09:30,8.20199966430664,8.206999778747559,8.196000099182129,8.206999778747559,48096
2026-08-10T09:35,8.208000183105469,8.220999717712402,8.208000183105469,8.220000267028809,73120
2026-08-10T09:40,8.211999893188477,8.236000061035156,8.211999893188477,8.232000350952148,1968896
2026-08-10T09:45,8.229999542236328,8.23799991607666,8.220999717712402,8.230999946594238,933856
2026-08-10T09:50,8.229999542236328,8.23900032043457,8.22700023651123,8.22700023651123,1292624
2026-08-10T09:55,8.22700023651123,8.244000434875488,8.22700023651123,8.234999656677246,377040
2026-08-10T10:00,8.232000350952148,8.262999534606934,8.232000350952148,8.26200008392334,1348608
2026-08-10T10:05,8.26200008392334,8.265999794006348,8.246000289916992,8.246000289916992,1157104
2026-08-10T10:10,8.246000289916992,8.25,8.244999885559082,8.246000289916992,318016
2026-08-10T10:15,8.246999740600586,8.253000259399414,8.244000434875488,8.25100040435791,399328
2026-08-10T10:20,8.24899959564209,8.282999992370605,8.24899959564209,8.277999877929688,142656
2026-08-10T10:25,8.281000137329102,8.293999671936035,8.258999824523926,8.272000312805176,531776
2026-08-10T10:30,8.277999877929688,8.293999671936035,8.27299976348877,8.286999702453613,1127248
2026-08-10T10:35,8.289999961853027,8.298999786376953,8.27299976348877,8.27299976348877,467264
2026-08-10T10:40,8.27299976348877,8.27299976348877,8.263999938964844,8.267999649047852,433792
2026-08-10T10:45,8.267999649047852,8.28600025177002,8.265000343322754,8.281000137329102,461488
2026-08-10T10:50,8.277999877929688,8.281999588012695,8.263999938964844,8.263999938964844,860048
2026-08-10T10:55,8.263999938964844,8.270999908447266,8.26200008392334,8.270999908447266,451888
2026-08-10T11:00,8.27299976348877,8.27299976348877,8.26099967956543,8.26200008392334,0
2026-08-10T11:05,8.26099967956543,8.265000343322754,8.258999824523926,8.265000343322754,0
2026-08-10T11:10,8.267000198364258,8.28600025177002,8.267000198364258,8.282999992370605,0
2026-08-10T11:15,8.282999992370605,8.29800033569336,8.282999992370605,8.29800033569336,0
2026-08-10T11:20,8.29800033569336,8.3100004196167,8.28600025177002,8.288999557495117,0
2026-08-10T11:25,8.293999671936035,8.307999610900879,8.293999671936035,8.303999900817871,640752
2026-08-10T11:30,8.305999755859375,8.315999984741211,8.302000045776367,8.3100004196167,513872
2026-08-10T11:35,8.3149995803833,8.3149995803833,8.298999786376953,8.303999900817871,551760
2026-08-10T11:40,8.303999900817871,8.317000389099121,8.303999900817871,8.307000160217285,729168
2026-08-10T11:45,8.305999755859375,8.307999610900879,8.303000450134277,8.307999610900879,122320
2026-08-10T11:50,8.305999755859375,8.305999755859375,8.291000366210938,8.300000190734863,166160
2026-08-10T11:55,8.300000190734863,8.305999755859375,8.288000106811523,8.303000450134277,213264
2026-08-10T12:00,8.303000450134277,8.319999694824219,8.298999786376953,8.317999839782715,131312
2026-08-10T12:05,8.319999694824219,8.331999778747559,8.319000244140625,8.331999778747559,544416
2026-08-10T12:10,8.347000122070312,8.359000205993652,8.333000183105469,8.333000183105469,2078288
2026-08-10T12:15,8.32800006866455,8.32800006866455,8.319999694824219,8.324999809265137,945520
2026-08-10T12:20,8.324000358581543,8.333999633789062,8.321999549865723,8.326000213623047,1011104
2026-08-10T12:25,8.32699966430664,8.331999778747559,8.321000099182129,8.321999549865723,347056
2026-08-10T12:30,8.321000099182129,8.329999923706055,8.300000190734863,8.300000190734863,1126032
2026-08-10T12:35,8.303000450134277,8.3100004196167,8.29800033569336,8.29800033569336,529760
2026-08-10T12:40,8.29800033569336,8.317000389099121,8.293999671936035,8.317000389099121,175920
2026-08-10T12:45,8.3149995803833,8.3149995803833,8.295000076293945,8.295000076293945,586320
2026-08-10T12:50,8.295999526977539,8.295999526977539,8.279000282287598,8.28600025177002,726944
2026-08-10T12:55,8.288999557495117,8.288999557495117,8.269000053405762,8.277999877929688,343120
2026-08-10T13:00,8.276000022888184,8.281000137329102,8.269000053405762,8.270999908447266,287456
2026-08-10T13:05,8.27400016784668,8.29699993133545,8.27400016784668,8.29699993133545,231392
2026-08-10T13:10,8.300000190734863,8.300999641418457,8.29699993133545,8.29800033569336,271728
2026-08-10T13:15,8.29699993133545,8.303999900817871,8.293999671936035,8.302000045776367,596224
2026-08-10T13:20,8.305999755859375,8.305999755859375,8.289999961853027,8.303000450134277,514480
2026-08-10T13:25,8.300999641418457,8.300999641418457,8.28600025177002,8.298999786376953,640416
2026-08-10T13:30,8.295999526977539,8.29699993133545,8.262999534606934,8.262999534606934,1254816
2026-08-10T13:35,8.263999938964844,8.286999702453613,8.258000373840332,8.26099967956543,2109200
2026-08-10T13:40,8.265000343322754,8.265999794006348,8.244000434875488,8.265999794006348,2034592
2026-08-10T13:45,8.270000457763672,8.27400016784668,8.251999855041504,8.258000373840332,1767152
2026-08-10T13:50,8.26200008392334,8.277999877929688,8.255000114440918,8.258999824523926,6178512
2026-08-10T13:55,8.26200008392334,8.281000137329102,8.255999565124512,8.27400016784668,2686192
2026-08-10T14:00,8.27400016784668,8.309000015258789,8.27400016784668,8.295999526977539,908864
2026-08-10T14:05,8.293999671936035,8.298999786376953,8.286999702453613,8.298999786376953,1351472
2026-08-10T14:10,8.29800033569336,8.310999870300293,8.295999526977539,8.3100004196167,632016
2026-08-10T14:15,8.307000160217285,8.312999725341797,8.295999526977539,8.309000015258789,516576
2026-08-10T14:20,8.305000305175781,8.3100004196167,8.295000076293945,8.300999641418457,368160
2026-08-10T14:25,8.302000045776367,8.321000099182129,8.300000190734863,8.3100004196167,258896
2026-08-10T14:30,8.307000160217285,8.307000160217285,8.298999786376953,8.305000305175781,0
2026-08-10T14:35,8.309000015258789,8.321000099182129,8.307999610900879,8.314000129699707,0
2026-08-10T14:40,8.317999839782715,8.333999633789062,8.317999839782715,8.324999809265137,0
2026-08-10T14:45,8.329000473022461,8.335000038146973,8.303999900817871,8.303999900817871,0
2026-08-10T14:50,8.303999900817871,8.310999870300293,8.300999641418457,8.303000450134277,0
2026-08-10T14:55,8.303999900817871,8.307000160217285,8.289999961853027,8.298999786376953,0
2026-08-10T15:00,8.295999526977539,8.315999984741211,8.288000106811523,8.310999870300293,0
2026-08-10T15:05,8.3100004196167,8.321999549865723,8.3100004196167,8.314000129699707,0
2026-08-10T15:10,8.310999870300293,8.317999839782715,8.265999794006348,8.267000198364258,0
2026-08-10T15:15,8.263999938964844,8.281999588012695,8.26099967956543,8.276000022888184,0
2026-08-10T15:20,8.277999877929688,8.279000282287598,8.260000228881836,8.262999534606934,0
2026-08-10T15:25,8.265999794006348,8.288000106811523,8.253000259399414,8.28600025177002,788976
2026-08-10T15:30,8.28499984741211,8.291999816894531,8.281000137329102,8.28600025177002,811920
2026-08-10T15:35,8.279999732971191,8.282999992370605,8.258999824523926,8.270999908447266,325792
2026-08-10T15:40,8.267999649047852,8.303999900817871,8.267999649047852,8.293999671936035,203920
2026-08-10T15:45,8.293999671936035,8.295999526977539,8.27400016784668,8.274999618530273,0
2026-08-10T15:50,8.276000022888184,8.302000045776367,8.276000022888184,8.28499984741211,155792
2026-08-10T15:55,8.28499984741211,8.302000045776367,8.28499984741211,8.295999526977539,153600
2026-08-10T16:00,8.288999557495117,8.29800033569336,8.281999588012695,8.293000221252441,212336
2026-08-10T16:05,8.295000076293945,8.307000160217285,8.293999671936035,8.293999671936035,131968
2026-08-10T16:10,8.29699993133545,8.303000450134277,8.28600025177002,8.288000106811523,100544
2026-08-10T16:15,8.28499984741211,8.288999557495117,8.265999794006348,8.267000198364258,358224
2026-08-10T16:20,8.269000053405762,8.270999908447266,8.25100040435791,8.270999908447266,553776
2026-08-10T16:25,8.27400016784668,8.27400016784668,8.262999534606934,8.262999534606934,706976
2026-08-10T16:30,8.262999534606934,8.267000198364258,8.246000289916992,8.246000289916992,39744
2026-08-10T16:35,8.24899959564209,8.27299976348877,8.24899959564209,8.27299976348877,1021152
2026-08-10T16:40,8.277000427246094,8.281000137329102,8.244999885559082,8.248000144958496,294848
2026-08-10T16:45,8.246000289916992,8.248000144958496,8.223999977111816,8.223999977111816,256096
2026-08-10T16:50,8.22599983215332,8.234000205993652,8.215999603271484,8.222999572753906,735600
2026-08-10T16:55,8.223999977111816,8.229000091552734,8.218000411987305,8.225000381469727,139584
2026-08-10T17:00,8.230999946594238,8.230999946594238,8.210000038146973,8.211999893188477,0
2026-08-10T17:05,8.210000038146973,8.229999542236328,8.206999778747559,8.225000381469727,0
2026-08-10T17:10,8.232999801635742,8.251999855041504,8.232999801635742,8.248000144958496,617824
2026-08-10T17:15,8.248000144958496,8.253999710083008,8.244000434875488,8.244000434875488,330240
2026-08-10T17:20,8.246999740600586,8.262999534606934,8.246000289916992,8.258000373840332,100160
2026-08-10T17:25,8.26099967956543,8.267999649047852,8.25,8.25,0
2026-08-10T17:30,8.251999855041504,8.279000282287598,8.251999855041504,8.277999877929688,0
2026-08-10T17:35,8.279000282287598,8.279000282287598,8.267999649047852,8.267999649047852,258496
2026-08-10T17:40,8.267999649047852,8.274999618530273,8.26099967956543,8.26099967956543,417152
2026-08-10T17:45,8.260000228881836,8.26099967956543,8.241000175476074,8.241000175476074,0
2026-08-10T17:50,8.244999885559082,8.251999855041504,8.23900032043457,8.23900032043457,0
2026-08-10T17:55,8.23900032043457,8.246999740600586,8.237000465393066,8.23900032043457,36816
2026-08-10T18:00,8.239999771118164,8.246999740600586,8.239999771118164,8.243000030517578,0
2026-08-10T18:05,8.241000175476074,8.244000434875488,8.237000465393066,8.237000465393066,0
2026-08-10T18:10,8.237000465393066,8.243000030517578,8.229000091552734,8.229999542236328,133728
2026-08-10T18:15,8.227999687194824,8.229000091552734,8.222000122070312,8.222000122070312,16208
2026-08-10T18:20,8.220000267028809,8.222000122070312,8.21500015258789,8.222000122070312,0
2026-08-10T18:25,8.222000122070312,8.223999977111816,8.215999603271484,8.220000267028809,1151664
2026-08-10T18:30,8.218000411987305,8.218000411987305,8.21399974822998,8.21399974822998,21232
2026-08-10T18:35,8.21399974822998,8.21399974822998,8.201000213623047,8.211000442504883,598304
2026-08-10T18:40,8.211999893188477,8.22599983215332,8.211999893188477,8.22599983215332,248000
2026-08-10T18:45,8.220999717712402,8.225000381469727,8.20199966430664,8.225000381469727,317120
2026-08-10T18:50,8.227999687194824,8.229999542236328,8.218999862670898,8.220000267028809,710128
2026-08-10T18:55,8.222999572753906,8.232999801635742,8.222999572753906,8.229999542236328,129968
2026-08-10T19:00,8.22700023651123,8.239999771118164,8.22700023651123,8.23799991607666,0
2026-08-10T19:05,8.23900032043457,8.241000175476074,8.22599983215332,8.227999687194824,375232
2026-08-10T19:10,8.227999687194824,8.241999626159668,8.227999687194824,8.241999626159668,0
2026-08-10T19:15,8.241999626159668,8.246999740600586,8.239999771118164,8.246999740600586,186112
2026-08-10T19:20,8.251999855041504,8.262999534606934,8.25100040435791,8.253999710083008,7024
2026-08-10T19:25,8.256999969482422,8.27299976348877,8.253000259399414,8.27299976348877,165680
2026-08-10T19:30,8.277999877929688,8.295000076293945,8.277999877929688,8.293999671936035,847760
2026-08-10T19:35,8.29800033569336,8.29800033569336,8.274999618530273,8.29699993133545,603152
2026-08-10T19:40,8.29800033569336,8.303999900817871,8.28600025177002,8.286999702453613,741840
2026-08-10T19:45,8.289999961853027,8.291000366210938,8.279000282287598,8.279999732971191,493072
2026-08-10T19:50,8.277999877929688,8.281999588012695,8.263999938964844,8.263999938964844,251952
2026-08-10T19:55,8.262999534606934,8.267000198364258,8.260000228881836,8.263999938964844,481344
2026-08-10T20:00,8.265999794006348,8.270000457763672,8.262999534606934,8.265999794006348,202304
2026-08-10T20:05,8.267999649047852,8.277000427246094,8.265000343322754,8.277000427246094,262800
2026-08-10T20:10,8.276000022888184,8.277999877929688,8.265000343322754,8.265000343322754,166736
2026-08-10T20:15,8.265000343322754,8.28499984741211,8.265000343322754,8.284000396728516,0
2026-08-10T20:20,8.284000396728516,8.28600025177002,8.279999732971191,8.281999588012695,66448
2026-08-10T20:25,8.281000137329102,8.289999961853027,8.281000137329102,8.288000106811523,6544
2026-08-10T20:30,8.28600025177002,8.288999557495117,8.284000396728516,8.284000396728516,0
2026-08-10T20:35,8.284000396728516,8.28499984741211,8.279999732971191,8.281000137329102,0
2026-08-10T20:40,8.281000137329102,8.288000106811523,8.281000137329102,8.286999702453613,0
2026-08-10T20:45,8.286999702453613,8.286999702453613,8.281000137329102,8.286999702453613,57264
2026-08-10T20:50,8.288999557495117,8.289999961853027,8.28600025177002,8.28600025177002,206992
2026-08-10T20:55,8.282999992370605,8.28499984741211,8.277999877929688,8.282999992370605,0
2026-08-10T21:00,8.281999588012695,8.289999961853027,8.279999732971191,8.288999557495117,0
2026-08-10T21:05,8.289999961853027,8.300000190734863,8.289999961853027,8.29800033569336,0
2026-08-10T21:10,8.295999526977539,8.29699993133545,8.284000396728516,8.289999961853027,92816
2026-08-10T21:15,8.288999557495117,8.293000221252441,8.284000396728516,8.293000221252441,353808
2026-08-10T21:20,8.289999961853027,8.29800033569336,8.288000106811523,8.291999816894531,1929040
2026-08-10T21:25,8.289999961853027,8.307000160217285,8.289999961853027,8.307000160217285,366032
2026-08-10T21:30,8.309000015258789,8.309000015258789,8.300000190734863,8.303999900817871,109680
2026-08-10T21:35,8.303999900817871,8.310999870300293,8.303999900817871,8.305999755859375,742736
2026-08-10T21:40,8.305999755859375,8.307000160217285,8.293999671936035,8.298999786376953,123232
2026-08-10T21:45,8.298999786376953,8.302000045776367,8.284000396728516,8.284000396728516,0
2026-08-10T21:50,8.284000396728516,8.28499984741211,8.279999732971191,8.279999732971191,0
2026-08-10T21:55,8.279999732971191,8.281000137329102,8.270999908447266,8.270999908447266,0
2026-08-10T22:00,8.270000457763672,8.274999618530273,8.255999565124512,8.255999565124512,0
2026-08-10T22:05,8.253000259399414,8.267999649047852,8.25,8.267999649047852,89888
2026-08-10T22:10,8.267999649047852,8.28600025177002,8.267999649047852,8.28600025177002,0
2026-08-10T22:15,8.288999557495117,8.291999816894531,8.281999588012695,8.282999992370605,0
2026-08-10T22:20,8.282999992370605,8.282999992370605,8.276000022888184,8.276000022888184,0
2026-08-10T22:25,8.274999618530273,8.28499984741211,8.272000312805176,8.28499984741211,0
2026-08-10T22:30,8.28499984741211,8.288999557495117,8.270999908447266,8.27299976348877,0
2026-08-10T22:35,8.27299976348877,8.282999992370605,8.270999908447266,8.277000427246094,0
2026-08-10T22:40,8.277000427246094,8.279999732971191,8.27400016784668,8.279999732971191,0
2026-08-10T22:45,8.279999732971191,8.29699993133545,8.279999732971191,8.29699993133545,0
2026-08-10T22:50,8.29699993133545,8.305999755859375,8.29699993133545,8.305999755859375,0
2026-08-10T22:55,8.305999755859375,8.310999870300293,8.305000305175781,8.305000305175781,0
2026-08-10T23:00,8.305000305175781,8.305000305175781,8.291999816894531,8.295999526977539,0
2026-08-10T23:05,8.293999671936035,8.303999900817871,8.293999671936035,8.302000045776367,0
2026-08-10T23:10,8.302000045776367,8.307000160217285,8.300000190734863,8.303999900817871,0
2026-08-10T23:15,8.303999900817871,8.309000015258789,8.29800033569336,8.29800033569336,210512
2026-08-10T23:20,8.298999786376953,8.302000045776367,8.288000106811523,8.291000366210938,0
2026-08-10T23:25,8.293000221252441,8.298999786376953,8.279999732971191,8.286999702453613,0
2026-08-10T23:30,8.289999961853027,8.289999961853027,8.277000427246094,8.279999732971191,0
2026-08-10T23:35,8.276000022888184,8.28600025177002,8.274999618530273,8.281000137329102,0
2026-08-10T23:40,8.28499984741211,8.293999671936035,8.284000396728516,8.293999671936035,0
2026-08-10T23:45,8.293999671936035,8.293999671936035,8.279999732971191,8.281999588012695,0
2026-08-10T23:50,8.282999992370605,8.293999671936035,8.281000137329102,8.288999557495117,0
2026-08-10T23:55,8.286999702453613,8.289999961853027,8.286999702453613,8.288999557495117,0
2026-08-11T00:00,8.291999816894531,8.29800033569336,8.286999702453613,8.295000076293945,0
2026-08-11T00:05,8.295999526977539,8.295999526977539,8.282999992370605,8.293000221252441,0
2026-08-11T00:10,8.295000076293945,8.314000129699707,8.293000221252441,8.309000015258789,252992
2026-08-11T00:15,8.310999870300293,8.310999870300293,8.29800033569336,8.303999900817871,0
2026-08-11T00:20,8.303000450134277,8.321999549865723,8.303000450134277,8.321999549865723,299296
2026-08-11T00:25,8.324000358581543,8.329000473022461,8.317000389099121,8.32699966430664,2391360
2026-08-11T00:30,8.32800006866455,8.329000473022461,8.317999839782715,8.321000099182129,1128992
2026-08-11T00:35,8.322999954223633,8.322999954223633,8.3100004196167,8.321000099182129,1144128
2026-08-11T00:40,8.321000099182129,8.324999809265137,8.315999984741211,8.324000358581543,122448
2026-08-11T00:45,8.326000213623047,8.326000213623047,8.317999839782715,8.317999839782715,0
2026-08-11T00:50,8.317999839782715,8.324999809265137,8.3149995803833,8.319999694824219,0
2026-08-11T00:55,8.319999694824219,8.329000473022461,8.319999694824219,8.329000473022461,15312
2026-08-11T01:00,8.324000358581543,8.32699966430664,8.3149995803833,8.324000358581543,0
2026-08-11T01:05,8.324999809265137,8.329999923706055,8.324999809265137,8.32699966430664,0
2026-08-11T01:10,8.329000473022461,8.366000175476074,8.32800006866455,8.345000267028809,1395488
2026-08-11T01:15,8.35099983215332,8.357000350952148,8.336000442504883,8.338000297546387,1148992
2026-08-11T01:20,8.336999893188477,8.364999771118164,8.336999893188477,8.364999771118164,740736
2026-08-11T01:25,8.368000030517578,8.428000450134277,8.359999656677246,8.420000076293945,1191856
2026-08-11T01:30,8.428000450134277,8.434000015258789,8.406000137329102,8.423999786376953,4965184
2026-08-11T01:35,8.418000221252441,8.418000221252441,8.401000022888184,8.401000022888184,3309584
2026-08-11T01:40,8.402999877929688,8.42300033569336,8.38700008392334,8.42300033569336,688464
2026-08-11T01:45,8.423999786376953,8.4350004196167,8.413000106811523,8.432999610900879,1853904
2026-08-11T01:50,8.4350004196167,8.439000129699707,8.425999641418457,8.435999870300293,1197968
2026-08-11T01:55,8.437999725341797,8.449000358581543,8.416999816894531,8.420000076293945,1844448
2026-08-11T02:00,8.416000366210938,8.446999549865723,8.416000366210938,8.437999725341797,699968
2026-08-11T02:05,8.4350004196167,8.4350004196167,8.416999816894531,8.416999816894531,628288
2026-08-11T02:10,8.413999557495117,8.444000244140625,8.413999557495117,8.428999900817871,795904
2026-08-11T02:15,8.430999755859375,8.437000274658203,8.418999671936035,8.418999671936035,156416
2026-08-11T02:20,8.420000076293945,8.420000076293945,8.404000282287598,8.404000282287598,1205952
2026-08-11T02:25,8.402999877929688,8.41100025177002,8.395000457763672,8.409000396728516,266080
2026-08-11T02:30,8.406999588012695,8.425999641418457,8.402999877929688,8.420000076293945,707088
2026-08-11T02:35,8.420999526977539,8.423999786376953,8.401000022888184,8.404000282287598,789648
2026-08-11T02:40,8.404999732971191,8.40999984741211,8.395999908447266,8.404000282287598,952688
2026-08-11T02:45,8.404000282287598,8.404000282287598,8.395999908447266,8.401000022888184,181072
2026-08-11T02:50,8.401000022888184,8.404000282287598,8.390000343322754,8.39799976348877,934960
2026-08-11T02:55,8.39799976348877,8.404999732971191,8.39799976348877,8.404999732971191,0
2026-08-11T03:00,8.402999877929688,8.40999984741211,8.39900016784668,8.40999984741211,0
2026-08-11T03:05,8.409000396728516,8.414999961853027,8.402999877929688,8.413000106811523,323296
2026-08-11T03:10,8.413999557495117,8.42300033569336,8.411999702453613,8.416999816894531,286320
2026-08-11T03:15,8.418000221252441,8.425999641418457,8.413000106811523,8.413000106811523,3470320
2026-08-11T03:20,8.413000106811523,8.413000106811523,8.402000427246094,8.404000282287598,256
2026-08-11T03:25,8.401000022888184,8.40999984741211,8.397000312805176,8.40999984741211,45792
2026-08-11T03:30,8.404999732971191,8.404999732971191,8.392999649047852,8.399999618530273,332320
2026-08-11T03:35,8.395999908447266,8.402999877929688,8.395999908447266,8.39799976348877,294048
2026-08-11T03:40,8.397000312805176,8.402999877929688,8.390999794006348,8.392000198364258,193984
2026-08-11T03:45,8.390999794006348,8.395000457763672,8.390000343322754,8.392000198364258,139008
2026-08-11T03:50,8.392000198364258,8.392999649047852,8.38599967956543,8.387999534606934,45216
2026-08-11T03:55,8.388999938964844,8.390000343322754,8.383000373840332,8.383000373840332,166816
2026-08-11T04:00,8.383000373840332,8.395000457763672,8.383000373840332,8.390999794006348,0
2026-08-11T04:05,8.390999794006348,8.39799976348877,8.390999794006348,8.395999908447266,21952
2026-08-11T04:10,8.395999908447266,8.402999877929688,8.395999908447266,8.402000427246094,0
2026-08-11T04:15,8.399999618530273,8.399999618530273,8.388999938964844,8.392999649047852,0
2026-08-11T04:20,8.390000343322754,8.390000343322754,8.383000373840332,8.38599967956543,204864
2026-08-11T04:25,8.38599967956543,8.387999534606934,8.380999565124512,8.381999969482422,401824
2026-08-11T04:30,8.381999969482422,8.38599967956543,8.36400032043457,8.36400032043457,53376
2026-08-11T04:35,8.36299991607666,8.380000114440918,8.36299991607666,8.380000114440918,888160
2026-08-11T04:40,8.378000259399414,8.380999565124512,8.366000175476074,8.366000175476074,131360
2026-08-11T04:45,8.364999771118164,8.366000175476074,8.362000465393066,8.36400032043457,0
2026-08-11T04:50,8.36400032043457,8.366999626159668,8.359999656677246,8.366000175476074,66912
2026-08-11T04:55,8.366000175476074,8.373000144958496,8.366000175476074,8.371999740600586,0
2026-08-11T05:00,8.371000289916992,8.376999855041504,8.366999626159668,8.37600040435791,299120
2026-08-11T05:05,8.373000144958496,8.378000259399414,8.369999885559082,8.37600040435791,0
2026-08-11T05:10,8.37600040435791,8.38700008392334,8.375,8.38700008392334,65056
2026-08-11T05:15,8.38700008392334,8.406999588012695,8.38700008392334,8.404999732971191,314368
2026-08-11T05:20,8.402000427246094,8.402000427246094,8.375,8.376999855041504,1244128
2026-08-11T05:25,8.376999855041504,8.385000228881836,8.375,8.385000228881836,531616
2026-08-11T05:30,8.38700008392334,8.404999732971191,8.383999824523926,8.402000427246094,414112
2026-08-11T05:35,8.401000022888184,8.414999961853027,8.401000022888184,8.406999588012695,770688
2026-08-11T05:40,8.402999877929688,8.404000282287598,8.399999618530273,8.401000022888184,496592
2026-08-11T05:45,8.401000022888184,8.411999702453613,8.401000022888184,8.411999702453613,0
2026-08-11T05:50,8.414999961853027,8.420999526977539,8.409000396728516,8.409000396728516,4327072
2026-08-11T05:55,8.40999984741211,8.416000366210938,8.399999618530273,8.406999588012695,357712
2026-08-11T06:00,8.406999588012695,8.406999588012695,8.395000457763672,8.39799976348877,229056
2026-08-11T06:05,8.401000022888184,8.425999641418457,8.39799976348877,8.42199993133545,759136
2026-08-11T06:10,8.425000190734863,8.427000045776367,8.418999671936035,8.42300033569336,649808
2026-08-11T06:15,8.425000190734863,8.4350004196167,8.420000076293945,8.423999786376953,447328
2026-08-11T06:20,8.42300033569336,8.42300033569336,8.413999557495117,8.416999816894531,324304
2026-08-11T06:25,8.414999961853027,8.414999961853027,8.406000137329102,8.411999702453613,211024
2026-08-11T06:30,8.409000396728516,8.413999557495117,8.406999588012695,8.407999992370605,771584
2026-08-11T06:35,8.407999992370605,8.437999725341797,8.407999992370605,8.430999755859375,298816
2026-08-11T06:40,8.425999641418457,8.432999610900879,8.418000221252441,8.418000221252441,1509200
2026-08-11T06:45,8.414999961853027,8.425000190734863,8.411999702453613,8.418999671936035,1073696
2026-08-11T06:50,8.416999816894531,8.416999816894531,8.401000022888184,8.402000427246094,882272
2026-08-11T06:55,8.402999877929688,8.425999641418457,8.402999877929688,8.425999641418457,326608
2026-08-11T07:00,8.427000045776367,8.435999870300293,8.427000045776367,8.4350004196167,135904
2026-08-11T07:05,8.437000274658203,8.4399995803833,8.42300033569336,8.428999900817871,222144
2026-08-11T07:10,8.428999900817871,8.428999900817871,8.418000221252441,8.418000221252441,313232
2026-08-11T07:15,8.416000366210938,8.420000076293945,8.404999732971191,8.416999816894531,1056
2026-08-11T07:20,8.416999816894531,8.420000076293945,8.406999588012695,8.418999671936035,1156992
2026-08-11T07:25,8.418999671936035,8.420000076293945,8.416000366210938,8.416999816894531,923552
2026-08-11T07:30,8.416999816894531,8.428000450134277,8.416000366210938,8.425999641418457,429648
2026-08-11T07:35,8.428000450134277,8.446999549865723,8.428000450134277,8.446000099182129,127168
2026-08-11T07:40,8.444000244140625,8.444000244140625,8.4350004196167,8.442999839782715,0
2026-08-11T07:45,8.444000244140625,8.456999778747559,8.444000244140625,8.45300006866455,613408
2026-08-11T07:50,8.45300006866455,8.458999633789062,8.444999694824219,8.444999694824219,0
2026-08-11T07:55,8.444000244140625,8.467000007629395,8.444000244140625,8.467000007629395,818544
2026-08-11T08:00,8.470999717712402,8.512999534606934,8.465999603271484,8.493000030517578,1365952
2026-08-11T08:05,8.501999855041504,8.501999855041504,8.461999893188477,8.465999603271484,3096976
2026-08-11T08:10,8.465999603271484,8.465999603271484,8.456999778747559,8.463000297546387,2035376
2026-08-11T08:15,8.456000328063965,8.456000328063965,8.435999870300293,8.435999870300293,533600
2026-08-11T08:20,8.4399995803833,8.442999839782715,8.437000274658203,8.4399995803833,228128
2026-08-11T08:25,8.4399995803833,8.468999862670898,8.4399995803833,8.461999893188477,490016
2026-08-11T08:30,8.461999893188477,8.472999572753906,8.461000442504883,8.461000442504883,726592
2026-08-11T08:35,8.461999893188477,8.46500015258789,8.456999778747559,8.46399974822998,455232
2026-08-11T08:40,8.461999893188477,8.498000144958496,8.461999893188477,8.498000144958496,218752
2026-08-11T08:45,8.501999855041504,8.501999855041504,8.491000175476074,8.493000030517578,0
2026-08-11T08:50,8.494999885559082,8.508000373840332,8.494000434875488,8.508000373840332,1760224
2026-08-11T08:55,8.505999565124512,8.519000053405762,8.503999710083008,8.517999649047852,452992
2026-08-11T09:00,8.515000343322754,8.517000198364258,8.503000259399414,8.512999534606934,555072
2026-08-11T09:05,8.508999824523926,8.517000198364258,8.491000175476074,8.491000175476074,1153024
2026-08-11T09:10,8.494000434875488,8.54800033569336,8.494000434875488,8.541999816894531,4573248
2026-08-11T09:15,8.53600025177002,8.572999954223633,8.531000137329102,8.564000129699707,2611808
2026-08-11T09:20,8.5649995803833,8.694000244140625,8.560999870300293,8.67199993133545,8516096
2026-08-11T09:25,8.682999610900879,8.699999809265137,8.644000053405762,8.644000053405762,13530880
2026-08-11T09:30,8.64799976348877,8.649999618530273,8.604999542236328,8.616000175476074,3899776
2026-08-11T09:35,8.619000434875488,8.619000434875488,8.600000381469727,8.60099983215332,4839616
2026-08-11T09:40,8.598999977111816,8.664999961853027,8.598999977111816,8.664999961853027,1348416
2026-08-11T09:45,8.670000076293945,8.680999755859375,8.652000427246094,8.664999961853027,1245888
2026-08-11T09:50,8.670000076293945,8.678999900817871,8.656000137329102,8.659000396728516,3262752
2026-08-11T09:55,8.66100025177002,8.677000045776367,8.65999984741211,8.666000366210938,849024
2026-08-11T10:00,8.661999702453613,8.670999526977539,8.633999824523926,8.633999824523926,0
2026-08-11T10:05,8.633999824523926,8.644000053405762,8.631999969482422,8.642999649047852,1002560
2026-08-11T10:10,8.640999794006348,8.649999618530273,8.631999969482422,8.638999938964844,1159584
2026-08-11T10:15,8.633999824523926,8.656999588012695,8.621999740600586,8.656999588012695,1325248
2026-08-11T10:20,8.65999984741211,8.666000366210938,8.631999969482422,8.637999534606934,1033504
2026-08-11T10:25,8.637999534606934,8.668999671936035,8.637999534606934,8.656000137329102,638784
2026-08-11T10:30,8.656000137329102,8.661999702453613,8.645000457763672,8.645999908447266,0
2026-08-11T10:35,8.645000457763672,8.645999908447266,8.626999855041504,8.628999710083008,331072
2026-08-11T10:40,8.628000259399414,8.628000259399414,8.616000175476074,8.62399959564209,438848
2026-08-11T10:45,8.621999740600586,8.682999610900879,8.621999740600586,8.678999900817871,1216736
2026-08-11T10:50,8.680999755859375,8.694999694824219,8.67199993133545,8.675000190734863,2588864
2026-08-11T10:55,8.675000190734863,8.696000099182129,8.65999984741211,8.65999984741211,2859424
2026-08-11T11:00,8.656000137329102,8.684000015258789,8.649999618530273,8.67199993133545,75808
2026-08-11T11:05,8.673999786376953,8.675999641418457,8.661999702453613,8.666000366210938,1704608
2026-08-11T11:10,8.666999816894531,8.682999610900879,8.664999961853027,8.678999900817871,625280
2026-08-11T11:15,8.678999900817871,8.680000305175781,8.66100025177002,8.661999702453613,753184
2026-08-11T11:20,8.65999984741211,8.684000015258789,8.652000427246094,8.684000015258789,1053600
2026-08-11T11:25,8.6850004196167,8.692999839782715,8.680999755859375,8.680999755859375,543328
2026-08-11T11:30,8.680999755859375,8.692999839782715,8.678000450134277,8.678999900817871,376576
2026-08-11T11:35,8.682000160217285,8.692999839782715,8.670999526977539,8.673999786376953,325984
2026-08-11T11:40,8.670999526977539,8.67199993133545,8.649999618530273,8.649999618530273,1273120
2026-08-11T11:45,8.64799976348877,8.680999755859375,8.64799976348877,8.678999900817871,869888
2026-08-11T11:50,8.678000450134277,8.678000450134277,8.663000106811523,8.670999526977539,920896
2026-08-11T11:55,8.666000366210938,8.682000160217285,8.666000366210938,8.67300033569336,716192
2026-08-11T12:00,8.675999641418457,8.678000450134277,8.657999992370605,8.664999961853027,0
2026-08-11T12:05,8.664999961853027,8.673999786376953,8.654000282287598,8.670999526977539,700192
2026-08-11T12:10,8.675000190734863,8.677000045776367,8.664999961853027,8.677000045776367,0
2026-08-11T12:15,8.67199993133545,8.675999641418457,8.663999557495117,8.668000221252441,0
2026-08-11T12:20,8.668000221252441,8.673999786376953,8.644000053405762,8.644000053405762,252608
2026-08-11T12:25,8.644000053405762,8.647000312805176,8.626999855041504,8.635000228881836,1313312
2026-08-11T12:30,8.635000228881836,8.640999794006348,8.626999855041504,8.63700008392334,701728
2026-08-11T12:35,8.640999794006348,8.659000396728516,8.62600040435791,8.659000396728516,1625408
2026-08-11T12:40,8.65999984741211,8.673999786376953,8.65999984741211,8.673999786376953,371744
2026-08-11T12:45,8.673999786376953,8.678999900817871,8.649999618530273,8.649999618530273,533600
2026-08-11T12:50,8.645999908447266,8.66100025177002,8.640000343322754,8.654000282287598,695392
2026-08-11T12:55,8.652999877929688,8.661999702453613,8.649999618530273,8.652999877929688,0
2026-08-11T13:00,8.652999877929688,8.656000137329102,8.637999534606934,8.645999908447266,0
2026-08-11T13:05,8.64799976348877,8.685999870300293,8.645999908447266,8.6850004196167,760864
2026-08-11T13:10,8.684000015258789,8.694000244140625,8.67199993133545,8.677000045776367,1144064
2026-08-11T13:15,8.673999786376953,8.673999786376953,8.644000053405762,8.652999877929688,767648
2026-08-11T13:20,8.644000053405762,8.656000137329102,8.640999794006348,8.656000137329102,1802848
2026-08-11T13:25,8.652000427246094,8.652999877929688,8.640000343322754,8.644000053405762,716512
2026-08-11T13:30,8.644000053405762,8.649999618530273,8.621999740600586,8.621999740600586,0
2026-08-11T13:35,8.625,8.652000427246094,8.614999771118164,8.642999649047852,232512
2026-08-11T13:40,8.645000457763672,8.645999908447266,8.633999824523926,8.637999534606934,0
2026-08-11T13:45,8.637999534606934,8.654000282287598,8.626999855041504,8.649999618530273,0
2026-08-11T13:50,8.64900016784668,8.652999877929688,8.633999824523926,8.642999649047852,0
2026-08-11T13:55,8.642999649047852,8.654999732971191,8.638999938964844,8.64900016784668,0
2026-08-11T14:00,8.647000312805176,8.654000282287598,8.63599967956543,8.654000282287598,0
2026-08-11T14:05,8.654999732971191,8.673999786376953,8.652000427246094,8.664999961853027,19168
2026-08-11T14:10,8.666000366210938,8.67300033569336,8.656999588012695,8.663999557495117,0
2026-08-11T14:15,8.663000106811523,8.675000190734863,8.65999984741211,8.65999984741211,0
2026-08-11T14:20,8.65999984741211,8.661999702453613,8.626999855041504,8.626999855041504,277152
2026-08-11T14:25,8.62600040435791,8.640999794006348,8.619999885559082,8.619999885559082,889472
2026-08-11T14:30,8.619000434875488,8.619000434875488,8.588000297546387,8.595999717712402,1195744
2026-08-11T14:35,8.595999717712402,8.604000091552734,8.574999809265137,8.585000038146973,1208352
2026-08-11T14:40,8.583000183105469,8.583999633789062,8.5600004196167,8.574000358581543,729024
2026-08-11T14:45,8.572999954223633,8.574999809265137,8.555999755859375,8.557999610900879,12164096
2026-08-11T14:50,8.553999900817871,8.553999900817871,8.527999877929688,8.534000396728516,1030688
2026-08-11T14:55,8.531000137329102,8.543999671936035,8.524999618530273,8.543999671936035,1324576
2026-08-11T15:00,8.541999816894531,8.54800033569336,8.531000137329102,8.53600025177002,475712
2026-08-11T15:05,8.53499984741211,8.550000190734863,8.527000427246094,8.545000076293945,0
2026-08-11T15:10,8.543999671936035,8.54800033569336,8.519000053405762,8.531000137329102,558208
2026-08-11T15:15,8.527999877929688,8.564000129699707,8.522000312805176,8.564000129699707,0
2026-08-11T15:20,8.557000160217285,8.583999633789062,8.550000190734863,8.574000358581543,293216
2026-08-11T15:25,8.576000213623047,8.604000091552734,8.574999809265137,8.60200023651123,1223008
2026-08-11T15:30,8.602999687194824,8.602999687194824,8.555000305175781,8.555000305175781,417248
2026-08-11T15:35,8.557999610900879,8.560999870300293,8.5,8.50100040435791,137280
2026-08-11T15:40,8.508000373840332,8.538000106811523,8.491999626159668,8.538000106811523,3334848
2026-08-11T15:45,8.532999992370605,8.553000450134277,8.515999794006348,8.527000427246094,960704
2026-08-11T15:50,8.526000022888184,8.541999816894531,8.524999618530273,8.531999588012695,1787360
2026-08-11T15:55,8.531999588012695,8.569999694824219,8.531999588012695,8.557000160217285,1242432
2026-08-11T16:00,8.550000190734863,8.572999954223633,8.538000106811523,8.557999610900879,1608608
2026-08-11T16:05,8.560999870300293,8.564000129699707,8.534000396728516,8.555999755859375,710144
2026-08-11T16:10,8.557000160217285,8.586999893188477,8.550999641418457,8.585000038146973,1098304
2026-08-11T16:15,8.586999893188477,8.600000381469727,8.574000358581543,8.595999717712402,1999712
2026-08-11T16:20,8.595999717712402,8.602999687194824,8.590999603271484,8.598999977111816,1077024
2026-08-11T16:25,8.597000122070312,8.597000122070312,8.5600004196167,8.5600004196167,131200
2026-08-11T16:30,8.555999755859375,8.579999923706055,8.54800033569336,8.559000015258789,0
2026-08-11T16:35,8.5600004196167,8.572999954223633,8.555000305175781,8.5600004196167,0
2026-08-11T16:40,8.559000015258789,8.567000389099121,8.552000045776367,8.552000045776367,0
2026-08-11T16:45,8.555999755859375,8.5600004196167,8.54699993133545,8.5600004196167,0
2026-08-11T16:50,8.5600004196167,8.5600004196167,8.548999786376953,8.552000045776367,0
2026-08-11T16:55,8.552000045776367,8.555999755859375,8.54800033569336,8.548999786376953,10848
2026-08-11T17:00,8.552000045776367,8.567000389099121,8.552000045776367,8.553000450134277,0
2026-08-11T17:05,8.550999641418457,8.553999900817871,8.539999961853027,8.543999671936035,431232
2026-08-11T17:10,8.541999816894531,8.565999984741211,8.541999816894531,8.552000045776367,260128
2026-08-11T17:15,8.553999900817871,8.567000389099121,8.553000450134277,8.560999870300293,0
2026-08-11T17:20,8.5600004196167,8.574000358581543,8.552000045776367,8.574000358581543,267584
2026-08-11T17:25,8.576000213623047,8.583000183105469,8.5649995803833,8.581000328063965,0
2026-08-11T17:30,8.579999923706055,8.581000328063965,8.562999725341797,8.5649995803833,285760
2026-08-11T17:35,8.567999839782715,8.579999923706055,8.567999839782715,8.57800006866455,0
2026-08-11T17:40,8.579999923706055,8.59000015258789,8.57800006866455,8.586999893188477,63424
2026-08-11T17:45,8.585000038146973,8.58899974822998,8.571000099182129,8.571000099182129,417760
2026-08-11T17:50,8.571999549865723,8.581000328063965,8.571999549865723,8.57699966430664,333088
2026-08-11T17:55,8.581000328063965,8.593999862670898,8.581000328063965,8.581999778747559,314048
2026-08-11T18:00,8.579999923706055,8.595000267028809,8.57800006866455,8.59000015258789,12422848
2026-08-11T18:05,8.590999603271484,8.593999862670898,8.581000328063965,8.586000442504883,463872
2026-08-11T18:10,8.585000038146973,8.58899974822998,8.571000099182129,8.574999809265137,0
2026-08-11T18:15,8.574000358581543,8.59000015258789,8.572999954223633,8.586999893188477,674176
2026-08-11T18:20,8.588000297546387,8.592000007629395,8.579000473022461,8.586000442504883,196288
2026-08-11T18:25,8.581000328063965,8.581000328063965,8.54800033569336,8.550000190734863,480960
2026-08-11T18:30,8.550000190734863,8.5600004196167,8.531999588012695,8.5600004196167,252128
2026-08-11T18:35,8.5649995803833,8.569000244140625,8.557000160217285,8.557000160217285,875136
2026-08-11T18:40,8.555999755859375,8.559000015258789,8.538999557495117,8.553999900817871,0
2026-08-11T18:45,8.555999755859375,8.560999870300293,8.548999786376953,8.5600004196167,12640
2026-08-11T18:50,8.555999755859375,8.560999870300293,8.545999526977539,8.54800033569336,236832
2026-08-11T18:55,8.550000190734863,8.564000129699707,8.550000190734863,8.559000015258789,100352
2026-08-11T19:00,8.559000015258789,8.559000015258789,8.543000221252441,8.54699993133545,77504
2026-08-11T19:05,8.54699993133545,8.555000305175781,8.541000366210938,8.545000076293945,0
2026-08-11T19:10,8.545999526977539,8.545999526977539,8.536999702453613,8.536999702453613,0
2026-08-11T19:15,8.53600025177002,8.548999786376953,8.532999992370605,8.543000221252441,87840
2026-08-11T19:20,8.545000076293945,8.553999900817871,8.538000106811523,8.553999900817871,663360
2026-08-11T19:25,8.552000045776367,8.5649995803833,8.552000045776367,8.557999610900879,12912256
2026-08-11T19:30,8.562000274658203,8.574000358581543,8.557000160217285,8.557000160217285,0
2026-08-11T19:35,8.557000160217285,8.569000244140625,8.552000045776367,8.567999839782715,0
2026-08-11T19:40,8.564000129699707,8.569000244140625,8.557000160217285,8.567000389099121,0
2026-08-11T19:45,8.571000099182129,8.579000473022461,8.562999725341797,8.565999984741211,0
2026-08-11T19:50,8.567000389099121,8.590999603271484,8.567000389099121,8.58899974822998,807360
2026-08-11T19:55,8.58899974822998,8.604999542236328,8.586000442504883,8.604999542236328,499808
2026-08-11T20:00,8.604999542236328,8.625,8.604999542236328,8.625,647360
2026-08-11T20:05,8.62399959564209,8.668000221252441,8.62399959564209,8.656999588012695,1828096
2026-08-11T20:10,8.656000137329102,8.680000305175781,8.656000137329102,8.673999786376953,4598624
2026-08-11T20:15,8.673999786376953,8.673999786376953,8.656999588012695,8.656999588012695,847904
2026-08-11T20:20,8.656000137329102,8.67300033569336,8.656000137329102,8.670000076293945,712032
2026-08-11T20:25,8.668000221252441,8.677000045776367,8.659000396728516,8.677000045776367,561760
2026-08-11T20:30,8.680000305175781,8.692999839782715,8.663000106811523,8.663000106811523,1136384
2026-08-11T20:35,8.663000106811523,8.678000450134277,8.66100025177002,8.678000450134277,805024
2026-08-11T20:40,8.680000305175781,8.6899995803833,8.678000450134277,8.682999610900879,806112
2026-08-11T20:45,8.6850004196167,8.692999839782715,8.673999786376953,8.673999786376953,504480
2026-08-11T20:50,8.675000190734863,8.713000297546387,8.675000190734863,8.694000244140625,2683552
2026-08-11T20:55,8.696000099182129,8.697999954223633,8.682999610900879,8.6850004196167,2772320
2026-08-11T21:00,8.685999870300293,8.720999717712402,8.685999870300293,8.720999717712402,291744
2026-08-11T21:05,8.718999862670898,8.751999855041504,8.710000038146973,8.751999855041504,2227808
2026-08-11T21:10,8.758999824523926,8.779000282287598,8.756999969482422,8.763999938964844,4319680
2026-08-11T21:15,8.763999938964844,8.770999908447266,8.758999824523926,8.762999534606934,2609216
2026-08-11T21:20,8.76200008392334,8.76200008392334,8.746999740600586,8.76099967956543,2315104
2026-08-11T21:25,8.762999534606934,8.762999534606934,8.746999740600586,8.746999740600586,737056
2026-08-11T21:30,8.746999740600586,8.760000228881836,8.746999740600586,8.760000228881836,757920
2026-08-11T21:35,8.755999565124512,8.763999938964844,8.751999855041504,8.758000373840332,482560
2026-08-11T21:40,8.756999969482422,8.798999786376953,8.756999969482422,8.76099967956543,4505984
2026-08-11T21:45,8.765000343322754,8.770999908447266,8.76200008392334,8.762999534606934,627104
2026-08-11T21:50,8.763999938964844,8.77400016784668,8.75100040435791,8.770999908447266,1150336
2026-08-11T21:55,8.765999794006348,8.77400016784668,8.762999534606934,8.762999534606934,1209632
2026-08-11T22:00,8.762999534606934,8.770999908447266,8.753999710083008,8.767000198364258,152352
2026-08-11T22:05,8.769000053405762,8.77299976348877,8.755999565124512,8.756999969482422,888480
2026-08-11T22:10,8.753000259399414,8.76099967956543,8.748000144958496,8.758999824523926,823360
2026-08-11T22:15,8.760000228881836,8.767000198364258,8.756999969482422,8.76099967956543,408608
2026-08-11T22:20,8.758999824523926,8.76099967956543,8.751999855041504,8.751999855041504,485632
2026-08-11T22:25,8.755000114440918,8.760000228881836,8.75,8.756999969482422,192064
2026-08-11T22:30,8.758999824523926,8.781000137329102,8.755999565124512,8.776000022888184,333920
2026-08-11T22:35,8.779000282287598,8.779000282287598,8.763999938964844,8.769000053405762,824224
2026-08-11T22:40,8.77299976348877,8.777000427246094,8.760000228881836,8.762999534606934,0
2026-08-11T22:45,8.763999938964844,8.763999938964844,8.748000144958496,8.758999824523926,142784
2026-08-11T22:50,8.760000228881836,8.779000282287598,8.755999565124512,8.772000312805176,404960
2026-08-11T22:55,8.770000457763672,8.777999877929688,8.770000457763672,8.777999877929688,16447168
2026-08-11T23:00,8.77299976348877,8.77299976348877,8.753000259399414,8.755000114440918,0
2026-08-11T23:05,8.755000114440918,8.758999824523926,8.755000114440918,8.758999824523926,163392
2026-08-11T23:10,8.758000373840332,8.758999824523926,8.748000144958496,8.75,455296
2026-08-11T23:15,8.75,8.755000114440918,8.75,8.753000259399414,0
2026-08-11T23:20,8.758000373840332,8.76200008392334,8.755000114440918,8.758000373840332,0
2026-08-11T23:25,8.755999565124512,8.756999969482422,8.751999855041504,8.755000114440918,194208
2026-08-11T23:30,8.753999710083008,8.767999649047852,8.74899959564209,8.767999649047852,50944
2026-08-11T23:35,8.767999649047852,8.774999618530273,8.767999649047852,8.77299976348877,576704
2026-08-11T23:40,8.77299976348877,8.779000282287598,8.770999908447266,8.774999618530273,0
2026-08-11T23:45,8.776000022888184,8.776000022888184,8.769000053405762,8.77299976348877,342880
2026-08-11T23:50,8.77299976348877,8.782999992370605,8.772000312805176,8.774999618530273,0
2026-08-11T23:55,8.77299976348877,8.774999618530273,8.765999794006348,8.772000312805176,71360
2026-08-12T00:00,8.777000427246094,8.779999732971191,8.763999938964844,8.763999938964844,47328
2026-08-12T00:05,8.763999938964844,8.769000053405762,8.753000259399414,8.76099967956543,15601216
2026-08-12T00:10,8.76200008392334,8.76200008392334,8.75,8.756999969482422,1555552
2026-08-12T00:15,8.755000114440918,8.755999565124512,8.746999740600586,8.746999740600586,2592
2026-08-12T00:20,8.748000144958496,8.763999938964844,8.748000144958496,8.762999534606934,0
2026-08-12T00:25,8.763999938964844,8.765000343322754,8.755000114440918,8.756999969482422,0
2026-08-12T00:30,8.755999565124512,8.772000312805176,8.755999565124512,8.772000312805176,0
2026-08-12T00:35,8.77299976348877,8.784000396728516,8.76099967956543,8.76099967956543,0
2026-08-12T00:40,8.765000343322754,8.769000053405762,8.756999969482422,8.756999969482422,330656
2026-08-12T00:45,8.758999824523926,8.767999649047852,8.758999824523926,8.765000343322754,3008
2026-08-12T00:50,8.767999649047852,8.767999649047852,8.753000259399414,8.753000259399414,148928
2026-08-12T00:55,8.751999855041504,8.751999855041504,8.732000350952148,8.751999855041504,1437088
2026-08-12T01:00,8.753999710083008,8.765999794006348,8.753999710083008,8.765000343322754,0
2026-08-12T01:05,8.765999794006348,8.776000022888184,8.765999794006348,8.769000053405762,573312
2026-08-12T01:10,8.772000312805176,8.795999526977539,8.772000312805176,8.793999671936035,278752
2026-08-12T01:15,8.793000221252441,8.79800033569336,8.772000312805176,8.779000282287598,0
2026-08-12T01:20,8.781000137329102,8.782999992370605,8.770000457763672,8.777999877929688,0
2026-08-12T01:25,8.77299976348877,8.774999618530273,8.755000114440918,8.755999565124512,0
2026-08-12T01:30,8.755000114440918,8.756999969482422,8.746000289916992,8.756999969482422,0
2026-08-12T01:35,8.755000114440918,8.767000198364258,8.751999855041504,8.767000198364258,0
2026-08-12T01:40,8.769000053405762,8.791000366210938,8.769000053405762,8.788000106811523,0
2026-08-12T01:45,8.789999961853027,8.812999725341797,8.786999702453613,8.809000015258789,0
2026-08-12T01:50,8.805999755859375,8.805999755859375,8.772000312805176,8.772000312805176,1090272
2026-08-12T01:55,8.770999908447266,8.782999992370605,8.770000457763672,8.779000282287598,0
2026-08-12T02:00,8.781000137329102,8.788999557495117,8.781000137329102,8.782999992370605,0
2026-08-12T02:05,8.777999877929688,8.781999588012695,8.770999908447266,8.770999908447266,0
2026-08-12T02:10,8.77299976348877,8.77299976348877,8.762999534606934,8.762999534606934,20576
2026-08-12T02:15,8.76099967956543,8.770999908447266,8.76099967956543,8.76099967956543,214848
2026-08-12T02:20,8.760000228881836,8.760000228881836,8.75,8.753999710083008,0
2026-08-12T02:25,8.753000259399414,8.76099967956543,8.744000434875488,8.76099967956543,0
2026-08-12T02:30,8.763999938964844,8.774999618530273,8.755999565124512,8.765999794006348,172544
2026-08-12T02:35,8.767000198364258,8.767000198364258,8.756999969482422,8.760000228881836,0
2026-08-12T02:40,8.760000228881836,8.767000198364258,8.758000373840332,8.758000373840332,0
2026-08-12T02:45,8.758999824523926,8.772000312805176,8.758000373840332,8.765999794006348,0
2026-08-12T02:50,8.763999938964844,8.765000343322754,8.751999855041504,8.758000373840332,0
2026-08-12T02:55,8.758000373840332,8.758000373840332,8.734000205993652,8.734999656677246,49504
2026-08-12T03:00,8.736000061035156,8.743000030517578,8.729000091552734,8.73799991607666,14384736
2026-08-12T03:05,8.73799991607666,8.739999771118164,8.722999572753906,8.723999977111816,0
2026-08-12T03:10,8.725000381469727,8.725000381469727,8.715999603271484,8.718000411987305,183136
2026-08-12T03:15,8.718000411987305,8.722000122070312,8.71399974822998,8.720999717712402,288352
2026-08-12T03:20,8.720999717712402,8.730999946594238,8.720999717712402,8.722000122070312,711040
2026-08-12T03:25,8.720999717712402,8.737000465393066,8.720999717712402,8.732000350952148,0
2026-08-12T03:30,8.729999542236328,8.729999542236328,8.720999717712402,8.720999717712402,238592
2026-08-12T03:35,8.725000381469727,8.73799991607666,8.725000381469727,8.73799991607666,423872
2026-08-12T03:40,8.729999542236328,8.732999801635742,8.722999572753906,8.725000381469727,266624
2026-08-12T03:45,8.723999977111816,8.723999977111816,8.711999893188477,8.711999893188477,184800
2026-08-12T03:50,8.711999893188477,8.717000007629395,8.710000038146973,8.71399974822998,700224
2026-08-12T03:55,8.71399974822998,8.717000007629395,8.704000473022461,8.715999603271484,356512
2026-08-12T04:00,8.71399974822998,8.715999603271484,8.711999893188477,8.715999603271484,0
2026-08-12T04:05,8.711999893188477,8.715999603271484,8.708000183105469,8.708000183105469,70880
2026-08-12T04:10,8.708000183105469,8.717000007629395,8.704999923706055,8.717000007629395,130176
2026-08-12T04:15,8.718000411987305,8.72599983215332,8.718000411987305,8.722999572753906,121184
2026-08-12T04:20,8.723999977111816,8.73799991607666,8.722999572753906,8.734999656677246,0
2026-08-12T04:25,8.732999801635742,8.732999801635742,8.718000411987305,8.718000411987305,165152
2026-08-12T04:30,8.715999603271484,8.715999603271484,8.706999778747559,8.708999633789062,294720
2026-08-12T04:35,8.710000038146973,8.713000297546387,8.710000038146973,8.713000297546387,0
2026-08-12T04:40,8.710000038146973,8.71500015258789,8.708999633789062,8.71399974822998,0
2026-08-12T04:45,8.713000297546387,8.722000122070312,8.710000038146973,8.722000122070312,0
2026-08-12T04:50,8.720000267028809,8.720000267028809,8.71500015258789,8.715999603271484,23520
2026-08-12T04:55,8.718000411987305,8.718000411987305,8.711000442504883,8.711999893188477,152608
2026-08-12T05:00,8.711999893188477,8.71399974822998,8.704999923706055,8.706000328063965,0
2026-08-12T05:05,8.706999778747559,8.706999778747559,8.696999549865723,8.704999923706055,563488
2026-08-12T05:10,8.706000328063965,8.71399974822998,8.704999923706055,8.713000297546387,135744
2026-08-12T05:15,8.711000442504883,8.722000122070312,8.711000442504883,8.722000122070312,0
2026-08-12T05:20,8.720999717712402,8.722000122070312,8.706999778747559,8.710000038146973,0
2026-08-12T05:25,8.71399974822998,8.720000267028809,8.713000297546387,8.71500015258789,45984
2026-08-12T05:30,8.717000007629395,8.722000122070312,8.717000007629395,8.722000122070312,0
2026-08-12T05:35,8.722999572753906,8.722999572753906,8.711000442504883,8.71399974822998,0
2026-08-12T05:40,8.71399974822998,8.71399974822998,8.710000038146973,8.711999893188477,40608
2026-08-12T05:45,8.711000442504883,8.713000297546387,8.708999633789062,8.708999633789062,268096
2026-08-12T05:50,8.706000328063965,8.711999893188477,8.70300006866455,8.710000038146973,0
2026-08-12T05:55,8.706999778747559,8.711999893188477,8.706999778747559,8.706999778747559,0
2026-08-12T06:00,8.704999923706055,8.704999923706055,8.692999839782715,8.692999839782715,0
2026-08-12T06:05,8.694999694824219,8.696999549865723,8.687000274658203,8.687000274658203,0
2026-08-12T06:10,8.687000274658203,8.696000099182129,8.682000160217285,8.684000015258789,21344
2026-08-12T06:15,8.682999610900879,8.692000389099121,8.682000160217285,8.689000129699707,0
2026-08-12T06:20,8.685999870300293,8.687999725341797,8.678000450134277,8.680000305175781,0
2026-08-12T06:25,8.680000305175781,8.6899995803833,8.678999900817871,8.6850004196167,0
2026-08-12T06:30,8.684000015258789,8.684000015258789,8.675999641418457,8.680000305175781,140480
2026-08-12T06:35,8.682000160217285,8.6899995803833,8.680000305175781,8.689000129699707,0
2026-08-12T06:40,8.689000129699707,8.711999893188477,8.689000129699707,8.70199966430664,0
2026-08-12T06:45,8.704999923706055,8.725000381469727,8.704999923706055,8.720000267028809,51104
2026-08-12T06:50,8.722999572753906,8.72599983215332,8.710000038146973,8.713000297546387,0
2026-08-12T06:55,8.706999778747559,8.725000381469727,8.706999778747559,8.723999977111816,305792
2026-08-12T07:00,8.725000381469727,8.734000205993652,8.723999977111816,8.734000205993652,0
2026-08-12T07:05,8.73799991607666,8.753000259399414,8.734999656677246,8.743000030517578,389664
2026-08-12T07:10,8.73799991607666,8.741999626159668,8.732999801635742,8.73900032043457,532352
2026-08-12T07:15,8.73900032043457,8.744999885559082,8.734000205993652,8.744000434875488,219360
2026-08-12T07:20,8.744000434875488,8.75,8.741000175476074,8.75,203552
2026-08-12T07:25,8.75100040435791,8.755000114440918,8.73799991607666,8.73799991607666,0
2026-08-12T07:30,8.73900032043457,8.755999565124512,8.73799991607666,8.753999710083008,0
2026-08-12T07:35,8.753000259399414,8.753000259399414,8.737000465393066,8.73799991607666,471232
2026-08-12T07:40,8.737000465393066,8.737000465393066,8.729000091552734,8.729000091552734,112480
2026-08-12T07:45,8.727999687194824,8.727999687194824,8.715999603271484,8.72700023651123,569984
2026-08-12T07:50,8.729999542236328,8.744000434875488,8.729999542236328,8.737000465393066,21856
2026-08-12T07:55,8.73799991607666,8.746999740600586,8.73799991607666,8.744000434875488,882720
2026-08-12T08:00,8.743000030517578,8.753000259399414,8.73900032043457,8.744000434875488,0
2026-08-12T08:05,8.743000030517578,8.755999565124512,8.741999626159668,8.755999565124512,0
2026-08-12T08:10,8.755999565124512,8.76200008392334,8.755000114440918,8.756999969482422,0
2026-08-12T08:15,8.756999969482422,8.765000343322754,8.756999969482422,8.758999824523926,130400
2026-08-12T08:20,8.758000373840332,8.76200008392334,8.753999710083008,8.76200008392334,248480
2026-08-12T08:25,8.76200008392334,8.767000198364258,8.760000228881836,8.762999534606934,0
2026-08-12T08:30,8.76200008392334,8.76200008392334,8.755999565124512,8.758000373840332,265376
2026-08-12T08:35,8.755999565124512,8.755999565124512,8.753000259399414,8.755999565124512,0
2026-08-12T08:40,8.755999565124512,8.755999565124512,8.746000289916992,8.75,50304
2026-08-12T08:45,8.746000289916992,8.748000144958496,8.741000175476074,8.744999885559082,0
2026-08-12T08:50,8.746999740600586,8.746999740600586,8.739999771118164,8.741999626159668,0
2026-08-12T08:55,8.741000175476074,8.741000175476074,8.734000205993652,8.73799991607666,0
2026-08-12T09:00,8.73799991607666,8.741999626159668,8.730999946594238,8.741999626159668,0
2026-08-12T09:05,8.741999626159668,8.748000144958496,8.73799991607666,8.73799991607666,0
2026-08-12T09:10,8.73799991607666,8.73799991607666,8.729999542236328,8.729999542236328,0
2026-08-12T09:15,8.734999656677246,8.753999710083008,8.734999656677246,8.753999710083008,0
2026-08-12T09:20,8.756999969482422,8.760000228881836,8.741000175476074,8.760000228881836,0
2026-08-12T09:25,8.76099967956543,8.777999877929688,8.756999969482422,8.760000228881836,0
2026-08-12T09:30,8.765999794006348,8.777000427246094,8.760000228881836,8.774999618530273,1633056
2026-08-12T09:35,8.774999618530273,8.779999732971191,8.77400016784668,8.777999877929688,0
2026-08-12T09:40,8.777999877929688,8.786999702453613,8.772000312805176,8.786999702453613,0
2026-08-12T09:45,8.786999702453613,8.791999816894531,8.781999588012695,8.781999588012695,0
2026-08-12T09:50,8.786999702453613,8.789999961853027,8.782999992370605,8.786999702453613,0
2026-08-12T09:55,8.786999702453613,8.793999671936035,8.786999702453613,8.791999816894531,0
2026-08-12T10:00,8.791999816894531,8.807000160217285,8.791999816894531,8.793000221252441,0
2026-08-12T10:05,8.788999557495117,8.791999816894531,8.784000396728516,8.791999816894531,0
2026-08-12T10:10,8.789999961853027,8.795999526977539,8.784000396728516,8.784000396728516,0
2026-08-12T10:15,8.788000106811523,8.79699993133545,8.786999702453613,8.791000366210938,77248
2026-08-12T10:20,8.791999816894531,8.800000190734863,8.791999816894531,8.793999671936035,0
2026-08-12T10:25,8.791999816894531,8.79699993133545,8.786999702453613,8.793000221252441,21984
2026-08-12T10:30,8.791999816894531,8.8149995803833,8.791999816894531,8.810999870300293,0
2026-08-12T10:35,8.810999870300293,8.838000297546387,8.810999870300293,8.836999893188477,623264
2026-08-12T10:40,8.84000015258789,8.866000175476074,8.84000015258789,8.845000267028809,572608
2026-08-12T10:45,8.847999572753906,8.869000434875488,8.840999603271484,8.842000007629395,942144
2026-08-12T10:50,8.842000007629395,8.845000267028809,8.819000244140625,8.824999809265137,2544224
2026-08-12T10:55,8.821999549865723,8.821999549865723,8.79699993133545,8.79800033569336,0
2026-08-12T11:00,8.800000190734863,8.807999610900879,8.791000366210938,8.79699993133545,73056
2026-08-12T11:05,8.79699993133545,8.805999755859375,8.795999526977539,8.803999900817871,0
2026-08-12T11:10,8.805000305175781,8.812999725341797,8.805000305175781,8.812999725341797,0
2026-08-12T11:15,8.814000129699707,8.833000183105469,8.814000129699707,8.831999778747559,0
2026-08-12T11:20,8.829000473022461,8.842000007629395,8.829000473022461,8.83899974822998,0
2026-08-12T11:25,8.83899974822998,8.842000007629395,8.835000038146973,8.840999603271484,446496
2026-08-12T11:30,8.843000411987305,8.86299991607666,8.842000007629395,8.854000091552734,23136
2026-08-12T11:35,8.852999687194824,8.866000175476074,8.850000381469727,8.859999656677246,669440
2026-08-12T11:40,8.861000061035156,8.871000289916992,8.854000091552734,8.866999626159668,26656
2026-08-12T11:45,8.86400032043457,8.868000030517578,8.859000205993652,8.86299991607666,0
2026-08-12T11:50,8.864999771118164,8.869000434875488,8.850000381469727,8.85200023651123,146560
2026-08-12T11:55,8.85200023651123,8.871000289916992,8.848999977111816,8.869000434875488,590816
2026-08-12T12:00,8.869000434875488,8.871000289916992,8.86400032043457,8.871000289916992,70784
2026-08-12T12:05,8.869999885559082,8.871000289916992,8.86299991607666,8.86299991607666,0
2026-08-12T12:10,8.862000465393066,8.864999771118164,8.852999687194824,8.852999687194824,765344
2026-08-12T12:15,8.85200023651123,8.862000465393066,8.84000015258789,8.84000015258789,55200
2026-08-12T12:20,8.83899974822998,8.843999862670898,8.833000183105469,8.842000007629395,378848
2026-08-12T12:25,8.847000122070312,8.878000259399414,8.847000122070312,8.873000144958496,800
2026-08-12T12:30,8.871999740600586,8.885000228881836,8.82699966430664,8.876999855041504,2105600
2026-08-12T12:35,8.878999710083008,8.880000114440918,8.847999572753906,8.85200023651123,10880928
2026-08-12T12:40,8.859999656677246,8.86299991607666,8.814000129699707,8.814000129699707,981472
2026-08-12T12:45,8.812999725341797,8.821000099182129,8.807000160217285,8.814000129699707,1344928
2026-08-12T12:50,8.815999984741211,8.84000015258789,8.810999870300293,8.838000297546387,852224
2026-08-12T12:55,8.845000267028809,8.85099983215332,8.840999603271484,8.840999603271484,965344
2026-08-12T13:00,8.842000007629395,8.845000267028809,8.807999610900879,8.812999725341797,0
2026-08-12T13:05,8.812000274658203,8.817000389099121,8.807000160217285,8.817000389099121,1519776
2026-08-12T13:10,8.819000244140625,8.831999778747559,8.805999755859375,8.8149995803833,690368
2026-08-12T13:15,8.817000389099121,8.822999954223633,8.8149995803833,8.819999694824219,37824
2026-08-12T13:20,8.819999694824219,8.821000099182129,8.803000450134277,8.815999984741211,0
2026-08-12T13:25,8.810999870300293,8.814000129699707,8.803999900817871,8.810999870300293,29184
2026-08-12T13:30,8.810999870300293,8.815999984741211,8.784000396728516,8.786999702453613,89376
2026-08-12T13:35,8.788999557495117,8.79800033569336,8.78499984741211,8.793999671936035,0
2026-08-12T13:40,8.793999671936035,8.800000190734863,8.781000137329102,8.79800033569336,0
2026-08-12T13:45,8.798999786376953,8.810999870300293,8.795999526977539,8.795999526977539,0
2026-08-12T13:50,8.795000076293945,8.805000305175781,8.782999992370605,8.805000305175781,125888
2026-08-12T13:55,8.805999755859375,8.829999923706055,8.800999641418457,8.819999694824219,69280
2026-08-12T14:00,8.815999984741211,8.815999984741211,8.788999557495117,8.791000366210938,8766144
2026-08-12T14:05,8.76200008392334,8.76200008392334,8.76200008392334,8.76200008392334,0
