date,open,high,low,close,volume
2026-08-01T00:00,44.279998779296875,44.369998931884766,44.27000045776367,44.279998779296875,0
2026-08-01T00:05,44.2599983215332,44.29999923706055,44.209999084472656,44.2400016784668,409696
2026-08-01T00:10,44.2599983215332,44.27000045776367,44.150001525878906,44.27000045776367,6640
2026-08-01T00:15,44.2599983215332,44.33000183105469,44.25,44.29999923706055,5680
2026-08-01T00:20,44.29999923706055,44.29999923706055,44.22999954223633,44.25,0
2026-08-01T00:25,44.25,44.34000015258789,44.25,44.29999923706055,0
2026-08-01T00:30,44.290000915527344,44.33000183105469,44.2599983215332,44.31999969482422,43408
2026-08-01T00:35,44.31999969482422,44.34000015258789,44.27000045776367,44.33000183105469,0
2026-08-01T00:40,44.33000183105469,44.349998474121094,44.290000915527344,44.349998474121094,26784
2026-08-01T00:45,44.349998474121094,44.36000061035156,44.31999969482422,44.34000015258789,7776
2026-08-01T00:50,44.36000061035156,44.36000061035156,44.25,44.27000045776367,262112
2026-08-01T00:55,44.27000045776367,44.279998779296875,44.130001068115234,44.2599983215332,9744
2026-08-01T01:00,44.2599983215332,44.2599983215332,44.18000030517578,44.2400016784668,0
2026-08-01T01:05,44.2400016784668,44.290000915527344,44.20000076293945,44.2400016784668,38848
2026-08-01T01:10,44.2400016784668,44.2599983215332,44.20000076293945,44.25,0
2026-08-01T01:15,44.25,44.27000045776367,44.20000076293945,44.209999084472656,0
2026-08-01T01:20,44.209999084472656,44.27000045776367,44.20000076293945,44.220001220703125,0
2026-08-01T01:25,44.220001220703125,44.25,44.209999084472656,44.22999954223633,6656
2026-08-01T01:30,44.22999954223633,44.2599983215332,44.209999084472656,44.209999084472656,0
2026-08-01T01:35,44.209999084472656,44.27000045776367,44.209999084472656,44.27000045776367,0
2026-08-01T01:40,44.2599983215332,44.29999923706055,44.2599983215332,44.279998779296875,0
2026-08-01T01:45,44.279998779296875,44.290000915527344,44.220001220703125,44.220001220703125,0
2026-08-01T01:50,44.22999954223633,44.25,44.20000076293945,44.22999954223633,168720
2026-08-01T01:55,44.22999954223633,44.2400016784668,44.20000076293945,44.2400016784668,0
2026-08-01T02:00,44.2400016784668,44.2599983215332,44.22999954223633,44.25,0
2026-08-01T02:05,44.25,44.27000045776367,44.220001220703125,44.220001220703125,0
2026-08-01T02:10,44.2400016784668,44.290000915527344,44.22999954223633,44.27000045776367,0
2026-08-01T02:15,44.2400016784668,44.36000061035156,44.2400016784668,44.36000061035156,71152
2026-08-01T02:20,44.36000061035156,44.459999084472656,44.36000061035156,44.439998626708984,324064
2026-08-01T02:25,44.439998626708984,44.470001220703125,44.439998626708984,44.459999084472656,28096
2026-08-01T02:30,44.459999084472656,44.470001220703125,44.439998626708984,44.470001220703125,0
2026-08-01T02:35,44.470001220703125,44.5,44.459999084472656,44.470001220703125,23056
2026-08-01T02:40,44.470001220703125,44.470001220703125,44.43000030517578,44.45000076293945,4400
2026-08-01T02:45,44.45000076293945,44.5099983215332,44.43000030517578,44.459999084472656,5680
2026-08-01T02:50,44.470001220703125,44.47999954223633,44.45000076293945,44.470001220703125,0
2026-08-01T02:55,44.459999084472656,44.4900016784668,44.40999984741211,44.47999954223633,68880
2026-08-01T03:00,44.4900016784668,44.5099983215332,44.45000076293945,44.5,0
2026-08-01T03:05,44.5,44.560001373291016,44.470001220703125,44.529998779296875,0
2026-08-01T03:10,44.529998779296875,44.540000915527344,44.439998626708984,44.47999954223633,54144
2026-08-01T03:15,44.47999954223633,44.5099983215332,44.470001220703125,44.5,0
2026-08-01T03:20,44.5,44.5,44.470001220703125,44.4900016784668,0
2026-08-01T03:25,44.4900016784668,44.5,44.45000076293945,44.4900016784668,64976
2026-08-01T03:30,44.459999084472656,44.56999969482422,44.459999084472656,44.529998779296875,152464
2026-08-01T03:35,44.5099983215332,44.56999969482422,44.5099983215332,44.5099983215332,405488
2026-08-01T03:40,44.5099983215332,44.540000915527344,44.47999954223633,44.529998779296875,211488
2026-08-01T03:45,44.529998779296875,44.54999923706055,44.5,44.5099983215332,33984
2026-08-01T03:50,44.529998779296875,44.529998779296875,44.4900016784668,44.52000045776367,101104
2026-08-01T03:55,44.5099983215332,44.560001373291016,44.5099983215332,44.560001373291016,94144
2026-08-01T04:00,44.560001373291016,44.61000061035156,44.5099983215332,44.5099983215332,0
2026-08-01T04:05,44.5,44.58000183105469,44.5,44.58000183105469,532480
2026-08-01T04:10,44.56999969482422,44.630001068115234,44.560001373291016,44.599998474121094,378784
2026-08-01T04:15,44.61000061035156,44.650001525878906,44.58000183105469,44.63999938964844,283520
2026-08-01T04:20,44.63999938964844,44.650001525878906,44.59000015258789,44.599998474121094,295952
2026-08-01T04:25,44.61000061035156,44.619998931884766,44.59000015258789,44.61000061035156,0
2026-08-01T04:30,44.61000061035156,44.61000061035156,44.529998779296875,44.540000915527344,0
2026-08-01T04:35,44.54999923706055,44.58000183105469,44.54999923706055,44.560001373291016,153968
2026-08-01T04:40,44.56999969482422,44.61000061035156,44.54999923706055,44.61000061035156,88576
2026-08-01T04:45,44.619998931884766,44.68000030517578,44.619998931884766,44.66999816894531,51648
2026-08-01T04:50,44.66999816894531,44.720001220703125,44.66999816894531,44.720001220703125,0
2026-08-01T04:55,44.70000076293945,44.7400016784668,44.689998626708984,44.70000076293945,171296
2026-08-01T05:00,44.689998626708984,44.709999084472656,44.630001068115234,44.66999816894531,0
2026-08-01T05:05,44.66999816894531,44.68000030517578,44.650001525878906,44.68000030517578,30816
2026-08-01T05:10,44.68000030517578,44.689998626708984,44.61000061035156,44.630001068115234,123936
2026-08-01T05:15,44.630001068115234,44.630001068115234,44.560001373291016,44.59000015258789,146064
2026-08-01T05:20,44.59000015258789,44.59000015258789,44.540000915527344,44.54999923706055,0
2026-08-01T05:25,44.560001373291016,44.560001373291016,44.4900016784668,44.529998779296875,296368
2026-08-01T05:30,44.529998779296875,44.560001373291016,44.5099983215332,44.540000915527344,209024
2026-08-01T05:35,44.529998779296875,44.54999923706055,44.47999954223633,44.47999954223633,208080
2026-08-01T05:40,44.47999954223633,44.47999954223633,44.43000030517578,44.439998626708984,18320
2026-08-01T05:45,44.439998626708984,44.439998626708984,44.349998474121094,44.369998931884766,80544
2026-08-01T05:50,44.36000061035156,44.40999984741211,44.34000015258789,44.40999984741211,98224
2026-08-01T05:55,44.400001525878906,44.439998626708984,44.400001525878906,44.41999816894531,0
2026-08-01T06:00,44.41999816894531,44.54999923706055,44.41999816894531,44.5,0
2026-08-01T06:05,44.5,44.540000915527344,44.47999954223633,44.5099983215332,28000
2026-08-01T06:10,44.529998779296875,44.560001373291016,44.5,44.529998779296875,283952
2026-08-01T06:15,44.540000915527344,44.540000915527344,44.47999954223633,44.540000915527344,242144
2026-08-01T06:20,44.560001373291016,44.59000015258789,44.529998779296875,44.58000183105469,57328
2026-08-01T06:25,44.58000183105469,44.61000061035156,44.54999923706055,44.56999969482422,13472
2026-08-01T06:30,44.56999969482422,44.630001068115234,44.560001373291016,44.599998474121094,40720
2026-08-01T06:35,44.599998474121094,44.599998474121094,44.5099983215332,44.529998779296875,12512
2026-08-01T06:40,44.529998779296875,44.54999923706055,44.52000045776367,44.540000915527344,0
2026-08-01T06:45,44.54999923706055,44.54999923706055,44.5,44.5,0
2026-08-01T06:50,44.5,44.54999923706055,44.5,44.540000915527344,0
2026-08-01T06:55,44.540000915527344,44.56999969482422,44.52000045776367,44.54999923706055,34080
2026-08-01T07:00,44.54999923706055,44.54999923706055,44.5099983215332,44.529998779296875,0
2026-08-01T07:05,44.529998779296875,44.560001373291016,44.52000045776367,44.560001373291016,0
2026-08-01T07:10,44.56999969482422,44.63999938964844,44.56999969482422,44.59000015258789,0
2026-08-01T07:15,44.59000015258789,44.61000061035156,44.529998779296875,44.54999923706055,87152
2026-08-01T07:20,44.54999923706055,44.58000183105469,44.5099983215332,44.5099983215332,258352
2026-08-01T07:25,44.5099983215332,44.52000045776367,44.4900016784668,44.5099983215332,63040
2026-08-01T07:30,44.5099983215332,44.529998779296875,44.5,44.52000045776367,36288
2026-08-01T07:35,44.529998779296875,44.59000015258789,44.52000045776367,44.529998779296875,0
2026-08-01T07:40,44.529998779296875,44.540000915527344,44.5,44.52000045776367,93696
2026-08-01T07:45,44.52000045776367,44.52000045776367,44.5,44.52000045776367,7248
2026-08-01T07:50,44.529998779296875,44.540000915527344,44.47999954223633,44.5099983215332,0
2026-08-01T07:55,44.4900016784668,44.5,44.47999954223633,44.4900016784668,188608
2026-08-01T08:00,44.4900016784668,44.560001373291016,44.4900016784668,44.5099983215332,0
2026-08-01T08:05,44.5099983215332,44.5099983215332,44.439998626708984,44.47999954223633,73408
2026-08-01T08:10,44.47999954223633,44.4900016784668,44.459999084472656,44.4900016784668,184480
2026-08-01T08:15,44.47999954223633,44.5,44.470001220703125,44.47999954223633,0
2026-08-01T08:20,44.4900016784668,44.5,44.43000030517578,44.459999084472656,0
2026-08-01T08:25,44.459999084472656,44.459999084472656,44.439998626708984,44.439998626708984,5104
2026-08-01T08:30,44.439998626708984,44.439998626708984,44.400001525878906,44.41999816894531,0
2026-08-01T08:35,44.40999984741211,44.41999816894531,44.34000015258789,44.349998474121094,201200
2026-08-01T08:40,44.349998474121094,44.380001068115234,44.33000183105469,44.36000061035156,201568
2026-08-01T08:45,44.349998474121094,44.380001068115234,44.31999969482422,44.380001068115234,0
2026-08-01T08:50,44.380001068115234,44.38999938964844,44.36000061035156,44.36000061035156,0
2026-08-01T08:55,44.380001068115234,44.439998626708984,44.380001068115234,44.43000030517578,29312
2026-08-01T09:00,44.43000030517578,44.459999084472656,44.43000030517578,44.45000076293945,0
2026-08-01T09:05,44.459999084472656,44.459999084472656,44.41999816894531,44.41999816894531,0
2026-08-01T09:10,44.439998626708984,44.459999084472656,44.41999816894531,44.459999084472656,0
2026-08-01T09:15,44.45000076293945,44.4900016784668,44.45000076293945,44.47999954223633,31856
2026-08-01T09:20,44.47999954223633,44.47999954223633,44.41999816894531,44.43000030517578,0
2026-08-01T09:25,44.43000030517578,44.43000030517578,44.41999816894531,44.41999816894531,835456
2026-08-01T09:30,44.41999816894531,44.45000076293945,44.40999984741211,44.439998626708984,0
2026-08-01T09:35,44.439998626708984,44.439998626708984,44.36000061035156,44.36000061035156,0
2026-08-01T09:40,44.34000015258789,44.349998474121094,44.33000183105469,44.349998474121094,0
2026-08-01T09:45,44.34000015258789,44.380001068115234,44.34000015258789,44.380001068115234,0
2026-08-01T09:50,44.369998931884766,44.369998931884766,44.349998474121094,44.36000061035156,0
2026-08-01T09:55,44.34000015258789,44.36000061035156,44.310001373291016,44.34000015258789,0
2026-08-01T10:00,44.36000061035156,44.38999938964844,44.25,44.25,0
2026-08-01T10:05,44.27000045776367,44.34000015258789,44.27000045776367,44.33000183105469,0
2026-08-01T10:10,44.34000015258789,44.41999816894531,44.34000015258789,44.349998474121094,50288
2026-08-01T10:15,44.34000015258789,44.369998931884766,44.29999923706055,44.36000061035156,0
2026-08-01T10:20,44.34000015258789,44.34000015258789,44.2400016784668,44.2400016784668,300912
2026-08-01T10:25,44.22999954223633,44.25,44.220001220703125,44.22999954223633,113056
2026-08-01T10:30,44.189998626708984,44.209999084472656,44.18000030517578,44.209999084472656,182128
2026-08-01T10:35,44.220001220703125,44.220001220703125,44.18000030517578,44.20000076293945,165168
2026-08-01T10:40,44.20000076293945,44.2400016784668,44.20000076293945,44.2400016784668,0
2026-08-01T10:45,44.2400016784668,44.29999923706055,44.2400016784668,44.290000915527344,61520
2026-08-01T10:50,44.29999923706055,44.29999923706055,44.27000045776367,44.27000045776367,0
2026-08-01T10:55,44.29999923706055,44.29999923706055,44.27000045776367,44.290000915527344,0
2026-08-01T11:00,44.290000915527344,44.33000183105469,44.27000045776367,44.310001373291016,0
2026-08-01T11:05,44.310001373291016,44.310001373291016,44.290000915527344,44.290000915527344,0
2026-08-01T11:10,44.29999923706055,44.29999923706055,44.279998779296875,44.290000915527344,0
2026-08-01T11:15,44.29999923706055,44.29999923706055,44.22999954223633,44.25,0
2026-08-01T11:20,44.27000045776367,44.310001373291016,44.2599983215332,44.29999923706055,0
2026-08-01T11:25,44.29999923706055,44.31999969482422,44.279998779296875,44.310001373291016,0
2026-08-01T11:30,44.31999969482422,44.31999969482422,44.2599983215332,44.31999969482422,0
2026-08-01T11:35,44.310001373291016,44.36000061035156,44.310001373291016,44.36000061035156,0
2026-08-01T11:40,44.369998931884766,44.369998931884766,44.33000183105469,44.349998474121094,12336
2026-08-01T11:45,44.33000183105469,44.34000015258789,44.29999923706055,44.31999969482422,0
2026-08-01T11:50,44.31999969482422,44.31999969482422,44.2400016784668,44.290000915527344,0
2026-08-01T11:55,44.290000915527344,44.310001373291016,44.2599983215332,44.29999923706055,0
2026-08-01T12:00,44.310001373291016,44.33000183105469,44.29999923706055,44.33000183105469,0
2026-08-01T12:05,44.33000183105469,44.349998474121094,44.290000915527344,44.310001373291016,0
2026-08-01T12:10,44.310001373291016,44.310001373291016,44.279998779296875,44.279998779296875,0
2026-08-01T12:15,44.27000045776367,44.29999923706055,44.25,44.29999923706055,0
2026-08-01T12:20,44.29999923706055,44.31999969482422,44.290000915527344,44.31999969482422,0
2026-08-01T12:25,44.31999969482422,44.31999969482422,44.220001220703125,44.27000045776367,0
2026-08-01T12:30,44.27000045776367,44.279998779296875,44.25,44.279998779296875,0
2026-08-01T12:35,44.2599983215332,44.27000045776367,44.2400016784668,44.2599983215332,4128
2026-08-01T12:40,44.27000045776367,44.279998779296875,44.25,44.25,0
2026-08-01T12:45,44.27000045776367,44.31999969482422,44.27000045776367,44.310001373291016,0
2026-08-01T12:50,44.31999969482422,44.349998474121094,44.310001373291016,44.34000015258789,0
2026-08-01T12:55,44.34000015258789,44.36000061035156,44.31999969482422,44.36000061035156,0
2026-08-01T13:00,44.36000061035156,44.36000061035156,44.290000915527344,44.349998474121094,0
2026-08-01T13:05,44.349998474121094,44.349998474121094,44.25,44.25,0
2026-08-01T13:10,44.2400016784668,44.29999923706055,44.2400016784668,44.27000045776367,0
2026-08-01T13:15,44.25,44.25,44.209999084472656,44.209999084472656,38896
2026-08-01T13:20,44.220001220703125,44.25,44.209999084472656,44.2400016784668,0
2026-08-01T13:25,44.2400016784668,44.2400016784668,44.189998626708984,44.209999084472656,177808
2026-08-01T13:30,44.22999954223633,44.290000915527344,44.20000076293945,44.279998779296875,0
2026-08-01T13:35,44.279998779296875,44.29999923706055,44.189998626708984,44.22999954223633,0
2026-08-01T13:40,44.220001220703125,44.279998779296875,44.220001220703125,44.25,723632
2026-08-01T13:45,44.2400016784668,44.25,44.189998626708984,44.209999084472656,0
2026-08-01T13:50,44.209999084472656,44.2599983215332,44.209999084472656,44.2599983215332,0
2026-08-01T13:55,44.2599983215332,44.279998779296875,44.22999954223633,44.27000045776367,0
2026-08-01T14:00,44.279998779296875,44.279998779296875,44.2400016784668,44.2400016784668,0
2026-08-01T14:05,44.25,44.27000045776367,44.209999084472656,44.209999084472656,0
2026-08-01T14:10,44.209999084472656,44.220001220703125,44.099998474121094,44.119998931884766,0
2026-08-01T14:15,44.13999938964844,44.16999816894531,44.119998931884766,44.130001068115234,0
2026-08-01T14:20,44.130001068115234,44.18000030517578,44.130001068115234,44.15999984741211,0
2026-08-01T14:25,44.15999984741211,44.15999984741211,44.099998474121094,44.150001525878906,0
2026-08-01T14:30,44.150001525878906,44.150001525878906,44.08000183105469,44.09000015258789,0
2026-08-01T14:35,44.09000015258789,44.11000061035156,44.06999969482422,44.11000061035156,60576
2026-08-01T14:40,44.099998474121094,44.099998474121094,44.06999969482422,44.08000183105469,0
2026-08-01T14:45,44.06999969482422,44.119998931884766,44.060001373291016,44.099998474121094,0
2026-08-01T14:50,44.099998474121094,44.119998931884766,44.099998474121094,44.099998474121094,95264
2026-08-01T14:55,44.099998474121094,44.15999984741211,44.08000183105469,44.15999984741211,0
2026-08-01T15:00,44.15999984741211,44.18000030517578,44.099998474121094,44.15999984741211,0
2026-08-01T15:05,44.15999984741211,44.16999816894531,44.13999938964844,44.150001525878906,0
2026-08-01T15:10,44.150001525878906,44.150001525878906,44.06999969482422,44.09000015258789,45952
2026-08-01T15:15,44.09000015258789,44.09000015258789,44.029998779296875,44.04999923706055,543264
2026-08-01T15:20,44.06999969482422,44.099998474121094,44.06999969482422,44.099998474121094,322784
2026-08-01T15:25,44.08000183105469,44.099998474121094,44.04999923706055,44.06999969482422,30528
2026-08-01T15:30,44.06999969482422,44.08000183105469,44.04999923706055,44.08000183105469,76032
2026-08-01T15:35,44.09000015258789,44.130001068115234,44.08000183105469,44.119998931884766,0
2026-08-01T15:40,44.119998931884766,44.119998931884766,44.06999969482422,44.09000015258789,0
2026-08-01T15:45,44.09000015258789,44.11000061035156,44.08000183105469,44.11000061035156,0
2026-08-01T15:50,44.099998474121094,44.130001068115234,44.06999969482422,44.11000061035156,0
2026-08-01T15:55,44.11000061035156,44.119998931884766,44.06999969482422,44.08000183105469,422432
2026-08-01T16:00,44.06999969482422,44.16999816894531,44.04999923706055,44.16999816894531,0
2026-08-01T16:05,44.16999816894531,44.20000076293945,44.040000915527344,44.040000915527344,153648
2026-08-01T16:10,44.02000045776367,44.099998474121094,44.0,44.06999969482422,866416
2026-08-01T16:15,44.06999969482422,44.150001525878906,44.04999923706055,44.130001068115234,0
2026-08-01T16:20,44.130001068115234,44.150001525878906,44.11000061035156,44.150001525878906,0
2026-08-01T16:25,44.119998931884766,44.15999984741211,44.11000061035156,44.13999938964844,0
2026-08-01T16:30,44.150001525878906,44.15999984741211,44.11000061035156,44.15999984741211,0
2026-08-01T16:35,44.15999984741211,44.16999816894531,44.09000015258789,44.099998474121094,0
2026-08-01T16:40,44.099998474121094,44.11000061035156,44.06999969482422,44.08000183105469,0
2026-08-01T16:45,44.08000183105469,44.08000183105469,44.040000915527344,44.060001373291016,0
2026-08-01T16:50,44.060001373291016,44.06999969482422,44.0099983215332,44.06999969482422,39920
2026-08-01T16:55,44.06999969482422,44.06999969482422,43.95000076293945,44.029998779296875,406272
2026-08-01T17:00,44.02000045776367,44.060001373291016,43.959999084472656,44.060001373291016,0
2026-08-01T17:05,44.060001373291016,44.119998931884766,44.04999923706055,44.11000061035156,0
2026-08-01T17:10,44.09000015258789,44.09000015258789,44.02000045776367,44.060001373291016,304352
2026-08-01T17:15,44.060001373291016,44.11000061035156,44.02000045776367,44.11000061035156,0
2026-08-01T17:20,44.11000061035156,44.13999938964844,44.09000015258789,44.11000061035156,0
2026-08-01T17:25,44.11000061035156,44.11000061035156,44.029998779296875,44.04999923706055,107696
2026-08-01T17:30,44.060001373291016,44.060001373291016,43.939998626708984,43.939998626708984,175696
2026-08-01T17:35,43.939998626708984,43.9900016784668,43.880001068115234,43.900001525878906,512384
2026-08-01T17:40,43.90999984741211,43.95000076293945,43.900001525878906,43.93000030517578,0
2026-08-01T17:45,43.93000030517578,43.959999084472656,43.849998474121094,43.959999084472656,93456
2026-08-01T17:50,43.959999084472656,43.959999084472656,43.88999938964844,43.959999084472656,268656
2026-08-01T17:55,43.959999084472656,43.970001220703125,43.91999816894531,43.970001220703125,84416
2026-08-01T18:00,43.939998626708984,43.97999954223633,43.880001068115234,43.97999954223633,0
2026-08-01T18:05,43.970001220703125,43.97999954223633,43.95000076293945,43.959999084472656,0
2026-08-01T18:10,43.959999084472656,43.97999954223633,43.90999984741211,43.959999084472656,0
2026-08-01T18:15,43.95000076293945,43.959999084472656,43.90999984741211,43.95000076293945,120944
2026-08-01T18:20,43.95000076293945,43.95000076293945,43.869998931884766,43.880001068115234,312000
2026-08-01T18:25,43.88999938964844,43.939998626708984,43.88999938964844,43.91999816894531,152672
2026-08-01T18:30,43.93000030517578,43.93000030517578,43.630001068115234,43.720001220703125,498944
2026-08-01T18:35,43.7599983215332,43.86000061035156,43.7400016784668,43.810001373291016,2117344
2026-08-01T18:40,43.81999969482422,43.81999969482422,43.70000076293945,43.70000076293945,635536
2026-08-01T18:45,43.66999816894531,43.720001220703125,43.58000183105469,43.65999984741211,341120
2026-08-01T18:50,43.63999938964844,43.75,43.63999938964844,43.7400016784668,654192
2026-08-01T18:55,43.75,43.880001068115234,43.75,43.869998931884766,0
2026-08-01T19:00,43.86000061035156,44.04999923706055,43.84000015258789,43.97999954223633,229520
2026-08-01T19:05,43.97999954223633,43.97999954223633,43.939998626708984,43.95000076293945,2313456
2026-08-01T19:10,43.95000076293945,43.959999084472656,43.88999938964844,43.88999938964844,507616
2026-08-01T19:15,43.869998931884766,43.91999816894531,43.84000015258789,43.88999938964844,0
2026-08-01T19:20,43.90999984741211,43.90999984741211,43.849998474121094,43.900001525878906,113344
2026-08-01T19:25,43.900001525878906,43.939998626708984,43.869998931884766,43.939998626708984,89888
2026-08-01T19:30,43.939998626708984,43.959999084472656,43.88999938964844,43.939998626708984,214976
2026-08-01T19:35,43.91999816894531,43.95000076293945,43.900001525878906,43.900001525878906,0
2026-08-01T19:40,43.91999816894531,43.95000076293945,43.88999938964844,43.91999816894531,234896
2026-08-01T19:45,43.91999816894531,43.97999954223633,43.91999816894531,43.970001220703125,0
2026-08-01T19:50,43.97999954223633,44.0,43.970001220703125,43.97999954223633,0
2026-08-01T19:55,43.97999954223633,44.02000045776367,43.959999084472656,43.97999954223633,0
2026-08-01T20:00,43.970001220703125,44.02000045776367,43.95000076293945,44.02000045776367,0
2026-08-01T20:05,44.0,44.0099983215332,43.939998626708984,43.97999954223633,0
2026-08-01T20:10,43.97999954223633,44.02000045776367,43.959999084472656,44.0,0
2026-08-01T20:15,44.0,44.0099983215332,43.97999954223633,44.0099983215332,0
2026-08-01T20:20,44.0099983215332,44.040000915527344,43.93000030517578,43.95000076293945,0
2026-08-01T20:25,43.95000076293945,43.959999084472656,43.91999816894531,43.95000076293945,0
2026-08-01T20:30,43.939998626708984,43.970001220703125,43.900001525878906,43.970001220703125,16688
2026-08-01T20:35,43.970001220703125,43.9900016784668,43.90999984741211,43.939998626708984,38304
2026-08-01T20:40,43.959999084472656,43.9900016784668,43.91999816894531,43.939998626708984,0
2026-08-01T20:45,43.93000030517578,43.9900016784668,43.90999984741211,43.9900016784668,0
2026-08-01T20:50,43.97999954223633,44.02000045776367,43.970001220703125,43.97999954223633,0
2026-08-01T20:55,43.97999954223633,44.02000045776367,43.959999084472656,44.0,0
2026-08-01T21:00,44.0,44.06999969482422,44.0,44.060001373291016,0
2026-08-01T21:05,44.060001373291016,44.08000183105469,44.02000045776367,44.029998779296875,86688
2026-08-01T21:10,44.029998779296875,44.04999923706055,43.9900016784668,44.029998779296875,44608
2026-08-01T21:15,44.040000915527344,44.11000061035156,44.029998779296875,44.099998474121094,335712
2026-08-01T21:20,44.099998474121094,44.099998474121094,44.029998779296875,44.029998779296875,93488
2026-08-01T21:25,44.029998779296875,44.08000183105469,44.0099983215332,44.08000183105469,0
2026-08-01T21:30,44.08000183105469,44.130001068115234,44.06999969482422,44.130001068115234,0
2026-08-01T21:35,44.130001068115234,44.130001068115234,44.040000915527344,44.060001373291016,0
2026-08-01T21:40,44.060001373291016,44.09000015258789,44.029998779296875,44.08000183105469,0
2026-08-01T21:45,44.08000183105469,44.099998474121094,44.060001373291016,44.08000183105469,0
2026-08-01T21:50,44.09000015258789,44.11000061035156,44.06999969482422,44.099998474121094,0
2026-08-01T21:55,44.08000183105469,44.13999938964844,44.08000183105469,44.130001068115234,0
2026-08-01T22:00,44.13999938964844,44.150001525878906,44.060001373291016,44.11000061035156,0
2026-08-01T22:05,44.119998931884766,44.13999938964844,44.099998474121094,44.119998931884766,0
2026-08-01T22:10,44.119998931884766,44.130001068115234,44.06999969482422,44.130001068115234,0
2026-08-01T22:15,44.130001068115234,44.150001525878906,44.119998931884766,44.13999938964844,0
2026-08-01T22:20,44.13999938964844,44.189998626708984,44.119998931884766,44.189998626708984,0
2026-08-01T22:25,44.189998626708984,44.220001220703125,44.189998626708984,44.20000076293945,0
2026-08-01T22:30,44.20000076293945,44.209999084472656,44.18000030517578,44.20000076293945,0
2026-08-01T22:35,44.209999084472656,44.209999084472656,44.16999816894531,44.16999816894531,0
2026-08-01T22:40,44.189998626708984,44.209999084472656,44.18000030517578,44.20000076293945,0
2026-08-01T22:45,44.20000076293945,44.209999084472656,44.16999816894531,44.18000030517578,0
2026-08-01T22:50,44.18000030517578,44.18000030517578,44.13999938964844,44.13999938964844,0
2026-08-01T22:55,44.13999938964844,44.18000030517578,44.130001068115234,44.18000030517578,0
2026-08-01T23:00,44.20000076293945,44.220001220703125,44.20000076293945,44.20000076293945,0
2026-08-01T23:05,44.20000076293945,44.20000076293945,44.15999984741211,44.16999816894531,0
2026-08-01T23:10,44.15999984741211,44.18000030517578,44.13999938964844,44.16999816894531,0
2026-08-01T23:15,44.16999816894531,44.18000030517578,44.130001068115234,44.150001525878906,0
2026-08-01T23:20,44.150001525878906,44.15999984741211,44.130001068115234,44.150001525878906,0
2026-08-01T23:25,44.150001525878906,44.150001525878906,44.119998931884766,44.130001068115234,112912
2026-08-01T23:30,44.130001068115234,44.15999984741211,44.11000061035156,44.130001068115234,0
2026-08-01T23:35,44.11000061035156,44.15999984741211,44.11000061035156,44.150001525878906,0
2026-08-01T23:40,44.15999984741211,44.209999084472656,44.13999938964844,44.209999084472656,0
2026-08-01T23:45,44.209999084472656,44.220001220703125,44.20000076293945,44.209999084472656,14272
2026-08-01T23:50,44.20000076293945,44.20000076293945,44.13999938964844,44.18000030517578,161888
2026-08-01T23:55,44.18000030517578,44.220001220703125,44.18000030517578,44.220001220703125,200736
2026-08-02T00:00,44.220001220703125,44.220001220703125,44.16999816894531,44.220001220703125,0
2026-08-02T00:05,44.220001220703125,44.22999954223633,44.15999984741211,44.18000030517578,0
2026-08-02T00:10,44.16999816894531,44.20000076293945,44.15999984741211,44.16999816894531,253872
2026-08-02T00:15,44.18000030517578,44.18000030517578,44.150001525878906,44.18000030517578,0
2026-08-02T00:20,44.18000030517578,44.189998626708984,44.15999984741211,44.15999984741211,413040
2026-08-02T00:25,44.16999816894531,44.22999954223633,44.16999816894531,44.20000076293945,490496
2026-08-02T00:30,44.20000076293945,44.209999084472656,44.16999816894531,44.18000030517578,404912
2026-08-02T00:35,44.189998626708984,44.20000076293945,44.15999984741211,44.18000030517578,174640
2026-08-02T00:40,44.189998626708984,44.22999954223633,44.16999816894531,44.220001220703125,123792
2026-08-02T00:45,44.220001220703125,44.2400016784668,44.16999816894531,44.18000030517578,0
2026-08-02T00:50,44.189998626708984,44.20000076293945,44.099998474121094,44.11000061035156,0
2026-08-02T00:55,44.130001068115234,44.16999816894531,44.08000183105469,44.15999984741211,0
2026-08-02T01:00,44.189998626708984,44.22999954223633,44.16999816894531,44.22999954223633,0
2026-08-02T01:05,44.22999954223633,44.279998779296875,44.22999954223633,44.2599983215332,0
2026-08-02T01:10,44.2599983215332,44.310001373291016,44.25,44.29999923706055,0
2026-08-02T01:15,44.29999923706055,44.34000015258789,44.2599983215332,44.27000045776367,189568
2026-08-02T01:20,44.290000915527344,44.29999923706055,44.2400016784668,44.27000045776367,3344
2026-08-02T01:25,44.290000915527344,44.470001220703125,44.2599983215332,44.41999816894531,84784
2026-08-02T01:30,44.43000030517578,44.459999084472656,44.38999938964844,44.459999084472656,2657680
2026-08-02T01:35,44.459999084472656,44.459999084472656,44.43000030517578,44.43000030517578,1144688
2026-08-02T01:40,44.439998626708984,44.689998626708984,44.439998626708984,44.59000015258789,1481888
2026-08-02T01:45,44.56999969482422,44.58000183105469,44.540000915527344,44.540000915527344,845856
2026-08-02T01:50,44.54999923706055,44.59000015258789,44.54999923706055,44.59000015258789,204208
2026-08-02T01:55,44.59000015258789,44.599998474121094,44.540000915527344,44.540000915527344,0
2026-08-02T02:00,44.540000915527344,44.56999969482422,44.52000045776367,44.540000915527344,0
2026-08-02T02:05,44.529998779296875,44.7400016784668,44.52000045776367,44.650001525878906,0
2026-08-02T02:10,44.65999984741211,44.709999084472656,44.650001525878906,44.689998626708984,933072
2026-08-02T02:15,44.709999084472656,44.75,44.650001525878906,44.7400016784668,155504
2026-08-02T02:20,44.72999954223633,44.75,44.650001525878906,44.689998626708984,98384
2026-08-02T02:25,44.709999084472656,44.709999084472656,44.61000061035156,44.61000061035156,91584
2026-08-02T02:30,44.61000061035156,44.630001068115234,44.56999969482422,44.58000183105469,221344
2026-08-02T02:35,44.58000183105469,44.58000183105469,44.540000915527344,44.560001373291016,102608
2026-08-02T02:40,44.560001373291016,44.599998474121094,44.540000915527344,44.599998474121094,0
2026-08-02T02:45,44.599998474121094,44.61000061035156,44.540000915527344,44.61000061035156,163504
2026-08-02T02:50,44.61000061035156,44.63999938964844,44.599998474121094,44.61000061035156,101520
2026-08-02T02:55,44.61000061035156,44.61000061035156,44.560001373291016,44.599998474121094,174688
2026-08-02T03:00,44.61000061035156,44.630001068115234,44.56999969482422,44.58000183105469,0
2026-08-02T03:05,44.59000015258789,44.65999984741211,44.58000183105469,44.61000061035156,0
2026-08-02T03:10,44.61000061035156,44.619998931884766,44.599998474121094,44.619998931884766,42800
2026-08-02T03:15,44.619998931884766,44.619998931884766,44.58000183105469,44.61000061035156,141664
2026-08-02T03:20,44.599998474121094,44.66999816894531,44.599998474121094,44.650001525878906,83456
2026-08-02T03:25,44.63999938964844,44.65999984741211,44.630001068115234,44.650001525878906,124000
2026-08-02T03:30,44.650001525878906,44.70000076293945,44.63999938964844,44.689998626708984,0
2026-08-02T03:35,44.689998626708984,44.709999084472656,44.66999816894531,44.68000030517578,0
2026-08-02T03:40,44.66999816894531,44.689998626708984,44.650001525878906,44.650001525878906,0
2026-08-02T03:45,44.66999816894531,44.689998626708984,44.65999984741211,44.66999816894531,46480
2026-08-02T03:50,44.66999816894531,44.66999816894531,44.630001068115234,44.65999984741211,0
2026-08-02T03:55,44.65999984741211,44.66999816894531,44.61000061035156,44.630001068115234,45952
2026-08-02T04:00,44.63999938964844,44.709999084472656,44.630001068115234,44.68000030517578,0
2026-08-02T04:05,44.66999816894531,44.68000030517578,44.63999938964844,44.650001525878906,0
2026-08-02T04:10,44.650001525878906,44.650001525878906,44.58000183105469,44.59000015258789,0
2026-08-02T04:15,44.599998474121094,44.630001068115234,44.59000015258789,44.61000061035156,115168
2026-08-02T04:20,44.61000061035156,44.619998931884766,44.58000183105469,44.61000061035156,107904
2026-08-02T04:25,44.61000061035156,44.630001068115234,44.58000183105469,44.599998474121094,0
2026-08-02T04:30,44.61000061035156,44.63999938964844,44.58000183105469,44.619998931884766,12224
2026-08-02T04:35,44.599998474121094,44.619998931884766,44.599998474121094,44.619998931884766,99008
2026-08-02T04:40,44.61000061035156,44.619998931884766,44.59000015258789,44.61000061035156,224688
2026-08-02T04:45,44.61000061035156,44.619998931884766,44.59000015258789,44.599998474121094,0
2026-08-02T04:50,44.599998474121094,44.599998474121094,44.560001373291016,44.56999969482422,291440
2026-08-02T04:55,44.56999969482422,44.599998474121094,44.560001373291016,44.56999969482422,511728
2026-08-02T05:00,44.58000183105469,44.59000015258789,44.529998779296875,44.529998779296875,0
2026-08-02T05:05,44.540000915527344,44.650001525878906,44.540000915527344,44.619998931884766,190288
2026-08-02T05:10,44.61000061035156,44.61000061035156,44.59000015258789,44.599998474121094,0
2026-08-02T05:15,44.599998474121094,44.61000061035156,44.56999969482422,44.599998474121094,0
2026-08-02T05:20,44.599998474121094,44.630001068115234,44.59000015258789,44.61000061035156,80384
2026-08-02T05:25,44.619998931884766,44.63999938964844,44.61000061035156,44.630001068115234,0
2026-08-02T05:30,44.630001068115234,44.66999816894531,44.619998931884766,44.650001525878906,0
2026-08-02T05:35,44.65999984741211,44.65999984741211,44.61000061035156,44.650001525878906,0
2026-08-02T05:40,44.65999984741211,44.689998626708984,44.630001068115234,44.650001525878906,44528
2026-08-02T05:45,44.650001525878906,44.68000030517578,44.63999938964844,44.68000030517578,77552
2026-08-02T05:50,44.68000030517578,44.689998626708984,44.650001525878906,44.68000030517578,0
2026-08-02T05:55,44.68000030517578,44.68000030517578,44.61000061035156,44.63999938964844,61920
2026-08-02T06:00,44.63999938964844,44.70000076293945,44.630001068115234,44.70000076293945,0
2026-08-02T06:05,44.70000076293945,44.709999084472656,44.65999984741211,44.66999816894531,0
2026-08-02T06:10,44.65999984741211,44.689998626708984,44.65999984741211,44.689998626708984,0
2026-08-02T06:15,44.689998626708984,44.709999084472656,44.68000030517578,44.709999084472656,0
2026-08-02T06:20,44.709999084472656,44.720001220703125,44.689998626708984,44.720001220703125,0
2026-08-02T06:25,44.720001220703125,44.7599983215332,44.709999084472656,44.7400016784668,44768
2026-08-02T06:30,44.7400016784668,44.7599983215332,44.70000076293945,44.72999954223633,13440
2026-08-02T06:35,44.72999954223633,44.77000045776367,44.72999954223633,44.7599983215332,152992
2026-08-02T06:40,44.7599983215332,44.79999923706055,44.7599983215332,44.79999923706055,32624
2026-08-02T06:45,44.79999923706055,44.810001373291016,44.790000915527344,44.79999923706055,23696
2026-08-02T06:50,44.790000915527344,44.79999923706055,44.7599983215332,44.790000915527344,0
2026-08-02T06:55,44.779998779296875,44.79999923706055,44.77000045776367,44.79999923706055,0
2026-08-02T07:00,44.779998779296875,44.790000915527344,44.7599983215332,44.779998779296875,0
2026-08-02T07:05,44.779998779296875,44.790000915527344,44.75,44.790000915527344,0
2026-08-02T07:10,44.779998779296875,44.79999923706055,44.77000045776367,44.779998779296875,90656
2026-08-02T07:15,44.779998779296875,44.810001373291016,44.779998779296875,44.79999923706055,0
2026-08-02T07:20,44.79999923706055,44.849998474121094,44.790000915527344,44.83000183105469,0
2026-08-02T07:25,44.83000183105469,44.84000015258789,44.810001373291016,44.83000183105469,0
2026-08-02T07:30,44.83000183105469,44.84000015258789,44.790000915527344,44.79999923706055,0
2026-08-02T07:35,44.810001373291016,44.81999969482422,44.790000915527344,44.790000915527344,12592
2026-08-02T07:40,44.790000915527344,44.83000183105469,44.7599983215332,44.83000183105469,0
2026-08-02T07:45,44.810001373291016,44.810001373291016,44.77000045776367,44.779998779296875,0
2026-08-02T07:50,44.779998779296875,44.810001373291016,44.779998779296875,44.79999923706055,126048
2026-08-02T07:55,44.79999923706055,44.79999923706055,44.77000045776367,44.790000915527344,0
2026-08-02T08:00,44.810001373291016,44.81999969482422,44.790000915527344,44.810001373291016,0
2026-08-02T08:05,44.79999923706055,44.79999923706055,44.77000045776367,44.790000915527344,0
2026-08-02T08:10,44.790000915527344,44.79999923706055,44.75,44.7599983215332,106144
2026-08-02T08:15,44.7599983215332,44.7599983215332,44.7400016784668,44.7400016784668,0
2026-08-02T08:20,44.7400016784668,44.75,44.72999954223633,44.7400016784668,0
2026-08-02T08:25,44.7400016784668,44.7400016784668,44.709999084472656,44.709999084472656,0
2026-08-02T08:30,44.720001220703125,44.720001220703125,44.70000076293945,44.709999084472656,148752
2026-08-02T08:35,44.709999084472656,44.72999954223633,44.650001525878906,44.650001525878906,0
2026-08-02T08:40,44.63999938964844,44.709999084472656,44.630001068115234,44.689998626708984,0
2026-08-02T08:45,44.689998626708984,44.70000076293945,44.68000030517578,44.689998626708984,24528
2026-08-02T08:50,44.689998626708984,44.70000076293945,44.66999816894531,44.689998626708984,0
2026-08-02T08:55,44.689998626708984,44.70000076293945,44.65999984741211,44.68000030517578,0
2026-08-02T09:00,44.68000030517578,44.70000076293945,44.619998931884766,44.619998931884766,0
2026-08-02T09:05,44.619998931884766,44.75,44.619998931884766,44.75,0
2026-08-02T09:10,44.75,44.75,44.72999954223633,44.75,121568
2026-08-02T09:15,44.75,44.77000045776367,44.75,44.75,0
2026-08-02T09:20,44.75,44.75,44.72999954223633,44.75,55440
2026-08-02T09:25,44.75,44.77000045776367,44.75,44.77000045776367,0
2026-08-02T09:30,44.7599983215332,44.7599983215332,44.720001220703125,44.75,0
2026-08-02T09:35,44.75,44.7599983215332,44.720001220703125,44.720001220703125,105776
2026-08-02T09:40,44.720001220703125,44.81999969482422,44.720001220703125,44.810001373291016,0
2026-08-02T09:45,44.810001373291016,44.81999969482422,44.79999923706055,44.79999923706055,30800
2026-08-02T09:50,44.79999923706055,44.810001373291016,44.77000045776367,44.810001373291016,0
2026-08-02T09:55,44.790000915527344,44.810001373291016,44.790000915527344,44.79999923706055,0
2026-08-02T10:00,44.779998779296875,44.79999923706055,44.77000045776367,44.779998779296875,0
2026-08-02T10:05,44.77000045776367,44.779998779296875,44.75,44.75,0
2026-08-02T10:10,44.7599983215332,44.7599983215332,44.7400016784668,44.75,0
2026-08-02T10:15,44.7400016784668,44.7599983215332,44.72999954223633,44.7599983215332,0
2026-08-02T10:20,44.7599983215332,44.7599983215332,44.66999816894531,44.709999084472656,0
2026-08-02T10:25,44.709999084472656,44.709999084472656,44.689998626708984,44.689998626708984,0
2026-08-02T10:30,44.689998626708984,44.720001220703125,44.68000030517578,44.68000030517578,0
2026-08-02T10:35,44.65999984741211,44.709999084472656,44.650001525878906,44.68000030517578,0
2026-08-02T10:40,44.689998626708984,44.720001220703125,44.650001525878906,44.68000030517578,210560
2026-08-02T10:45,44.66999816894531,44.66999816894531,44.63999938964844,44.65999984741211,76048
2026-08-02T10:50,44.63999938964844,44.68000030517578,44.63999938964844,44.68000030517578,288224
2026-08-02T10:55,44.65999984741211,44.68000030517578,44.630001068115234,44.63999938964844,119808
2026-08-02T11:00,44.63999938964844,44.650001525878906,44.630001068115234,44.63999938964844,0
2026-08-02T11:05,44.63999938964844,44.65999984741211,44.630001068115234,44.63999938964844,0
2026-08-02T11:10,44.63999938964844,44.650001525878906,44.61000061035156,44.650001525878906,20496
2026-08-02T11:15,44.65999984741211,44.68000030517578,44.630001068115234,44.630001068115234,0
2026-08-02T11:20,44.61000061035156,44.630001068115234,44.58000183105469,44.599998474121094,95328
2026-08-02T11:25,44.59000015258789,44.61000061035156,44.529998779296875,44.540000915527344,257472
2026-08-02T11:30,44.540000915527344,44.56999969482422,44.52000045776367,44.54999923706055,204064
2026-08-02T11:35,44.54999923706055,44.58000183105469,44.54999923706055,44.58000183105469,233344
2026-08-02T11:40,44.58000183105469,44.599998474121094,44.540000915527344,44.560001373291016,370912
2026-08-02T11:45,44.56999969482422,44.630001068115234,44.56999969482422,44.619998931884766,216432
2026-08-02T11:50,44.619998931884766,44.65999984741211,44.56999969482422,44.599998474121094,206064
2026-08-02T11:55,44.599998474121094,44.619998931884766,44.56999969482422,44.59000015258789,63296
2026-08-02T12:00,44.599998474121094,44.63999938964844,44.58000183105469,44.619998931884766,0
2026-08-02T12:05,44.619998931884766,44.630001068115234,44.58000183105469,44.630001068115234,0
2026-08-02T12:10,44.630001068115234,44.650001525878906,44.599998474121094,44.650001525878906,0
2026-08-02T12:15,44.65999984741211,44.68000030517578,44.63999938964844,44.63999938964844,39776
2026-08-02T12:20,44.63999938964844,44.65999984741211,44.599998474121094,44.599998474121094,0
2026-08-02T12:25,44.599998474121094,44.630001068115234,44.599998474121094,44.61000061035156,0
2026-08-02T12:30,44.61000061035156,44.630001068115234,44.599998474121094,44.619998931884766,0
2026-08-02T12:35,44.619998931884766,44.63999938964844,44.599998474121094,44.619998931884766,0
2026-08-02T12:40,44.61000061035156,44.65999984741211,44.61000061035156,44.65999984741211,215920
2026-08-02T12:45,44.65999984741211,44.689998626708984,44.650001525878906,44.68000030517578,175552
2026-08-02T12:50,44.68000030517578,44.689998626708984,44.650001525878906,44.68000030517578,39808
2026-08-02T12:55,44.68000030517578,44.689998626708984,44.63999938964844,44.63999938964844,9424
2026-08-02T13:00,44.650001525878906,44.650001525878906,44.58000183105469,44.630001068115234,0
2026-08-02T13:05,44.630001068115234,44.63999938964844,44.560001373291016,44.560001373291016,76944
2026-08-02T13:10,44.56999969482422,44.58000183105469,44.540000915527344,44.560001373291016,0
2026-08-02T13:15,44.54999923706055,44.560001373291016,44.52000045776367,44.540000915527344,0
2026-08-02T13:20,44.54999923706055,44.54999923706055,44.529998779296875,44.54999923706055,0
2026-08-02T13:25,44.540000915527344,44.59000015258789,44.540000915527344,44.59000015258789,0
2026-08-02T13:30,44.59000015258789,44.66999816894531,44.59000015258789,44.630001068115234,0
2026-08-02T13:35,44.63999938964844,44.63999938964844,44.59000015258789,44.59000015258789,25648
2026-08-02T13:40,44.59000015258789,44.630001068115234,44.59000015258789,44.630001068115234,0
2026-08-02T13:45,44.630001068115234,44.66999816894531,44.61000061035156,44.65999984741211,0
2026-08-02T13:50,44.65999984741211,44.66999816894531,44.650001525878906,44.66999816894531,0
2026-08-02T13:55,44.65999984741211,44.66999816894531,44.63999938964844,44.65999984741211,0
2026-08-02T14:00,44.65999984741211,44.65999984741211,44.58000183105469,44.599998474121094,0
2026-08-02T14:05,44.599998474121094,44.599998474121094,44.540000915527344,44.560001373291016,0
2026-08-02T14:10,44.56999969482422,44.58000183105469,44.560001373291016,44.58000183105469,0
2026-08-02T14:15,44.58000183105469,44.630001068115234,44.56999969482422,44.599998474121094,0
2026-08-02T14:20,44.599998474121094,44.619998931884766,44.58000183105469,44.58000183105469,0
2026-08-02T14:25,44.599998474121094,44.63999938964844,44.599998474121094,44.630001068115234,0
2026-08-02T14:30,44.630001068115234,44.630001068115234,44.58000183105469,44.619998931884766,0
2026-08-02T14:35,44.619998931884766,44.650001525878906,44.619998931884766,44.63999938964844,0
2026-08-02T14:40,44.650001525878906,44.70000076293945,44.630001068115234,44.70000076293945,0
2026-08-02T14:45,44.68000030517578,44.68000030517578,44.650001525878906,44.66999816894531,25920
2026-08-02T14:50,44.65999984741211,44.68000030517578,44.630001068115234,44.650001525878906,0
2026-08-02T14:55,44.630001068115234,44.650001525878906,44.630001068115234,44.63999938964844,0
2026-08-02T15:00,44.63999938964844,44.66999816894531,44.619998931884766,44.650001525878906,0
2026-08-02T15:05,44.650001525878906,44.68000030517578,44.619998931884766,44.650001525878906,0
2026-08-02T15:10,44.63999938964844,44.709999084472656,44.63999938964844,44.709999084472656,63168
2026-08-02T15:15,44.70000076293945,44.720001220703125,44.68000030517578,44.70000076293945,0
2026-08-02T15:20,44.70000076293945,44.720001220703125,44.689998626708984,44.70000076293945,0
2026-08-02T15:25,44.70000076293945,44.72999954223633,44.689998626708984,44.720001220703125,6336
2026-08-02T15:30,44.720001220703125,44.7400016784668,44.70000076293945,44.7400016784668,0
2026-08-02T15:35,44.72999954223633,44.7400016784668,44.689998626708984,44.689998626708984,126064
2026-08-02T15:40,44.709999084472656,44.7400016784668,44.70000076293945,44.72999954223633,45696
2026-08-02T15:45,44.72999954223633,44.75,44.720001220703125,44.72999954223633,30160
2026-08-02T15:50,44.72999954223633,44.72999954223633,44.70000076293945,44.720001220703125,0
2026-08-02T15:55,44.72999954223633,44.72999954223633,44.70000076293945,44.720001220703125,0
2026-08-02T16:00,44.709999084472656,44.72999954223633,44.66999816894531,44.689998626708984,0
2026-08-02T16:05,44.689998626708984,44.7400016784668,44.689998626708984,44.7400016784668,0
2026-08-02T16:10,44.720001220703125,44.75,44.709999084472656,44.72999954223633,0
2026-08-02T16:15,44.709999084472656,44.81999969482422,44.709999084472656,44.810001373291016,0
2026-08-02T16:20,44.79999923706055,44.81999969482422,44.77000045776367,44.810001373291016,494320
2026-08-02T16:25,44.810001373291016,44.810001373291016,44.75,44.779998779296875,281680
2026-08-02T16:30,44.790000915527344,44.810001373291016,44.7400016784668,44.7400016784668,137456
2026-08-02T16:35,44.75,44.77000045776367,44.72999954223633,44.77000045776367,482960
2026-08-02T16:40,44.77000045776367,44.81999969482422,44.75,44.790000915527344,0
2026-08-02T16:45,44.790000915527344,44.84000015258789,44.790000915527344,44.83000183105469,148880
2026-08-02T16:50,44.810001373291016,44.83000183105469,44.79999923706055,44.810001373291016,11696
2026-08-02T16:55,44.790000915527344,44.83000183105469,44.790000915527344,44.810001373291016,0
2026-08-02T17:00,44.810001373291016,44.84000015258789,44.77000045776367,44.84000015258789,0
2026-08-02T17:05,44.84000015258789,44.84000015258789,44.79999923706055,44.84000015258789,0
2026-08-02T17:10,44.84000015258789,44.900001525878906,44.83000183105469,44.900001525878906,0
2026-08-02T17:15,44.900001525878906,44.900001525878906,44.869998931884766,44.88999938964844,111920
2026-08-02T17:20,44.900001525878906,44.959999084472656,44.900001525878906,44.959999084472656,17520
2026-08-02T17:25,44.959999084472656,44.959999084472656,44.900001525878906,44.91999816894531,46432
2026-08-02T17:30,44.91999816894531,44.93000030517578,44.900001525878906,44.93000030517578,0
2026-08-02T17:35,44.93000030517578,44.970001220703125,44.90999984741211,44.970001220703125,0
2026-08-02T17:40,44.970001220703125,44.970001220703125,44.93000030517578,44.95000076293945,0
2026-08-02T17:45,44.959999084472656,44.970001220703125,44.93000030517578,44.959999084472656,471728
2026-08-02T17:50,44.970001220703125,44.97999954223633,44.959999084472656,44.97999954223633,0
2026-08-02T17:55,44.97999954223633,44.9900016784668,44.93000030517578,44.93000030517578,0
2026-08-02T18:00,44.939998626708984,44.95000076293945,44.91999816894531,44.93000030517578,0
2026-08-02T18:05,44.95000076293945,44.95000076293945,44.900001525878906,44.95000076293945,0
2026-08-02T18:10,44.95000076293945,44.970001220703125,44.939998626708984,44.95000076293945,0
2026-08-02T18:15,44.959999084472656,44.970001220703125,44.95000076293945,44.95000076293945,0
2026-08-02T18:20,44.959999084472656,44.9900016784668,44.95000076293945,44.970001220703125,0
2026-08-02T18:25,44.95000076293945,44.970001220703125,44.95000076293945,44.970001220703125,0
2026-08-02T18:30,44.97999954223633,44.97999954223633,44.91999816894531,44.95000076293945,0
2026-08-02T18:35,44.959999084472656,44.970001220703125,44.90999984741211,44.91999816894531,0
2026-08-02T18:40,44.91999816894531,45.0,44.900001525878906,44.91999816894531,0
2026-08-02T18:45,44.91999816894531,44.91999816894531,44.869998931884766,44.880001068115234,0
2026-08-02T18:50,44.880001068115234,44.88999938964844,44.86000061035156,44.880001068115234,0
2026-08-02T18:55,44.880001068115234,44.90999984741211,44.869998931884766,44.900001525878906,0
2026-08-02T19:00,44.900001525878906,44.900001525878906,44.81999969482422,44.83000183105469,0
2026-08-02T19:05,44.849998474121094,44.880001068115234,44.779998779296875,44.81999969482422,0
2026-08-02T19:10,44.79999923706055,44.84000015258789,44.79999923706055,44.84000015258789,680448
2026-08-02T19:15,44.84000015258789,44.849998474121094,44.81999969482422,44.849998474121094,123504
2026-08-02T19:20,44.86000061035156,44.900001525878906,44.84000015258789,44.88999938964844,0
2026-08-02T19:25,44.88999938964844,44.900001525878906,44.84000015258789,44.88999938964844,136824
2026-08-02T19:30,44.880001068115234,44.88999938964844,44.849998474121094,44.88999938964844,64840
2026-08-02T19:35,44.900001525878906,44.900001525878906,44.86000061035156,44.88999938964844,0
2026-08-02T19:40,44.88999938964844,44.88999938964844,44.869998931884766,44.880001068115234,128576
2026-08-02T19:45,44.88999938964844,44.93000030517578,44.880001068115234,44.93000030517578,0
2026-08-02T19:50,44.93000030517578,44.97999954223633,44.93000030517578,44.97999954223633,0
2026-08-02T19:55,44.97999954223633,45.0099983215332,44.959999084472656,45.0,105488
2026-08-02T20:00,44.9900016784668,45.0099983215332,44.95000076293945,44.959999084472656,0
2026-08-02T20:05,44.939998626708984,44.97999954223633,44.93000030517578,44.97999954223633,0
2026-08-02T20:10,44.959999084472656,44.97999954223633,44.95000076293945,44.95000076293945,102608
2026-08-02T20:15,44.95000076293945,44.970001220703125,44.93000030517578,44.93000030517578,40256
2026-08-02T20:20,44.93000030517578,44.939998626708984,44.84000015258789,44.849998474121094,0
2026-08-02T20:25,44.84000015258789,44.849998474121094,44.779998779296875,44.81999969482422,135592
2026-08-02T20:30,44.810001373291016,44.81999969482422,44.790000915527344,44.810001373291016,0
2026-08-02T20:35,44.810001373291016,44.810001373291016,44.77000045776367,44.779998779296875,141320
2026-08-02T20:40,44.779998779296875,44.810001373291016,44.77000045776367,44.790000915527344,36632
2026-08-02T20:45,44.810001373291016,44.84000015258789,44.779998779296875,44.81999969482422,11616
2026-08-02T20:50,44.810001373291016,44.83000183105469,44.79999923706055,44.81999969482422,108808
2026-08-02T20:55,44.81999969482422,44.84000015258789,44.810001373291016,44.84000015258789,0
2026-08-02T21:00,44.84000015258789,44.849998474121094,44.790000915527344,44.849998474121094,0
2026-08-02T21:05,44.849998474121094,44.849998474121094,44.79999923706055,44.83000183105469,0
2026-08-02T21:10,44.81999969482422,44.869998931884766,44.810001373291016,44.84000015258789,0
2026-08-02T21:15,44.83000183105469,44.88999938964844,44.81999969482422,44.83000183105469,0
2026-08-02T21:20,44.84000015258789,44.86000061035156,44.83000183105469,44.84000015258789,0
2026-08-02T21:25,44.86000061035156,44.900001525878906,44.84000015258789,44.900001525878906,46328
2026-08-02T21:30,44.90999984741211,44.90999984741211,44.869998931884766,44.90999984741211,0
2026-08-02T21:35,44.88999938964844,44.93000030517578,44.880001068115234,44.900001525878906,160704
2026-08-02T21:40,44.900001525878906,44.970001220703125,44.84000015258789,44.91999816894531,194336
2026-08-02T21:45,44.93000030517578,44.970001220703125,44.880001068115234,44.880001068115234,650800
2026-08-02T21:50,44.869998931884766,44.900001525878906,44.849998474121094,44.849998474121094,341520
2026-08-02T21:55,44.869998931884766,44.88999938964844,44.81999969482422,44.88999938964844,0
2026-08-02T22:00,44.90999984741211,44.959999084472656,44.88999938964844,44.95000076293945,0
2026-08-02T22:05,44.959999084472656,44.970001220703125,44.90999984741211,44.939998626708984,142968
2026-08-02T22:10,44.97999954223633,44.9900016784668,44.939998626708984,44.95000076293945,114736
2026-08-02T22:15,44.95000076293945,45.0,44.93000030517578,44.939998626708984,130040
2026-08-02T22:20,44.939998626708984,44.959999084472656,44.93000030517578,44.939998626708984,184392
2026-08-02T22:25,44.939998626708984,44.939998626708984,44.900001525878906,44.90999984741211,0
2026-08-02T22:30,44.90999984741211,44.91999816894531,44.84000015258789,44.84000015258789,34432
2026-08-02T22:35,44.84000015258789,44.869998931884766,44.779998779296875,44.79999923706055,211192
2026-08-02T22:40,44.75,44.810001373291016,44.720001220703125,44.790000915527344,671352
2026-08-02T22:45,44.79999923706055,44.810001373291016,44.7599983215332,44.7599983215332,273000
2026-08-02T22:50,44.77000045776367,44.810001373291016,44.7599983215332,44.779998779296875,289016
2026-08-02T22:55,44.779998779296875,44.779998779296875,44.72999954223633,44.7599983215332,275232
2026-08-02T23:00,44.7400016784668,44.77000045776367,44.68000030517578,44.68000030517578,0
2026-08-02T23:05,44.65999984741211,44.689998626708984,44.630001068115234,44.650001525878906,0
2026-08-02T23:10,44.63999938964844,44.66999816894531,44.630001068115234,44.65999984741211,222136
2026-08-02T23:15,44.63999938964844,44.68000030517578,44.63999938964844,44.66999816894531,74112
2026-08-02T23:20,44.66999816894531,44.68000030517578,44.63999938964844,44.65999984741211,823112
2026-08-02T23:25,44.65999984741211,44.68000030517578,44.63999938964844,44.650001525878906,172864
2026-08-02T23:30,44.63999938964844,44.68000030517578,44.61000061035156,44.65999984741211,224832
2026-08-02T23:35,44.66999816894531,44.66999816894531,44.630001068115234,44.63999938964844,71360
2026-08-02T23:40,44.63999938964844,44.650001525878906,44.630001068115234,44.63999938964844,15648
2026-08-02T23:45,44.630001068115234,44.650001525878906,44.599998474121094,44.630001068115234,0
2026-08-02T23:50,44.63999938964844,44.65999984741211,44.630001068115234,44.630001068115234,0
2026-08-02T23:55,44.630001068115234,44.650001525878906,44.59000015258789,44.63999938964844,0
2026-08-03T00:00,44.650001525878906,44.650001525878906,44.58000183105469,44.58000183105469,0
2026-08-03T00:05,44.59000015258789,44.650001525878906,44.540000915527344,44.650001525878906,0
2026-08-03T00:10,44.630001068115234,44.689998626708984,44.61000061035156,44.63999938964844,7224
2026-08-03T00:15,44.63999938964844,44.68000030517578,44.619998931884766,44.68000030517578,127504
2026-08-03T00:20,44.66999816894531,44.66999816894531,44.61000061035156,44.63999938964844,0
2026-08-03T00:25,44.63999938964844,44.63999938964844,44.56999969482422,44.599998474121094,0
2026-08-03T00:30,44.59000015258789,44.650001525878906,44.560001373291016,44.650001525878906,0
2026-08-03T00:35,44.619998931884766,44.70000076293945,44.619998931884766,44.70000076293945,17424
2026-08-03T00:40,44.70000076293945,44.720001220703125,44.63999938964844,44.65999984741211,40744
2026-08-03T00:45,44.65999984741211,44.66999816894531,44.619998931884766,44.66999816894531,0
2026-08-03T00:50,44.66999816894531,44.689998626708984,44.650001525878906,44.68000030517578,0
2026-08-03T00:55,44.68000030517578,44.70000076293945,44.65999984741211,44.689998626708984,0
2026-08-03T01:00,44.689998626708984,44.689998626708984,44.619998931884766,44.68000030517578,0
2026-08-03T01:05,44.68000030517578,44.689998626708984,44.630001068115234,44.66999816894531,0
2026-08-03T01:10,44.66999816894531,44.68000030517578,44.61000061035156,44.630001068115234,0
2026-08-03T01:15,44.630001068115234,44.650001525878906,44.619998931884766,44.650001525878906,0
2026-08-03T01:20,44.630001068115234,44.63999938964844,44.61000061035156,44.630001068115234,0
2026-08-03T01:25,44.630001068115234,44.66999816894531,44.58000183105469,44.619998931884766,0
2026-08-03T01:30,44.599998474121094,44.650001525878906,44.599998474121094,44.630001068115234,0
2026-08-03T01:35,44.630001068115234,44.63999938964844,44.560001373291016,44.58000183105469,0
2026-08-03T01:40,44.56999969482422,44.619998931884766,44.56999969482422,44.619998931884766,0
2026-08-03T01:45,44.61000061035156,44.63999938964844,44.599998474121094,44.630001068115234,0
2026-08-03T01:50,44.61000061035156,44.63999938964844,44.58000183105469,44.58000183105469,0
2026-08-03T01:55,44.58000183105469,44.59000015258789,44.54999923706055,44.58000183105469,0
2026-08-03T02:00,44.58000183105469,44.59000015258789,44.54999923706055,44.59000015258789,0
2026-08-03T02:05,44.58000183105469,44.58000183105469,44.5099983215332,44.5099983215332,0
2026-08-03T02:10,44.5099983215332,44.52000045776367,44.470001220703125,44.47999954223633,0
2026-08-03T02:15,44.5099983215332,44.540000915527344,44.4900016784668,44.540000915527344,0
2026-08-03T02:20,44.540000915527344,44.56999969482422,44.529998779296875,44.540000915527344,0
2026-08-03T02:25,44.540000915527344,44.54999923706055,44.459999084472656,44.459999084472656,29192
2026-08-03T02:30,44.459999084472656,44.54999923706055,44.459999084472656,44.54999923706055,0
2026-08-03T02:35,44.54999923706055,44.58000183105469,44.540000915527344,44.56999969482422,196616
2026-08-03T02:40,44.560001373291016,44.58000183105469,44.540000915527344,44.560001373291016,0
2026-08-03T02:45,44.540000915527344,44.540000915527344,44.5099983215332,44.5099983215332,0
2026-08-03T02:50,44.529998779296875,44.54999923706055,44.5,44.54999923706055,204128
2026-08-03T02:55,44.54999923706055,44.54999923706055,44.4900016784668,44.52000045776367,0
2026-08-03T03:00,44.5099983215332,44.540000915527344,44.5,44.529998779296875,0
2026-08-03T03:05,44.5099983215332,44.540000915527344,44.47999954223633,44.5,247576
2026-08-03T03:10,44.5,44.5,44.470001220703125,44.4900016784668,6632
2026-08-03T03:15,44.47999954223633,44.5099983215332,44.470001220703125,44.5,30304
2026-08-03T03:20,44.5,44.5099983215332,44.4900016784668,44.4900016784668,0
2026-08-03T03:25,44.5,44.529998779296875,44.47999954223633,44.52000045776367,71984
2026-08-03T03:30,44.52000045776367,44.52000045776367,44.439998626708984,44.470001220703125,110952
2026-08-03T03:35,44.459999084472656,44.47999954223633,44.439998626708984,44.439998626708984,202328
2026-08-03T03:40,44.45000076293945,44.470001220703125,44.439998626708984,44.45000076293945,312840
2026-08-03T03:45,44.45000076293945,44.459999084472656,44.27000045776367,44.38999938964844,18592
2026-08-03T03:50,44.400001525878906,44.41999816894531,44.380001068115234,44.41999816894531,620272
2026-08-03T03:55,44.40999984741211,44.40999984741211,44.369998931884766,44.38999938964844,77512
2026-08-03T04:00,44.369998931884766,44.41999816894531,44.36000061035156,44.41999816894531,0
2026-08-03T04:05,44.400001525878906,44.439998626708984,44.380001068115234,44.38999938964844,0
2026-08-03T04:10,44.369998931884766,44.41999816894531,44.34000015258789,44.400001525878906,0
2026-08-03T04:15,44.400001525878906,44.41999816894531,44.380001068115234,44.400001525878906,0
2026-08-03T04:20,44.400001525878906,44.43000030517578,44.369998931884766,44.43000030517578,123200
2026-08-03T04:25,44.43000030517578,44.470001220703125,44.41999816894531,44.439998626708984,0
2026-08-03T04:30,44.45000076293945,44.5099983215332,44.45000076293945,44.5,282168
2026-08-03T04:35,44.4900016784668,44.5,44.47999954223633,44.5,0
2026-08-03T04:40,44.5099983215332,44.52000045776367,44.470001220703125,44.4900016784668,0
2026-08-03T04:45,44.5,44.5,44.45000076293945,44.459999084472656,0
2026-08-03T04:50,44.459999084472656,44.470001220703125,44.400001525878906,44.400001525878906,0
2026-08-03T04:55,44.41999816894531,44.41999816894531,44.369998931884766,44.369998931884766,0
2026-08-03T05:00,44.369998931884766,44.439998626708984,44.34000015258789,44.36000061035156,0
2026-08-03T05:05,44.349998474121094,44.41999816894531,44.29999923706055,44.41999816894531,0
2026-08-03T05:10,44.41999816894531,44.459999084472656,44.40999984741211,44.41999816894531,0
2026-08-03T05:15,44.43000030517578,44.439998626708984,44.400001525878906,44.40999984741211,38664
2026-08-03T05:20,44.43000030517578,44.45000076293945,44.40999984741211,44.45000076293945,276152
2026-08-03T05:25,44.45000076293945,44.470001220703125,44.40999984741211,44.41999816894531,0
2026-08-03T05:30,44.41999816894531,44.45000076293945,44.38999938964844,44.38999938964844,213800
2026-08-03T05:35,44.380001068115234,44.43000030517578,44.380001068115234,44.43000030517578,300480
2026-08-03T05:40,44.40999984741211,44.43000030517578,44.38999938964844,44.41999816894531,0
2026-08-03T05:45,44.41999816894531,44.459999084472656,44.40999984741211,44.459999084472656,0
2026-08-03T05:50,44.45000076293945,44.4900016784668,44.439998626708984,44.4900016784668,155008
2026-08-03T05:55,44.5,44.5099983215332,44.47999954223633,44.5,358320
2026-08-03T06:00,44.5,44.529998779296875,44.4900016784668,44.52000045776367,0
2026-08-03T06:05,44.52000045776367,44.52000045776367,44.4900016784668,44.4900016784668,9000
2026-08-03T06:10,44.4900016784668,44.5,44.45000076293945,44.5,58240
2026-08-03T06:15,44.4900016784668,44.5,44.439998626708984,44.439998626708984,0
2026-08-03T06:20,44.45000076293945,44.459999084472656,44.43000030517578,44.45000076293945,44464
2026-08-03T06:25,44.439998626708984,44.439998626708984,44.400001525878906,44.43000030517578,123632
2026-08-03T06:30,44.43000030517578,44.459999084472656,44.400001525878906,44.40999984741211,80016
2026-08-03T06:35,44.400001525878906,44.400001525878906,44.33000183105469,44.33000183105469,0
2026-08-03T06:40,44.33000183105469,44.34000015258789,44.310001373291016,44.310001373291016,390784
2026-08-03T06:45,44.29999923706055,44.38999938964844,44.29999923706055,44.38999938964844,217128
2026-08-03T06:50,44.380001068115234,44.40999984741211,44.34000015258789,44.34000015258789,424744
2026-08-03T06:55,44.349998474121094,44.349998474121094,44.31999969482422,44.34000015258789,248472
2026-08-03T07:00,44.349998474121094,44.349998474121094,44.27000045776367,44.290000915527344,0
2026-08-03T07:05,44.290000915527344,44.310001373291016,44.27000045776367,44.27000045776367,259912
2026-08-03T07:10,44.2599983215332,44.29999923706055,44.22999954223633,44.22999954223633,201632
2026-08-03T07:15,44.22999954223633,44.2599983215332,44.20000076293945,44.2400016784668,219656
2026-08-03T07:20,44.2400016784668,44.29999923706055,44.22999954223633,44.290000915527344,875512
2026-08-03T07:25,44.290000915527344,44.310001373291016,44.27000045776367,44.290000915527344,110656
2026-08-03T07:30,44.290000915527344,44.33000183105469,44.290000915527344,44.33000183105469,313232
2026-08-03T07:35,44.31999969482422,44.31999969482422,44.25,44.27000045776367,556120
2026-08-03T07:40,44.27000045776367,44.27000045776367,44.2400016784668,44.25,276312
2026-08-03T07:45,44.2400016784668,44.2599983215332,44.08000183105469,44.13999938964844,329496
2026-08-03T07:50,44.119998931884766,44.119998931884766,44.08000183105469,44.11000061035156,1745960
2026-08-03T07:55,44.11000061035156,44.150001525878906,44.08000183105469,44.099998474121094,375328
2026-08-03T08:00,44.099998474121094,44.13999938964844,44.08000183105469,44.08000183105469,0
2026-08-03T08:05,44.08000183105469,44.13999938964844,44.04999923706055,44.11000061035156,0
2026-08-03T08:10,44.09000015258789,44.13999938964844,44.060001373291016,44.13999938964844,0
2026-08-03T08:15,44.130001068115234,44.130001068115234,44.08000183105469,44.099998474121094,96656
2026-08-03T08:20,44.08000183105469,44.09000015258789,43.959999084472656,44.04999923706055,293816
2026-08-03T08:25,44.040000915527344,44.040000915527344,43.97999954223633,44.02000045776367,444264
2026-08-03T08:30,44.0,44.060001373291016,43.97999954223633,44.02000045776367,520608
2026-08-03T08:35,44.029998779296875,44.040000915527344,43.9900016784668,44.02000045776367,669728
2026-08-03T08:40,44.02000045776367,44.040000915527344,44.0099983215332,44.029998779296875,199096
2026-08-03T08:45,44.02000045776367,44.040000915527344,44.02000045776367,44.040000915527344,0
2026-08-03T08:50,44.02000045776367,44.04999923706055,44.0,44.029998779296875,282928
2026-08-03T08:55,44.029998779296875,44.04999923706055,44.0099983215332,44.040000915527344,360680
2026-08-03T09:00,44.040000915527344,44.04999923706055,44.02000045776367,44.040000915527344,0
2026-08-03T09:05,44.029998779296875,44.029998779296875,44.0099983215332,44.02000045776367,103344
2026-08-03T09:10,44.02000045776367,44.060001373291016,44.0,44.060001373291016,291848
2026-08-03T09:15,44.060001373291016,44.06999969482422,44.029998779296875,44.04999923706055,172752
2026-08-03T09:20,44.04999923706055,44.06999969482422,44.029998779296875,44.060001373291016,207536
2026-08-03T09:25,44.04999923706055,44.06999969482422,44.029998779296875,44.029998779296875,430200
2026-08-03T09:30,44.029998779296875,44.060001373291016,44.02000045776367,44.060001373291016,0
2026-08-03T09:35,44.060001373291016,44.060001373291016,44.0099983215332,44.029998779296875,132240
2026-08-03T09:40,44.029998779296875,44.06999969482422,44.0,44.060001373291016,0
2026-08-03T09:45,44.04999923706055,44.119998931884766,44.040000915527344,44.119998931884766,209792
2026-08-03T09:50,44.119998931884766,44.33000183105469,44.099998474121094,44.33000183105469,703360
2026-08-03T09:55,44.33000183105469,44.400001525878906,44.33000183105469,44.36000061035156,1433696
2026-08-03T10:00,44.36000061035156,44.36000061035156,44.310001373291016,44.31999969482422,530784
2026-08-03T10:05,44.31999969482422,44.31999969482422,44.2599983215332,44.2599983215332,135424
2026-08-03T10:10,44.2599983215332,44.2599983215332,44.189998626708984,44.189998626708984,182000
2026-08-03T10:15,44.220001220703125,44.2599983215332,44.220001220703125,44.22999954223633,192224
2026-08-03T10:20,44.25,44.25,44.220001220703125,44.2400016784668,402496
2026-08-03T10:25,44.22999954223633,44.22999954223633,44.18000030517578,44.209999084472656,99936
2026-08-03T10:30,44.209999084472656,44.220001220703125,44.18000030517578,44.220001220703125,110000
2026-08-03T10:35,44.220001220703125,44.25,44.209999084472656,44.22999954223633,0
2026-08-03T10:40,44.2400016784668,44.2599983215332,44.220001220703125,44.2400016784668,93024
2026-08-03T10:45,44.2400016784668,44.2400016784668,44.18000030517578,44.189998626708984,0
2026-08-03T10:50,44.189998626708984,44.20000076293945,44.150001525878906,44.20000076293945,284512
2026-08-03T10:55,44.20000076293945,44.22999954223633,44.189998626708984,44.20000076293945,249312
2026-08-03T11:00,44.20000076293945,44.20000076293945,44.11000061035156,44.119998931884766,0
2026-08-03T11:05,44.099998474121094,44.119998931884766,44.099998474121094,44.11000061035156,134624
2026-08-03T11:10,44.11000061035156,44.11000061035156,44.060001373291016,44.099998474121094,120144
2026-08-03T11:15,44.099998474121094,44.119998931884766,44.08000183105469,44.11000061035156,349440
2026-08-03T11:20,44.11000061035156,44.15999984741211,44.099998474121094,44.150001525878906,373920
2026-08-03T11:25,44.13999938964844,44.150001525878906,44.130001068115234,44.130001068115234,0
2026-08-03T11:30,44.130001068115234,44.15999984741211,44.130001068115234,44.15999984741211,0
2026-08-03T11:35,44.16999816894531,44.18000030517578,44.150001525878906,44.16999816894531,0
2026-08-03T11:40,44.150001525878906,44.150001525878906,44.099998474121094,44.130001068115234,227360
2026-08-03T11:45,44.13999938964844,44.13999938964844,44.09000015258789,44.11000061035156,0
2026-08-03T11:50,44.119998931884766,44.13999938964844,44.08000183105469,44.099998474121094,186944
2026-08-03T11:55,44.099998474121094,44.11000061035156,44.04999923706055,44.060001373291016,320400
2026-08-03T12:00,44.04999923706055,44.09000015258789,44.040000915527344,44.06999969482422,0
2026-08-03T12:05,44.06999969482422,44.06999969482422,44.0099983215332,44.040000915527344,110784
2026-08-03T12:10,44.029998779296875,44.060001373291016,44.02000045776367,44.060001373291016,573856
2026-08-03T12:15,44.04999923706055,44.09000015258789,44.029998779296875,44.08000183105469,518816
2026-08-03T12:20,44.08000183105469,44.08000183105469,44.04999923706055,44.08000183105469,504048
2026-08-03T12:25,44.08000183105469,44.08000183105469,44.0,44.02000045776367,282688
2026-08-03T12:30,44.0,44.02000045776367,43.97999954223633,44.0,572528
2026-08-03T12:35,44.0,44.040000915527344,44.0,44.0099983215332,357920
2026-08-03T12:40,44.0099983215332,44.08000183105469,44.0,44.06999969482422,294624
2026-08-03T12:45,44.08000183105469,44.08000183105469,44.029998779296875,44.040000915527344,63744
2026-08-03T12:50,44.029998779296875,44.04999923706055,44.029998779296875,44.040000915527344,300016
2026-08-03T12:55,44.040000915527344,44.06999969482422,44.040000915527344,44.040000915527344,21872
2026-08-03T13:00,44.040000915527344,44.060001373291016,44.029998779296875,44.040000915527344,50368
2026-08-03T13:05,44.040000915527344,44.060001373291016,43.97999954223633,44.0099983215332,0
2026-08-03T13:10,44.0099983215332,44.060001373291016,43.9900016784668,44.040000915527344,743360
2026-08-03T13:15,44.04999923706055,44.16999816894531,44.02000045776367,44.16999816894531,1045888
2026-08-03T13:20,44.15999984741211,44.2400016784668,44.15999984741211,44.209999084472656,570592
2026-08-03T13:25,44.209999084472656,44.209999084472656,44.04999923706055,44.08000183105469,606176
2026-08-03T13:30,44.04999923706055,44.09000015258789,44.0,44.08000183105469,457936
2026-08-03T13:35,44.09000015258789,44.209999084472656,44.09000015258789,44.18000030517578,0
2026-08-03T13:40,44.189998626708984,44.209999084472656,44.15999984741211,44.20000076293945,475248
2026-08-03T13:45,44.209999084472656,44.290000915527344,44.13999938964844,44.20000076293945,348800
2026-08-03T13:50,44.20000076293945,44.34000015258789,44.20000076293945,44.31999969482422,795456
2026-08-03T13:55,44.33000183105469,44.380001068115234,44.310001373291016,44.369998931884766,1200928
2026-08-03T14:00,44.349998474121094,44.369998931884766,44.2599983215332,44.31999969482422,0
2026-08-03T14:05,44.31999969482422,44.34000015258789,44.279998779296875,44.290000915527344,276576
2026-08-03T14:10,44.29999923706055,44.369998931884766,44.290000915527344,44.310001373291016,219632
2026-08-03T14:15,44.310001373291016,44.369998931884766,44.290000915527344,44.29999923706055,391184
2026-08-03T14:20,44.279998779296875,44.31999969482422,44.20000076293945,44.310001373291016,477856
2026-08-03T14:25,44.33000183105469,44.45000076293945,44.33000183105469,44.41999816894531,989568
2026-08-03T14:30,44.400001525878906,44.40999984741211,44.29999923706055,44.29999923706055,1053408
2026-08-03T14:35,44.33000183105469,44.369998931884766,44.29999923706055,44.349998474121094,1664080
2026-08-03T14:40,44.369998931884766,44.38999938964844,44.310001373291016,44.349998474121094,550304
2026-08-03T14:45,44.36000061035156,44.36000061035156,44.29999923706055,44.31999969482422,61616
2026-08-03T14:50,44.33000183105469,44.36000061035156,44.279998779296875,44.36000061035156,0
2026-08-03T14:55,44.369998931884766,44.43000030517578,44.349998474121094,44.40999984741211,528336
2026-08-03T15:00,44.40999984741211,44.41999816894531,44.36000061035156,44.380001068115234,921696
2026-08-03T15:05,44.369998931884766,44.369998931884766,44.290000915527344,44.349998474121094,626208
2026-08-03T15:10,44.349998474121094,44.369998931884766,44.33000183105469,44.36000061035156,203776
2026-08-03T15:15,44.36000061035156,44.400001525878906,44.290000915527344,44.34000015258789,391552
2026-08-03T15:20,44.349998474121094,44.380001068115234,44.310001373291016,44.369998931884766,785584
2026-08-03T15:25,44.380001068115234,44.380001068115234,44.33000183105469,44.36000061035156,698720
2026-08-03T15:30,44.36000061035156,44.41999816894531,44.349998474121094,44.349998474121094,555120
2026-08-03T15:35,44.36000061035156,44.38999938964844,44.34000015258789,44.380001068115234,529456
2026-08-03T15:40,44.38999938964844,44.41999816894531,44.33000183105469,44.38999938964844,586544
2026-08-03T15:45,44.33000183105469,44.369998931884766,44.33000183105469,44.34000015258789,700048
2026-08-03T15:50,44.36000061035156,44.369998931884766,44.310001373291016,44.33000183105469,368528
2026-08-03T15:55,44.33000183105469,44.33000183105469,44.189998626708984,44.22999954223633,214992
2026-08-03T16:00,44.2400016784668,44.31999969482422,44.18000030517578,44.27000045776367,0
2026-08-03T16:05,44.27000045776367,44.310001373291016,44.2400016784668,44.290000915527344,105296
2026-08-03T16:10,44.29999923706055,44.29999923706055,44.13999938964844,44.13999938964844,228688
2026-08-03T16:15,44.13999938964844,44.29999923706055,44.130001068115234,44.29999923706055,1067840
2026-08-03T16:20,44.310001373291016,44.40999984741211,44.310001373291016,44.36000061035156,155472
2026-08-03T16:25,44.38999938964844,44.400001525878906,44.25,44.27000045776367,12512
2026-08-03T16:30,44.2400016784668,44.2599983215332,44.209999084472656,44.2599983215332,509520
2026-08-03T16:35,44.22999954223633,44.279998779296875,44.20000076293945,44.209999084472656,0
2026-08-03T16:40,44.220001220703125,44.220001220703125,44.119998931884766,44.209999084472656,0
2026-08-03T16:45,44.209999084472656,44.2599983215332,44.209999084472656,44.2599983215332,0
2026-08-03T16:50,44.25,44.25,44.18000030517578,44.209999084472656,214896
2026-08-03T16:55,44.209999084472656,44.220001220703125,44.18000030517578,44.20000076293945,0
2026-08-03T17:00,44.209999084472656,44.209999084472656,44.150001525878906,44.20000076293945,0
2026-08-03T17:05,44.220001220703125,44.279998779296875,44.220001220703125,44.2599983215332,96336
2026-08-03T17:10,44.2400016784668,44.2599983215332,44.220001220703125,44.25,0
2026-08-03T17:15,44.25,44.2599983215332,44.220001220703125,44.25,0
2026-08-03T17:20,44.22999954223633,44.33000183105469,44.22999954223633,44.31999969482422,72944
2026-08-03T17:25,44.31999969482422,44.31999969482422,44.189998626708984,44.220001220703125,49264
2026-08-03T17:30,44.209999084472656,44.220001220703125,44.150001525878906,44.18000030517578,0
2026-08-03T17:35,44.18000030517578,44.220001220703125,44.150001525878906,44.16999816894531,171968
2026-08-03T17:40,44.16999816894531,44.189998626708984,44.150001525878906,44.16999816894531,75216
2026-08-03T17:45,44.16999816894531,44.20000076293945,44.15999984741211,44.18000030517578,0
2026-08-03T17:50,44.15999984741211,44.18000030517578,44.11000061035156,44.11000061035156,0
2026-08-03T17:55,44.130001068115234,44.13999938964844,44.099998474121094,44.119998931884766,23632
2026-08-03T18:00,44.119998931884766,44.13999938964844,44.09000015258789,44.13999938964844,0
2026-08-03T18:05,44.13999938964844,44.13999938964844,44.060001373291016,44.099998474121094,0
2026-08-03T18:10,44.099998474121094,44.16999816894531,44.08000183105469,44.150001525878906,321376
2026-08-03T18:15,44.150001525878906,44.189998626708984,44.11000061035156,44.13999938964844,361584
2026-08-03T18:20,44.130001068115234,44.130001068115234,44.06999969482422,44.08000183105469,0
2026-08-03T18:25,44.06999969482422,44.08000183105469,44.040000915527344,44.06999969482422,501568
2026-08-03T18:30,44.06999969482422,44.150001525878906,44.060001373291016,44.150001525878906,773072
2026-08-03T18:35,44.13999938964844,44.20000076293945,44.13999938964844,44.16999816894531,0
2026-08-03T18:40,44.16999816894531,44.16999816894531,44.119998931884766,44.13999938964844,0
2026-08-03T18:45,44.130001068115234,44.18000030517578,44.130001068115234,44.16999816894531,0
2026-08-03T18:50,44.16999816894531,44.189998626708984,44.13999938964844,44.189998626708984,52352
2026-08-03T18:55,44.16999816894531,44.209999084472656,44.16999816894531,44.20000076293945,5056
2026-08-03T19:00,44.20000076293945,44.22999954223633,44.16999816894531,44.16999816894531,0
2026-08-03T19:05,44.16999816894531,44.20000076293945,44.15999984741211,44.189998626708984,49840
2026-08-03T19:10,44.18000030517578,44.209999084472656,44.16999816894531,44.209999084472656,0
2026-08-03T19:15,44.209999084472656,44.27000045776367,44.209999084472656,44.25,0
2026-08-03T19:20,44.2400016784668,44.2400016784668,44.220001220703125,44.22999954223633,280400
2026-08-03T19:25,44.2400016784668,44.29999923706055,44.22999954223633,44.279998779296875,0
2026-08-03T19:30,44.27000045776367,44.33000183105469,44.2599983215332,44.33000183105469,0
2026-08-03T19:35,44.33000183105469,44.33000183105469,44.25,44.2599983215332,194672
2026-08-03T19:40,44.25,44.310001373291016,44.25,44.310001373291016,177856
2026-08-03T19:45,44.310001373291016,44.31999969482422,44.290000915527344,44.29999923706055,258960
2026-08-03T19:50,44.29999923706055,44.33000183105469,44.279998779296875,44.290000915527344,91520
2026-08-03T19:55,44.279998779296875,44.29999923706055,44.25,44.279998779296875,0
2026-08-03T20:00,44.279998779296875,44.33000183105469,44.27000045776367,44.33000183105469,0
2026-08-03T20:05,44.31999969482422,44.43000030517578,44.310001373291016,44.40999984741211,38864
2026-08-03T20:10,44.40999984741211,44.43000030517578,44.369998931884766,44.38999938964844,587968
2026-08-03T20:15,44.38999938964844,44.43000030517578,44.369998931884766,44.40999984741211,18288
2026-08-03T20:20,44.40999984741211,44.439998626708984,44.38999938964844,44.40999984741211,0
2026-08-03T20:25,44.40999984741211,44.439998626708984,44.400001525878906,44.439998626708984,0
2026-08-03T20:30,44.439998626708984,44.439998626708984,44.38999938964844,44.400001525878906,0
2026-08-03T20:35,44.40999984741211,44.40999984741211,44.38999938964844,44.40999984741211,554560
2026-08-03T20:40,44.41999816894531,44.45000076293945,44.41999816894531,44.439998626708984,0
2026-08-03T20:45,44.439998626708984,44.45000076293945,44.36000061035156,44.369998931884766,119264
2026-08-03T20:50,44.369998931884766,44.41999816894531,44.349998474121094,44.41999816894531,88800
2026-08-03T20:55,44.40999984741211,44.470001220703125,44.40999984741211,44.470001220703125,359648
2026-08-03T21:00,44.459999084472656,44.470001220703125,44.40999984741211,44.40999984741211,0
2026-08-03T21:05,44.40999984741211,44.459999084472656,44.38999938964844,44.43000030517578,75328
2026-08-03T21:10,44.43000030517578,44.43000030517578,44.349998474121094,44.400001525878906,142848
2026-08-03T21:15,44.400001525878906,44.45000076293945,44.380001068115234,44.40999984741211,299680
2026-08-03T21:20,44.40999984741211,44.439998626708984,44.380001068115234,44.41999816894531,25344
2026-08-03T21:25,44.400001525878906,44.41999816894531,44.38999938964844,44.38999938964844,289472
2026-08-03T21:30,44.40999984741211,44.47999954223633,44.40999984741211,44.41999816894531,85712
2026-08-03T21:35,44.41999816894531,44.459999084472656,44.40999984741211,44.459999084472656,0
2026-08-03T21:40,44.459999084472656,44.470001220703125,44.43000030517578,44.439998626708984,5536
2026-08-03T21:45,44.43000030517578,44.439998626708984,44.36000061035156,44.369998931884766,0
2026-08-03T21:50,44.38999938964844,44.41999816894531,44.38999938964844,44.40999984741211,0
2026-08-03T21:55,44.38999938964844,44.40999984741211,44.290000915527344,44.290000915527344,325808
2026-08-03T22:00,44.310001373291016,44.33000183105469,44.150001525878906,44.20000076293945,0
2026-08-03T22:05,44.18000030517578,44.20000076293945,44.119998931884766,44.18000030517578,0
2026-08-03T22:10,44.189998626708984,44.20000076293945,44.15999984741211,44.18000030517578,113424
2026-08-03T22:15,44.20000076293945,44.2599983215332,44.16999816894531,44.18000030517578,0
2026-08-03T22:20,44.189998626708984,44.20000076293945,44.16999816894531,44.189998626708984,293296
2026-08-03T22:25,44.20000076293945,44.20000076293945,44.150001525878906,44.18000030517578,131776
2026-08-03T22:30,44.16999816894531,44.18000030517578,44.150001525878906,44.16999816894531,0
2026-08-03T22:35,44.15999984741211,44.16999816894531,44.13999938964844,44.13999938964844,0
2026-08-03T22:40,44.13999938964844,44.150001525878906,44.119998931884766,44.13999938964844,0
2026-08-03T22:45,44.150001525878906,44.16999816894531,44.130001068115234,44.15999984741211,0
2026-08-03T22:50,44.15999984741211,44.189998626708984,44.13999938964844,44.189998626708984,160448
2026-08-03T22:55,44.189998626708984,44.189998626708984,44.150001525878906,44.18000030517578,0
2026-08-03T23:00,44.16999816894531,44.20000076293945,44.13999938964844,44.189998626708984,0
2026-08-03T23:05,44.189998626708984,44.20000076293945,44.15999984741211,44.189998626708984,0
2026-08-03T23:10,44.189998626708984,44.189998626708984,44.16999816894531,44.18000030517578,0
2026-08-03T23:15,44.18000030517578,44.25,44.18000030517578,44.189998626708984,0
2026-08-03T23:20,44.189998626708984,44.220001220703125,44.18000030517578,44.209999084472656,0
2026-08-03T23:25,44.20000076293945,44.25,44.20000076293945,44.2400016784668,0
2026-08-03T23:30,44.2400016784668,44.2400016784668,44.20000076293945,44.209999084472656,0
2026-08-03T23:35,44.209999084472656,44.220001220703125,44.15999984741211,44.20000076293945,505392
2026-08-03T23:40,44.189998626708984,44.25,44.18000030517578,44.25,193424
2026-08-03T23:45,44.220001220703125,44.27000045776367,44.209999084472656,44.27000045776367,0
2026-08-03T23:50,44.27000045776367,44.27000045776367,44.22999954223633,44.27000045776367,55776
2026-08-03T23:55,44.2599983215332,44.2599983215332,44.2400016784668,44.2599983215332,15568
2026-08-04T00:00,44.22999954223633,44.2400016784668,44.189998626708984,44.2400016784668,0
2026-08-04T00:05,44.2400016784668,44.290000915527344,44.220001220703125,44.25,0
2026-08-04T00:10,44.27000045776367,44.27000045776367,44.15999984741211,44.18000030517578,292336
2026-08-04T00:15,44.18000030517578,44.220001220703125,44.15999984741211,44.209999084472656,0
2026-08-04T00:20,44.209999084472656,44.22999954223633,44.18000030517578,44.20000076293945,136640
2026-08-04T00:25,44.189998626708984,44.209999084472656,44.150001525878906,44.15999984741211,0
2026-08-04T00:30,44.16999816894531,44.16999816894531,44.119998931884766,44.13999938964844,0
2026-08-04T00:35,44.130001068115234,44.15999984741211,44.099998474121094,44.13999938964844,110560
2026-08-04T00:40,44.13999938964844,44.18000030517578,44.119998931884766,44.16999816894531,25792
2026-08-04T00:45,44.16999816894531,44.18000030517578,44.11000061035156,44.13999938964844,87008
2026-08-04T00:50,44.150001525878906,44.16999816894531,44.11000061035156,44.130001068115234,0
2026-08-04T00:55,44.130001068115234,44.150001525878906,44.099998474121094,44.130001068115234,109072
2026-08-04T01:00,44.119998931884766,44.16999816894531,44.11000061035156,44.119998931884766,0
2026-08-04T01:05,44.119998931884766,44.150001525878906,44.099998474121094,44.119998931884766,0
2026-08-04T01:10,44.119998931884766,44.130001068115234,44.06999969482422,44.06999969482422,0
2026-08-04T01:15,44.06999969482422,44.099998474121094,44.040000915527344,44.08000183105469,0
2026-08-04T01:20,44.06999969482422,44.099998474121094,44.060001373291016,44.06999969482422,226512
2026-08-04T01:25,44.060001373291016,44.06999969482422,44.02000045776367,44.060001373291016,2032
2026-08-04T01:30,44.04999923706055,44.220001220703125,44.04999923706055,44.20000076293945,61472
2026-08-04T01:35,44.220001220703125,44.22999954223633,44.18000030517578,44.20000076293945,209264
2026-08-04T01:40,44.209999084472656,44.31999969482422,44.209999084472656,44.27000045776367,132400
2026-08-04T01:45,44.279998779296875,44.29999923706055,44.25,44.279998779296875,141744
2026-08-04T01:50,44.279998779296875,44.34000015258789,44.2599983215332,44.33000183105469,89968
2026-08-04T01:55,44.33000183105469,44.349998474121094,44.29999923706055,44.31999969482422,620864
2026-08-04T02:00,44.33000183105469,44.33000183105469,44.27000045776367,44.27000045776367,0
2026-08-04T02:05,44.279998779296875,44.290000915527344,44.2400016784668,44.290000915527344,0
2026-08-04T02:10,44.279998779296875,44.290000915527344,44.2599983215332,44.27000045776367,0
2026-08-04T02:15,44.279998779296875,44.279998779296875,44.22999954223633,44.25,0
2026-08-04T02:20,44.2599983215332,44.279998779296875,44.220001220703125,44.279998779296875,24992
2026-08-04T02:25,44.27000045776367,44.33000183105469,44.2599983215332,44.31999969482422,0
2026-08-04T02:30,44.310001373291016,44.400001525878906,44.310001373291016,44.400001525878906,36784
2026-08-04T02:35,44.400001525878906,44.459999084472656,44.380001068115234,44.380001068115234,0
2026-08-04T02:40,44.380001068115234,44.380001068115234,44.36000061035156,44.369998931884766,37728
2026-08-04T02:45,44.369998931884766,44.380001068115234,44.34000015258789,44.36000061035156,0
2026-08-04T02:50,44.349998474121094,44.349998474121094,44.29999923706055,44.310001373291016,0
2026-08-04T02:55,44.31999969482422,44.34000015258789,44.29999923706055,44.31999969482422,0
2026-08-04T03:00,44.31999969482422,44.33000183105469,44.29999923706055,44.29999923706055,0
2026-08-04T03:05,44.31999969482422,44.31999969482422,44.29999923706055,44.310001373291016,0
2026-08-04T03:10,44.310001373291016,44.310001373291016,44.22999954223633,44.2400016784668,0
2026-08-04T03:15,44.2400016784668,44.25,44.189998626708984,44.209999084472656,0
2026-08-04T03:20,44.209999084472656,44.25,44.209999084472656,44.220001220703125,22880
2026-08-04T03:25,44.220001220703125,44.27000045776367,44.220001220703125,44.27000045776367,176896
2026-08-04T03:30,44.279998779296875,44.349998474121094,44.279998779296875,44.34000015258789,91888
2026-08-04T03:35,44.34000015258789,44.369998931884766,44.33000183105469,44.349998474121094,0
2026-08-04T03:40,44.36000061035156,44.369998931884766,44.33000183105469,44.34000015258789,0
2026-08-04T03:45,44.36000061035156,44.369998931884766,44.34000015258789,44.36000061035156,0
2026-08-04T03:50,44.36000061035156,44.38999938964844,44.349998474121094,44.36000061035156,0
2026-08-04T03:55,44.349998474121094,44.36000061035156,44.33000183105469,44.34000015258789,8800
2026-08-04T04:00,44.34000015258789,44.36000061035156,44.31999969482422,44.34000015258789,0
2026-08-04T04:05,44.34000015258789,44.369998931884766,44.31999969482422,44.369998931884766,0
2026-08-04T04:10,44.38999938964844,44.400001525878906,44.369998931884766,44.400001525878906,5680
2026-08-04T04:15,44.38999938964844,44.41999816894531,44.369998931884766,44.40999984741211,51088
2026-08-04T04:20,44.400001525878906,44.439998626708984,44.38999938964844,44.38999938964844,288
2026-08-04T04:25,44.38999938964844,44.400001525878906,44.369998931884766,44.369998931884766,56096
2026-08-04T04:30,44.380001068115234,44.38999938964844,44.369998931884766,44.38999938964844,0
2026-08-04T04:35,44.380001068115234,44.459999084472656,44.36000061035156,44.459999084472656,19328
2026-08-04T04:40,44.45000076293945,44.45000076293945,44.400001525878906,44.439998626708984,231280
2026-08-04T04:45,44.41999816894531,44.52000045776367,44.41999816894531,44.47999954223633,300784
2026-08-04T04:50,44.4900016784668,44.4900016784668,44.45000076293945,44.47999954223633,343088
2026-08-04T04:55,44.470001220703125,44.4900016784668,44.400001525878906,44.41999816894531,24960
2026-08-04T05:00,44.439998626708984,44.439998626708984,44.36000061035156,44.38999938964844,0
2026-08-04T05:05,44.380001068115234,44.380001068115234,44.36000061035156,44.380001068115234,0
2026-08-04T05:10,44.380001068115234,44.400001525878906,44.349998474121094,44.369998931884766,0
2026-08-04T05:15,44.369998931884766,44.38999938964844,44.34000015258789,44.369998931884766,153680
2026-08-04T05:20,44.369998931884766,44.380001068115234,44.34000015258789,44.36000061035156,0
2026-08-04T05:25,44.349998474121094,44.349998474121094,44.33000183105469,44.349998474121094,0
2026-08-04T05:30,44.349998474121094,44.38999938964844,44.349998474121094,44.38999938964844,0
2026-08-04T05:35,44.369998931884766,44.38999938964844,44.36000061035156,44.380001068115234,40176
2026-08-04T05:40,44.380001068115234,44.400001525878906,44.36000061035156,44.38999938964844,0
2026-08-04T05:45,44.38999938964844,44.400001525878906,44.380001068115234,44.400001525878906,61808
2026-08-04T05:50,44.400001525878906,44.41999816894531,44.380001068115234,44.40999984741211,0
2026-08-04T05:55,44.41999816894531,44.470001220703125,44.41999816894531,44.470001220703125,0
2026-08-04T06:00,44.470001220703125,44.470001220703125,44.36000061035156,44.369998931884766,0
2026-08-04T06:05,44.36000061035156,44.470001220703125,44.36000061035156,44.45000076293945,452864
2026-08-04T06:10,44.45000076293945,44.45000076293945,44.41999816894531,44.439998626708984,462528
2026-08-04T06:15,44.439998626708984,44.52000045776367,44.43000030517578,44.5,57296
2026-08-04T06:20,44.5099983215332,44.529998779296875,44.47999954223633,44.4900016784668,665840
2026-08-04T06:25,44.4900016784668,44.5,44.470001220703125,44.4900016784668,159376
2026-08-04T06:30,44.459999084472656,44.529998779296875,44.459999084472656,44.5099983215332,402112
2026-08-04T06:35,44.540000915527344,44.540000915527344,44.459999084472656,44.459999084472656,645680
2026-08-04T06:40,44.45000076293945,44.5,44.439998626708984,44.47999954223633,0
2026-08-04T06:45,44.47999954223633,44.47999954223633,44.369998931884766,44.369998931884766,0
2026-08-04T06:50,44.349998474121094,44.369998931884766,44.34000015258789,44.349998474121094,0
2026-08-04T06:55,44.349998474121094,44.349998474121094,44.279998779296875,44.29999923706055,0
2026-08-04T07:00,44.279998779296875,44.279998779296875,44.2400016784668,44.279998779296875,0
2026-08-04T07:05,44.279998779296875,44.290000915527344,44.13999938964844,44.13999938964844,0
2026-08-04T07:10,44.11000061035156,44.11000061035156,44.08000183105469,44.099998474121094,765344
2026-08-04T07:15,44.099998474121094,44.099998474121094,44.0099983215332,44.040000915527344,0
2026-08-04T07:20,44.029998779296875,44.08000183105469,44.029998779296875,44.08000183105469,536864
2026-08-04T07:25,44.099998474121094,44.15999984741211,44.099998474121094,44.15999984741211,496768
2026-08-04T07:30,44.16999816894531,44.22999954223633,44.15999984741211,44.209999084472656,174000
2026-08-04T07:35,44.20000076293945,44.209999084472656,44.16999816894531,44.189998626708984,29264
2026-08-04T07:40,44.189998626708984,44.220001220703125,44.13999938964844,44.15999984741211,0
2026-08-04T07:45,44.15999984741211,44.22999954223633,44.15999984741211,44.209999084472656,0
2026-08-04T07:50,44.209999084472656,44.25,44.209999084472656,44.22999954223633,0
2026-08-04T07:55,44.22999954223633,44.2599983215332,44.220001220703125,44.2400016784668,265680
2026-08-04T08:00,44.2400016784668,44.290000915527344,44.2400016784668,44.27000045776367,0
2026-08-04T08:05,44.27000045776367,44.290000915527344,44.220001220703125,44.22999954223633,0
2026-08-04T08:10,44.22999954223633,44.22999954223633,44.18000030517578,44.209999084472656,0
2026-08-04T08:15,44.209999084472656,44.209999084472656,44.18000030517578,44.189998626708984,0
2026-08-04T08:20,44.20000076293945,44.20000076293945,44.18000030517578,44.18000030517578,0
2026-08-04T08:25,44.189998626708984,44.20000076293945,44.150001525878906,44.18000030517578,0
2026-08-04T08:30,44.18000030517578,44.18000030517578,44.15999984741211,44.16999816894531,0
2026-08-04T08:35,44.16999816894531,44.209999084472656,44.16999816894531,44.20000076293945,0
2026-08-04T08:40,44.189998626708984,44.209999084472656,44.15999984741211,44.20000076293945,0
2026-08-04T08:45,44.189998626708984,44.20000076293945,44.15999984741211,44.189998626708984,159040
2026-08-04T08:50,44.18000030517578,44.20000076293945,44.15999984741211,44.16999816894531,0
2026-08-04T08:55,44.150001525878906,44.16999816894531,44.150001525878906,44.16999816894531,0
2026-08-04T09:00,44.150001525878906,44.20000076293945,44.150001525878906,44.189998626708984,0
2026-08-04T09:05,44.22999954223633,44.2599983215332,44.209999084472656,44.2599983215332,120816
2026-08-04T09:10,44.25,44.27000045776367,44.22999954223633,44.25,184384
2026-08-04T09:15,44.25,44.25,44.189998626708984,44.20000076293945,0
2026-08-04T09:20,44.189998626708984,44.22999954223633,44.189998626708984,44.189998626708984,0
2026-08-04T09:25,44.20000076293945,44.290000915527344,44.18000030517578,44.290000915527344,130176
2026-08-04T09:30,44.279998779296875,44.29999923706055,44.2400016784668,44.2599983215332,283632
2026-08-04T09:35,44.27000045776367,44.310001373291016,44.22999954223633,44.22999954223633,148544
2026-08-04T09:40,44.2400016784668,44.279998779296875,44.22999954223633,44.25,83344
2026-08-04T09:45,44.2400016784668,44.25,44.20000076293945,44.220001220703125,298976
2026-08-04T09:50,44.25,44.25,44.189998626708984,44.209999084472656,0
2026-08-04T09:55,44.22999954223633,44.2599983215332,44.220001220703125,44.2599983215332,0
2026-08-04T10:00,44.25,44.25,44.220001220703125,44.2400016784668,0
2026-08-04T10:05,44.22999954223633,44.2400016784668,44.220001220703125,44.2400016784668,4672
2026-08-04T10:10,44.2400016784668,44.25,44.22999954223633,44.22999954223633,0
2026-08-04T10:15,44.22999954223633,44.2599983215332,44.220001220703125,44.2599983215332,40704
2026-08-04T10:20,44.2599983215332,44.279998779296875,44.20000076293945,44.209999084472656,0
2026-08-04T10:25,44.22999954223633,44.2599983215332,44.20000076293945,44.209999084472656,338400
2026-08-04T10:30,44.209999084472656,44.209999084472656,44.16999816894531,44.16999816894531,0
2026-08-04T10:35,44.15999984741211,44.16999816894531,44.150001525878906,44.16999816894531,0
2026-08-04T10:40,44.18000030517578,44.2599983215332,44.18000030517578,44.2599983215332,40448
2026-08-04T10:45,44.2400016784668,44.310001373291016,44.2400016784668,44.279998779296875,282448
2026-08-04T10:50,44.27000045776367,44.29999923706055,44.2400016784668,44.2599983215332,242624
2026-08-04T10:55,44.2400016784668,44.2599983215332,44.22999954223633,44.2400016784668,195920
2026-08-04T11:00,44.25,44.27000045776367,44.2400016784668,44.25,0
2026-08-04T11:05,44.2599983215332,44.2599983215332,44.20000076293945,44.220001220703125,0
2026-08-04T11:10,44.220001220703125,44.22999954223633,44.189998626708984,44.220001220703125,0
2026-08-04T11:15,44.209999084472656,44.209999084472656,44.189998626708984,44.20000076293945,0
2026-08-04T11:20,44.209999084472656,44.220001220703125,44.15999984741211,44.16999816894531,0
2026-08-04T11:25,44.18000030517578,44.349998474121094,44.18000030517578,44.349998474121094,287584
2026-08-04T11:30,44.34000015258789,44.36000061035156,44.29999923706055,44.34000015258789,933968
2026-08-04T11:35,44.34000015258789,44.34000015258789,44.25,44.290000915527344,770448
2026-08-04T11:40,44.2599983215332,44.29999923706055,44.209999084472656,44.22999954223633,77040
2026-08-04T11:45,44.2400016784668,44.290000915527344,44.2400016784668,44.290000915527344,919840
2026-08-04T11:50,44.290000915527344,44.310001373291016,44.279998779296875,44.290000915527344,218304
2026-08-04T11:55,44.29999923706055,44.34000015258789,44.279998779296875,44.29999923706055,149104
2026-08-04T12:00,44.29999923706055,44.29999923706055,44.22999954223633,44.25,0
2026-08-04T12:05,44.25,44.27000045776367,44.22999954223633,44.27000045776367,0
2026-08-04T12:10,44.2599983215332,44.290000915527344,44.2400016784668,44.27000045776367,0
2026-08-04T12:15,44.27000045776367,44.27000045776367,44.189998626708984,44.25,0
2026-08-04T12:20,44.22999954223633,44.25,44.209999084472656,44.209999084472656,272592
2026-08-04T12:25,44.22999954223633,44.27000045776367,44.220001220703125,44.2599983215332,131328
2026-08-04T12:30,44.27000045776367,44.310001373291016,44.25,44.29999923706055,0
2026-08-04T12:35,44.29999923706055,44.38999938964844,44.290000915527344,44.380001068115234,0
2026-08-04T12:40,44.380001068115234,44.380001068115234,44.33000183105469,44.34000015258789,293888
2026-08-04T12:45,44.36000061035156,44.36000061035156,44.2599983215332,44.290000915527344,0
2026-08-04T12:50,44.290000915527344,44.310001373291016,44.2599983215332,44.2599983215332,22896
2026-08-04T12:55,44.279998779296875,44.290000915527344,44.22999954223633,44.2400016784668,118528
2026-08-04T13:00,44.2400016784668,44.279998779296875,44.209999084472656,44.27000045776367,0
2026-08-04T13:05,44.27000045776367,44.279998779296875,44.25,44.2599983215332,0
2026-08-04T13:10,44.27000045776367,44.290000915527344,44.2599983215332,44.27000045776367,0
2026-08-04T13:15,44.2599983215332,44.29999923706055,44.2400016784668,44.2599983215332,0
2026-08-04T13:20,44.2599983215332,44.34000015258789,44.15999984741211,44.189998626708984,546784
2026-08-04T13:25,44.189998626708984,44.2400016784668,44.18000030517578,44.22999954223633,1502960
2026-08-04T13:30,44.209999084472656,44.279998779296875,44.189998626708984,44.25,78944
2026-08-04T13:35,44.2599983215332,44.310001373291016,44.209999084472656,44.2400016784668,999968
2026-08-04T13:40,44.25,44.2599983215332,44.22999954223633,44.2400016784668,155360
2026-08-04T13:45,44.2400016784668,44.2400016784668,44.130001068115234,44.16999816894531,0
2026-08-04T13:50,44.209999084472656,44.209999084472656,44.13999938964844,44.15999984741211,83264
2026-08-04T13:55,44.16999816894531,44.20000076293945,44.119998931884766,44.15999984741211,1249392
2026-08-04T14:00,44.13999938964844,44.209999084472656,44.08000183105469,44.209999084472656,152448
2026-08-04T14:05,44.209999084472656,44.25,44.18000030517578,44.189998626708984,191696
2026-08-04T14:10,44.18000030517578,44.220001220703125,44.15999984741211,44.20000076293945,86048
2026-08-04T14:15,44.20000076293945,44.2599983215332,44.119998931884766,44.130001068115234,526800
2026-08-04T14:20,44.119998931884766,44.220001220703125,44.119998931884766,44.189998626708984,226368
2026-08-04T14:25,44.189998626708984,44.2599983215332,44.189998626708984,44.209999084472656,0
2026-08-04T14:30,44.22999954223633,44.25,44.18000030517578,44.25,0
2026-08-04T14:35,44.2599983215332,44.290000915527344,44.220001220703125,44.279998779296875,0
2026-08-04T14:40,44.29999923706055,44.41999816894531,44.29999923706055,44.380001068115234,314288
2026-08-04T14:45,44.400001525878906,44.43000030517578,44.369998931884766,44.380001068115234,745920
2026-08-04T14:50,44.380001068115234,44.43000030517578,44.369998931884766,44.43000030517578,506160
2026-08-04T14:55,44.43000030517578,44.4900016784668,44.40999984741211,44.45000076293945,277296
2026-08-04T15:00,44.439998626708984,44.5,44.439998626708984,44.470001220703125,0
2026-08-04T15:05,44.459999084472656,44.47999954223633,44.40999984741211,44.439998626708984,0
2026-08-04T15:10,44.45000076293945,44.45000076293945,44.40999984741211,44.43000030517578,70832
2026-08-04T15:15,44.41999816894531,44.43000030517578,44.369998931884766,44.369998931884766,0
2026-08-04T15:20,44.400001525878906,44.400001525878906,44.369998931884766,44.369998931884766,0
2026-08-04T15:25,44.36000061035156,44.380001068115234,44.209999084472656,44.2400016784668,0
2026-08-04T15:30,44.279998779296875,44.36000061035156,44.279998779296875,44.29999923706055,175504
2026-08-04T15:35,44.29999923706055,44.310001373291016,44.2599983215332,44.2599983215332,0
2026-08-04T15:40,44.279998779296875,44.36000061035156,44.27000045776367,44.33000183105469,0
2026-08-04T15:45,44.34000015258789,44.459999084472656,44.29999923706055,44.41999816894531,0
2026-08-04T15:50,44.40999984741211,44.41999816894531,44.310001373291016,44.369998931884766,563776
2026-08-04T15:55,44.369998931884766,44.400001525878906,44.33000183105469,44.34000015258789,174368
2026-08-04T16:00,44.34000015258789,44.38999938964844,44.33000183105469,44.369998931884766,0
2026-08-04T16:05,44.38999938964844,44.400001525878906,44.34000015258789,44.380001068115234,0
2026-08-04T16:10,44.380001068115234,44.41999816894531,44.369998931884766,44.38999938964844,166880
2026-08-04T16:15,44.38999938964844,44.41999816894531,44.349998474121094,44.400001525878906,0
2026-08-04T16:20,44.40999984741211,44.45000076293945,44.400001525878906,44.439998626708984,0
2026-08-04T16:25,44.41999816894531,44.459999084472656,44.40999984741211,44.41999816894531,0
2026-08-04T16:30,44.400001525878906,44.470001220703125,44.400001525878906,44.470001220703125,0
2026-08-04T16:35,44.45000076293945,44.47999954223633,44.43000030517578,44.47999954223633,16288
2026-08-04T16:40,44.4900016784668,44.5099983215332,44.470001220703125,44.47999954223633,191712
2026-08-04T16:45,44.47999954223633,44.58000183105469,44.47999954223633,44.540000915527344,312848
2026-08-04T16:50,44.540000915527344,44.56999969482422,44.5,44.52000045776367,1132784
2026-08-04T16:55,44.52000045776367,44.599998474121094,44.43000030517578,44.599998474121094,359840
2026-08-04T17:00,44.59000015258789,44.619998931884766,44.52000045776367,44.59000015258789,877840
2026-08-04T17:05,44.56999969482422,44.70000076293945,44.560001373291016,44.68000030517578,928128
2026-08-04T17:10,44.66999816894531,44.68000030517578,44.619998931884766,44.630001068115234,999632
2026-08-04T17:15,44.630001068115234,44.72999954223633,44.630001068115234,44.66999816894531,803120
2026-08-04T17:20,44.66999816894531,44.72999954223633,44.65999984741211,44.65999984741211,877280
2026-08-04T17:25,44.65999984741211,44.72999954223633,44.650001525878906,44.709999084472656,0
2026-08-04T17:30,44.720001220703125,44.720001220703125,44.65999984741211,44.689998626708984,429200
2026-08-04T17:35,44.70000076293945,44.72999954223633,44.689998626708984,44.70000076293945,143936
2026-08-04T17:40,44.709999084472656,44.709999084472656,44.63999938964844,44.650001525878906,316384
2026-08-04T17:45,44.65999984741211,44.65999984741211,44.59000015258789,44.599998474121094,0
2026-08-04T17:50,44.61000061035156,44.61000061035156,44.529998779296875,44.56999969482422,121232
2026-08-04T17:55,44.560001373291016,44.599998474121094,44.5,44.5,307360
2026-08-04T18:00,44.47999954223633,44.59000015258789,44.47999954223633,44.58000183105469,0
2026-08-04T18:05,44.58000183105469,44.59000015258789,44.529998779296875,44.540000915527344,585280
2026-08-04T18:10,44.529998779296875,44.61000061035156,44.52000045776367,44.61000061035156,106944
2026-08-04T18:15,44.61000061035156,44.650001525878906,44.58000183105469,44.650001525878906,118336
2026-08-04T18:20,44.650001525878906,44.66999816894531,44.61000061035156,44.65999984741211,50304
2026-08-04T18:25,44.689998626708984,44.72999954223633,44.65999984741211,44.72999954223633,0
2026-08-04T18:30,44.75,44.810001373291016,44.720001220703125,44.72999954223633,0
2026-08-04T18:35,44.72999954223633,44.7400016784668,44.65999984741211,44.68000030517578,444752
2026-08-04T18:40,44.68000030517578,44.68000030517578,44.650001525878906,44.68000030517578,38432
2026-08-04T18:45,44.68000030517578,44.7400016784668,44.68000030517578,44.689998626708984,77920
2026-08-04T18:50,44.689998626708984,44.72999954223633,44.68000030517578,44.720001220703125,0
2026-08-04T18:55,44.720001220703125,44.72999954223633,44.68000030517578,44.720001220703125,150560
2026-08-04T19:00,44.709999084472656,44.720001220703125,44.689998626708984,44.709999084472656,0
2026-08-04T19:05,44.70000076293945,44.720001220703125,44.689998626708984,44.720001220703125,0
2026-08-04T19:10,44.720001220703125,44.779998779296875,44.720001220703125,44.75,0
2026-08-04T19:15,44.7599983215332,44.779998779296875,44.7400016784668,44.75,274960
2026-08-04T19:20,44.75,44.75,44.70000076293945,44.720001220703125,0
2026-08-04T19:25,44.720001220703125,44.75,44.720001220703125,44.75,274160
2026-08-04T19:30,44.7599983215332,44.81999969482422,44.7400016784668,44.79999923706055,17744
2026-08-04T19:35,44.790000915527344,44.84000015258789,44.77000045776367,44.79999923706055,0
2026-08-04T19:40,44.79999923706055,44.79999923706055,44.72999954223633,44.7599983215332,174576
2026-08-04T19:45,44.7599983215332,44.77000045776367,44.66999816894531,44.72999954223633,0
2026-08-04T19:50,44.720001220703125,44.720001220703125,44.650001525878906,44.70000076293945,164240
2026-08-04T19:55,44.70000076293945,44.70000076293945,44.65999984741211,44.66999816894531,0
2026-08-04T20:00,44.650001525878906,44.66999816894531,44.58000183105469,44.619998931884766,0
2026-08-04T20:05,44.619998931884766,44.66999816894531,44.599998474121094,44.650001525878906,0
2026-08-04T20:10,44.650001525878906,44.650001525878906,44.619998931884766,44.650001525878906,0
2026-08-04T20:15,44.630001068115234,44.630001068115234,44.540000915527344,44.54999923706055,380256
2026-08-04T20:20,44.54999923706055,44.61000061035156,44.54999923706055,44.599998474121094,306832
2026-08-04T20:25,44.59000015258789,44.650001525878906,44.59000015258789,44.650001525878906,105008
2026-08-04T20:30,44.650001525878906,44.68000030517578,44.630001068115234,44.65999984741211,183008
2026-08-04T20:35,44.66999816894531,44.790000915527344,44.650001525878906,44.790000915527344,0
2026-08-04T20:40,44.79999923706055,44.869998931884766,44.790000915527344,44.869998931884766,313680
2026-08-04T20:45,44.869998931884766,44.959999084472656,44.849998474121094,44.959999084472656,704064
2026-08-04T20:50,44.95000076293945,44.95000076293945,44.88999938964844,44.90999984741211,513696
2026-08-04T20:55,44.900001525878906,44.91999816894531,44.810001373291016,44.849998474121094,890112
2026-08-04T21:00,44.849998474121094,44.88999938964844,44.83000183105469,44.88999938964844,0
2026-08-04T21:05,44.88999938964844,44.88999938964844,44.849998474121094,44.880001068115234,438480
2026-08-04T21:10,44.88999938964844,44.93000030517578,44.84000015258789,44.869998931884766,344336
2026-08-04T21:15,44.88999938964844,44.88999938964844,44.84000015258789,44.849998474121094,378256
2026-08-04T21:20,44.849998474121094,44.88999938964844,44.83000183105469,44.880001068115234,0
2026-08-04T21:25,44.880001068115234,44.880001068115234,44.79999923706055,44.81999969482422,88064
2026-08-04T21:30,44.81999969482422,44.86000061035156,44.79999923706055,44.810001373291016,257888
2026-08-04T21:35,44.81999969482422,44.83000183105469,44.790000915527344,44.810001373291016,244848
2026-08-04T21:40,44.810001373291016,44.83000183105469,44.790000915527344,44.810001373291016,159088
2026-08-04T21:45,44.79999923706055,44.90999984741211,44.79999923706055,44.90999984741211,226048
2026-08-04T21:50,44.91999816894531,44.91999816894531,44.86000061035156,44.900001525878906,0
2026-08-04T21:55,44.900001525878906,44.93000030517578,44.880001068115234,44.91999816894531,353680
2026-08-04T22:00,44.91999816894531,44.91999816894531,44.81999969482422,44.84000015258789,0
2026-08-04T22:05,44.869998931884766,44.880001068115234,44.83000183105469,44.86000061035156,235376
2026-08-04T22:10,44.869998931884766,44.91999816894531,44.849998474121094,44.90999984741211,160080
2026-08-04T22:15,44.91999816894531,44.95000076293945,44.849998474121094,44.900001525878906,604528
2026-08-04T22:20,44.900001525878906,44.91999816894531,44.849998474121094,44.90999984741211,296512
2026-08-04T22:25,44.90999984741211,44.91999816894531,44.869998931884766,44.88999938964844,229104
2026-08-04T22:30,44.88999938964844,44.95000076293945,44.88999938964844,44.95000076293945,206528
2026-08-04T22:35,44.939998626708984,44.95000076293945,44.880001068115234,44.88999938964844,564256
2026-08-04T22:40,44.88999938964844,44.93000030517578,44.880001068115234,44.90999984741211,267168
2026-08-04T22:45,44.90999984741211,44.91999816894531,44.88999938964844,44.900001525878906,454432
2026-08-04T22:50,44.90999984741211,44.90999984741211,44.86000061035156,44.900001525878906,217008
2026-08-04T22:55,44.900001525878906,44.91999816894531,44.88999938964844,44.91999816894531,51216
2026-08-04T23:00,44.93000030517578,44.93000030517578,44.880001068115234,44.90999984741211,0
2026-08-04T23:05,44.88999938964844,44.9900016784668,44.88999938964844,44.970001220703125,0
2026-08-04T23:10,44.95000076293945,45.040000915527344,44.95000076293945,45.040000915527344,1217488
2026-08-04T23:15,45.0099983215332,45.130001068115234,45.0099983215332,45.040000915527344,1175664
2026-08-04T23:20,45.029998779296875,45.04999923706055,44.9900016784668,44.9900016784668,771168
2026-08-04T23:25,44.97999954223633,45.0099983215332,44.959999084472656,44.959999084472656,85840
2026-08-04T23:30,44.95000076293945,44.9900016784668,44.90999984741211,44.95000076293945,389744
2026-08-04T23:35,44.939998626708984,44.959999084472656,44.869998931884766,44.88999938964844,0
2026-08-04T23:40,44.88999938964844,44.91999816894531,44.869998931884766,44.869998931884766,96704
2026-08-04T23:45,44.880001068115234,44.900001525878906,44.86000061035156,44.88999938964844,0
2026-08-04T23:50,44.88999938964844,44.88999938964844,44.83000183105469,44.83000183105469,16208
2026-08-04T23:55,44.84000015258789,44.849998474121094,44.790000915527344,44.810001373291016,28928
2026-08-05T00:00,44.810001373291016,44.880001068115234,44.810001373291016,44.880001068115234,0
2026-08-05T00:05,44.88999938964844,44.91999816894531,44.810001373291016,44.88999938964844,241360
2026-08-05T00:10,44.900001525878906,45.0,44.88999938964844,45.0,682592
2026-08-05T00:15,44.970001220703125,44.9900016784668,44.83000183105469,44.95000076293945,1055872
2026-08-05T00:20,44.95000076293945,44.95000076293945,44.88999938964844,44.91999816894531,302832
2026-08-05T00:25,44.90999984741211,45.0099983215332,44.900001525878906,45.0099983215332,91888
2026-08-05T00:30,45.0099983215332,45.099998474121094,45.0099983215332,45.06999969482422,509216
2026-08-05T00:35,45.08000183105469,45.11000061035156,45.040000915527344,45.06999969482422,1061040
2026-08-05T00:40,45.04999923706055,45.04999923706055,44.91999816894531,44.97999954223633,404224
2026-08-05T00:45,44.97999954223633,45.02000045776367,44.93000030517578,44.95000076293945,359488
2026-08-05T00:50,44.959999084472656,45.09000015258789,44.939998626708984,45.09000015258789,503488
2026-08-05T00:55,45.099998474121094,45.099998474121094,45.04999923706055,45.06999969482422,297872
2026-08-05T01:00,45.06999969482422,45.06999969482422,45.0,45.060001373291016,0
2026-08-05T01:05,45.040000915527344,45.119998931884766,45.040000915527344,45.11000061035156,316752
2026-08-05T01:10,45.130001068115234,45.15999984741211,45.09000015258789,45.119998931884766,527312
2026-08-05T01:15,45.11000061035156,45.15999984741211,45.0099983215332,45.150001525878906,103024
2026-08-05T01:20,45.130001068115234,45.18000030517578,45.130001068115234,45.18000030517578,389472
2026-08-05T01:25,45.18000030517578,45.18000030517578,45.099998474121094,45.15999984741211,143664
2026-08-05T01:30,45.15999984741211,45.189998626708984,45.13999938964844,45.15999984741211,129504
2026-08-05T01:35,45.150001525878906,45.2599983215332,45.150001525878906,45.2599983215332,67952
2026-08-05T01:40,45.2599983215332,45.27000045776367,45.13999938964844,45.13999938964844,352896
2026-08-05T01:45,45.15999984741211,45.20000076293945,45.119998931884766,45.16999816894531,327600
2026-08-05T01:50,45.16999816894531,45.220001220703125,45.13999938964844,45.220001220703125,56720
2026-08-05T01:55,45.220001220703125,45.22999954223633,45.189998626708984,45.22999954223633,0
2026-08-05T02:00,45.22999954223633,45.279998779296875,45.189998626708984,45.25,0
2026-08-05T02:05,45.2400016784668,45.2400016784668,45.15999984741211,45.18000030517578,419936
2026-08-05T02:10,45.18000030517578,45.20000076293945,45.150001525878906,45.189998626708984,276704
2026-08-05T02:15,45.18000030517578,45.189998626708984,45.060001373291016,45.08000183105469,60960
2026-08-05T02:20,45.06999969482422,45.11000061035156,45.040000915527344,45.08000183105469,306512
2026-08-05T02:25,45.08000183105469,45.130001068115234,45.060001373291016,45.099998474121094,496592
2026-08-05T02:30,45.099998474121094,45.119998931884766,45.04999923706055,45.119998931884766,129456
2026-08-05T02:35,45.119998931884766,45.119998931884766,45.09000015258789,45.11000061035156,54368
2026-08-05T02:40,45.119998931884766,45.13999938964844,45.09000015258789,45.099998474121094,92688
2026-08-05T02:45,45.11000061035156,45.119998931884766,45.08000183105469,45.11000061035156,66000
2026-08-05T02:50,45.11000061035156,45.22999954223633,45.11000061035156,45.22999954223633,394960
2026-08-05T02:55,45.220001220703125,45.2599983215332,45.209999084472656,45.2599983215332,567712
2026-08-05T03:00,45.2599983215332,45.310001373291016,45.11000061035156,45.18000030517578,0
2026-08-05T03:05,45.18000030517578,45.18000030517578,45.099998474121094,45.099998474121094,569808
2026-08-05T03:10,45.099998474121094,45.119998931884766,44.959999084472656,44.970001220703125,439456
2026-08-05T03:15,44.970001220703125,44.970001220703125,44.720001220703125,44.77000045776367,443056
2026-08-05T03:20,44.779998779296875,44.810001373291016,44.77000045776367,44.79999923706055,1583536
2026-08-05T03:25,44.779998779296875,44.79999923706055,44.7599983215332,44.77000045776367,258848
2026-08-05T03:30,44.7599983215332,44.810001373291016,44.7400016784668,44.790000915527344,185936
2026-08-05T03:35,44.810001373291016,44.84000015258789,44.790000915527344,44.84000015258789,220864
2026-08-05T03:40,44.779998779296875,44.79999923706055,44.77000045776367,44.79999923706055,174896
2026-08-05T03:45,44.79999923706055,44.83000183105469,44.79999923706055,44.81999969482422,149776
2026-08-05T03:50,44.81999969482422,44.84000015258789,44.790000915527344,44.83000183105469,151376
2026-08-05T03:55,44.83000183105469,44.83000183105469,44.779998779296875,44.79999923706055,95968
2026-08-05T04:00,44.79999923706055,44.810001373291016,44.77000045776367,44.79999923706055,0
2026-08-05T04:05,44.790000915527344,44.810001373291016,44.779998779296875,44.79999923706055,0
2026-08-05T04:10,44.79999923706055,44.83000183105469,44.779998779296875,44.81999969482422,96080
2026-08-05T04:15,44.810001373291016,44.83000183105469,44.7599983215332,44.790000915527344,23856
2026-08-05T04:20,44.790000915527344,44.810001373291016,44.75,44.75,69472
2026-08-05T04:25,44.7599983215332,44.7599983215332,44.689998626708984,44.7400016784668,154192
2026-08-05T04:30,44.7400016784668,44.77000045776367,44.720001220703125,44.7599983215332,299168
2026-08-05T04:35,44.7599983215332,44.779998779296875,44.75,44.7599983215332,193104
2026-08-05T04:40,44.7599983215332,44.779998779296875,44.7400016784668,44.77000045776367,15280
2026-08-05T04:45,44.7400016784668,44.779998779296875,44.7400016784668,44.7599983215332,0
2026-08-05T04:50,44.7599983215332,44.790000915527344,44.720001220703125,44.790000915527344,0
2026-08-05T04:55,44.790000915527344,44.84000015258789,44.77000045776367,44.84000015258789,0
2026-08-05T05:00,44.84000015258789,44.93000030517578,44.81999969482422,44.90999984741211,0
2026-08-05T05:05,44.88999938964844,44.95000076293945,44.88999938964844,44.93000030517578,324304
2026-08-05T05:10,44.91999816894531,44.95000076293945,44.90999984741211,44.91999816894531,58896
2026-08-05T05:15,44.91999816894531,44.970001220703125,44.91999816894531,44.95000076293945,153488
2026-08-05T05:20,44.93000030517578,44.959999084472656,44.93000030517578,44.95000076293945,0
2026-08-05T05:25,44.95000076293945,44.9900016784668,44.90999984741211,44.91999816894531,281856
2026-08-05T05:30,44.90999984741211,44.91999816894531,44.88999938964844,44.900001525878906,0
2026-08-05T05:35,44.90999984741211,44.95000076293945,44.880001068115234,44.95000076293945,292912
2026-08-05T05:40,44.95000076293945,44.95000076293945,44.88999938964844,44.939998626708984,177504
2026-08-05T05:45,44.939998626708984,44.97999954223633,44.939998626708984,44.959999084472656,30032
2026-08-05T05:50,44.959999084472656,44.970001220703125,44.93000030517578,44.95000076293945,157584
2026-08-05T05:55,44.95000076293945,44.9900016784668,44.939998626708984,44.959999084472656,42240
2026-08-05T06:00,44.970001220703125,44.9900016784668,44.91999816894531,44.95000076293945,0
2026-08-05T06:05,44.939998626708984,44.939998626708984,44.900001525878906,44.900001525878906,0
2026-08-05T06:10,44.91999816894531,44.959999084472656,44.90999984741211,44.91999816894531,0
2026-08-05T06:15,44.90999984741211,44.970001220703125,44.90999984741211,44.959999084472656,0
2026-08-05T06:20,44.959999084472656,44.970001220703125,44.93000030517578,44.95000076293945,0
2026-08-05T06:25,44.959999084472656,44.97999954223633,44.95000076293945,44.970001220703125,0
2026-08-05T06:30,44.97999954223633,44.9900016784668,44.93000030517578,44.95000076293945,0
2026-08-05T06:35,44.939998626708984,44.9900016784668,44.91999816894531,44.97999954223633,0
2026-08-05T06:40,44.97999954223633,45.0,44.86000061035156,44.86000061035156,0
2026-08-05T06:45,44.880001068115234,44.91999816894531,44.849998474121094,44.91999816894531,123120
2026-08-05T06:50,44.90999984741211,44.90999984741211,44.869998931884766,44.869998931884766,95184
2026-08-05T06:55,44.869998931884766,44.900001525878906,44.849998474121094,44.869998931884766,0
2026-08-05T07:00,44.869998931884766,44.900001525878906,44.83000183105469,44.86000061035156,0
2026-08-05T07:05,44.849998474121094,44.939998626708984,44.849998474121094,44.900001525878906,228592
2026-08-05T07:10,44.90999984741211,44.93000030517578,44.83000183105469,44.869998931884766,0
2026-08-05T07:15,44.86000061035156,44.869998931884766,44.81999969482422,44.84000015258789,0
2026-08-05T07:20,44.81999969482422,44.83000183105469,44.810001373291016,44.81999969482422,0
2026-08-05T07:25,44.790000915527344,44.83000183105469,44.790000915527344,44.83000183105469,0
2026-08-05T07:30,44.83000183105469,44.849998474121094,44.810001373291016,44.83000183105469,0
2026-08-05T07:35,44.83000183105469,44.83000183105469,44.810001373291016,44.81999969482422,0
2026-08-05T07:40,44.83000183105469,44.84000015258789,44.779998779296875,44.790000915527344,0
2026-08-05T07:45,44.79999923706055,44.849998474121094,44.779998779296875,44.84000015258789,0
2026-08-05T07:50,44.83000183105469,44.84000015258789,44.810001373291016,44.810001373291016,19408
2026-08-05T07:55,44.810001373291016,44.849998474121094,44.790000915527344,44.849998474121094,0
2026-08-05T08:00,44.849998474121094,44.86000061035156,44.84000015258789,44.86000061035156,0
2026-08-05T08:05,44.86000061035156,44.880001068115234,44.79999923706055,44.84000015258789,0
2026-08-05T08:10,44.84000015258789,44.84000015258789,44.81999969482422,44.83000183105469,0
2026-08-05T08:15,44.83000183105469,44.83000183105469,44.79999923706055,44.83000183105469,153344
2026-08-05T08:20,44.83000183105469,44.84000015258789,44.81999969482422,44.84000015258789,115520
2026-08-05T08:25,44.84000015258789,44.880001068115234,44.83000183105469,44.869998931884766,187312
2026-08-05T08:30,44.869998931884766,44.900001525878906,44.86000061035156,44.88999938964844,0
2026-08-05T08:35,44.88999938964844,44.90999984741211,44.869998931884766,44.900001525878906,62176
2026-08-05T08:40,44.900001525878906,44.90999984741211,44.869998931884766,44.88999938964844,0
2026-08-05T08:45,44.880001068115234,44.88999938964844,44.849998474121094,44.849998474121094,250032
2026-08-05T08:50,44.849998474121094,44.869998931884766,44.84000015258789,44.849998474121094,302976
2026-08-05T08:55,44.83000183105469,44.86000061035156,44.81999969482422,44.84000015258789,39744
2026-08-05T09:00,44.84000015258789,44.880001068115234,44.81999969482422,44.84000015258789,0
2026-08-05T09:05,44.84000015258789,44.880001068115234,44.84000015258789,44.880001068115234,0
2026-08-05T09:10,44.880001068115234,44.880001068115234,44.810001373291016,44.81999969482422,50976
2026-08-05T09:15,44.81999969482422,44.84000015258789,44.810001373291016,44.81999969482422,62880
2026-08-05T09:20,44.83000183105469,44.84000015258789,44.79999923706055,44.810001373291016,115472
2026-08-05T09:25,44.81999969482422,44.849998474121094,44.79999923706055,44.83000183105469,0
2026-08-05T09:30,44.849998474121094,44.88999938964844,44.849998474121094,44.88999938964844,0
2026-08-05T09:35,44.880001068115234,44.90999984741211,44.84000015258789,44.90999984741211,2752
2026-08-05T09:40,44.90999984741211,44.93000030517578,44.880001068115234,44.90999984741211,163856
2026-08-05T09:45,44.91999816894531,44.95000076293945,44.900001525878906,44.91999816894531,310336
2026-08-05T09:50,44.939998626708984,44.95000076293945,44.900001525878906,44.90999984741211,217488
2026-08-05T09:55,44.90999984741211,44.90999984741211,44.869998931884766,44.880001068115234,40704
2026-08-05T10:00,44.880001068115234,44.900001525878906,44.869998931884766,44.880001068115234,0
2026-08-05T10:05,44.900001525878906,44.9900016784668,44.900001525878906,44.95000076293945,98464
2026-08-05T10:10,44.95000076293945,44.95000076293945,44.880001068115234,44.88999938964844,807984
2026-08-05T10:15,44.88999938964844,44.90999984741211,44.869998931884766,44.880001068115234,0
2026-08-05T10:20,44.88999938964844,44.91999816894531,44.88999938964844,44.88999938964844,0
2026-08-05T10:25,44.88999938964844,44.88999938964844,44.84000015258789,44.88999938964844,775264
2026-08-05T10:30,44.88999938964844,44.90999984741211,44.849998474121094,44.90999984741211,221872
2026-08-05T10:35,44.900001525878906,44.90999984741211,44.880001068115234,44.88999938964844,264160
2026-08-05T10:40,44.90999984741211,44.90999984741211,44.83000183105469,44.869998931884766,285424
2026-08-05T10:45,44.86000061035156,44.86000061035156,44.689998626708984,44.709999084472656,426848
2026-08-05T10:50,44.709999084472656,44.75,44.709999084472656,44.72999954223633,847392
2026-08-05T10:55,44.72999954223633,44.75,44.70000076293945,44.75,260704
2026-08-05T11:00,44.75,44.790000915527344,44.7400016784668,44.7599983215332,0
2026-08-05T11:05,44.779998779296875,44.86000061035156,44.779998779296875,44.86000061035156,147600
2026-08-05T11:10,44.86000061035156,44.86000061035156,44.790000915527344,44.81999969482422,219104
2026-08-05T11:15,44.83000183105469,44.84000015258789,44.810001373291016,44.84000015258789,79712
2026-08-05T11:20,44.81999969482422,44.83000183105469,44.7599983215332,44.83000183105469,0
2026-08-05T11:25,44.81999969482422,44.81999969482422,44.779998779296875,44.779998779296875,19328
2026-08-05T11:30,44.7599983215332,44.810001373291016,44.75,44.779998779296875,0
2026-08-05T11:35,44.779998779296875,44.779998779296875,44.709999084472656,44.7599983215332,0
2026-08-05T11:40,44.7599983215332,44.7599983215332,44.720001220703125,44.7400016784668,196656
2026-08-05T11:45,44.72999954223633,44.79999923706055,44.70000076293945,44.79999923706055,0
2026-08-05T11:50,44.779998779296875,44.79999923706055,44.7400016784668,44.7599983215332,0
2026-08-05T11:55,44.7599983215332,44.7599983215332,44.709999084472656,44.720001220703125,0
2026-08-05T12:00,44.720001220703125,44.75,44.689998626708984,44.72999954223633,0
2026-08-05T12:05,44.72999954223633,44.7599983215332,44.709999084472656,44.75,138944
2026-08-05T12:10,44.75,44.790000915527344,44.7400016784668,44.77000045776367,231408
2026-08-05T12:15,44.77000045776367,44.900001525878906,44.77000045776367,44.880001068115234,0
2026-08-05T12:20,44.88999938964844,44.939998626708984,44.83000183105469,44.869998931884766,478176
2026-08-05T12:25,44.869998931884766,44.95000076293945,44.869998931884766,44.93000030517578,474016
2026-08-05T12:30,44.939998626708984,44.939998626708984,44.880001068115234,44.91999816894531,577568
2026-08-05T12:35,44.90999984741211,44.939998626708984,44.900001525878906,44.90999984741211,0
2026-08-05T12:40,44.900001525878906,44.95000076293945,44.900001525878906,44.91999816894531,99952
2026-08-05T12:45,44.90999984741211,44.9900016784668,44.900001525878906,44.97999954223633,325760
2026-08-05T12:50,44.97999954223633,44.9900016784668,44.959999084472656,44.97999954223633,237344
2026-08-05T12:55,44.97999954223633,45.0,44.95000076293945,44.970001220703125,0
2026-08-05T13:00,44.970001220703125,45.0,44.939998626708984,44.9900016784668,0
2026-08-05T13:05,44.9900016784668,45.040000915527344,44.9900016784668,45.0099983215332,0
2026-08-05T13:10,44.959999084472656,45.060001373291016,44.959999084472656,45.040000915527344,578176
2026-08-05T13:15,45.060001373291016,45.16999816894531,45.060001373291016,45.150001525878906,388608
2026-08-05T13:20,45.130001068115234,45.13999938964844,45.08000183105469,45.099998474121094,248800
2026-08-05T13:25,45.08000183105469,45.119998931884766,45.029998779296875,45.029998779296875,0
2026-08-05T13:30,45.02000045776367,45.040000915527344,44.81999969482422,44.849998474121094,82464
2026-08-05T13:35,44.83000183105469,45.0099983215332,44.790000915527344,45.0099983215332,0
2026-08-05T13:40,45.0,45.02000045776367,44.91999816894531,44.939998626708984,0
2026-08-05T13:45,44.939998626708984,44.9900016784668,44.86000061035156,44.9900016784668,515056
2026-08-05T13:50,44.97999954223633,45.02000045776367,44.95000076293945,44.97999954223633,0
2026-08-05T13:55,44.97999954223633,45.0099983215332,44.959999084472656,44.9900016784668,0
2026-08-05T14:00,45.0099983215332,45.040000915527344,44.97999954223633,45.029998779296875,0
2026-08-05T14:05,45.029998779296875,45.09000015258789,45.029998779296875,45.04999923706055,0
2026-08-05T14:10,45.06999969482422,45.099998474121094,45.040000915527344,45.08000183105469,30784
2026-08-05T14:15,45.08000183105469,45.15999984741211,45.040000915527344,45.13999938964844,0
2026-08-05T14:20,45.11000061035156,45.130001068115234,45.02000045776367,45.060001373291016,252976
2026-08-05T14:25,45.040000915527344,45.060001373291016,45.0,45.04999923706055,305024
2026-08-05T14:30,45.0,45.09000015258789,45.0,45.029998779296875,0
2026-08-05T14:35,45.029998779296875,45.08000183105469,44.959999084472656,44.959999084472656,0
2026-08-05T14:40,44.97999954223633,45.04999923706055,44.939998626708984,45.04999923706055,31696
2026-08-05T14:45,45.040000915527344,45.11000061035156,45.040000915527344,45.11000061035156,0
2026-08-05T14:50,45.08000183105469,45.130001068115234,45.040000915527344,45.11000061035156,0
2026-08-05T14:55,45.09000015258789,45.16999816894531,45.09000015258789,45.15999984741211,0
2026-08-05T15:00,45.15999984741211,45.22999954223633,45.119998931884766,45.189998626708984,0
2026-08-05T15:05,45.189998626708984,45.220001220703125,45.13999938964844,45.220001220703125,30080
2026-08-05T15:10,45.22999954223633,45.22999954223633,45.0,45.0,0
2026-08-05T15:15,45.0,45.029998779296875,44.93000030517578,45.029998779296875,905280
2026-08-05T15:20,45.029998779296875,45.04999923706055,44.91999816894531,44.97999954223633,865520
2026-08-05T15:25,44.97999954223633,45.02000045776367,44.97999954223633,45.0099983215332,656432
2026-08-05T15:30,45.0,45.029998779296875,44.97999954223633,45.02000045776367,0
2026-08-05T15:35,45.029998779296875,45.08000183105469,45.0,45.060001373291016,0
2026-08-05T15:40,45.060001373291016,45.060001373291016,45.0,45.0,0
2026-08-05T15:45,45.0,45.06999969482422,44.97999954223633,45.060001373291016,0
2026-08-05T15:50,45.060001373291016,45.060001373291016,44.97999954223633,44.9900016784668,0
2026-08-05T15:55,44.97999954223633,45.029998779296875,44.959999084472656,44.959999084472656,0
2026-08-05T16:00,44.97999954223633,45.02000045776367,44.959999084472656,45.0,0
2026-08-05T16:05,45.0,45.08000183105469,45.0,45.060001373291016,0
2026-08-05T16:10,45.06999969482422,45.06999969482422,45.02000045776367,45.06999969482422,0
2026-08-05T16:15,45.08000183105469,45.130001068115234,45.060001373291016,45.11000061035156,0
2026-08-05T16:20,45.119998931884766,45.20000076293945,45.119998931884766,45.15999984741211,0
2026-08-05T16:25,45.18000030517578,45.22999954223633,45.18000030517578,45.22999954223633,209520
2026-08-05T16:30,45.2400016784668,45.25,45.16999816894531,45.189998626708984,320272
2026-08-05T16:35,45.18000030517578,45.20000076293945,45.15999984741211,45.189998626708984,9072
2026-08-05T16:40,45.189998626708984,45.209999084472656,45.150001525878906,45.18000030517578,0
2026-08-05T16:45,45.16999816894531,45.16999816894531,45.06999969482422,45.099998474121094,0
2026-08-05T16:50,45.11000061035156,45.11000061035156,45.06999969482422,45.11000061035156,0
2026-08-05T16:55,45.11000061035156,45.16999816894531,45.099998474121094,45.150001525878906,0
2026-08-05T17:00,45.15999984741211,45.20000076293945,45.15999984741211,45.189998626708984,0
2026-08-05T17:05,45.20000076293945,45.209999084472656,45.119998931884766,45.130001068115234,0
2026-08-05T17:10,45.119998931884766,45.18000030517578,45.11000061035156,45.150001525878906,0
2026-08-05T17:15,45.13999938964844,45.189998626708984,45.130001068115234,45.18000030517578,0
2026-08-05T17:20,45.16999816894531,45.20000076293945,45.15999984741211,45.189998626708984,0
2026-08-05T17:25,45.20000076293945,45.22999954223633,45.189998626708984,45.220001220703125,0
2026-08-05T17:30,45.20000076293945,45.22999954223633,45.189998626708984,45.209999084472656,0
2026-08-05T17:35,45.220001220703125,45.33000183105469,45.209999084472656,45.33000183105469,0
2026-08-05T17:40,45.33000183105469,45.36000061035156,45.310001373291016,45.31999969482422,407952
2026-08-05T17:45,45.34000015258789,45.38999938964844,45.31999969482422,45.380001068115234,90016
2026-08-05T17:50,45.369998931884766,45.400001525878906,45.31999969482422,45.34000015258789,0
2026-08-05T17:55,45.36000061035156,45.36000061035156,45.310001373291016,45.33000183105469,63232
2026-08-05T18:00,45.33000183105469,45.34000015258789,45.290000915527344,45.33000183105469,0
2026-08-05T18:05,45.33000183105469,45.33000183105469,45.279998779296875,45.290000915527344,0
2026-08-05T18:10,45.290000915527344,45.310001373291016,45.2400016784668,45.279998779296875,0
2026-08-05T18:15,45.290000915527344,45.310001373291016,45.2400016784668,45.25,343568
2026-08-05T18:20,45.27000045776367,45.349998474121094,45.2599983215332,45.290000915527344,161280
2026-08-05T18:25,45.290000915527344,45.29999923706055,45.25,45.27000045776367,0
2026-08-05T18:30,45.27000045776367,45.27000045776367,45.209999084472656,45.27000045776367,0
2026-08-05T18:35,45.279998779296875,45.29999923706055,45.22999954223633,45.27000045776367,0
2026-08-05T18:40,45.2599983215332,45.27000045776367,45.22999954223633,45.25,388256
2026-08-05T18:45,45.2599983215332,45.27000045776367,45.220001220703125,45.220001220703125,94176
2026-08-05T18:50,45.22999954223633,45.29999923706055,45.22999954223633,45.29999923706055,0
2026-08-05T18:55,45.29999923706055,45.33000183105469,45.279998779296875,45.31999969482422,132032
2026-08-05T19:00,45.310001373291016,45.310001373291016,45.290000915527344,45.310001373291016,0
2026-08-05T19:05,45.310001373291016,45.310001373291016,45.22999954223633,45.25,0
2026-08-05T19:10,45.25,45.279998779296875,45.209999084472656,45.279998779296875,267072
2026-08-05T19:15,45.290000915527344,45.29999923706055,45.2400016784668,45.2599983215332,148032
2026-08-05T19:20,45.27000045776367,45.290000915527344,45.2599983215332,45.290000915527344,179200
2026-08-05T19:25,45.279998779296875,45.279998779296875,45.16999816894531,45.189998626708984,195664
2026-08-05T19:30,45.189998626708984,45.20000076293945,45.15999984741211,45.15999984741211,0
2026-08-05T19:35,45.15999984741211,45.22999954223633,45.150001525878906,45.22999954223633,453264
2026-08-05T19:40,45.22999954223633,45.2400016784668,45.209999084472656,45.22999954223633,10752
2026-08-05T19:45,45.22999954223633,45.27000045776367,45.22999954223633,45.2599983215332,14544
2026-08-05T19:50,45.2599983215332,45.29999923706055,45.2599983215332,45.290000915527344,0
2026-08-05T19:55,45.29999923706055,45.29999923706055,45.220001220703125,45.2400016784668,121376
2026-08-05T20:00,45.2599983215332,45.279998779296875,45.18000030517578,45.22999954223633,0
2026-08-05T20:05,45.209999084472656,45.22999954223633,45.18000030517578,45.22999954223633,46224
2026-08-05T20:10,45.2400016784668,45.29999923706055,45.2400016784668,45.29999923706055,127488
2026-08-05T20:15,45.290000915527344,45.310001373291016,45.2599983215332,45.279998779296875,0
2026-08-05T20:20,45.279998779296875,45.36000061035156,45.27000045776367,45.36000061035156,167664
2026-08-05T20:25,45.36000061035156,45.380001068115234,45.349998474121094,45.380001068115234,132608
2026-08-05T20:30,45.369998931884766,45.38999938964844,45.31999969482422,45.349998474121094,208544
2026-08-05T20:35,45.33000183105469,45.36000061035156,45.31999969482422,45.349998474121094,767408
2026-08-05T20:40,45.36000061035156,45.369998931884766,45.31999969482422,45.369998931884766,0
2026-08-05T20:45,45.369998931884766,45.369998931884766,45.31999969482422,45.36000061035156,0
2026-08-05T20:50,45.36000061035156,45.380001068115234,45.31999969482422,45.369998931884766,0
2026-08-05T20:55,45.369998931884766,45.369998931884766,45.27000045776367,45.290000915527344,0
2026-08-05T21:00,45.290000915527344,45.290000915527344,45.18000030517578,45.20000076293945,0
2026-08-05T21:05,45.20000076293945,45.209999084472656,45.16999816894531,45.189998626708984,0
2026-08-05T21:10,45.16999816894531,45.25,45.16999816894531,45.25,0
2026-08-05T21:15,45.25,45.25,45.209999084472656,45.2400016784668,0
2026-08-05T21:20,45.2400016784668,45.25,45.209999084472656,45.2400016784668,0
2026-08-05T21:25,45.220001220703125,45.2400016784668,45.15999984741211,45.18000030517578,37760
2026-08-05T21:30,45.18000030517578,45.18000030517578,45.13999938964844,45.15999984741211,0
2026-08-05T21:35,45.13999938964844,45.16999816894531,45.08000183105469,45.13999938964844,0
2026-08-05T21:40,45.13999938964844,45.16999816894531,45.119998931884766,45.13999938964844,91856
2026-08-05T21:45,45.13999938964844,45.2400016784668,45.130001068115234,45.2400016784668,71360
2026-08-05T21:50,45.2400016784668,45.279998779296875,45.220001220703125,45.22999954223633,369616
2026-08-05T21:55,45.22999954223633,45.2599983215332,45.189998626708984,45.22999954223633,0
2026-08-05T22:00,45.220001220703125,45.2400016784668,45.18000030517578,45.220001220703125,0
2026-08-05T22:05,45.20000076293945,45.279998779296875,45.189998626708984,45.20000076293945,0
2026-08-05T22:10,45.18000030517578,45.2599983215332,45.18000030517578,45.220001220703125,52576
2026-08-05T22:15,45.220001220703125,45.290000915527344,45.220001220703125,45.279998779296875,0
2026-08-05T22:20,45.279998779296875,45.290000915527344,45.25,45.27000045776367,0
2026-08-05T22:25,45.27000045776367,45.27000045776367,45.220001220703125,45.2599983215332,0
2026-08-05T22:30,45.2400016784668,45.290000915527344,45.22999954223633,45.279998779296875,0
2026-08-05T22:35,45.279998779296875,45.290000915527344,45.2400016784668,45.2599983215332,0
2026-08-05T22:40,45.25,45.27000045776367,45.220001220703125,45.22999954223633,0
2026-08-05T22:45,45.22999954223633,45.2599983215332,45.22999954223633,45.25,0
2026-08-05T22:50,45.25,45.25,45.22999954223633,45.2400016784668,0
2026-08-05T22:55,45.22999954223633,45.2400016784668,45.20000076293945,45.209999084472656,0
2026-08-05T23:00,45.16999816894531,45.189998626708984,45.13999938964844,45.189998626708984,0
2026-08-05T23:05,45.16999816894531,45.220001220703125,45.15999984741211,45.220001220703125,0
2026-08-05T23:10,45.220001220703125,45.27000045776367,45.220001220703125,45.27000045776367,0
2026-08-05T23:15,45.2599983215332,45.290000915527344,45.2400016784668,45.290000915527344,0
2026-08-05T23:20,45.29999923706055,45.310001373291016,45.27000045776367,45.29999923706055,0
2026-08-05T23:25,45.29999923706055,45.31999969482422,45.290000915527344,45.290000915527344,0
2026-08-05T23:30,45.310001373291016,45.310001373291016,45.2400016784668,45.29999923706055,0
2026-08-05T23:35,45.310001373291016,45.33000183105469,45.290000915527344,45.290000915527344,0
2026-08-05T23:40,45.29999923706055,45.34000015258789,45.25,45.2599983215332,0
2026-08-05T23:45,45.279998779296875,45.29999923706055,45.220001220703125,45.29999923706055,114144
2026-08-05T23:50,45.29999923706055,45.310001373291016,45.279998779296875,45.29999923706055,344032
2026-08-05T23:55,45.29999923706055,45.29999923706055,45.27000045776367,45.279998779296875,206480
2026-08-06T00:00,45.290000915527344,45.349998474121094,45.290000915527344,45.31999969482422,0
2026-08-06T00:05,45.34000015258789,45.400001525878906,45.31999969482422,45.349998474121094,0
2026-08-06T00:10,45.36000061035156,45.36000061035156,45.31999969482422,45.31999969482422,0
2026-08-06T00:15,45.33000183105469,45.36000061035156,45.290000915527344,45.349998474121094,0
2026-08-06T00:20,45.36000061035156,45.36000061035156,45.33000183105469,45.36000061035156,0
2026-08-06T00:25,45.36000061035156,45.38999938964844,45.34000015258789,45.380001068115234,0
2026-08-06T00:30,45.380001068115234,45.400001525878906,45.369998931884766,45.38999938964844,0
2026-08-06T00:35,45.38999938964844,45.400001525878906,45.349998474121094,45.36000061035156,0
2026-08-06T00:40,45.349998474121094,45.380001068115234,45.349998474121094,45.369998931884766,0
2026-08-06T00:45,45.369998931884766,45.369998931884766,45.33000183105469,45.34000015258789,0
2026-08-06T00:50,45.31999969482422,45.349998474121094,45.29999923706055,45.34000015258789,0
2026-08-06T00:55,45.34000015258789,45.36000061035156,45.31999969482422,45.34000015258789,0
2026-08-06T01:00,45.34000015258789,45.36000061035156,45.29999923706055,45.33000183105469,0
2026-08-06T01:05,45.29999923706055,45.34000015258789,45.279998779296875,45.34000015258789,24144
2026-08-06T01:10,45.34000015258789,45.34000015258789,45.29999923706055,45.29999923706055,0
2026-08-06T01:15,45.310001373291016,45.310001373291016,45.2599983215332,45.27000045776367,0
2026-08-06T01:20,45.25,45.25,45.209999084472656,45.209999084472656,0
2026-08-06T01:25,45.220001220703125,45.220001220703125,45.130001068115234,45.15999984741211,0
2026-08-06T01:30,45.150001525878906,45.220001220703125,45.11000061035156,45.18000030517578,0
2026-08-06T01:35,45.18000030517578,45.20000076293945,45.150001525878906,45.18000030517578,86976
2026-08-06T01:40,45.189998626708984,45.209999084472656,45.18000030517578,45.18000030517578,0
2026-08-06T01:45,45.18000030517578,45.27000045776367,45.16999816894531,45.2400016784668,0
2026-08-06T01:50,45.25,45.27000045776367,45.22999954223633,45.2599983215332,0
2026-08-06T01:55,45.2599983215332,45.27000045776367,45.209999084472656,45.220001220703125,64208
2026-08-06T02:00,45.209999084472656,45.209999084472656,45.150001525878906,45.189998626708984,0
2026-08-06T02:05,45.20000076293945,45.20000076293945,45.15999984741211,45.15999984741211,0
2026-08-06T02:10,45.119998931884766,45.150001525878906,45.04999923706055,45.04999923706055,273840
2026-08-06T02:15,45.04999923706055,45.08000183105469,44.939998626708984,44.95000076293945,0
2026-08-06T02:20,44.959999084472656,44.9900016784668,44.93000030517578,44.95000076293945,1182144
2026-08-06T02:25,44.939998626708984,45.0,44.939998626708984,45.0,115152
2026-08-06T02:30,44.97999954223633,45.0099983215332,44.95000076293945,45.0099983215332,650656
2026-08-06T02:35,45.0099983215332,45.0099983215332,44.95000076293945,44.9900016784668,98272
2026-08-06T02:40,44.9900016784668,45.0,44.939998626708984,44.9900016784668,0
2026-08-06T02:45,44.97999954223633,45.0,44.95000076293945,44.97999954223633,152768
2026-08-06T02:50,44.97999954223633,44.9900016784668,44.939998626708984,44.959999084472656,0
2026-08-06T02:55,44.959999084472656,44.959999084472656,44.93000030517578,44.95000076293945,0
2026-08-06T03:00,44.939998626708984,44.95000076293945,44.88999938964844,44.88999938964844,0
2026-08-06T03:05,44.93000030517578,44.939998626708984,44.880001068115234,44.91999816894531,0
2026-08-06T03:10,44.91999816894531,44.959999084472656,44.900001525878906,44.939998626708984,0
2026-08-06T03:15,44.939998626708984,44.939998626708984,44.88999938964844,44.88999938964844,0
2026-08-06T03:20,44.900001525878906,44.93000030517578,44.88999938964844,44.900001525878906,0
2026-08-06T03:25,44.900001525878906,44.91999816894531,44.88999938964844,44.91999816894531,0
2026-08-06T03:30,44.91999816894531,44.91999816894531,44.880001068115234,44.900001525878906,0
2026-08-06T03:35,44.88999938964844,44.95000076293945,44.88999938964844,44.95000076293945,0
2026-08-06T03:40,44.939998626708984,44.95000076293945,44.900001525878906,44.900001525878906,0
2026-08-06T03:45,44.91999816894531,44.939998626708984,44.88999938964844,44.939998626708984,0
2026-08-06T03:50,44.939998626708984,44.95000076293945,44.900001525878906,44.900001525878906,0
2026-08-06T03:55,44.900001525878906,44.91999816894531,44.88999938964844,44.91999816894531,48704
2026-08-06T04:00,44.90999984741211,44.95000076293945,44.849998474121094,44.900001525878906,0
2026-08-06T04:05,44.88999938964844,44.959999084472656,44.88999938964844,44.959999084472656,60976
2026-08-06T04:10,44.959999084472656,45.0099983215332,44.959999084472656,45.0,0
2026-08-06T04:15,45.0,45.060001373291016,44.9900016784668,45.060001373291016,0
2026-08-06T04:20,45.060001373291016,45.11000061035156,45.060001373291016,45.06999969482422,0
2026-08-06T04:25,45.08000183105469,45.099998474121094,45.060001373291016,45.08000183105469,0
2026-08-06T04:30,45.08000183105469,45.09000015258789,45.060001373291016,45.06999969482422,0
2026-08-06T04:35,45.06999969482422,45.09000015258789,45.04999923706055,45.04999923706055,0
2026-08-06T04:40,45.04999923706055,45.04999923706055,45.02000045776367,45.040000915527344,87856
2026-08-06T04:45,45.040000915527344,45.040000915527344,45.0,45.0099983215332,0
2026-08-06T04:50,45.02000045776367,45.06999969482422,45.0,45.060001373291016,100432
2026-08-06T04:55,45.06999969482422,45.06999969482422,45.040000915527344,45.060001373291016,31680
2026-08-06T05:00,45.04999923706055,45.06999969482422,45.029998779296875,45.029998779296875,0
2026-08-06T05:05,45.02000045776367,45.15999984741211,45.02000045776367,45.119998931884766,83680
2026-08-06T05:10,45.130001068115234,45.130001068115234,45.08000183105469,45.099998474121094,203232
2026-08-06T05:15,45.099998474121094,45.130001068115234,45.060001373291016,45.060001373291016,0
2026-08-06T05:20,45.04999923706055,45.099998474121094,45.029998779296875,45.099998474121094,282384
2026-08-06T05:25,45.099998474121094,45.099998474121094,45.0099983215332,45.029998779296875,26400
2026-08-06T05:30,45.0099983215332,45.029998779296875,44.97999954223633,45.0099983215332,32
2026-08-06T05:35,45.0099983215332,45.029998779296875,44.9900016784668,45.0099983215332,0
2026-08-06T05:40,45.0,45.02000045776367,45.0,45.02000045776367,0
2026-08-06T05:45,45.02000045776367,45.02000045776367,44.97999954223633,45.0,61168
2026-08-06T05:50,45.0,45.040000915527344,45.0,45.02000045776367,0
2026-08-06T05:55,45.02000045776367,45.040000915527344,44.9900016784668,45.040000915527344,98560
2026-08-06T06:00,45.02000045776367,45.040000915527344,45.0,45.040000915527344,0
2026-08-06T06:05,45.029998779296875,45.040000915527344,45.0,45.040000915527344,0
2026-08-06T06:10,45.029998779296875,45.029998779296875,44.970001220703125,44.970001220703125,0
2026-08-06T06:15,44.97999954223633,44.9900016784668,44.959999084472656,44.970001220703125,0
2026-08-06T06:20,44.970001220703125,45.040000915527344,44.970001220703125,45.029998779296875,0
2026-08-06T06:25,45.029998779296875,45.029998779296875,44.97999954223633,45.0,388064
2026-08-06T06:30,45.0,45.02000045776367,44.970001220703125,45.0099983215332,13888
2026-08-06T06:35,44.9900016784668,45.02000045776367,44.97999954223633,45.02000045776367,43904
2026-08-06T06:40,45.02000045776367,45.04999923706055,45.0099983215332,45.029998779296875,291600
2026-08-06T06:45,45.029998779296875,45.029998779296875,45.0,45.02000045776367,0
2026-08-06T06:50,45.02000045776367,45.040000915527344,45.0099983215332,45.0099983215332,0
2026-08-06T06:55,45.029998779296875,45.040000915527344,45.0099983215332,45.040000915527344,58432
2026-08-06T07:00,45.040000915527344,45.040000915527344,44.959999084472656,44.970001220703125,0
2026-08-06T07:05,44.970001220703125,44.970001220703125,44.93000030517578,44.95000076293945,0
2026-08-06T07:10,44.939998626708984,45.0,44.91999816894531,45.0,0
2026-08-06T07:15,44.97999954223633,45.0099983215332,44.97999954223633,44.9900016784668,0
2026-08-06T07:20,44.9900016784668,45.0099983215332,44.97999954223633,45.0099983215332,50336
2026-08-06T07:25,44.9900016784668,45.0099983215332,44.97999954223633,44.9900016784668,10064
2026-08-06T07:30,44.9900016784668,45.029998779296875,44.97999954223633,45.0099983215332,101888
2026-08-06T07:35,45.0099983215332,45.040000915527344,44.97999954223633,45.0,190496
2026-08-06T07:40,44.9900016784668,44.9900016784668,44.95000076293945,44.970001220703125,266768
2026-08-06T07:45,44.970001220703125,45.0,44.959999084472656,44.970001220703125,13824
2026-08-06T07:50,44.970001220703125,45.02000045776367,44.970001220703125,45.0099983215332,160624
2026-08-06T07:55,45.02000045776367,45.029998779296875,44.970001220703125,44.9900016784668,0
2026-08-06T08:00,44.9900016784668,45.0,44.97999954223633,44.9900016784668,0
2026-08-06T08:05,44.9900016784668,45.0,44.97999954223633,44.97999954223633,0
2026-08-06T08:10,44.97999954223633,45.0,44.970001220703125,44.970001220703125,0
2026-08-06T08:15,44.970001220703125,44.970001220703125,44.95000076293945,44.959999084472656,0
2026-08-06T08:20,44.970001220703125,45.029998779296875,44.970001220703125,45.0,318848
2026-08-06T08:25,45.0,45.02000045776367,45.0,45.02000045776367,162032
2026-08-06T08:30,45.02000045776367,45.029998779296875,44.9900016784668,45.029998779296875,28896
2026-08-06T08:35,45.02000045776367,45.02000045776367,45.0,45.02000045776367,26144
2026-08-06T08:40,45.0099983215332,45.040000915527344,45.0099983215332,45.0099983215332,0
2026-08-06T08:45,45.0099983215332,45.02000045776367,44.97999954223633,45.0,0
2026-08-06T08:50,44.9900016784668,45.08000183105469,44.9900016784668,45.04999923706055,303856
2026-08-06T08:55,45.04999923706055,45.06999969482422,45.040000915527344,45.060001373291016,297696
2026-08-06T09:00,45.08000183105469,45.08000183105469,45.040000915527344,45.040000915527344,0
2026-08-06T09:05,45.040000915527344,45.09000015258789,45.02000045776367,45.040000915527344,298160
2026-08-06T09:10,45.040000915527344,45.040000915527344,44.91999816894531,44.95000076293945,254112
2026-08-06T09:15,44.939998626708984,44.970001220703125,44.93000030517578,44.959999084472656,379536
2026-08-06T09:20,44.959999084472656,45.0099983215332,44.959999084472656,44.970001220703125,170080
2026-08-06T09:25,44.970001220703125,44.97999954223633,44.900001525878906,44.939998626708984,141568
2026-08-06T09:30,44.939998626708984,45.0099983215332,44.900001525878906,45.0099983215332,270448
2026-08-06T09:35,45.0099983215332,45.02000045776367,44.939998626708984,44.959999084472656,597568
2026-08-06T09:40,44.959999084472656,44.959999084472656,44.90999984741211,44.93000030517578,0
2026-08-06T09:45,44.939998626708984,44.939998626708984,44.900001525878906,44.93000030517578,0
2026-08-06T09:50,44.939998626708984,44.95000076293945,44.91999816894531,44.939998626708984,0
2026-08-06T09:55,44.939998626708984,44.959999084472656,44.90999984741211,44.93000030517578,0
2026-08-06T10:00,44.90999984741211,44.939998626708984,44.900001525878906,44.900001525878906,0
2026-08-06T10:05,44.90999984741211,44.90999984741211,44.88999938964844,44.90999984741211,0
2026-08-06T10:10,44.900001525878906,44.90999984741211,44.81999969482422,44.900001525878906,0
2026-08-06T10:15,44.900001525878906,44.95000076293945,44.88999938964844,44.95000076293945,297440
2026-08-06T10:20,44.95000076293945,44.95000076293945,44.93000030517578,44.939998626708984,476352
2026-08-06T10:25,44.93000030517578,44.95000076293945,44.90999984741211,44.939998626708984,0
2026-08-06T10:30,44.90999984741211,44.91999816894531,44.88999938964844,44.90999984741211,0
2026-08-06T10:35,44.90999984741211,44.95000076293945,44.880001068115234,44.93000030517578,0
2026-08-06T10:40,44.93000030517578,44.939998626708984,44.869998931884766,44.869998931884766,0
2026-08-06T10:45,44.869998931884766,44.869998931884766,44.83000183105469,44.84000015258789,0
2026-08-06T10:50,44.84000015258789,44.88999938964844,44.83000183105469,44.869998931884766,0
2026-08-06T10:55,44.869998931884766,44.880001068115234,44.84000015258789,44.86000061035156,10960
2026-08-06T11:00,44.849998474121094,44.86000061035156,44.810001373291016,44.81999969482422,0
2026-08-06T11:05,44.81999969482422,44.81999969482422,44.72999954223633,44.779998779296875,0
2026-08-06T11:10,44.779998779296875,44.81999969482422,44.779998779296875,44.810001373291016,828704
2026-08-06T11:15,44.810001373291016,44.880001068115234,44.810001373291016,44.869998931884766,41488
2026-08-06T11:20,44.869998931884766,44.90999984741211,44.83000183105469,44.869998931884766,517328
2026-08-06T11:25,44.869998931884766,44.880001068115234,44.849998474121094,44.869998931884766,592672
2026-08-06T11:30,44.869998931884766,44.90999984741211,44.86000061035156,44.90999984741211,218400
2026-08-06T11:35,44.90999984741211,44.90999984741211,44.88999938964844,44.900001525878906,0
2026-08-06T11:40,44.900001525878906,44.900001525878906,44.86000061035156,44.880001068115234,0
2026-08-06T11:45,44.86000061035156,44.88999938964844,44.86000061035156,44.880001068115234,0
2026-08-06T11:50,44.880001068115234,44.91999816894531,44.869998931884766,44.91999816894531,145888
2026-08-06T11:55,44.91999816894531,45.0099983215332,44.90999984741211,45.0099983215332,152992
2026-08-06T12:00,45.02000045776367,45.09000015258789,45.02000045776367,45.08000183105469,0
2026-08-06T12:05,45.09000015258789,45.09000015258789,44.9900016784668,45.029998779296875,387536
2026-08-06T12:10,45.0099983215332,45.06999969482422,44.9900016784668,45.06999969482422,0
2026-08-06T12:15,45.06999969482422,45.08000183105469,45.040000915527344,45.060001373291016,124672
2026-08-06T12:20,45.06999969482422,45.09000015258789,45.04999923706055,45.06999969482422,0
2026-08-06T12:25,45.099998474121094,45.16999816894531,45.08000183105469,45.16999816894531,0
2026-08-06T12:30,45.18000030517578,45.2400016784668,45.15999984741211,45.220001220703125,0
2026-08-06T12:35,45.22999954223633,45.349998474121094,45.22999954223633,45.349998474121094,383632
2026-08-06T12:40,45.34000015258789,45.349998474121094,45.290000915527344,45.29999923706055,267280
2026-08-06T12:45,45.29999923706055,45.29999923706055,45.2400016784668,45.29999923706055,0
2026-08-06T12:50,45.290000915527344,45.290000915527344,45.2400016784668,45.2400016784668,236256
2026-08-06T12:55,45.220001220703125,45.2400016784668,45.130001068115234,45.130001068115234,484880
2026-08-06T13:00,45.150001525878906,45.150001525878906,45.099998474121094,45.130001068115234,0
2026-08-06T13:05,45.130001068115234,45.130001068115234,45.0,45.029998779296875,50912
2026-08-06T13:10,45.02000045776367,45.130001068115234,45.02000045776367,45.130001068115234,0
2026-08-06T13:15,45.130001068115234,45.15999984741211,45.11000061035156,45.119998931884766,0
2026-08-06T13:20,45.130001068115234,45.16999816894531,45.130001068115234,45.130001068115234,0
2026-08-06T13:25,45.13999938964844,45.189998626708984,45.09000015258789,45.189998626708984,327104
2026-08-06T13:30,45.18000030517578,45.290000915527344,45.130001068115234,45.290000915527344,608896
2026-08-06T13:35,45.279998779296875,45.369998931884766,45.2400016784668,45.369998931884766,655600
2026-08-06T13:40,45.380001068115234,45.47999954223633,45.33000183105469,45.36000061035156,558416
2026-08-06T13:45,45.349998474121094,45.41999816894531,45.279998779296875,45.40999984741211,1553168
2026-08-06T13:50,45.400001525878906,45.45000076293945,45.369998931884766,45.38999938964844,764432
2026-08-06T13:55,45.380001068115234,45.459999084472656,45.380001068115234,45.45000076293945,122592
2026-08-06T14:00,45.459999084472656,45.47999954223633,45.400001525878906,45.470001220703125,0
2026-08-06T14:05,45.5,45.5,45.439998626708984,45.439998626708984,459392
2026-08-06T14:10,45.439998626708984,45.45000076293945,45.40999984741211,45.40999984741211,261520
2026-08-06T14:15,45.369998931884766,45.439998626708984,45.36000061035156,45.400001525878906,0
2026-08-06T14:20,45.400001525878906,45.47999954223633,45.400001525878906,45.400001525878906,97952
2026-08-06T14:25,45.41999816894531,45.41999816894531,45.349998474121094,45.36000061035156,102944
2026-08-06T14:30,45.36000061035156,45.43000030517578,45.279998779296875,45.40999984741211,320
2026-08-06T14:35,45.43000030517578,45.459999084472656,45.41999816894531,45.45000076293945,0
2026-08-06T14:40,45.439998626708984,45.529998779296875,45.43000030517578,45.470001220703125,0
2026-08-06T14:45,45.470001220703125,45.54999923706055,45.459999084472656,45.47999954223633,0
2026-08-06T14:50,45.470001220703125,45.4900016784668,45.45000076293945,45.4900016784668,354992
2026-08-06T14:55,45.4900016784668,45.540000915527344,45.47999954223633,45.5099983215332,0
2026-08-06T15:00,45.5099983215332,45.63999938964844,45.5099983215332,45.599998474121094,0
2026-08-06T15:05,45.599998474121094,45.63999938964844,45.560001373291016,45.599998474121094,544288
2026-08-06T15:10,45.599998474121094,45.63999938964844,45.54999923706055,45.61000061035156,61536
2026-08-06T15:15,45.61000061035156,45.63999938964844,45.58000183105469,45.59000015258789,0
2026-08-06T15:20,45.59000015258789,45.689998626708984,45.560001373291016,45.689998626708984,0
2026-08-06T15:25,45.70000076293945,45.70000076293945,45.630001068115234,45.68000030517578,0
2026-08-06T15:30,45.689998626708984,45.70000076293945,45.59000015258789,45.61000061035156,235808
2026-08-06T15:35,45.59000015258789,45.689998626708984,45.59000015258789,45.66999816894531,0
2026-08-06T15:40,45.65999984741211,45.70000076293945,45.619998931884766,45.68000030517578,649152
2026-08-06T15:45,45.68000030517578,45.720001220703125,45.63999938964844,45.720001220703125,189872
2026-08-06T15:50,45.720001220703125,45.720001220703125,45.650001525878906,45.68000030517578,172304
2026-08-06T15:55,45.66999816894531,45.689998626708984,45.630001068115234,45.65999984741211,253344
2026-08-06T16:00,45.720001220703125,45.72999954223633,45.63999938964844,45.72999954223633,0
2026-08-06T16:05,45.72999954223633,45.72999954223633,45.619998931884766,45.630001068115234,56864
2026-08-06T16:10,45.630001068115234,45.68000030517578,45.58000183105469,45.59000015258789,54512
2026-08-06T16:15,45.630001068115234,45.7400016784668,45.630001068115234,45.7400016784668,148672
2026-08-06T16:20,45.75,45.75,45.58000183105469,45.61000061035156,92368
2026-08-06T16:25,45.61000061035156,45.630001068115234,45.56999969482422,45.59000015258789,156064
2026-08-06T16:30,45.59000015258789,45.630001068115234,45.540000915527344,45.58000183105469,119168
2026-08-06T16:35,45.599998474121094,45.650001525878906,45.54999923706055,45.650001525878906,339056
2026-08-06T16:40,45.650001525878906,45.66999816894531,45.63999938964844,45.650001525878906,159872
2026-08-06T16:45,45.650001525878906,45.720001220703125,45.619998931884766,45.720001220703125,0
2026-08-06T16:50,45.70000076293945,45.72999954223633,45.689998626708984,45.70000076293945,236992
2026-08-06T16:55,45.68000030517578,45.720001220703125,45.68000030517578,45.709999084472656,46384
2026-08-06T17:00,45.70000076293945,45.7599983215332,45.70000076293945,45.75,0
2026-08-06T17:05,45.7599983215332,45.779998779296875,45.689998626708984,45.72999954223633,25408
2026-08-06T17:10,45.75,45.790000915527344,45.68000030517578,45.720001220703125,395200
2026-08-06T17:15,45.720001220703125,45.72999954223633,45.630001068115234,45.63999938964844,229136
2026-08-06T17:20,45.650001525878906,45.689998626708984,45.63999938964844,45.65999984741211,183904
2026-08-06T17:25,45.65999984741211,45.70000076293945,45.650001525878906,45.66999816894531,143504
2026-08-06T17:30,45.66999816894531,45.72999954223633,45.650001525878906,45.65999984741211,177360
2026-08-06T17:35,45.65999984741211,45.720001220703125,45.65999984741211,45.689998626708984,346496
2026-08-06T17:40,45.689998626708984,45.70000076293945,45.61000061035156,45.650001525878906,0
2026-08-06T17:45,45.650001525878906,45.689998626708984,45.619998931884766,45.650001525878906,0
2026-08-06T17:50,45.650001525878906,45.66999816894531,45.63999938964844,45.66999816894531,28864
2026-08-06T17:55,45.66999816894531,45.68000030517578,45.619998931884766,45.619998931884766,0
2026-08-06T18:00,45.63999938964844,45.63999938964844,45.56999969482422,45.56999969482422,0
2026-08-06T18:05,45.560001373291016,45.560001373291016,45.470001220703125,45.5099983215332,0
2026-08-06T18:10,45.5,45.54999923706055,45.459999084472656,45.540000915527344,0
2026-08-06T18:15,45.540000915527344,45.56999969482422,45.5,45.54999923706055,0
2026-08-06T18:20,45.54999923706055,45.59000015258789,45.529998779296875,45.540000915527344,0
2026-08-06T18:25,45.540000915527344,45.540000915527344,45.5,45.52000045776367,89568
2026-08-06T18:30,45.52000045776367,45.52000045776367,45.41999816894531,45.43000030517578,0
2026-08-06T18:35,45.43000030517578,45.459999084472656,45.40999984741211,45.439998626708984,0
2026-08-06T18:40,45.439998626708984,45.439998626708984,45.36000061035156,45.369998931884766,0
2026-08-06T18:45,45.369998931884766,45.41999816894531,45.34000015258789,45.38999938964844,0
2026-08-06T18:50,45.38999938964844,45.41999816894531,45.380001068115234,45.380001068115234,0
2026-08-06T18:55,45.400001525878906,45.5099983215332,45.380001068115234,45.47999954223633,100080
2026-08-06T19:00,45.47999954223633,45.5099983215332,45.45000076293945,45.5099983215332,0
2026-08-06T19:05,45.5,45.5,45.43000030517578,45.43000030517578,36256
2026-08-06T19:10,45.43000030517578,45.47999954223633,45.38999938964844,45.470001220703125,0
2026-08-06T19:15,45.470001220703125,45.470001220703125,45.40999984741211,45.439998626708984,8176
2026-08-06T19:20,45.439998626708984,45.4900016784668,45.41999816894531,45.459999084472656,203264
2026-08-06T19:25,45.45000076293945,45.459999084472656,45.369998931884766,45.41999816894531,27344
2026-08-06T19:30,45.41999816894531,45.439998626708984,45.36000061035156,45.40999984741211,0
2026-08-06T19:35,45.40999984741211,45.45000076293945,45.400001525878906,45.45000076293945,0
2026-08-06T19:40,45.45000076293945,45.45000076293945,45.40999984741211,45.439998626708984,26080
2026-08-06T19:45,45.41999816894531,45.439998626708984,45.36000061035156,45.36000061035156,0
2026-08-06T19:50,45.380001068115234,45.38999938964844,45.31999969482422,45.38999938964844,425664
2026-08-06T19:55,45.369998931884766,45.400001525878906,45.349998474121094,45.349998474121094,345440
2026-08-06T20:00,45.36000061035156,45.439998626708984,45.36000061035156,45.43000030517578,0
2026-08-06T20:05,45.43000030517578,45.439998626708984,45.38999938964844,45.43000030517578,0
2026-08-06T20:10,45.43000030517578,45.470001220703125,45.41999816894531,45.470001220703125,14352
2026-08-06T20:15,45.470001220703125,45.52000045776367,45.45000076293945,45.45000076293945,80304
2026-08-06T20:20,45.439998626708984,45.459999084472656,45.41999816894531,45.43000030517578,46848
2026-08-06T20:25,45.43000030517578,45.470001220703125,45.40999984741211,45.43000030517578,0
2026-08-06T20:30,45.43000030517578,45.5,45.41999816894531,45.5,249616
2026-08-06T20:35,45.5,45.5,45.45000076293945,45.5,0
2026-08-06T20:40,45.5099983215332,45.52000045776367,45.45000076293945,45.45000076293945,147760
2026-08-06T20:45,45.459999084472656,45.5,45.41999816894531,45.470001220703125,205984
2026-08-06T20:50,45.47999954223633,45.52000045776367,45.470001220703125,45.5099983215332,98048
2026-08-06T20:55,45.5,45.52000045776367,45.47999954223633,45.47999954223633,147856
2026-08-06T21:00,45.47999954223633,45.529998779296875,45.47999954223633,45.52000045776367,0
2026-08-06T21:05,45.52000045776367,45.540000915527344,45.470001220703125,45.47999954223633,0
2026-08-06T21:10,45.47999954223633,45.5099983215332,45.470001220703125,45.5,0
2026-08-06T21:15,45.5,45.5099983215332,45.47999954223633,45.5099983215332,0
2026-08-06T21:20,45.52000045776367,45.56999969482422,45.5099983215332,45.529998779296875,123008
2026-08-06T21:25,45.529998779296875,45.54999923706055,45.5,45.540000915527344,172928
2026-08-06T21:30,45.540000915527344,45.58000183105469,45.529998779296875,45.560001373291016,0
2026-08-06T21:35,45.560001373291016,45.630001068115234,45.560001373291016,45.61000061035156,221216
2026-08-06T21:40,45.619998931884766,45.619998931884766,45.54999923706055,45.56999969482422,101200
2026-08-06T21:45,45.56999969482422,45.56999969482422,45.540000915527344,45.560001373291016,0
2026-08-06T21:50,45.540000915527344,45.54999923706055,45.5,45.5099983215332,0
2026-08-06T21:55,45.5099983215332,45.540000915527344,45.4900016784668,45.5,0
2026-08-06T22:00,45.5,45.5,45.40999984741211,45.470001220703125,0
2026-08-06T22:05,45.47999954223633,45.5099983215332,45.43000030517578,45.459999084472656,0
2026-08-06T22:10,45.45000076293945,45.5,45.43000030517578,45.5,0
2026-08-06T22:15,45.5,45.5,45.41999816894531,45.45000076293945,356224
2026-08-06T22:20,45.45000076293945,45.45000076293945,45.369998931884766,45.38999938964844,277920
2026-08-06T22:25,45.38999938964844,45.439998626708984,45.380001068115234,45.38999938964844,129424
2026-08-06T22:30,45.38999938964844,45.470001220703125,45.38999938964844,45.470001220703125,103552
2026-08-06T22:35,45.43000030517578,45.45000076293945,45.41999816894531,45.45000076293945,0
2026-08-06T22:40,45.439998626708984,45.470001220703125,45.38999938964844,45.40999984741211,27872
2026-08-06T22:45,45.40999984741211,45.439998626708984,45.38999938964844,45.439998626708984,0
2026-08-06T22:50,45.41999816894531,45.459999084472656,45.41999816894531,45.43000030517578,245296
2026-08-06T22:55,45.43000030517578,45.45000076293945,45.41999816894531,45.439998626708984,2320
2026-08-06T23:00,45.439998626708984,45.439998626708984,45.400001525878906,45.41999816894531,0
2026-08-06T23:05,45.41999816894531,45.41999816894531,45.369998931884766,45.40999984741211,0
2026-08-06T23:10,45.40999984741211,45.41999816894531,45.38999938964844,45.40999984741211,30560
2026-08-06T23:15,45.400001525878906,45.41999816894531,45.369998931884766,45.369998931884766,28800
2026-08-06T23:20,45.369998931884766,45.369998931884766,45.310001373291016,45.36000061035156,79136
2026-08-06T23:25,45.369998931884766,45.380001068115234,45.310001373291016,45.369998931884766,218832
2026-08-06T23:30,45.36000061035156,45.38999938964844,45.34000015258789,45.38999938964844,269296
2026-08-06T23:35,45.380001068115234,45.380001068115234,45.33000183105469,45.380001068115234,65808
2026-08-06T23:40,45.380001068115234,45.38999938964844,45.349998474121094,45.369998931884766,234928
2026-08-06T23:45,45.380001068115234,45.41999816894531,45.36000061035156,45.400001525878906,0
2026-08-06T23:50,45.400001525878906,45.41999816894531,45.38999938964844,45.41999816894531,0
2026-08-06T23:55,45.41999816894531,45.43000030517578,45.400001525878906,45.41999816894531,16208
2026-08-07T00:00,45.41999816894531,45.43000030517578,45.36000061035156,45.43000030517578,0
2026-08-07T00:05,45.43000030517578,45.470001220703125,45.43000030517578,45.459999084472656,319376
2026-08-07T00:10,45.470001220703125,45.5,45.43000030517578,45.43000030517578,0
2026-08-07T00:15,45.40999984741211,45.45000076293945,45.400001525878906,45.40999984741211,67648
2026-08-07T00:20,45.40999984741211,45.5099983215332,45.400001525878906,45.5099983215332,135568
2026-08-07T00:25,45.5,45.560001373291016,45.47999954223633,45.4900016784668,317552
2026-08-07T00:30,45.5,45.56999969482422,45.459999084472656,45.560001373291016,316016
2026-08-07T00:35,45.560001373291016,45.560001373291016,45.45000076293945,45.5,391280
2026-08-07T00:40,45.5099983215332,45.52000045776367,45.470001220703125,45.5,436032
2026-08-07T00:45,45.5,45.529998779296875,45.470001220703125,45.4900016784668,63536
2026-08-07T00:50,45.4900016784668,45.540000915527344,45.47999954223633,45.540000915527344,0
2026-08-07T00:55,45.52000045776367,45.540000915527344,45.4900016784668,45.540000915527344,130032
2026-08-07T01:00,45.540000915527344,45.63999938964844,45.540000915527344,45.599998474121094,0
2026-08-07T01:05,45.599998474121094,45.63999938964844,45.54999923706055,45.560001373291016,0
2026-08-07T01:10,45.56999969482422,45.599998474121094,45.54999923706055,45.599998474121094,0
2026-08-07T01:15,45.599998474121094,45.619998931884766,45.560001373291016,45.59000015258789,60688
2026-08-07T01:20,45.59000015258789,45.599998474121094,45.529998779296875,45.540000915527344,161712
2026-08-07T01:25,45.540000915527344,45.61000061035156,45.540000915527344,45.59000015258789,0
2026-08-07T01:30,45.599998474121094,45.63999938964844,45.58000183105469,45.599998474121094,154880
2026-08-07T01:35,45.599998474121094,45.619998931884766,45.560001373291016,45.560001373291016,0
2026-08-07T01:40,45.560001373291016,45.630001068115234,45.529998779296875,45.630001068115234,0
2026-08-07T01:45,45.599998474121094,45.63999938964844,45.59000015258789,45.63999938964844,469888
2026-08-07T01:50,45.63999938964844,45.63999938964844,45.560001373291016,45.56999969482422,113888
2026-08-07T01:55,45.56999969482422,45.61000061035156,45.54999923706055,45.59000015258789,135072
2026-08-07T02:00,45.59000015258789,45.63999938964844,45.56999969482422,45.630001068115234,0
2026-08-07T02:05,45.619998931884766,45.619998931884766,45.560001373291016,45.56999969482422,0
2026-08-07T02:10,45.56999969482422,45.59000015258789,45.4900016784668,45.59000015258789,0
2026-08-07T02:15,45.59000015258789,45.68000030517578,45.59000015258789,45.650001525878906,33824
2026-08-07T02:20,45.650001525878906,45.650001525878906,45.58000183105469,45.630001068115234,0
2026-08-07T02:25,45.619998931884766,45.619998931884766,45.560001373291016,45.56999969482422,0
2026-08-07T02:30,45.54999923706055,45.599998474121094,45.540000915527344,45.58000183105469,0
2026-08-07T02:35,45.58000183105469,45.599998474121094,45.52000045776367,45.529998779296875,0
2026-08-07T02:40,45.529998779296875,45.56999969482422,45.5,45.54999923706055,42048
2026-08-07T02:45,45.54999923706055,45.58000183105469,45.540000915527344,45.56999969482422,201104
2026-08-07T02:50,45.56999969482422,45.59000015258789,45.54999923706055,45.560001373291016,0
2026-08-07T02:55,45.560001373291016,45.560001373291016,45.47999954223633,45.4900016784668,0
2026-08-07T03:00,45.5,45.52000045776367,45.43000030517578,45.4900016784668,0
2026-08-07T03:05,45.4900016784668,45.529998779296875,45.47999954223633,45.5099983215332,213488
2026-08-07T03:10,45.52000045776367,45.529998779296875,45.47999954223633,45.529998779296875,50000
2026-08-07T03:15,45.529998779296875,45.540000915527344,45.5,45.5099983215332,0
2026-08-07T03:20,45.5,45.529998779296875,45.47999954223633,45.529998779296875,0
2026-08-07T03:25,45.529998779296875,45.529998779296875,45.470001220703125,45.5,58288
2026-08-07T03:30,45.5099983215332,45.59000015258789,45.5,45.560001373291016,129792
2026-08-07T03:35,45.540000915527344,45.58000183105469,45.529998779296875,45.540000915527344,489056
2026-08-07T03:40,45.529998779296875,45.560001373291016,45.52000045776367,45.529998779296875,149712
2026-08-07T03:45,45.529998779296875,45.529998779296875,45.5,45.52000045776367,91552
2026-08-07T03:50,45.52000045776367,45.540000915527344,45.459999084472656,45.47999954223633,90640
2026-08-07T03:55,45.47999954223633,45.47999954223633,45.400001525878906,45.459999084472656,0
2026-08-07T04:00,45.459999084472656,45.459999084472656,45.369998931884766,45.41999816894531,0
2026-08-07T04:05,45.41999816894531,45.43000030517578,45.369998931884766,45.41999816894531,245408
2026-08-07T04:10,45.43000030517578,45.43000030517578,45.38999938964844,45.40999984741211,77520
2026-08-07T04:15,45.40999984741211,45.45000076293945,45.380001068115234,45.45000076293945,225776
2026-08-07T04:20,45.45000076293945,45.47999954223633,45.439998626708984,45.459999084472656,144576
2026-08-07T04:25,45.470001220703125,45.47999954223633,45.38999938964844,45.40999984741211,266032
2026-08-07T04:30,45.40999984741211,45.45000076293945,45.400001525878906,45.43000030517578,344768
2026-08-07T04:35,45.43000030517578,45.45000076293945,45.36000061035156,45.380001068115234,94240
2026-08-07T04:40,45.380001068115234,45.38999938964844,45.33000183105469,45.380001068115234,0
2026-08-07T04:45,45.380001068115234,45.38999938964844,45.34000015258789,45.34000015258789,101072
2026-08-07T04:50,45.349998474121094,45.349998474121094,45.29999923706055,45.34000015258789,67776
2026-08-07T04:55,45.34000015258789,45.38999938964844,45.33000183105469,45.38999938964844,207312
2026-08-07T05:00,45.38999938964844,45.45000076293945,45.38999938964844,45.45000076293945,0
2026-08-07T05:05,45.43000030517578,45.45000076293945,45.43000030517578,45.439998626708984,0
2026-08-07T05:10,45.43000030517578,45.45000076293945,45.40999984741211,45.45000076293945,0
2026-08-07T05:15,45.439998626708984,45.45000076293945,45.400001525878906,45.41999816894531,0
2026-08-07T05:20,45.41999816894531,45.439998626708984,45.38999938964844,45.400001525878906,0
2026-08-07T05:25,45.380001068115234,45.400001525878906,45.380001068115234,45.38999938964844,0
2026-08-07T05:30,45.380001068115234,45.380001068115234,45.310001373291016,45.310001373291016,8000
2026-08-07T05:35,45.33000183105469,45.380001068115234,45.31999969482422,45.380001068115234,0
2026-08-07T05:40,45.36000061035156,45.400001525878906,45.36000061035156,45.38999938964844,55104
2026-08-07T05:45,45.380001068115234,45.45000076293945,45.380001068115234,45.439998626708984,221712
2026-08-07T05:50,45.45000076293945,45.47999954223633,45.43000030517578,45.439998626708984,80976
2026-08-07T05:55,45.45000076293945,45.459999084472656,45.41999816894531,45.45000076293945,165168
2026-08-07T06:00,45.45000076293945,45.459999084472656,45.43000030517578,45.45000076293945,0
2026-08-07T06:05,45.459999084472656,45.47999954223633,45.45000076293945,45.470001220703125,284032
2026-08-07T06:10,45.470001220703125,45.529998779296875,45.459999084472656,45.529998779296875,22512
2026-08-07T06:15,45.529998779296875,45.61000061035156,45.52000045776367,45.599998474121094,233968
2026-08-07T06:20,45.59000015258789,45.599998474121094,45.56999969482422,45.58000183105469,629104
2026-08-07T06:25,45.61000061035156,45.61000061035156,45.56999969482422,45.59000015258789,0
2026-08-07T06:30,45.59000015258789,45.59000015258789,45.529998779296875,45.529998779296875,0
2026-08-07T06:35,45.540000915527344,45.560001373291016,45.5099983215332,45.540000915527344,133536
2026-08-07T06:40,45.540000915527344,45.560001373291016,45.529998779296875,45.540000915527344,0
2026-08-07T06:45,45.540000915527344,45.54999923706055,45.5,45.52000045776367,108896
2026-08-07T06:50,45.52000045776367,45.529998779296875,45.4900016784668,45.529998779296875,195680
2026-08-07T06:55,45.529998779296875,45.56999969482422,45.529998779296875,45.529998779296875,175424
2026-08-07T07:00,45.529998779296875,45.54999923706055,45.47999954223633,45.540000915527344,0
2026-08-07T07:05,45.54999923706055,45.59000015258789,45.540000915527344,45.58000183105469,0
2026-08-07T07:10,45.59000015258789,45.599998474121094,45.58000183105469,45.59000015258789,0
2026-08-07T07:15,45.59000015258789,45.61000061035156,45.56999969482422,45.61000061035156,0
2026-08-07T07:20,45.61000061035156,45.66999816894531,45.599998474121094,45.650001525878906,33024
2026-08-07T07:25,45.65999984741211,45.65999984741211,45.619998931884766,45.630001068115234,803840
2026-08-07T07:30,45.630001068115234,45.63999938964844,45.599998474121094,45.630001068115234,259792
2026-08-07T07:35,45.630001068115234,45.63999938964844,45.61000061035156,45.61000061035156,0
2026-08-07T07:40,45.59000015258789,45.61000061035156,45.540000915527344,45.540000915527344,0
2026-08-07T07:45,45.54999923706055,45.560001373291016,45.540000915527344,45.54999923706055,0
2026-08-07T07:50,45.54999923706055,45.59000015258789,45.540000915527344,45.58000183105469,0
2026-08-07T07:55,45.58000183105469,45.58000183105469,45.540000915527344,45.54999923706055,97232
2026-08-07T08:00,45.54999923706055,45.59000015258789,45.54999923706055,45.58000183105469,0
2026-08-07T08:05,45.59000015258789,45.61000061035156,45.58000183105469,45.599998474121094,1152
2026-08-07T08:10,45.599998474121094,45.63999938964844,45.599998474121094,45.63999938964844,0
2026-08-07T08:15,45.630001068115234,45.650001525878906,45.61000061035156,45.63999938964844,0
2026-08-07T08:20,45.619998931884766,45.630001068115234,45.599998474121094,45.619998931884766,0
2026-08-07T08:25,45.619998931884766,45.650001525878906,45.61000061035156,45.650001525878906,0
2026-08-07T08:30,45.650001525878906,45.689998626708984,45.630001068115234,45.68000030517578,0
2026-08-07T08:35,45.689998626708984,45.70000076293945,45.650001525878906,45.70000076293945,0
2026-08-07T08:40,45.70000076293945,45.810001373291016,45.689998626708984,45.790000915527344,131600
2026-08-07T08:45,45.790000915527344,45.790000915527344,45.75,45.7599983215332,194304
2026-08-07T08:50,45.7599983215332,45.790000915527344,45.75,45.790000915527344,0
2026-08-07T08:55,45.79999923706055,45.810001373291016,45.790000915527344,45.810001373291016,0
2026-08-07T09:00,45.810001373291016,45.810001373291016,45.7599983215332,45.7599983215332,0
2026-08-07T09:05,45.779998779296875,45.779998779296875,45.7400016784668,45.7400016784668,0
2026-08-07T09:10,45.7400016784668,45.79999923706055,45.7400016784668,45.7400016784668,0
2026-08-07T09:15,45.720001220703125,45.77000045776367,45.68000030517578,45.720001220703125,207248
2026-08-07T09:20,45.720001220703125,45.79999923706055,45.720001220703125,45.79999923706055,143568
2026-08-07T09:25,45.810001373291016,45.81999969482422,45.7400016784668,45.779998779296875,18672
2026-08-07T09:30,45.779998779296875,45.88999938964844,45.77000045776367,45.88999938964844,161136
2026-08-07T09:35,45.88999938964844,45.91999816894531,45.84000015258789,45.849998474121094,55584
2026-08-07T09:40,45.86000061035156,45.88999938964844,45.79999923706055,45.81999969482422,0
2026-08-07T09:45,45.81999969482422,45.81999969482422,45.7400016784668,45.7400016784668,284352
2026-08-07T09:50,45.75,45.75,45.65999984741211,45.689998626708984,261312
2026-08-07T09:55,45.68000030517578,45.720001220703125,45.68000030517578,45.709999084472656,126176
2026-08-07T10:00,45.709999084472656,45.7400016784668,45.66999816894531,45.720001220703125,0
2026-08-07T10:05,45.72999954223633,45.77000045776367,45.709999084472656,45.77000045776367,56080
2026-08-07T10:10,45.7599983215332,45.790000915527344,45.7599983215332,45.779998779296875,0
2026-08-07T10:15,45.77000045776367,45.810001373291016,45.7599983215332,45.779998779296875,0
2026-08-07T10:20,45.779998779296875,45.779998779296875,45.7400016784668,45.7400016784668,0
2026-08-07T10:25,45.7400016784668,45.79999923706055,45.7400016784668,45.779998779296875,0
2026-08-07T10:30,45.779998779296875,45.779998779296875,45.7400016784668,45.75,248000
2026-08-07T10:35,45.77000045776367,45.77000045776367,45.72999954223633,45.7400016784668,123328
2026-08-07T10:40,45.75,45.75,45.689998626708984,45.720001220703125,0
2026-08-07T10:45,45.720001220703125,45.7400016784668,45.720001220703125,45.72999954223633,92192
2026-08-07T10:50,45.720001220703125,45.72999954223633,45.63999938964844,45.689998626708984,688176
2026-08-07T10:55,45.68000030517578,45.68000030517578,45.650001525878906,45.66999816894531,350080
2026-08-07T11:00,45.68000030517578,45.720001220703125,45.66999816894531,45.720001220703125,0
2026-08-07T11:05,45.709999084472656,45.7599983215332,45.70000076293945,45.75,0
2026-08-07T11:10,45.75,45.75,45.72999954223633,45.75,0
2026-08-07T11:15,45.75,45.779998779296875,45.720001220703125,45.720001220703125,0
2026-08-07T11:20,45.720001220703125,45.810001373291016,45.720001220703125,45.779998779296875,0
2026-08-07T11:25,45.79999923706055,45.81999969482422,45.7400016784668,45.75,509664
2026-08-07T11:30,45.7599983215332,45.77000045776367,45.720001220703125,45.7599983215332,142192
2026-08-07T11:35,45.7599983215332,45.779998779296875,45.7400016784668,45.7599983215332,181648
2026-08-07T11:40,45.779998779296875,45.81999969482422,45.7599983215332,45.810001373291016,459168
2026-08-07T11:45,45.79999923706055,45.81999969482422,45.709999084472656,45.720001220703125,24160
2026-08-07T11:50,45.720001220703125,45.72999954223633,45.65999984741211,45.72999954223633,0
2026-08-07T11:55,45.72999954223633,45.72999954223633,45.63999938964844,45.689998626708984,16608
2026-08-07T12:00,45.66999816894531,45.7400016784668,45.630001068115234,45.7400016784668,0
2026-08-07T12:05,45.72999954223633,45.7599983215332,45.689998626708984,45.75,500336
2026-08-07T12:10,45.77000045776367,45.790000915527344,45.7400016784668,45.77000045776367,394160
2026-08-07T12:15,45.77000045776367,45.79999923706055,45.7400016784668,45.7400016784668,313584
2026-08-07T12:20,45.72999954223633,45.75,45.70000076293945,45.75,150320
2026-08-07T12:25,45.75,45.790000915527344,45.7400016784668,45.790000915527344,51712
2026-08-07T12:30,45.88999938964844,45.88999938964844,45.709999084472656,45.709999084472656,1601808
2026-08-07T12:35,45.709999084472656,45.77000045776367,45.68000030517578,45.709999084472656,696592
2026-08-07T12:40,45.70000076293945,45.72999954223633,45.68000030517578,45.70000076293945,150480
2026-08-07T12:45,45.720001220703125,45.779998779296875,45.720001220703125,45.7599983215332,16944
2026-08-07T12:50,45.75,45.79999923706055,45.720001220703125,45.779998779296875,0
2026-08-07T12:55,45.779998779296875,45.779998779296875,45.7400016784668,45.77000045776367,273376
2026-08-07T13:00,45.75,45.75,45.68000030517578,45.7400016784668,0
2026-08-07T13:05,45.72999954223633,45.7599983215332,45.709999084472656,45.75,17600
2026-08-07T13:10,45.7400016784668,45.75,45.720001220703125,45.72999954223633,84368
2026-08-07T13:15,45.7400016784668,45.7400016784668,45.650001525878906,45.72999954223633,0
2026-08-07T13:20,45.72999954223633,45.7400016784668,45.68000030517578,45.68000030517578,0
2026-08-07T13:25,45.66999816894531,45.720001220703125,45.66999816894531,45.720001220703125,0
2026-08-07T13:30,45.720001220703125,45.77000045776367,45.70000076293945,45.75,0
2026-08-07T13:35,45.77000045776367,45.81999969482422,45.75,45.79999923706055,0
2026-08-07T13:40,45.810001373291016,45.83000183105469,45.77000045776367,45.810001373291016,0
2026-08-07T13:45,45.79999923706055,45.79999923706055,45.70000076293945,45.7400016784668,0
2026-08-07T13:50,45.7400016784668,45.7599983215332,45.709999084472656,45.7400016784668,0
2026-08-07T13:55,45.75,45.75,45.68000030517578,45.70000076293945,0
2026-08-07T14:00,45.70000076293945,45.709999084472656,45.61000061035156,45.619998931884766,0
2026-08-07T14:05,45.61000061035156,45.650001525878906,45.599998474121094,45.619998931884766,0
2026-08-07T14:10,45.630001068115234,45.650001525878906,45.56999969482422,45.59000015258789,122944
2026-08-07T14:15,45.58000183105469,45.68000030517578,45.58000183105469,45.65999984741211,161056
2026-08-07T14:20,45.68000030517578,45.689998626708984,45.630001068115234,45.689998626708984,16304
2026-08-07T14:25,45.68000030517578,45.720001220703125,45.66999816894531,45.709999084472656,0
2026-08-07T14:30,45.70000076293945,45.72999954223633,45.68000030517578,45.72999954223633,0
2026-08-07T14:35,45.720001220703125,45.779998779296875,45.70000076293945,45.72999954223633,0
2026-08-07T14:40,45.70000076293945,45.75,45.70000076293945,45.720001220703125,136016
2026-08-07T14:45,45.720001220703125,45.779998779296875,45.70000076293945,45.709999084472656,0
2026-08-07T14:50,45.709999084472656,45.720001220703125,45.599998474121094,45.63999938964844,320160
2026-08-07T14:55,45.63999938964844,45.65999984741211,45.599998474121094,45.61000061035156,158672
2026-08-07T15:00,45.59000015258789,45.63999938964844,45.54999923706055,45.54999923706055,0
2026-08-07T15:05,45.56999969482422,45.65999984741211,45.56999969482422,45.65999984741211,0
2026-08-07T15:10,45.68000030517578,45.7599983215332,45.630001068115234,45.7400016784668,644624
2026-08-07T15:15,45.7599983215332,45.869998931884766,45.7400016784668,45.810001373291016,294048
2026-08-07T15:20,45.79999923706055,45.88999938964844,45.79999923706055,45.849998474121094,245200
2026-08-07T15:25,45.849998474121094,45.880001068115234,45.83000183105469,45.880001068115234,425312
2026-08-07T15:30,45.880001068115234,46.0,45.84000015258789,45.849998474121094,121888
2026-08-07T15:35,45.849998474121094,45.959999084472656,45.84000015258789,45.91999816894531,1124464
2026-08-07T15:40,45.93000030517578,45.9900016784668,45.90999984741211,45.97999954223633,810800
2026-08-07T15:45,45.959999084472656,46.02000045776367,45.93000030517578,46.0,943680
2026-08-07T15:50,46.0,46.02000045776367,45.900001525878906,45.900001525878906,0
2026-08-07T15:55,45.900001525878906,45.93000030517578,45.86000061035156,45.93000030517578,229344
2026-08-07T16:00,45.95000076293945,46.02000045776367,45.900001525878906,46.02000045776367,0
2026-08-07T16:05,46.02000045776367,46.029998779296875,45.959999084472656,45.9900016784668,568672
2026-08-07T16:10,45.9900016784668,46.029998779296875,45.95000076293945,46.0,266432
2026-08-07T16:15,45.9900016784668,46.0,45.91999816894531,45.939998626708984,130864
2026-08-07T16:20,45.939998626708984,45.970001220703125,45.88999938964844,45.900001525878906,68768
2026-08-07T16:25,45.900001525878906,45.91999816894531,45.81999969482422,45.849998474121094,0
2026-08-07T16:30,45.84000015258789,45.970001220703125,45.83000183105469,45.970001220703125,77712
2026-08-07T16:35,45.97999954223633,45.97999954223633,45.91999816894531,45.939998626708984,464464
2026-08-07T16:40,45.939998626708984,45.97999954223633,45.880001068115234,45.91999816894531,450112
2026-08-07T16:45,45.90999984741211,45.90999984741211,45.86000061035156,45.90999984741211,109712
2026-08-07T16:50,45.90999984741211,45.939998626708984,45.88999938964844,45.88999938964844,62240
2026-08-07T16:55,45.88999938964844,45.90999984741211,45.81999969482422,45.81999969482422,78704
2026-08-07T17:00,45.810001373291016,45.81999969482422,45.75,45.790000915527344,0
2026-08-07T17:05,45.779998779296875,45.810001373291016,45.70000076293945,45.72999954223633,167408
2026-08-07T17:10,45.72999954223633,45.7400016784668,45.70000076293945,45.709999084472656,68816
2026-08-07T17:15,45.709999084472656,45.7599983215332,45.65999984741211,45.7400016784668,0
2026-08-07T17:20,45.7400016784668,45.7400016784668,45.689998626708984,45.70000076293945,0
2026-08-07T17:25,45.70000076293945,45.709999084472656,45.650001525878906,45.65999984741211,95072
2026-08-07T17:30,45.66999816894531,45.689998626708984,45.630001068115234,45.650001525878906,550416
2026-08-07T17:35,45.630001068115234,45.65999984741211,45.61000061035156,45.630001068115234,0
2026-08-07T17:40,45.630001068115234,45.65999984741211,45.41999816894531,45.41999816894531,911056
2026-08-07T17:45,45.41999816894531,45.470001220703125,45.380001068115234,45.38999938964844,1255056
2026-08-07T17:50,45.380001068115234,45.45000076293945,45.369998931884766,45.45000076293945,503792
2026-08-07T17:55,45.439998626708984,45.459999084472656,45.43000030517578,45.43000030517578,188976
2026-08-07T18:00,45.40999984741211,45.45000076293945,45.400001525878906,45.41999816894531,47760
2026-08-07T18:05,45.41999816894531,45.45000076293945,45.400001525878906,45.45000076293945,491392
2026-08-07T18:10,45.439998626708984,45.47999954223633,45.439998626708984,45.470001220703125,158960
2026-08-07T18:15,45.470001220703125,45.470001220703125,45.43000030517578,45.470001220703125,0
2026-08-07T18:20,45.45000076293945,45.470001220703125,45.380001068115234,45.380001068115234,46208
2026-08-07T18:25,45.369998931884766,45.439998626708984,45.349998474121094,45.36000061035156,80464
2026-08-07T18:30,45.369998931884766,45.43000030517578,45.369998931884766,45.400001525878906,433168
2026-08-07T18:35,45.400001525878906,45.41999816894531,45.349998474121094,45.369998931884766,82400
2026-08-07T18:40,45.380001068115234,45.380001068115234,45.34000015258789,45.36000061035156,75248
2026-08-07T18:45,45.36000061035156,45.38999938964844,45.33000183105469,45.36000061035156,0
2026-08-07T18:50,45.369998931884766,45.380001068115234,45.36000061035156,45.380001068115234,105920
2026-08-07T18:55,45.400001525878906,45.40999984741211,45.380001068115234,45.40999984741211,233792
2026-08-07T19:00,45.40999984741211,45.459999084472656,45.38999938964844,45.43000030517578,0
2026-08-07T19:05,45.43000030517578,45.45000076293945,45.43000030517578,45.439998626708984,0
2026-08-07T19:10,45.459999084472656,45.470001220703125,45.43000030517578,45.45000076293945,204624
2026-08-07T19:15,45.439998626708984,45.540000915527344,45.43000030517578,45.5,0
2026-08-07T19:20,45.4900016784668,45.540000915527344,45.4900016784668,45.529998779296875,376864
2026-08-07T19:25,45.529998779296875,45.529998779296875,45.369998931884766,45.369998931884766,1503392
2026-08-07T19:30,45.369998931884766,45.369998931884766,45.29999923706055,45.31999969482422,2101136
2026-08-07T19:35,45.31999969482422,45.31999969482422,45.25,45.310001373291016,342800
2026-08-07T19:40,45.33000183105469,45.33000183105469,45.290000915527344,45.33000183105469,314112
2026-08-07T19:45,45.33000183105469,45.36000061035156,45.33000183105469,45.36000061035156,102384
2026-08-07T19:50,45.349998474121094,45.36000061035156,45.33000183105469,45.34000015258789,0
2026-08-07T19:55,45.33000183105469,45.369998931884766,45.31999969482422,45.369998931884766,0
2026-08-07T20:00,45.36000061035156,45.380001068115234,45.33000183105469,45.36000061035156,0
2026-08-07T20:05,45.36000061035156,45.43000030517578,45.349998474121094,45.43000030517578,257792
2026-08-07T20:10,45.40999984741211,45.45000076293945,45.380001068115234,45.439998626708984,403712
2026-08-07T20:15,45.439998626708984,45.45000076293945,45.43000030517578,45.45000076293945,144144
2026-08-07T20:20,45.45000076293945,45.45000076293945,45.36000061035156,45.45000076293945,0
2026-08-07T20:25,45.45000076293945,45.52000045776367,45.439998626708984,45.5099983215332,122672
2026-08-07T20:30,45.5,45.5,45.459999084472656,45.47999954223633,683568
2026-08-07T20:35,45.47999954223633,45.4900016784668,45.470001220703125,45.4900016784668,0
2026-08-07T20:40,45.4900016784668,45.52000045776367,45.459999084472656,45.47999954223633,0
2026-08-07T20:45,45.47999954223633,45.529998779296875,45.459999084472656,45.52000045776367,0
2026-08-07T20:50,45.5099983215332,45.52000045776367,45.4900016784668,45.52000045776367,263984
2026-08-07T20:55,45.52000045776367,45.52000045776367,45.47999954223633,45.52000045776367,0
2026-08-07T21:00,45.52000045776367,45.52000045776367,45.4900016784668,45.5,0
2026-08-07T21:05,45.4900016784668,45.54999923706055,45.4900016784668,45.540000915527344,0
2026-08-07T21:10,45.540000915527344,45.54999923706055,45.5099983215332,45.529998779296875,0
2026-08-07T21:15,45.540000915527344,45.54999923706055,45.4900016784668,45.5099983215332,61504
2026-08-07T21:20,45.52000045776367,45.52000045776367,45.470001220703125,45.5,168464
2026-08-07T21:25,45.5099983215332,45.56999969482422,45.47999954223633,45.560001373291016,0
2026-08-07T21:30,45.560001373291016,45.58000183105469,45.4900016784668,45.58000183105469,387808
2026-08-07T21:35,45.58000183105469,45.58000183105469,45.54999923706055,45.58000183105469,626112
2026-08-07T21:40,45.58000183105469,45.619998931884766,45.5,45.5099983215332,409952
2026-08-07T21:45,45.5099983215332,45.52000045776367,45.47999954223633,45.5,389680
2026-08-07T21:50,45.5,45.5099983215332,45.459999084472656,45.459999084472656,94000
2026-08-07T21:55,45.4900016784668,45.4900016784668,45.439998626708984,45.470001220703125,0
2026-08-07T22:00,45.459999084472656,45.529998779296875,45.439998626708984,45.529998779296875,0
2026-08-07T22:05,45.529998779296875,45.529998779296875,45.4900016784668,45.5099983215332,315072
2026-08-07T22:10,45.5099983215332,45.540000915527344,45.4900016784668,45.529998779296875,92832
2026-08-07T22:15,45.529998779296875,45.58000183105469,45.5099983215332,45.529998779296875,0
2026-08-07T22:20,45.52000045776367,45.529998779296875,45.4900016784668,45.5,0
2026-08-07T22:25,45.5,45.5,45.43000030517578,45.45000076293945,63232
2026-08-07T22:30,45.45000076293945,45.47999954223633,45.41999816894531,45.41999816894531,281552
2026-08-07T22:35,45.439998626708984,45.439998626708984,45.380001068115234,45.43000030517578,54112
2026-08-07T22:40,45.41999816894531,45.45000076293945,45.40999984741211,45.45000076293945,112080
2026-08-07T22:45,45.439998626708984,45.459999084472656,45.43000030517578,45.439998626708984,19888
2026-08-07T22:50,45.439998626708984,45.459999084472656,45.43000030517578,45.43000030517578,3456
2026-08-07T22:55,45.45000076293945,45.45000076293945,45.43000030517578,45.43000030517578,0
2026-08-07T23:00,45.40999984741211,45.470001220703125,45.40999984741211,45.470001220703125,0
2026-08-07T23:05,45.459999084472656,45.47999954223633,45.45000076293945,45.47999954223633,232864
2026-08-07T23:10,45.47999954223633,45.5,45.470001220703125,45.4900016784668,117424
2026-08-07T23:15,45.5,45.5,45.470001220703125,45.47999954223633,0
2026-08-07T23:20,45.47999954223633,45.5,45.470001220703125,45.5,0
2026-08-07T23:25,45.5,45.5099983215332,45.4900016784668,45.4900016784668,0
2026-08-07T23:30,45.4900016784668,45.5099983215332,45.4900016784668,45.5099983215332,0
2026-08-07T23:35,45.5099983215332,45.529998779296875,45.4900016784668,45.529998779296875,0
2026-08-07T23:40,45.529998779296875,45.61000061035156,45.52000045776367,45.61000061035156,0
2026-08-07T23:45,45.61000061035156,45.61000061035156,45.56999969482422,45.59000015258789,144816
2026-08-07T23:50,45.59000015258789,45.59000015258789,45.54999923706055,45.56999969482422,0
2026-08-07T23:55,45.56999969482422,45.59000015258789,45.5099983215332,45.529998779296875,159536
2026-08-08T00:00,45.52000045776367,45.52000045776367,45.470001220703125,45.4900016784668,0
2026-08-08T00:05,45.470001220703125,45.52000045776367,45.470001220703125,45.4900016784668,0
2026-08-08T00:10,45.470001220703125,45.470001220703125,45.40999984741211,45.459999084472656,0
2026-08-08T00:15,45.45000076293945,45.47999954223633,45.439998626708984,45.459999084472656,0
2026-08-08T00:20,45.45000076293945,45.4900016784668,45.45000076293945,45.47999954223633,0
2026-08-08T00:25,45.47999954223633,45.4900016784668,45.470001220703125,45.4900016784668,0
2026-08-08T00:30,45.4900016784668,45.540000915527344,45.47999954223633,45.5,0
2026-08-08T00:35,45.4900016784668,45.5,45.47999954223633,45.4900016784668,0
2026-08-08T00:40,45.5,45.52000045776367,45.47999954223633,45.5099983215332,0
2026-08-08T00:45,45.5099983215332,45.529998779296875,45.4900016784668,45.5,0
2026-08-08T00:50,45.5099983215332,45.5099983215332,45.470001220703125,45.47999954223633,0
2026-08-08T00:55,45.4900016784668,45.5,45.459999084472656,45.47999954223633,14496
2026-08-08T01:00,45.4900016784668,45.5099983215332,45.470001220703125,45.5099983215332,0
2026-08-08T01:05,45.5099983215332,45.540000915527344,45.47999954223633,45.540000915527344,0
2026-08-08T01:10,45.540000915527344,45.58000183105469,45.52000045776367,45.58000183105469,0
2026-08-08T01:15,45.58000183105469,45.59000015258789,45.560001373291016,45.58000183105469,96896
2026-08-08T01:20,45.560001373291016,45.560001373291016,45.540000915527344,45.54999923706055,0
2026-08-08T01:25,45.54999923706055,45.59000015258789,45.54999923706055,45.59000015258789,0
2026-08-08T01:30,45.59000015258789,45.619998931884766,45.56999969482422,45.58000183105469,0
2026-08-08T01:35,45.59000015258789,45.59000015258789,45.560001373291016,45.56999969482422,30544
2026-08-08T01:40,45.58000183105469,45.59000015258789,45.56999969482422,45.58000183105469,0
2026-08-08T01:45,45.56999969482422,45.56999969482422,45.54999923706055,45.54999923706055,0
2026-08-08T01:50,45.529998779296875,45.540000915527344,45.5099983215332,45.529998779296875,0
2026-08-08T01:55,45.52000045776367,45.540000915527344,45.5099983215332,45.529998779296875,0
2026-08-08T02:00,45.529998779296875,45.54999923706055,45.529998779296875,45.540000915527344,0
2026-08-08T02:05,45.540000915527344,45.599998474121094,45.52000045776367,45.599998474121094,0
2026-08-08T02:10,45.599998474121094,45.619998931884766,45.58000183105469,45.619998931884766,318304
2026-08-08T02:15,45.619998931884766,45.619998931884766,45.59000015258789,45.599998474121094,0
2026-08-08T02:20,45.599998474121094,45.61000061035156,45.58000183105469,45.61000061035156,0
2026-08-08T02:25,45.61000061035156,45.61000061035156,45.58000183105469,45.61000061035156,0
2026-08-08T02:30,45.61000061035156,45.61000061035156,45.58000183105469,45.59000015258789,0
2026-08-08T02:35,45.59000015258789,45.599998474121094,45.58000183105469,45.59000015258789,0
2026-08-08T02:40,45.56999969482422,45.58000183105469,45.54999923706055,45.560001373291016,0
2026-08-08T02:45,45.560001373291016,45.56999969482422,45.540000915527344,45.560001373291016,0
2026-08-08T02:50,45.560001373291016,45.560001373291016,45.540000915527344,45.560001373291016,22224
2026-08-08T02:55,45.560001373291016,45.560001373291016,45.540000915527344,45.560001373291016,28304
2026-08-08T03:00,45.54999923706055,45.58000183105469,45.540000915527344,45.58000183105469,0
2026-08-08T03:05,45.59000015258789,45.59000015258789,45.56999969482422,45.59000015258789,0
2026-08-08T03:10,45.59000015258789,45.599998474121094,45.56999969482422,45.56999969482422,143904
2026-08-08T03:15,45.56999969482422,45.59000015258789,45.540000915527344,45.56999969482422,17824
2026-08-08T03:20,45.54999923706055,45.59000015258789,45.54999923706055,45.59000015258789,106880
2026-08-08T03:25,45.59000015258789,45.599998474121094,45.56999969482422,45.599998474121094,68976
2026-08-08T03:30,45.599998474121094,45.61000061035156,45.59000015258789,45.61000061035156,11232
2026-08-08T03:35,45.61000061035156,45.63999938964844,45.58000183105469,45.59000015258789,0
2026-08-08T03:40,45.59000015258789,45.599998474121094,45.52000045776367,45.540000915527344,0
2026-08-08T03:45,45.529998779296875,45.56999969482422,45.5099983215332,45.540000915527344,190464
2026-08-08T03:50,45.54999923706055,45.560001373291016,45.52000045776367,45.540000915527344,113440
2026-08-08T03:55,45.54999923706055,45.58000183105469,45.540000915527344,45.58000183105469,13392
2026-08-08T04:00,45.58000183105469,45.58000183105469,45.529998779296875,45.54999923706055,0
2026-08-08T04:05,45.54999923706055,45.54999923706055,45.52000045776367,45.540000915527344,0
2026-08-08T04:10,45.540000915527344,45.54999923706055,45.52000045776367,45.52000045776367,1040
2026-08-08T04:15,45.52000045776367,45.529998779296875,45.5,45.52000045776367,0
2026-08-08T04:20,45.52000045776367,45.52000045776367,45.470001220703125,45.4900016784668,0
2026-08-08T04:25,45.4900016784668,45.5099983215332,45.470001220703125,45.4900016784668,0
2026-08-08T04:30,45.470001220703125,45.529998779296875,45.470001220703125,45.5,0
2026-08-08T04:35,45.4900016784668,45.5099983215332,45.470001220703125,45.5,94992
2026-08-08T04:40,45.5,45.540000915527344,45.4900016784668,45.52000045776367,0
2026-08-08T04:45,45.540000915527344,45.54999923706055,45.52000045776367,45.54999923706055,0
2026-08-08T04:50,45.540000915527344,45.540000915527344,45.47999954223633,45.529998779296875,0
2026-08-08T04:55,45.529998779296875,45.529998779296875,45.47999954223633,45.5,27008
2026-08-08T05:00,45.5,45.52000045776367,45.4900016784668,45.5099983215332,0
2026-08-08T05:05,45.5099983215332,45.5099983215332,45.4900016784668,45.5099983215332,0
2026-08-08T05:10,45.5099983215332,45.54999923706055,45.5,45.529998779296875,147472
2026-08-08T05:15,45.52000045776367,45.529998779296875,45.5099983215332,45.529998779296875,8464
2026-08-08T05:20,45.529998779296875,45.560001373291016,45.52000045776367,45.560001373291016,0
2026-08-08T05:25,45.560001373291016,45.56999969482422,45.540000915527344,45.54999923706055,128384
2026-08-08T05:30,45.560001373291016,45.560001373291016,45.5,45.540000915527344,112656
2026-08-08T05:35,45.54999923706055,45.560001373291016,45.529998779296875,45.560001373291016,62656
2026-08-08T05:40,45.560001373291016,45.560001373291016,45.540000915527344,45.54999923706055,211200
2026-08-08T05:45,45.540000915527344,45.54999923706055,45.5099983215332,45.52000045776367,0
2026-08-08T05:50,45.52000045776367,45.529998779296875,45.5,45.5,0
2026-08-08T05:55,45.52000045776367,45.529998779296875,45.459999084472656,45.459999084472656,0
2026-08-08T06:00,45.47999954223633,45.5099983215332,45.470001220703125,45.470001220703125,0
2026-08-08T06:05,45.470001220703125,45.4900016784668,45.45000076293945,45.4900016784668,0
2026-08-08T06:10,45.4900016784668,45.5099983215332,45.470001220703125,45.5099983215332,0
2026-08-08T06:15,45.5,45.54999923706055,45.5,45.529998779296875,0
2026-08-08T06:20,45.540000915527344,45.560001373291016,45.52000045776367,45.560001373291016,0
2026-08-08T06:25,45.560001373291016,45.56999969482422,45.52000045776367,45.56999969482422,27536
2026-08-08T06:30,45.56999969482422,45.58000183105469,45.540000915527344,45.54999923706055,131360
2026-08-08T06:35,45.54999923706055,45.560001373291016,45.52000045776367,45.54999923706055,0
2026-08-08T06:40,45.54999923706055,45.56999969482422,45.54999923706055,45.54999923706055,7760
2026-08-08T06:45,45.56999969482422,45.56999969482422,45.54999923706055,45.560001373291016,0
2026-08-08T06:50,45.58000183105469,45.58000183105469,45.540000915527344,45.54999923706055,0
2026-08-08T06:55,45.540000915527344,45.560001373291016,45.529998779296875,45.54999923706055,39712
2026-08-08T07:00,45.54999923706055,45.54999923706055,45.52000045776367,45.54999923706055,0
2026-08-08T07:05,45.54999923706055,45.54999923706055,45.52000045776367,45.529998779296875,79920
2026-08-08T07:10,45.529998779296875,45.54999923706055,45.52000045776367,45.540000915527344,215984
2026-08-08T07:15,45.540000915527344,45.54999923706055,45.52000045776367,45.540000915527344,0
2026-08-08T07:20,45.540000915527344,45.54999923706055,45.529998779296875,45.54999923706055,112160
2026-08-08T07:25,45.540000915527344,45.560001373291016,45.529998779296875,45.540000915527344,0
2026-08-08T07:30,45.540000915527344,45.54999923706055,45.529998779296875,45.54999923706055,0
2026-08-08T07:35,45.54999923706055,45.560001373291016,45.529998779296875,45.560001373291016,0
2026-08-08T07:40,45.560001373291016,45.560001373291016,45.4900016784668,45.52000045776367,0
2026-08-08T07:45,45.529998779296875,45.540000915527344,45.5099983215332,45.52000045776367,336944
2026-08-08T07:50,45.529998779296875,45.540000915527344,45.5,45.540000915527344,119968
2026-08-08T07:55,45.540000915527344,45.540000915527344,45.5,45.52000045776367,75216
2026-08-08T08:00,45.5099983215332,45.52000045776367,45.5,45.5,0
2026-08-08T08:05,45.5,45.5,45.47999954223633,45.5,0
2026-08-08T08:10,45.5,45.52000045776367,45.47999954223633,45.52000045776367,0
2026-08-08T08:15,45.5099983215332,45.52000045776367,45.4900016784668,45.5099983215332,0
2026-08-08T08:20,45.4900016784668,45.52000045776367,45.47999954223633,45.52000045776367,50912
2026-08-08T08:25,45.52000045776367,45.599998474121094,45.5,45.599998474121094,0
2026-08-08T08:30,45.59000015258789,45.61000061035156,45.59000015258789,45.61000061035156,4272
2026-08-08T08:35,45.61000061035156,45.61000061035156,45.59000015258789,45.61000061035156,0
2026-08-08T08:40,45.61000061035156,45.61000061035156,45.529998779296875,45.540000915527344,146880
2026-08-08T08:45,45.560001373291016,45.560001373291016,45.52000045776367,45.540000915527344,0
2026-08-08T08:50,45.540000915527344,45.540000915527344,45.52000045776367,45.52000045776367,6016
2026-08-08T08:55,45.540000915527344,45.560001373291016,45.52000045776367,45.560001373291016,55200
2026-08-08T09:00,45.540000915527344,45.58000183105469,45.540000915527344,45.560001373291016,0
2026-08-08T09:05,45.560001373291016,45.560001373291016,45.540000915527344,45.560001373291016,0
2026-08-08T09:10,45.56999969482422,45.56999969482422,45.540000915527344,45.560001373291016,0
2026-08-08T09:15,45.54999923706055,45.58000183105469,45.54999923706055,45.54999923706055,0
2026-08-08T09:20,45.560001373291016,45.58000183105469,45.560001373291016,45.560001373291016,0
2026-08-08T09:25,45.54999923706055,45.560001373291016,45.5099983215332,45.5099983215332,0
2026-08-08T09:30,45.540000915527344,45.61000061035156,45.540000915527344,45.56999969482422,79424
2026-08-08T09:35,45.56999969482422,45.58000183105469,45.560001373291016,45.56999969482422,0
2026-08-08T09:40,45.56999969482422,45.56999969482422,45.5099983215332,45.529998779296875,0
2026-08-08T09:45,45.5099983215332,45.529998779296875,45.4900016784668,45.52000045776367,0
2026-08-08T09:50,45.529998779296875,45.560001373291016,45.5099983215332,45.529998779296875,0
2026-08-08T09:55,45.529998779296875,45.56999969482422,45.529998779296875,45.56999969482422,271856
2026-08-08T10:00,45.56999969482422,45.599998474121094,45.54999923706055,45.56999969482422,138464
2026-08-08T10:05,45.54999923706055,45.56999969482422,45.54999923706055,45.54999923706055,0
2026-08-08T10:10,45.560001373291016,45.56999969482422,45.5099983215332,45.5099983215332,0
2026-08-08T10:15,45.5099983215332,45.529998779296875,45.470001220703125,45.5,0
2026-08-08T10:20,45.52000045776367,45.540000915527344,45.5,45.540000915527344,184704
2026-08-08T10:25,45.54999923706055,45.54999923706055,45.470001220703125,45.47999954223633,0
2026-08-08T10:30,45.470001220703125,45.52000045776367,45.470001220703125,45.52000045776367,0
2026-08-08T10:35,45.52000045776367,45.52000045776367,45.4900016784668,45.5099983215332,218976
2026-08-08T10:40,45.5099983215332,45.52000045776367,45.4900016784668,45.52000045776367,0
2026-08-08T10:45,45.52000045776367,45.529998779296875,45.5,45.529998779296875,0
2026-08-08T10:50,45.529998779296875,45.540000915527344,45.52000045776367,45.529998779296875,0
2026-08-08T10:55,45.540000915527344,45.61000061035156,45.540000915527344,45.61000061035156,0
2026-08-08T11:00,45.61000061035156,45.65999984741211,45.59000015258789,45.61000061035156,0
2026-08-08T11:05,45.61000061035156,45.61000061035156,45.58000183105469,45.59000015258789,0
2026-08-08T11:10,45.599998474121094,45.650001525878906,45.599998474121094,45.599998474121094,72272
2026-08-08T11:15,45.619998931884766,45.630001068115234,45.58000183105469,45.59000015258789,29248
2026-08-08T11:20,45.59000015258789,45.59000015258789,45.54999923706055,45.54999923706055,0
2026-08-08T11:25,45.529998779296875,45.560001373291016,45.529998779296875,45.54999923706055,0
2026-08-08T11:30,45.54999923706055,45.560001373291016,45.529998779296875,45.529998779296875,0
2026-08-08T11:35,45.540000915527344,45.54999923706055,45.529998779296875,45.540000915527344,0
2026-08-08T11:40,45.540000915527344,45.540000915527344,45.4900016784668,45.5099983215332,0
2026-08-08T11:45,45.5099983215332,45.54999923706055,45.5,45.54999923706055,0
2026-08-08T11:50,45.54999923706055,45.54999923706055,45.5,45.52000045776367,0
2026-08-08T11:55,45.5099983215332,45.560001373291016,45.5099983215332,45.540000915527344,16704
2026-08-08T12:00,45.560001373291016,45.560001373291016,45.5099983215332,45.52000045776367,0
2026-08-08T12:05,45.52000045776367,45.52000045776367,45.47999954223633,45.5,0
2026-08-08T12:10,45.5,45.560001373291016,45.4900016784668,45.560001373291016,0
2026-08-08T12:15,45.560001373291016,45.58000183105469,45.540000915527344,45.56999969482422,0
2026-08-08T12:20,45.56999969482422,45.58000183105469,45.54999923706055,45.56999969482422,0
2026-08-08T12:25,45.56999969482422,45.59000015258789,45.560001373291016,45.59000015258789,0
2026-08-08T12:30,45.59000015258789,45.59000015258789,45.529998779296875,45.56999969482422,0
2026-08-08T12:35,45.560001373291016,45.599998474121094,45.560001373291016,45.599998474121094,0
2026-08-08T12:40,45.59000015258789,45.630001068115234,45.59000015258789,45.619998931884766,0
2026-08-08T12:45,45.630001068115234,45.630001068115234,45.56999969482422,45.58000183105469,0
2026-08-08T12:50,45.56999969482422,45.650001525878906,45.56999969482422,45.619998931884766,22000
2026-08-08T12:55,45.599998474121094,45.619998931884766,45.599998474121094,45.61000061035156,0
2026-08-08T13:00,45.61000061035156,45.61000061035156,45.58000183105469,45.61000061035156,0
2026-08-08T13:05,45.59000015258789,45.63999938964844,45.59000015258789,45.619998931884766,0
2026-08-08T13:10,45.619998931884766,45.630001068115234,45.61000061035156,45.619998931884766,0
2026-08-08T13:15,45.619998931884766,45.630001068115234,45.58000183105469,45.599998474121094,0
2026-08-08T13:20,45.59000015258789,45.61000061035156,45.56999969482422,45.56999969482422,0
2026-08-08T13:25,45.58000183105469,45.630001068115234,45.58000183105469,45.619998931884766,0
2026-08-08T13:30,45.619998931884766,45.619998931884766,45.59000015258789,45.599998474121094,10208
2026-08-08T13:35,45.599998474121094,45.619998931884766,45.58000183105469,45.59000015258789,0
2026-08-08T13:40,45.619998931884766,45.619998931884766,45.59000015258789,45.61000061035156,82432
2026-08-08T13:45,45.61000061035156,45.630001068115234,45.599998474121094,45.630001068115234,0
2026-08-08T13:50,45.630001068115234,45.630001068115234,45.59000015258789,45.599998474121094,0
2026-08-08T13:55,45.619998931884766,45.630001068115234,45.59000015258789,45.630001068115234,0
2026-08-08T14:00,45.630001068115234,45.65999984741211,45.61000061035156,45.630001068115234,0
2026-08-08T14:05,45.630001068115234,45.63999938964844,45.599998474121094,45.630001068115234,0
2026-08-08T14:10,45.630001068115234,45.630001068115234,45.59000015258789,45.599998474121094,0
2026-08-08T14:15,45.599998474121094,45.619998931884766,45.59000015258789,45.619998931884766,0
2026-08-08T14:20,45.619998931884766,45.63999938964844,45.599998474121094,45.63999938964844,0
2026-08-08T14:25,45.650001525878906,45.65999984741211,45.630001068115234,45.63999938964844,33312
2026-08-08T14:30,45.65999984741211,45.70000076293945,45.630001068115234,45.68000030517578,173120
2026-08-08T14:35,45.689998626708984,45.72999954223633,45.66999816894531,45.66999816894531,176528
2026-08-08T14:40,45.68000030517578,45.689998626708984,45.65999984741211,45.68000030517578,311664
2026-08-08T14:45,45.68000030517578,45.720001220703125,45.66999816894531,45.709999084472656,0
2026-08-08T14:50,45.70000076293945,45.7400016784668,45.689998626708984,45.7400016784668,0
2026-08-08T14:55,45.72999954223633,45.79999923706055,45.720001220703125,45.7599983215332,0
2026-08-08T15:00,45.7599983215332,45.83000183105469,45.75,45.790000915527344,0
2026-08-08T15:05,45.779998779296875,45.79999923706055,45.7599983215332,45.779998779296875,0
2026-08-08T15:10,45.779998779296875,45.810001373291016,45.7599983215332,45.77000045776367,0
2026-08-08T15:15,45.77000045776367,45.779998779296875,45.7400016784668,45.7599983215332,0
2026-08-08T15:20,45.77000045776367,45.77000045776367,45.75,45.7599983215332,0
2026-08-08T15:25,45.75,45.779998779296875,45.75,45.779998779296875,0
2026-08-08T15:30,45.779998779296875,45.779998779296875,45.72999954223633,45.7599983215332,0
2026-08-08T15:35,45.7599983215332,45.7599983215332,45.7400016784668,45.7400016784668,0
2026-08-08T15:40,45.7400016784668,45.849998474121094,45.7400016784668,45.84000015258789,0
2026-08-08T15:45,45.849998474121094,45.849998474121094,45.810001373291016,45.84000015258789,0
2026-08-08T15:50,45.84000015258789,45.86000061035156,45.83000183105469,45.86000061035156,0
2026-08-08T15:55,45.86000061035156,45.869998931884766,45.84000015258789,45.84000015258789,0
2026-08-08T16:00,45.849998474121094,45.869998931884766,45.81999969482422,45.83000183105469,0
2026-08-08T16:05,45.81999969482422,45.869998931884766,45.81999969482422,45.83000183105469,0
2026-08-08T16:10,45.83000183105469,45.84000015258789,45.79999923706055,45.810001373291016,0
2026-08-08T16:15,45.810001373291016,45.83000183105469,45.790000915527344,45.810001373291016,0
2026-08-08T16:20,45.810001373291016,45.869998931884766,45.790000915527344,45.79999923706055,0
2026-08-08T16:25,45.790000915527344,45.83000183105469,45.779998779296875,45.810001373291016,230816
2026-08-08T16:30,45.81999969482422,45.81999969482422,45.79999923706055,45.810001373291016,0
2026-08-08T16:35,45.81999969482422,45.84000015258789,45.79999923706055,45.83000183105469,0
2026-08-08T16:40,45.83000183105469,45.83000183105469,45.75,45.75,43120
2026-08-08T16:45,45.75,45.810001373291016,45.75,45.77000045776367,0
2026-08-08T16:50,45.77000045776367,45.81999969482422,45.7599983215332,45.790000915527344,0
2026-08-08T16:55,45.810001373291016,45.810001373291016,45.790000915527344,45.79999923706055,49312
2026-08-08T17:00,45.79999923706055,45.810001373291016,45.77000045776367,45.779998779296875,0
2026-08-08T17:05,45.790000915527344,45.790000915527344,45.7400016784668,45.77000045776367,0
2026-08-08T17:10,45.779998779296875,45.810001373291016,45.7599983215332,45.79999923706055,0
2026-08-08T17:15,45.79999923706055,45.81999969482422,45.790000915527344,45.810001373291016,24736
2026-08-08T17:20,45.81999969482422,45.81999969482422,45.77000045776367,45.77000045776367,0
2026-08-08T17:25,45.77000045776367,45.81999969482422,45.77000045776367,45.81999969482422,0
2026-08-08T17:30,45.81999969482422,45.84000015258789,45.79999923706055,45.84000015258789,0
2026-08-08T17:35,45.849998474121094,45.86000061035156,45.81999969482422,45.849998474121094,0
2026-08-08T17:40,45.849998474121094,45.86000061035156,45.81999969482422,45.86000061035156,0
2026-08-08T17:45,45.84000015258789,45.86000061035156,45.84000015258789,45.86000061035156,0
2026-08-08T17:50,45.86000061035156,45.869998931884766,45.810001373291016,45.83000183105469,0
2026-08-08T17:55,45.83000183105469,45.86000061035156,45.83000183105469,45.849998474121094,199560
2026-08-08T18:00,45.849998474121094,45.869998931884766,45.81999969482422,45.86000061035156,0
2026-08-08T18:05,45.86000061035156,45.86000061035156,45.81999969482422,45.849998474121094,0
2026-08-08T18:10,45.849998474121094,45.869998931884766,45.83000183105469,45.869998931884766,351832
2026-08-08T18:15,45.86000061035156,45.86000061035156,45.83000183105469,45.83000183105469,18616
2026-08-08T18:20,45.84000015258789,45.880001068115234,45.84000015258789,45.86000061035156,553696
2026-08-08T18:25,45.869998931884766,45.880001068115234,45.849998474121094,45.880001068115234,56344
2026-08-08T18:30,45.869998931884766,45.88999938964844,45.849998474121094,45.88999938964844,0
2026-08-08T18:35,45.88999938964844,45.93000030517578,45.869998931884766,45.91999816894531,0
2026-08-08T18:40,45.90999984741211,45.939998626708984,45.900001525878906,45.90999984741211,825760
2026-08-08T18:45,45.90999984741211,45.91999816894531,45.880001068115234,45.900001525878906,0
2026-08-08T18:50,45.900001525878906,45.90999984741211,45.880001068115234,45.900001525878906,0
2026-08-08T18:55,45.88999938964844,45.939998626708984,45.88999938964844,45.90999984741211,249792
2026-08-08T19:00,45.91999816894531,45.93000030517578,45.900001525878906,45.900001525878906,0
2026-08-08T19:05,45.88999938964844,45.900001525878906,45.849998474121094,45.869998931884766,0
2026-08-08T19:10,45.869998931884766,45.88999938964844,45.86000061035156,45.869998931884766,134328
2026-08-08T19:15,45.869998931884766,45.900001525878906,45.86000061035156,45.880001068115234,0
2026-08-08T19:20,45.869998931884766,45.88999938964844,45.86000061035156,45.86000061035156,0
2026-08-08T19:25,45.869998931884766,45.869998931884766,45.83000183105469,45.83000183105469,0
2026-08-08T19:30,45.84000015258789,45.849998474121094,45.81999969482422,45.83000183105469,0
2026-08-08T19:35,45.83000183105469,45.880001068115234,45.81999969482422,45.880001068115234,0
2026-08-08T19:40,45.880001068115234,45.900001525878906,45.869998931884766,45.88999938964844,0
2026-08-08T19:45,45.880001068115234,45.95000076293945,45.880001068115234,45.939998626708984,15728
2026-08-08T19:50,45.91999816894531,45.97999954223633,45.91999816894531,45.97999954223633,388112
2026-08-08T19:55,45.970001220703125,45.97999954223633,45.939998626708984,45.959999084472656,9800
2026-08-08T20:00,45.95000076293945,45.95000076293945,45.93000030517578,45.939998626708984,0
2026-08-08T20:05,45.939998626708984,45.939998626708984,45.900001525878906,45.90999984741211,0
2026-08-08T20:10,45.91999816894531,45.959999084472656,45.900001525878906,45.939998626708984,0
2026-08-08T20:15,45.939998626708984,45.959999084472656,45.93000030517578,45.959999084472656,0
2026-08-08T20:20,45.959999084472656,45.959999084472656,45.93000030517578,45.959999084472656,63288
2026-08-08T20:25,45.959999084472656,45.959999084472656,45.939998626708984,45.959999084472656,77552
2026-08-08T20:30,45.959999084472656,45.9900016784668,45.939998626708984,45.97999954223633,0
2026-08-08T20:35,45.97999954223633,46.06999969482422,45.959999084472656,46.02000045776367,72240
2026-08-08T20:40,46.02000045776367,46.060001373291016,46.0099983215332,46.04999923706055,504592
2026-08-08T20:45,46.029998779296875,46.06999969482422,46.0099983215332,46.060001373291016,0
2026-08-08T20:50,46.04999923706055,46.06999969482422,46.029998779296875,46.04999923706055,142360
2026-08-08T20:55,46.04999923706055,46.060001373291016,46.029998779296875,46.060001373291016,106976
2026-08-08T21:00,46.060001373291016,46.060001373291016,46.0,46.02000045776367,0
2026-08-08T21:05,46.02000045776367,46.029998779296875,46.0099983215332,46.0099983215332,256064
2026-08-08T21:10,46.029998779296875,46.029998779296875,45.9900016784668,45.9900016784668,26720
2026-08-08T21:15,46.0,46.040000915527344,45.97999954223633,46.040000915527344,0
2026-08-08T21:20,46.029998779296875,46.040000915527344,46.0099983215332,46.02000045776367,0
2026-08-08T21:25,46.02000045776367,46.029998779296875,46.0,46.02000045776367,22528
2026-08-08T21:30,46.02000045776367,46.029998779296875,45.9900016784668,46.02000045776367,37496
2026-08-08T21:35,46.02000045776367,46.060001373291016,46.02000045776367,46.060001373291016,0
2026-08-08T21:40,46.060001373291016,46.06999969482422,46.029998779296875,46.04999923706055,0
2026-08-08T21:45,46.060001373291016,46.06999969482422,46.040000915527344,46.06999969482422,0
2026-08-08T21:50,46.06999969482422,46.06999969482422,46.040000915527344,46.04999923706055,0
2026-08-08T21:55,46.04999923706055,46.060001373291016,46.0099983215332,46.04999923706055,167776
2026-08-08T22:00,46.060001373291016,46.08000183105469,46.02000045776367,46.04999923706055,0
2026-08-08T22:05,46.04999923706055,46.04999923706055,45.9900016784668,46.029998779296875,0
2026-08-08T22:10,46.029998779296875,46.040000915527344,46.0,46.040000915527344,0
2026-08-08T22:15,46.040000915527344,46.04999923706055,46.02000045776367,46.04999923706055,241136
2026-08-08T22:20,46.04999923706055,46.04999923706055,46.0,46.029998779296875,229312
2026-08-08T22:25,46.02000045776367,46.029998779296875,46.0099983215332,46.0099983215332,0
2026-08-08T22:30,46.02000045776367,46.029998779296875,45.959999084472656,45.97999954223633,0
2026-08-08T22:35,45.9900016784668,45.9900016784668,45.95000076293945,45.970001220703125,244728
2026-08-08T22:40,45.959999084472656,45.970001220703125,45.95000076293945,45.959999084472656,314768
2026-08-08T22:45,45.959999084472656,45.9900016784668,45.95000076293945,45.9900016784668,57152
2026-08-08T22:50,45.9900016784668,46.0,45.970001220703125,45.9900016784668,144704
2026-08-08T22:55,45.97999954223633,46.0099983215332,45.970001220703125,45.9900016784668,235456
2026-08-08T23:00,45.970001220703125,45.97999954223633,45.93000030517578,45.939998626708984,134072
2026-08-08T23:05,45.95000076293945,45.970001220703125,45.93000030517578,45.939998626708984,0
2026-08-08T23:10,45.95000076293945,45.959999084472656,45.93000030517578,45.95000076293945,0
2026-08-08T23:15,45.959999084472656,45.9900016784668,45.939998626708984,45.9900016784668,104960
2026-08-08T23:20,45.9900016784668,45.9900016784668,45.959999084472656,45.97999954223633,114856
2026-08-08T23:25,45.97999954223633,45.97999954223633,45.900001525878906,45.90999984741211,103096
2026-08-08T23:30,45.90999984741211,45.91999816894531,45.869998931884766,45.91999816894531,146496
2026-08-08T23:35,45.91999816894531,45.93000030517578,45.86000061035156,45.93000030517578,263776
2026-08-08T23:40,45.93000030517578,45.97999954223633,45.93000030517578,45.97999954223633,59040
2026-08-08T23:45,45.959999084472656,46.0099983215332,45.959999084472656,46.0099983215332,0
2026-08-08T23:50,46.0099983215332,46.0099983215332,45.970001220703125,45.9900016784668,116896
2026-08-08T23:55,46.0,46.0,45.959999084472656,45.97999954223633,78872
2026-08-09T00:00,45.9900016784668,46.0,45.959999084472656,46.0,0
2026-08-09T00:05,46.0099983215332,46.040000915527344,45.9900016784668,46.02000045776367,0
2026-08-09T00:10,46.0099983215332,46.040000915527344,46.0099983215332,46.040000915527344,1640
2026-08-09T00:15,46.02000045776367,46.02000045776367,45.970001220703125,45.97999954223633,0
2026-08-09T00:20,45.97999954223633,45.9900016784668,45.959999084472656,45.9900016784668,29440
2026-08-09T00:25,45.97999954223633,45.97999954223633,45.95000076293945,45.959999084472656,38928
2026-08-09T00:30,45.959999084472656,46.040000915527344,45.959999084472656,46.040000915527344,57512
2026-08-09T00:35,46.0099983215332,46.06999969482422,46.0099983215332,46.04999923706055,191976
2026-08-09T00:40,46.060001373291016,46.08000183105469,46.029998779296875,46.04999923706055,32616
2026-08-09T00:45,46.04999923706055,46.04999923706055,45.97999954223633,46.0,357648
2026-08-09T00:50,45.97999954223633,46.040000915527344,45.97999954223633,46.029998779296875,34256
2026-08-09T00:55,46.029998779296875,46.099998474121094,46.0099983215332,46.08000183105469,62336
2026-08-09T01:00,46.08000183105469,46.119998931884766,46.04999923706055,46.119998931884766,745760
2026-08-09T01:05,46.119998931884766,46.130001068115234,46.099998474121094,46.119998931884766,184440
2026-08-09T01:10,46.11000061035156,46.119998931884766,46.08000183105469,46.09000015258789,44176
2026-08-09T01:15,46.099998474121094,46.099998474121094,46.06999969482422,46.099998474121094,0
2026-08-09T01:20,46.06999969482422,46.06999969482422,46.04999923706055,46.06999969482422,0
2026-08-09T01:25,46.060001373291016,46.06999969482422,45.97999954223633,46.0,28816
2026-08-09T01:30,45.9900016784668,46.04999923706055,45.9900016784668,46.029998779296875,187280
2026-08-09T01:35,46.02000045776367,46.060001373291016,46.0099983215332,46.040000915527344,186648
2026-08-09T01:40,46.040000915527344,46.08000183105469,46.029998779296875,46.060001373291016,180976
2026-08-09T01:45,46.06999969482422,46.099998474121094,46.060001373291016,46.08000183105469,0
2026-08-09T01:50,46.06999969482422,46.09000015258789,46.040000915527344,46.06999969482422,28264
2026-08-09T01:55,46.06999969482422,46.09000015258789,46.040000915527344,46.04999923706055,103456
2026-08-09T02:00,46.04999923706055,46.060001373291016,46.0,46.029998779296875,151360
2026-08-09T02:05,46.029998779296875,46.029998779296875,46.0,46.0099983215332,0
2026-08-09T02:10,46.0099983215332,46.02000045776367,45.959999084472656,45.970001220703125,0
2026-08-09T02:15,45.970001220703125,45.97999954223633,45.939998626708984,45.959999084472656,136656
2026-08-09T02:20,45.959999084472656,45.959999084472656,45.90999984741211,45.93000030517578,89432
2026-08-09T02:25,45.93000030517578,45.95000076293945,45.90999984741211,45.93000030517578,19928
2026-08-09T02:30,45.95000076293945,45.95000076293945,45.90999984741211,45.90999984741211,11064
2026-08-09T02:35,45.939998626708984,45.95000076293945,45.91999816894531,45.93000030517578,83120
2026-08-09T02:40,45.939998626708984,45.95000076293945,45.90999984741211,45.90999984741211,0
2026-08-09T02:45,45.91999816894531,45.95000076293945,45.880001068115234,45.880001068115234,0
2026-08-09T02:50,45.88999938964844,45.900001525878906,45.86000061035156,45.86000061035156,179208
2026-08-09T02:55,45.880001068115234,45.88999938964844,45.849998474121094,45.88999938964844,158464
2026-08-09T03:00,45.880001068115234,45.88999938964844,45.86000061035156,45.88999938964844,0
2026-08-09T03:05,45.88999938964844,45.90999984741211,45.84000015258789,45.84000015258789,0
2026-08-09T03:10,45.86000061035156,45.880001068115234,45.84000015258789,45.86000061035156,0
2026-08-09T03:15,45.86000061035156,45.900001525878906,45.849998474121094,45.900001525878906,17592
2026-08-09T03:20,45.900001525878906,45.93000030517578,45.880001068115234,45.93000030517578,0
2026-08-09T03:25,45.90999984741211,45.970001220703125,45.90999984741211,45.970001220703125,121592
2026-08-09T03:30,45.97999954223633,46.0,45.959999084472656,45.9900016784668,69704
2026-08-09T03:35,45.9900016784668,46.0099983215332,45.959999084472656,46.0,58584
2026-08-09T03:40,46.0,46.0,45.95000076293945,45.95000076293945,416
2026-08-09T03:45,45.939998626708984,45.9900016784668,45.93000030517578,45.970001220703125,5176
2026-08-09T03:50,45.97999954223633,45.9900016784668,45.91999816894531,45.939998626708984,0
2026-08-09T03:55,45.939998626708984,45.95000076293945,45.91999816894531,45.93000030517578,25656
2026-08-09T04:00,45.90999984741211,45.97999954223633,45.90999984741211,45.97999954223633,0
2026-08-09T04:05,45.959999084472656,45.97999954223633,45.95000076293945,45.970001220703125,0
2026-08-09T04:10,45.959999084472656,46.0,45.95000076293945,46.0,17856
2026-08-09T04:15,46.0,46.029998779296875,45.959999084472656,45.97999954223633,182488
2026-08-09T04:20,45.97999954223633,45.9900016784668,45.95000076293945,45.9900016784668,321416
2026-08-09T04:25,45.97999954223633,45.97999954223633,45.959999084472656,45.970001220703125,120816
2026-08-09T04:30,45.970001220703125,45.9900016784668,45.939998626708984,45.95000076293945,192232
2026-08-09T04:35,45.95000076293945,45.959999084472656,45.93000030517578,45.95000076293945,177944
2026-08-09T04:40,45.939998626708984,45.95000076293945,45.91999816894531,45.93000030517578,168744
2026-08-09T04:45,45.91999816894531,45.959999084472656,45.91999816894531,45.95000076293945,0
2026-08-09T04:50,45.939998626708984,45.95000076293945,45.900001525878906,45.91999816894531,0
2026-08-09T04:55,45.91999816894531,45.93000030517578,45.900001525878906,45.93000030517578,0
2026-08-09T05:00,45.91999816894531,45.970001220703125,45.91999816894531,45.970001220703125,0
2026-08-09T05:05,45.970001220703125,45.9900016784668,45.95000076293945,45.970001220703125,0
2026-08-09T05:10,45.970001220703125,45.9900016784668,45.970001220703125,45.97999954223633,0
2026-08-09T05:15,45.97999954223633,46.0099983215332,45.970001220703125,45.9900016784668,0
2026-08-09T05:20,45.9900016784668,46.0,45.97999954223633,45.9900016784668,343392
2026-08-09T05:25,46.0,46.029998779296875,45.97999954223633,46.0,0
2026-08-09T05:30,46.0,46.0099983215332,45.97999954223633,46.0099983215332,50600
2026-08-09T05:35,46.0099983215332,46.0099983215332,45.91999816894531,45.93000030517578,0
2026-08-09T05:40,45.93000030517578,45.93000030517578,45.86000061035156,45.900001525878906,128056
2026-08-09T05:45,45.900001525878906,45.91999816894531,45.880001068115234,45.90999984741211,211936
2026-08-09T05:50,45.90999984741211,45.91999816894531,45.880001068115234,45.90999984741211,151032
2026-08-09T05:55,45.90999984741211,45.95000076293945,45.900001525878906,45.95000076293945,188768
2026-08-09T06:00,45.95000076293945,45.959999084472656,45.93000030517578,45.95000076293945,0
2026-08-09T06:05,45.959999084472656,45.97999954223633,45.939998626708984,45.95000076293945,0
2026-08-09T06:10,45.95000076293945,45.9900016784668,45.95000076293945,45.9900016784668,161432
2026-08-09T06:15,45.9900016784668,46.060001373291016,45.97999954223633,46.040000915527344,0
2026-08-09T06:20,46.04999923706055,46.06999969482422,46.02000045776367,46.06999969482422,86176
2026-08-09T06:25,46.04999923706055,46.08000183105469,46.040000915527344,46.06999969482422,90600
2026-08-09T06:30,46.06999969482422,46.08000183105469,46.04999923706055,46.06999969482422,0
2026-08-09T06:35,46.06999969482422,46.06999969482422,46.0,46.060001373291016,326264
2026-08-09T06:40,46.02000045776367,46.04999923706055,46.02000045776367,46.04999923706055,416168
2026-08-09T06:45,46.04999923706055,46.06999969482422,46.040000915527344,46.04999923706055,0
2026-08-09T06:50,46.060001373291016,46.06999969482422,46.040000915527344,46.060001373291016,56880
2026-08-09T06:55,46.06999969482422,46.06999969482422,46.040000915527344,46.060001373291016,19872
2026-08-09T07:00,46.060001373291016,46.060001373291016,46.0099983215332,46.040000915527344,26528
2026-08-09T07:05,46.040000915527344,46.040000915527344,45.970001220703125,45.9900016784668,0
2026-08-09T07:10,45.959999084472656,46.029998779296875,45.91999816894531,45.97999954223633,81512
2026-08-09T07:15,45.9900016784668,45.9900016784668,45.95000076293945,45.95000076293945,62200
2026-08-09T07:20,45.95000076293945,45.9900016784668,45.95000076293945,45.9900016784668,520776
2026-08-09T07:25,45.9900016784668,46.04999923706055,45.9900016784668,46.04999923706055,82584
2026-08-09T07:30,46.060001373291016,46.06999969482422,46.040000915527344,46.040000915527344,431896
2026-08-09T07:35,46.040000915527344,46.06999969482422,46.029998779296875,46.04999923706055,75464
2026-08-09T07:40,46.04999923706055,46.11000061035156,46.040000915527344,46.11000061035156,75336
2026-08-09T07:45,46.099998474121094,46.119998931884766,46.08000183105469,46.11000061035156,60136
2026-08-09T07:50,46.11000061035156,46.13999938964844,46.11000061035156,46.13999938964844,35536
2026-08-09T07:55,46.13999938964844,46.18000030517578,46.119998931884766,46.150001525878906,483704
2026-08-09T08:00,46.150001525878906,46.15999984741211,46.11000061035156,46.150001525878906,796016
2026-08-09T08:05,46.15999984741211,46.15999984741211,46.119998931884766,46.15999984741211,0
2026-08-09T08:10,46.15999984741211,46.15999984741211,46.130001068115234,46.15999984741211,504600
2026-08-09T08:15,46.15999984741211,46.189998626708984,46.15999984741211,46.16999816894531,38680
2026-08-09T08:20,46.209999084472656,46.209999084472656,46.13999938964844,46.15999984741211,308624
2026-08-09T08:25,46.16999816894531,46.310001373291016,46.150001525878906,46.2599983215332,218400
2026-08-09T08:30,46.27000045776367,46.279998779296875,46.2400016784668,46.2400016784668,714496
2026-08-09T08:35,46.2400016784668,46.2400016784668,46.130001068115234,46.130001068115234,243352
2026-08-09T08:40,46.119998931884766,46.119998931884766,46.08000183105469,46.09000015258789,244200
2026-08-09T08:45,46.08000183105469,46.15999984741211,46.08000183105469,46.13999938964844,0
2026-08-09T08:50,46.13999938964844,46.189998626708984,46.130001068115234,46.189998626708984,5728
2026-08-09T08:55,46.189998626708984,46.25,46.189998626708984,46.22999954223633,337752
2026-08-09T09:00,46.22999954223633,46.279998779296875,46.220001220703125,46.2400016784668,0
2026-08-09T09:05,46.2400016784668,46.279998779296875,46.209999084472656,46.2599983215332,104392
2026-08-09T09:10,46.279998779296875,46.279998779296875,46.220001220703125,46.25,202424
2026-08-09T09:15,46.2400016784668,46.2400016784668,46.209999084472656,46.209999084472656,54856
2026-08-09T09:20,46.20000076293945,46.220001220703125,46.189998626708984,46.20000076293945,27880
2026-08-09T09:25,46.20000076293945,46.20000076293945,46.13999938964844,46.15999984741211,0
2026-08-09T09:30,46.15999984741211,46.209999084472656,46.15999984741211,46.189998626708984,22720
2026-08-09T09:35,46.18000030517578,46.22999954223633,46.18000030517578,46.220001220703125,0
2026-08-09T09:40,46.220001220703125,46.220001220703125,46.189998626708984,46.220001220703125,88176
2026-08-09T09:45,46.220001220703125,46.220001220703125,46.130001068115234,46.13999938964844,86984
2026-08-09T09:50,46.130001068115234,46.18000030517578,46.119998931884766,46.18000030517578,699768
2026-08-09T09:55,46.18000030517578,46.20000076293945,46.150001525878906,46.20000076293945,0
2026-08-09T10:00,46.189998626708984,46.189998626708984,46.150001525878906,46.16999816894531,0
2026-08-09T10:05,46.16999816894531,46.16999816894531,46.099998474121094,46.11000061035156,0
2026-08-09T10:10,46.130001068115234,46.13999938964844,46.11000061035156,46.13999938964844,122008
2026-08-09T10:15,46.130001068115234,46.16999816894531,46.099998474121094,46.099998474121094,0
2026-08-09T10:20,46.11000061035156,46.13999938964844,46.099998474121094,46.13999938964844,0
2026-08-09T10:25,46.13999938964844,46.13999938964844,46.099998474121094,46.119998931884766,0
2026-08-09T10:30,46.130001068115234,46.13999938964844,46.11000061035156,46.13999938964844,116304
2026-08-09T10:35,46.13999938964844,46.13999938964844,46.09000015258789,46.09000015258789,0
2026-08-09T10:40,46.099998474121094,46.099998474121094,46.08000183105469,46.08000183105469,0
2026-08-09T10:45,46.06999969482422,46.130001068115234,46.06999969482422,46.11000061035156,104464
2026-08-09T10:50,46.119998931884766,46.119998931884766,46.029998779296875,46.04999923706055,0
2026-08-09T10:55,46.060001373291016,46.099998474121094,46.029998779296875,46.09000015258789,102576
2026-08-09T11:00,46.09000015258789,46.11000061035156,46.06999969482422,46.11000061035156,7040
2026-08-09T11:05,46.099998474121094,46.130001068115234,46.099998474121094,46.119998931884766,0
2026-08-09T11:10,46.119998931884766,46.130001068115234,46.11000061035156,46.130001068115234,0
2026-08-09T11:15,46.13999938964844,46.150001525878906,46.130001068115234,46.130001068115234,0
2026-08-09T11:20,46.150001525878906,46.15999984741211,46.150001525878906,46.15999984741211,0
2026-08-09T11:25,46.15999984741211,46.18000030517578,46.13999938964844,46.15999984741211,111064
2026-08-09T11:30,46.150001525878906,46.189998626708984,46.150001525878906,46.189998626708984,0
2026-08-09T11:35,46.16999816894531,46.220001220703125,46.16999816894531,46.18000030517578,0
2026-08-09T11:40,46.20000076293945,46.220001220703125,46.189998626708984,46.220001220703125,77528
2026-08-09T11:45,46.220001220703125,46.25,46.220001220703125,46.2400016784668,96944
2026-08-09T11:50,46.25,46.25,46.220001220703125,46.220001220703125,88168
2026-08-09T11:55,46.209999084472656,46.290000915527344,46.209999084472656,46.2400016784668,0
2026-08-09T12:00,46.22999954223633,46.2400016784668,46.20000076293945,46.209999084472656,0
2026-08-09T12:05,46.20000076293945,46.29999923706055,46.20000076293945,46.279998779296875,199808
2026-08-09T12:10,46.279998779296875,46.279998779296875,46.209999084472656,46.22999954223633,92304
2026-08-09T12:15,46.2400016784668,46.25,46.220001220703125,46.22999954223633,404592
2026-08-09T12:20,46.209999084472656,46.22999954223633,46.20000076293945,46.220001220703125,158688
2026-08-09T12:25,46.220001220703125,46.22999954223633,46.209999084472656,46.220001220703125,14152
2026-08-09T12:30,46.220001220703125,46.220001220703125,46.15999984741211,46.15999984741211,0
2026-08-09T12:35,46.18000030517578,46.20000076293945,46.150001525878906,46.189998626708984,127736
2026-08-09T12:40,46.16999816894531,46.20000076293945,46.15999984741211,46.16999816894531,57336
2026-08-09T12:45,46.16999816894531,46.16999816894531,46.13999938964844,46.15999984741211,294736
2026-08-09T12:50,46.15999984741211,46.18000030517578,46.150001525878906,46.150001525878906,0
2026-08-09T12:55,46.15999984741211,46.16999816894531,46.130001068115234,46.15999984741211,0
2026-08-09T13:00,46.15999984741211,46.209999084472656,46.150001525878906,46.18000030517578,0
2026-08-09T13:05,46.16999816894531,46.22999954223633,46.16999816894531,46.220001220703125,0
2026-08-09T13:10,46.220001220703125,46.22999954223633,46.189998626708984,46.220001220703125,138496
2026-08-09T13:15,46.220001220703125,46.2400016784668,46.209999084472656,46.22999954223633,56968
2026-08-09T13:20,46.22999954223633,46.22999954223633,46.209999084472656,46.220001220703125,139408
2026-08-09T13:25,46.220001220703125,46.2599983215332,46.20000076293945,46.2400016784668,72944
2026-08-09T13:30,46.2400016784668,46.25,46.20000076293945,46.20000076293945,0
2026-08-09T13:35,46.220001220703125,46.2400016784668,46.20000076293945,46.2400016784668,250664
2026-08-09T13:40,46.2400016784668,46.279998779296875,46.2400016784668,46.279998779296875,0
2026-08-09T13:45,46.279998779296875,46.290000915527344,46.2400016784668,46.290000915527344,86720
2026-08-09T13:50,46.29999923706055,46.349998474121094,46.2599983215332,46.310001373291016,128304
2026-08-09T13:55,46.310001373291016,46.33000183105469,46.290000915527344,46.33000183105469,661672
2026-08-09T14:00,46.33000183105469,46.34000015258789,46.279998779296875,46.33000183105469,125896
2026-08-09T14:05,46.34000015258789,46.34000015258789,46.29999923706055,46.33000183105469,372520
2026-08-09T14:10,46.31999969482422,46.43000030517578,46.31999969482422,46.40999984741211,249168
2026-08-09T14:15,46.400001525878906,46.43000030517578,46.34000015258789,46.36000061035156,496480
2026-08-09T14:20,46.36000061035156,46.369998931884766,46.29999923706055,46.310001373291016,592000
2026-08-09T14:25,46.29999923706055,46.34000015258789,46.29999923706055,46.33000183105469,0
2026-08-09T14:30,46.33000183105469,46.34000015258789,46.27000045776367,46.290000915527344,0
2026-08-09T14:35,46.29999923706055,46.31999969482422,46.290000915527344,46.310001373291016,0
2026-08-09T14:40,46.29999923706055,46.310001373291016,46.279998779296875,46.290000915527344,0
2026-08-09T14:45,46.290000915527344,46.29999923706055,46.279998779296875,46.29999923706055,195528
2026-08-09T14:50,46.31999969482422,46.400001525878906,46.31999969482422,46.400001525878906,0
2026-08-09T14:55,46.38999938964844,46.400001525878906,46.369998931884766,46.369998931884766,0
2026-08-09T15:00,46.380001068115234,46.439998626708984,46.34000015258789,46.439998626708984,0
2026-08-09T15:05,46.45000076293945,46.45000076293945,46.40999984741211,46.40999984741211,11912
2026-08-09T15:10,46.40999984741211,46.40999984741211,46.349998474121094,46.369998931884766,116704
2026-08-09T15:15,46.369998931884766,46.38999938964844,46.34000015258789,46.349998474121094,466616
2026-08-09T15:20,46.33000183105469,46.34000015258789,46.29999923706055,46.310001373291016,99720
2026-08-09T15:25,46.310001373291016,46.369998931884766,46.310001373291016,46.349998474121094,0
2026-08-09T15:30,46.34000015258789,46.43000030517578,46.34000015258789,46.43000030517578,314512
2026-08-09T15:35,46.41999816894531,46.439998626708984,46.400001525878906,46.439998626708984,43920
2026-08-09T15:40,46.439998626708984,46.439998626708984,46.40999984741211,46.43000030517578,0
2026-08-09T15:45,46.40999984741211,46.459999084472656,46.38999938964844,46.459999084472656,0
2026-08-09T15:50,46.459999084472656,46.459999084472656,46.41999816894531,46.41999816894531,403448
2026-08-09T15:55,46.41999816894531,46.439998626708984,46.400001525878906,46.40999984741211,52160
2026-08-09T16:00,46.40999984741211,46.43000030517578,46.369998931884766,46.400001525878906,0
2026-08-09T16:05,46.380001068115234,46.40999984741211,46.349998474121094,46.369998931884766,0
2026-08-09T16:10,46.369998931884766,46.40999984741211,46.349998474121094,46.38999938964844,47600
2026-08-09T16:15,46.40999984741211,46.43000030517578,46.36000061035156,46.400001525878906,400072
2026-08-09T16:20,46.38999938964844,46.400001525878906,46.36000061035156,46.380001068115234,355096
2026-08-09T16:25,46.380001068115234,46.400001525878906,46.34000015258789,46.369998931884766,0
2026-08-09T16:30,46.36000061035156,46.369998931884766,46.349998474121094,46.369998931884766,249448
2026-08-09T16:35,46.369998931884766,46.400001525878906,46.36000061035156,46.380001068115234,0
2026-08-09T16:40,46.369998931884766,46.400001525878906,46.369998931884766,46.38999938964844,0
2026-08-09T16:45,46.38999938964844,46.400001525878906,46.34000015258789,46.34000015258789,0
2026-08-09T16:50,46.31999969482422,46.31999969482422,46.209999084472656,46.279998779296875,0
2026-08-09T16:55,46.279998779296875,46.290000915527344,46.22999954223633,46.279998779296875,234024
2026-08-09T17:00,46.279998779296875,46.290000915527344,46.2400016784668,46.290000915527344,0
2026-08-09T17:05,46.290000915527344,46.29999923706055,46.2400016784668,46.2400016784668,185864
2026-08-09T17:10,46.2599983215332,46.2599983215332,46.18000030517578,46.189998626708984,105528
2026-08-09T17:15,46.20000076293945,46.2400016784668,46.18000030517578,46.220001220703125,530736
2026-08-09T17:20,46.22999954223633,46.2400016784668,46.220001220703125,46.2400016784668,197920
2026-08-09T17:25,46.2400016784668,46.2400016784668,46.209999084472656,46.220001220703125,69992
2026-08-09T17:30,46.20000076293945,46.220001220703125,46.150001525878906,46.15999984741211,151152
2026-08-09T17:35,46.15999984741211,46.20000076293945,46.15999984741211,46.16999816894531,240520
2026-08-09T17:40,46.18000030517578,46.18000030517578,46.150001525878906,46.18000030517578,178632
2026-08-09T17:45,46.18000030517578,46.189998626708984,46.13999938964844,46.189998626708984,48600
2026-08-09T17:50,46.189998626708984,46.20000076293945,46.16999816894531,46.16999816894531,0
2026-08-09T17:55,46.150001525878906,46.18000030517578,46.13999938964844,46.18000030517578,0
2026-08-09T18:00,46.18000030517578,46.20000076293945,46.150001525878906,46.16999816894531,0
2026-08-09T18:05,46.15999984741211,46.209999084472656,46.150001525878906,46.209999084472656,0
2026-08-09T18:10,46.209999084472656,46.209999084472656,46.18000030517578,46.209999084472656,0
2026-08-09T18:15,46.189998626708984,46.209999084472656,46.16999816894531,46.20000076293945,0
2026-08-09T18:20,46.20000076293945,46.209999084472656,46.16999816894531,46.18000030517578,0
2026-08-09T18:25,46.18000030517578,46.209999084472656,46.16999816894531,46.209999084472656,35016
2026-08-09T18:30,46.209999084472656,46.22999954223633,46.209999084472656,46.220001220703125,0
2026-08-09T18:35,46.220001220703125,46.22999954223633,46.189998626708984,46.189998626708984,0
2026-08-09T18:40,46.189998626708984,46.189998626708984,46.15999984741211,46.16999816894531,0
2026-08-09T18:45,46.15999984741211,46.16999816894531,46.150001525878906,46.16999816894531,0
2026-08-09T18:50,46.16999816894531,46.20000076293945,46.15999984741211,46.189998626708984,0
2026-08-09T18:55,46.20000076293945,46.20000076293945,46.16999816894531,46.20000076293945,0
2026-08-09T19:00,46.189998626708984,46.209999084472656,46.18000030517578,46.20000076293945,0
2026-08-09T19:05,46.20000076293945,46.209999084472656,46.15999984741211,46.16999816894531,0
2026-08-09T19:10,46.16999816894531,46.189998626708984,46.130001068115234,46.18000030517578,0
2026-08-09T19:15,46.18000030517578,46.189998626708984,46.13999938964844,46.18000030517578,301904
2026-08-09T19:20,46.18000030517578,46.189998626708984,46.150001525878906,46.15999984741211,40904
2026-08-09T19:25,46.150001525878906,46.16999816894531,46.119998931884766,46.15999984741211,79856
2026-08-09T19:30,46.15999984741211,46.16999816894531,46.150001525878906,46.16999816894531,359816
2026-08-09T19:35,46.16999816894531,46.16999816894531,46.130001068115234,46.150001525878906,0
2026-08-09T19:40,46.150001525878906,46.150001525878906,46.11000061035156,46.11000061035156,282976
2026-08-09T19:45,46.11000061035156,46.130001068115234,46.099998474121094,46.130001068115234,76040
2026-08-09T19:50,46.130001068115234,46.130001068115234,46.11000061035156,46.11000061035156,0
2026-08-09T19:55,46.119998931884766,46.130001068115234,46.09000015258789,46.119998931884766,66136
2026-08-09T20:00,46.119998931884766,46.119998931884766,46.09000015258789,46.09000015258789,0
2026-08-09T20:05,46.09000015258789,46.119998931884766,46.09000015258789,46.11000061035156,0
2026-08-09T20:10,46.11000061035156,46.11000061035156,46.060001373291016,46.08000183105469,0
2026-08-09T20:15,46.08000183105469,46.119998931884766,46.060001373291016,46.11000061035156,31064
2026-08-09T20:20,46.11000061035156,46.130001068115234,46.099998474121094,46.11000061035156,12912
2026-08-09T20:25,46.119998931884766,46.130001068115234,46.099998474121094,46.099998474121094,0
2026-08-09T20:30,46.119998931884766,46.119998931884766,46.08000183105469,46.099998474121094,0
2026-08-09T20:35,46.099998474121094,46.099998474121094,46.04999923706055,46.060001373291016,287424
2026-08-09T20:40,46.060001373291016,46.08000183105469,46.04999923706055,46.060001373291016,0
2026-08-09T20:45,46.06999969482422,46.06999969482422,46.0,46.029998779296875,0
2026-08-09T20:50,46.029998779296875,46.06999969482422,46.02000045776367,46.04999923706055,0
2026-08-09T20:55,46.06999969482422,46.09000015258789,46.04999923706055,46.06999969482422,85136
2026-08-09T21:00,46.060001373291016,46.06999969482422,46.040000915527344,46.060001373291016,0
2026-08-09T21:05,46.060001373291016,46.099998474121094,46.0099983215332,46.02000045776367,134016
2026-08-09T21:10,46.02000045776367,46.029998779296875,45.9900016784668,46.029998779296875,560416
2026-08-09T21:15,46.0099983215332,46.029998779296875,45.939998626708984,45.9900016784668,0
2026-08-09T21:20,45.9900016784668,46.029998779296875,45.97999954223633,46.029998779296875,378560
2026-08-09T21:25,46.02000045776367,46.029998779296875,45.9900016784668,46.02000045776367,375184
2026-08-09T21:30,46.02000045776367,46.029998779296875,46.0,46.02000045776367,0
2026-08-09T21:35,46.02000045776367,46.08000183105469,46.02000045776367,46.04999923706055,310264
2026-08-09T21:40,46.04999923706055,46.060001373291016,46.0,46.040000915527344,145504
2026-08-09T21:45,46.060001373291016,46.06999969482422,46.040000915527344,46.06999969482422,40192
2026-08-09T21:50,46.06999969482422,46.06999969482422,46.040000915527344,46.06999969482422,136888
2026-08-09T21:55,46.06999969482422,46.08000183105469,46.029998779296875,46.06999969482422,0
2026-08-09T22:00,46.09000015258789,46.09000015258789,46.029998779296875,46.060001373291016,0
2026-08-09T22:05,46.060001373291016,46.060001373291016,46.040000915527344,46.060001373291016,0
2026-08-09T22:10,46.060001373291016,46.18000030517578,46.029998779296875,46.119998931884766,6464
2026-08-09T22:15,46.130001068115234,46.130001068115234,46.08000183105469,46.11000061035156,247320
2026-08-09T22:20,46.11000061035156,46.11000061035156,46.040000915527344,46.04999923706055,187576
2026-08-09T22:25,46.04999923706055,46.060001373291016,46.0,46.0099983215332,123424
2026-08-09T22:30,46.0099983215332,46.029998779296875,45.91999816894531,45.93000030517578,0
2026-08-09T22:35,45.93000030517578,45.93000030517578,45.689998626708984,45.70000076293945,0
2026-08-09T22:40,45.68000030517578,45.72999954223633,45.650001525878906,45.720001220703125,1014600
2026-08-09T22:45,45.709999084472656,45.709999084472656,45.630001068115234,45.65999984741211,496248
2026-08-09T22:50,45.65999984741211,45.68000030517578,45.56999969482422,45.650001525878906,208776
2026-08-09T22:55,45.650001525878906,45.66999816894531,45.61000061035156,45.63999938964844,323024
2026-08-09T23:00,45.61000061035156,45.630001068115234,45.59000015258789,45.619998931884766,0
2026-08-09T23:05,45.630001068115234,45.630001068115234,45.56999969482422,45.58000183105469,0
2026-08-09T23:10,45.58000183105469,45.619998931884766,45.58000183105469,45.58000183105469,140816
2026-08-09T23:15,45.59000015258789,45.599998474121094,45.560001373291016,45.58000183105469,108728
2026-08-09T23:20,45.599998474121094,45.599998474121094,45.5099983215332,45.560001373291016,0
2026-08-09T23:25,45.54999923706055,45.58000183105469,45.47999954223633,45.5099983215332,507400
2026-08-09T23:30,45.5,45.5,45.38999938964844,45.40999984741211,255320
2026-08-09T23:35,45.400001525878906,45.5099983215332,45.38999938964844,45.45000076293945,143232
2026-08-09T23:40,45.439998626708984,45.459999084472656,45.41999816894531,45.45000076293945,271088
2026-08-09T23:45,45.45000076293945,45.470001220703125,45.41999816894531,45.45000076293945,118048
2026-08-09T23:50,45.45000076293945,45.45000076293945,45.400001525878906,45.41999816894531,0
2026-08-09T23:55,45.40999984741211,45.43000030517578,45.36000061035156,45.40999984741211,90816
2026-08-10T00:00,45.369998931884766,45.40999984741211,45.34000015258789,45.380001068115234,0
2026-08-10T00:05,45.38999938964844,45.40999984741211,45.290000915527344,45.380001068115234,136400
2026-08-10T00:10,45.369998931884766,45.560001373291016,45.29999923706055,45.5099983215332,1225728
2026-08-10T00:15,45.5,45.5099983215332,45.45000076293945,45.45000076293945,292584
2026-08-10T00:20,45.470001220703125,45.470001220703125,45.349998474121094,45.36000061035156,193112
2026-08-10T00:25,45.369998931884766,45.43000030517578,45.33000183105469,45.43000030517578,305424
2026-08-10T00:30,45.41999816894531,45.47999954223633,45.38999938964844,45.470001220703125,970128
2026-08-10T00:35,45.470001220703125,45.47999954223633,45.400001525878906,45.439998626708984,285992
2026-08-10T00:40,45.43000030517578,45.470001220703125,45.38999938964844,45.38999938964844,186496
2026-08-10T00:45,45.38999938964844,45.52000045776367,45.380001068115234,45.52000045776367,309152
2026-08-10T00:50,45.5,45.560001373291016,45.5,45.540000915527344,221112
2026-08-10T00:55,45.54999923706055,45.54999923706055,45.47999954223633,45.4900016784668,0
2026-08-10T01:00,45.459999084472656,45.54999923706055,45.459999084472656,45.4900016784668,0
2026-08-10T01:05,45.4900016784668,45.5,45.43000030517578,45.470001220703125,0
2026-08-10T01:10,45.470001220703125,45.52000045776367,45.45000076293945,45.52000045776367,0
2026-08-10T01:15,45.5099983215332,45.56999969482422,45.5099983215332,45.560001373291016,101200
2026-08-10T01:20,45.54999923706055,45.61000061035156,45.540000915527344,45.61000061035156,236608
2026-08-10T01:25,45.61000061035156,45.61000061035156,45.54999923706055,45.54999923706055,0
2026-08-10T01:30,45.54999923706055,45.560001373291016,45.52000045776367,45.540000915527344,0
2026-08-10T01:35,45.540000915527344,45.58000183105469,45.5,45.56999969482422,0
2026-08-10T01:40,45.56999969482422,45.56999969482422,45.529998779296875,45.560001373291016,216
2026-08-10T01:45,45.560001373291016,45.709999084472656,45.5099983215332,45.70000076293945,203488
2026-08-10T01:50,45.689998626708984,45.72999954223633,45.63999938964844,45.650001525878906,134464
2026-08-10T01:55,45.650001525878906,45.650001525878906,45.59000015258789,45.61000061035156,222264
2026-08-10T02:00,45.61000061035156,45.61000061035156,45.540000915527344,45.56999969482422,0
2026-08-10T02:05,45.56999969482422,45.59000015258789,45.540000915527344,45.560001373291016,0
2026-08-10T02:10,45.560001373291016,45.58000183105469,45.5,45.52000045776367,92424
2026-08-10T02:15,45.52000045776367,45.52000045776367,45.400001525878906,45.40999984741211,0
2026-08-10T02:20,45.400001525878906,45.45000076293945,45.400001525878906,45.41999816894531,0
2026-08-10T02:25,45.40999984741211,45.41999816894531,45.29999923706055,45.31999969482422,134456
2026-08-10T02:30,45.31999969482422,45.349998474121094,45.29999923706055,45.33000183105469,391896
2026-08-10T02:35,45.33000183105469,45.369998931884766,45.29999923706055,45.369998931884766,321416
2026-08-10T02:40,45.400001525878906,45.5099983215332,45.380001068115234,45.5,256736
2026-08-10T02:45,45.5,45.5,45.45000076293945,45.47999954223633,308216
2026-08-10T02:50,45.47999954223633,45.5099983215332,45.470001220703125,45.470001220703125,286528
2026-08-10T02:55,45.470001220703125,45.47999954223633,45.41999816894531,45.47999954223633,98256
2026-08-10T03:00,45.47999954223633,45.4900016784668,45.41999816894531,45.43000030517578,0
2026-08-10T03:05,45.41999816894531,45.439998626708984,45.380001068115234,45.41999816894531,60000
2026-08-10T03:10,45.41999816894531,45.43000030517578,45.31999969482422,45.34000015258789,0
2026-08-10T03:15,45.31999969482422,45.40999984741211,45.29999923706055,45.400001525878906,113752
2026-08-10T03:20,45.400001525878906,45.43000030517578,45.369998931884766,45.400001525878906,416272
2026-08-10T03:25,45.40999984741211,45.43000030517578,45.349998474121094,45.349998474121094,17376
2026-08-10T03:30,45.36000061035156,45.38999938964844,45.349998474121094,45.36000061035156,231144
2026-08-10T03:35,45.369998931884766,45.40999984741211,45.369998931884766,45.380001068115234,265080
2026-08-10T03:40,45.369998931884766,45.40999984741211,45.349998474121094,45.369998931884766,1440
2026-08-10T03:45,45.369998931884766,45.380001068115234,45.349998474121094,45.369998931884766,89568
2026-08-10T03:50,45.36000061035156,45.36000061035156,45.310001373291016,45.31999969482422,81888
2026-08-10T03:55,45.310001373291016,45.31999969482422,45.27000045776367,45.310001373291016,135744
2026-08-10T04:00,45.29999923706055,45.36000061035156,45.290000915527344,45.34000015258789,0
2026-08-10T04:05,45.34000015258789,45.36000061035156,45.31999969482422,45.36000061035156,0
2026-08-10T04:10,45.34000015258789,45.380001068115234,45.33000183105469,45.380001068115234,79256
2026-08-10T04:15,45.380001068115234,45.400001525878906,45.369998931884766,45.38999938964844,0
2026-08-10T04:20,45.38999938964844,45.400001525878906,45.34000015258789,45.34000015258789,0
2026-08-10T04:25,45.349998474121094,45.369998931884766,45.290000915527344,45.290000915527344,0
2026-08-10T04:30,45.290000915527344,45.33000183105469,45.279998779296875,45.29999923706055,38616
2026-08-10T04:35,45.29999923706055,45.31999969482422,45.290000915527344,45.29999923706055,0
2026-08-10T04:40,45.29999923706055,45.29999923706055,45.18000030517578,45.27000045776367,161744
2026-08-10T04:45,45.27000045776367,45.36000061035156,45.27000045776367,45.29999923706055,960512
2026-08-10T04:50,45.29999923706055,45.31999969482422,45.25,45.27000045776367,149872
2026-08-10T04:55,45.27000045776367,45.279998779296875,45.25,45.27000045776367,287936
2026-08-10T05:00,45.27000045776367,45.34000015258789,45.2599983215332,45.33000183105469,0
2026-08-10T05:05,45.31999969482422,45.36000061035156,45.310001373291016,45.34000015258789,57144
2026-08-10T05:10,45.36000061035156,45.36000061035156,45.31999969482422,45.33000183105469,0
2026-08-10T05:15,45.34000015258789,45.369998931884766,45.33000183105469,45.34000015258789,0
2026-08-10T05:20,45.34000015258789,45.400001525878906,45.33000183105469,45.400001525878906,6736
2026-08-10T05:25,45.369998931884766,45.400001525878906,45.36000061035156,45.400001525878906,10000
2026-08-10T05:30,45.380001068115234,45.400001525878906,45.36000061035156,45.400001525878906,100144
2026-08-10T05:35,45.400001525878906,45.439998626708984,45.38999938964844,45.41999816894531,0
2026-08-10T05:40,45.40999984741211,45.43000030517578,45.36000061035156,45.43000030517578,0
2026-08-10T05:45,45.43000030517578,45.459999084472656,45.40999984741211,45.439998626708984,0
2026-08-10T05:50,45.43000030517578,45.470001220703125,45.43000030517578,45.470001220703125,101800
2026-08-10T05:55,45.47999954223633,45.47999954223633,45.41999816894531,45.43000030517578,116168
2026-08-10T06:00,45.45000076293945,45.4900016784668,45.439998626708984,45.47999954223633,0
2026-08-10T06:05,45.470001220703125,45.529998779296875,45.459999084472656,45.470001220703125,186872
2026-08-10T06:10,45.470001220703125,45.470001220703125,45.400001525878906,45.439998626708984,56104
2026-08-10T06:15,45.439998626708984,45.47999954223633,45.40999984741211,45.470001220703125,0
2026-08-10T06:20,45.470001220703125,45.470001220703125,45.40999984741211,45.439998626708984,179232
2026-08-10T06:25,45.41999816894531,45.439998626708984,45.400001525878906,45.41999816894531,0
2026-08-10T06:30,45.41999816894531,45.470001220703125,45.41999816894531,45.45000076293945,0
2026-08-10T06:35,45.45000076293945,45.47999954223633,45.45000076293945,45.47999954223633,12328
2026-08-10T06:40,45.459999084472656,45.52000045776367,45.43000030517578,45.52000045776367,0
2026-08-10T06:45,45.5099983215332,45.540000915527344,45.47999954223633,45.529998779296875,141680
2026-08-10T06:50,45.5099983215332,45.540000915527344,45.47999954223633,45.5099983215332,153248
2026-08-10T06:55,45.5099983215332,45.529998779296875,45.470001220703125,45.529998779296875,50640
2026-08-10T07:00,45.52000045776367,45.52000045776367,45.4900016784668,45.5,211016
2026-08-10T07:05,45.5099983215332,45.5099983215332,45.45000076293945,45.47999954223633,0
2026-08-10T07:10,45.47999954223633,45.47999954223633,45.45000076293945,45.459999084472656,0
2026-08-10T07:15,45.45000076293945,45.4900016784668,45.439998626708984,45.4900016784668,0
2026-08-10T07:20,45.5,45.529998779296875,45.47999954223633,45.529998779296875,0
2026-08-10T07:25,45.529998779296875,45.540000915527344,45.5,45.540000915527344,0
2026-08-10T07:30,45.52000045776367,45.54999923706055,45.52000045776367,45.52000045776367,0
2026-08-10T07:35,45.540000915527344,45.560001373291016,45.52000045776367,45.540000915527344,37496
2026-08-10T07:40,45.540000915527344,45.54999923706055,45.52000045776367,45.54999923706055,0
2026-08-10T07:45,45.540000915527344,45.540000915527344,45.5099983215332,45.52000045776367,0
2026-08-10T07:50,45.52000045776367,45.54999923706055,45.5099983215332,45.52000045776367,422160
2026-08-10T07:55,45.52000045776367,45.54999923706055,45.5099983215332,45.529998779296875,0
2026-08-10T08:00,45.529998779296875,45.54999923706055,45.52000045776367,45.540000915527344,0
2026-08-10T08:05,45.540000915527344,45.540000915527344,45.4900016784668,45.5,0
2026-08-10T08:10,45.5,45.529998779296875,45.4900016784668,45.5,0
2026-08-10T08:15,45.5099983215332,45.52000045776367,45.470001220703125,45.52000045776367,0
2026-08-10T08:20,45.52000045776367,45.529998779296875,45.4900016784668,45.4900016784668,0
2026-08-10T08:25,45.5099983215332,45.52000045776367,45.45000076293945,45.45000076293945,0
2026-08-10T08:30,45.41999816894531,45.47999954223633,45.41999816894531,45.470001220703125,0
2026-08-10T08:35,45.47999954223633,45.47999954223633,45.45000076293945,45.45000076293945,0
2026-08-10T08:40,45.459999084472656,45.47999954223633,45.38999938964844,45.41999816894531,0
2026-08-10T08:45,45.41999816894531,45.439998626708984,45.400001525878906,45.40999984741211,446664
2026-08-10T08:50,45.40999984741211,45.40999984741211,45.34000015258789,45.38999938964844,438392
2026-08-10T08:55,45.38999938964844,45.40999984741211,45.369998931884766,45.40999984741211,109120
2026-08-10T09:00,45.40999984741211,45.43000030517578,45.36000061035156,45.40999984741211,0
2026-08-10T09:05,45.38999938964844,45.40999984741211,45.38999938964844,45.400001525878906,588096
2026-08-10T09:10,45.400001525878906,45.43000030517578,45.380001068115234,45.43000030517578,78080
2026-08-10T09:15,45.43000030517578,45.43000030517578,45.40999984741211,45.40999984741211,13184
2026-08-10T09:20,45.40999984741211,45.439998626708984,45.380001068115234,45.43000030517578,0
2026-08-10T09:25,45.43000030517578,45.43000030517578,45.40999984741211,45.43000030517578,88656
2026-08-10T09:30,45.41999816894531,45.41999816894531,45.369998931884766,45.40999984741211,51896
2026-08-10T09:35,45.40999984741211,45.439998626708984,45.38999938964844,45.439998626708984,238224
2026-08-10T09:40,45.43000030517578,45.470001220703125,45.43000030517578,45.470001220703125,536872
2026-08-10T09:45,45.47999954223633,45.4900016784668,45.41999816894531,45.45000076293945,620568
2026-08-10T09:50,45.45000076293945,45.470001220703125,45.40999984741211,45.41999816894531,0
2026-08-10T09:55,45.41999816894531,45.45000076293945,45.41999816894531,45.43000030517578,256112
2026-08-10T10:00,45.43000030517578,45.459999084472656,45.400001525878906,45.45000076293945,155728
2026-08-10T10:05,45.45000076293945,45.459999084472656,45.40999984741211,45.41999816894531,0
2026-08-10T10:10,45.41999816894531,45.43000030517578,45.40999984741211,45.43000030517578,140744
2026-08-10T10:15,45.43000030517578,45.470001220703125,45.41999816894531,45.45000076293945,0
2026-08-10T10:20,45.45000076293945,45.52000045776367,45.43000030517578,45.52000045776367,231344
2026-08-10T10:25,45.52000045776367,45.529998779296875,45.47999954223633,45.4900016784668,236504
2026-08-10T10:30,45.4900016784668,45.5099983215332,45.470001220703125,45.5,179184
2026-08-10T10:35,45.5,45.5,45.459999084472656,45.470001220703125,50720
2026-08-10T10:40,45.470001220703125,45.5,45.45000076293945,45.470001220703125,384704
2026-08-10T10:45,45.47999954223633,45.5099983215332,45.45000076293945,45.45000076293945,167880
2026-08-10T10:50,45.45000076293945,45.470001220703125,45.40999984741211,45.41999816894531,421320
2026-08-10T10:55,45.41999816894531,45.41999816894531,45.349998474121094,45.349998474121094,24328
2026-08-10T11:00,45.36000061035156,45.36000061035156,45.279998779296875,45.279998779296875,300528
2026-08-10T11:05,45.290000915527344,45.349998474121094,45.27000045776367,45.349998474121094,147208
2026-08-10T11:10,45.349998474121094,45.36000061035156,45.29999923706055,45.29999923706055,211136
2026-08-10T11:15,45.310001373291016,45.349998474121094,45.29999923706055,45.34000015258789,561000
2026-08-10T11:20,45.34000015258789,45.369998931884766,45.34000015258789,45.349998474121094,565448
2026-08-10T11:25,45.36000061035156,45.369998931884766,45.33000183105469,45.34000015258789,229496
2026-08-10T11:30,45.34000015258789,45.380001068115234,45.33000183105469,45.369998931884766,0
2026-08-10T11:35,45.369998931884766,45.369998931884766,45.34000015258789,45.369998931884766,469200
2026-08-10T11:40,45.369998931884766,45.380001068115234,45.310001373291016,45.33000183105469,170320
2026-08-10T11:45,45.31999969482422,45.349998474121094,45.290000915527344,45.310001373291016,1136144
2026-08-10T11:50,45.310001373291016,45.33000183105469,45.290000915527344,45.33000183105469,124096
2026-08-10T11:55,45.33000183105469,45.369998931884766,45.31999969482422,45.369998931884766,0
2026-08-10T12:00,45.36000061035156,45.38999938964844,45.33000183105469,45.349998474121094,0
2026-08-10T12:05,45.349998474121094,45.369998931884766,45.33000183105469,45.36000061035156,411344
2026-08-10T12:10,45.369998931884766,45.369998931884766,45.33000183105469,45.34000015258789,0
2026-08-10T12:15,45.34000015258789,45.40999984741211,45.31999969482422,45.38999938964844,27088
2026-08-10T12:20,45.38999938964844,45.439998626708984,45.38999938964844,45.43000030517578,98688
2026-08-10T12:25,45.439998626708984,45.459999084472656,45.400001525878906,45.400001525878906,172688
2026-08-10T12:30,45.38999938964844,45.40999984741211,45.380001068115234,45.38999938964844,593584
2026-08-10T12:35,45.380001068115234,45.40999984741211,45.369998931884766,45.40999984741211,153632
2026-08-10T12:40,45.400001525878906,45.459999084472656,45.36000061035156,45.459999084472656,8720
2026-08-10T12:45,45.45000076293945,45.459999084472656,45.400001525878906,45.400001525878906,29840
2026-08-10T12:50,45.40999984741211,45.41999816894531,45.36000061035156,45.41999816894531,46560
2026-08-10T12:55,45.41999816894531,45.41999816894531,45.36000061035156,45.369998931884766,151408
2026-08-10T13:00,45.36000061035156,45.41999816894531,45.36000061035156,45.41999816894531,0
2026-08-10T13:05,45.400001525878906,45.439998626708984,45.400001525878906,45.43000030517578,0
2026-08-10T13:10,45.41999816894531,45.45000076293945,45.40999984741211,45.43000030517578,67184
2026-08-10T13:15,45.43000030517578,45.470001220703125,45.38999938964844,45.459999084472656,420320
2026-08-10T13:20,45.439998626708984,45.47999954223633,45.41999816894531,45.47999954223633,423104
2026-08-10T13:25,45.470001220703125,45.4900016784668,45.45000076293945,45.470001220703125,250464
2026-08-10T13:30,45.459999084472656,45.4900016784668,45.369998931884766,45.369998931884766,65200
2026-08-10T13:35,45.369998931884766,45.470001220703125,45.34000015258789,45.369998931884766,74752
2026-08-10T13:40,45.369998931884766,45.38999938964844,45.29999923706055,45.31999969482422,582256
2026-08-10T13:45,45.31999969482422,45.31999969482422,45.220001220703125,45.25,315392
2026-08-10T13:50,45.2599983215332,45.34000015258789,45.25,45.279998779296875,364384
2026-08-10T13:55,45.290000915527344,45.33000183105469,45.209999084472656,45.31999969482422,0
2026-08-10T14:00,45.29999923706055,45.380001068115234,45.29999923706055,45.34000015258789,216640
2026-08-10T14:05,45.34000015258789,45.380001068115234,45.33000183105469,45.34000015258789,0
2026-08-10T14:10,45.34000015258789,45.38999938964844,45.29999923706055,45.380001068115234,0
2026-08-10T14:15,45.369998931884766,45.40999984741211,45.36000061035156,45.369998931884766,0
2026-08-10T14:20,45.36000061035156,45.369998931884766,45.33000183105469,45.34000015258789,0
2026-08-10T14:25,45.34000015258789,45.470001220703125,45.33000183105469,45.45000076293945,79536
2026-08-10T14:30,45.45000076293945,45.47999954223633,45.439998626708984,45.470001220703125,483712
2026-08-10T14:35,45.470001220703125,45.5099983215332,45.439998626708984,45.459999084472656,68352
2026-08-10T14:40,45.45000076293945,45.52000045776367,45.439998626708984,45.4900016784668,320992
2026-08-10T14:45,45.47999954223633,45.5,45.439998626708984,45.470001220703125,44208
2026-08-10T14:50,45.470001220703125,45.470001220703125,45.40999984741211,45.41999816894531,338928
2026-08-10T14:55,45.43000030517578,45.439998626708984,45.369998931884766,45.38999938964844,0
2026-08-10T15:00,45.380001068115234,45.400001525878906,45.34000015258789,45.380001068115234,0
2026-08-10T15:05,45.380001068115234,45.38999938964844,45.31999969482422,45.34000015258789,20656
2026-08-10T15:10,45.34000015258789,45.34000015258789,45.08000183105469,45.11000061035156,78800
2026-08-10T15:15,45.13999938964844,45.20000076293945,45.09000015258789,45.11000061035156,871552
2026-08-10T15:20,45.119998931884766,45.13999938964844,45.06999969482422,45.08000183105469,171856
2026-08-10T15:25,45.08000183105469,45.15999984741211,45.029998779296875,45.15999984741211,266448
2026-08-10T15:30,45.150001525878906,45.20000076293945,45.13999938964844,45.16999816894531,795808
2026-08-10T15:35,45.15999984741211,45.16999816894531,45.11000061035156,45.130001068115234,146528
2026-08-10T15:40,45.119998931884766,45.16999816894531,45.11000061035156,45.16999816894531,34752
2026-08-10T15:45,45.16999816894531,45.16999816894531,45.099998474121094,45.13999938964844,0
2026-08-10T15:50,45.130001068115234,45.18000030517578,45.11000061035156,45.119998931884766,95872
2026-08-10T15:55,45.119998931884766,45.20000076293945,45.099998474121094,45.20000076293945,0
2026-08-10T16:00,45.18000030517578,45.22999954223633,45.13999938964844,45.22999954223633,0
2026-08-10T16:05,45.22999954223633,45.25,45.189998626708984,45.20000076293945,179808
2026-08-10T16:10,45.189998626708984,45.189998626708984,45.08000183105469,45.08000183105469,146240
2026-08-10T16:15,45.099998474121094,45.13999938964844,45.08000183105469,45.099998474121094,0
2026-08-10T16:20,45.099998474121094,45.189998626708984,45.04999923706055,45.189998626708984,0
2026-08-10T16:25,45.189998626708984,45.22999954223633,45.18000030517578,45.209999084472656,300848
2026-08-10T16:30,45.220001220703125,45.2599983215332,45.189998626708984,45.209999084472656,343552
2026-08-10T16:35,45.20000076293945,45.279998779296875,45.20000076293945,45.279998779296875,661440
2026-08-10T16:40,45.290000915527344,45.290000915527344,45.189998626708984,45.220001220703125,360304
2026-08-10T16:45,45.20000076293945,45.20000076293945,45.099998474121094,45.099998474121094,0
2026-08-10T16:50,45.11000061035156,45.15999984741211,45.099998474121094,45.119998931884766,69232
2026-08-10T16:55,45.119998931884766,45.119998931884766,45.060001373291016,45.09000015258789,19968
2026-08-10T17:00,45.099998474121094,45.11000061035156,45.040000915527344,45.04999923706055,259328
2026-08-10T17:05,45.04999923706055,45.130001068115234,45.040000915527344,45.130001068115234,289712
2026-08-10T17:10,45.150001525878906,45.209999084472656,45.150001525878906,45.18000030517578,607488
2026-08-10T17:15,45.20000076293945,45.20000076293945,45.150001525878906,45.16999816894531,0
2026-08-10T17:20,45.16999816894531,45.220001220703125,45.15999984741211,45.220001220703125,51168
2026-08-10T17:25,45.209999084472656,45.2400016784668,45.189998626708984,45.189998626708984,412784
2026-08-10T17:30,45.189998626708984,45.25,45.189998626708984,45.220001220703125,87696
2026-08-10T17:35,45.22999954223633,45.22999954223633,45.189998626708984,45.20000076293945,0
2026-08-10T17:40,45.209999084472656,45.2599983215332,45.06999969482422,45.09000015258789,0
2026-08-10T17:45,45.08000183105469,45.08000183105469,45.029998779296875,45.06999969482422,590880
2026-08-10T17:50,45.06999969482422,45.06999969482422,45.02000045776367,45.02000045776367,283408
2026-08-10T17:55,45.02000045776367,45.040000915527344,45.0099983215332,45.040000915527344,329008
2026-08-10T18:00,45.02000045776367,45.040000915527344,44.9900016784668,45.02000045776367,0
2026-08-10T18:05,45.029998779296875,45.099998474121094,45.0099983215332,45.08000183105469,245584
2026-08-10T18:10,45.099998474121094,45.119998931884766,45.08000183105469,45.09000015258789,253008
2026-08-10T18:15,45.09000015258789,45.119998931884766,45.06999969482422,45.119998931884766,0
2026-08-10T18:20,45.119998931884766,45.150001525878906,45.11000061035156,45.150001525878906,216656
2026-08-10T18:25,45.150001525878906,45.150001525878906,45.099998474121094,45.119998931884766,138016
2026-08-10T18:30,45.119998931884766,45.13999938964844,45.09000015258789,45.099998474121094,256160
2026-08-10T18:35,45.099998474121094,45.099998474121094,45.0,45.02000045776367,271824
2026-08-10T18:40,45.029998779296875,45.029998779296875,45.0,45.0099983215332,757024
2026-08-10T18:45,45.0099983215332,45.02000045776367,44.959999084472656,45.0099983215332,325312
2026-08-10T18:50,45.0099983215332,45.02000045776367,44.97999954223633,45.0099983215332,461904
2026-08-10T18:55,45.0099983215332,45.04999923706055,45.0099983215332,45.029998779296875,303744
2026-08-10T19:00,45.029998779296875,45.040000915527344,45.0099983215332,45.0099983215332,0
2026-08-10T19:05,45.0,45.040000915527344,44.9900016784668,44.9900016784668,435760
2026-08-10T19:10,44.959999084472656,45.04999923706055,44.959999084472656,45.029998779296875,377216
2026-08-10T19:15,45.04999923706055,45.08000183105469,45.0099983215332,45.06999969482422,695232
2026-08-10T19:20,45.06999969482422,45.099998474121094,44.97999954223633,44.97999954223633,354848
2026-08-10T19:25,44.9900016784668,45.0,44.970001220703125,44.97999954223633,670944
2026-08-10T19:30,44.9900016784668,45.060001373291016,44.9900016784668,45.060001373291016,2043904
2026-08-10T19:35,45.060001373291016,45.06999969482422,45.029998779296875,45.04999923706055,434112
2026-08-10T19:40,45.040000915527344,45.13999938964844,45.040000915527344,45.11000061035156,240672
2026-08-10T19:45,45.099998474121094,45.150001525878906,45.099998474121094,45.11000061035156,124880
2026-08-10T19:50,45.09000015258789,45.11000061035156,45.08000183105469,45.08000183105469,89216
2026-08-10T19:55,45.09000015258789,45.09000015258789,45.06999969482422,45.09000015258789,0
2026-08-10T20:00,45.09000015258789,45.09000015258789,45.040000915527344,45.08000183105469,0
2026-08-10T20:05,45.06999969482422,45.099998474121094,45.06999969482422,45.09000015258789,358640
2026-08-10T20:10,45.09000015258789,45.119998931884766,45.08000183105469,45.09000015258789,76880
2026-08-10T20:15,45.08000183105469,45.11000061035156,45.040000915527344,45.11000061035156,115120
2026-08-10T20:20,45.119998931884766,45.130001068115234,45.06999969482422,45.099998474121094,38544
2026-08-10T20:25,45.099998474121094,45.119998931884766,45.09000015258789,45.119998931884766,177152
2026-08-10T20:30,45.119998931884766,45.15999984741211,45.09000015258789,45.119998931884766,132960
2026-08-10T20:35,45.099998474121094,45.11000061035156,45.06999969482422,45.09000015258789,0
2026-08-10T20:40,45.09000015258789,45.11000061035156,45.08000183105469,45.08000183105469,0
2026-08-10T20:45,45.09000015258789,45.099998474121094,45.04999923706055,45.060001373291016,238944
2026-08-10T20:50,45.060001373291016,45.060001373291016,45.0,45.0099983215332,73728
2026-08-10T20:55,45.0,45.02000045776367,44.97999954223633,45.0099983215332,207840
2026-08-10T21:00,45.0,45.029998779296875,44.9900016784668,45.029998779296875,1050464
2026-08-10T21:05,45.029998779296875,45.099998474121094,45.0099983215332,45.099998474121094,10640
2026-08-10T21:10,45.08000183105469,45.119998931884766,45.06999969482422,45.099998474121094,0
2026-08-10T21:15,45.099998474121094,45.11000061035156,45.08000183105469,45.099998474121094,153328
2026-08-10T21:20,45.09000015258789,45.11000061035156,45.08000183105469,45.09000015258789,7920
2026-08-10T21:25,45.09000015258789,45.13999938964844,45.08000183105469,45.13999938964844,0
2026-08-10T21:30,45.119998931884766,45.13999938964844,45.119998931884766,45.13999938964844,157424
2026-08-10T21:35,45.13999938964844,45.13999938964844,45.06999969482422,45.08000183105469,0
2026-08-10T21:40,45.09000015258789,45.09000015258789,45.040000915527344,45.04999923706055,0
2026-08-10T21:45,45.04999923706055,45.08000183105469,45.040000915527344,45.04999923706055,0
2026-08-10T21:50,45.040000915527344,45.06999969482422,45.0099983215332,45.040000915527344,180416
2026-08-10T21:55,45.040000915527344,45.06999969482422,45.02000045776367,45.040000915527344,117232
2026-08-10T22:00,45.040000915527344,45.08000183105469,45.029998779296875,45.029998779296875,0
2026-08-10T22:05,44.9900016784668,45.099998474121094,44.9900016784668,45.099998474121094,294384
2026-08-10T22:10,45.099998474121094,45.13999938964844,45.08000183105469,45.13999938964844,114400
2026-08-10T22:15,45.119998931884766,45.16999816894531,45.119998931884766,45.150001525878906,0
2026-08-10T22:20,45.150001525878906,45.150001525878906,45.099998474121094,45.13999938964844,247376
2026-08-10T22:25,45.13999938964844,45.13999938964844,45.11000061035156,45.13999938964844,30784
2026-08-10T22:30,45.13999938964844,45.150001525878906,45.11000061035156,45.11000061035156,0
2026-08-10T22:35,45.099998474121094,45.13999938964844,45.099998474121094,45.099998474121094,0
2026-08-10T22:40,45.099998474121094,45.119998931884766,45.08000183105469,45.119998931884766,0
2026-08-10T22:45,45.119998931884766,45.150001525878906,45.11000061035156,45.150001525878906,0
2026-08-10T22:50,45.150001525878906,45.150001525878906,45.130001068115234,45.150001525878906,0
2026-08-10T22:55,45.13999938964844,45.15999984741211,45.130001068115234,45.150001525878906,0
2026-08-10T23:00,45.130001068115234,45.13999938964844,45.11000061035156,45.119998931884766,0
2026-08-10T23:05,45.130001068115234,45.18000030517578,45.130001068115234,45.16999816894531,0
2026-08-10T23:10,45.16999816894531,45.16999816894531,45.130001068115234,45.13999938964844,11136
2026-08-10T23:15,45.130001068115234,45.189998626708984,45.130001068115234,45.15999984741211,93648
2026-08-10T23:20,45.15999984741211,45.16999816894531,45.11000061035156,45.130001068115234,37264
2026-08-10T23:25,45.150001525878906,45.15999984741211,45.130001068115234,45.15999984741211,0
2026-08-10T23:30,45.15999984741211,45.15999984741211,45.099998474121094,45.130001068115234,0
2026-08-10T23:35,45.119998931884766,45.119998931884766,45.08000183105469,45.099998474121094,0
2026-08-10T23:40,45.099998474121094,45.119998931884766,45.08000183105469,45.119998931884766,0
2026-08-10T23:45,45.11000061035156,45.119998931884766,45.099998474121094,45.099998474121094,0
2026-08-10T23:50,45.099998474121094,45.130001068115234,45.09000015258789,45.119998931884766,102096
2026-08-10T23:55,45.119998931884766,45.119998931884766,45.06999969482422,45.099998474121094,0
2026-08-11T00:00,45.099998474121094,45.13999938964844,45.06999969482422,45.13999938964844,0
2026-08-11T00:05,45.13999938964844,45.13999938964844,45.06999969482422,45.11000061035156,0
2026-08-11T00:10,45.099998474121094,45.130001068115234,45.08000183105469,45.130001068115234,0
2026-08-11T00:15,45.119998931884766,45.130001068115234,45.11000061035156,45.119998931884766,0
2026-08-11T00:20,45.130001068115234,45.150001525878906,45.11000061035156,45.130001068115234,0
2026-08-11T00:25,45.130001068115234,45.150001525878906,45.11000061035156,45.150001525878906,0
2026-08-11T00:30,45.13999938964844,45.150001525878906,45.040000915527344,45.09000015258789,0
2026-08-11T00:35,45.09000015258789,45.09000015258789,45.040000915527344,45.040000915527344,0
2026-08-11T00:40,45.040000915527344,45.11000061035156,45.040000915527344,45.11000061035156,12128
2026-08-11T00:45,45.11000061035156,45.119998931884766,45.099998474121094,45.119998931884766,0
2026-08-11T00:50,45.11000061035156,45.13999938964844,45.11000061035156,45.13999938964844,0
2026-08-11T00:55,45.13999938964844,45.150001525878906,45.11000061035156,45.11000061035156,4560
2026-08-11T01:00,45.08000183105469,45.119998931884766,45.060001373291016,45.11000061035156,60976
2026-08-11T01:05,45.099998474121094,45.130001068115234,45.09000015258789,45.119998931884766,0
2026-08-11T01:10,45.099998474121094,45.16999816894531,45.099998474121094,45.15999984741211,0
2026-08-11T01:15,45.16999816894531,45.16999816894531,45.119998931884766,45.13999938964844,0
2026-08-11T01:20,45.13999938964844,45.189998626708984,45.13999938964844,45.18000030517578,0
2026-08-11T01:25,45.18000030517578,45.20000076293945,45.150001525878906,45.20000076293945,20128
2026-08-11T01:30,45.18000030517578,45.209999084472656,45.15999984741211,45.189998626708984,128672
2026-08-11T01:35,45.18000030517578,45.189998626708984,45.13999938964844,45.16999816894531,58384
2026-08-11T01:40,45.15999984741211,45.15999984741211,45.130001068115234,45.15999984741211,0
2026-08-11T01:45,45.13999938964844,45.209999084472656,45.13999938964844,45.209999084472656,0
2026-08-11T01:50,45.209999084472656,45.2400016784668,45.189998626708984,45.22999954223633,1392
2026-08-11T01:55,45.22999954223633,45.2400016784668,45.209999084472656,45.2400016784668,0
2026-08-11T02:00,45.2400016784668,45.2599983215332,45.209999084472656,45.2400016784668,0
2026-08-11T02:05,45.25,45.2599983215332,45.209999084472656,45.2400016784668,0
2026-08-11T02:10,45.25,45.27000045776367,45.220001220703125,45.2400016784668,0
2026-08-11T02:15,45.2400016784668,45.27000045776367,45.2400016784668,45.25,0
2026-08-11T02:20,45.2599983215332,45.2599983215332,45.22999954223633,45.25,0
2026-08-11T02:25,45.25,45.27000045776367,45.220001220703125,45.25,0
2026-08-11T02:30,45.22999954223633,45.25,45.20000076293945,45.209999084472656,0
2026-08-11T02:35,45.220001220703125,45.220001220703125,45.16999816894531,45.20000076293945,0
2026-08-11T02:40,45.20000076293945,45.220001220703125,45.15999984741211,45.18000030517578,0
2026-08-11T02:45,45.189998626708984,45.20000076293945,45.16999816894531,45.189998626708984,0
2026-08-11T02:50,45.189998626708984,45.189998626708984,45.150001525878906,45.16999816894531,0
2026-08-11T02:55,45.16999816894531,45.16999816894531,45.150001525878906,45.15999984741211,0
2026-08-11T03:00,45.16999816894531,45.20000076293945,45.15999984741211,45.189998626708984,0
2026-08-11T03:05,45.189998626708984,45.20000076293945,45.16999816894531,45.189998626708984,0
2026-08-11T03:10,45.16999816894531,45.189998626708984,45.15999984741211,45.18000030517578,0
2026-08-11T03:15,45.18000030517578,45.209999084472656,45.16999816894531,45.189998626708984,0
2026-08-11T03:20,45.16999816894531,45.20000076293945,45.16999816894531,45.20000076293945,0
2026-08-11T03:25,45.20000076293945,45.22999954223633,45.18000030517578,45.189998626708984,0
2026-08-11T03:30,45.18000030517578,45.20000076293945,45.18000030517578,45.189998626708984,0
2026-08-11T03:35,45.189998626708984,45.220001220703125,45.18000030517578,45.220001220703125,0
2026-08-11T03:40,45.220001220703125,45.220001220703125,45.18000030517578,45.20000076293945,0
2026-08-11T03:45,45.20000076293945,45.20000076293945,45.18000030517578,45.20000076293945,0
2026-08-11T03:50,45.20000076293945,45.20000076293945,45.18000030517578,45.189998626708984,0
2026-08-11T03:55,45.16999816894531,45.20000076293945,45.16999816894531,45.20000076293945,0
2026-08-11T04:00,45.189998626708984,45.209999084472656,45.18000030517578,45.189998626708984,0
2026-08-11T04:05,45.18000030517578,45.189998626708984,45.15999984741211,45.15999984741211,0
2026-08-11T04:10,45.16999816894531,45.18000030517578,45.150001525878906,45.18000030517578,0
2026-08-11T04:15,45.18000030517578,45.18000030517578,45.13999938964844,45.15999984741211,0
2026-08-11T04:20,45.16999816894531,45.18000030517578,45.150001525878906,45.15999984741211,85024
2026-08-11T04:25,45.15999984741211,45.16999816894531,45.13999938964844,45.15999984741211,27152
2026-08-11T04:30,45.16999816894531,45.16999816894531,45.11000061035156,45.130001068115234,0
2026-08-11T04:35,45.130001068115234,45.13999938964844,45.11000061035156,45.13999938964844,171856
2026-08-11T04:40,45.130001068115234,45.150001525878906,45.119998931884766,45.13999938964844,0
2026-08-11T04:45,45.150001525878906,45.150001525878906,45.119998931884766,45.13999938964844,0
2026-08-11T04:50,45.13999938964844,45.13999938964844,45.11000061035156,45.13999938964844,0
2026-08-11T04:55,45.13999938964844,45.13999938964844,45.119998931884766,45.130001068115234,0
2026-08-11T05:00,45.130001068115234,45.15999984741211,45.119998931884766,45.150001525878906,0
2026-08-11T05:05,45.15999984741211,45.15999984741211,45.119998931884766,45.13999938964844,0
2026-08-11T05:10,45.13999938964844,45.13999938964844,45.130001068115234,45.13999938964844,94592
2026-08-11T05:15,45.130001068115234,45.13999938964844,45.099998474121094,45.099998474121094,16928
2026-08-11T05:20,45.09000015258789,45.09000015258789,45.029998779296875,45.040000915527344,25312
2026-08-11T05:25,45.040000915527344,45.04999923706055,45.0099983215332,45.04999923706055,0
2026-08-11T05:30,45.040000915527344,45.099998474121094,45.029998779296875,45.099998474121094,143312
2026-08-11T05:35,45.099998474121094,45.119998931884766,45.099998474121094,45.11000061035156,109616
2026-08-11T05:40,45.11000061035156,45.11000061035156,45.06999969482422,45.09000015258789,116016
2026-08-11T05:45,45.09000015258789,45.11000061035156,45.08000183105469,45.09000015258789,0
2026-08-11T05:50,45.11000061035156,45.11000061035156,45.06999969482422,45.06999969482422,0
2026-08-11T05:55,45.06999969482422,45.09000015258789,45.04999923706055,45.060001373291016,0
2026-08-11T06:00,45.060001373291016,45.06999969482422,45.029998779296875,45.029998779296875,0
2026-08-11T06:05,45.029998779296875,45.130001068115234,45.0099983215332,45.130001068115234,0
2026-08-11T06:10,45.130001068115234,45.18000030517578,45.130001068115234,45.150001525878906,188864
2026-08-11T06:15,45.130001068115234,45.16999816894531,45.130001068115234,45.130001068115234,353184
2026-08-11T06:20,45.130001068115234,45.130001068115234,45.11000061035156,45.119998931884766,0
2026-08-11T06:25,45.119998931884766,45.119998931884766,45.08000183105469,45.09000015258789,0
2026-08-11T06:30,45.09000015258789,45.09000015258789,45.04999923706055,45.06999969482422,25216
2026-08-11T06:35,45.06999969482422,45.09000015258789,45.04999923706055,45.09000015258789,0
2026-08-11T06:40,45.09000015258789,45.099998474121094,45.06999969482422,45.09000015258789,45664
2026-08-11T06:45,45.08000183105469,45.08000183105469,45.040000915527344,45.060001373291016,0
2026-08-11T06:50,45.060001373291016,45.060001373291016,44.9900016784668,45.02000045776367,0
2026-08-11T06:55,45.02000045776367,45.08000183105469,45.02000045776367,45.06999969482422,0
2026-08-11T07:00,45.06999969482422,45.08000183105469,45.060001373291016,45.08000183105469,0
2026-08-11T07:05,45.08000183105469,45.08000183105469,45.040000915527344,45.060001373291016,0
2026-08-11T07:10,45.060001373291016,45.06999969482422,45.040000915527344,45.040000915527344,131968
2026-08-11T07:15,45.02000045776367,45.029998779296875,44.97999954223633,45.0,77664
2026-08-11T07:20,45.0,45.040000915527344,44.9900016784668,45.029998779296875,570464
2026-08-11T07:25,45.029998779296875,45.040000915527344,45.0,45.02000045776367,194368
2026-08-11T07:30,45.029998779296875,45.08000183105469,45.029998779296875,45.060001373291016,254464
2026-08-11T07:35,45.060001373291016,45.119998931884766,45.04999923706055,45.119998931884766,126336
2026-08-11T07:40,45.11000061035156,45.119998931884766,45.09000015258789,45.119998931884766,156880
2026-08-11T07:45,45.099998474121094,45.150001525878906,45.099998474121094,45.11000061035156,0
2026-08-11T07:50,45.11000061035156,45.150001525878906,45.11000061035156,45.11000061035156,0
2026-08-11T07:55,45.099998474121094,45.119998931884766,45.09000015258789,45.11000061035156,0
2026-08-11T08:00,45.119998931884766,45.18000030517578,45.119998931884766,45.16999816894531,0
2026-08-11T08:05,45.16999816894531,45.16999816894531,45.13999938964844,45.13999938964844,91264
2026-08-11T08:10,45.130001068115234,45.150001525878906,45.099998474121094,45.11000061035156,64608
2026-08-11T08:15,45.11000061035156,45.130001068115234,45.09000015258789,45.11000061035156,208048
2026-08-11T08:20,45.11000061035156,45.130001068115234,45.099998474121094,45.11000061035156,115296
2026-08-11T08:25,45.119998931884766,45.13999938964844,45.11000061035156,45.119998931884766,168848
2026-08-11T08:30,45.119998931884766,45.130001068115234,45.09000015258789,45.099998474121094,127872
2026-08-11T08:35,45.099998474121094,45.119998931884766,45.09000015258789,45.099998474121094,0
2026-08-11T08:40,45.119998931884766,45.15999984741211,45.099998474121094,45.15999984741211,4832
2026-08-11T08:45,45.15999984741211,45.18000030517578,45.130001068115234,45.16999816894531,0
2026-08-11T08:50,45.16999816894531,45.22999954223633,45.16999816894531,45.220001220703125,0
2026-08-11T08:55,45.22999954223633,45.2400016784668,45.20000076293945,45.22999954223633,0
2026-08-11T09:00,45.2400016784668,45.2599983215332,45.22999954223633,45.25,0
2026-08-11T09:05,45.25,45.2599983215332,45.2400016784668,45.2599983215332,133520
2026-08-11T09:10,45.25,45.290000915527344,45.25,45.290000915527344,0
2026-08-11T09:15,45.290000915527344,45.369998931884766,45.27000045776367,45.349998474121094,30224
2026-08-11T09:20,45.36000061035156,45.38999938964844,45.36000061035156,45.38999938964844,324496
2026-08-11T09:25,45.380001068115234,45.439998626708984,45.380001068115234,45.43000030517578,187440
2026-08-11T09:30,45.439998626708984,45.47999954223633,45.41999816894531,45.470001220703125,18288
2026-08-11T09:35,45.470001220703125,45.52000045776367,45.439998626708984,45.470001220703125,174176
2026-08-11T09:40,45.470001220703125,45.529998779296875,45.470001220703125,45.52000045776367,0
2026-08-11T09:45,45.52000045776367,45.529998779296875,45.47999954223633,45.5099983215332,132208
2026-08-11T09:50,45.52000045776367,45.529998779296875,45.470001220703125,45.4900016784668,0
2026-08-11T09:55,45.4900016784668,45.540000915527344,45.4900016784668,45.540000915527344,0
2026-08-11T10:00,45.52000045776367,45.52000045776367,45.470001220703125,45.470001220703125,0
2026-08-11T10:05,45.470001220703125,45.470001220703125,45.40999984741211,45.41999816894531,71040
2026-08-11T10:10,45.41999816894531,45.439998626708984,45.380001068115234,45.380001068115234,0
2026-08-11T10:15,45.369998931884766,45.439998626708984,45.369998931884766,45.41999816894531,0
2026-08-11T10:20,45.43000030517578,45.439998626708984,45.400001525878906,45.40999984741211,108480
2026-08-11T10:25,45.40999984741211,45.470001220703125,45.40999984741211,45.470001220703125,0
2026-08-11T10:30,45.470001220703125,45.470001220703125,45.40999984741211,45.439998626708984,0
2026-08-11T10:35,45.43000030517578,45.43000030517578,45.38999938964844,45.38999938964844,0
2026-08-11T10:40,45.400001525878906,45.400001525878906,45.369998931884766,45.380001068115234,0
2026-08-11T10:45,45.380001068115234,45.41999816894531,45.36000061035156,45.40999984741211,70992
2026-08-11T10:50,45.41999816894531,45.439998626708984,45.40999984741211,45.41999816894531,148960
2026-08-11T10:55,45.41999816894531,45.439998626708984,45.40999984741211,45.43000030517578,0
2026-08-11T11:00,45.439998626708984,45.470001220703125,45.400001525878906,45.439998626708984,0
2026-08-11T11:05,45.439998626708984,45.45000076293945,45.380001068115234,45.380001068115234,0
2026-08-11T11:10,45.400001525878906,45.400001525878906,45.369998931884766,45.380001068115234,5488
2026-08-11T11:15,45.380001068115234,45.380001068115234,45.31999969482422,45.369998931884766,0
2026-08-11T11:20,45.369998931884766,45.41999816894531,45.369998931884766,45.40999984741211,0
2026-08-11T11:25,45.41999816894531,45.41999816894531,45.400001525878906,45.41999816894531,0
2026-08-11T11:30,45.41999816894531,45.43000030517578,45.38999938964844,45.43000030517578,0
2026-08-11T11:35,45.43000030517578,45.470001220703125,45.40999984741211,45.45000076293945,41504
2026-08-11T11:40,45.439998626708984,45.459999084472656,45.43000030517578,45.439998626708984,0
2026-08-11T11:45,45.45000076293945,45.47999954223633,45.43000030517578,45.459999084472656,0
2026-08-11T11:50,45.47999954223633,45.47999954223633,45.470001220703125,45.470001220703125,0
2026-08-11T11:55,45.470001220703125,45.47999954223633,45.43000030517578,45.45000076293945,121680
2026-08-11T12:00,45.45000076293945,45.45000076293945,45.380001068115234,45.380001068115234,23936
2026-08-11T12:05,45.380001068115234,45.40999984741211,45.380001068115234,45.400001525878906,0
2026-08-11T12:10,45.40999984741211,45.43000030517578,45.380001068115234,45.38999938964844,0
2026-08-11T12:15,45.38999938964844,45.40999984741211,45.29999923706055,45.310001373291016,0
2026-08-11T12:20,45.31999969482422,45.34000015258789,45.29999923706055,45.29999923706055,174648
2026-08-11T12:25,45.310001373291016,45.33000183105469,45.290000915527344,45.33000183105469,194560
2026-08-11T12:30,45.34000015258789,45.34000015258789,45.29999923706055,45.33000183105469,53320
2026-08-11T12:35,45.31999969482422,45.33000183105469,45.290000915527344,45.29999923706055,496808
2026-08-11T12:40,45.29999923706055,45.33000183105469,45.279998779296875,45.33000183105469,92368
2026-08-11T12:45,45.33000183105469,45.33000183105469,45.290000915527344,45.29999923706055,0
2026-08-11T12:50,45.310001373291016,45.31999969482422,45.279998779296875,45.31999969482422,164176
2026-08-11T12:55,45.31999969482422,45.34000015258789,45.31999969482422,45.33000183105469,0
2026-08-11T13:00,45.33000183105469,45.34000015258789,45.279998779296875,45.310001373291016,0
2026-08-11T13:05,45.290000915527344,45.41999816894531,45.290000915527344,45.41999816894531,373504
2026-08-11T13:10,45.400001525878906,45.43000030517578,45.38999938964844,45.40999984741211,245904
2026-08-11T13:15,45.40999984741211,45.439998626708984,45.38999938964844,45.40999984741211,0
2026-08-11T13:20,45.40999984741211,45.41999816894531,45.380001068115234,45.41999816894531,0
2026-08-11T13:25,45.400001525878906,45.40999984741211,45.349998474121094,45.380001068115234,584952
2026-08-11T13:30,45.380001068115234,45.38999938964844,45.310001373291016,45.31999969482422,136528
2026-08-11T13:35,45.33000183105469,45.369998931884766,45.290000915527344,45.34000015258789,0
2026-08-11T13:40,45.36000061035156,45.380001068115234,45.290000915527344,45.29999923706055,0
2026-08-11T13:45,45.29999923706055,45.349998474121094,45.27000045776367,45.349998474121094,0
2026-08-11T13:50,45.34000015258789,45.349998474121094,45.119998931884766,45.130001068115234,0
2026-08-11T13:55,45.119998931884766,45.130001068115234,44.97999954223633,44.97999954223633,462040
2026-08-11T14:00,44.9900016784668,45.11000061035156,44.970001220703125,45.11000061035156,0
2026-08-11T14:05,45.099998474121094,45.119998931884766,45.02000045776367,45.060001373291016,393040
2026-08-11T14:10,45.02000045776367,45.04999923706055,45.0,45.040000915527344,712672
2026-08-11T14:15,45.040000915527344,45.08000183105469,45.029998779296875,45.029998779296875,0
2026-08-11T14:20,45.029998779296875,45.029998779296875,44.939998626708984,44.97999954223633,0
2026-08-11T14:25,44.959999084472656,45.04999923706055,44.959999084472656,45.02000045776367,174976
2026-08-11T14:30,45.02000045776367,45.029998779296875,44.97999954223633,45.029998779296875,252000
2026-08-11T14:35,45.029998779296875,45.04999923706055,44.9900016784668,45.02000045776367,49808
2026-08-11T14:40,45.02000045776367,45.06999969482422,45.0099983215332,45.060001373291016,535200
2026-08-11T14:45,45.060001373291016,45.08000183105469,45.02000045776367,45.029998779296875,153072
2026-08-11T14:50,45.0,45.0099983215332,44.90999984741211,44.9900016784668,65296
2026-08-11T14:55,44.959999084472656,45.0099983215332,44.90999984741211,44.9900016784668,491392
2026-08-11T15:00,44.97999954223633,45.02000045776367,44.970001220703125,44.970001220703125,1321280
2026-08-11T15:05,44.959999084472656,45.11000061035156,44.959999084472656,45.11000061035156,1521184
2026-08-11T15:10,45.11000061035156,45.130001068115234,45.040000915527344,45.04999923706055,597760
2026-08-11T15:15,45.029998779296875,45.099998474121094,45.029998779296875,45.099998474121094,0
2026-08-11T15:20,45.09000015258789,45.150001525878906,45.06999969482422,45.099998474121094,0
2026-08-11T15:25,45.11000061035156,45.119998931884766,45.02000045776367,45.08000183105469,109632
2026-08-11T15:30,45.08000183105469,45.08000183105469,45.029998779296875,45.040000915527344,0
2026-08-11T15:35,45.040000915527344,45.040000915527344,44.939998626708984,44.959999084472656,0
2026-08-11T15:40,44.9900016784668,45.0,44.90999984741211,44.9900016784668,560640
2026-08-11T15:45,44.9900016784668,45.060001373291016,44.95000076293945,44.970001220703125,504224
2026-08-11T15:50,44.97999954223633,45.0099983215332,44.970001220703125,44.9900016784668,455456
2026-08-11T15:55,44.97999954223633,45.029998779296875,44.97999954223633,45.0099983215332,0
2026-08-11T16:00,44.9900016784668,45.130001068115234,44.959999084472656,45.119998931884766,147584
2026-08-11T16:05,45.130001068115234,45.150001525878906,45.06999969482422,45.150001525878906,0
2026-08-11T16:10,45.150001525878906,45.150001525878906,45.08000183105469,45.119998931884766,106000
2026-08-11T16:15,45.099998474121094,45.13999938964844,45.08000183105469,45.130001068115234,739536
2026-08-11T16:20,45.13999938964844,45.13999938964844,45.08000183105469,45.09000015258789,83632
2026-08-11T16:25,45.099998474121094,45.119998931884766,44.97999954223633,45.0,77888
2026-08-11T16:30,45.0,45.11000061035156,45.0,45.040000915527344,0
2026-08-11T16:35,45.040000915527344,45.060001373291016,44.9900016784668,45.0,0
2026-08-11T16:40,44.9900016784668,45.0099983215332,44.97999954223633,44.97999954223633,70544
2026-08-11T16:45,45.0,45.029998779296875,44.970001220703125,45.0099983215332,243600
2026-08-11T16:50,45.02000045776367,45.029998779296875,44.9900016784668,45.0099983215332,0
2026-08-11T16:55,45.0099983215332,45.02000045776367,45.0,45.0099983215332,0
2026-08-11T17:00,45.02000045776367,45.06999969482422,45.02000045776367,45.04999923706055,0
2026-08-11T17:05,45.04999923706055,45.060001373291016,45.02000045776367,45.04999923706055,0
2026-08-11T17:10,45.04999923706055,45.08000183105469,45.029998779296875,45.04999923706055,0
2026-08-11T17:15,45.06999969482422,45.13999938964844,45.060001373291016,45.119998931884766,0
2026-08-11T17:20,45.119998931884766,45.15999984741211,45.11000061035156,45.15999984741211,76800
2026-08-11T17:25,45.16999816894531,45.189998626708984,45.150001525878906,45.189998626708984,20976
2026-08-11T17:30,45.18000030517578,45.20000076293945,45.13999938964844,45.150001525878906,298976
2026-08-11T17:35,45.15999984741211,45.189998626708984,45.150001525878906,45.16999816894531,156224
2026-08-11T17:40,45.16999816894531,45.22999954223633,45.15999984741211,45.20000076293945,0
2026-08-11T17:45,45.209999084472656,45.2400016784668,45.189998626708984,45.20000076293945,0
2026-08-11T17:50,45.18000030517578,45.2400016784668,45.18000030517578,45.2400016784668,0
2026-08-11T17:55,45.22999954223633,45.279998779296875,45.220001220703125,45.220001220703125,8064
2026-08-11T18:00,45.22999954223633,45.279998779296875,45.220001220703125,45.22999954223633,202368
2026-08-11T18:05,45.2400016784668,45.2599983215332,45.209999084472656,45.209999084472656,177984
2026-08-11T18:10,45.209999084472656,45.29999923706055,45.150001525878906,45.290000915527344,0
2026-08-11T18:15,45.290000915527344,45.369998931884766,45.290000915527344,45.369998931884766,253120
2026-08-11T18:20,45.369998931884766,45.369998931884766,45.31999969482422,45.31999969482422,914272
2026-08-11T18:25,45.290000915527344,45.349998474121094,45.290000915527344,45.29999923706055,257408
2026-08-11T18:30,45.279998779296875,45.31999969482422,45.209999084472656,45.279998779296875,216288
2026-08-11T18:35,45.27000045776367,45.290000915527344,45.20000076293945,45.220001220703125,0
2026-08-11T18:40,45.209999084472656,45.29999923706055,45.15999984741211,45.29999923706055,0
2026-08-11T18:45,45.29999923706055,45.36000061035156,45.290000915527344,45.34000015258789,120384
2026-08-11T18:50,45.34000015258789,45.36000061035156,45.31999969482422,45.34000015258789,0
2026-08-11T18:55,45.349998474121094,45.369998931884766,45.310001373291016,45.34000015258789,0
2026-08-11T19:00,45.349998474121094,45.349998474121094,45.27000045776367,45.279998779296875,184800
2026-08-11T19:05,45.290000915527344,45.34000015258789,45.279998779296875,45.33000183105469,0
2026-08-11T19:10,45.34000015258789,45.349998474121094,45.310001373291016,45.310001373291016,0
2026-08-11T19:15,45.310001373291016,45.36000061035156,45.279998779296875,45.36000061035156,0
2026-08-11T19:20,45.369998931884766,45.38999938964844,45.27000045776367,45.279998779296875,0
2026-08-11T19:25,45.29999923706055,45.349998474121094,45.29999923706055,45.349998474121094,0
2026-08-11T19:30,45.349998474121094,45.38999938964844,45.349998474121094,45.380001068115234,0
2026-08-11T19:35,45.369998931884766,45.400001525878906,45.36000061035156,45.380001068115234,0
2026-08-11T19:40,45.400001525878906,45.43000030517578,45.380001068115234,45.43000030517578,84784
2026-08-11T19:45,45.40999984741211,45.470001220703125,45.40999984741211,45.459999084472656,33440
2026-08-11T19:50,45.459999084472656,45.4900016784668,45.45000076293945,45.47999954223633,298640
2026-08-11T19:55,45.47999954223633,45.4900016784668,45.439998626708984,45.439998626708984,236928
2026-08-11T20:00,45.45000076293945,45.470001220703125,45.439998626708984,45.459999084472656,0
2026-08-11T20:05,45.470001220703125,45.529998779296875,45.459999084472656,45.4900016784668,0
2026-08-11T20:10,45.5099983215332,45.5099983215332,45.47999954223633,45.4900016784668,139120
2026-08-11T20:15,45.47999954223633,45.5099983215332,45.47999954223633,45.4900016784668,102928
2026-08-11T20:20,45.4900016784668,45.5,45.459999084472656,45.459999084472656,151184
2026-08-11T20:25,45.47999954223633,45.5099983215332,45.459999084472656,45.5099983215332,0
2026-08-11T20:30,45.52000045776367,45.52000045776367,45.45000076293945,45.45000076293945,373136
2026-08-11T20:35,45.459999084472656,45.47999954223633,45.45000076293945,45.47999954223633,0
2026-08-11T20:40,45.4900016784668,45.5,45.45000076293945,45.459999084472656,0
2026-08-11T20:45,45.47999954223633,45.4900016784668,45.45000076293945,45.459999084472656,0
2026-08-11T20:50,45.459999084472656,45.4900016784668,45.41999816894531,45.41999816894531,0
2026-08-11T20:55,45.43000030517578,45.459999084472656,45.41999816894531,45.439998626708984,0
2026-08-11T21:00,45.459999084472656,45.459999084472656,45.41999816894531,45.439998626708984,0
2026-08-11T21:05,45.41999816894531,45.45000076293945,45.41999816894531,45.439998626708984,0
2026-08-11T21:10,45.439998626708984,45.47999954223633,45.43000030517578,45.47999954223633,0
2026-08-11T21:15,45.47999954223633,45.4900016784668,45.45000076293945,45.47999954223633,0
2026-08-11T21:20,45.47999954223633,45.4900016784668,45.459999084472656,45.4900016784668,111872
2026-08-11T21:25,45.47999954223633,45.52000045776367,45.439998626708984,45.459999084472656,69104
2026-08-11T21:30,45.459999084472656,45.459999084472656,45.43000030517578,45.45000076293945,167008
2026-08-11T21:35,45.459999084472656,45.470001220703125,45.38999938964844,45.470001220703125,262224
2026-08-11T21:40,45.470001220703125,45.470001220703125,45.400001525878906,45.400001525878906,338560
2026-08-11T21:45,45.400001525878906,45.439998626708984,45.400001525878906,45.43000030517578,11360
2026-08-11T21:50,45.43000030517578,45.45000076293945,45.41999816894531,45.439998626708984,180256
2026-08-11T21:55,45.439998626708984,45.4900016784668,45.439998626708984,45.459999084472656,0
2026-08-11T22:00,45.47999954223633,45.529998779296875,45.45000076293945,45.459999084472656,0
2026-08-11T22:05,45.459999084472656,45.459999084472656,45.43000030517578,45.45000076293945,0
2026-08-11T22:10,45.45000076293945,45.47999954223633,45.40999984741211,45.470001220703125,0
2026-08-11T22:15,45.45000076293945,45.4900016784668,45.43000030517578,45.459999084472656,153056
2026-08-11T22:20,45.459999084472656,45.470001220703125,45.41999816894531,45.459999084472656,0
2026-08-11T22:25,45.45000076293945,45.470001220703125,45.439998626708984,45.470001220703125,194992
2026-08-11T22:30,45.470001220703125,45.4900016784668,45.439998626708984,45.4900016784668,150752
2026-08-11T22:35,45.4900016784668,45.4900016784668,45.470001220703125,45.47999954223633,0
2026-08-11T22:40,45.47999954223633,45.4900016784668,45.41999816894531,45.43000030517578,0
2026-08-11T22:45,45.41999816894531,45.43000030517578,45.380001068115234,45.40999984741211,138416
2026-08-11T22:50,45.41999816894531,45.45000076293945,45.38999938964844,45.45000076293945,0
2026-08-11T22:55,45.45000076293945,45.459999084472656,45.43000030517578,45.439998626708984,0
2026-08-11T23:00,45.439998626708984,45.459999084472656,45.43000030517578,45.45000076293945,0
2026-08-11T23:05,45.45000076293945,45.45000076293945,45.41999816894531,45.439998626708984,0
2026-08-11T23:10,45.439998626708984,45.459999084472656,45.43000030517578,45.459999084472656,0
2026-08-11T23:15,45.459999084472656,45.4900016784668,45.45000076293945,45.4900016784668,0
2026-08-11T23:20,45.4900016784668,45.5099983215332,45.470001220703125,45.5099983215332,0
2026-08-11T23:25,45.5099983215332,45.529998779296875,45.45000076293945,45.470001220703125,4352
2026-08-11T23:30,45.470001220703125,45.47999954223633,45.41999816894531,45.45000076293945,114344
2026-08-11T23:35,45.459999084472656,45.47999954223633,45.45000076293945,45.470001220703125,42512
2026-08-11T23:40,45.470001220703125,45.4900016784668,45.459999084472656,45.4900016784668,65208
2026-08-11T23:45,45.4900016784668,45.4900016784668,45.45000076293945,45.47999954223633,63976
2026-08-11T23:50,45.470001220703125,45.4900016784668,45.470001220703125,45.47999954223633,0
2026-08-11T23:55,45.470001220703125,45.47999954223633,45.45000076293945,45.470001220703125,31320
2026-08-12T00:00,45.470001220703125,45.47999954223633,45.439998626708984,45.45000076293945,0
2026-08-12T00:05,45.439998626708984,45.47999954223633,45.41999816894531,45.459999084472656,0
2026-08-12T00:10,45.45000076293945,45.47999954223633,45.45000076293945,45.47999954223633,9664
2026-08-12T00:15,45.470001220703125,45.470001220703125,45.40999984741211,45.43000030517578,896
2026-08-12T00:20,45.439998626708984,45.4900016784668,45.43000030517578,45.4900016784668,51656
2026-08-12T00:25,45.5,45.5099983215332,45.459999084472656,45.47999954223633,144744
2026-08-12T00:30,45.47999954223633,45.54999923706055,45.45000076293945,45.54999923706055,101480
2026-08-12T00:35,45.54999923706055,45.560001373291016,45.4900016784668,45.5,0
2026-08-12T00:40,45.4900016784668,45.52000045776367,45.4900016784668,45.5099983215332,0
2026-08-12T00:45,45.5,45.52000045776367,45.4900016784668,45.5,0
2026-08-12T00:50,45.5099983215332,45.52000045776367,45.4900016784668,45.52000045776367,0
2026-08-12T00:55,45.52000045776367,45.52000045776367,45.470001220703125,45.5,67696
2026-08-12T01:00,45.54999923706055,45.56999969482422,45.529998779296875,45.56999969482422,0
2026-08-12T01:05,45.56999969482422,45.58000183105469,45.540000915527344,45.560001373291016,296416
2026-08-12T01:10,45.560001373291016,45.58000183105469,45.529998779296875,45.529998779296875,379504
2026-08-12T01:15,45.529998779296875,45.560001373291016,45.52000045776367,45.560001373291016,258128
2026-08-12T01:20,45.560001373291016,45.560001373291016,45.47999954223633,45.5099983215332,146432
2026-08-12T01:25,45.5099983215332,45.5099983215332,45.4900016784668,45.5,164784
2026-08-12T01:30,45.5,45.5,45.459999084472656,45.4900016784668,56568
2026-08-12T01:35,45.470001220703125,45.4900016784668,45.459999084472656,45.470001220703125,0
2026-08-12T01:40,45.47999954223633,45.52000045776367,45.470001220703125,45.52000045776367,43424
2026-08-12T01:45,45.5,45.529998779296875,45.470001220703125,45.5099983215332,100880
2026-08-12T01:50,45.5,45.5099983215332,45.459999084472656,45.459999084472656,69104
2026-08-12T01:55,45.459999084472656,45.459999084472656,45.40999984741211,45.40999984741211,90368
2026-08-12T02:00,45.40999984741211,45.43000030517578,45.38999938964844,45.40999984741211,0
2026-08-12T02:05,45.40999984741211,45.43000030517578,45.380001068115234,45.38999938964844,64912
2026-08-12T02:10,45.38999938964844,45.40999984741211,45.349998474121094,45.40999984741211,410080
2026-08-12T02:15,45.40999984741211,45.41999816894531,45.38999938964844,45.41999816894531,105552
2026-08-12T02:20,45.38999938964844,45.400001525878906,45.369998931884766,45.369998931884766,41024
2026-08-12T02:25,45.38999938964844,45.400001525878906,45.380001068115234,45.400001525878906,114944
2026-08-12T02:30,45.40999984741211,45.41999816894531,45.380001068115234,45.400001525878906,69200
2026-08-12T02:35,45.38999938964844,45.38999938964844,45.349998474121094,45.349998474121094,29648
2026-08-12T02:40,45.36000061035156,45.380001068115234,45.349998474121094,45.369998931884766,0
2026-08-12T02:45,45.380001068115234,45.40999984741211,45.369998931884766,45.40999984741211,0
2026-08-12T02:50,45.40999984741211,45.439998626708984,45.400001525878906,45.439998626708984,44160
2026-08-12T02:55,45.439998626708984,45.439998626708984,45.38999938964844,45.40999984741211,53248
2026-08-12T03:00,45.40999984741211,45.41999816894531,45.34000015258789,45.36000061035156,0
2026-08-12T03:05,45.380001068115234,45.38999938964844,45.369998931884766,45.369998931884766,182624
2026-08-12T03:10,45.36000061035156,45.369998931884766,45.34000015258789,45.36000061035156,11264
2026-08-12T03:15,45.369998931884766,45.369998931884766,45.349998474121094,45.36000061035156,0
2026-08-12T03:20,45.36000061035156,45.40999984741211,45.34000015258789,45.400001525878906,0
2026-08-12T03:25,45.400001525878906,45.40999984741211,45.369998931884766,45.38999938964844,226496
2026-08-12T03:30,45.38999938964844,45.400001525878906,45.380001068115234,45.400001525878906,46288
2026-08-12T03:35,45.400001525878906,45.41999816894531,45.349998474121094,45.380001068115234,166864
2026-08-12T03:40,45.369998931884766,45.41999816894531,45.36000061035156,45.36000061035156,216816
2026-08-12T03:45,45.380001068115234,45.380001068115234,45.34000015258789,45.36000061035156,116576
2026-08-12T03:50,45.349998474121094,45.36000061035156,45.29999923706055,45.33000183105469,86960
2026-08-12T03:55,45.31999969482422,45.349998474121094,45.290000915527344,45.349998474121094,53440
2026-08-12T04:00,45.34000015258789,45.349998474121094,45.310001373291016,45.33000183105469,0
2026-08-12T04:05,45.33000183105469,45.33000183105469,45.2599983215332,45.2599983215332,0
2026-08-12T04:10,45.279998779296875,45.310001373291016,45.27000045776367,45.27000045776367,284848
2026-08-12T04:15,45.25,45.290000915527344,45.25,45.290000915527344,0
2026-08-12T04:20,45.290000915527344,45.349998474121094,45.290000915527344,45.34000015258789,91376
2026-08-12T04:25,45.34000015258789,45.34000015258789,45.29999923706055,45.29999923706055,108608
2026-08-12T04:30,45.29999923706055,45.31999969482422,45.2599983215332,45.31999969482422,0
2026-08-12T04:35,45.310001373291016,45.33000183105469,45.290000915527344,45.33000183105469,0
2026-08-12T04:40,45.33000183105469,45.38999938964844,45.31999969482422,45.380001068115234,143760
2026-08-12T04:45,45.380001068115234,45.380001068115234,45.34000015258789,45.36000061035156,113104
2026-08-12T04:50,45.36000061035156,45.380001068115234,45.349998474121094,45.380001068115234,0
2026-08-12T04:55,45.380001068115234,45.380001068115234,45.36000061035156,45.380001068115234,61008
2026-08-12T05:00,45.36000061035156,45.38999938964844,45.33000183105469,45.349998474121094,0
2026-08-12T05:05,45.34000015258789,45.36000061035156,45.31999969482422,45.349998474121094,0
2026-08-12T05:10,45.349998474121094,45.400001525878906,45.33000183105469,45.38999938964844,72288
2026-08-12T05:15,45.38999938964844,45.40999984741211,45.369998931884766,45.40999984741211,0
2026-08-12T05:20,45.40999984741211,45.40999984741211,45.36000061035156,45.36000061035156,0
2026-08-12T05:25,45.380001068115234,45.400001525878906,45.369998931884766,45.380001068115234,0
2026-08-12T05:30,45.400001525878906,45.40999984741211,45.31999969482422,45.349998474121094,37552
2026-08-12T05:35,45.349998474121094,45.349998474121094,45.27000045776367,45.27000045776367,863456
2026-08-12T05:40,45.279998779296875,45.290000915527344,45.2599983215332,45.290000915527344,1104720
2026-08-12T05:45,45.290000915527344,45.290000915527344,45.2400016784668,45.2599983215332,181664
2026-08-12T05:50,45.25,45.279998779296875,45.22999954223633,45.279998779296875,248000
2026-08-12T05:55,45.279998779296875,45.290000915527344,45.2599983215332,45.290000915527344,52352
2026-08-12T06:00,45.279998779296875,45.34000015258789,45.220001220703125,45.34000015258789,0
2026-08-12T06:05,45.34000015258789,45.349998474121094,45.290000915527344,45.290000915527344,116976
2026-08-12T06:10,45.290000915527344,45.290000915527344,45.27000045776367,45.279998779296875,52576
2026-08-12T06:15,45.2599983215332,45.290000915527344,45.2400016784668,45.27000045776367,0
2026-08-12T06:20,45.27000045776367,45.290000915527344,45.25,45.2599983215332,282752
2026-08-12T06:25,45.2400016784668,45.2599983215332,45.22999954223633,45.25,68432
2026-08-12T06:30,45.25,45.25,45.209999084472656,45.25,31040
2026-08-12T06:35,45.25,45.27000045776367,45.2400016784668,45.25,0
2026-08-12T06:40,45.2599983215332,45.29999923706055,45.22999954223633,45.2400016784668,52080
2026-08-12T06:45,45.2400016784668,45.290000915527344,45.2400016784668,45.279998779296875,216512
2026-08-12T06:50,45.279998779296875,45.279998779296875,45.2400016784668,45.27000045776367,154368
2026-08-12T06:55,45.27000045776367,45.27000045776367,45.2599983215332,45.27000045776367,416
2026-08-12T07:00,45.27000045776367,45.310001373291016,45.2599983215332,45.310001373291016,0
2026-08-12T07:05,45.310001373291016,45.310001373291016,45.2599983215332,45.279998779296875,0
2026-08-12T07:10,45.279998779296875,45.279998779296875,45.2599983215332,45.279998779296875,70752
2026-08-12T07:15,45.279998779296875,45.279998779296875,45.25,45.27000045776367,0
2026-08-12T07:20,45.2599983215332,45.290000915527344,45.2599983215332,45.27000045776367,0
2026-08-12T07:25,45.27000045776367,45.279998779296875,45.22999954223633,45.22999954223633,118096
2026-08-12T07:30,45.220001220703125,45.27000045776367,45.220001220703125,45.2599983215332,0
2026-08-12T07:35,45.25,45.2599983215332,45.220001220703125,45.22999954223633,130544
2026-08-12T07:40,45.2400016784668,45.2400016784668,45.209999084472656,45.220001220703125,91440
2026-08-12T07:45,45.209999084472656,45.209999084472656,45.15999984741211,45.189998626708984,100192
2026-08-12T07:50,45.189998626708984,45.209999084472656,45.189998626708984,45.20000076293945,40448
2026-08-12T07:55,45.220001220703125,45.2599983215332,45.20000076293945,45.2599983215332,56272
2026-08-12T08:00,45.2400016784668,45.2599983215332,45.209999084472656,45.2400016784668,0
2026-08-12T08:05,45.25,45.279998779296875,45.22999954223633,45.279998779296875,183120
2026-08-12T08:10,45.2599983215332,45.29999923706055,45.2599983215332,45.279998779296875,0
2026-08-12T08:15,45.279998779296875,45.33000183105469,45.279998779296875,45.31999969482422,0
2026-08-12T08:20,45.34000015258789,45.34000015258789,45.27000045776367,45.279998779296875,0
2026-08-12T08:25,45.279998779296875,45.31999969482422,45.279998779296875,45.29999923706055,155968
2026-08-12T08:30,45.290000915527344,45.29999923706055,45.25,45.2599983215332,86400
2026-08-12T08:35,45.2599983215332,45.279998779296875,45.2400016784668,45.27000045776367,223968
2026-08-12T08:40,45.2599983215332,45.2599983215332,45.22999954223633,45.2599983215332,203008
2026-08-12T08:45,45.2599983215332,45.279998779296875,45.25,45.27000045776367,0
2026-08-12T08:50,45.2599983215332,45.27000045776367,45.2400016784668,45.27000045776367,0
2026-08-12T08:55,45.27000045776367,45.27000045776367,45.220001220703125,45.25,0
2026-08-12T09:00,45.2400016784668,45.279998779296875,45.220001220703125,45.27000045776367,0
2026-08-12T09:05,45.27000045776367,45.290000915527344,45.25,45.27000045776367,0
2026-08-12T09:10,45.27000045776367,45.29999923706055,45.2599983215332,45.29999923706055,100640
2026-08-12T09:15,45.290000915527344,45.34000015258789,45.290000915527344,45.33000183105469,135968
2026-08-12T09:20,45.34000015258789,45.349998474121094,45.29999923706055,45.349998474121094,63792
2026-08-12T09:25,45.34000015258789,45.380001068115234,45.310001373291016,45.31999969482422,754736
2026-08-12T09:30,45.33000183105469,45.369998931884766,45.33000183105469,45.349998474121094,356688
2026-08-12T09:35,45.34000015258789,45.369998931884766,45.34000015258789,45.36000061035156,203664
2026-08-12T09:40,45.349998474121094,45.36000061035156,45.31999969482422,45.36000061035156,8448
2026-08-12T09:45,45.34000015258789,45.43000030517578,45.34000015258789,45.43000030517578,24032
2026-08-12T09:50,45.41999816894531,45.439998626708984,45.38999938964844,45.40999984741211,386240
2026-08-12T09:55,45.41999816894531,45.439998626708984,45.40999984741211,45.41999816894531,117360
2026-08-12T10:00,45.43000030517578,45.47999954223633,45.40999984741211,45.40999984741211,186560
2026-08-12T10:05,45.41999816894531,45.41999816894531,45.400001525878906,45.40999984741211,18432
2026-08-12T10:10,45.41999816894531,45.43000030517578,45.400001525878906,45.41999816894531,286832
2026-08-12T10:15,45.41999816894531,45.41999816894531,45.369998931884766,45.380001068115234,8688
2026-08-12T10:20,45.38999938964844,45.439998626708984,45.380001068115234,45.38999938964844,157568
2026-08-12T10:25,45.38999938964844,45.400001525878906,45.36000061035156,45.400001525878906,98880
2026-08-12T10:30,45.400001525878906,45.41999816894531,45.369998931884766,45.400001525878906,132320
2026-08-12T10:35,45.400001525878906,45.40999984741211,45.380001068115234,45.40999984741211,320720
2026-08-12T10:40,45.41999816894531,45.45000076293945,45.38999938964844,45.38999938964844,98992
2026-08-12T10:45,45.38999938964844,45.439998626708984,45.369998931884766,45.400001525878906,28944
2026-08-12T10:50,45.41999816894531,45.43000030517578,45.40999984741211,45.41999816894531,257296
2026-08-12T10:55,45.41999816894531,45.41999816894531,45.36000061035156,45.369998931884766,197856
2026-08-12T11:00,45.380001068115234,45.40999984741211,45.36000061035156,45.36000061035156,2000
2026-08-12T11:05,45.36000061035156,45.36000061035156,45.31999969482422,45.34000015258789,134784
2026-08-12T11:10,45.34000015258789,45.349998474121094,45.31999969482422,45.33000183105469,116192
2026-08-12T11:15,45.33000183105469,45.36000061035156,45.31999969482422,45.33000183105469,246544
2026-08-12T11:20,45.33000183105469,45.349998474121094,45.33000183105469,45.34000015258789,260992
2026-08-12T11:25,45.33000183105469,45.36000061035156,45.33000183105469,45.36000061035156,122048
2026-08-12T11:30,45.36000061035156,45.380001068115234,45.33000183105469,45.33000183105469,76912
2026-08-12T11:35,45.33000183105469,45.41999816894531,45.33000183105469,45.41999816894531,405088
2026-08-12T11:40,45.40999984741211,45.439998626708984,45.400001525878906,45.43000030517578,228128
2026-08-12T11:45,45.41999816894531,45.439998626708984,45.41999816894531,45.43000030517578,8736
2026-08-12T11:50,45.43000030517578,45.439998626708984,45.40999984741211,45.41999816894531,44416
2026-08-12T11:55,45.43000030517578,45.43000030517578,45.38999938964844,45.40999984741211,120832
2026-08-12T12:00,45.41999816894531,45.43000030517578,45.400001525878906,45.41999816894531,0
2026-08-12T12:05,45.40999984741211,45.439998626708984,45.40999984741211,45.439998626708984,68288
2026-08-12T12:10,45.439998626708984,45.439998626708984,45.41999816894531,45.41999816894531,26896
2026-08-12T12:15,45.43000030517578,45.470001220703125,45.43000030517578,45.45000076293945,57808
2026-08-12T12:20,45.439998626708984,45.459999084472656,45.41999816894531,45.43000030517578,0
2026-08-12T12:25,45.41999816894531,45.58000183105469,45.400001525878906,45.54999923706055,3696
2026-08-12T12:30,45.59000015258789,45.59000015258789,45.31999969482422,45.5099983215332,3116320
2026-08-12T12:35,45.529998779296875,45.54999923706055,45.4900016784668,45.5099983215332,1690384
2026-08-12T12:40,45.5,45.540000915527344,45.45000076293945,45.45000076293945,1097520
2026-08-12T12:45,45.459999084472656,45.47999954223633,45.40999984741211,45.43000030517578,78736
2026-08-12T12:50,45.41999816894531,45.47999954223633,45.41999816894531,45.470001220703125,245808
2026-08-12T12:55,45.470001220703125,45.47999954223633,45.45000076293945,45.459999084472656,390000
2026-08-12T13:00,45.4900016784668,45.4900016784668,45.41999816894531,45.45000076293945,2624
2026-08-12T13:05,45.439998626708984,45.45000076293945,45.38999938964844,45.45000076293945,24416
2026-08-12T13:10,45.459999084472656,45.4900016784668,45.400001525878906,45.400001525878906,78608
2026-08-12T13:15,45.40999984741211,45.459999084472656,45.40999984741211,45.439998626708984,44352
2026-08-12T13:20,45.45000076293945,45.45000076293945,45.400001525878906,45.41999816894531,22000
2026-08-12T13:25,45.40999984741211,45.439998626708984,45.380001068115234,45.439998626708984,71040
2026-08-12T13:30,45.439998626708984,45.4900016784668,45.41999816894531,45.470001220703125,16448
2026-08-12T13:35,45.470001220703125,45.529998779296875,45.459999084472656,45.470001220703125,218960
2026-08-12T13:40,45.459999084472656,45.52000045776367,45.40999984741211,45.52000045776367,281152
2026-08-12T13:45,45.52000045776367,45.540000915527344,45.47999954223633,45.5,314128
2026-08-12T13:50,45.5099983215332,45.599998474121094,45.470001220703125,45.58000183105469,149856
2026-08-12T13:55,45.58000183105469,45.619998931884766,45.56999969482422,45.56999969482422,189920
2026-08-12T14:00,45.560001373291016,45.56999969482422,45.43000030517578,45.43000030517578,0
2026-08-12T14:05,45.38999938964844,45.38999938964844,45.38999938964844,45.38999938964844,0
