date,open,high,low,close,volume
2026-08-01T00:00,72.80999755859375,72.9000015258789,72.79000091552734,72.86000061035156,0
2026-08-01T00:05,72.86000061035156,72.91999816894531,72.83000183105469,72.88999938964844,0
2026-08-01T00:10,72.88999938964844,72.9000015258789,72.87999725341797,72.87999725341797,0
2026-08-01T00:15,72.87999725341797,72.91999816894531,72.8499984741211,72.91000366210938,0
2026-08-01T00:20,72.91999816894531,72.91999816894531,72.87999725341797,72.88999938964844,0
2026-08-01T00:25,72.88999938964844,72.95999908447266,72.88999938964844,72.91000366210938,0
2026-08-01T00:30,72.93000030517578,72.94000244140625,72.87000274658203,72.91999816894531,0
2026-08-01T00:35,72.88999938964844,72.91999816894531,72.87999725341797,72.91999816894531,0
2026-08-01T00:40,72.91999816894531,72.98999786376953,72.91000366210938,72.95999908447266,0
2026-08-01T00:45,73.01000213623047,73.06999969482422,72.98999786376953,73.06999969482422,1542784
2026-08-01T00:50,73.08000183105469,73.08000183105469,72.95999908447266,72.9800033569336,963328
2026-08-01T00:55,72.9800033569336,72.9800033569336,72.87000274658203,72.94999694824219,1900928
2026-08-01T01:00,72.95999908447266,73.01000213623047,72.95999908447266,73.01000213623047,0
2026-08-01T01:05,73.0,73.0199966430664,72.97000122070312,72.9800033569336,0
2026-08-01T01:10,72.95999908447266,73.0199966430664,72.94000244140625,73.0199966430664,0
2026-08-01T01:15,73.04000091552734,73.05999755859375,73.01000213623047,73.01000213623047,0
2026-08-01T01:20,73.02999877929688,73.05999755859375,73.0,73.01000213623047,0
2026-08-01T01:25,73.0,73.05000305175781,72.97000122070312,73.0,0
2026-08-01T01:30,73.02999877929688,73.02999877929688,72.95999908447266,72.95999908447266,0
2026-08-01T01:35,72.97000122070312,73.0199966430664,72.97000122070312,73.01000213623047,0
2026-08-01T01:40,73.01000213623047,73.0199966430664,72.9800033569336,72.98999786376953,0
2026-08-01T01:45,72.98999786376953,73.01000213623047,72.95999908447266,72.97000122070312,0
2026-08-01T01:50,72.97000122070312,72.98999786376953,72.91000366210938,72.97000122070312,0
2026-08-01T01:55,72.97000122070312,72.9800033569336,72.93000030517578,72.9800033569336,0
2026-08-01T02:00,72.9800033569336,73.01000213623047,72.97000122070312,72.98999786376953,0
2026-08-01T02:05,72.98999786376953,73.0,72.94000244140625,73.0,0
2026-08-01T02:10,72.98999786376953,73.05000305175781,72.97000122070312,72.9800033569336,7925376
2026-08-01T02:15,72.98999786376953,73.0199966430664,72.9800033569336,73.0199966430664,3964544
2026-08-01T02:20,73.02999877929688,73.08000183105469,73.02999877929688,73.04000091552734,2387840
2026-08-01T02:25,73.05000305175781,73.08000183105469,73.05000305175781,73.08000183105469,0
2026-08-01T02:30,73.06999969482422,73.08000183105469,73.04000091552734,73.08000183105469,0
2026-08-01T02:35,73.05000305175781,73.08999633789062,73.0,73.0,340352
2026-08-01T02:40,73.01000213623047,73.01000213623047,72.93000030517578,72.94999694824219,1098880
2026-08-01T02:45,72.94999694824219,73.01000213623047,72.93000030517578,72.95999908447266,67968
2026-08-01T02:50,72.97000122070312,73.01000213623047,72.97000122070312,73.0,1025152
2026-08-01T02:55,72.98999786376953,73.02999877929688,72.98999786376953,73.01000213623047,0
2026-08-01T03:00,73.0,73.02999877929688,72.97000122070312,72.97000122070312,0
2026-08-01T03:05,72.9800033569336,73.02999877929688,72.97000122070312,73.01000213623047,0
2026-08-01T03:10,73.0,73.01000213623047,72.91000366210938,72.91999816894531,0
2026-08-01T03:15,72.91000366210938,72.91999816894531,72.87999725341797,72.9000015258789,0
2026-08-01T03:20,72.9000015258789,72.94000244140625,72.86000061035156,72.93000030517578,0
2026-08-01T03:25,72.94000244140625,72.94000244140625,72.8499984741211,72.86000061035156,0
2026-08-01T03:30,72.8499984741211,72.87999725341797,72.81999969482422,72.81999969482422,0
2026-08-01T03:35,72.81999969482422,72.9000015258789,72.81999969482422,72.8499984741211,1480192
2026-08-01T03:40,72.8499984741211,72.87999725341797,72.83000183105469,72.87999725341797,1249024
2026-08-01T03:45,72.87999725341797,72.91999816894531,72.83999633789062,72.87000274658203,1454848
2026-08-01T03:50,72.87000274658203,72.94999694824219,72.86000061035156,72.94000244140625,0
2026-08-01T03:55,72.94999694824219,72.97000122070312,72.93000030517578,72.95999908447266,34560
2026-08-01T04:00,72.95999908447266,73.04000091552734,72.95999908447266,73.0199966430664,0
2026-08-01T04:05,73.0199966430664,73.0199966430664,72.95999908447266,72.98999786376953,0
2026-08-01T04:10,72.98999786376953,73.02999877929688,72.97000122070312,73.02999877929688,0
2026-08-01T04:15,73.02999877929688,73.05000305175781,73.0,73.05000305175781,0
2026-08-01T04:20,73.05000305175781,73.05999755859375,73.01000213623047,73.04000091552734,0
2026-08-01T04:25,73.05000305175781,73.05999755859375,73.0199966430664,73.0199966430664,0
2026-08-01T04:30,73.04000091552734,73.05999755859375,73.02999877929688,73.04000091552734,0
2026-08-01T04:35,73.02999877929688,73.04000091552734,73.0,73.0,0
2026-08-01T04:40,73.01000213623047,73.06999969482422,73.01000213623047,73.05999755859375,0
2026-08-01T04:45,73.06999969482422,73.08999633789062,73.05000305175781,73.08999633789062,0
2026-08-01T04:50,73.08999633789062,73.13999938964844,73.06999969482422,73.13999938964844,0
2026-08-01T04:55,73.12000274658203,73.12000274658203,73.08000183105469,73.08999633789062,0
2026-08-01T05:00,73.08000183105469,73.12000274658203,73.05999755859375,73.12000274658203,0
2026-08-01T05:05,73.12000274658203,73.12000274658203,73.08999633789062,73.11000061035156,0
2026-08-01T05:10,73.11000061035156,73.13999938964844,73.0999984741211,73.12999725341797,0
2026-08-01T05:15,73.12999725341797,73.12999725341797,73.02999877929688,73.04000091552734,0
2026-08-01T05:20,73.04000091552734,73.04000091552734,72.98999786376953,73.01000213623047,0
2026-08-01T05:25,73.01000213623047,73.02999877929688,72.95999908447266,72.9800033569336,0
2026-08-01T05:30,72.9800033569336,73.0199966430664,72.9800033569336,72.98999786376953,0
2026-08-01T05:35,72.9800033569336,72.98999786376953,72.88999938964844,72.88999938964844,0
2026-08-01T05:40,72.87999725341797,72.9000015258789,72.8499984741211,72.87000274658203,0
2026-08-01T05:45,72.87000274658203,72.87999725341797,72.83000183105469,72.83999633789062,0
2026-08-01T05:50,72.83999633789062,72.87000274658203,72.80000305175781,72.86000061035156,0
2026-08-01T05:55,72.86000061035156,72.87999725341797,72.8499984741211,72.87999725341797,0
2026-08-01T06:00,72.87999725341797,72.87999725341797,72.83000183105469,72.83000183105469,0
2026-08-01T06:05,72.83000183105469,72.86000061035156,72.80999755859375,72.8499984741211,0
2026-08-01T06:10,72.86000061035156,72.91000366210938,72.83999633789062,72.91000366210938,0
2026-08-01T06:15,72.9000015258789,72.93000030517578,72.87000274658203,72.91000366210938,0
2026-08-01T06:20,72.93000030517578,72.94999694824219,72.91999816894531,72.91999816894531,0
2026-08-01T06:25,72.93000030517578,72.94999694824219,72.91000366210938,72.93000030517578,0
2026-08-01T06:30,72.94000244140625,72.94999694824219,72.87999725341797,72.9000015258789,0
2026-08-01T06:35,72.91000366210938,72.91999816894531,72.88999938964844,72.91000366210938,0
2026-08-01T06:40,72.91000366210938,72.93000030517578,72.91000366210938,72.91000366210938,0
2026-08-01T06:45,72.91000366210938,72.94000244140625,72.87999725341797,72.93000030517578,0
2026-08-01T06:50,72.91999816894531,72.94999694824219,72.91999816894531,72.94000244140625,0
2026-08-01T06:55,72.94000244140625,72.94000244140625,72.9000015258789,72.93000030517578,0
2026-08-01T07:00,72.91000366210938,72.94000244140625,72.9000015258789,72.94000244140625,0
2026-08-01T07:05,72.93000030517578,72.97000122070312,72.93000030517578,72.97000122070312,0
2026-08-01T07:10,72.97000122070312,73.02999877929688,72.97000122070312,73.01000213623047,0
2026-08-01T07:15,73.0199966430664,73.0199966430664,72.93000030517578,72.95999908447266,0
2026-08-01T07:20,72.95999908447266,72.9800033569336,72.94999694824219,72.9800033569336,0
2026-08-01T07:25,72.9800033569336,72.98999786376953,72.91000366210938,72.91999816894531,0
2026-08-01T07:30,72.91000366210938,72.91999816894531,72.8499984741211,72.91000366210938,0
2026-08-01T07:35,72.9000015258789,72.91999816894531,72.87000274658203,72.88999938964844,0
2026-08-01T07:40,72.88999938964844,72.88999938964844,72.87999725341797,72.88999938964844,0
2026-08-01T07:45,72.88999938964844,72.88999938964844,72.87000274658203,72.87999725341797,0
2026-08-01T07:50,72.88999938964844,72.91999816894531,72.87000274658203,72.91999816894531,0
2026-08-01T07:55,72.9000015258789,72.91999816894531,72.88999938964844,72.9000015258789,0
2026-08-01T08:00,72.88999938964844,72.94000244140625,72.88999938964844,72.91999816894531,0
2026-08-01T08:05,72.93000030517578,72.93000030517578,72.87999725341797,72.88999938964844,0
2026-08-01T08:10,72.87999725341797,72.91999816894531,72.87999725341797,72.91000366210938,0
2026-08-01T08:15,72.91000366210938,72.94000244140625,72.91000366210938,72.93000030517578,0
2026-08-01T08:20,72.93000030517578,72.94999694824219,72.93000030517578,72.94999694824219,0
2026-08-01T08:25,72.94999694824219,73.0,72.94999694824219,72.97000122070312,262144
2026-08-01T08:30,72.97000122070312,72.98999786376953,72.95999908447266,72.9800033569336,0
2026-08-01T08:35,72.9800033569336,72.9800033569336,72.91000366210938,72.91999816894531,0
2026-08-01T08:40,72.91999816894531,72.94000244140625,72.9000015258789,72.91999816894531,0
2026-08-01T08:45,72.91999816894531,72.94000244140625,72.9000015258789,72.94000244140625,0
2026-08-01T08:50,72.93000030517578,72.9800033569336,72.91999816894531,72.9800033569336,0
2026-08-01T08:55,72.9800033569336,72.98999786376953,72.95999908447266,72.97000122070312,0
2026-08-01T09:00,72.9800033569336,73.01000213623047,72.94000244140625,72.95999908447266,0
2026-08-01T09:05,72.95999908447266,72.95999908447266,72.91999816894531,72.94000244140625,0
2026-08-01T09:10,72.94999694824219,72.97000122070312,72.88999938964844,72.88999938964844,0
2026-08-01T09:15,72.9000015258789,72.94999694824219,72.88999938964844,72.91999816894531,418560
2026-08-01T09:20,72.91000366210938,72.94999694824219,72.9000015258789,72.91000366210938,0
2026-08-01T09:25,72.9000015258789,72.9000015258789,72.87999725341797,72.88999938964844,0
2026-08-01T09:30,72.87000274658203,72.91000366210938,72.87000274658203,72.91000366210938,0
2026-08-01T09:35,72.91000366210938,72.91999816894531,72.9000015258789,72.91000366210938,0
2026-08-01T09:40,72.91000366210938,72.91999816894531,72.88999938964844,72.91000366210938,0
2026-08-01T09:45,72.9000015258789,72.91000366210938,72.8499984741211,72.86000061035156,0
2026-08-01T09:50,72.8499984741211,72.87999725341797,72.83000183105469,72.83000183105469,0
2026-08-01T09:55,72.80999755859375,72.83999633789062,72.7699966430664,72.7699966430664,0
2026-08-01T10:00,72.79000091552734,72.81999969482422,72.5999984741211,72.63999938964844,0
2026-08-01T10:05,72.62999725341797,72.70999908447266,72.62000274658203,72.69999694824219,0
2026-08-01T10:10,72.69999694824219,72.75,72.68000030517578,72.73999786376953,0
2026-08-01T10:15,72.7300033569336,72.81999969482422,72.70999908447266,72.81999969482422,0
2026-08-01T10:20,72.80999755859375,72.83000183105469,72.79000091552734,72.79000091552734,253824
2026-08-01T10:25,72.77999877929688,72.77999877929688,72.75,72.76000213623047,0
2026-08-01T10:30,72.76000213623047,72.7699966430664,72.7300033569336,72.75,0
2026-08-01T10:35,72.75,72.75,72.72000122070312,72.75,0
2026-08-01T10:40,72.75,72.83000183105469,72.73999786376953,72.80999755859375,0
2026-08-01T10:45,72.81999969482422,72.83000183105469,72.75,72.80000305175781,0
2026-08-01T10:50,72.80000305175781,72.80000305175781,72.77999877929688,72.79000091552734,0
2026-08-01T10:55,72.79000091552734,72.79000091552734,72.75,72.7699966430664,0
2026-08-01T11:00,72.7699966430664,72.7699966430664,72.72000122070312,72.7699966430664,0
2026-08-01T11:05,72.7699966430664,72.7699966430664,72.73999786376953,72.7699966430664,0
2026-08-01T11:10,72.7699966430664,72.80000305175781,72.76000213623047,72.79000091552734,0
2026-08-01T11:15,72.80000305175781,72.80999755859375,72.76000213623047,72.77999877929688,0
2026-08-01T11:20,72.79000091552734,72.83999633789062,72.79000091552734,72.79000091552734,0
2026-08-01T11:25,72.80000305175781,72.80999755859375,72.79000091552734,72.80000305175781,0
2026-08-01T11:30,72.80999755859375,72.83999633789062,72.7699966430664,72.80999755859375,15616
2026-08-01T11:35,72.80999755859375,72.83000183105469,72.79000091552734,72.81999969482422,0
2026-08-01T11:40,72.80999755859375,72.81999969482422,72.77999877929688,72.81999969482422,0
2026-08-01T11:45,72.81999969482422,72.83000183105469,72.80999755859375,72.81999969482422,0
2026-08-01T11:50,72.83000183105469,72.83000183105469,72.80999755859375,72.83000183105469,0
2026-08-01T11:55,72.83000183105469,72.83000183105469,72.80000305175781,72.83000183105469,0
2026-08-01T12:00,72.83999633789062,72.87000274658203,72.83000183105469,72.87000274658203,0
2026-08-01T12:05,72.87000274658203,72.87000274658203,72.81999969482422,72.81999969482422,0
2026-08-01T12:10,72.80999755859375,72.8499984741211,72.80000305175781,72.80000305175781,0
2026-08-01T12:15,72.80000305175781,72.83999633789062,72.80000305175781,72.83999633789062,0
2026-08-01T12:20,72.83000183105469,72.8499984741211,72.80000305175781,72.8499984741211,0
2026-08-01T12:25,72.8499984741211,72.87000274658203,72.83999633789062,72.86000061035156,0
2026-08-01T12:30,72.86000061035156,72.87000274658203,72.83999633789062,72.86000061035156,0
2026-08-01T12:35,72.86000061035156,72.87999725341797,72.81999969482422,72.83999633789062,0
2026-08-01T12:40,72.83999633789062,72.86000061035156,72.80999755859375,72.81999969482422,0
2026-08-01T12:45,72.81999969482422,72.87000274658203,72.80999755859375,72.87000274658203,0
2026-08-01T12:50,72.87000274658203,72.87999725341797,72.8499984741211,72.87000274658203,0
2026-08-01T12:55,72.87000274658203,72.87999725341797,72.8499984741211,72.86000061035156,0
2026-08-01T13:00,72.86000061035156,72.88999938964844,72.8499984741211,72.87000274658203,0
2026-08-01T13:05,72.88999938964844,72.9000015258789,72.86000061035156,72.9000015258789,0
2026-08-01T13:10,72.88999938964844,72.94000244140625,72.87999725341797,72.91999816894531,0
2026-08-01T13:15,72.9000015258789,72.91000366210938,72.87999725341797,72.9000015258789,0
2026-08-01T13:20,72.9000015258789,72.9000015258789,72.8499984741211,72.88999938964844,0
2026-08-01T13:25,72.87999725341797,72.88999938964844,72.8499984741211,72.86000061035156,0
2026-08-01T13:30,72.86000061035156,72.9000015258789,72.83999633789062,72.9000015258789,0
2026-08-01T13:35,72.88999938964844,72.93000030517578,72.87999725341797,72.9000015258789,0
2026-08-01T13:40,72.9000015258789,72.91999816894531,72.87000274658203,72.91999816894531,0
2026-08-01T13:45,72.91999816894531,72.91999816894531,72.8499984741211,72.87000274658203,0
2026-08-01T13:50,72.87000274658203,72.88999938964844,72.86000061035156,72.88999938964844,0
2026-08-01T13:55,72.88999938964844,72.91999816894531,72.87999725341797,72.91000366210938,0
2026-08-01T14:00,72.91000366210938,72.95999908447266,72.9000015258789,72.94999694824219,0
2026-08-01T14:05,72.91999816894531,72.97000122070312,72.87999725341797,72.88999938964844,0
2026-08-01T14:10,72.9000015258789,72.9000015258789,72.80000305175781,72.81999969482422,0
2026-08-01T14:15,72.80999755859375,72.83000183105469,72.80000305175781,72.83000183105469,0
2026-08-01T14:20,72.83999633789062,72.87000274658203,72.83999633789062,72.83999633789062,0
2026-08-01T14:25,72.8499984741211,72.91999816894531,72.83999633789062,72.91000366210938,0
2026-08-01T14:30,72.91999816894531,72.93000030517578,72.88999938964844,72.88999938964844,0
2026-08-01T14:35,72.9000015258789,72.94000244140625,72.87000274658203,72.91999816894531,0
2026-08-01T14:40,72.91999816894531,72.94000244140625,72.9000015258789,72.91999816894531,0
2026-08-01T14:45,72.93000030517578,72.93000030517578,72.9000015258789,72.91000366210938,0
2026-08-01T14:50,72.87999725341797,72.91999816894531,72.87999725341797,72.88999938964844,0
2026-08-01T14:55,72.87999725341797,72.97000122070312,72.87999725341797,72.97000122070312,0
2026-08-01T15:00,72.97000122070312,72.97000122070312,72.9000015258789,72.91999816894531,0
2026-08-01T15:05,72.91000366210938,72.94000244140625,72.88999938964844,72.91999816894531,0
2026-08-01T15:10,72.93000030517578,72.94000244140625,72.91000366210938,72.91999816894531,0
2026-08-01T15:15,72.91999816894531,72.93000030517578,72.83000183105469,72.83000183105469,0
2026-08-01T15:20,72.83000183105469,72.86000061035156,72.81999969482422,72.81999969482422,0
2026-08-01T15:25,72.83000183105469,72.83000183105469,72.77999877929688,72.77999877929688,0
2026-08-01T15:30,72.77999877929688,72.77999877929688,72.69000244140625,72.69999694824219,0
2026-08-01T15:35,72.69000244140625,72.73999786376953,72.66999816894531,72.7300033569336,0
2026-08-01T15:40,72.73999786376953,72.77999877929688,72.7300033569336,72.75,0
2026-08-01T15:45,72.73999786376953,72.7699966430664,72.7300033569336,72.73999786376953,0
2026-08-01T15:50,72.75,72.77999877929688,72.72000122070312,72.77999877929688,0
2026-08-01T15:55,72.77999877929688,72.79000091552734,72.7300033569336,72.7300033569336,0
2026-08-01T16:00,72.7300033569336,72.81999969482422,72.68000030517578,72.80000305175781,0
2026-08-01T16:05,72.79000091552734,72.80000305175781,72.72000122070312,72.72000122070312,0
2026-08-01T16:10,72.72000122070312,72.77999877929688,72.72000122070312,72.76000213623047,0
2026-08-01T16:15,72.76000213623047,72.80999755859375,72.76000213623047,72.7699966430664,0
2026-08-01T16:20,72.7699966430664,72.81999969482422,72.73999786376953,72.81999969482422,0
2026-08-01T16:25,72.83000183105469,72.8499984741211,72.80999755859375,72.81999969482422,0
2026-08-01T16:30,72.81999969482422,72.87000274658203,72.79000091552734,72.83999633789062,0
2026-08-01T16:35,72.83999633789062,72.87000274658203,72.81999969482422,72.83000183105469,0
2026-08-01T16:40,72.83000183105469,72.8499984741211,72.7699966430664,72.77999877929688,0
2026-08-01T16:45,72.77999877929688,72.77999877929688,72.73999786376953,72.75,0
2026-08-01T16:50,72.75,72.75,72.66999816894531,72.68000030517578,0
2026-08-01T16:55,72.69000244140625,72.69000244140625,72.43000030517578,72.62999725341797,2083264
2026-08-01T17:00,72.62000274658203,72.70999908447266,72.5999984741211,72.69999694824219,4400896
2026-08-01T17:05,72.69999694824219,72.72000122070312,72.63999938964844,72.66000366210938,1586880
2026-08-01T17:10,72.62000274658203,72.62000274658203,72.33999633789062,72.43000030517578,4577408
2026-08-01T17:15,72.41000366210938,72.45999908447266,72.36000061035156,72.41000366210938,3654272
2026-08-01T17:20,72.41999816894531,72.44000244140625,72.33999633789062,72.4000015258789,3325312
2026-08-01T17:25,72.4000015258789,72.4000015258789,72.05000305175781,72.0999984741211,5906432
2026-08-01T17:30,72.08999633789062,72.08999633789062,71.66000366210938,71.66000366210938,29618304
2026-08-01T17:35,71.6500015258789,71.79000091552734,71.56999969482422,71.66000366210938,27375232
2026-08-01T17:40,71.6500015258789,71.87000274658203,71.6500015258789,71.87000274658203,18386880
2026-08-01T17:45,71.8499984741211,71.87000274658203,71.7699966430664,71.79000091552734,6028800
2026-08-01T17:50,71.79000091552734,71.8499984741211,71.66000366210938,71.8499984741211,5061504
2026-08-01T17:55,71.83000183105469,71.87000274658203,71.83000183105469,71.87000274658203,1591360
2026-08-01T18:00,71.86000061035156,71.86000061035156,71.6500015258789,71.79000091552734,0
2026-08-01T18:05,71.7699966430664,71.91000366210938,71.75,71.9000015258789,13721344
2026-08-01T18:10,71.88999938964844,71.91000366210938,71.77999877929688,71.79000091552734,1637248
2026-08-01T18:15,71.76000213623047,71.7699966430664,71.68000030517578,71.72000122070312,1604096
2026-08-01T18:20,71.7300033569336,71.77999877929688,71.43000030517578,71.43000030517578,5799872
2026-08-01T18:25,71.45999908447266,71.56999969482422,71.43000030517578,71.4800033569336,5807232
2026-08-01T18:30,71.44000244140625,71.45999908447266,70.97000122070312,71.13999938964844,12639680
2026-08-01T18:35,71.16999816894531,71.30999755859375,71.16000366210938,71.22000122070312,40296448
2026-08-01T18:40,71.2300033569336,71.31999969482422,71.0999984741211,71.0999984741211,6321408
2026-08-01T18:45,71.12999725341797,71.12999725341797,70.58000183105469,70.58000183105469,7048064
2026-08-01T18:50,70.55000305175781,70.83000183105469,70.55000305175781,70.75,25722112
2026-08-01T18:55,70.77999877929688,71.02999877929688,70.77999877929688,71.02999877929688,10137728
2026-08-01T19:00,70.98999786376953,71.2300033569336,70.98999786376953,71.2300033569336,2767232
2026-08-01T19:05,71.22000122070312,71.26000213623047,71.1500015258789,71.2300033569336,14018944
2026-08-01T19:10,71.2300033569336,71.23999786376953,71.19000244140625,71.19000244140625,4042368
2026-08-01T19:15,71.19000244140625,71.26000213623047,71.18000030517578,71.22000122070312,1985536
2026-08-01T19:20,71.22000122070312,71.22000122070312,71.05999755859375,71.12000274658203,496768
2026-08-01T19:25,71.12000274658203,71.20999908447266,71.12000274658203,71.20999908447266,409344
2026-08-01T19:30,71.19999694824219,71.2699966430664,71.16999816894531,71.22000122070312,959232
2026-08-01T19:35,71.22000122070312,71.23999786376953,71.12000274658203,71.13999938964844,550400
2026-08-01T19:40,71.16000366210938,71.18000030517578,71.12999725341797,71.16000366210938,197632
2026-08-01T19:45,71.16000366210938,71.25,71.16000366210938,71.23999786376953,573312
2026-08-01T19:50,71.23999786376953,71.30000305175781,71.19999694824219,71.22000122070312,200320
2026-08-01T19:55,71.20999908447266,71.25,71.19000244140625,71.19999694824219,0
2026-08-01T20:00,71.16999816894531,71.30000305175781,71.16000366210938,71.26000213623047,0
2026-08-01T20:05,71.26000213623047,71.30999755859375,71.2300033569336,71.23999786376953,0
2026-08-01T20:10,71.23999786376953,71.37999725341797,71.23999786376953,71.33000183105469,502912
2026-08-01T20:15,71.33000183105469,71.37999725341797,71.31999969482422,71.37000274658203,44672
2026-08-01T20:20,71.38999938964844,71.45999908447266,71.37000274658203,71.41000366210938,1947264
2026-08-01T20:25,71.41000366210938,71.41000366210938,71.33000183105469,71.37000274658203,1937792
2026-08-01T20:30,71.37000274658203,71.4000015258789,71.29000091552734,71.37999725341797,2478336
2026-08-01T20:35,71.37999725341797,71.47000122070312,71.37000274658203,71.37000274658203,607104
2026-08-01T20:40,71.37999725341797,71.41000366210938,71.37999725341797,71.38999938964844,736896
2026-08-01T20:45,71.38999938964844,71.4800033569336,71.36000061035156,71.44999694824219,256512
2026-08-01T20:50,71.44999694824219,71.4800033569336,71.41999816894531,71.44999694824219,2924032
2026-08-01T20:55,71.44999694824219,71.5,71.44999694824219,71.48999786376953,0
2026-08-01T21:00,71.48999786376953,71.7300033569336,71.48999786376953,71.6500015258789,0
2026-08-01T21:05,71.63999938964844,71.6500015258789,71.58999633789062,71.61000061035156,9845760
2026-08-01T21:10,71.5999984741211,71.6500015258789,71.55999755859375,71.6500015258789,1186304
2026-08-01T21:15,71.6500015258789,71.7300033569336,71.62999725341797,71.70999908447266,733440
2026-08-01T21:20,71.70999908447266,71.72000122070312,71.5999984741211,71.5999984741211,943872
2026-08-01T21:25,71.58999633789062,71.62999725341797,71.54000091552734,71.62999725341797,2817408
2026-08-01T21:30,71.62999725341797,71.73999786376953,71.62000274658203,71.73999786376953,379136
2026-08-01T21:35,71.72000122070312,71.73999786376953,71.66000366210938,71.68000030517578,568960
2026-08-01T21:40,71.66999816894531,71.73999786376953,71.6500015258789,71.73999786376953,750848
2026-08-01T21:45,71.73999786376953,71.79000091552734,71.72000122070312,71.76000213623047,559104
2026-08-01T21:50,71.76000213623047,71.79000091552734,71.7300033569336,71.75,48896
2026-08-01T21:55,71.75,71.80000305175781,71.7300033569336,71.80000305175781,657792
2026-08-01T22:00,71.80000305175781,71.94000244140625,71.80000305175781,71.88999938964844,0
2026-08-01T22:05,71.87999725341797,71.91999816894531,71.86000061035156,71.88999938964844,0
2026-08-01T22:10,71.88999938964844,71.9000015258789,71.83999633789062,71.87000274658203,0
2026-08-01T22:15,71.87999725341797,71.91999816894531,71.87000274658203,71.87999725341797,0
2026-08-01T22:20,71.87999725341797,71.87999725341797,71.80999755859375,71.83000183105469,0
2026-08-01T22:25,71.83000183105469,71.93000030517578,71.83000183105469,71.93000030517578,18816
2026-08-01T22:30,71.91999816894531,71.94000244140625,71.9000015258789,71.91000366210938,0
2026-08-01T22:35,71.91000366210938,71.93000030517578,71.86000061035156,71.91000366210938,0
2026-08-01T22:40,71.91999816894531,71.93000030517578,71.88999938964844,71.88999938964844,27520
2026-08-01T22:45,71.9000015258789,71.91999816894531,71.87999725341797,71.87999725341797,0
2026-08-01T22:50,71.86000061035156,71.87999725341797,71.8499984741211,71.8499984741211,156032
2026-08-01T22:55,71.8499984741211,71.86000061035156,71.83000183105469,71.8499984741211,9856
2026-08-01T23:00,71.98999786376953,72.0199966430664,71.94999694824219,71.97000122070312,0
2026-08-01T23:05,71.97000122070312,71.97000122070312,71.91999816894531,71.95999908447266,1559936
2026-08-01T23:10,71.94999694824219,71.95999908447266,71.9000015258789,71.93000030517578,610944
2026-08-01T23:15,71.93000030517578,71.93000030517578,71.8499984741211,71.86000061035156,0
2026-08-01T23:20,71.8499984741211,71.8499984741211,71.77999877929688,71.79000091552734,0
2026-08-01T23:25,71.80999755859375,71.80999755859375,71.76000213623047,71.7699966430664,0
2026-08-01T23:30,71.79000091552734,71.83999633789062,71.77999877929688,71.79000091552734,56064
2026-08-01T23:35,71.79000091552734,71.8499984741211,71.79000091552734,71.83000183105469,42240
2026-08-01T23:40,71.81999969482422,71.87000274658203,71.80000305175781,71.87000274658203,1065600
2026-08-01T23:45,71.87000274658203,71.88999938964844,71.8499984741211,71.86000061035156,1267968
2026-08-01T23:50,71.86000061035156,71.87999725341797,71.83000183105469,71.87000274658203,0
2026-08-01T23:55,71.86000061035156,71.9000015258789,71.86000061035156,71.9000015258789,323200
2026-08-02T00:00,71.87000274658203,71.97000122070312,71.87000274658203,71.97000122070312,0
2026-08-02T00:05,71.97000122070312,72.01000213623047,71.91999816894531,71.93000030517578,1244544
2026-08-02T00:10,71.95999908447266,72.05000305175781,71.94999694824219,72.04000091552734,290048
2026-08-02T00:15,72.04000091552734,72.08000183105469,72.02999877929688,72.06999969482422,2228608
2026-08-02T00:20,72.05999755859375,72.05999755859375,72.01000213623047,72.04000091552734,3016448
2026-08-02T00:25,72.02999877929688,72.05999755859375,71.97000122070312,71.98999786376953,747264
2026-08-02T00:30,71.98999786376953,72.04000091552734,71.98999786376953,71.98999786376953,0
2026-08-02T00:35,72.0,72.0,71.94000244140625,71.95999908447266,0
2026-08-02T00:40,71.97000122070312,72.01000213623047,71.97000122070312,71.98999786376953,154240
2026-08-02T00:45,72.01000213623047,72.02999877929688,71.9800033569336,71.9800033569336,0
2026-08-02T00:50,71.98999786376953,71.98999786376953,71.95999908447266,71.97000122070312,0
2026-08-02T00:55,71.9800033569336,72.04000091552734,71.95999908447266,72.04000091552734,0
2026-08-02T01:00,72.04000091552734,72.19000244140625,72.04000091552734,72.19000244140625,0
2026-08-02T01:05,72.19999694824219,72.30000305175781,72.16999816894531,72.30000305175781,0
2026-08-02T01:10,72.29000091552734,72.44000244140625,72.27999877929688,72.43000030517578,5997824
2026-08-02T01:15,72.47000122070312,72.55000305175781,72.4000015258789,72.4000015258789,5558528
2026-08-02T01:20,72.4000015258789,72.43000030517578,72.36000061035156,72.41000366210938,2586624
2026-08-02T01:25,72.41000366210938,72.47000122070312,72.41000366210938,72.45999908447266,0
2026-08-02T01:30,72.45999908447266,72.48999786376953,72.41000366210938,72.48999786376953,0
2026-08-02T01:35,72.48999786376953,72.66999816894531,72.48999786376953,72.63999938964844,5199104
2026-08-02T01:40,72.63999938964844,72.63999938964844,72.58000183105469,72.58000183105469,3433472
2026-08-02T01:45,72.56999969482422,72.58999633789062,72.55000305175781,72.55999755859375,1563136
2026-08-02T01:50,72.55999755859375,72.58999633789062,72.55000305175781,72.56999969482422,0
2026-08-02T01:55,72.58999633789062,72.62000274658203,72.55999755859375,72.55999755859375,0
2026-08-02T02:00,72.58999633789062,72.61000061035156,72.51000213623047,72.5199966430664,0
2026-08-02T02:05,72.5199966430664,73.22000122070312,72.51000213623047,73.02999877929688,0
2026-08-02T02:10,73.05000305175781,73.18000030517578,73.04000091552734,73.16000366210938,23102080
2026-08-02T02:15,73.19000244140625,73.25,73.05999755859375,73.20999908447266,2203264
2026-08-02T02:20,73.23999786376953,73.23999786376953,73.02999877929688,73.16000366210938,2331392
2026-08-02T02:25,73.16000366210938,73.16000366210938,73.02999877929688,73.04000091552734,3827328
2026-08-02T02:30,73.04000091552734,73.04000091552734,72.91000366210938,72.91000366210938,2200832
2026-08-02T02:35,72.91000366210938,72.94000244140625,72.87999725341797,72.91000366210938,0
2026-08-02T02:40,72.9000015258789,72.94000244140625,72.86000061035156,72.94000244140625,1005312
2026-08-02T02:45,72.94000244140625,73.04000091552734,72.91999816894531,73.0199966430664,0
2026-08-02T02:50,72.98999786376953,73.08000183105469,72.97000122070312,73.08000183105469,0
2026-08-02T02:55,73.06999969482422,73.06999969482422,73.04000091552734,73.05999755859375,762624
2026-08-02T03:00,73.08000183105469,73.1500015258789,73.04000091552734,73.05000305175781,0
2026-08-02T03:05,73.05000305175781,73.08999633789062,73.0199966430664,73.0199966430664,734080
2026-08-02T03:10,73.0199966430664,73.06999969482422,73.01000213623047,73.06999969482422,0
2026-08-02T03:15,73.06999969482422,73.06999969482422,73.02999877929688,73.05999755859375,133632
2026-08-02T03:20,73.04000091552734,73.1500015258789,73.04000091552734,73.06999969482422,872704
2026-08-02T03:25,73.06999969482422,73.08000183105469,73.01000213623047,73.0199966430664,1950720
2026-08-02T03:30,73.04000091552734,73.12000274658203,73.0199966430664,73.11000061035156,921216
2026-08-02T03:35,73.12000274658203,73.16000366210938,73.12000274658203,73.12999725341797,0
2026-08-02T03:40,73.12999725341797,73.13999938964844,73.12000274658203,73.13999938964844,0
2026-08-02T03:45,73.13999938964844,73.16999816894531,73.12999725341797,73.12999725341797,0
2026-08-02T03:50,73.12999725341797,73.12999725341797,73.06999969482422,73.08999633789062,0
2026-08-02T03:55,73.08999633789062,73.12999725341797,73.08999633789062,73.12000274658203,0
2026-08-02T04:00,73.16000366210938,73.2300033569336,73.16000366210938,73.16999816894531,0
2026-08-02T04:05,73.18000030517578,73.19999694824219,73.1500015258789,73.16999816894531,0
2026-08-02T04:10,73.18000030517578,73.20999908447266,73.16000366210938,73.18000030517578,1123712
2026-08-02T04:15,73.16999816894531,73.2699966430664,73.16999816894531,73.25,2053632
2026-08-02T04:20,73.25,73.31999969482422,73.25,73.30000305175781,2527744
2026-08-02T04:25,73.29000091552734,73.37000274658203,73.29000091552734,73.30000305175781,1872128
2026-08-02T04:30,73.30000305175781,73.33999633789062,73.29000091552734,73.30999755859375,1883776
2026-08-02T04:35,73.31999969482422,73.33000183105469,73.23999786376953,73.29000091552734,4807040
2026-08-02T04:40,73.2699966430664,73.2699966430664,73.22000122070312,73.22000122070312,3277952
2026-08-02T04:45,73.23999786376953,73.30999755859375,73.23999786376953,73.30999755859375,1958784
2026-08-02T04:50,73.30000305175781,73.33000183105469,73.29000091552734,73.33000183105469,1884928
2026-08-02T04:55,73.33000183105469,73.4800033569336,73.33000183105469,73.44999694824219,1100288
2026-08-02T05:00,73.45999908447266,73.58000183105469,73.41000366210938,73.41000366210938,4043008
2026-08-02T05:05,73.41000366210938,73.48999786376953,73.41000366210938,73.44000244140625,11018624
2026-08-02T05:10,73.44000244140625,73.44000244140625,73.41000366210938,73.43000030517578,6600448
2026-08-02T05:15,73.45999908447266,73.47000122070312,73.38999938964844,73.45999908447266,1931392
2026-08-02T05:20,73.45999908447266,73.58999633789062,73.45999908447266,73.51000213623047,1538944
2026-08-02T05:25,73.5199966430664,73.5199966430664,73.44999694824219,73.47000122070312,2428160
2026-08-02T05:30,73.4800033569336,73.5199966430664,73.44999694824219,73.48999786376953,1004032
2026-08-02T05:35,73.45999908447266,73.47000122070312,73.41000366210938,73.45999908447266,2231552
2026-08-02T05:40,73.45999908447266,73.4800033569336,73.38999938964844,73.44999694824219,1954944
2026-08-02T05:45,73.41999816894531,73.48999786376953,73.41999816894531,73.4800033569336,2985600
2026-08-02T05:50,73.48999786376953,73.55000305175781,73.4800033569336,73.55000305175781,456320
2026-08-02T05:55,73.55000305175781,73.58000183105469,73.52999877929688,73.52999877929688,0
2026-08-02T06:00,73.52999877929688,73.58000183105469,73.51000213623047,73.5199966430664,0
2026-08-02T06:05,73.52999877929688,73.52999877929688,73.44999694824219,73.44999694824219,2078208
2026-08-02T06:10,73.44000244140625,73.4800033569336,73.41999816894531,73.41999816894531,0
2026-08-02T06:15,73.44000244140625,73.44999694824219,73.41999816894531,73.44000244140625,0
2026-08-02T06:20,73.44000244140625,73.51000213623047,73.43000030517578,73.5,0
2026-08-02T06:25,73.5,73.52999877929688,73.48999786376953,73.5,0
2026-08-02T06:30,73.4800033569336,73.52999877929688,73.45999908447266,73.47000122070312,0
2026-08-02T06:35,73.47000122070312,73.5,73.43000030517578,73.43000030517578,1375104
2026-08-02T06:40,73.44000244140625,73.5,73.44000244140625,73.4800033569336,1672064
2026-08-02T06:45,73.47000122070312,73.47000122070312,73.41999816894531,73.43000030517578,1677312
2026-08-02T06:50,73.41999816894531,73.41999816894531,73.36000061035156,73.37000274658203,235264
2026-08-02T06:55,73.38999938964844,73.41000366210938,73.37000274658203,73.37999725341797,0
2026-08-02T07:00,73.37000274658203,73.37999725341797,73.33999633789062,73.36000061035156,0
2026-08-02T07:05,73.36000061035156,73.37999725341797,73.33999633789062,73.36000061035156,0
2026-08-02T07:10,73.36000061035156,73.38999938964844,73.31999969482422,73.3499984741211,1009280
2026-08-02T07:15,73.3499984741211,73.37000274658203,73.3499984741211,73.37000274658203,1980928
2026-08-02T07:20,73.37000274658203,73.44999694824219,73.37000274658203,73.43000030517578,207744
2026-08-02T07:25,73.44000244140625,73.44000244140625,73.41000366210938,73.41000366210938,230912
2026-08-02T07:30,73.41000366210938,73.41999816894531,73.37000274658203,73.37000274658203,0
2026-08-02T07:35,73.37999725341797,73.4000015258789,73.37999725341797,73.4000015258789,0
2026-08-02T07:40,73.37999725341797,73.41999816894531,73.37000274658203,73.41999816894531,249728
2026-08-02T07:45,73.41999816894531,73.43000030517578,73.37999725341797,73.41999816894531,2180864
2026-08-02T07:50,73.41999816894531,73.43000030517578,73.4000015258789,73.41000366210938,2490112
2026-08-02T07:55,73.4000015258789,73.41000366210938,73.37000274658203,73.4000015258789,775040
2026-08-02T08:00,73.43000030517578,73.44000244140625,73.36000061035156,73.37000274658203,2220032
2026-08-02T08:05,73.37000274658203,73.37999725341797,73.31999969482422,73.33000183105469,2528896
2026-08-02T08:10,73.33999633789062,73.4000015258789,73.33999633789062,73.3499984741211,1148672
2026-08-02T08:15,73.36000061035156,73.37000274658203,73.3499984741211,73.36000061035156,1677568
2026-08-02T08:20,73.36000061035156,73.37000274658203,73.33999633789062,73.33999633789062,22528
2026-08-02T08:25,73.33999633789062,73.3499984741211,73.26000213623047,73.2699966430664,0
2026-08-02T08:30,73.27999877929688,73.33000183105469,73.2699966430664,73.2699966430664,998016
2026-08-02T08:35,73.2699966430664,73.29000091552734,73.11000061035156,73.11000061035156,1262464
2026-08-02T08:40,73.11000061035156,73.2300033569336,73.11000061035156,73.19999694824219,3806080
2026-08-02T08:45,73.19000244140625,73.23999786376953,73.19000244140625,73.20999908447266,3013504
2026-08-02T08:50,73.20999908447266,73.22000122070312,73.16000366210938,73.16000366210938,1857536
2026-08-02T08:55,73.16000366210938,73.18000030517578,73.0999984741211,73.12000274658203,4312320
2026-08-02T09:00,73.11000061035156,73.1500015258789,72.94000244140625,72.94000244140625,113152
2026-08-02T09:05,72.93000030517578,73.19999694824219,72.93000030517578,73.19999694824219,11554176
2026-08-02T09:10,73.20999908447266,73.26000213623047,73.20999908447266,73.26000213623047,3123200
2026-08-02T09:15,73.26000213623047,73.30000305175781,73.2300033569336,73.2300033569336,1014656
2026-08-02T09:20,73.25,73.29000091552734,73.22000122070312,73.29000091552734,422912
2026-08-02T09:25,73.30000305175781,73.30999755859375,73.22000122070312,73.2300033569336,694784
2026-08-02T09:30,73.23999786376953,73.31999969482422,73.2300033569336,73.30000305175781,1110016
2026-08-02T09:35,73.30000305175781,73.30000305175781,73.23999786376953,73.25,1014400
2026-08-02T09:40,73.25,73.26000213623047,73.22000122070312,73.23999786376953,394624
2026-08-02T09:45,73.23999786376953,73.30000305175781,73.23999786376953,73.30000305175781,598784
2026-08-02T09:50,73.30000305175781,73.3499984741211,73.29000091552734,73.3499984741211,954368
2026-08-02T09:55,73.3499984741211,73.36000061035156,73.30999755859375,73.30999755859375,557568
2026-08-02T10:00,73.30000305175781,73.30999755859375,73.2699966430664,73.2699966430664,0
2026-08-02T10:05,73.29000091552734,73.30000305175781,73.25,73.25,0
2026-08-02T10:10,73.25,73.25,73.16999816894531,73.16999816894531,0
2026-08-02T10:15,73.18000030517578,73.30999755859375,73.16999816894531,73.29000091552734,0
2026-08-02T10:20,73.29000091552734,73.29000091552734,73.0999984741211,73.12000274658203,1996288
2026-08-02T10:25,73.12000274658203,73.13999938964844,73.08999633789062,73.13999938964844,2117504
2026-08-02T10:30,73.13999938964844,73.19999694824219,73.13999938964844,73.19000244140625,838656
2026-08-02T10:35,73.16000366210938,73.23999786376953,73.13999938964844,73.19999694824219,1302656
2026-08-02T10:40,73.19999694824219,73.22000122070312,73.19000244140625,73.20999908447266,532736
2026-08-02T10:45,73.20999908447266,73.2300033569336,73.20999908447266,73.22000122070312,167680
2026-08-02T10:50,73.22000122070312,73.25,73.19999694824219,73.2300033569336,528384
2026-08-02T10:55,73.22000122070312,73.2300033569336,73.19000244140625,73.20999908447266,0
2026-08-02T11:00,73.22000122070312,73.2300033569336,73.19999694824219,73.19999694824219,0
2026-08-02T11:05,73.19000244140625,73.2300033569336,73.16999816894531,73.16999816894531,0
2026-08-02T11:10,73.18000030517578,73.18000030517578,73.1500015258789,73.18000030517578,0
2026-08-02T11:15,73.19000244140625,73.26000213623047,73.19000244140625,73.19999694824219,0
2026-08-02T11:20,73.19999694824219,73.20999908447266,73.12000274658203,73.1500015258789,0
2026-08-02T11:25,73.16000366210938,73.19999694824219,73.13999938964844,73.1500015258789,477568
2026-08-02T11:30,73.16000366210938,73.16000366210938,73.0999984741211,73.13999938964844,216576
2026-08-02T11:35,73.13999938964844,73.16999816894531,73.11000061035156,73.16000366210938,218496
2026-08-02T11:40,73.1500015258789,73.16999816894531,72.98999786376953,73.04000091552734,607488
2026-08-02T11:45,73.04000091552734,73.11000061035156,73.0199966430664,73.02999877929688,1702528
2026-08-02T11:50,73.02999877929688,73.0999984741211,72.94000244140625,72.9800033569336,1463552
2026-08-02T11:55,73.0,73.0199966430664,72.88999938964844,72.94000244140625,2711808
2026-08-02T12:00,72.94999694824219,73.05000305175781,72.94999694824219,73.05000305175781,2158848
2026-08-02T12:05,73.0199966430664,73.05999755859375,73.0,73.05999755859375,1534848
2026-08-02T12:10,73.06999969482422,73.13999938964844,73.0199966430664,73.13999938964844,2143616
2026-08-02T12:15,73.13999938964844,73.16999816894531,73.08999633789062,73.11000061035156,2367104
2026-08-02T12:20,73.12000274658203,73.16999816894531,73.08999633789062,73.0999984741211,1426688
2026-08-02T12:25,73.11000061035156,73.12000274658203,73.08000183105469,73.0999984741211,702464
2026-08-02T12:30,73.08999633789062,73.12999725341797,73.02999877929688,73.02999877929688,309248
2026-08-02T12:35,73.05000305175781,73.08000183105469,72.94999694824219,72.98999786376953,343552
2026-08-02T12:40,72.98999786376953,73.0,72.9800033569336,73.0,180992
2026-08-02T12:45,73.0,73.01000213623047,72.93000030517578,72.97000122070312,221440
2026-08-02T12:50,72.97000122070312,72.9800033569336,72.9000015258789,72.94999694824219,958720
2026-08-02T12:55,72.94000244140625,72.94000244140625,72.8499984741211,72.8499984741211,948224
2026-08-02T13:00,72.83999633789062,72.91000366210938,72.83000183105469,72.86000061035156,0
2026-08-02T13:05,72.83999633789062,72.9000015258789,72.83999633789062,72.88999938964844,1265792
2026-08-02T13:10,72.88999938964844,72.94000244140625,72.86000061035156,72.91999816894531,1224192
2026-08-02T13:15,72.91999816894531,72.91999816894531,72.86000061035156,72.88999938964844,729856
2026-08-02T13:20,72.9000015258789,72.94000244140625,72.88999938964844,72.91000366210938,712704
2026-08-02T13:25,72.91000366210938,72.94000244140625,72.8499984741211,72.8499984741211,460928
2026-08-02T13:30,72.8499984741211,72.9000015258789,72.80000305175781,72.81999969482422,908416
2026-08-02T13:35,72.80999755859375,72.80999755859375,72.62999725341797,72.66000366210938,1030528
2026-08-02T13:40,72.66000366210938,72.80000305175781,72.6500015258789,72.80000305175781,6989696
2026-08-02T13:45,72.81999969482422,72.94000244140625,72.80999755859375,72.93000030517578,1059328
2026-08-02T13:50,72.93000030517578,72.93000030517578,72.8499984741211,72.9000015258789,2066304
2026-08-02T13:55,72.9000015258789,72.91999816894531,72.87999725341797,72.9000015258789,906368
2026-08-02T14:00,72.87999725341797,72.93000030517578,72.87000274658203,72.93000030517578,0
2026-08-02T14:05,72.94000244140625,72.9800033569336,72.87999725341797,72.97000122070312,0
2026-08-02T14:10,72.97000122070312,73.0199966430664,72.97000122070312,73.0,0
2026-08-02T14:15,73.01000213623047,73.08999633789062,73.0,73.05000305175781,0
2026-08-02T14:20,73.05000305175781,73.05999755859375,73.02999877929688,73.05999755859375,0
2026-08-02T14:25,73.05999755859375,73.0999984741211,73.05000305175781,73.08999633789062,674688
2026-08-02T14:30,73.0999984741211,73.0999984741211,73.02999877929688,73.08000183105469,296448
2026-08-02T14:35,73.08000183105469,73.1500015258789,73.08000183105469,73.13999938964844,65664
2026-08-02T14:40,73.13999938964844,73.16999816894531,73.12999725341797,73.16999816894531,576000
2026-08-02T14:45,73.16000366210938,73.16000366210938,73.08999633789062,73.08999633789062,1012736
2026-08-02T14:50,73.0999984741211,73.0999984741211,73.0199966430664,73.0199966430664,85248
2026-08-02T14:55,73.02999877929688,73.04000091552734,73.01000213623047,73.02999877929688,192640
2026-08-02T15:00,73.02999877929688,73.04000091552734,72.98999786376953,73.01000213623047,11365248
2026-08-02T15:05,73.02999877929688,73.0999984741211,73.02999877929688,73.08000183105469,0
2026-08-02T15:10,73.06999969482422,73.13999938964844,73.05000305175781,73.13999938964844,721024
2026-08-02T15:15,73.12999725341797,73.1500015258789,73.08000183105469,73.08999633789062,758400
2026-08-02T15:20,73.08000183105469,73.11000061035156,73.05999755859375,73.06999969482422,365440
2026-08-02T15:25,73.06999969482422,73.08999633789062,73.04000091552734,73.04000091552734,0
2026-08-02T15:30,73.04000091552734,73.12000274658203,73.02999877929688,73.12000274658203,0
2026-08-02T15:35,73.0999984741211,73.0999984741211,73.01000213623047,73.01000213623047,0
2026-08-02T15:40,73.0199966430664,73.02999877929688,72.9800033569336,73.01000213623047,0
2026-08-02T15:45,73.0,73.04000091552734,72.95999908447266,72.95999908447266,0
2026-08-02T15:50,72.97000122070312,73.01000213623047,72.95999908447266,72.95999908447266,0
2026-08-02T15:55,73.0,73.0,72.94000244140625,72.97000122070312,154496
2026-08-02T16:00,72.97000122070312,72.9800033569336,72.86000061035156,72.88999938964844,0
2026-08-02T16:05,72.88999938964844,72.94999694824219,72.86000061035156,72.94000244140625,0
2026-08-02T16:10,72.93000030517578,72.94999694824219,72.86000061035156,72.87000274658203,560128
2026-08-02T16:15,72.87000274658203,72.91000366210938,72.87000274658203,72.87999725341797,0
2026-08-02T16:20,72.87999725341797,72.98999786376953,72.87000274658203,72.9800033569336,0
2026-08-02T16:25,72.9800033569336,72.98999786376953,72.91000366210938,72.9800033569336,355584
2026-08-02T16:30,72.9800033569336,73.08999633789062,72.97000122070312,73.06999969482422,23552
2026-08-02T16:35,73.05999755859375,73.11000061035156,73.04000091552734,73.11000061035156,1061504
2026-08-02T16:40,73.11000061035156,73.20999908447266,73.08000183105469,73.16000366210938,2119936
2026-08-02T16:45,73.16000366210938,73.19000244140625,73.1500015258789,73.1500015258789,4934656
2026-08-02T16:50,73.1500015258789,73.1500015258789,73.0999984741211,73.12000274658203,2669952
2026-08-02T16:55,73.12000274658203,73.13999938964844,73.06999969482422,73.06999969482422,0
2026-08-02T17:00,73.05999755859375,73.12999725341797,73.02999877929688,73.11000061035156,0
2026-08-02T17:05,73.0999984741211,73.12000274658203,73.06999969482422,73.08000183105469,0
2026-08-02T17:10,73.08000183105469,73.19999694824219,73.08000183105469,73.19999694824219,0
2026-08-02T17:15,73.18000030517578,73.19000244140625,73.1500015258789,73.16000366210938,0
2026-08-02T17:20,73.16000366210938,73.30000305175781,73.1500015258789,73.30000305175781,0
2026-08-02T17:25,73.29000091552734,73.29000091552734,73.16000366210938,73.19000244140625,0
2026-08-02T17:30,73.18000030517578,73.22000122070312,73.18000030517578,73.20999908447266,0
2026-08-02T17:35,73.22000122070312,73.29000091552734,73.20999908447266,73.2699966430664,0
2026-08-02T17:40,73.27999877929688,73.30000305175781,73.23999786376953,73.29000091552734,0
2026-08-02T17:45,73.30000305175781,73.33000183105469,73.29000091552734,73.30000305175781,0
2026-08-02T17:50,73.30000305175781,73.30999755859375,73.2699966430664,73.29000091552734,0
2026-08-02T17:55,73.29000091552734,73.30000305175781,73.2300033569336,73.25,0
2026-08-02T18:00,73.2300033569336,73.30999755859375,73.2300033569336,73.30000305175781,0
2026-08-02T18:05,73.30999755859375,73.30999755859375,73.16999816894531,73.19999694824219,0
2026-08-02T18:10,73.19999694824219,73.25,73.19000244140625,73.25,0
2026-08-02T18:15,73.25,73.27999877929688,73.22000122070312,73.27999877929688,0
2026-08-02T18:20,73.2699966430664,73.33000183105469,73.26000213623047,73.30999755859375,0
2026-08-02T18:25,73.30999755859375,73.33000183105469,73.29000091552734,73.30999755859375,0
2026-08-02T18:30,73.31999969482422,73.4000015258789,73.30999755859375,73.38999938964844,0
2026-08-02T18:35,73.43000030517578,73.5199966430664,73.41000366210938,73.45999908447266,0
2026-08-02T18:40,73.47000122070312,73.73999786376953,73.47000122070312,73.6500015258789,0
2026-08-02T18:45,73.61000061035156,73.66999816894531,73.55000305175781,73.55999755859375,0
2026-08-02T18:50,73.55000305175781,73.55999755859375,73.4800033569336,73.51000213623047,0
2026-08-02T18:55,73.51000213623047,73.52999877929688,73.4800033569336,73.48999786376953,0
2026-08-02T19:00,73.5,73.55000305175781,73.45999908447266,73.55000305175781,0
2026-08-02T19:05,73.56999969482422,73.5999984741211,73.52999877929688,73.52999877929688,0
2026-08-02T19:10,73.55000305175781,73.55000305175781,73.4800033569336,73.48999786376953,0
2026-08-02T19:15,73.48999786376953,73.56999969482422,73.48999786376953,73.55000305175781,0
2026-08-02T19:20,73.55000305175781,73.55000305175781,73.51000213623047,73.54000091552734,0
2026-08-02T19:25,73.55999755859375,73.58999633789062,73.54000091552734,73.55000305175781,0
2026-08-02T19:30,73.5199966430664,73.5999984741211,73.51000213623047,73.58999633789062,0
2026-08-02T19:35,73.5999984741211,73.62999725341797,73.58000183105469,73.62000274658203,0
2026-08-02T19:40,73.61000061035156,73.61000061035156,73.55999755859375,73.5999984741211,0
2026-08-02T19:45,73.58999633789062,73.69000244140625,73.58999633789062,73.69000244140625,0
2026-08-02T19:50,73.68000030517578,73.72000122070312,73.6500015258789,73.6500015258789,56128
2026-08-02T19:55,73.6500015258789,73.66000366210938,73.62000274658203,73.6500015258789,834752
2026-08-02T20:00,73.6500015258789,73.66000366210938,73.52999877929688,73.52999877929688,0
2026-08-02T20:05,73.5199966430664,73.55999755859375,73.5,73.55000305175781,0
2026-08-02T20:10,73.55999755859375,73.5999984741211,73.51000213623047,73.5999984741211,203584
2026-08-02T20:15,73.56999969482422,73.61000061035156,73.55000305175781,73.58000183105469,236544
2026-08-02T20:20,73.58999633789062,73.5999984741211,73.5,73.5,0
2026-08-02T20:25,73.48999786376953,73.5199966430664,73.4800033569336,73.51000213623047,0
2026-08-02T20:30,73.5,73.56999969482422,73.48999786376953,73.55000305175781,0
2026-08-02T20:35,73.55999755859375,73.55999755859375,73.51000213623047,73.52999877929688,0
2026-08-02T20:40,73.52999877929688,73.55999755859375,73.5199966430664,73.55999755859375,0
2026-08-02T20:45,73.55999755859375,73.63999938964844,73.5199966430664,73.61000061035156,11264
2026-08-02T20:50,73.62000274658203,73.62000274658203,73.56999969482422,73.58999633789062,0
2026-08-02T20:55,73.5999984741211,73.63999938964844,73.5999984741211,73.62000274658203,0
2026-08-02T21:00,73.5999984741211,73.7300033569336,73.5999984741211,73.7300033569336,0
2026-08-02T21:05,73.73999786376953,73.73999786376953,73.6500015258789,73.6500015258789,0
2026-08-02T21:10,73.63999938964844,73.68000030517578,73.62999725341797,73.6500015258789,0
2026-08-02T21:15,73.66000366210938,73.66000366210938,73.58999633789062,73.62999725341797,0
2026-08-02T21:20,73.63999938964844,73.70999908447266,73.63999938964844,73.70999908447266,0
2026-08-02T21:25,73.70999908447266,73.7300033569336,73.69000244140625,73.70999908447266,0
2026-08-02T21:30,73.70999908447266,73.73999786376953,73.69999694824219,73.7300033569336,16256
2026-08-02T21:35,73.7300033569336,73.81999969482422,73.68000030517578,73.69000244140625,1584000
2026-08-02T21:40,73.69999694824219,74.0,73.66999816894531,73.93000030517578,1069184
2026-08-02T21:45,74.01000213623047,74.23999786376953,73.95999908447266,73.95999908447266,10393152
2026-08-02T21:50,73.95999908447266,74.0,73.87999725341797,73.88999938964844,10575104
2026-08-02T21:55,73.9000015258789,73.91000366210938,73.81999969482422,73.91000366210938,1900992
2026-08-02T22:00,74.0199966430664,74.08999633789062,73.98999786376953,74.02999877929688,625408
2026-08-02T22:05,74.04000091552734,74.08000183105469,73.95999908447266,74.0199966430664,1481728
2026-08-02T22:10,74.0199966430664,74.12999725341797,73.98999786376953,73.98999786376953,1946752
2026-08-02T22:15,73.9800033569336,74.11000061035156,73.9800033569336,74.01000213623047,4734272
2026-08-02T22:20,74.0,74.0199966430664,73.94999694824219,73.95999908447266,2911808
2026-08-02T22:25,73.97000122070312,73.9800033569336,73.83000183105469,73.87999725341797,593216
2026-08-02T22:30,73.87999725341797,73.88999938964844,73.73999786376953,73.73999786376953,2679232
2026-08-02T22:35,73.75,73.77999877929688,73.61000061035156,73.63999938964844,1319424
2026-08-02T22:40,73.63999938964844,73.76000213623047,73.5999984741211,73.75,7110016
2026-08-02T22:45,73.7699966430664,73.79000091552734,73.62000274658203,73.62999725341797,1703616
2026-08-02T22:50,73.62999725341797,73.63999938964844,73.58999633789062,73.5999984741211,732800
2026-08-02T22:55,73.58999633789062,73.61000061035156,73.55999755859375,73.58000183105469,568576
2026-08-02T23:00,73.55999755859375,73.58000183105469,73.48999786376953,73.48999786376953,0
2026-08-02T23:05,73.44000244140625,73.5,73.41999816894531,73.5,360960
2026-08-02T23:10,73.5,73.51000213623047,73.41999816894531,73.45999908447266,2188352
2026-08-02T23:15,73.45999908447266,73.56999969482422,73.4000015258789,73.55999755859375,1586816
2026-08-02T23:20,73.55999755859375,73.55999755859375,73.47000122070312,73.51000213623047,2355392
2026-08-02T23:25,73.5199966430664,73.55000305175781,73.48999786376953,73.5,0
2026-08-02T23:30,73.48999786376953,73.54000091552734,73.4800033569336,73.54000091552734,560256
2026-08-02T23:35,73.55000305175781,73.55999755859375,73.44000244140625,73.4800033569336,337984
2026-08-02T23:40,73.4800033569336,73.48999786376953,73.44000244140625,73.48999786376953,0
2026-08-02T23:45,73.45999908447266,73.5,73.44000244140625,73.44999694824219,0
2026-08-02T23:50,73.44999694824219,73.4800033569336,73.37999725341797,73.4000015258789,586880
2026-08-02T23:55,73.41999816894531,73.55000305175781,73.4000015258789,73.54000091552734,718912
2026-08-03T00:00,73.55000305175781,73.5999984741211,73.41000366210938,73.41000366210938,527616
2026-08-03T00:05,73.41000366210938,73.43000030517578,73.33999633789062,73.43000030517578,1116160
2026-08-03T00:10,73.43000030517578,73.43000030517578,73.36000061035156,73.4000015258789,889664
2026-08-03T00:15,73.38999938964844,73.43000030517578,73.33999633789062,73.33999633789062,0
2026-08-03T00:20,73.3499984741211,73.38999938964844,73.29000091552734,73.30000305175781,0
2026-08-03T00:25,73.30000305175781,73.30999755859375,73.18000030517578,73.20999908447266,0
2026-08-03T00:30,73.19999694824219,73.27999877929688,73.13999938964844,73.27999877929688,1020736
2026-08-03T00:35,73.26000213623047,73.29000091552734,73.23999786376953,73.2699966430664,2384320
2026-08-03T00:40,73.27999877929688,73.30999755859375,73.12000274658203,73.1500015258789,3540352
2026-08-03T00:45,73.16999816894531,73.19000244140625,73.0999984741211,73.18000030517578,1914688
2026-08-03T00:50,73.19000244140625,73.19000244140625,73.12000274658203,73.13999938964844,2525312
2026-08-03T00:55,73.1500015258789,73.16999816894531,73.13999938964844,73.16000366210938,1007360
2026-08-03T01:00,73.13999938964844,73.18000030517578,73.05000305175781,73.16999816894531,0
2026-08-03T01:05,73.16999816894531,73.19000244140625,73.02999877929688,73.11000061035156,0
2026-08-03T01:10,73.08999633789062,73.12000274658203,72.94000244140625,73.04000091552734,0
2026-08-03T01:15,73.02999877929688,73.05000305175781,72.9800033569336,73.0199966430664,0
2026-08-03T01:20,73.01000213623047,73.01000213623047,72.94000244140625,73.0,0
2026-08-03T01:25,73.0,73.08000183105469,72.91999816894531,72.97000122070312,124928
2026-08-03T01:30,72.94999694824219,73.01000213623047,72.94000244140625,72.95999908447266,515392
2026-08-03T01:35,72.95999908447266,72.97000122070312,72.88999938964844,72.91000366210938,0
2026-08-03T01:40,72.91000366210938,72.95999908447266,72.87999725341797,72.94999694824219,0
2026-08-03T01:45,72.94000244140625,72.97000122070312,72.91000366210938,72.93000030517578,0
2026-08-03T01:50,72.91999816894531,72.93000030517578,72.86000061035156,72.87000274658203,1363264
2026-08-03T01:55,72.86000061035156,72.95999908447266,72.86000061035156,72.93000030517578,653760
2026-08-03T02:00,72.91000366210938,72.9800033569336,72.88999938964844,72.97000122070312,0
2026-08-03T02:05,72.95999908447266,72.95999908447266,72.83000183105469,72.91000366210938,0
2026-08-03T02:10,72.91000366210938,72.91999816894531,72.8499984741211,72.91999816894531,0
2026-08-03T02:15,72.91999816894531,73.0,72.9000015258789,72.98999786376953,0
2026-08-03T02:20,73.01000213623047,73.05999755859375,73.01000213623047,73.0199966430664,0
2026-08-03T02:25,73.02999877929688,73.04000091552734,72.87999725341797,72.91000366210938,0
2026-08-03T02:30,72.91000366210938,72.9800033569336,72.87000274658203,72.9800033569336,0
2026-08-03T02:35,72.9800033569336,73.05000305175781,72.94000244140625,73.0199966430664,0
2026-08-03T02:40,73.01000213623047,73.04000091552734,73.0,73.0,0
2026-08-03T02:45,73.0,73.04000091552734,73.0,73.01000213623047,0
2026-08-03T02:50,73.0199966430664,73.02999877929688,72.94000244140625,72.94000244140625,0
2026-08-03T02:55,72.93000030517578,72.94999694824219,72.9000015258789,72.94999694824219,0
2026-08-03T03:00,72.91999816894531,73.02999877929688,72.91999816894531,73.0199966430664,0
2026-08-03T03:05,73.0,73.04000091552734,72.93000030517578,72.98999786376953,0
2026-08-03T03:10,72.98999786376953,73.01000213623047,72.91999816894531,72.94999694824219,0
2026-08-03T03:15,72.93000030517578,73.01000213623047,72.91999816894531,72.94999694824219,0
2026-08-03T03:20,72.95999908447266,72.97000122070312,72.91000366210938,72.93000030517578,0
2026-08-03T03:25,72.93000030517578,72.9800033569336,72.91000366210938,72.94999694824219,0
2026-08-03T03:30,72.94999694824219,72.95999908447266,72.87999725341797,72.93000030517578,0
2026-08-03T03:35,72.93000030517578,72.94000244140625,72.87000274658203,72.9000015258789,0
2026-08-03T03:40,72.87999725341797,72.88999938964844,72.86000061035156,72.87999725341797,0
2026-08-03T03:45,72.88999938964844,72.88999938964844,72.63999938964844,72.80999755859375,164992
2026-08-03T03:50,72.79000091552734,72.91000366210938,72.79000091552734,72.9000015258789,5683008
2026-08-03T03:55,72.88999938964844,72.91000366210938,72.80999755859375,72.81999969482422,1899328
2026-08-03T04:00,72.80000305175781,72.88999938964844,72.80000305175781,72.88999938964844,0
2026-08-03T04:05,72.87000274658203,72.91000366210938,72.80999755859375,72.80999755859375,0
2026-08-03T04:10,72.80000305175781,72.8499984741211,72.75,72.81999969482422,134272
2026-08-03T04:15,72.83000183105469,72.93000030517578,72.83000183105469,72.91000366210938,0
2026-08-03T04:20,72.91000366210938,72.98999786376953,72.9000015258789,72.94999694824219,0
2026-08-03T04:25,72.94999694824219,72.94999694824219,72.86000061035156,72.86000061035156,0
2026-08-03T04:30,72.8499984741211,72.9800033569336,72.8499984741211,72.95999908447266,0
2026-08-03T04:35,72.94999694824219,72.97000122070312,72.93000030517578,72.97000122070312,0
2026-08-03T04:40,72.9800033569336,72.9800033569336,72.94000244140625,72.95999908447266,0
2026-08-03T04:45,72.9800033569336,72.9800033569336,72.87999725341797,72.9000015258789,0
2026-08-03T04:50,72.91000366210938,72.91000366210938,72.80999755859375,72.81999969482422,0
2026-08-03T04:55,72.83999633789062,72.83999633789062,72.76000213623047,72.7699966430664,0
2026-08-03T05:00,72.77999877929688,72.83000183105469,72.76000213623047,72.7699966430664,0
2026-08-03T05:05,72.77999877929688,72.91000366210938,72.75,72.91000366210938,0
2026-08-03T05:10,72.91000366210938,72.94999694824219,72.91000366210938,72.93000030517578,0
2026-08-03T05:15,72.94000244140625,72.94999694824219,72.81999969482422,72.86000061035156,0
2026-08-03T05:20,72.87000274658203,72.87999725341797,72.80000305175781,72.83999633789062,622464
2026-08-03T05:25,72.83000183105469,72.87000274658203,72.81999969482422,72.81999969482422,0
2026-08-03T05:30,72.80999755859375,72.8499984741211,72.7699966430664,72.79000091552734,0
2026-08-03T05:35,72.77999877929688,72.81999969482422,72.7699966430664,72.81999969482422,0
2026-08-03T05:40,72.80999755859375,72.83000183105469,72.73999786376953,72.75,0
2026-08-03T05:45,72.73999786376953,72.81999969482422,72.73999786376953,72.81999969482422,0
2026-08-03T05:50,72.80999755859375,72.80999755859375,72.76000213623047,72.77999877929688,0
2026-08-03T05:55,72.79000091552734,72.83999633789062,72.79000091552734,72.83999633789062,0
2026-08-03T06:00,72.83999633789062,72.86000061035156,72.80999755859375,72.86000061035156,0
2026-08-03T06:05,72.86000061035156,72.88999938964844,72.83999633789062,72.87000274658203,0
2026-08-03T06:10,72.86000061035156,72.86000061035156,72.80000305175781,72.8499984741211,0
2026-08-03T06:15,72.83000183105469,72.86000061035156,72.80000305175781,72.80000305175781,0
2026-08-03T06:20,72.80000305175781,72.80999755859375,72.75,72.80000305175781,0
2026-08-03T06:25,72.80000305175781,72.80000305175781,72.75,72.7699966430664,119936
2026-08-03T06:30,72.76000213623047,72.77999877929688,72.69999694824219,72.69999694824219,244736
2026-08-03T06:35,72.69000244140625,72.69000244140625,72.55000305175781,72.58000183105469,1568768
2026-08-03T06:40,72.55000305175781,72.55999755859375,72.44999694824219,72.45999908447266,6347392
2026-08-03T06:45,72.43000030517578,72.52999877929688,72.43000030517578,72.52999877929688,10916352
2026-08-03T06:50,72.54000091552734,72.61000061035156,72.52999877929688,72.55000305175781,10253824
2026-08-03T06:55,72.55000305175781,72.56999969482422,72.51000213623047,72.51000213623047,8668608
2026-08-03T07:00,72.51000213623047,72.54000091552734,72.44999694824219,72.51000213623047,0
2026-08-03T07:05,72.51000213623047,72.56999969482422,72.47000122070312,72.48999786376953,5794048
2026-08-03T07:10,72.48999786376953,72.55000305175781,72.44999694824219,72.44999694824219,1341440
2026-08-03T07:15,72.44999694824219,72.4800033569336,72.36000061035156,72.44999694824219,462976
2026-08-03T07:20,72.44999694824219,72.5199966430664,72.41999816894531,72.51000213623047,7810304
2026-08-03T07:25,72.5199966430664,72.54000091552734,72.48999786376953,72.5199966430664,2232704
2026-08-03T07:30,72.5199966430664,72.61000061035156,72.48999786376953,72.58000183105469,1001152
2026-08-03T07:35,72.58999633789062,72.58999633789062,72.48999786376953,72.5,575488
2026-08-03T07:40,72.5,72.5199966430664,72.44999694824219,72.47000122070312,216256
2026-08-03T07:45,72.45999908447266,72.48999786376953,72.44999694824219,72.44999694824219,0
2026-08-03T07:50,72.44000244140625,72.47000122070312,72.41000366210938,72.47000122070312,373120
2026-08-03T07:55,72.47000122070312,72.4800033569336,72.38999938964844,72.43000030517578,316864
2026-08-03T08:00,72.43000030517578,72.4800033569336,72.36000061035156,72.38999938964844,0
2026-08-03T08:05,72.4000015258789,72.43000030517578,72.33999633789062,72.37000274658203,0
2026-08-03T08:10,72.36000061035156,72.44000244140625,72.36000061035156,72.41999816894531,1236096
2026-08-03T08:15,72.41999816894531,72.41999816894531,72.29000091552734,72.33999633789062,938240
2026-08-03T08:20,72.31999969482422,72.33000183105469,72.12000274658203,72.19999694824219,2974336
2026-08-03T08:25,72.19999694824219,72.19999694824219,71.95999908447266,71.97000122070312,6254336
2026-08-03T08:30,71.9000015258789,72.02999877929688,71.9000015258789,72.0199966430664,10821248
2026-08-03T08:35,72.02999877929688,72.11000061035156,72.0,72.06999969482422,5000064
2026-08-03T08:40,72.05999755859375,72.1500015258789,72.05999755859375,72.1500015258789,2742848
2026-08-03T08:45,72.11000061035156,72.16999816894531,72.11000061035156,72.16000366210938,207104
2026-08-03T08:50,72.16000366210938,72.2699966430664,72.1500015258789,72.2699966430664,547328
2026-08-03T08:55,72.29000091552734,72.30000305175781,72.26000213623047,72.2699966430664,0
2026-08-03T09:00,72.2699966430664,72.29000091552734,72.23999786376953,72.26000213623047,0
2026-08-03T09:05,72.2300033569336,72.29000091552734,72.2300033569336,72.2699966430664,0
2026-08-03T09:10,72.26000213623047,72.29000091552734,72.25,72.25,0
2026-08-03T09:15,72.26000213623047,72.33000183105469,72.26000213623047,72.30999755859375,0
2026-08-03T09:20,72.30999755859375,72.37000274658203,72.30999755859375,72.33000183105469,675584
2026-08-03T09:25,72.33000183105469,72.37000274658203,72.33000183105469,72.37000274658203,363008
2026-08-03T09:30,72.36000061035156,72.44000244140625,72.3499984741211,72.4000015258789,400960
2026-08-03T09:35,72.41000366210938,72.43000030517578,72.38999938964844,72.41000366210938,757248
2026-08-03T09:40,72.41000366210938,72.47000122070312,72.4000015258789,72.44000244140625,1505472
2026-08-03T09:45,72.44999694824219,72.5199966430664,72.44999694824219,72.51000213623047,645504
2026-08-03T09:50,72.5,72.55999755859375,72.5,72.55999755859375,892608
2026-08-03T09:55,72.55999755859375,72.69999694824219,72.55999755859375,72.6500015258789,619968
2026-08-03T10:00,72.63999938964844,72.70999908447266,72.58999633789062,72.61000061035156,4427520
2026-08-03T10:05,72.5999984741211,72.61000061035156,72.56999969482422,72.5999984741211,2850944
2026-08-03T10:10,72.58000183105469,72.62000274658203,72.58000183105469,72.58000183105469,33024
2026-08-03T10:15,72.58999633789062,72.61000061035156,72.52999877929688,72.61000061035156,327424
2026-08-03T10:20,72.62000274658203,72.66000366210938,72.55999755859375,72.56999969482422,4310784
2026-08-03T10:25,72.56999969482422,72.58999633789062,72.5199966430664,72.5199966430664,2333632
2026-08-03T10:30,72.5199966430664,72.52999877929688,72.4800033569336,72.51000213623047,6513664
2026-08-03T10:35,72.5199966430664,72.55999755859375,72.5,72.55000305175781,2933568
2026-08-03T10:40,72.54000091552734,72.58000183105469,72.5199966430664,72.56999969482422,1059904
2026-08-03T10:45,72.56999969482422,72.58000183105469,72.4800033569336,72.4800033569336,1364032
2026-08-03T10:50,72.4800033569336,72.5,72.44000244140625,72.5,1951680
2026-08-03T10:55,72.48999786376953,72.55999755859375,72.47000122070312,72.5199966430664,955136
2026-08-03T11:00,72.52999877929688,72.52999877929688,72.44000244140625,72.44999694824219,30016
2026-08-03T11:05,72.44999694824219,72.44999694824219,72.31999969482422,72.3499984741211,1889856
2026-08-03T11:10,72.36000061035156,72.36000061035156,72.30999755859375,72.36000061035156,1627520
2026-08-03T11:15,72.3499984741211,72.48999786376953,72.3499984741211,72.47000122070312,1203392
2026-08-03T11:20,72.47000122070312,72.54000091552734,72.45999908447266,72.51000213623047,3053696
2026-08-03T11:25,72.5,72.5,72.4000015258789,72.4000015258789,0
2026-08-03T11:30,72.4000015258789,72.5199966430664,72.4000015258789,72.5199966430664,0
2026-08-03T11:35,72.5199966430664,72.55999755859375,72.51000213623047,72.54000091552734,321280
2026-08-03T11:40,72.52999877929688,72.54000091552734,72.44999694824219,72.4800033569336,1414144
2026-08-03T11:45,72.48999786376953,72.48999786376953,72.41999816894531,72.44999694824219,0
2026-08-03T11:50,72.45999908447266,72.47000122070312,72.4000015258789,72.4000015258789,0
2026-08-03T11:55,72.4000015258789,72.41000366210938,72.30999755859375,72.36000061035156,0
2026-08-03T12:00,72.36000061035156,72.4000015258789,72.30000305175781,72.33000183105469,0
2026-08-03T12:05,72.33000183105469,72.33999633789062,72.25,72.33000183105469,686208
2026-08-03T12:10,72.30999755859375,72.41999816894531,72.27999877929688,72.41000366210938,1342592
2026-08-03T12:15,72.38999938964844,72.47000122070312,72.36000061035156,72.44999694824219,533824
2026-08-03T12:20,72.44000244140625,72.44000244140625,72.41000366210938,72.43000030517578,1907264
2026-08-03T12:25,72.41999816894531,72.41999816894531,72.36000061035156,72.37000274658203,0
2026-08-03T12:30,72.37999725341797,72.4000015258789,72.3499984741211,72.37000274658203,995840
2026-08-03T12:35,72.37000274658203,72.37999725341797,72.33999633789062,72.3499984741211,1642304
2026-08-03T12:40,72.37000274658203,72.41000366210938,72.33000183105469,72.41000366210938,368256
2026-08-03T12:45,72.43000030517578,72.43000030517578,72.31999969482422,72.37999725341797,1920896
2026-08-03T12:50,72.37000274658203,72.38999938964844,72.3499984741211,72.37000274658203,748352
2026-08-03T12:55,72.36000061035156,72.38999938964844,72.31999969482422,72.33000183105469,87552
2026-08-03T13:00,72.33000183105469,72.37000274658203,72.30000305175781,72.30999755859375,0
2026-08-03T13:05,72.30000305175781,72.3499984741211,72.30000305175781,72.33999633789062,0
2026-08-03T13:10,72.33000183105469,72.38999938964844,72.33000183105469,72.3499984741211,424896
2026-08-03T13:15,72.3499984741211,72.5999984741211,72.33000183105469,72.5999984741211,2356608
2026-08-03T13:20,72.62999725341797,72.66999816894531,72.55999755859375,72.56999969482422,4672704
2026-08-03T13:25,72.55000305175781,72.56999969482422,72.3499984741211,72.41000366210938,3432832
2026-08-03T13:30,72.41999816894531,72.44000244140625,72.23999786376953,72.37999725341797,4535168
2026-08-03T13:35,72.37999725341797,72.80999755859375,72.37999725341797,72.69999694824219,1826688
2026-08-03T13:40,72.69999694824219,72.7699966430664,72.62999725341797,72.70999908447266,3355648
2026-08-03T13:45,72.72000122070312,72.79000091552734,72.58999633789062,72.72000122070312,4694592
2026-08-03T13:50,72.70999908447266,73.0,72.66999816894531,73.0,7892992
2026-08-03T13:55,73.06999969482422,73.19999694824219,73.0,73.16999816894531,12258368
2026-08-03T14:00,73.19000244140625,73.23999786376953,72.9800033569336,73.16999816894531,13858304
2026-08-03T14:05,73.16000366210938,73.2699966430664,73.0,73.08000183105469,11391360
2026-08-03T14:10,73.08999633789062,73.2699966430664,73.04000091552734,73.08000183105469,6520960
2026-08-03T14:15,73.08999633789062,73.26000213623047,73.02999877929688,73.0999984741211,8944640
2026-08-03T14:20,73.05999755859375,73.22000122070312,72.94000244140625,73.20999908447266,8222976
2026-08-03T14:25,73.2300033569336,73.5999984741211,73.19999694824219,73.55000305175781,9870464
2026-08-03T14:30,73.55000305175781,73.58999633789062,73.43000030517578,73.47000122070312,22836992
2026-08-03T14:35,73.4800033569336,73.62999725341797,73.41000366210938,73.55999755859375,20082688
2026-08-03T14:40,73.58999633789062,73.61000061035156,73.43000030517578,73.5199966430664,7801600
2026-08-03T14:45,73.5199966430664,73.5199966430664,73.3499984741211,73.45999908447266,10790016
2026-08-03T14:50,73.47000122070312,73.5999984741211,73.45999908447266,73.55999755859375,11809536
2026-08-03T14:55,73.58000183105469,73.70999908447266,73.58000183105469,73.69999694824219,7139456
2026-08-03T15:00,73.70999908447266,73.72000122070312,73.58000183105469,73.5999984741211,7109504
2026-08-03T15:05,73.58000183105469,73.61000061035156,73.4800033569336,73.55000305175781,17286400
2026-08-03T15:10,73.54000091552734,73.61000061035156,73.43000030517578,73.48999786376953,3986560
2026-08-03T15:15,73.51000213623047,73.58000183105469,73.47000122070312,73.56999969482422,9131392
2026-08-03T15:20,73.5999984741211,73.5999984741211,73.51000213623047,73.56999969482422,9122816
2026-08-03T15:25,73.55999755859375,73.62999725341797,73.4800033569336,73.54000091552734,12474368
2026-08-03T15:30,73.54000091552734,73.62000274658203,73.44999694824219,73.44999694824219,4697216
2026-08-03T15:35,73.44000244140625,73.62999725341797,73.44000244140625,73.61000061035156,6644864
2026-08-03T15:40,73.62999725341797,73.63999938964844,73.44999694824219,73.5199966430664,5642496
2026-08-03T15:45,73.55000305175781,73.62000274658203,73.52999877929688,73.55000305175781,3366016
2026-08-03T15:50,73.56999969482422,73.61000061035156,73.5199966430664,73.58999633789062,4816000
2026-08-03T15:55,73.58999633789062,73.58999633789062,73.4000015258789,73.54000091552734,1988864
2026-08-03T16:00,73.56999969482422,73.73999786376953,73.45999908447266,73.55999755859375,1662720
2026-08-03T16:05,73.56999969482422,73.58999633789062,73.37999725341797,73.4800033569336,10045568
2026-08-03T16:10,73.45999908447266,73.5199966430664,73.41999816894531,73.5,6987648
2026-08-03T16:15,73.5,73.6500015258789,73.5,73.55000305175781,1563264
2026-08-03T16:20,73.55000305175781,73.61000061035156,73.48999786376953,73.54000091552734,2131456
2026-08-03T16:25,73.55000305175781,73.58000183105469,73.45999908447266,73.5,3307520
2026-08-03T16:30,73.4800033569336,73.4800033569336,73.37000274658203,73.44000244140625,3954560
2026-08-03T16:35,73.44000244140625,73.44999694824219,73.30000305175781,73.30999755859375,1072000
2026-08-03T16:40,73.30999755859375,73.33999633789062,73.1500015258789,73.23999786376953,661248
2026-08-03T16:45,73.25,73.44000244140625,73.23999786376953,73.38999938964844,1858176
2026-08-03T16:50,73.38999938964844,73.38999938964844,73.23999786376953,73.2699966430664,2990336
2026-08-03T16:55,73.2699966430664,73.33999633789062,73.2300033569336,73.33999633789062,3269760
2026-08-03T17:00,73.3499984741211,73.3499984741211,73.2300033569336,73.33999633789062,327424
2026-08-03T17:05,73.3499984741211,73.43000030517578,73.3499984741211,73.41000366210938,4050176
2026-08-03T17:10,73.4000015258789,73.55999755859375,73.4000015258789,73.55000305175781,2400640
2026-08-03T17:15,73.54000091552734,73.56999969482422,73.51000213623047,73.52999877929688,3845504
2026-08-03T17:20,73.5,73.75,73.45999908447266,73.70999908447266,2387840
2026-08-03T17:25,73.70999908447266,73.70999908447266,73.52999877929688,73.55000305175781,5112576
2026-08-03T17:30,73.55000305175781,73.62999725341797,73.51000213623047,73.62999725341797,3835264
2026-08-03T17:35,73.5999984741211,73.70999908447266,73.55999755859375,73.56999969482422,2876672
2026-08-03T17:40,73.55999755859375,73.69999694824219,73.55000305175781,73.66000366210938,2106240
2026-08-03T17:45,73.6500015258789,73.72000122070312,73.62000274658203,73.63999938964844,1639168
2026-08-03T17:50,73.6500015258789,73.66000366210938,73.55000305175781,73.56999969482422,1680000
2026-08-03T17:55,73.55000305175781,73.6500015258789,73.54000091552734,73.62000274658203,1822208
2026-08-03T18:00,73.62999725341797,73.7300033569336,73.62000274658203,73.7300033569336,677632
2026-08-03T18:05,73.75,73.94000244140625,73.75,73.88999938964844,1832832
2026-08-03T18:10,73.88999938964844,74.05000305175781,73.87999725341797,74.02999877929688,13892992
2026-08-03T18:15,74.04000091552734,74.19999694824219,74.02999877929688,74.04000091552734,11513984
2026-08-03T18:20,74.02999877929688,74.12000274658203,74.01000213623047,74.05000305175781,6406912
2026-08-03T18:25,74.05000305175781,74.05999755859375,73.88999938964844,73.91000366210938,6296320
2026-08-03T18:30,73.91000366210938,74.01000213623047,73.87000274658203,73.94000244140625,3988864
2026-08-03T18:35,73.94000244140625,73.97000122070312,73.91000366210938,73.91000366210938,105344
2026-08-03T18:40,73.91000366210938,73.91999816894531,73.87000274658203,73.91000366210938,0
2026-08-03T18:45,73.91999816894531,73.9800033569336,73.81999969482422,73.9800033569336,0
2026-08-03T18:50,73.97000122070312,74.01000213623047,73.91000366210938,74.0,4316416
2026-08-03T18:55,74.0,74.01000213623047,73.88999938964844,73.9000015258789,3331968
2026-08-03T19:00,73.94000244140625,74.01000213623047,73.88999938964844,73.97000122070312,1323008
2026-08-03T19:05,74.01000213623047,74.02999877929688,73.9000015258789,73.95999908447266,4651392
2026-08-03T19:10,73.94000244140625,73.9800033569336,73.9000015258789,73.97000122070312,2983808
2026-08-03T19:15,73.9800033569336,74.05999755859375,73.95999908447266,73.95999908447266,4500608
2026-08-03T19:20,73.97000122070312,74.05000305175781,73.94000244140625,74.01000213623047,3207936
2026-08-03T19:25,74.01000213623047,74.08000183105469,73.9800033569336,74.02999877929688,1684608
2026-08-03T19:30,74.04000091552734,74.12999725341797,74.02999877929688,74.12999725341797,1909120
2026-08-03T19:35,74.12000274658203,74.12000274658203,73.94999694824219,73.95999908447266,2193664
2026-08-03T19:40,73.94999694824219,74.01000213623047,73.93000030517578,74.0,2529664
2026-08-03T19:45,74.01000213623047,74.02999877929688,73.95999908447266,73.98999786376953,2167040
2026-08-03T19:50,73.98999786376953,74.02999877929688,73.9800033569336,74.01000213623047,3261440
2026-08-03T19:55,73.9800033569336,74.05000305175781,73.93000030517578,73.95999908447266,1173888
2026-08-03T20:00,73.93000030517578,73.95999908447266,73.83999633789062,73.88999938964844,7352320
2026-08-03T20:05,73.91000366210938,73.97000122070312,73.88999938964844,73.94999694824219,5393024
2026-08-03T20:10,73.97000122070312,73.98999786376953,73.94000244140625,73.94000244140625,875648
2026-08-03T20:15,73.93000030517578,74.06999969482422,73.93000030517578,74.05999755859375,366080
2026-08-03T20:20,74.05999755859375,74.08999633789062,73.97000122070312,73.9800033569336,1624064
2026-08-03T20:25,73.97000122070312,73.98999786376953,73.93000030517578,73.95999908447266,1119872
2026-08-03T20:30,73.94999694824219,73.97000122070312,73.9000015258789,73.91000366210938,1233408
2026-08-03T20:35,73.91000366210938,73.94999694824219,73.9000015258789,73.91999816894531,1411968
2026-08-03T20:40,73.91999816894531,73.93000030517578,73.9000015258789,73.93000030517578,600320
2026-08-03T20:45,73.94000244140625,73.94000244140625,73.76000213623047,73.76000213623047,0
2026-08-03T20:50,73.7699966430664,73.80999755859375,73.70999908447266,73.7699966430664,2972288
2026-08-03T20:55,73.7699966430664,73.80999755859375,73.75,73.80999755859375,1742208
2026-08-03T21:00,73.80999755859375,73.81999969482422,73.70999908447266,73.70999908447266,0
2026-08-03T21:05,73.70999908447266,73.7699966430664,73.70999908447266,73.73999786376953,952704
2026-08-03T21:10,73.7300033569336,73.73999786376953,73.68000030517578,73.69999694824219,0
2026-08-03T21:15,73.72000122070312,73.7699966430664,73.68000030517578,73.69999694824219,739456
2026-08-03T21:20,73.69999694824219,73.7300033569336,73.66000366210938,73.66000366210938,2302976
2026-08-03T21:25,73.66000366210938,73.7300033569336,73.66000366210938,73.72000122070312,1518464
2026-08-03T21:30,73.7300033569336,73.76000213623047,73.69999694824219,73.70999908447266,622080
2026-08-03T21:35,73.70999908447266,73.75,73.69000244140625,73.75,0
2026-08-03T21:40,73.75,73.75,73.69000244140625,73.7300033569336,141312
2026-08-03T21:45,73.72000122070312,73.72000122070312,73.6500015258789,73.66000366210938,0
2026-08-03T21:50,73.66999816894531,73.69000244140625,73.5999984741211,73.62999725341797,0
2026-08-03T21:55,73.63999938964844,73.68000030517578,73.5999984741211,73.63999938964844,0
2026-08-03T22:00,73.63999938964844,73.66999816894531,73.44000244140625,73.45999908447266,0
2026-08-03T22:05,73.43000030517578,73.45999908447266,73.30999755859375,73.45999908447266,0
2026-08-03T22:10,73.45999908447266,73.5,73.43000030517578,73.4800033569336,2206848
2026-08-03T22:15,73.48999786376953,73.62999725341797,73.4800033569336,73.56999969482422,0
2026-08-03T22:20,73.58000183105469,73.58000183105469,73.4800033569336,73.5199966430664,0
2026-08-03T22:25,73.5199966430664,73.5199966430664,73.47000122070312,73.5,0
2026-08-03T22:30,73.4800033569336,73.5,73.43000030517578,73.4800033569336,0
2026-08-03T22:35,73.47000122070312,73.47000122070312,73.37000274658203,73.37000274658203,109824
2026-08-03T22:40,73.37000274658203,73.4000015258789,73.36000061035156,73.37999725341797,0
2026-08-03T22:45,73.37000274658203,73.44999694824219,73.33999633789062,73.44000244140625,0
2026-08-03T22:50,73.44000244140625,73.5,73.44000244140625,73.48999786376953,254464
2026-08-03T22:55,73.48999786376953,73.48999786376953,73.45999908447266,73.4800033569336,0
2026-08-03T23:00,73.45999908447266,73.45999908447266,73.37999725341797,73.4000015258789,0
2026-08-03T23:05,73.4000015258789,73.41000366210938,73.3499984741211,73.4000015258789,0
2026-08-03T23:10,73.4000015258789,73.4000015258789,73.33000183105469,73.36000061035156,0
2026-08-03T23:15,73.3499984741211,73.44999694824219,73.3499984741211,73.37000274658203,0
2026-08-03T23:20,73.37000274658203,73.43000030517578,73.36000061035156,73.4000015258789,0
2026-08-03T23:25,73.38999938964844,73.45999908447266,73.38999938964844,73.44000244140625,408576
2026-08-03T23:30,73.44000244140625,73.44000244140625,73.37000274658203,73.41000366210938,420224
2026-08-03T23:35,73.4000015258789,73.4000015258789,73.36000061035156,73.37000274658203,170752
2026-08-03T23:40,73.3499984741211,73.44000244140625,73.33000183105469,73.43000030517578,1224320
2026-08-03T23:45,73.41000366210938,73.47000122070312,73.41000366210938,73.44000244140625,676736
2026-08-03T23:50,73.44000244140625,73.47000122070312,73.43000030517578,73.44999694824219,0
2026-08-03T23:55,73.44999694824219,73.5,73.44999694824219,73.48999786376953,0
2026-08-04T00:00,73.5,73.55000305175781,73.43000030517578,73.54000091552734,0
2026-08-04T00:05,73.5199966430664,73.55999755859375,73.48999786376953,73.52999877929688,0
2026-08-04T00:10,73.52999877929688,73.54000091552734,73.41000366210938,73.45999908447266,0
2026-08-04T00:15,73.45999908447266,73.45999908447266,73.4000015258789,73.44999694824219,2070656
2026-08-04T00:20,73.44999694824219,73.51000213623047,73.38999938964844,73.44999694824219,1307520
2026-08-04T00:25,73.43000030517578,73.44000244140625,73.36000061035156,73.4000015258789,1757824
2026-08-04T00:30,73.37999725341797,73.38999938964844,73.19000244140625,73.19999694824219,963456
2026-08-04T00:35,73.19000244140625,73.19000244140625,73.08000183105469,73.12000274658203,2874368
2026-08-04T00:40,73.12000274658203,73.16000366210938,73.01000213623047,73.1500015258789,0
2026-08-04T00:45,73.16000366210938,73.16999816894531,73.06999969482422,73.16000366210938,2631808
2026-08-04T00:50,73.12000274658203,73.18000030517578,73.05999755859375,73.08999633789062,1262976
2026-08-04T00:55,73.08999633789062,73.08999633789062,72.9800033569336,72.98999786376953,1498496
2026-08-04T01:00,73.01000213623047,73.12000274658203,72.9800033569336,73.0,0
2026-08-04T01:05,73.0199966430664,73.13999938964844,73.0199966430664,73.11000061035156,3391232
2026-08-04T01:10,73.12000274658203,73.1500015258789,73.0199966430664,73.05999755859375,445184
2026-08-04T01:15,73.05999755859375,73.12000274658203,73.0199966430664,73.11000061035156,0
2026-08-04T01:20,73.08999633789062,73.19000244140625,73.08999633789062,73.0999984741211,655488
2026-08-04T01:25,73.0999984741211,73.12999725341797,73.05000305175781,73.12999725341797,0
2026-08-04T01:30,73.13999938964844,73.45999908447266,73.12999725341797,73.43000030517578,61952
2026-08-04T01:35,73.47000122070312,73.4800033569336,73.37999725341797,73.41000366210938,3397504
2026-08-04T01:40,73.41999816894531,73.6500015258789,73.41999816894531,73.61000061035156,2498432
2026-08-04T01:45,73.61000061035156,73.69999694824219,73.5199966430664,73.58000183105469,994816
2026-08-04T01:50,73.56999969482422,73.69000244140625,73.5199966430664,73.6500015258789,1332096
2026-08-04T01:55,73.63999938964844,73.69999694824219,73.62000274658203,73.68000030517578,4447232
2026-08-04T02:00,73.73999786376953,73.7699966430664,73.69999694824219,73.7300033569336,0
2026-08-04T02:05,73.72000122070312,73.7300033569336,73.63999938964844,73.72000122070312,1862400
2026-08-04T02:10,73.73999786376953,73.73999786376953,73.66999816894531,73.69000244140625,2171008
2026-08-04T02:15,73.69000244140625,73.7300033569336,73.66999816894531,73.68000030517578,1009024
2026-08-04T02:20,73.6500015258789,73.66999816894531,73.5999984741211,73.66000366210938,2590976
2026-08-04T02:25,73.6500015258789,73.75,73.63999938964844,73.69000244140625,2043776
2026-08-04T02:30,73.69000244140625,73.87999725341797,73.68000030517578,73.87999725341797,2570240
2026-08-04T02:35,73.87000274658203,74.01000213623047,73.8499984741211,73.9000015258789,8059392
2026-08-04T02:40,73.88999938964844,73.9000015258789,73.8499984741211,73.88999938964844,5284864
2026-08-04T02:45,73.88999938964844,73.91000366210938,73.8499984741211,73.8499984741211,784768
2026-08-04T02:50,73.8499984741211,73.87999725341797,73.80999755859375,73.80999755859375,2385152
2026-08-04T02:55,73.83000183105469,73.83000183105469,73.77999877929688,73.80000305175781,203520
2026-08-04T03:00,73.80000305175781,73.81999969482422,73.75,73.7699966430664,0
2026-08-04T03:05,73.80000305175781,73.80000305175781,73.6500015258789,73.69999694824219,1579392
2026-08-04T03:10,73.69999694824219,73.69999694824219,73.5,73.5199966430664,612992
2026-08-04T03:15,73.5,73.5,73.41000366210938,73.41000366210938,1270784
2026-08-04T03:20,73.41999816894531,73.5199966430664,73.41000366210938,73.41000366210938,3728384
2026-08-04T03:25,73.41999816894531,73.5199966430664,73.41999816894531,73.48999786376953,936448
2026-08-04T03:30,73.5199966430664,73.62999725341797,73.5199966430664,73.56999969482422,1424896
2026-08-04T03:35,73.55999755859375,73.66000366210938,73.55999755859375,73.66000366210938,421120
2026-08-04T03:40,73.66000366210938,73.69000244140625,73.62999725341797,73.6500015258789,790528
2026-08-04T03:45,73.66000366210938,73.69999694824219,73.61000061035156,73.68000030517578,0
2026-08-04T03:50,73.68000030517578,73.72000122070312,73.66000366210938,73.66000366210938,0
2026-08-04T03:55,73.66000366210938,73.66999816894531,73.62000274658203,73.62999725341797,438912
2026-08-04T04:00,73.61000061035156,73.63999938964844,73.58999633789062,73.58999633789062,0
2026-08-04T04:05,73.58999633789062,73.5999984741211,73.52999877929688,73.58000183105469,0
2026-08-04T04:10,73.58999633789062,73.62999725341797,73.56999969482422,73.58999633789062,1625344
2026-08-04T04:15,73.58000183105469,73.73999786376953,73.55999755859375,73.70999908447266,0
2026-08-04T04:20,73.70999908447266,73.73999786376953,73.66999816894531,73.68000030517578,2177664
2026-08-04T04:25,73.68000030517578,73.69999694824219,73.63999938964844,73.63999938964844,325632
2026-08-04T04:30,73.63999938964844,73.72000122070312,73.63999938964844,73.72000122070312,0
2026-08-04T04:35,73.70999908447266,73.86000061035156,73.66999816894531,73.86000061035156,0
2026-08-04T04:40,73.8499984741211,73.86000061035156,73.79000091552734,73.86000061035156,1648640
2026-08-04T04:45,73.86000061035156,74.0199966430664,73.83999633789062,73.93000030517578,2524288
2026-08-04T04:50,73.94000244140625,73.94000244140625,73.87000274658203,73.9000015258789,7143808
2026-08-04T04:55,73.9000015258789,73.9000015258789,73.76000213623047,73.76000213623047,482944
2026-08-04T05:00,73.80999755859375,73.81999969482422,73.69000244140625,73.7699966430664,1956608
2026-08-04T05:05,73.7699966430664,73.77999877929688,73.72000122070312,73.72000122070312,568448
2026-08-04T05:10,73.72000122070312,73.72000122070312,73.62999725341797,73.63999938964844,0
2026-08-04T05:15,73.62000274658203,73.7300033569336,73.62000274658203,73.72000122070312,0
2026-08-04T05:20,73.72000122070312,73.75,73.69999694824219,73.70999908447266,0
2026-08-04T05:25,73.69000244140625,73.69000244140625,73.6500015258789,73.66999816894531,17792
2026-08-04T05:30,73.66000366210938,73.70999908447266,73.66000366210938,73.70999908447266,477440
2026-08-04T05:35,73.69999694824219,73.7300033569336,73.68000030517578,73.69000244140625,431488
2026-08-04T05:40,73.69999694824219,73.73999786376953,73.69000244140625,73.7300033569336,0
2026-08-04T05:45,73.72000122070312,73.7300033569336,73.66999816894531,73.69000244140625,0
2026-08-04T05:50,73.69000244140625,73.70999908447266,73.66999816894531,73.69000244140625,0
2026-08-04T05:55,73.69000244140625,73.69999694824219,73.66999816894531,73.68000030517578,119680
2026-08-04T06:00,73.68000030517578,73.73999786376953,73.62999725341797,73.70999908447266,0
2026-08-04T06:05,73.69999694824219,73.73999786376953,73.69000244140625,73.73999786376953,561408
2026-08-04T06:10,73.73999786376953,73.76000213623047,73.69000244140625,73.7300033569336,752896
2026-08-04T06:15,73.7300033569336,73.8499984741211,73.69999694824219,73.83000183105469,115200
2026-08-04T06:20,73.80999755859375,73.80999755859375,73.70999908447266,73.72000122070312,4208640
2026-08-04T06:25,73.70999908447266,73.72000122070312,73.62000274658203,73.62000274658203,1050240
2026-08-04T06:30,73.58999633789062,73.63999938964844,73.58999633789062,73.62999725341797,489344
2026-08-04T06:35,73.62000274658203,73.62000274658203,73.45999908447266,73.45999908447266,0
2026-08-04T06:40,73.43000030517578,73.44999694824219,73.33999633789062,73.37000274658203,0
2026-08-04T06:45,73.37000274658203,73.4000015258789,73.36000061035156,73.37999725341797,0
2026-08-04T06:50,73.3499984741211,73.38999938964844,73.33999633789062,73.3499984741211,0
2026-08-04T06:55,73.33999633789062,73.36000061035156,73.33999633789062,73.3499984741211,0
2026-08-04T07:00,73.3499984741211,73.38999938964844,73.31999969482422,73.37000274658203,0
2026-08-04T07:05,73.37000274658203,73.41000366210938,73.31999969482422,73.33999633789062,0
2026-08-04T07:10,73.33999633789062,73.33999633789062,73.29000091552734,73.30999755859375,1311744
2026-08-04T07:15,73.30000305175781,73.30000305175781,73.19999694824219,73.19999694824219,0
2026-08-04T07:20,73.19999694824219,73.19999694824219,73.12999725341797,73.18000030517578,0
2026-08-04T07:25,73.19999694824219,73.33000183105469,73.19999694824219,73.31999969482422,7272960
2026-08-04T07:30,73.30999755859375,73.55000305175781,73.30999755859375,73.51000213623047,5342592
2026-08-04T07:35,73.52999877929688,73.52999877929688,73.45999908447266,73.45999908447266,5756032
2026-08-04T07:40,73.4800033569336,73.5,73.44999694824219,73.4800033569336,2156416
2026-08-04T07:45,73.5,73.6500015258789,73.5,73.6500015258789,694272
2026-08-04T07:50,73.63999938964844,73.66000366210938,73.5999984741211,73.5999984741211,1580544
2026-08-04T07:55,73.5999984741211,73.66000366210938,73.5999984741211,73.5999984741211,0
2026-08-04T08:00,73.62000274658203,73.68000030517578,73.58000183105469,73.58000183105469,0
2026-08-04T08:05,73.56999969482422,73.62999725341797,73.5,73.51000213623047,7575936
2026-08-04T08:10,73.5,73.54000091552734,73.47000122070312,73.4800033569336,663296
2026-08-04T08:15,73.4800033569336,73.4800033569336,73.36000061035156,73.36000061035156,0
2026-08-04T08:20,73.3499984741211,73.37999725341797,73.30000305175781,73.3499984741211,0
2026-08-04T08:25,73.37000274658203,73.44999694824219,73.37000274658203,73.37999725341797,0
2026-08-04T08:30,73.36000061035156,73.36000061035156,73.2300033569336,73.30000305175781,0
2026-08-04T08:35,73.30000305175781,73.36000061035156,73.26000213623047,73.36000061035156,0
2026-08-04T08:40,73.3499984741211,73.37999725341797,73.29000091552734,73.37999725341797,0
2026-08-04T08:45,73.37999725341797,73.37999725341797,73.25,73.33000183105469,0
2026-08-04T08:50,73.31999969482422,73.3499984741211,73.29000091552734,73.31999969482422,0
2026-08-04T08:55,73.33999633789062,73.33999633789062,73.2699966430664,73.27999877929688,1042816
2026-08-04T09:00,73.2699966430664,73.2699966430664,73.20999908447266,73.23999786376953,0
2026-08-04T09:05,73.23999786376953,73.23999786376953,73.18000030517578,73.18000030517578,0
2026-08-04T09:10,73.16999816894531,73.19999694824219,73.1500015258789,73.1500015258789,619008
2026-08-04T09:15,73.1500015258789,73.19000244140625,73.08000183105469,73.08000183105469,3836288
2026-08-04T09:20,73.0999984741211,73.20999908447266,73.08999633789062,73.19999694824219,4678144
2026-08-04T09:25,73.19999694824219,73.20999908447266,73.16999816894531,73.18000030517578,1111936
2026-08-04T09:30,73.16999816894531,73.19999694824219,73.12000274658203,73.19999694824219,2096000
2026-08-04T09:35,73.2300033569336,73.2300033569336,73.1500015258789,73.1500015258789,1017216
2026-08-04T09:40,73.16999816894531,73.22000122070312,73.16000366210938,73.19000244140625,319360
2026-08-04T09:45,73.19000244140625,73.19999694824219,73.1500015258789,73.18000030517578,3374080
2026-08-04T09:50,73.19000244140625,73.20999908447266,73.1500015258789,73.20999908447266,1455104
2026-08-04T09:55,73.20999908447266,73.22000122070312,73.18000030517578,73.22000122070312,0
2026-08-04T10:00,73.20999908447266,73.20999908447266,73.11000061035156,73.11000061035156,0
2026-08-04T10:05,73.11000061035156,73.16999816894531,73.11000061035156,73.16000366210938,407680
2026-08-04T10:10,73.1500015258789,73.18000030517578,73.12000274658203,73.12000274658203,0
2026-08-04T10:15,73.0999984741211,73.12999725341797,73.05000305175781,73.12999725341797,0
2026-08-04T10:20,73.1500015258789,73.22000122070312,73.12000274658203,73.12000274658203,0
2026-08-04T10:25,73.12000274658203,73.13999938964844,73.02999877929688,73.04000091552734,0
2026-08-04T10:30,73.05000305175781,73.08999633789062,73.02999877929688,73.08999633789062,0
2026-08-04T10:35,73.08000183105469,73.08000183105469,73.0199966430664,73.06999969482422,0
2026-08-04T10:40,73.08999633789062,73.29000091552734,73.08999633789062,73.29000091552734,323200
2026-08-04T10:45,73.26000213623047,73.55999755859375,73.26000213623047,73.4800033569336,4522240
2026-08-04T10:50,73.47000122070312,73.62000274658203,73.44999694824219,73.5,7652992
2026-08-04T10:55,73.5,73.55000305175781,73.5,73.54000091552734,5570176
2026-08-04T11:00,73.55000305175781,73.58999633789062,73.48999786376953,73.54000091552734,0
2026-08-04T11:05,73.55000305175781,73.55999755859375,73.45999908447266,73.5199966430664,2292480
2026-08-04T11:10,73.5199966430664,73.54000091552734,73.4800033569336,73.5199966430664,1326592
2026-08-04T11:15,73.5,73.5,73.45999908447266,73.4800033569336,187264
2026-08-04T11:20,73.48999786376953,73.66000366210938,73.48999786376953,73.55999755859375,99840
2026-08-04T11:25,73.55000305175781,73.6500015258789,73.55000305175781,73.6500015258789,2816512
2026-08-04T11:30,73.66000366210938,73.66000366210938,73.5999984741211,73.63999938964844,1976448
2026-08-04T11:35,73.63999938964844,73.66000366210938,73.5999984741211,73.66000366210938,5626496
2026-08-04T11:40,73.63999938964844,73.7699966430664,73.5999984741211,73.7699966430664,1083904
2026-08-04T11:45,73.75,73.80999755859375,73.70999908447266,73.77999877929688,5596416
2026-08-04T11:50,73.7699966430664,73.87999725341797,73.7699966430664,73.8499984741211,7115136
2026-08-04T11:55,73.86000061035156,73.9000015258789,73.83999633789062,73.87000274658203,5569536
2026-08-04T12:00,73.86000061035156,73.86000061035156,73.72000122070312,73.7300033569336,0
2026-08-04T12:05,73.73999786376953,73.79000091552734,73.7300033569336,73.7699966430664,4318464
2026-08-04T12:10,73.7699966430664,73.80999755859375,73.72000122070312,73.7300033569336,0
2026-08-04T12:15,73.7300033569336,73.73999786376953,73.69000244140625,73.69999694824219,1293952
2026-08-04T12:20,73.69999694824219,73.80999755859375,73.68000030517578,73.7699966430664,383872
2026-08-04T12:25,73.7699966430664,73.86000061035156,73.7699966430664,73.83999633789062,2366080
2026-08-04T12:30,73.83999633789062,73.9000015258789,73.7699966430664,73.9000015258789,1484032
2026-08-04T12:35,73.9000015258789,73.9800033569336,73.9000015258789,73.91999816894531,3084672
2026-08-04T12:40,73.91999816894531,73.94000244140625,73.87999725341797,73.88999938964844,2931328
2026-08-04T12:45,73.9000015258789,73.9000015258789,73.76000213623047,73.77999877929688,0
2026-08-04T12:50,73.77999877929688,73.83000183105469,73.7699966430664,73.79000091552734,728704
2026-08-04T12:55,73.79000091552734,73.80000305175781,73.73999786376953,73.75,963456
2026-08-04T13:00,73.73999786376953,73.80000305175781,73.63999938964844,73.73999786376953,0
2026-08-04T13:05,73.75,73.80999755859375,73.75,73.7699966430664,1301504
2026-08-04T13:10,73.7699966430664,73.81999969482422,73.76000213623047,73.76000213623047,1124352
2026-08-04T13:15,73.7699966430664,73.79000091552734,73.66000366210938,73.68000030517578,0
2026-08-04T13:20,73.69000244140625,73.86000061035156,73.69000244140625,73.73999786376953,2433664
2026-08-04T13:25,73.69999694824219,73.80999755859375,73.69999694824219,73.77999877929688,0
2026-08-04T13:30,73.76000213623047,73.94999694824219,73.70999908447266,73.91000366210938,449792
2026-08-04T13:35,73.9000015258789,73.97000122070312,73.83999633789062,73.88999938964844,838016
2026-08-04T13:40,73.93000030517578,73.95999908447266,73.87999725341797,73.88999938964844,1873024
2026-08-04T13:45,73.87999725341797,73.91000366210938,73.5999984741211,73.72000122070312,0
2026-08-04T13:50,73.69999694824219,73.80000305175781,73.63999938964844,73.66999816894531,0
2026-08-04T13:55,73.68000030517578,73.68000030517578,73.5199966430664,73.55999755859375,0
2026-08-04T14:00,73.56999969482422,73.62999725341797,73.37999725341797,73.62000274658203,0
2026-08-04T14:05,73.62000274658203,73.7699966430664,73.56999969482422,73.56999969482422,0
2026-08-04T14:10,73.55999755859375,73.56999969482422,73.43000030517578,73.55000305175781,0
2026-08-04T14:15,73.55000305175781,73.58000183105469,73.2699966430664,73.33000183105469,0
2026-08-04T14:20,73.33000183105469,73.41000366210938,73.2699966430664,73.33000183105469,219904
2026-08-04T14:25,73.33000183105469,73.5,73.33000183105469,73.4800033569336,0
2026-08-04T14:30,73.4800033569336,73.62999725341797,73.44000244140625,73.55000305175781,0
2026-08-04T14:35,73.55999755859375,73.5999984741211,73.47000122070312,73.58999633789062,0
2026-08-04T14:40,73.58999633789062,73.86000061035156,73.58999633789062,73.79000091552734,0
2026-08-04T14:45,73.77999877929688,73.81999969482422,73.70999908447266,73.72000122070312,0
2026-08-04T14:50,73.69999694824219,73.7699966430664,73.66000366210938,73.69000244140625,0
2026-08-04T14:55,73.68000030517578,73.80000305175781,73.66999816894531,73.73999786376953,0
2026-08-04T15:00,73.76000213623047,73.91999816894531,73.72000122070312,73.86000061035156,0
2026-08-04T15:05,73.83000183105469,73.8499984741211,73.75,73.75,0
2026-08-04T15:10,73.76000213623047,73.80999755859375,73.6500015258789,73.77999877929688,0
2026-08-04T15:15,73.7699966430664,73.80999755859375,73.66999816894531,73.68000030517578,0
2026-08-04T15:20,73.69000244140625,73.7300033569336,73.66999816894531,73.68000030517578,0
2026-08-04T15:25,73.66999816894531,73.73999786376953,73.5199966430664,73.55999755859375,0
2026-08-04T15:30,73.55999755859375,73.61000061035156,73.38999938964844,73.44999694824219,0
2026-08-04T15:35,73.44000244140625,73.5199966430664,73.33999633789062,73.51000213623047,0
2026-08-04T15:40,73.52999877929688,73.8499984741211,73.51000213623047,73.8499984741211,0
2026-08-04T15:45,73.86000061035156,74.04000091552734,73.81999969482422,73.95999908447266,3222272
2026-08-04T15:50,73.94999694824219,74.12000274658203,73.94000244140625,73.98999786376953,7491200
2026-08-04T15:55,73.9800033569336,74.0,73.9000015258789,73.91999816894531,2629376
2026-08-04T16:00,73.93000030517578,73.93000030517578,73.7699966430664,73.80000305175781,0
2026-08-04T16:05,73.79000091552734,73.86000061035156,73.7300033569336,73.80000305175781,0
2026-08-04T16:10,73.79000091552734,73.91000366210938,73.73999786376953,73.81999969482422,0
2026-08-04T16:15,73.83999633789062,73.9000015258789,73.77999877929688,73.86000061035156,4328448
2026-08-04T16:20,73.87000274658203,73.93000030517578,73.80999755859375,73.87999725341797,1816064
2026-08-04T16:25,73.83999633789062,73.94000244140625,73.79000091552734,73.79000091552734,95872
2026-08-04T16:30,73.79000091552734,73.83999633789062,73.72000122070312,73.80999755859375,52992
2026-08-04T16:35,73.79000091552734,73.80999755859375,73.62999725341797,73.69999694824219,351360
2026-08-04T16:40,73.70999908447266,73.72000122070312,73.5999984741211,73.66999816894531,0
2026-08-04T16:45,73.6500015258789,73.69999694824219,73.62999725341797,73.69999694824219,0
2026-08-04T16:50,73.70999908447266,73.72000122070312,73.54000091552734,73.54000091552734,0
2026-08-04T16:55,73.55000305175781,73.66000366210938,73.54000091552734,73.66000366210938,731136
2026-08-04T17:00,73.66999816894531,74.01000213623047,73.63999938964844,73.97000122070312,0
2026-08-04T17:05,73.9800033569336,74.16999816894531,73.93000030517578,74.02999877929688,2122752
2026-08-04T17:10,74.01000213623047,74.01000213623047,73.94000244140625,73.98999786376953,6270208
2026-08-04T17:15,73.9800033569336,73.9800033569336,73.88999938964844,73.91999816894531,686080
2026-08-04T17:20,73.94000244140625,74.05000305175781,73.87999725341797,73.87999725341797,1086464
2026-08-04T17:25,73.87999725341797,74.06999969482422,73.87999725341797,74.04000091552734,0
2026-08-04T17:30,74.05000305175781,74.05999755859375,73.97000122070312,74.02999877929688,1693440
2026-08-04T17:35,74.05000305175781,74.06999969482422,73.9800033569336,74.02999877929688,640384
2026-08-04T17:40,74.04000091552734,74.05000305175781,74.0,74.0,0
2026-08-04T17:45,73.98999786376953,74.04000091552734,73.83999633789062,73.83999633789062,95104
2026-08-04T17:50,73.8499984741211,73.86000061035156,73.7300033569336,73.80000305175781,417280
2026-08-04T17:55,73.77999877929688,73.77999877929688,73.66999816894531,73.70999908447266,3157760
2026-08-04T18:00,73.72000122070312,73.91000366210938,73.72000122070312,73.88999938964844,0
2026-08-04T18:05,73.88999938964844,74.05999755859375,73.88999938964844,73.94999694824219,0
2026-08-04T18:10,73.97000122070312,74.05999755859375,73.91999816894531,74.05999755859375,0
2026-08-04T18:15,74.08000183105469,74.16999816894531,74.04000091552734,74.16000366210938,0
2026-08-04T18:20,74.18000030517578,74.26000213623047,74.16999816894531,74.2300033569336,689408
2026-08-04T18:25,74.33000183105469,74.33000183105469,74.22000122070312,74.23999786376953,5975808
2026-08-04T18:30,74.25,74.27999877929688,74.16999816894531,74.16999816894531,418304
2026-08-04T18:35,74.19000244140625,74.20999908447266,74.02999877929688,74.04000091552734,633984
2026-08-04T18:40,74.04000091552734,74.11000061035156,73.98999786376953,74.0999984741211,154752
2026-08-04T18:45,74.11000061035156,74.16999816894531,74.08000183105469,74.08999633789062,141696
2026-08-04T18:50,74.06999969482422,74.0999984741211,74.05999755859375,74.08999633789062,0
2026-08-04T18:55,74.08000183105469,74.0999984741211,74.05999755859375,74.0999984741211,0
2026-08-04T19:00,74.0999984741211,74.1500015258789,74.05999755859375,74.12000274658203,0
2026-08-04T19:05,74.0999984741211,74.16999816894531,74.08000183105469,74.16999816894531,0
2026-08-04T19:10,74.20999908447266,74.33999633789062,74.19999694824219,74.30000305175781,0
2026-08-04T19:15,74.30999755859375,74.33000183105469,74.19000244140625,74.19000244140625,3992448
2026-08-04T19:20,74.19000244140625,74.20999908447266,74.0999984741211,74.11000061035156,0
2026-08-04T19:25,74.0999984741211,74.16000366210938,74.08999633789062,74.11000061035156,0
2026-08-04T19:30,74.11000061035156,74.19999694824219,74.08999633789062,74.1500015258789,374528
2026-08-04T19:35,74.13999938964844,74.29000091552734,74.0999984741211,74.18000030517578,350336
2026-08-04T19:40,74.1500015258789,74.22000122070312,74.13999938964844,74.19999694824219,5286784
2026-08-04T19:45,74.19999694824219,74.2300033569336,74.16000366210938,74.18000030517578,867712
2026-08-04T19:50,74.1500015258789,74.18000030517578,74.06999969482422,74.0999984741211,83712
2026-08-04T19:55,74.0999984741211,74.22000122070312,74.0999984741211,74.12000274658203,0
2026-08-04T20:00,74.13999938964844,74.16999816894531,74.0199966430664,74.05000305175781,0
2026-08-04T20:05,74.04000091552734,74.12000274658203,74.02999877929688,74.11000061035156,3081472
2026-08-04T20:10,74.0999984741211,74.18000030517578,74.08999633789062,74.16999816894531,2383232
2026-08-04T20:15,74.12000274658203,74.12000274658203,73.81999969482422,73.87000274658203,5148032
2026-08-04T20:20,73.9000015258789,74.01000213623047,73.9000015258789,73.97000122070312,6480384
2026-08-04T20:25,74.0,74.04000091552734,73.98999786376953,74.04000091552734,3563904
2026-08-04T20:30,74.04000091552734,74.13999938964844,74.0199966430664,74.0199966430664,334080
2026-08-04T20:35,74.0199966430664,74.20999908447266,74.0199966430664,74.20999908447266,2932480
2026-08-04T20:40,74.22000122070312,74.37000274658203,74.22000122070312,74.36000061035156,8976128
2026-08-04T20:45,74.3499984741211,74.36000061035156,74.27999877929688,74.30000305175781,4363008
2026-08-04T20:50,74.29000091552734,74.29000091552734,74.19999694824219,74.19999694824219,50176
2026-08-04T20:55,74.19000244140625,74.2300033569336,74.13999938964844,74.20999908447266,0
2026-08-04T21:00,74.22000122070312,74.2300033569336,74.0999984741211,74.12999725341797,2513920
2026-08-04T21:05,74.12999725341797,74.12999725341797,74.05000305175781,74.0999984741211,4096384
2026-08-04T21:10,74.11000061035156,74.11000061035156,73.97000122070312,73.98999786376953,911232
2026-08-04T21:15,73.98999786376953,74.04000091552734,73.9800033569336,73.98999786376953,0
2026-08-04T21:20,73.98999786376953,74.0999984741211,73.97000122070312,74.08999633789062,108288
2026-08-04T21:25,74.0999984741211,74.0999984741211,74.01000213623047,74.01000213623047,1633792
2026-08-04T21:30,73.98999786376953,74.0199966430664,73.97000122070312,74.0,700288
2026-08-04T21:35,74.01000213623047,74.05000305175781,74.0,74.05000305175781,1810304
2026-08-04T21:40,74.05999755859375,74.08999633789062,74.0,74.04000091552734,392064
2026-08-04T21:45,74.04000091552734,74.08999633789062,74.0,74.06999969482422,1254528
2026-08-04T21:50,74.06999969482422,74.08999633789062,74.0,74.0199966430664,341504
2026-08-04T21:55,74.0,74.08999633789062,74.0,74.06999969482422,373632
2026-08-04T22:00,74.08000183105469,74.08999633789062,73.93000030517578,74.01000213623047,0
2026-08-04T22:05,74.02999877929688,74.06999969482422,74.0199966430664,74.05000305175781,0
2026-08-04T22:10,74.05000305175781,74.08999633789062,74.05000305175781,74.08000183105469,0
2026-08-04T22:15,74.06999969482422,74.0999984741211,74.0199966430664,74.05999755859375,0
2026-08-04T22:20,74.05999755859375,74.12999725341797,74.02999877929688,74.04000091552734,0
2026-08-04T22:25,74.05000305175781,74.12000274658203,74.0199966430664,74.11000061035156,0
2026-08-04T22:30,74.0999984741211,74.16999816894531,74.06999969482422,74.08000183105469,386816
2026-08-04T22:35,74.08000183105469,74.0999984741211,74.05000305175781,74.05000305175781,374400
2026-08-04T22:40,74.05000305175781,74.05999755859375,74.0,74.0,0
2026-08-04T22:45,74.01000213623047,74.02999877929688,73.98999786376953,74.0,0
2026-08-04T22:50,74.0,74.0199966430664,73.94999694824219,73.98999786376953,0
2026-08-04T22:55,74.0,74.05000305175781,73.9800033569336,74.04000091552734,189184
2026-08-04T23:00,74.05000305175781,74.05000305175781,73.9000015258789,73.97000122070312,0
2026-08-04T23:05,73.97000122070312,74.1500015258789,73.97000122070312,74.11000061035156,0
2026-08-04T23:10,74.11000061035156,74.20999908447266,74.0999984741211,74.16999816894531,3577728
2026-08-04T23:15,74.16999816894531,74.22000122070312,74.1500015258789,74.16999816894531,3897344
2026-08-04T23:20,74.1500015258789,74.1500015258789,73.97000122070312,73.97000122070312,2326656
2026-08-04T23:25,73.93000030517578,73.93000030517578,73.83999633789062,73.8499984741211,1529344
2026-08-04T23:30,73.80000305175781,73.83999633789062,73.73999786376953,73.73999786376953,4115584
2026-08-04T23:35,73.76000213623047,73.7699966430664,73.72000122070312,73.75,3242752
2026-08-04T23:40,73.76000213623047,73.88999938964844,73.76000213623047,73.81999969482422,1844608
2026-08-04T23:45,73.80999755859375,73.83999633789062,73.69999694824219,73.76000213623047,935168
2026-08-04T23:50,73.76000213623047,73.7699966430664,73.70999908447266,73.73999786376953,4729984
2026-08-04T23:55,73.7300033569336,73.73999786376953,73.68000030517578,73.69999694824219,1378176
2026-08-05T00:00,73.69000244140625,73.73999786376953,73.6500015258789,73.66999816894531,0
2026-08-05T00:05,73.68000030517578,73.69999694824219,73.58000183105469,73.62000274658203,1571200
2026-08-05T00:10,73.58000183105469,73.62999725341797,73.55999755859375,73.5999984741211,1833088
2026-08-05T00:15,73.62000274658203,73.62000274658203,73.55999755859375,73.5999984741211,0
2026-08-05T00:20,73.58999633789062,73.61000061035156,73.55000305175781,73.61000061035156,0
2026-08-05T00:25,73.5999984741211,73.5999984741211,73.5199966430664,73.56999969482422,2071040
2026-08-05T00:30,73.58999633789062,73.69000244140625,73.58000183105469,73.62000274658203,0
2026-08-05T00:35,73.63999938964844,73.73999786376953,73.58000183105469,73.58999633789062,1639936
2026-08-05T00:40,73.5999984741211,73.5999984741211,73.47000122070312,73.51000213623047,37120
2026-08-05T00:45,73.51000213623047,73.55000305175781,73.47000122070312,73.4800033569336,267648
2026-08-05T00:50,73.47000122070312,73.5,73.41999816894531,73.44999694824219,854912
2026-08-05T00:55,73.44999694824219,73.51000213623047,73.43000030517578,73.44999694824219,3652736
2026-08-05T01:00,73.44999694824219,73.44999694824219,73.33999633789062,73.44999694824219,0
2026-08-05T01:05,73.41999816894531,73.5,73.41000366210938,73.48999786376953,5182080
2026-08-05T01:10,73.51000213623047,73.54000091552734,73.4800033569336,73.5,4754688
2026-08-05T01:15,73.48999786376953,73.5,73.43000030517578,73.5,0
2026-08-05T01:20,73.48999786376953,73.62000274658203,73.48999786376953,73.61000061035156,3997056
2026-08-05T01:25,73.61000061035156,73.66999816894531,73.55999755859375,73.66000366210938,1240576
2026-08-05T01:30,73.66000366210938,73.80000305175781,73.6500015258789,73.76000213623047,1176704
2026-08-05T01:35,73.7699966430664,73.98999786376953,73.7699966430664,73.98999786376953,448384
2026-08-05T01:40,74.0,74.0199966430664,73.83999633789062,73.83999633789062,0
2026-08-05T01:45,73.83000183105469,73.94000244140625,73.83000183105469,73.93000030517578,0
2026-08-05T01:50,73.94999694824219,74.01000213623047,73.91999816894531,74.01000213623047,84736
2026-08-05T01:55,74.0199966430664,74.05999755859375,74.0,74.05999755859375,0
2026-08-05T02:00,74.05999755859375,74.33999633789062,74.0199966430664,74.18000030517578,0
2026-08-05T02:05,74.18000030517578,74.20999908447266,74.12000274658203,74.13999938964844,8922880
2026-08-05T02:10,74.1500015258789,74.22000122070312,74.0999984741211,74.16999816894531,3866112
2026-08-05T02:15,74.18000030517578,74.19999694824219,74.01000213623047,74.02999877929688,3624960
2026-08-05T02:20,74.06999969482422,74.13999938964844,74.02999877929688,74.06999969482422,5933184
2026-08-05T02:25,74.06999969482422,74.18000030517578,74.05999755859375,74.13999938964844,4016256
2026-08-05T02:30,74.1500015258789,74.22000122070312,74.12999725341797,74.20999908447266,840192
2026-08-05T02:35,74.22000122070312,74.25,74.18000030517578,74.20999908447266,0
2026-08-05T02:40,74.22000122070312,74.33000183105469,74.20999908447266,74.33000183105469,1154688
2026-08-05T02:45,74.37000274658203,74.43000030517578,74.16999816894531,74.2300033569336,4962304
2026-08-05T02:50,74.25,74.25,74.13999938964844,74.19999694824219,5242368
2026-08-05T02:55,74.19999694824219,74.22000122070312,74.12000274658203,74.16000366210938,3148032
2026-08-05T03:00,74.16000366210938,74.23999786376953,74.06999969482422,74.08999633789062,0
2026-08-05T03:05,74.08999633789062,74.13999938964844,74.01000213623047,74.01000213623047,5899008
2026-08-05T03:10,74.02999877929688,74.08999633789062,74.01000213623047,74.0199966430664,880256
2026-08-05T03:15,74.0,74.01000213623047,73.73999786376953,73.7699966430664,0
2026-08-05T03:20,73.7699966430664,73.86000061035156,73.7300033569336,73.75,4667904
2026-08-05T03:25,73.75,73.75,73.66999816894531,73.68000030517578,6051456
2026-08-05T03:30,73.68000030517578,73.75,73.66000366210938,73.73999786376953,1743232
2026-08-05T03:35,73.7300033569336,73.77999877929688,73.7300033569336,73.76000213623047,2812032
2026-08-05T03:40,73.7699966430664,73.79000091552734,73.72000122070312,73.73999786376953,2503552
2026-08-05T03:45,73.75,73.7699966430664,73.7300033569336,73.73999786376953,1030272
2026-08-05T03:50,73.73999786376953,73.7699966430664,73.70999908447266,73.73999786376953,1622656
2026-08-05T03:55,73.75,73.76000213623047,73.70999908447266,73.7300033569336,1098240
2026-08-05T04:00,73.7300033569336,73.75,73.66999816894531,73.66999816894531,0
2026-08-05T04:05,73.66999816894531,73.69000244140625,73.63999938964844,73.68000030517578,2525440
2026-08-05T04:10,73.68000030517578,73.69000244140625,73.63999938964844,73.6500015258789,582656
2026-08-05T04:15,73.6500015258789,73.66000366210938,73.55999755859375,73.62999725341797,1346048
2026-08-05T04:20,73.62999725341797,73.68000030517578,73.58999633789062,73.61000061035156,7825536
2026-08-05T04:25,73.61000061035156,73.62999725341797,73.56999969482422,73.62999725341797,2914048
2026-08-05T04:30,73.63999938964844,73.80000305175781,73.62999725341797,73.76000213623047,2572160
2026-08-05T04:35,73.76000213623047,73.77999877929688,73.72000122070312,73.7300033569336,3084672
2026-08-05T04:40,73.7300033569336,73.75,73.69999694824219,73.70999908447266,1548288
2026-08-05T04:45,73.70999908447266,73.76000213623047,73.70999908447266,73.75,0
2026-08-05T04:50,73.75,73.76000213623047,73.66999816894531,73.7300033569336,0
2026-08-05T04:55,73.7300033569336,73.7699966430664,73.72000122070312,73.7300033569336,0
2026-08-05T05:00,73.72000122070312,73.91000366210938,73.69000244140625,73.91000366210938,0
2026-08-05T05:05,73.91000366210938,74.0199966430664,73.9000015258789,73.94000244140625,5719296
2026-08-05T05:10,73.93000030517578,73.94999694824219,73.88999938964844,73.9000015258789,9085952
2026-08-05T05:15,73.9000015258789,73.91000366210938,73.87000274658203,73.91000366210938,1869184
2026-08-05T05:20,73.91999816894531,74.02999877929688,73.91000366210938,74.0199966430664,4635648
2026-08-05T05:25,74.05000305175781,74.2300033569336,74.05000305175781,74.11000061035156,12477568
2026-08-05T05:30,74.0999984741211,74.0999984741211,74.0,74.01000213623047,4804992
2026-08-05T05:35,74.01000213623047,74.08000183105469,73.98999786376953,74.06999969482422,7669120
2026-08-05T05:40,74.08999633789062,74.11000061035156,74.05000305175781,74.11000061035156,7988736
2026-08-05T05:45,74.11000061035156,74.1500015258789,74.08999633789062,74.0999984741211,6551424
2026-08-05T05:50,74.0999984741211,74.11000061035156,74.02999877929688,74.06999969482422,4403328
2026-08-05T05:55,74.06999969482422,74.12000274658203,74.05999755859375,74.08999633789062,3795456
2026-08-05T06:00,74.08000183105469,74.08999633789062,73.98999786376953,74.05000305175781,140928
2026-08-05T06:05,74.04000091552734,74.05999755859375,73.9800033569336,74.0199966430664,6220672
2026-08-05T06:10,74.0199966430664,74.08000183105469,74.0199966430664,74.04000091552734,484736
2026-08-05T06:15,74.02999877929688,74.08000183105469,74.0,74.04000091552734,987392
2026-08-05T06:20,74.05000305175781,74.06999969482422,73.98999786376953,74.05999755859375,0
2026-08-05T06:25,74.05999755859375,74.08000183105469,74.04000091552734,74.06999969482422,84736
2026-08-05T06:30,74.06999969482422,74.12999725341797,74.06999969482422,74.12999725341797,146048
2026-08-05T06:35,74.12999725341797,74.19000244140625,74.08999633789062,74.11000061035156,1200768
2026-08-05T06:40,74.12000274658203,74.12000274658203,74.05999755859375,74.06999969482422,0
2026-08-05T06:45,74.06999969482422,74.08000183105469,73.97000122070312,74.06999969482422,0
2026-08-05T06:50,74.04000091552734,74.04000091552734,73.94999694824219,73.95999908447266,0
2026-08-05T06:55,73.93000030517578,73.95999908447266,73.91999816894531,73.94999694824219,1471360
2026-08-05T07:00,73.95999908447266,73.9800033569336,73.86000061035156,73.88999938964844,0
2026-08-05T07:05,73.88999938964844,73.91999816894531,73.8499984741211,73.8499984741211,0
2026-08-05T07:10,73.8499984741211,73.8499984741211,73.79000091552734,73.83000183105469,0
2026-08-05T07:15,73.81999969482422,73.81999969482422,73.7699966430664,73.7699966430664,0
2026-08-05T07:20,73.73999786376953,73.73999786376953,73.63999938964844,73.66999816894531,0
2026-08-05T07:25,73.66999816894531,73.68000030517578,73.62999725341797,73.66000366210938,0
2026-08-05T07:30,73.66999816894531,73.69000244140625,73.6500015258789,73.66000366210938,0
2026-08-05T07:35,73.66999816894531,73.69999694824219,73.63999938964844,73.69000244140625,0
2026-08-05T07:40,73.69000244140625,73.69999694824219,73.62000274658203,73.62000274658203,2343040
2026-08-05T07:45,73.63999938964844,73.73999786376953,73.63999938964844,73.72000122070312,3034112
2026-08-05T07:50,73.73999786376953,73.76000213623047,73.70999908447266,73.73999786376953,1721856
2026-08-05T07:55,73.75,73.91000366210938,73.75,73.91000366210938,1521536
2026-08-05T08:00,73.94999694824219,74.05000305175781,73.94999694824219,74.04000091552734,222080
2026-08-05T08:05,74.0199966430664,74.0199966430664,73.9800033569336,74.01000213623047,0
2026-08-05T08:10,74.01000213623047,74.05000305175781,73.94999694824219,73.94999694824219,0
2026-08-05T08:15,73.93000030517578,73.9800033569336,73.88999938964844,73.95999908447266,0
2026-08-05T08:20,73.95999908447266,74.01000213623047,73.95999908447266,73.98999786376953,156288
2026-08-05T08:25,74.0,74.0999984741211,73.98999786376953,74.05999755859375,791168
2026-08-05T08:30,74.08000183105469,74.08999633789062,74.02999877929688,74.04000091552734,646016
2026-08-05T08:35,74.02999877929688,74.05999755859375,74.0,74.0,152192
2026-08-05T08:40,74.01000213623047,74.02999877929688,73.95999908447266,73.9800033569336,2178560
2026-08-05T08:45,73.98999786376953,74.0,73.93000030517578,74.0,455936
2026-08-05T08:50,74.0,74.04000091552734,74.0,74.02999877929688,2865408
2026-08-05T08:55,74.02999877929688,74.06999969482422,73.9800033569336,74.0199966430664,141056
2026-08-05T09:00,74.0199966430664,74.0199966430664,73.93000030517578,74.01000213623047,0
2026-08-05T09:05,74.01000213623047,74.02999877929688,74.0,74.02999877929688,0
2026-08-05T09:10,74.02999877929688,74.04000091552734,74.0199966430664,74.0199966430664,0
2026-08-05T09:15,74.02999877929688,74.12999725341797,74.01000213623047,74.08000183105469,0
2026-08-05T09:20,74.08000183105469,74.12999725341797,74.05000305175781,74.08000183105469,0
2026-08-05T09:25,74.08000183105469,74.0999984741211,74.05999755859375,74.08999633789062,0
2026-08-05T09:30,74.08000183105469,74.12000274658203,74.08000183105469,74.0999984741211,471808
2026-08-05T09:35,74.11000061035156,74.12999725341797,74.0999984741211,74.12999725341797,0
2026-08-05T09:40,74.12000274658203,74.12999725341797,74.06999969482422,74.06999969482422,0
2026-08-05T09:45,74.06999969482422,74.06999969482422,74.0199966430664,74.02999877929688,0
2026-08-05T09:50,74.02999877929688,74.05999755859375,74.0,74.0,0
2026-08-05T09:55,74.01000213623047,74.01000213623047,73.94999694824219,73.94999694824219,0
2026-08-05T10:00,73.94000244140625,73.97000122070312,73.91999816894531,73.97000122070312,0
2026-08-05T10:05,73.97000122070312,74.0,73.95999908447266,73.95999908447266,0
2026-08-05T10:10,73.94000244140625,73.94999694824219,73.87000274658203,73.91999816894531,1406336
2026-08-05T10:15,73.93000030517578,73.94000244140625,73.86000061035156,73.91000366210938,459776
2026-08-05T10:20,73.91000366210938,73.94999694824219,73.88999938964844,73.93000030517578,0
2026-08-05T10:25,73.93000030517578,74.02999877929688,73.93000030517578,74.0,0
2026-08-05T10:30,74.0,74.0,73.94000244140625,73.95999908447266,0
2026-08-05T10:35,73.94000244140625,74.0,73.94000244140625,74.0,0
2026-08-05T10:40,74.01000213623047,74.05000305175781,73.95999908447266,73.95999908447266,513152
2026-08-05T10:45,73.97000122070312,73.97000122070312,73.7699966430664,73.80000305175781,706176
2026-08-05T10:50,73.79000091552734,73.83000183105469,73.7300033569336,73.76000213623047,0
2026-08-05T10:55,73.7699966430664,73.80999755859375,73.7699966430664,73.7699966430664,681984
2026-08-05T11:00,73.77999877929688,73.87000274658203,73.7699966430664,73.87000274658203,0
2026-08-05T11:05,73.88999938964844,73.94000244140625,73.83999633789062,73.93000030517578,398720
2026-08-05T11:10,73.94999694824219,73.94999694824219,73.83999633789062,73.86000061035156,446720
2026-08-05T11:15,73.87999725341797,73.87999725341797,73.81999969482422,73.87000274658203,0
2026-08-05T11:20,73.87999725341797,73.87999725341797,73.81999969482422,73.8499984741211,0
2026-08-05T11:25,73.8499984741211,73.8499984741211,73.75,73.75,0
2026-08-05T11:30,73.7300033569336,73.83000183105469,73.69999694824219,73.80999755859375,0
2026-08-05T11:35,73.80000305175781,73.80000305175781,73.73999786376953,73.76000213623047,0
2026-08-05T11:40,73.75,73.76000213623047,73.70999908447266,73.70999908447266,0
2026-08-05T11:45,73.72000122070312,73.7300033569336,73.68000030517578,73.7300033569336,0
2026-08-05T11:50,73.72000122070312,73.7300033569336,73.66999816894531,73.66999816894531,0
2026-08-05T11:55,73.68000030517578,73.70999908447266,73.66999816894531,73.69999694824219,0
2026-08-05T12:00,73.72000122070312,73.75,73.6500015258789,73.72000122070312,0
2026-08-05T12:05,73.69999694824219,73.80999755859375,73.69000244140625,73.80999755859375,0
2026-08-05T12:10,73.88999938964844,73.88999938964844,73.80000305175781,73.83000183105469,3384576
2026-08-05T12:15,73.81999969482422,74.05000305175781,73.79000091552734,74.04000091552734,776320
2026-08-05T12:20,74.05999755859375,74.22000122070312,74.02999877929688,74.16999816894531,7692544
2026-08-05T12:25,74.1500015258789,74.31999969482422,74.1500015258789,74.2300033569336,6510848
2026-08-05T12:30,74.2300033569336,74.25,74.05000305175781,74.08000183105469,10448640
2026-08-05T12:35,74.08000183105469,74.13999938964844,74.05999755859375,74.08999633789062,2168704
2026-08-05T12:40,74.08999633789062,74.12999725341797,74.04000091552734,74.08999633789062,831488
2026-08-05T12:45,74.05999755859375,74.11000061035156,73.9800033569336,74.08999633789062,1570944
2026-08-05T12:50,74.08000183105469,74.08000183105469,73.93000030517578,73.94999694824219,2641536
2026-08-05T12:55,73.94000244140625,74.04000091552734,73.94000244140625,74.0,1229568
2026-08-05T13:00,74.01000213623047,74.04000091552734,73.97000122070312,73.98999786376953,0
2026-08-05T13:05,73.98999786376953,74.0199966430664,73.93000030517578,73.95999908447266,3004800
2026-08-05T13:10,73.94000244140625,73.94000244140625,73.68000030517578,73.79000091552734,3452928
2026-08-05T13:15,73.80000305175781,73.86000061035156,73.80000305175781,73.83000183105469,4152192
2026-08-05T13:20,73.83000183105469,73.83999633789062,73.77999877929688,73.81999969482422,0
2026-08-05T13:25,73.7300033569336,73.77999877929688,73.69999694824219,73.72000122070312,0
2026-08-05T13:30,73.6500015258789,73.69000244140625,73.29000091552734,73.29000091552734,1665664
2026-08-05T13:35,73.29000091552734,73.69000244140625,73.22000122070312,73.66000366210938,10144512
2026-08-05T13:40,73.66999816894531,73.77999877929688,73.58999633789062,73.62000274658203,16654464
2026-08-05T13:45,73.58999633789062,73.66000366210938,73.45999908447266,73.66000366210938,2553600
2026-08-05T13:50,73.6500015258789,73.8499984741211,73.56999969482422,73.66999816894531,6858752
2026-08-05T13:55,73.69000244140625,73.91000366210938,73.66999816894531,73.91000366210938,10950272
2026-08-05T14:00,73.91000366210938,73.91999816894531,73.73999786376953,73.83000183105469,0
2026-08-05T14:05,73.87000274658203,74.06999969482422,73.87000274658203,73.93000030517578,10228864
2026-08-05T14:10,73.94000244140625,74.01000213623047,73.87999725341797,73.95999908447266,2625920
2026-08-05T14:15,73.95999908447266,74.05999755859375,73.91999816894531,73.98999786376953,2852096
2026-08-05T14:20,73.94999694824219,73.97000122070312,73.7300033569336,73.7699966430664,0
2026-08-05T14:25,73.77999877929688,73.83999633789062,73.69999694824219,73.75,0
2026-08-05T14:30,73.75,73.81999969482422,73.63999938964844,73.66999816894531,2314496
2026-08-05T14:35,73.69000244140625,73.75,73.62999725341797,73.63999938964844,1550464
2026-08-05T14:40,73.63999938964844,73.7300033569336,73.55999755859375,73.7300033569336,281344
2026-08-05T14:45,73.7699966430664,73.83999633789062,73.75,73.83000183105469,458368
2026-08-05T14:50,73.86000061035156,73.88999938964844,73.63999938964844,73.77999877929688,1828480
2026-08-05T14:55,73.80999755859375,74.01000213623047,73.7699966430664,73.88999938964844,4318976
2026-08-05T15:00,73.91000366210938,74.11000061035156,73.83999633789062,74.0199966430664,2235648
2026-08-05T15:05,74.05000305175781,74.12999725341797,73.94999694824219,74.12999725341797,10264832
2026-08-05T15:10,74.1500015258789,74.16000366210938,74.0,74.0,5286272
2026-08-05T15:15,73.98999786376953,74.01000213623047,73.80000305175781,74.0,5293952
2026-08-05T15:20,74.0,74.01000213623047,73.86000061035156,73.91999816894531,10023680
2026-08-05T15:25,73.8499984741211,74.0199966430664,73.8499984741211,73.97000122070312,2032896
2026-08-05T15:30,73.9800033569336,74.0999984741211,73.97000122070312,74.08999633789062,2256128
2026-08-05T15:35,74.0999984741211,74.22000122070312,74.05000305175781,74.16000366210938,3172096
2026-08-05T15:40,74.16999816894531,74.2300033569336,74.0999984741211,74.12000274658203,14866304
2026-08-05T15:45,74.11000061035156,74.12999725341797,74.04000091552734,74.12000274658203,365440
2026-08-05T15:50,74.11000061035156,74.12000274658203,73.97000122070312,73.98999786376953,0
2026-08-05T15:55,73.98999786376953,73.98999786376953,73.87000274658203,73.88999938964844,369792
2026-08-05T16:00,73.87999725341797,74.0,73.87000274658203,73.97000122070312,0
2026-08-05T16:05,73.9800033569336,74.0999984741211,73.95999908447266,74.05999755859375,10791296
2026-08-05T16:10,74.06999969482422,74.12000274658203,73.9800033569336,74.12000274658203,0
2026-08-05T16:15,74.12000274658203,74.16999816894531,74.06999969482422,74.12999725341797,0
2026-08-05T16:20,74.12000274658203,74.27999877929688,74.0999984741211,74.19000244140625,0
2026-08-05T16:25,74.19000244140625,74.36000061035156,74.19000244140625,74.33000183105469,4132096
2026-08-05T16:30,74.33999633789062,74.36000061035156,74.19999694824219,74.23999786376953,8463232
2026-08-05T16:35,74.23999786376953,74.31999969482422,74.19999694824219,74.2699966430664,5279744
2026-08-05T16:40,74.2699966430664,74.33000183105469,74.25,74.29000091552734,2243584
2026-08-05T16:45,74.26000213623047,74.2699966430664,74.19000244140625,74.19000244140625,472448
2026-08-05T16:50,74.18000030517578,74.19000244140625,74.12000274658203,74.16000366210938,234240
2026-08-05T16:55,74.16999816894531,74.26000213623047,74.1500015258789,74.20999908447266,0
2026-08-05T17:00,74.2300033569336,74.33999633789062,74.20999908447266,74.26000213623047,0
2026-08-05T17:05,74.25,74.25,74.1500015258789,74.16000366210938,2405760
2026-08-05T17:10,74.1500015258789,74.19999694824219,74.12000274658203,74.13999938964844,0
2026-08-05T17:15,74.12999725341797,74.13999938964844,74.06999969482422,74.13999938964844,0
2026-08-05T17:20,74.12000274658203,74.13999938964844,74.05999755859375,74.13999938964844,0
2026-08-05T17:25,74.1500015258789,74.16999816894531,74.11000061035156,74.12999725341797,0
2026-08-05T17:30,74.12000274658203,74.16000366210938,74.08000183105469,74.12999725341797,0
2026-08-05T17:35,74.13999938964844,74.51000213623047,74.13999938964844,74.48999786376953,757248
2026-08-05T17:40,74.48999786376953,74.58000183105469,74.44999694824219,74.44999694824219,14661376
2026-08-05T17:45,74.4800033569336,74.54000091552734,74.43000030517578,74.4800033569336,3537920
2026-08-05T17:50,74.4800033569336,74.54000091552734,74.44000244140625,74.4800033569336,3455488
2026-08-05T17:55,74.45999908447266,74.5,74.44000244140625,74.47000122070312,0
2026-08-05T18:00,74.4800033569336,74.54000091552734,74.44999694824219,74.5199966430664,0
2026-08-05T18:05,74.5,74.52999877929688,74.36000061035156,74.38999938964844,1647744
2026-08-05T18:10,74.41000366210938,74.55999755859375,74.37999725341797,74.51000213623047,5184384
2026-08-05T18:15,74.5199966430664,74.56999969482422,74.44999694824219,74.44999694824219,735872
2026-08-05T18:20,74.44000244140625,74.72000122070312,74.44000244140625,74.48999786376953,2965120
2026-08-05T18:25,74.48999786376953,74.5,74.41999816894531,74.45999908447266,3827712
2026-08-05T18:30,74.44000244140625,74.48999786376953,74.38999938964844,74.48999786376953,1977856
2026-08-05T18:35,74.48999786376953,74.61000061035156,74.48999786376953,74.58999633789062,2347136
2026-08-05T18:40,74.58999633789062,74.5999984741211,74.5199966430664,74.5999984741211,1324288
2026-08-05T18:45,74.5999984741211,74.61000061035156,74.47000122070312,74.4800033569336,0
2026-08-05T18:50,74.4800033569336,74.51000213623047,74.4000015258789,74.43000030517578,0
2026-08-05T18:55,74.43000030517578,74.4800033569336,74.41999816894531,74.45999908447266,0
2026-08-05T19:00,74.44000244140625,74.52999877929688,74.4000015258789,74.51000213623047,0
2026-08-05T19:05,74.54000091552734,74.55999755859375,74.4800033569336,74.5199966430664,2529536
2026-08-05T19:10,74.51000213623047,74.51000213623047,74.44000244140625,74.4800033569336,0
2026-08-05T19:15,74.47000122070312,74.48999786376953,74.38999938964844,74.38999938964844,0
2026-08-05T19:20,74.38999938964844,74.45999908447266,74.38999938964844,74.41999816894531,0
2026-08-05T19:25,74.41999816894531,74.44999694824219,74.38999938964844,74.38999938964844,0
2026-08-05T19:30,74.4000015258789,74.44999694824219,74.37999725341797,74.41999816894531,0
2026-08-05T19:35,74.4000015258789,74.45999908447266,74.37999725341797,74.41999816894531,24576
2026-08-05T19:40,74.41000366210938,74.44999694824219,74.38999938964844,74.4000015258789,0
2026-08-05T19:45,74.41000366210938,74.41999816894531,74.36000061035156,74.36000061035156,0
2026-08-05T19:50,74.37999725341797,74.41999816894531,74.37999725341797,74.4000015258789,0
2026-08-05T19:55,74.4000015258789,74.51000213623047,74.38999938964844,74.41000366210938,0
2026-08-05T20:00,74.43000030517578,74.43000030517578,74.33000183105469,74.36000061035156,0
2026-08-05T20:05,74.33999633789062,74.33999633789062,74.25,74.27999877929688,0
2026-08-05T20:10,74.30999755859375,74.4800033569336,74.30999755859375,74.47000122070312,2128768
2026-08-05T20:15,74.45999908447266,74.5,74.37999725341797,74.38999938964844,0
2026-08-05T20:20,74.37000274658203,74.5,74.3499984741211,74.37000274658203,0
2026-08-05T20:25,74.37000274658203,74.41000366210938,74.31999969482422,74.37000274658203,582144
2026-08-05T20:30,74.36000061035156,74.37000274658203,74.30999755859375,74.30999755859375,1914880
2026-08-05T20:35,74.30999755859375,74.37999725341797,74.30999755859375,74.37999725341797,0
2026-08-05T20:40,74.37999725341797,74.47000122070312,74.37999725341797,74.45999908447266,0
2026-08-05T20:45,74.4800033569336,74.4800033569336,74.37999725341797,74.38999938964844,0
2026-08-05T20:50,74.38999938964844,74.43000030517578,74.36000061035156,74.41000366210938,0
2026-08-05T20:55,74.41999816894531,74.41999816894531,74.31999969482422,74.31999969482422,0
2026-08-05T21:00,74.31999969482422,74.33000183105469,74.12000274658203,74.23999786376953,0
2026-08-05T21:05,74.19000244140625,74.23999786376953,74.1500015258789,74.19000244140625,0
2026-08-05T21:10,74.16999816894531,74.27999877929688,74.1500015258789,74.2699966430664,1370368
2026-08-05T21:15,74.26000213623047,74.26000213623047,74.20999908447266,74.20999908447266,723968
2026-08-05T21:20,74.19999694824219,74.19999694824219,74.06999969482422,74.12000274658203,3234304
2026-08-05T21:25,74.12000274658203,74.12000274658203,74.02999877929688,74.05999755859375,0
2026-08-05T21:30,74.06999969482422,74.1500015258789,74.05999755859375,74.08999633789062,1278336
2026-08-05T21:35,74.08999633789062,74.08999633789062,74.0,74.05000305175781,217472
2026-08-05T21:40,74.05999755859375,74.08999633789062,74.05000305175781,74.08000183105469,401152
2026-08-05T21:45,74.05999755859375,74.08999633789062,74.04000091552734,74.05999755859375,169344
2026-08-05T21:50,74.05999755859375,74.12000274658203,74.05000305175781,74.12000274658203,622976
2026-08-05T21:55,74.12000274658203,74.13999938964844,74.05000305175781,74.05000305175781,1351552
2026-08-05T22:00,74.05999755859375,74.12000274658203,73.95999908447266,74.01000213623047,0
2026-08-05T22:05,74.0,74.06999969482422,73.9800033569336,74.04000091552734,2032896
2026-08-05T22:10,74.02999877929688,74.11000061035156,74.0199966430664,74.0199966430664,383616
2026-08-05T22:15,74.0199966430664,74.12999725341797,74.0199966430664,74.08000183105469,0
2026-08-05T22:20,74.08000183105469,74.08999633789062,73.98999786376953,74.04000091552734,1035008
2026-08-05T22:25,74.02999877929688,74.02999877929688,73.93000030517578,73.9800033569336,844800
2026-08-05T22:30,73.98999786376953,74.01000213623047,73.95999908447266,74.0,0
2026-08-05T22:35,74.0199966430664,74.0199966430664,73.94000244140625,73.95999908447266,0
2026-08-05T22:40,73.95999908447266,73.98999786376953,73.94000244140625,73.98999786376953,459008
2026-08-05T22:45,73.98999786376953,74.05999755859375,73.9800033569336,74.01000213623047,766720
2026-08-05T22:50,74.0,74.02999877929688,73.95999908447266,73.95999908447266,796288
2026-08-05T22:55,73.97000122070312,73.98999786376953,73.94999694824219,73.94999694824219,839296
2026-08-05T23:00,73.91999816894531,73.91999816894531,73.79000091552734,73.83000183105469,0
2026-08-05T23:05,73.80999755859375,73.88999938964844,73.79000091552734,73.88999938964844,2237952
2026-08-05T23:10,73.88999938964844,73.93000030517578,73.87999725341797,73.87999725341797,0
2026-08-05T23:15,73.87000274658203,73.9000015258789,73.83999633789062,73.87999725341797,0
2026-08-05T23:20,73.87000274658203,73.93000030517578,73.86000061035156,73.91999816894531,0
2026-08-05T23:25,73.93000030517578,73.98999786376953,73.93000030517578,73.95999908447266,816768
2026-08-05T23:30,73.95999908447266,74.0,73.95999908447266,74.0,0
2026-08-05T23:35,74.01000213623047,74.04000091552734,73.9800033569336,74.01000213623047,0
2026-08-05T23:40,74.0199966430664,74.04000091552734,73.98999786376953,73.98999786376953,827136
2026-08-05T23:45,73.9800033569336,74.0,73.91000366210938,74.0,0
2026-08-05T23:50,74.0,74.01000213623047,73.94999694824219,73.95999908447266,923136
2026-08-05T23:55,73.95999908447266,73.97000122070312,73.94000244140625,73.97000122070312,51584
2026-08-06T00:00,74.0,74.02999877929688,73.97000122070312,73.98999786376953,0
2026-08-06T00:05,73.98999786376953,74.08999633789062,73.9800033569336,74.04000091552734,0
2026-08-06T00:10,74.0199966430664,74.05000305175781,74.0,74.0199966430664,0
2026-08-06T00:15,74.02999877929688,74.0999984741211,74.01000213623047,74.0999984741211,0
2026-08-06T00:20,74.11000061035156,74.19000244140625,74.08000183105469,74.16999816894531,0
2026-08-06T00:25,74.19000244140625,74.19000244140625,74.12000274658203,74.12000274658203,0
2026-08-06T00:30,74.12000274658203,74.1500015258789,74.08999633789062,74.11000061035156,0
2026-08-06T00:35,74.11000061035156,74.11000061035156,74.05000305175781,74.05999755859375,0
2026-08-06T00:40,74.08000183105469,74.0999984741211,74.02999877929688,74.02999877929688,0
2026-08-06T00:45,74.0199966430664,74.05000305175781,73.97000122070312,74.01000213623047,0
2026-08-06T00:50,74.01000213623047,74.08000183105469,73.97000122070312,74.05999755859375,0
2026-08-06T00:55,74.06999969482422,74.06999969482422,74.01000213623047,74.01000213623047,0
2026-08-06T01:00,74.01000213623047,74.05000305175781,73.97000122070312,74.0,0
2026-08-06T01:05,73.9800033569336,74.02999877929688,73.93000030517578,74.02999877929688,0
2026-08-06T01:10,74.04000091552734,74.04000091552734,73.93000030517578,73.98999786376953,0
2026-08-06T01:15,73.9800033569336,74.0199966430664,73.88999938964844,73.9000015258789,0
2026-08-06T01:20,73.87999725341797,73.88999938964844,73.73999786376953,73.80000305175781,0
2026-08-06T01:25,73.81999969482422,73.81999969482422,73.69000244140625,73.70999908447266,2004224
2026-08-06T01:30,73.69999694824219,73.77999877929688,73.66000366210938,73.76000213623047,2017280
2026-08-06T01:35,73.76000213623047,73.80999755859375,73.73999786376953,73.75,5652352
2026-08-06T01:40,73.76000213623047,73.77999877929688,73.69999694824219,73.70999908447266,2459520
2026-08-06T01:45,73.70999908447266,73.8499984741211,73.70999908447266,73.83999633789062,714368
2026-08-06T01:50,73.8499984741211,73.86000061035156,73.75,73.75,3095936
2026-08-06T01:55,73.7300033569336,73.76000213623047,73.66999816894531,73.68000030517578,618496
2026-08-06T02:00,73.66000366210938,73.69999694824219,73.55000305175781,73.62000274658203,0
2026-08-06T02:05,73.62000274658203,73.6500015258789,73.58000183105469,73.62999725341797,0
2026-08-06T02:10,73.66000366210938,73.70999908447266,73.5199966430664,73.5199966430664,0
2026-08-06T02:15,73.5199966430664,73.55999755859375,73.4000015258789,73.41000366210938,887168
2026-08-06T02:20,73.37000274658203,73.44000244140625,73.37000274658203,73.41000366210938,4973568
2026-08-06T02:25,73.38999938964844,73.41999816894531,73.33999633789062,73.37000274658203,1050880
2026-08-06T02:30,73.3499984741211,73.43000030517578,73.31999969482422,73.41000366210938,1899264
2026-08-06T02:35,73.44999694824219,73.45999908447266,73.30999755859375,73.41000366210938,5369216
2026-08-06T02:40,73.4000015258789,73.52999877929688,73.4000015258789,73.52999877929688,0
2026-08-06T02:45,73.45999908447266,73.52999877929688,73.44999694824219,73.5,0
2026-08-06T02:50,73.48999786376953,73.5,73.43000030517578,73.45999908447266,0
2026-08-06T02:55,73.44999694824219,73.48999786376953,73.41999816894531,73.47000122070312,0
2026-08-06T03:00,73.44000244140625,73.44000244140625,73.37000274658203,73.41999816894531,0
2026-08-06T03:05,73.43000030517578,73.47000122070312,73.4000015258789,73.44000244140625,0
2026-08-06T03:10,73.44999694824219,73.4800033569336,73.44000244140625,73.47000122070312,0
2026-08-06T03:15,73.44999694824219,73.45999908447266,73.4000015258789,73.4000015258789,0
2026-08-06T03:20,73.41000366210938,73.47000122070312,73.41000366210938,73.41000366210938,0
2026-08-06T03:25,73.4000015258789,73.4800033569336,73.4000015258789,73.4800033569336,0
2026-08-06T03:30,73.4800033569336,73.5199966430664,73.41999816894531,73.4800033569336,566400
2026-08-06T03:35,73.47000122070312,73.4800033569336,73.43000030517578,73.47000122070312,829056
2026-08-06T03:40,73.44999694824219,73.44999694824219,73.38999938964844,73.4000015258789,0
2026-08-06T03:45,73.37999725341797,73.47000122070312,73.37000274658203,73.43000030517578,0
2026-08-06T03:50,73.43000030517578,73.5,73.4000015258789,73.4000015258789,0
2026-08-06T03:55,73.37999725341797,73.43000030517578,73.37999725341797,73.41999816894531,0
2026-08-06T04:00,73.41999816894531,73.43000030517578,73.33000183105469,73.33000183105469,0
2026-08-06T04:05,73.33000183105469,73.48999786376953,73.33000183105469,73.48999786376953,211584
2026-08-06T04:10,73.48999786376953,73.52999877929688,73.47000122070312,73.5199966430664,0
2026-08-06T04:15,73.5199966430664,73.61000061035156,73.5199966430664,73.5999984741211,0
2026-08-06T04:20,73.5999984741211,73.70999908447266,73.58999633789062,73.68000030517578,0
2026-08-06T04:25,73.70999908447266,73.73999786376953,73.69999694824219,73.73999786376953,0
2026-08-06T04:30,73.73999786376953,73.80000305175781,73.72000122070312,73.7300033569336,0
2026-08-06T04:35,73.73999786376953,73.80000305175781,73.69000244140625,73.69999694824219,0
2026-08-06T04:40,73.69999694824219,73.7300033569336,73.6500015258789,73.68000030517578,0
2026-08-06T04:45,73.68000030517578,73.68000030517578,73.62999725341797,73.66000366210938,273664
2026-08-06T04:50,73.66000366210938,73.7300033569336,73.6500015258789,73.7300033569336,0
2026-08-06T04:55,73.75,73.80000305175781,73.7300033569336,73.80000305175781,0
2026-08-06T05:00,73.79000091552734,73.87999725341797,73.79000091552734,73.86000061035156,0
2026-08-06T05:05,73.87999725341797,74.25,73.87999725341797,74.18000030517578,0
2026-08-06T05:10,74.18000030517578,74.19000244140625,74.0999984741211,74.1500015258789,1315456
2026-08-06T05:15,74.13999938964844,74.27999877929688,74.12000274658203,74.12999725341797,501376
2026-08-06T05:20,74.12000274658203,74.2300033569336,74.12000274658203,74.2300033569336,5737856
2026-08-06T05:25,74.19999694824219,74.19999694824219,74.04000091552734,74.06999969482422,0
2026-08-06T05:30,74.05000305175781,74.12000274658203,74.0199966430664,74.05999755859375,0
2026-08-06T05:35,74.05999755859375,74.0999984741211,74.02999877929688,74.05999755859375,0
2026-08-06T05:40,74.05999755859375,74.12999725341797,74.04000091552734,74.12000274658203,0
2026-08-06T05:45,74.11000061035156,74.13999938964844,74.08999633789062,74.08999633789062,0
2026-08-06T05:50,74.06999969482422,74.12000274658203,74.06999969482422,74.11000061035156,1199872
2026-08-06T05:55,74.08999633789062,74.1500015258789,74.08000183105469,74.1500015258789,2103808
2026-08-06T06:00,74.13999938964844,74.18000030517578,74.08000183105469,74.16999816894531,0
2026-08-06T06:05,74.18000030517578,74.18000030517578,74.04000091552734,74.04000091552734,3435776
2026-08-06T06:10,74.04000091552734,74.04000091552734,73.94999694824219,73.95999908447266,3183872
2026-08-06T06:15,73.9800033569336,73.9800033569336,73.87999725341797,73.91999816894531,969344
2026-08-06T06:20,73.93000030517578,74.04000091552734,73.91000366210938,74.02999877929688,0
2026-08-06T06:25,74.0199966430664,74.06999969482422,73.98999786376953,74.01000213623047,0
2026-08-06T06:30,74.0,74.01000213623047,73.95999908447266,74.01000213623047,253184
2026-08-06T06:35,74.0,74.0199966430664,73.94999694824219,74.0,0
2026-08-06T06:40,74.0,74.04000091552734,73.94999694824219,74.04000091552734,0
2026-08-06T06:45,74.04000091552734,74.05000305175781,73.97000122070312,73.9800033569336,363008
2026-08-06T06:50,73.9800033569336,73.98999786376953,73.94000244140625,73.97000122070312,0
2026-08-06T06:55,73.97000122070312,73.9800033569336,73.94999694824219,73.9800033569336,0
2026-08-06T07:00,73.97000122070312,73.97000122070312,73.91000366210938,73.93000030517578,0
2026-08-06T07:05,73.91999816894531,73.9800033569336,73.91000366210938,73.94999694824219,0
2026-08-06T07:10,73.94000244140625,74.01000213623047,73.93000030517578,74.01000213623047,0
2026-08-06T07:15,74.01000213623047,74.0199966430664,73.94000244140625,73.97000122070312,0
2026-08-06T07:20,73.98999786376953,74.05000305175781,73.97000122070312,74.04000091552734,0
2026-08-06T07:25,74.0199966430664,74.02999877929688,73.9800033569336,73.98999786376953,0
2026-08-06T07:30,73.9800033569336,74.0,73.94000244140625,74.0,0
2026-08-06T07:35,73.9800033569336,74.01000213623047,73.91000366210938,73.91000366210938,0
2026-08-06T07:40,73.91000366210938,73.91000366210938,73.83000183105469,73.83999633789062,1778048
2026-08-06T07:45,73.8499984741211,73.87000274658203,73.83000183105469,73.8499984741211,3386624
2026-08-06T07:50,73.86000061035156,73.86000061035156,73.80000305175781,73.80000305175781,1982336
2026-08-06T07:55,73.81999969482422,73.86000061035156,73.77999877929688,73.80000305175781,3592448
2026-08-06T08:00,73.80000305175781,73.81999969482422,73.73999786376953,73.79000091552734,0
2026-08-06T08:05,73.79000091552734,73.80000305175781,73.7300033569336,73.73999786376953,2193408
2026-08-06T08:10,73.7300033569336,73.73999786376953,73.68000030517578,73.69999694824219,1957632
2026-08-06T08:15,73.68000030517578,73.68000030517578,73.62999725341797,73.62999725341797,2951296
2026-08-06T08:20,73.6500015258789,73.70999908447266,73.62999725341797,73.63999938964844,4407936
2026-08-06T08:25,73.6500015258789,73.7300033569336,73.63999938964844,73.72000122070312,3324416
2026-08-06T08:30,73.7300033569336,73.77999877929688,73.69999694824219,73.7699966430664,6945280
2026-08-06T08:35,73.77999877929688,73.77999877929688,73.72000122070312,73.75,4435328
2026-08-06T08:40,73.75,73.83999633789062,73.75,73.80999755859375,3103872
2026-08-06T08:45,73.80000305175781,73.88999938964844,73.80000305175781,73.88999938964844,0
2026-08-06T08:50,73.87000274658203,74.02999877929688,73.83999633789062,73.94000244140625,0
2026-08-06T08:55,73.94000244140625,73.9800033569336,73.91000366210938,73.91000366210938,2219392
2026-08-06T09:00,73.91999816894531,73.91999816894531,73.8499984741211,73.86000061035156,0
2026-08-06T09:05,73.8499984741211,73.8499984741211,73.66999816894531,73.72000122070312,4457472
2026-08-06T09:10,73.70999908447266,73.70999908447266,73.5199966430664,73.54000091552734,1043840
2026-08-06T09:15,73.52999877929688,73.58999633789062,73.5,73.55999755859375,2829952
2026-08-06T09:20,73.56999969482422,73.5999984741211,73.44000244140625,73.48999786376953,2785280
2026-08-06T09:25,73.5,73.52999877929688,73.41999816894531,73.44000244140625,6540416
2026-08-06T09:30,73.41000366210938,73.41999816894531,73.33000183105469,73.37999725341797,6257280
2026-08-06T09:35,73.38999938964844,73.4000015258789,73.33000183105469,73.36000061035156,10052608
2026-08-06T09:40,73.36000061035156,73.36000061035156,73.2300033569336,73.2699966430664,4522368
2026-08-06T09:45,73.25,73.26000213623047,73.13999938964844,73.26000213623047,12322816
2026-08-06T09:50,73.26000213623047,73.2699966430664,73.20999908447266,73.22000122070312,8725888
2026-08-06T09:55,73.22000122070312,73.25,73.19999694824219,73.22000122070312,4563584
2026-08-06T10:00,73.20999908447266,73.25,73.12000274658203,73.18000030517578,227200
2026-08-06T10:05,73.16999816894531,73.19000244140625,73.12000274658203,73.16000366210938,8927360
2026-08-06T10:10,73.16999816894531,73.16999816894531,73.08999633789062,73.11000061035156,3834496
2026-08-06T10:15,73.12000274658203,73.26000213623047,73.11000061035156,73.26000213623047,118784
2026-08-06T10:20,73.25,73.31999969482422,73.25,73.30999755859375,2734848
2026-08-06T10:25,73.30000305175781,73.33000183105469,73.29000091552734,73.31999969482422,3133824
2026-08-06T10:30,73.31999969482422,73.3499984741211,73.30000305175781,73.33000183105469,1167104
2026-08-06T10:35,73.33000183105469,73.36000061035156,73.30000305175781,73.30999755859375,1004032
2026-08-06T10:40,73.31999969482422,73.31999969482422,73.23999786376953,73.23999786376953,0
2026-08-06T10:45,73.23999786376953,73.27999877929688,73.2300033569336,73.26000213623047,0
2026-08-06T10:50,73.26000213623047,73.26000213623047,73.16000366210938,73.16000366210938,0
2026-08-06T10:55,73.16999816894531,73.22000122070312,73.16999816894531,73.22000122070312,0
2026-08-06T11:00,73.25,73.25,73.11000061035156,73.12000274658203,0
2026-08-06T11:05,73.12000274658203,73.25,73.0999984741211,73.23999786376953,0
2026-08-06T11:10,73.25,73.31999969482422,73.23999786376953,73.29000091552734,133120
2026-08-06T11:15,73.27999877929688,73.38999938964844,73.27999877929688,73.37000274658203,3316864
2026-08-06T11:20,73.37000274658203,73.4000015258789,73.36000061035156,73.36000061035156,3570304
2026-08-06T11:25,73.3499984741211,73.36000061035156,73.31999969482422,73.31999969482422,279680
2026-08-06T11:30,73.30999755859375,73.41000366210938,73.30999755859375,73.4000015258789,0
2026-08-06T11:35,73.4000015258789,73.48999786376953,73.4000015258789,73.44999694824219,145536
2026-08-06T11:40,73.44000244140625,73.44999694824219,73.43000030517578,73.44000244140625,0
2026-08-06T11:45,73.44999694824219,73.44999694824219,73.37000274658203,73.4000015258789,0
2026-08-06T11:50,73.4000015258789,73.41999816894531,73.36000061035156,73.41000366210938,0
2026-08-06T11:55,73.4000015258789,73.4000015258789,73.37000274658203,73.37999725341797,0
2026-08-06T12:00,73.37000274658203,73.38999938964844,73.30999755859375,73.3499984741211,0
2026-08-06T12:05,73.33999633789062,73.33999633789062,73.23999786376953,73.25,0
2026-08-06T12:10,73.25,73.2699966430664,73.19999694824219,73.19999694824219,0
2026-08-06T12:15,73.19999694824219,73.2300033569336,73.16000366210938,73.19999694824219,0
2026-08-06T12:20,73.19999694824219,73.30999755859375,73.19999694824219,73.30999755859375,0
2026-08-06T12:25,73.30999755859375,73.33000183105469,73.30000305175781,73.31999969482422,0
2026-08-06T12:30,73.30000305175781,73.31999969482422,73.2300033569336,73.23999786376953,0
2026-08-06T12:35,73.2300033569336,73.3499984741211,73.2300033569336,73.3499984741211,0
2026-08-06T12:40,73.33999633789062,73.33999633789062,73.2699966430664,73.2699966430664,0
2026-08-06T12:45,73.2699966430664,73.27999877929688,73.2300033569336,73.25,0
2026-08-06T12:50,73.26000213623047,73.26000213623047,73.16000366210938,73.16000366210938,0
2026-08-06T12:55,73.16999816894531,73.19000244140625,73.06999969482422,73.06999969482422,0
2026-08-06T13:00,73.05999755859375,73.0999984741211,73.01000213623047,73.01000213623047,0
2026-08-06T13:05,73.0,73.01000213623047,72.80000305175781,72.8499984741211,4277248
2026-08-06T13:10,72.83000183105469,72.91999816894531,72.83000183105469,72.91000366210938,6349312
2026-08-06T13:15,72.88999938964844,72.9000015258789,72.81999969482422,72.81999969482422,1227648
2026-08-06T13:20,72.83000183105469,72.9000015258789,72.81999969482422,72.83000183105469,323328
2026-08-06T13:25,72.80999755859375,72.88999938964844,72.80000305175781,72.88999938964844,1943296
2026-08-06T13:30,72.87999725341797,72.91999816894531,72.79000091552734,72.91999816894531,2305024
2026-08-06T13:35,72.94999694824219,73.05000305175781,72.9000015258789,73.05000305175781,0
2026-08-06T13:40,73.04000091552734,73.19999694824219,73.04000091552734,73.16999816894531,0
2026-08-06T13:45,73.16000366210938,73.22000122070312,73.0999984741211,73.22000122070312,0
2026-08-06T13:50,73.19999694824219,73.25,73.16000366210938,73.16000366210938,0
2026-08-06T13:55,73.16000366210938,73.25,73.16000366210938,73.16999816894531,0
2026-08-06T14:00,73.16000366210938,73.19999694824219,73.08999633789062,73.16000366210938,0
2026-08-06T14:05,73.19000244140625,73.19000244140625,73.11000061035156,73.12000274658203,0
2026-08-06T14:10,73.13999938964844,73.23999786376953,73.12999725341797,73.1500015258789,0
2026-08-06T14:15,73.12999725341797,73.2300033569336,73.0999984741211,73.12999725341797,0
2026-08-06T14:20,73.12999725341797,73.30000305175781,73.12999725341797,73.18000030517578,1089792
2026-08-06T14:25,73.16999816894531,73.2300033569336,73.0999984741211,73.0999984741211,86144
2026-08-06T14:30,73.02999877929688,73.2300033569336,73.0199966430664,73.2300033569336,0
2026-08-06T14:35,73.23999786376953,73.3499984741211,73.22000122070312,73.2300033569336,1206528
2026-08-06T14:40,73.20999908447266,73.48999786376953,73.19999694824219,73.44999694824219,0
2026-08-06T14:45,73.44999694824219,73.5,73.33000183105469,73.33000183105469,6439936
2026-08-06T14:50,73.30000305175781,73.33999633789062,73.27999877929688,73.33000183105469,1855872
2026-08-06T14:55,73.33000183105469,73.43000030517578,73.31999969482422,73.38999938964844,0
2026-08-06T15:00,73.4000015258789,73.44999694824219,73.36000061035156,73.4000015258789,0
2026-08-06T15:05,73.4000015258789,73.55999755859375,73.37000274658203,73.5199966430664,0
2026-08-06T15:10,73.5199966430664,73.55999755859375,73.44000244140625,73.44000244140625,0
2026-08-06T15:15,73.41999816894531,73.48999786376953,73.31999969482422,73.31999969482422,0
2026-08-06T15:20,73.31999969482422,73.41999816894531,73.30000305175781,73.4000015258789,0
2026-08-06T15:25,73.4000015258789,73.47000122070312,73.37000274658203,73.45999908447266,0
2026-08-06T15:30,73.4800033569336,73.55000305175781,73.43000030517578,73.43000030517578,0
2026-08-06T15:35,73.4000015258789,73.43000030517578,73.36000061035156,73.41999816894531,0
2026-08-06T15:40,73.41999816894531,73.43000030517578,73.33000183105469,73.3499984741211,0
2026-08-06T15:45,73.31999969482422,73.48999786376953,73.30000305175781,73.44999694824219,0
2026-08-06T15:50,73.44999694824219,73.45999908447266,73.2699966430664,73.2699966430664,0
2026-08-06T15:55,73.25,73.33000183105469,73.23999786376953,73.25,0
2026-08-06T16:00,73.25,73.27999877929688,73.18000030517578,73.2699966430664,0
2026-08-06T16:05,73.2699966430664,73.30999755859375,73.2300033569336,73.2699966430664,0
2026-08-06T16:10,73.29000091552734,73.30999755859375,73.02999877929688,73.06999969482422,0
2026-08-06T16:15,73.08000183105469,73.22000122070312,73.06999969482422,73.20999908447266,3934208
2026-08-06T16:20,73.20999908447266,73.20999908447266,73.12000274658203,73.19999694824219,2133376
2026-08-06T16:25,73.19999694824219,73.23999786376953,73.1500015258789,73.23999786376953,0
2026-08-06T16:30,73.23999786376953,73.30000305175781,73.19000244140625,73.26000213623047,0
2026-08-06T16:35,73.26000213623047,73.33000183105469,73.18000030517578,73.31999969482422,0
2026-08-06T16:40,73.31999969482422,73.41999816894531,73.31999969482422,73.36000061035156,0
2026-08-06T16:45,73.33999633789062,73.36000061035156,73.2699966430664,73.33000183105469,0
2026-08-06T16:50,73.36000061035156,73.4000015258789,73.29000091552734,73.29000091552734,0
2026-08-06T16:55,73.30999755859375,73.37999725341797,73.29000091552734,73.37000274658203,0
2026-08-06T17:00,73.38999938964844,73.4800033569336,73.37999725341797,73.41999816894531,0
2026-08-06T17:05,73.44000244140625,73.44999694824219,73.37000274658203,73.38999938964844,0
2026-08-06T17:10,73.38999938964844,73.41999816894531,73.37000274658203,73.37000274658203,0
2026-08-06T17:15,73.36000061035156,73.37000274658203,73.33000183105469,73.37000274658203,1134848
2026-08-06T17:20,73.3499984741211,73.38999938964844,73.2699966430664,73.29000091552734,0
2026-08-06T17:25,73.30999755859375,73.31999969482422,73.26000213623047,73.26000213623047,0
2026-08-06T17:30,73.25,73.30999755859375,73.20999908447266,73.23999786376953,0
2026-08-06T17:35,73.23999786376953,73.26000213623047,73.13999938964844,73.13999938964844,0
2026-08-06T17:40,73.13999938964844,73.1500015258789,72.98999786376953,73.08000183105469,0
2026-08-06T17:45,73.08999633789062,73.12000274658203,73.0199966430664,73.0199966430664,0
2026-08-06T17:50,73.0199966430664,73.08999633789062,73.0199966430664,73.05999755859375,0
2026-08-06T17:55,73.05999755859375,73.13999938964844,73.05000305175781,73.12000274658203,1228288
2026-08-06T18:00,73.11000061035156,73.11000061035156,72.94999694824219,72.97000122070312,0
2026-08-06T18:05,72.98999786376953,72.98999786376953,72.88999938964844,72.95999908447266,0
2026-08-06T18:10,72.97000122070312,73.01000213623047,72.93000030517578,73.01000213623047,0
2026-08-06T18:15,73.01000213623047,73.11000061035156,72.97000122070312,73.0999984741211,0
2026-08-06T18:20,73.0999984741211,73.1500015258789,73.05999755859375,73.06999969482422,0
2026-08-06T18:25,73.08000183105469,73.08999633789062,73.02999877929688,73.05000305175781,0
2026-08-06T18:30,73.04000091552734,73.05000305175781,72.9000015258789,72.91000366210938,0
2026-08-06T18:35,72.91000366210938,72.94000244140625,72.83999633789062,72.86000061035156,0
2026-08-06T18:40,72.83999633789062,72.88999938964844,72.83000183105469,72.83000183105469,0
2026-08-06T18:45,72.83000183105469,72.91999816894531,72.83000183105469,72.8499984741211,329984
2026-08-06T18:50,72.83999633789062,72.86000061035156,72.6500015258789,72.69000244140625,980224
2026-08-06T18:55,72.68000030517578,72.76000213623047,72.68000030517578,72.75,5566592
2026-08-06T19:00,72.76000213623047,72.77999877929688,72.72000122070312,72.75,2085120
2026-08-06T19:05,72.75,72.7699966430664,72.70999908447266,72.76000213623047,0
2026-08-06T19:10,72.75,72.76000213623047,72.69999694824219,72.70999908447266,393728
2026-08-06T19:15,72.70999908447266,72.70999908447266,72.54000091552734,72.58000183105469,613120
2026-08-06T19:20,72.58000183105469,72.66999816894531,72.56999969482422,72.58999633789062,2416384
2026-08-06T19:25,72.58000183105469,72.58000183105469,72.4800033569336,72.55000305175781,1722240
2026-08-06T19:30,72.55999755859375,72.62999725341797,72.5199966430664,72.62999725341797,718592
2026-08-06T19:35,72.62999725341797,72.68000030517578,72.61000061035156,72.66000366210938,908032
2026-08-06T19:40,72.66000366210938,72.69999694824219,72.6500015258789,72.69999694824219,163328
2026-08-06T19:45,72.70999908447266,72.75,72.70999908447266,72.7300033569336,47360
2026-08-06T19:50,72.72000122070312,72.83000183105469,72.70999908447266,72.79000091552734,1752832
2026-08-06T19:55,72.80000305175781,72.87999725341797,72.7300033569336,72.73999786376953,2545792
2026-08-06T20:00,72.73999786376953,72.88999938964844,72.73999786376953,72.88999938964844,0
2026-08-06T20:05,72.88999938964844,72.91000366210938,72.8499984741211,72.86000061035156,0
2026-08-06T20:10,72.86000061035156,72.88999938964844,72.83999633789062,72.88999938964844,0
2026-08-06T20:15,72.88999938964844,72.88999938964844,72.79000091552734,72.86000061035156,0
2026-08-06T20:20,72.83999633789062,72.86000061035156,72.80000305175781,72.80000305175781,0
2026-08-06T20:25,72.80999755859375,72.83999633789062,72.77999877929688,72.83999633789062,134528
2026-08-06T20:30,72.83999633789062,72.87000274658203,72.80000305175781,72.87000274658203,0
2026-08-06T20:35,72.87000274658203,72.9000015258789,72.8499984741211,72.88999938964844,0
2026-08-06T20:40,72.88999938964844,72.93000030517578,72.87000274658203,72.87999725341797,0
2026-08-06T20:45,72.86000061035156,72.86000061035156,72.81999969482422,72.83000183105469,0
2026-08-06T20:50,72.83999633789062,72.87000274658203,72.77999877929688,72.77999877929688,0
2026-08-06T20:55,72.79000091552734,72.80999755859375,72.77999877929688,72.79000091552734,137344
2026-08-06T21:00,72.77999877929688,72.87999725341797,72.76000213623047,72.76000213623047,0
2026-08-06T21:05,72.75,72.83000183105469,72.73999786376953,72.80999755859375,0
2026-08-06T21:10,72.83000183105469,72.91999816894531,72.80999755859375,72.91000366210938,0
2026-08-06T21:15,72.91000366210938,72.93000030517578,72.80999755859375,72.86000061035156,2272384
2026-08-06T21:20,72.86000061035156,72.88999938964844,72.8499984741211,72.88999938964844,0
2026-08-06T21:25,72.88999938964844,72.91000366210938,72.87000274658203,72.88999938964844,0
2026-08-06T21:30,72.88999938964844,72.88999938964844,72.7699966430664,72.7699966430664,0
2026-08-06T21:35,72.7699966430664,72.87999725341797,72.7300033569336,72.87000274658203,617216
2026-08-06T21:40,72.87000274658203,72.91000366210938,72.83999633789062,72.88999938964844,1714176
2026-08-06T21:45,72.88999938964844,72.88999938964844,72.83000183105469,72.8499984741211,418816
2026-08-06T21:50,72.8499984741211,72.87999725341797,72.81999969482422,72.81999969482422,152832
2026-08-06T21:55,72.81999969482422,72.8499984741211,72.80000305175781,72.80000305175781,0
2026-08-06T22:00,72.80000305175781,72.80000305175781,72.68000030517578,72.76000213623047,0
2026-08-06T22:05,72.76000213623047,72.80999755859375,72.69999694824219,72.7300033569336,0
2026-08-06T22:10,72.7300033569336,72.77999877929688,72.72000122070312,72.76000213623047,373632
2026-08-06T22:15,72.77999877929688,72.77999877929688,72.69999694824219,72.69999694824219,1336576
2026-08-06T22:20,72.69999694824219,72.70999908447266,72.58999633789062,72.62999725341797,0
2026-08-06T22:25,72.62999725341797,72.66000366210938,72.61000061035156,72.62999725341797,1120256
2026-08-06T22:30,72.63999938964844,72.70999908447266,72.61000061035156,72.69999694824219,68224
2026-08-06T22:35,72.66999816894531,72.69999694824219,72.66000366210938,72.69999694824219,433408
2026-08-06T22:40,72.69000244140625,72.69999694824219,72.62999725341797,72.63999938964844,1155456
2026-08-06T22:45,72.6500015258789,72.66999816894531,72.61000061035156,72.63999938964844,811136
2026-08-06T22:50,72.6500015258789,72.66000366210938,72.62000274658203,72.62999725341797,1074688
2026-08-06T22:55,72.63999938964844,72.63999938964844,72.62000274658203,72.62999725341797,1349888
2026-08-06T23:00,72.62000274658203,72.62999725341797,72.5999984741211,72.62000274658203,0
2026-08-06T23:05,72.62999725341797,72.66000366210938,72.61000061035156,72.62999725341797,593792
2026-08-06T23:10,72.62999725341797,72.6500015258789,72.5999984741211,72.61000061035156,818176
2026-08-06T23:15,72.61000061035156,72.61000061035156,72.44000244140625,72.44000244140625,1112960
2026-08-06T23:20,72.44999694824219,72.4800033569336,72.4000015258789,72.44000244140625,2452736
2026-08-06T23:25,72.44000244140625,72.44999694824219,72.29000091552734,72.33000183105469,3327360
2026-08-06T23:30,72.31999969482422,72.38999938964844,72.30999755859375,72.37000274658203,6510592
2026-08-06T23:35,72.36000061035156,72.38999938964844,72.30000305175781,72.30999755859375,4041728
2026-08-06T23:40,72.30999755859375,72.37999725341797,72.27999877929688,72.37999725341797,716928
2026-08-06T23:45,72.37999725341797,72.41999816894531,72.3499984741211,72.37999725341797,1167488
2026-08-06T23:50,72.37000274658203,72.54000091552734,72.37000274658203,72.51000213623047,0
2026-08-06T23:55,72.5,72.63999938964844,72.5,72.62999725341797,2024448
2026-08-07T00:00,72.62000274658203,72.69999694824219,72.58999633789062,72.69999694824219,806144
2026-08-07T00:05,72.69999694824219,72.75,72.69000244140625,72.70999908447266,1193472
2026-08-07T00:10,72.68000030517578,72.70999908447266,72.55999755859375,72.56999969482422,1599488
2026-08-07T00:15,72.58000183105469,72.63999938964844,72.52999877929688,72.56999969482422,1844864
2026-08-07T00:20,72.56999969482422,72.56999969482422,72.51000213623047,72.55999755859375,2601600
2026-08-07T00:25,72.55999755859375,72.62000274658203,72.55000305175781,72.58999633789062,327168
2026-08-07T00:30,72.58999633789062,72.66000366210938,72.5199966430664,72.6500015258789,477824
2026-08-07T00:35,72.6500015258789,72.66999816894531,72.54000091552734,72.56999969482422,1053312
2026-08-07T00:40,72.56999969482422,72.61000061035156,72.5,72.5999984741211,775680
2026-08-07T00:45,72.61000061035156,72.62000274658203,72.51000213623047,72.5199966430664,2006400
2026-08-07T00:50,72.52999877929688,72.62000274658203,72.51000213623047,72.58000183105469,563968
2026-08-07T00:55,72.58999633789062,72.58999633789062,72.52999877929688,72.58999633789062,1209344
2026-08-07T01:00,72.62000274658203,72.75,72.62000274658203,72.70999908447266,0
2026-08-07T01:05,72.69999694824219,72.73999786376953,72.62000274658203,72.62999725341797,1985920
2026-08-07T01:10,72.63999938964844,72.63999938964844,72.56999969482422,72.5999984741211,1589376
2026-08-07T01:15,72.5999984741211,72.62000274658203,72.55000305175781,72.5999984741211,803456
2026-08-07T01:20,72.58999633789062,72.61000061035156,72.55000305175781,72.55999755859375,149376
2026-08-07T01:25,72.55999755859375,72.69000244140625,72.55999755859375,72.69000244140625,0
2026-08-07T01:30,72.68000030517578,72.80999755859375,72.68000030517578,72.76000213623047,0
2026-08-07T01:35,72.76000213623047,72.76000213623047,72.58999633789062,72.58999633789062,0
2026-08-07T01:40,72.58000183105469,72.62999725341797,72.5199966430664,72.61000061035156,0
2026-08-07T01:45,72.61000061035156,72.70999908447266,72.61000061035156,72.66000366210938,0
2026-08-07T01:50,72.66000366210938,72.69000244140625,72.61000061035156,72.63999938964844,0
2026-08-07T01:55,72.63999938964844,72.68000030517578,72.58999633789062,72.66999816894531,0
2026-08-07T02:00,72.66000366210938,72.69999694824219,72.63999938964844,72.66999816894531,0
2026-08-07T02:05,72.66000366210938,72.66000366210938,72.55000305175781,72.55999755859375,0
2026-08-07T02:10,72.54000091552734,72.70999908447266,72.44000244140625,72.70999908447266,0
2026-08-07T02:15,72.72000122070312,72.86000061035156,72.72000122070312,72.73999786376953,0
2026-08-07T02:20,72.75,72.75,72.55000305175781,72.6500015258789,0
2026-08-07T02:25,72.62000274658203,72.62000274658203,72.54000091552734,72.55000305175781,0
2026-08-07T02:30,72.55999755859375,72.62000274658203,72.51000213623047,72.58000183105469,0
2026-08-07T02:35,72.56999969482422,72.66000366210938,72.55999755859375,72.56999969482422,0
2026-08-07T02:40,72.55999755859375,72.63999938964844,72.52999877929688,72.62000274658203,0
2026-08-07T02:45,72.62000274658203,72.69000244140625,72.61000061035156,72.68000030517578,772096
2026-08-07T02:50,72.69000244140625,72.72000122070312,72.69000244140625,72.70999908447266,2024832
2026-08-07T02:55,72.70999908447266,72.70999908447266,72.62999725341797,72.63999938964844,390528
2026-08-07T03:00,72.63999938964844,72.66999816894531,72.55999755859375,72.56999969482422,905600
2026-08-07T03:05,72.56999969482422,72.68000030517578,72.56999969482422,72.66000366210938,0
2026-08-07T03:10,72.66999816894531,72.68000030517578,72.55000305175781,72.55999755859375,1392128
2026-08-07T03:15,72.55999755859375,72.5999984741211,72.55000305175781,72.55999755859375,0
2026-08-07T03:20,72.55000305175781,72.62000274658203,72.52999877929688,72.61000061035156,1158656
2026-08-07T03:25,72.62999725341797,72.69000244140625,72.5999984741211,72.5999984741211,1065344
2026-08-07T03:30,72.62999725341797,72.69999694824219,72.62999725341797,72.63999938964844,0
2026-08-07T03:35,72.6500015258789,72.66999816894531,72.61000061035156,72.62000274658203,0
2026-08-07T03:40,72.62999725341797,72.68000030517578,72.62000274658203,72.63999938964844,0
2026-08-07T03:45,72.63999938964844,72.63999938964844,72.58000183105469,72.63999938964844,0
2026-08-07T03:50,72.6500015258789,72.66999816894531,72.54000091552734,72.56999969482422,0
2026-08-07T03:55,72.55999755859375,72.55999755859375,72.48999786376953,72.55999755859375,0
2026-08-07T04:00,72.55000305175781,72.55999755859375,72.44999694824219,72.55999755859375,0
2026-08-07T04:05,72.55999755859375,72.62000274658203,72.5199966430664,72.5999984741211,0
2026-08-07T04:10,72.61000061035156,72.62000274658203,72.55000305175781,72.55999755859375,0
2026-08-07T04:15,72.55999755859375,72.70999908447266,72.55999755859375,72.70999908447266,0
2026-08-07T04:20,72.72000122070312,72.7300033569336,72.66999816894531,72.69000244140625,0
2026-08-07T04:25,72.68000030517578,72.69000244140625,72.63999938964844,72.68000030517578,0
2026-08-07T04:30,72.68000030517578,72.70999908447266,72.62999725341797,72.69000244140625,382080
2026-08-07T04:35,72.70999908447266,72.7300033569336,72.62000274658203,72.66000366210938,626688
2026-08-07T04:40,72.66000366210938,72.66999816894531,72.63999938964844,72.6500015258789,0
2026-08-07T04:45,72.63999938964844,72.68000030517578,72.5999984741211,72.6500015258789,0
2026-08-07T04:50,72.62000274658203,72.62000274658203,72.54000091552734,72.56999969482422,348288
2026-08-07T04:55,72.56999969482422,72.62000274658203,72.55000305175781,72.61000061035156,1283584
2026-08-07T05:00,72.61000061035156,72.68000030517578,72.61000061035156,72.66000366210938,0
2026-08-07T05:05,72.62000274658203,72.66999816894531,72.58000183105469,72.63999938964844,0
2026-08-07T05:10,72.61000061035156,72.66000366210938,72.61000061035156,72.6500015258789,0
2026-08-07T05:15,72.62000274658203,72.66000366210938,72.61000061035156,72.61000061035156,0
2026-08-07T05:20,72.61000061035156,72.62999725341797,72.52999877929688,72.54000091552734,0
2026-08-07T05:25,72.52999877929688,72.54000091552734,72.48999786376953,72.5,0
2026-08-07T05:30,72.5,72.52999877929688,72.37999725341797,72.4000015258789,0
2026-08-07T05:35,72.4000015258789,72.61000061035156,72.4000015258789,72.61000061035156,0
2026-08-07T05:40,72.61000061035156,72.6500015258789,72.58999633789062,72.63999938964844,3355520
2026-08-07T05:45,72.62999725341797,72.76000213623047,72.62999725341797,72.7300033569336,0
2026-08-07T05:50,72.75,72.88999938964844,72.75,72.81999969482422,0
2026-08-07T05:55,72.83000183105469,72.87000274658203,72.80999755859375,72.80999755859375,0
2026-08-07T06:00,72.80999755859375,72.81999969482422,72.76000213623047,72.80000305175781,0
2026-08-07T06:05,72.80999755859375,72.87999725341797,72.80999755859375,72.81999969482422,0
2026-08-07T06:10,72.83999633789062,72.91000366210938,72.83000183105469,72.9000015258789,0
2026-08-07T06:15,72.9000015258789,72.98999786376953,72.88999938964844,72.93000030517578,0
2026-08-07T06:20,72.94999694824219,72.95999908447266,72.91999816894531,72.94000244140625,1478016
2026-08-07T06:25,72.97000122070312,73.0,72.94000244140625,72.9800033569336,1752704
2026-08-07T06:30,72.97000122070312,72.97000122070312,72.87000274658203,72.87999725341797,7278976
2026-08-07T06:35,72.87000274658203,72.94999694824219,72.87000274658203,72.91000366210938,3529088
2026-08-07T06:40,72.91000366210938,72.91999816894531,72.86000061035156,72.87999725341797,917504
2026-08-07T06:45,72.87000274658203,72.9000015258789,72.79000091552734,72.79000091552734,150144
2026-08-07T06:50,72.79000091552734,72.81999969482422,72.75,72.79000091552734,1036544
2026-08-07T06:55,72.81999969482422,72.83999633789062,72.7699966430664,72.77999877929688,312320
2026-08-07T07:00,72.76000213623047,72.80000305175781,72.69000244140625,72.79000091552734,998784
2026-08-07T07:05,72.80000305175781,72.88999938964844,72.80000305175781,72.88999938964844,3262592
2026-08-07T07:10,72.87999725341797,72.93000030517578,72.87999725341797,72.91000366210938,461056
2026-08-07T07:15,72.91000366210938,72.94000244140625,72.87999725341797,72.87999725341797,420224
2026-08-07T07:20,72.87000274658203,72.94000244140625,72.86000061035156,72.94000244140625,122752
2026-08-07T07:25,72.91999816894531,72.94999694824219,72.9000015258789,72.91000366210938,5157760
2026-08-07T07:30,72.91999816894531,72.94000244140625,72.88999938964844,72.94000244140625,659072
2026-08-07T07:35,72.94000244140625,72.95999908447266,72.88999938964844,72.88999938964844,1676160
2026-08-07T07:40,72.9000015258789,72.91999816894531,72.87999725341797,72.87999725341797,0
2026-08-07T07:45,72.88999938964844,72.9000015258789,72.87000274658203,72.9000015258789,0
2026-08-07T07:50,72.9000015258789,72.93000030517578,72.88999938964844,72.91999816894531,0
2026-08-07T07:55,72.91000366210938,72.93000030517578,72.87000274658203,72.87000274658203,0
2026-08-07T08:00,72.87000274658203,72.91999816894531,72.86000061035156,72.87999725341797,0
2026-08-07T08:05,72.87999725341797,72.91000366210938,72.87000274658203,72.88999938964844,0
2026-08-07T08:10,72.87999725341797,72.95999908447266,72.87999725341797,72.94000244140625,0
2026-08-07T08:15,72.93000030517578,72.95999908447266,72.87999725341797,72.91000366210938,0
2026-08-07T08:20,72.9000015258789,72.91000366210938,72.87999725341797,72.91000366210938,0
2026-08-07T08:25,72.91000366210938,72.91999816894531,72.88999938964844,72.9000015258789,0
2026-08-07T08:30,72.93000030517578,73.05000305175781,72.91999816894531,73.01000213623047,0
2026-08-07T08:35,73.01000213623047,73.01000213623047,72.91999816894531,72.95999908447266,0
2026-08-07T08:40,72.95999908447266,73.26000213623047,72.94999694824219,73.19999694824219,0
2026-08-07T08:45,73.20999908447266,73.20999908447266,73.12999725341797,73.12999725341797,3374208
2026-08-07T08:50,73.12999725341797,73.1500015258789,73.0999984741211,73.11000061035156,1056384
2026-08-07T08:55,73.12000274658203,73.1500015258789,73.0999984741211,73.12999725341797,0
2026-08-07T09:00,73.13999938964844,73.29000091552734,73.12999725341797,73.26000213623047,0
2026-08-07T09:05,73.25,73.26000213623047,73.2300033569336,73.23999786376953,0
2026-08-07T09:10,73.23999786376953,73.36000061035156,73.23999786376953,73.33000183105469,0
2026-08-07T09:15,73.33000183105469,73.5,73.31999969482422,73.48999786376953,2831360
2026-08-07T09:20,73.48999786376953,73.48999786376953,73.4000015258789,73.48999786376953,6871808
2026-08-07T09:25,73.48999786376953,73.58000183105469,73.44999694824219,73.47000122070312,0
2026-08-07T09:30,73.51000213623047,73.62999725341797,73.47000122070312,73.5999984741211,2104064
2026-08-07T09:35,73.58999633789062,73.66999816894531,73.58999633789062,73.63999938964844,0
2026-08-07T09:40,73.63999938964844,73.63999938964844,73.55999755859375,73.61000061035156,8019968
2026-08-07T09:45,73.62999725341797,73.66999816894531,73.61000061035156,73.63999938964844,0
2026-08-07T09:50,73.62999725341797,73.62999725341797,73.52999877929688,73.55000305175781,0
2026-08-07T09:55,73.54000091552734,73.56999969482422,73.5199966430664,73.55999755859375,1021568
2026-08-07T10:00,73.62000274658203,73.69999694824219,73.58000183105469,73.66999816894531,0
2026-08-07T10:05,73.66999816894531,73.69000244140625,73.5999984741211,73.61000061035156,4530944
2026-08-07T10:10,73.5999984741211,73.5999984741211,73.55999755859375,73.58000183105469,0
2026-08-07T10:15,73.58000183105469,73.58999633789062,73.55000305175781,73.55999755859375,2292736
2026-08-07T10:20,73.55000305175781,73.55000305175781,73.45999908447266,73.51000213623047,2777728
2026-08-07T10:25,73.5199966430664,73.56999969482422,73.5,73.55999755859375,364800
2026-08-07T10:30,73.55999755859375,73.58000183105469,73.52999877929688,73.52999877929688,1760640
2026-08-07T10:35,73.52999877929688,73.55000305175781,73.45999908447266,73.47000122070312,1331840
2026-08-07T10:40,73.45999908447266,73.48999786376953,73.44999694824219,73.44999694824219,2336512
2026-08-07T10:45,73.44999694824219,73.5,73.43000030517578,73.45999908447266,0
2026-08-07T10:50,73.45999908447266,73.5,73.45999908447266,73.48999786376953,118144
2026-08-07T10:55,73.5,73.5,73.45999908447266,73.4800033569336,0
2026-08-07T11:00,73.4800033569336,73.58999633789062,73.4800033569336,73.58999633789062,0
2026-08-07T11:05,73.58999633789062,73.62999725341797,73.58000183105469,73.5999984741211,660096
2026-08-07T11:10,73.5999984741211,73.62000274658203,73.5,73.5,0
2026-08-07T11:15,73.51000213623047,73.54000091552734,73.48999786376953,73.48999786376953,0
2026-08-07T11:20,73.48999786376953,73.70999908447266,73.48999786376953,73.62000274658203,0
2026-08-07T11:25,73.62999725341797,73.62999725341797,73.55000305175781,73.55999755859375,4111104
2026-08-07T11:30,73.56999969482422,73.56999969482422,73.51000213623047,73.51000213623047,2024448
2026-08-07T11:35,73.51000213623047,73.62000274658203,73.51000213623047,73.62000274658203,2646912
2026-08-07T11:40,73.5999984741211,73.62000274658203,73.56999969482422,73.5999984741211,0
2026-08-07T11:45,73.58999633789062,73.62000274658203,73.56999969482422,73.58000183105469,343040
2026-08-07T11:50,73.58000183105469,73.58000183105469,73.52999877929688,73.55999755859375,2372480
2026-08-07T11:55,73.56999969482422,73.58000183105469,73.55000305175781,73.58000183105469,744704
2026-08-07T12:00,73.56999969482422,73.68000030517578,73.55999755859375,73.6500015258789,0
2026-08-07T12:05,73.63999938964844,73.83000183105469,73.62000274658203,73.79000091552734,5240960
2026-08-07T12:10,73.83999633789062,74.02999877929688,73.83999633789062,73.87999725341797,6596608
2026-08-07T12:15,73.88999938964844,73.93000030517578,73.83000183105469,73.87999725341797,18859264
2026-08-07T12:20,73.87999725341797,73.91000366210938,73.83000183105469,73.88999938964844,6526976
2026-08-07T12:25,73.87999725341797,73.93000030517578,73.8499984741211,73.91999816894531,1344768
2026-08-07T12:30,74.1500015258789,74.1500015258789,73.62999725341797,73.62999725341797,26129152
2026-08-07T12:35,73.62000274658203,73.7300033569336,73.58000183105469,73.72000122070312,25069824
2026-08-07T12:40,73.69999694824219,73.77999877929688,73.69000244140625,73.7300033569336,7438208
2026-08-07T12:45,73.75,73.8499984741211,73.75,73.80000305175781,8328448
2026-08-07T12:50,73.79000091552734,73.94000244140625,73.79000091552734,73.94000244140625,7359232
2026-08-07T12:55,73.94000244140625,73.97000122070312,73.83000183105469,73.86000061035156,5082240
2026-08-07T13:00,73.8499984741211,73.87000274658203,73.73999786376953,73.80000305175781,0
2026-08-07T13:05,73.80000305175781,73.83999633789062,73.7699966430664,73.83000183105469,3937152
2026-08-07T13:10,73.81999969482422,73.88999938964844,73.7699966430664,73.77999877929688,0
2026-08-07T13:15,73.7699966430664,73.86000061035156,73.76000213623047,73.8499984741211,570240
2026-08-07T13:20,73.87999725341797,73.91000366210938,73.80000305175781,73.80000305175781,715392
2026-08-07T13:25,73.7699966430664,73.8499984741211,73.76000213623047,73.80999755859375,0
2026-08-07T13:30,73.81999969482422,74.01000213623047,73.77999877929688,74.01000213623047,0
2026-08-07T13:35,74.0199966430664,74.16999816894531,73.97000122070312,74.1500015258789,6084352
2026-08-07T13:40,74.19999694824219,74.22000122070312,74.08999633789062,74.18000030517578,4664832
2026-08-07T13:45,74.19000244140625,74.20999908447266,74.05000305175781,74.19999694824219,5876352
2026-08-07T13:50,74.20999908447266,74.27999877929688,74.16999816894531,74.25,284544
2026-08-07T13:55,74.29000091552734,74.30000305175781,74.04000091552734,74.08999633789062,17036288
2026-08-07T14:00,74.0999984741211,74.12000274658203,73.79000091552734,73.81999969482422,5481472
2026-08-07T14:05,73.76000213623047,73.8499984741211,73.73999786376953,73.77999877929688,10161152
2026-08-07T14:10,73.77999877929688,73.83000183105469,73.62999725341797,73.6500015258789,6229888
2026-08-07T14:15,73.61000061035156,73.87000274658203,73.56999969482422,73.87000274658203,4903296
2026-08-07T14:20,73.88999938964844,73.98999786376953,73.87999725341797,73.97000122070312,4130560
2026-08-07T14:25,73.97000122070312,74.06999969482422,73.94999694824219,74.06999969482422,2426112
2026-08-07T14:30,74.08999633789062,74.1500015258789,73.95999908447266,74.12000274658203,5561856
2026-08-07T14:35,74.12000274658203,74.18000030517578,74.0,74.0,4398976
2026-08-07T14:40,74.0,74.12000274658203,73.91999816894531,73.91999816894531,442240
2026-08-07T14:45,73.93000030517578,73.97000122070312,73.8499984741211,73.87000274658203,0
2026-08-07T14:50,73.86000061035156,73.88999938964844,73.5199966430664,73.62000274658203,0
2026-08-07T14:55,73.6500015258789,73.7300033569336,73.62999725341797,73.66999816894531,3696512
2026-08-07T15:00,73.66999816894531,73.75,73.63999938964844,73.63999938964844,802432
2026-08-07T15:05,73.63999938964844,73.87999725341797,73.63999938964844,73.87000274658203,6550912
2026-08-07T15:10,73.87000274658203,73.88999938964844,73.76000213623047,73.80999755859375,1305472
2026-08-07T15:15,73.79000091552734,73.80000305175781,73.7300033569336,73.76000213623047,1677184
2026-08-07T15:20,73.76000213623047,73.80000305175781,73.66000366210938,73.7300033569336,506240
2026-08-07T15:25,73.73999786376953,73.75,73.69999694824219,73.7300033569336,1367680
2026-08-07T15:30,73.7300033569336,73.91999816894531,73.69000244140625,73.80999755859375,0
2026-08-07T15:35,73.80999755859375,73.87999725341797,73.79000091552734,73.80999755859375,744832
2026-08-07T15:40,73.83000183105469,73.91999816894531,73.80999755859375,73.87000274658203,0
2026-08-07T15:45,73.87999725341797,73.88999938964844,73.81999969482422,73.88999938964844,0
2026-08-07T15:50,73.87999725341797,73.91000366210938,73.80000305175781,73.86000061035156,0
2026-08-07T15:55,73.8499984741211,73.86000061035156,73.81999969482422,73.83000183105469,0
2026-08-07T16:00,73.86000061035156,73.91000366210938,73.8499984741211,73.9000015258789,0
2026-08-07T16:05,73.91000366210938,73.9800033569336,73.9000015258789,73.9800033569336,67328
2026-08-07T16:10,73.98999786376953,74.08000183105469,73.94000244140625,74.02999877929688,438144
2026-08-07T16:15,74.0199966430664,74.02999877929688,73.9000015258789,73.93000030517578,0
2026-08-07T16:20,73.94000244140625,74.01000213623047,73.80000305175781,73.81999969482422,1923200
2026-08-07T16:25,73.81999969482422,73.86000061035156,73.79000091552734,73.80000305175781,1619840
2026-08-07T16:30,73.81999969482422,73.83999633789062,73.68000030517578,73.83000183105469,717312
2026-08-07T16:35,73.83999633789062,73.83999633789062,73.72000122070312,73.72000122070312,2566016
2026-08-07T16:40,73.72000122070312,73.7699966430664,73.69000244140625,73.73999786376953,1111296
2026-08-07T16:45,73.7300033569336,73.7300033569336,73.68000030517578,73.72000122070312,1277568
2026-08-07T16:50,73.76000213623047,73.77999877929688,73.66000366210938,73.66000366210938,820480
2026-08-07T16:55,73.66000366210938,73.66000366210938,73.5199966430664,73.5199966430664,839936
2026-08-07T17:00,73.47000122070312,73.5199966430664,73.33999633789062,73.4000015258789,37888
2026-08-07T17:05,73.37999725341797,73.5,73.37999725341797,73.47000122070312,5992192
2026-08-07T17:10,73.45999908447266,73.45999908447266,73.25,73.26000213623047,4629376
2026-08-07T17:15,73.25,73.3499984741211,73.22000122070312,73.31999969482422,1991552
2026-08-07T17:20,73.31999969482422,73.31999969482422,73.23999786376953,73.25,9331584
2026-08-07T17:25,73.23999786376953,73.2699966430664,73.19999694824219,73.2300033569336,6265216
2026-08-07T17:30,73.22000122070312,73.25,73.13999938964844,73.2300033569336,4198016
2026-08-07T17:35,73.2300033569336,73.33000183105469,73.12999725341797,73.33000183105469,15651712
2026-08-07T17:40,73.30999755859375,73.37999725341797,73.27999877929688,73.30000305175781,6232960
2026-08-07T17:45,73.30000305175781,73.30999755859375,73.20999908447266,73.20999908447266,7346048
2026-08-07T17:50,73.22000122070312,73.26000213623047,73.16999816894531,73.25,4788224
2026-08-07T17:55,73.23999786376953,73.37000274658203,73.2300033569336,73.37000274658203,5894400
2026-08-07T18:00,73.36000061035156,73.45999908447266,73.36000061035156,73.43000030517578,0
2026-08-07T18:05,73.43000030517578,73.47000122070312,73.41000366210938,73.44999694824219,7717760
2026-08-07T18:10,73.44999694824219,73.5199966430664,73.44999694824219,73.47000122070312,278656
2026-08-07T18:15,73.5,73.5199966430664,73.44000244140625,73.5,279808
2026-08-07T18:20,73.5,73.5199966430664,73.44000244140625,73.44000244140625,1133568
2026-08-07T18:25,73.43000030517578,73.4800033569336,73.43000030517578,73.44000244140625,0
2026-08-07T18:30,73.44000244140625,73.47000122070312,73.37999725341797,73.37999725341797,531328
2026-08-07T18:35,73.38999938964844,73.38999938964844,73.30000305175781,73.33000183105469,274176
2026-08-07T18:40,73.31999969482422,73.31999969482422,73.22000122070312,73.2300033569336,1169280
2026-08-07T18:45,73.2300033569336,73.2699966430664,73.22000122070312,73.26000213623047,0
2026-08-07T18:50,73.25,73.27999877929688,73.2300033569336,73.26000213623047,312832
2026-08-07T18:55,73.25,73.3499984741211,73.25,73.33999633789062,0
2026-08-07T19:00,73.38999938964844,73.5199966430664,73.36000061035156,73.43000030517578,0
2026-08-07T19:05,73.43000030517578,73.54000091552734,73.43000030517578,73.54000091552734,0
2026-08-07T19:10,73.56999969482422,73.63999938964844,73.56999969482422,73.58999633789062,1305856
2026-08-07T19:15,73.61000061035156,73.69999694824219,73.5999984741211,73.69999694824219,2147456
2026-08-07T19:20,73.69000244140625,73.83000183105469,73.6500015258789,73.7699966430664,3172736
2026-08-07T19:25,73.7699966430664,73.80999755859375,73.73999786376953,73.77999877929688,2456320
2026-08-07T19:30,73.77999877929688,73.83999633789062,73.7699966430664,73.80000305175781,692352
2026-08-07T19:35,73.80000305175781,73.81999969482422,73.7300033569336,73.7300033569336,1887744
2026-08-07T19:40,73.79000091552734,73.81999969482422,73.7699966430664,73.79000091552734,3170560
2026-08-07T19:45,73.77999877929688,73.87000274658203,73.77999877929688,73.81999969482422,2144128
2026-08-07T19:50,73.81999969482422,73.87000274658203,73.80999755859375,73.80999755859375,1688320
2026-08-07T19:55,73.81999969482422,73.98999786376953,73.81999969482422,73.98999786376953,2425728
2026-08-07T20:00,73.98999786376953,74.02999877929688,73.91000366210938,73.97000122070312,1176832
2026-08-07T20:05,73.94000244140625,73.98999786376953,73.91999816894531,73.9800033569336,4650624
2026-08-07T20:10,73.95999908447266,74.05000305175781,73.95999908447266,74.02999877929688,2904192
2026-08-07T20:15,74.04000091552734,74.04000091552734,74.0,74.02999877929688,3227264
2026-08-07T20:20,74.05000305175781,74.05000305175781,73.98999786376953,74.0199966430664,4094592
2026-08-07T20:25,74.02999877929688,74.04000091552734,73.95999908447266,73.95999908447266,3338112
2026-08-07T20:30,73.88999938964844,73.91000366210938,73.81999969482422,73.8499984741211,2470528
2026-08-07T20:35,73.87000274658203,73.87000274658203,73.83000183105469,73.86000061035156,1086208
2026-08-07T20:40,73.87000274658203,73.87999725341797,73.80000305175781,73.80000305175781,0
2026-08-07T20:45,73.79000091552734,73.83000183105469,73.77999877929688,73.81999969482422,352896
2026-08-07T20:50,73.83000183105469,73.83000183105469,73.75,73.77999877929688,1162368
2026-08-07T20:55,73.7699966430664,73.80000305175781,73.75,73.77999877929688,0
2026-08-07T21:00,73.77999877929688,73.83000183105469,73.75,73.77999877929688,0
2026-08-07T21:05,73.7699966430664,73.7699966430664,73.75,73.75,804736
2026-08-07T21:10,73.76000213623047,73.79000091552734,73.72000122070312,73.76000213623047,0
2026-08-07T21:15,73.79000091552734,73.83999633789062,73.66999816894531,73.68000030517578,0
2026-08-07T21:20,73.68000030517578,73.69999694824219,73.58999633789062,73.68000030517578,0
2026-08-07T21:25,73.69000244140625,73.69000244140625,73.66999816894531,73.68000030517578,1868160
2026-08-07T21:30,73.68000030517578,73.76000213623047,73.66999816894531,73.69000244140625,0
2026-08-07T21:35,73.69999694824219,73.70999908447266,73.66000366210938,73.69999694824219,812544
2026-08-07T21:40,73.69000244140625,73.7699966430664,73.66000366210938,73.70999908447266,0
2026-08-07T21:45,73.69000244140625,73.70999908447266,73.62000274658203,73.62000274658203,2065920
2026-08-07T21:50,73.62000274658203,73.63999938964844,73.58999633789062,73.61000061035156,0
2026-08-07T21:55,73.62000274658203,73.63999938964844,73.56999969482422,73.62999725341797,0
2026-08-07T22:00,73.5999984741211,73.63999938964844,73.55000305175781,73.58999633789062,0
2026-08-07T22:05,73.58999633789062,73.63999938964844,73.56999969482422,73.62999725341797,811904
2026-08-07T22:10,73.62999725341797,73.6500015258789,73.62999725341797,73.63999938964844,440448
2026-08-07T22:15,73.63999938964844,73.69000244140625,73.63999938964844,73.66000366210938,1004288
2026-08-07T22:20,73.6500015258789,73.66999816894531,73.63999938964844,73.66999816894531,1908608
2026-08-07T22:25,73.66999816894531,73.69000244140625,73.63999938964844,73.63999938964844,0
2026-08-07T22:30,73.6500015258789,73.66000366210938,73.58999633789062,73.62000274658203,1647360
2026-08-07T22:35,73.61000061035156,73.61000061035156,73.58000183105469,73.58999633789062,0
2026-08-07T22:40,73.58999633789062,73.5999984741211,73.55999755859375,73.56999969482422,0
2026-08-07T22:45,73.55999755859375,73.58000183105469,73.55999755859375,73.56999969482422,435712
2026-08-07T22:50,73.56999969482422,73.5999984741211,73.55999755859375,73.56999969482422,1570560
2026-08-07T22:55,73.58000183105469,73.62000274658203,73.58000183105469,73.61000061035156,0
2026-08-07T23:00,73.62000274658203,73.69000244140625,73.5999984741211,73.69000244140625,0
2026-08-07T23:05,73.68000030517578,73.70999908447266,73.66999816894531,73.66999816894531,0
2026-08-07T23:10,73.66000366210938,73.70999908447266,73.6500015258789,73.69999694824219,0
2026-08-07T23:15,73.69999694824219,73.69999694824219,73.66000366210938,73.66999816894531,0
2026-08-07T23:20,73.66999816894531,73.68000030517578,73.66000366210938,73.66000366210938,0
2026-08-07T23:25,73.66000366210938,73.66000366210938,73.5999984741211,73.61000061035156,0
2026-08-07T23:30,73.58999633789062,73.61000061035156,73.56999969482422,73.61000061035156,0
2026-08-07T23:35,73.5999984741211,73.66000366210938,73.5999984741211,73.63999938964844,0
2026-08-07T23:40,73.63999938964844,73.69000244140625,73.63999938964844,73.68000030517578,0
2026-08-07T23:45,73.69000244140625,73.73999786376953,73.66999816894531,73.68000030517578,0
2026-08-07T23:50,73.68000030517578,73.68000030517578,73.62999725341797,73.62999725341797,0
2026-08-07T23:55,73.63999938964844,73.6500015258789,73.62000274658203,73.62999725341797,0
2026-08-08T00:00,73.61000061035156,73.69000244140625,73.58000183105469,73.66000366210938,0
2026-08-08T00:05,73.66000366210938,73.68000030517578,73.5999984741211,73.5999984741211,0
2026-08-08T00:10,73.61000061035156,73.62999725341797,73.5999984741211,73.61000061035156,0
2026-08-08T00:15,73.5999984741211,73.61000061035156,73.54000091552734,73.55999755859375,0
2026-08-08T00:20,73.55000305175781,73.62000274658203,73.55000305175781,73.58999633789062,0
2026-08-08T00:25,73.5999984741211,73.62000274658203,73.58000183105469,73.62000274658203,35456
2026-08-08T00:30,73.62000274658203,73.62999725341797,73.58999633789062,73.5999984741211,0
2026-08-08T00:35,73.5999984741211,73.6500015258789,73.58999633789062,73.6500015258789,0
2026-08-08T00:40,73.6500015258789,73.66000366210938,73.62000274658203,73.66000366210938,0
2026-08-08T00:45,73.66000366210938,73.66000366210938,73.62000274658203,73.62999725341797,0
2026-08-08T00:50,73.63999938964844,73.68000030517578,73.62999725341797,73.66000366210938,0
2026-08-08T00:55,73.66999816894531,73.69000244140625,73.66000366210938,73.66999816894531,128128
2026-08-08T01:00,73.68000030517578,73.69999694824219,73.6500015258789,73.68000030517578,0
2026-08-08T01:05,73.69000244140625,73.69000244140625,73.66000366210938,73.66999816894531,0
2026-08-08T01:10,73.66000366210938,73.73999786376953,73.6500015258789,73.70999908447266,0
2026-08-08T01:15,73.72000122070312,73.77999877929688,73.68000030517578,73.75,0
2026-08-08T01:20,73.75,73.79000091552734,73.7300033569336,73.77999877929688,0
2026-08-08T01:25,73.77999877929688,73.79000091552734,73.7699966430664,73.77999877929688,0
2026-08-08T01:30,73.77999877929688,73.81999969482422,73.76000213623047,73.81999969482422,0
2026-08-08T01:35,73.83999633789062,73.87000274658203,73.81999969482422,73.87000274658203,0
2026-08-08T01:40,73.87000274658203,73.91999816894531,73.86000061035156,73.91999816894531,0
2026-08-08T01:45,73.9000015258789,73.91000366210938,73.87000274658203,73.87000274658203,0
2026-08-08T01:50,73.87999725341797,73.87999725341797,73.8499984741211,73.8499984741211,1214592
2026-08-08T01:55,73.8499984741211,73.86000061035156,73.83999633789062,73.8499984741211,1033216
2026-08-08T02:00,73.8499984741211,73.87000274658203,73.83999633789062,73.87000274658203,0
2026-08-08T02:05,73.87000274658203,73.93000030517578,73.86000061035156,73.9000015258789,0
2026-08-08T02:10,73.91000366210938,73.93000030517578,73.9000015258789,73.93000030517578,0
2026-08-08T02:15,73.91999816894531,73.91999816894531,73.88999938964844,73.9000015258789,0
2026-08-08T02:20,73.9000015258789,73.91999816894531,73.88999938964844,73.91000366210938,0
2026-08-08T02:25,73.9000015258789,73.91000366210938,73.9000015258789,73.91000366210938,0
2026-08-08T02:30,73.91000366210938,73.94000244140625,73.9000015258789,73.91999816894531,0
2026-08-08T02:35,73.91999816894531,73.93000030517578,73.91000366210938,73.93000030517578,0
2026-08-08T02:40,73.91999816894531,73.94000244140625,73.91000366210938,73.91000366210938,2365696
2026-08-08T02:45,73.9000015258789,73.9000015258789,73.83999633789062,73.8499984741211,0
2026-08-08T02:50,73.8499984741211,73.8499984741211,73.80999755859375,73.83999633789062,0
2026-08-08T02:55,73.83000183105469,73.83999633789062,73.81999969482422,73.83000183105469,0
2026-08-08T03:00,73.81999969482422,73.87000274658203,73.81999969482422,73.86000061035156,0
2026-08-08T03:05,73.86000061035156,73.87000274658203,73.83999633789062,73.87000274658203,0
2026-08-08T03:10,73.87000274658203,73.94000244140625,73.87000274658203,73.94000244140625,0
2026-08-08T03:15,73.94000244140625,74.01000213623047,73.93000030517578,74.01000213623047,0
2026-08-08T03:20,74.0199966430664,74.04000091552734,74.0,74.02999877929688,1652224
2026-08-08T03:25,74.0199966430664,74.1500015258789,74.01000213623047,74.12000274658203,2639616
2026-08-08T03:30,74.16999816894531,74.44000244140625,74.16999816894531,74.38999938964844,2491008
2026-08-08T03:35,74.41999816894531,74.4800033569336,74.29000091552734,74.30999755859375,19727232
2026-08-08T03:40,74.33999633789062,74.41999816894531,74.33000183105469,74.41999816894531,9920000
2026-08-08T03:45,74.41999816894531,74.5199966430664,74.4000015258789,74.41999816894531,8906240
2026-08-08T03:50,74.43000030517578,74.54000091552734,74.41999816894531,74.5199966430664,10596992
2026-08-08T03:55,74.62999725341797,74.93000030517578,74.62999725341797,74.79000091552734,8795520
2026-08-08T04:00,74.83000183105469,75.06999969482422,74.83000183105469,74.87999725341797,0
2026-08-08T04:05,74.80000305175781,74.81999969482422,74.5999984741211,74.5999984741211,63561216
2026-08-08T04:10,74.5999984741211,74.70999908447266,74.5999984741211,74.6500015258789,24450944
2026-08-08T04:15,74.66000366210938,74.70999908447266,74.5999984741211,74.61000061035156,9776256
2026-08-08T04:20,74.61000061035156,74.62000274658203,74.55000305175781,74.5999984741211,6674816
2026-08-08T04:25,74.5999984741211,74.66000366210938,74.55999755859375,74.55999755859375,1227392
2026-08-08T04:30,74.55000305175781,74.66999816894531,74.55000305175781,74.58000183105469,3164416
2026-08-08T04:35,74.58999633789062,74.62999725341797,74.58999633789062,74.5999984741211,2789120
2026-08-08T04:40,74.62000274658203,74.69000244140625,74.62000274658203,74.62000274658203,1044864
2026-08-08T04:45,74.62999725341797,74.6500015258789,74.55999755859375,74.56999969482422,572672
2026-08-08T04:50,74.56999969482422,74.62999725341797,74.55999755859375,74.62000274658203,538112
2026-08-08T04:55,74.62999725341797,74.63999938964844,74.56999969482422,74.5999984741211,981248
2026-08-08T05:00,74.5999984741211,74.5999984741211,74.52999877929688,74.55999755859375,0
2026-08-08T05:05,74.55999755859375,74.58000183105469,74.54000091552734,74.54000091552734,5766400
2026-08-08T05:10,74.54000091552734,74.58000183105469,74.54000091552734,74.54000091552734,1041920
2026-08-08T05:15,74.5199966430664,74.55000305175781,74.4800033569336,74.4800033569336,1006592
2026-08-08T05:20,74.5,74.61000061035156,74.5,74.5999984741211,1901440
2026-08-08T05:25,74.5999984741211,74.6500015258789,74.58000183105469,74.6500015258789,423936
2026-08-08T05:30,74.62999725341797,74.69000244140625,74.62000274658203,74.69000244140625,72704
2026-08-08T05:35,74.69999694824219,74.70999908447266,74.61000061035156,74.61000061035156,1404160
2026-08-08T05:40,74.5999984741211,74.5999984741211,74.55000305175781,74.55999755859375,0
2026-08-08T05:45,74.55000305175781,74.55999755859375,74.5,74.51000213623047,0
2026-08-08T05:50,74.51000213623047,74.5199966430664,74.45999908447266,74.47000122070312,0
2026-08-08T05:55,74.47000122070312,74.62000274658203,74.45999908447266,74.62000274658203,0
2026-08-08T06:00,74.62000274658203,74.62999725341797,74.56999969482422,74.56999969482422,0
2026-08-08T06:05,74.55999755859375,74.58999633789062,74.52999877929688,74.58999633789062,0
2026-08-08T06:10,74.58999633789062,74.62999725341797,74.58000183105469,74.58999633789062,0
2026-08-08T06:15,74.5999984741211,74.61000061035156,74.55999755859375,74.55999755859375,0
2026-08-08T06:20,74.54000091552734,74.66000366210938,74.54000091552734,74.66000366210938,0
2026-08-08T06:25,74.6500015258789,74.69999694824219,74.63999938964844,74.69000244140625,0
2026-08-08T06:30,74.69999694824219,74.70999908447266,74.63999938964844,74.70999908447266,0
2026-08-08T06:35,74.69999694824219,74.70999908447266,74.62999725341797,74.62999725341797,657664
2026-08-08T06:40,74.69000244140625,74.70999908447266,74.6500015258789,74.69000244140625,500096
2026-08-08T06:45,74.68000030517578,74.7699966430664,74.68000030517578,74.7699966430664,1346048
2026-08-08T06:50,74.7699966430664,74.77999877929688,74.68000030517578,74.68000030517578,583552
2026-08-08T06:55,74.69000244140625,74.70999908447266,74.6500015258789,74.66999816894531,0
2026-08-08T07:00,74.66999816894531,74.7300033569336,74.66999816894531,74.69000244140625,0
2026-08-08T07:05,74.69999694824219,74.76000213623047,74.69000244140625,74.76000213623047,0
2026-08-08T07:10,74.73999786376953,74.73999786376953,74.66999816894531,74.68000030517578,0
2026-08-08T07:15,74.66999816894531,74.69000244140625,74.63999938964844,74.63999938964844,292608
2026-08-08T07:20,74.66000366210938,74.69000244140625,74.6500015258789,74.69000244140625,0
2026-08-08T07:25,74.69000244140625,74.69000244140625,74.6500015258789,74.66999816894531,0
2026-08-08T07:30,74.63999938964844,74.66999816894531,74.61000061035156,74.66999816894531,0
2026-08-08T07:35,74.66999816894531,74.69999694824219,74.63999938964844,74.6500015258789,0
2026-08-08T07:40,74.6500015258789,74.69000244140625,74.6500015258789,74.66999816894531,246784
2026-08-08T07:45,74.66999816894531,74.69000244140625,74.66000366210938,74.66000366210938,729472
2026-08-08T07:50,74.68000030517578,74.7300033569336,74.66000366210938,74.7300033569336,1027328
2026-08-08T07:55,74.7300033569336,74.79000091552734,74.72000122070312,74.77999877929688,693120
2026-08-08T08:00,74.80000305175781,74.80000305175781,74.7300033569336,74.75,0
2026-08-08T08:05,74.75,74.7699966430664,74.7300033569336,74.73999786376953,0
2026-08-08T08:10,74.73999786376953,74.76000213623047,74.7300033569336,74.76000213623047,0
2026-08-08T08:15,74.75,74.75,74.66999816894531,74.66999816894531,0
2026-08-08T08:20,74.66999816894531,74.75,74.6500015258789,74.75,0
2026-08-08T08:25,74.73999786376953,74.77999877929688,74.69999694824219,74.77999877929688,1115520
2026-08-08T08:30,74.77999877929688,74.87000274658203,74.77999877929688,74.86000061035156,876928
2026-08-08T08:35,74.81999969482422,74.83999633789062,74.80000305175781,74.80999755859375,1169152
2026-08-08T08:40,74.80999755859375,74.80999755859375,74.75,74.76000213623047,0
2026-08-08T08:45,74.73999786376953,74.76000213623047,74.66999816894531,74.75,0
2026-08-08T08:50,74.77999877929688,74.80000305175781,74.76000213623047,74.76000213623047,0
2026-08-08T08:55,74.76000213623047,74.76000213623047,74.7300033569336,74.76000213623047,129920
2026-08-08T09:00,74.75,74.83000183105469,74.75,74.77999877929688,0
2026-08-08T09:05,74.7699966430664,74.80999755859375,74.7699966430664,74.77999877929688,0
2026-08-08T09:10,74.7699966430664,74.80000305175781,74.7699966430664,74.77999877929688,0
2026-08-08T09:15,74.79000091552734,74.8499984741211,74.79000091552734,74.83999633789062,0
2026-08-08T09:20,74.83999633789062,74.91999816894531,74.83999633789062,74.88999938964844,0
2026-08-08T09:25,74.88999938964844,74.91000366210938,74.88999938964844,74.9000015258789,0
2026-08-08T09:30,74.88999938964844,74.9800033569336,74.80999755859375,74.81999969482422,0
2026-08-08T09:35,74.81999969482422,74.83000183105469,74.79000091552734,74.79000091552734,0
2026-08-08T09:40,74.80000305175781,74.83000183105469,74.79000091552734,74.80999755859375,0
2026-08-08T09:45,74.80000305175781,74.86000061035156,74.80000305175781,74.80000305175781,0
2026-08-08T09:50,74.80000305175781,74.81999969482422,74.77999877929688,74.80999755859375,0
2026-08-08T09:55,74.80999755859375,74.83999633789062,74.80000305175781,74.83000183105469,0
2026-08-08T10:00,74.81999969482422,74.91000366210938,74.81999969482422,74.9000015258789,0
2026-08-08T10:05,74.9000015258789,74.93000030517578,74.87999725341797,74.93000030517578,0
2026-08-08T10:10,74.91999816894531,74.93000030517578,74.86000061035156,74.87000274658203,0
2026-08-08T10:15,74.87000274658203,74.88999938964844,74.86000061035156,74.87000274658203,0
2026-08-08T10:20,74.87999725341797,74.91000366210938,74.86000061035156,74.91000366210938,0
2026-08-08T10:25,74.91999816894531,74.95999908447266,74.9000015258789,74.93000030517578,0
2026-08-08T10:30,74.91999816894531,74.93000030517578,74.88999938964844,74.9000015258789,496256
2026-08-08T10:35,74.9000015258789,74.95999908447266,74.9000015258789,74.93000030517578,0
2026-08-08T10:40,74.93000030517578,74.9800033569336,74.91999816894531,74.97000122070312,0
2026-08-08T10:45,74.9800033569336,75.02999877929688,74.9800033569336,75.01000213623047,1956864
2026-08-08T10:50,75.01000213623047,75.04000091552734,74.98999786376953,75.01000213623047,1053184
2026-08-08T10:55,75.01000213623047,75.11000061035156,74.98999786376953,75.02999877929688,923392
2026-08-08T11:00,75.0199966430664,75.08999633789062,75.01000213623047,75.08999633789062,1642368
2026-08-08T11:05,75.08000183105469,75.11000061035156,75.02999877929688,75.11000061035156,85888
2026-08-08T11:10,75.11000061035156,75.51000213623047,75.11000061035156,75.37999725341797,7078272
2026-08-08T11:15,75.38999938964844,75.38999938964844,75.26000213623047,75.30000305175781,23163776
2026-08-08T11:20,75.26000213623047,75.29000091552734,75.20999908447266,75.20999908447266,5833856
2026-08-08T11:25,75.2300033569336,75.2300033569336,75.16000366210938,75.19000244140625,5380224
2026-08-08T11:30,75.18000030517578,75.22000122070312,75.16999816894531,75.20999908447266,0
2026-08-08T11:35,75.19999694824219,75.20999908447266,75.18000030517578,75.18000030517578,0
2026-08-08T11:40,75.18000030517578,75.19000244140625,75.1500015258789,75.18000030517578,0
2026-08-08T11:45,75.18000030517578,75.27999877929688,75.16000366210938,75.27999877929688,2737152
2026-08-08T11:50,75.27999877929688,75.51000213623047,75.27999877929688,75.4800033569336,610304
2026-08-08T11:55,75.45999908447266,75.6500015258789,75.44999694824219,75.55000305175781,9081088
2026-08-08T12:00,75.55000305175781,75.5999984741211,75.48999786376953,75.5199966430664,6878592
2026-08-08T12:05,75.56999969482422,75.62000274658203,75.41999816894531,75.41999816894531,8688768
2026-08-08T12:10,75.41000366210938,75.54000091552734,75.41000366210938,75.54000091552734,0
2026-08-08T12:15,75.54000091552734,75.54000091552734,75.41000366210938,75.44999694824219,0
2026-08-08T12:20,75.45999908447266,75.45999908447266,75.33999633789062,75.37999725341797,636288
2026-08-08T12:25,75.38999938964844,75.4000015258789,75.30999755859375,75.33000183105469,1339904
2026-08-08T12:30,75.33999633789062,75.44999694824219,75.33999633789062,75.41999816894531,0
2026-08-08T12:35,75.43000030517578,75.44000244140625,75.36000061035156,75.38999938964844,0
2026-08-08T12:40,75.37999725341797,75.44999694824219,75.3499984741211,75.44000244140625,0
2026-08-08T12:45,75.44000244140625,75.5,75.43000030517578,75.5,0
2026-08-08T12:50,75.51000213623047,75.54000091552734,75.47000122070312,75.48999786376953,0
2026-08-08T12:55,75.44999694824219,75.44999694824219,75.37000274658203,75.38999938964844,0
2026-08-08T13:00,75.37999725341797,75.44999694824219,75.37000274658203,75.41999816894531,0
2026-08-08T13:05,75.43000030517578,75.4800033569336,75.38999938964844,75.4000015258789,0
2026-08-08T13:10,75.41000366210938,75.41000366210938,75.37999725341797,75.4000015258789,0
2026-08-08T13:15,75.4000015258789,75.44999694824219,75.38999938964844,75.41999816894531,0
2026-08-08T13:20,75.41999816894531,75.4800033569336,75.4000015258789,75.44999694824219,0
2026-08-08T13:25,75.44999694824219,75.47000122070312,75.41999816894531,75.45999908447266,0
2026-08-08T13:30,75.45999908447266,75.45999908447266,75.41999816894531,75.43000030517578,0
2026-08-08T13:35,75.43000030517578,75.44999694824219,75.38999938964844,75.43000030517578,0
2026-08-08T13:40,75.44000244140625,75.44999694824219,75.41999816894531,75.43000030517578,0
2026-08-08T13:45,75.44000244140625,75.47000122070312,75.41999816894531,75.41999816894531,0
2026-08-08T13:50,75.43000030517578,75.44999694824219,75.41999816894531,75.44000244140625,0
2026-08-08T13:55,75.44999694824219,75.51000213623047,75.44000244140625,75.4800033569336,0
2026-08-08T14:00,75.48999786376953,75.66999816894531,75.4800033569336,75.66999816894531,0
2026-08-08T14:05,75.69999694824219,75.70999908447266,75.55000305175781,75.58000183105469,0
2026-08-08T14:10,75.58999633789062,75.63999938964844,75.52999877929688,75.58999633789062,0
2026-08-08T14:15,75.5999984741211,75.5999984741211,75.54000091552734,75.55000305175781,0
2026-08-08T14:20,75.55000305175781,75.6500015258789,75.54000091552734,75.6500015258789,0
2026-08-08T14:25,75.6500015258789,75.80999755859375,75.6500015258789,75.75,0
2026-08-08T14:30,75.73999786376953,75.98999786376953,75.73999786376953,75.98999786376953,774144
2026-08-08T14:35,76.0,76.08000183105469,75.95999908447266,75.95999908447266,14691072
2026-08-08T14:40,75.94999694824219,75.95999908447266,75.87999725341797,75.9000015258789,12610432
2026-08-08T14:45,75.91000366210938,76.01000213623047,75.91000366210938,76.0,0
2026-08-08T14:50,76.01000213623047,76.30999755859375,75.98999786376953,76.30000305175781,22400
2026-08-08T14:55,76.30999755859375,76.54000091552734,76.29000091552734,76.43000030517578,9832320
2026-08-08T15:00,76.44999694824219,76.62999725341797,76.43000030517578,76.4800033569336,23677312
2026-08-08T15:05,76.47000122070312,76.47000122070312,76.3499984741211,76.43000030517578,10798720
2026-08-08T15:10,76.41000366210938,76.62000274658203,76.41000366210938,76.5999984741211,6451968
2026-08-08T15:15,76.62000274658203,76.72000122070312,76.55000305175781,76.55000305175781,4676224
2026-08-08T15:20,76.54000091552734,76.55000305175781,76.44000244140625,76.45999908447266,21827968
2026-08-08T15:25,76.45999908447266,76.52999877929688,76.44000244140625,76.44999694824219,4385024
2026-08-08T15:30,76.44999694824219,76.44999694824219,76.27999877929688,76.29000091552734,7620480
2026-08-08T15:35,76.29000091552734,76.33999633789062,76.27999877929688,76.33000183105469,4378368
2026-08-08T15:40,76.31999969482422,76.3499984741211,76.27999877929688,76.29000091552734,2248960
2026-08-08T15:45,76.30000305175781,76.33000183105469,76.19000244140625,76.33000183105469,1329152
2026-08-08T15:50,76.30999755859375,76.41000366210938,76.29000091552734,76.37999725341797,3640704
2026-08-08T15:55,76.37999725341797,76.41999816894531,76.2699966430664,76.33000183105469,877184
2026-08-08T16:00,76.33000183105469,76.37999725341797,76.29000091552734,76.30999755859375,0
2026-08-08T16:05,76.30999755859375,76.44000244140625,76.27999877929688,76.33999633789062,4255360
2026-08-08T16:10,76.33999633789062,76.38999938964844,76.29000091552734,76.29000091552734,3726336
2026-08-08T16:15,76.30000305175781,76.4000015258789,76.26000213623047,76.2699966430664,0
2026-08-08T16:20,76.2699966430664,76.30000305175781,76.22000122070312,76.22000122070312,0
2026-08-08T16:25,76.19999694824219,76.26000213623047,76.19000244140625,76.26000213623047,714368
2026-08-08T16:30,76.25,76.26000213623047,76.20999908447266,76.22000122070312,675328
2026-08-08T16:35,76.22000122070312,76.2300033569336,76.11000061035156,76.12999725341797,0
2026-08-08T16:40,76.12999725341797,76.22000122070312,76.12999725341797,76.22000122070312,9953664
2026-08-08T16:45,76.20999908447266,76.25,76.19000244140625,76.25,819968
2026-08-08T16:50,76.23999786376953,76.31999969482422,76.19999694824219,76.29000091552734,52224
2026-08-08T16:55,76.27999877929688,76.33999633789062,76.26000213623047,76.33000183105469,730240
2026-08-08T17:00,76.33000183105469,76.36000061035156,76.2699966430664,76.29000091552734,0
2026-08-08T17:05,76.29000091552734,76.29000091552734,76.22000122070312,76.29000091552734,0
2026-08-08T17:10,76.30000305175781,76.30999755859375,76.25,76.30999755859375,0
2026-08-08T17:15,76.30999755859375,76.33999633789062,76.27999877929688,76.30000305175781,0
2026-08-08T17:20,76.30999755859375,76.33000183105469,76.25,76.25,0
2026-08-08T17:25,76.25,76.38999938964844,76.25,76.38999938964844,0
2026-08-08T17:30,76.37000274658203,76.41999816894531,76.3499984741211,76.41000366210938,0
2026-08-08T17:35,76.43000030517578,76.43000030517578,76.33999633789062,76.33999633789062,0
2026-08-08T17:40,76.31999969482422,76.4000015258789,76.29000091552734,76.3499984741211,0
2026-08-08T17:45,76.3499984741211,76.37000274658203,76.33000183105469,76.33000183105469,0
2026-08-08T17:50,76.33000183105469,76.36000061035156,76.30999755859375,76.33000183105469,0
2026-08-08T17:55,76.30999755859375,76.37999725341797,76.30999755859375,76.33000183105469,0
2026-08-08T18:00,76.31999969482422,76.33000183105469,76.20999908447266,76.2300033569336,0
2026-08-08T18:05,76.23999786376953,76.2699966430664,76.20999908447266,76.22000122070312,0
2026-08-08T18:10,76.22000122070312,76.2300033569336,76.19000244140625,76.20999908447266,0
2026-08-08T18:15,76.20999908447266,76.2300033569336,76.13999938964844,76.13999938964844,0
2026-08-08T18:20,76.13999938964844,76.2300033569336,76.11000061035156,76.11000061035156,0
2026-08-08T18:25,76.11000061035156,76.12999725341797,76.02999877929688,76.04000091552734,2826112
2026-08-08T18:30,76.02999877929688,76.0999984741211,76.02999877929688,76.05999755859375,2557696
2026-08-08T18:35,76.05000305175781,76.0999984741211,76.05000305175781,76.08999633789062,229632
2026-08-08T18:40,76.08999633789062,76.12999725341797,76.08000183105469,76.08999633789062,558464
2026-08-08T18:45,76.08999633789062,76.12999725341797,76.08999633789062,76.12999725341797,0
2026-08-08T18:50,76.12999725341797,76.12999725341797,76.05000305175781,76.05000305175781,0
2026-08-08T18:55,76.05000305175781,76.08999633789062,76.05000305175781,76.08000183105469,0
2026-08-08T19:00,76.06999969482422,76.08999633789062,76.05000305175781,76.05000305175781,0
2026-08-08T19:05,76.05000305175781,76.05999755859375,76.0199966430664,76.02999877929688,0
2026-08-08T19:10,76.02999877929688,76.05000305175781,76.01000213623047,76.02999877929688,0
2026-08-08T19:15,76.02999877929688,76.05999755859375,75.95999908447266,76.0,0
2026-08-08T19:20,76.0,76.01000213623047,75.9800033569336,76.0,0
2026-08-08T19:25,76.0,76.0,75.94000244140625,75.94999694824219,0
2026-08-08T19:30,75.94000244140625,75.98999786376953,75.91999816894531,75.9800033569336,0
2026-08-08T19:35,75.9800033569336,76.0,75.97000122070312,76.0,0
2026-08-08T19:40,76.01000213623047,76.02999877929688,75.9800033569336,76.02999877929688,0
2026-08-08T19:45,76.0199966430664,76.0999984741211,76.01000213623047,76.08999633789062,0
2026-08-08T19:50,76.08999633789062,76.1500015258789,76.08999633789062,76.13999938964844,0
2026-08-08T19:55,76.13999938964844,76.20999908447266,76.08999633789062,76.08999633789062,0
2026-08-08T20:00,76.08000183105469,76.16000366210938,76.08000183105469,76.12999725341797,0
2026-08-08T20:05,76.11000061035156,76.18000030517578,76.11000061035156,76.16999816894531,0
2026-08-08T20:10,76.16999816894531,76.20999908447266,76.16999816894531,76.20999908447266,0
2026-08-08T20:15,76.19999694824219,76.20999908447266,76.12000274658203,76.12000274658203,0
2026-08-08T20:20,76.12999725341797,76.1500015258789,76.11000061035156,76.11000061035156,0
2026-08-08T20:25,76.12000274658203,76.13999938964844,76.08000183105469,76.12000274658203,0
2026-08-08T20:30,76.12000274658203,76.19000244140625,76.12000274658203,76.1500015258789,0
2026-08-08T20:35,76.13999938964844,76.18000030517578,76.12999725341797,76.16000366210938,0
2026-08-08T20:40,76.16999816894531,76.19999694824219,76.16000366210938,76.19999694824219,712704
2026-08-08T20:45,76.19000244140625,76.19999694824219,76.1500015258789,76.19000244140625,0
2026-08-08T20:50,76.16999816894531,76.16999816894531,76.13999938964844,76.13999938964844,3147392
2026-08-08T20:55,76.1500015258789,76.19999694824219,76.13999938964844,76.19999694824219,164864
2026-08-08T21:00,76.19999694824219,76.2300033569336,76.19000244140625,76.20999908447266,0
2026-08-08T21:05,76.20999908447266,76.26000213623047,76.19999694824219,76.26000213623047,0
2026-08-08T21:10,76.2699966430664,76.29000091552734,76.20999908447266,76.22000122070312,1304192
2026-08-08T21:15,76.22000122070312,76.30999755859375,76.22000122070312,76.30000305175781,250240
2026-08-08T21:20,76.27999877929688,76.27999877929688,76.23999786376953,76.23999786376953,0
2026-08-08T21:25,76.23999786376953,76.29000091552734,76.23999786376953,76.26000213623047,0
2026-08-08T21:30,76.26000213623047,76.26000213623047,76.19999694824219,76.2300033569336,0
2026-08-08T21:35,76.2300033569336,76.23999786376953,76.19999694824219,76.20999908447266,0
2026-08-08T21:40,76.19000244140625,76.19999694824219,76.13999938964844,76.18000030517578,0
2026-08-08T21:45,76.18000030517578,76.19000244140625,76.16000366210938,76.18000030517578,0
2026-08-08T21:50,76.18000030517578,76.19000244140625,76.12999725341797,76.1500015258789,0
2026-08-08T21:55,76.1500015258789,76.16000366210938,76.11000061035156,76.1500015258789,0
2026-08-08T22:00,76.16000366210938,76.19000244140625,76.12999725341797,76.19000244140625,0
2026-08-08T22:05,76.16999816894531,76.16999816894531,76.13999938964844,76.1500015258789,0
2026-08-08T22:10,76.13999938964844,76.16000366210938,76.12000274658203,76.12999725341797,0
2026-08-08T22:15,76.13999938964844,76.2300033569336,76.13999938964844,76.19000244140625,0
2026-08-08T22:20,76.19000244140625,76.19999694824219,76.16999816894531,76.19999694824219,0
2026-08-08T22:25,76.19999694824219,76.19999694824219,76.16999816894531,76.19000244140625,0
2026-08-08T22:30,76.18000030517578,76.19999694824219,76.12999725341797,76.16000366210938,0
2026-08-08T22:35,76.18000030517578,76.18000030517578,76.12999725341797,76.13999938964844,906880
2026-08-08T22:40,76.13999938964844,76.13999938964844,76.05999755859375,76.05999755859375,0
2026-08-08T22:45,76.05999755859375,76.05999755859375,76.0199966430664,76.02999877929688,0
2026-08-08T22:50,76.02999877929688,76.02999877929688,75.98999786376953,76.01000213623047,0
2026-08-08T22:55,76.01000213623047,76.01000213623047,75.80000305175781,75.83000183105469,0
2026-08-08T23:00,75.8499984741211,75.86000061035156,75.80000305175781,75.83000183105469,3681664
2026-08-08T23:05,75.83000183105469,75.8499984741211,75.80000305175781,75.80000305175781,0
2026-08-08T23:10,75.80000305175781,75.80000305175781,75.73999786376953,75.7699966430664,1159552
2026-08-08T23:15,75.77999877929688,75.83000183105469,75.72000122070312,75.83000183105469,3279360
2026-08-08T23:20,75.8499984741211,75.87999725341797,75.81999969482422,75.87000274658203,6188032
2026-08-08T23:25,75.86000061035156,75.87999725341797,75.83000183105469,75.83000183105469,603776
2026-08-08T23:30,75.83000183105469,75.91999816894531,75.83000183105469,75.91000366210938,1598592
2026-08-08T23:35,75.91000366210938,75.94999694824219,75.87999725341797,75.94000244140625,2872192
2026-08-08T23:40,75.94000244140625,76.05000305175781,75.93000030517578,76.0199966430664,0
2026-08-08T23:45,76.0199966430664,76.0199966430664,76.0,76.01000213623047,2580096
2026-08-08T23:50,76.01000213623047,76.02999877929688,75.97000122070312,75.97000122070312,0
2026-08-08T23:55,75.97000122070312,76.0199966430664,75.94000244140625,75.95999908447266,0
2026-08-09T00:00,75.94000244140625,75.98999786376953,75.91000366210938,75.9800033569336,537088
2026-08-09T00:05,75.9800033569336,75.9800033569336,75.9000015258789,75.91999816894531,854144
2026-08-09T00:10,75.91000366210938,75.9800033569336,75.91000366210938,75.93000030517578,0
2026-08-09T00:15,75.93000030517578,75.94000244140625,75.9000015258789,75.91999816894531,1562880
2026-08-09T00:20,75.91000366210938,75.91999816894531,75.87000274658203,75.9000015258789,0
2026-08-09T00:25,75.9000015258789,75.9000015258789,75.83999633789062,75.86000061035156,0
2026-08-09T00:30,75.87000274658203,75.87000274658203,75.83000183105469,75.83999633789062,0
2026-08-09T00:35,75.83000183105469,75.94000244140625,75.83000183105469,75.93000030517578,306176
2026-08-09T00:40,75.91999816894531,75.94999694824219,75.88999938964844,75.88999938964844,1470592
2026-08-09T00:45,75.9000015258789,75.91999816894531,75.80999755859375,75.80999755859375,1728896
2026-08-09T00:50,75.80999755859375,75.83000183105469,75.80999755859375,75.81999969482422,651392
2026-08-09T00:55,75.81999969482422,75.95999908447266,75.81999969482422,75.95999908447266,0
2026-08-09T01:00,75.94999694824219,76.0199966430664,75.91000366210938,75.97000122070312,0
2026-08-09T01:05,75.97000122070312,75.97000122070312,75.91999816894531,75.93000030517578,2633984
2026-08-09T01:10,75.9000015258789,75.91999816894531,75.86000061035156,75.9000015258789,284928
2026-08-09T01:15,75.9000015258789,75.9000015258789,75.83000183105469,75.83999633789062,0
2026-08-09T01:20,75.83999633789062,75.83999633789062,75.77999877929688,75.80000305175781,0
2026-08-09T01:25,75.80000305175781,75.80000305175781,75.70999908447266,75.72000122070312,0
2026-08-09T01:30,75.70999908447266,75.77999877929688,75.69999694824219,75.7699966430664,2403456
2026-08-09T01:35,75.76000213623047,75.80999755859375,75.75,75.80000305175781,664320
2026-08-09T01:40,75.80999755859375,75.81999969482422,75.77999877929688,75.80999755859375,0
2026-08-09T01:45,75.80000305175781,75.83999633789062,75.79000091552734,75.81999969482422,0
2026-08-09T01:50,75.81999969482422,75.81999969482422,75.76000213623047,75.81999969482422,0
2026-08-09T01:55,75.81999969482422,75.86000061035156,75.80000305175781,75.80999755859375,26496
2026-08-09T02:00,75.80999755859375,75.80999755859375,75.7699966430664,75.80000305175781,0
2026-08-09T02:05,75.80000305175781,75.80000305175781,75.75,75.7699966430664,0
2026-08-09T02:10,75.77999877929688,75.83999633789062,75.77999877929688,75.83000183105469,0
2026-08-09T02:15,75.81999969482422,75.81999969482422,75.75,75.80999755859375,0
2026-08-09T02:20,75.80999755859375,75.88999938964844,75.80999755859375,75.88999938964844,0
2026-08-09T02:25,75.88999938964844,75.88999938964844,75.86000061035156,75.86000061035156,0
2026-08-09T02:30,75.86000061035156,75.88999938964844,75.8499984741211,75.87999725341797,0
2026-08-09T02:35,75.87999725341797,75.91999816894531,75.87999725341797,75.88999938964844,0
2026-08-09T02:40,75.9000015258789,75.94000244140625,75.83000183105469,75.83000183105469,0
2026-08-09T02:45,75.83000183105469,75.87000274658203,75.80999755859375,75.81999969482422,361856
2026-08-09T02:50,75.80999755859375,75.81999969482422,75.75,75.75,537472
2026-08-09T02:55,75.75,75.83000183105469,75.75,75.80999755859375,799360
2026-08-09T03:00,75.80000305175781,75.81999969482422,75.75,75.77999877929688,0
2026-08-09T03:05,75.7699966430664,75.77999877929688,75.72000122070312,75.75,0
2026-08-09T03:10,75.73999786376953,75.7699966430664,75.72000122070312,75.7300033569336,450688
2026-08-09T03:15,75.7300033569336,75.77999877929688,75.72000122070312,75.7699966430664,246656
2026-08-09T03:20,75.7699966430664,75.83999633789062,75.7699966430664,75.83999633789062,0
2026-08-09T03:25,75.83999633789062,75.93000030517578,75.83000183105469,75.93000030517578,0
2026-08-09T03:30,75.93000030517578,75.9800033569336,75.91999816894531,75.97000122070312,0
2026-08-09T03:35,75.97000122070312,75.9800033569336,75.94000244140625,75.9800033569336,0
2026-08-09T03:40,75.9800033569336,75.9800033569336,75.91000366210938,75.93000030517578,0
2026-08-09T03:45,75.93000030517578,75.98999786376953,75.93000030517578,75.97000122070312,0
2026-08-09T03:50,75.97000122070312,75.97000122070312,75.9000015258789,75.9000015258789,0
2026-08-09T03:55,75.91999816894531,75.94000244140625,75.91000366210938,75.93000030517578,0
2026-08-09T04:00,75.93000030517578,75.98999786376953,75.91000366210938,75.9800033569336,0
2026-08-09T04:05,75.9800033569336,76.02999877929688,75.9800033569336,76.02999877929688,0
2026-08-09T04:10,76.0199966430664,76.06999969482422,76.0199966430664,76.04000091552734,0
2026-08-09T04:15,76.04000091552734,76.05000305175781,75.94999694824219,75.94999694824219,0
2026-08-09T04:20,75.94999694824219,75.97000122070312,75.94000244140625,75.94999694824219,0
2026-08-09T04:25,75.94999694824219,76.01000213623047,75.94999694824219,76.01000213623047,0
2026-08-09T04:30,75.9800033569336,75.98999786376953,75.9000015258789,75.9000015258789,0
2026-08-09T04:35,75.88999938964844,75.97000122070312,75.88999938964844,75.97000122070312,0
2026-08-09T04:40,75.97000122070312,75.9800033569336,75.94000244140625,75.9800033569336,0
2026-08-09T04:45,75.9800033569336,75.9800033569336,75.94999694824219,75.94999694824219,0
2026-08-09T04:50,75.94999694824219,75.94999694824219,75.9000015258789,75.91000366210938,0
2026-08-09T04:55,75.91000366210938,75.91000366210938,75.87000274658203,75.91000366210938,0
2026-08-09T05:00,75.9000015258789,75.94999694824219,75.87000274658203,75.91000366210938,0
2026-08-09T05:05,75.91999816894531,75.95999908447266,75.9000015258789,75.94999694824219,0
2026-08-09T05:10,75.94000244140625,75.95999908447266,75.91000366210938,75.91000366210938,0
2026-08-09T05:15,75.91000366210938,75.95999908447266,75.9000015258789,75.94000244140625,914688
2026-08-09T05:20,75.94000244140625,75.94000244140625,75.88999938964844,75.9000015258789,0
2026-08-09T05:25,75.91000366210938,75.91000366210938,75.87000274658203,75.88999938964844,0
2026-08-09T05:30,75.87999725341797,75.9000015258789,75.86000061035156,75.87999725341797,0
2026-08-09T05:35,75.87000274658203,75.87000274658203,75.81999969482422,75.86000061035156,0
2026-08-09T05:40,75.86000061035156,75.9000015258789,75.86000061035156,75.87999725341797,0
2026-08-09T05:45,75.87999725341797,75.93000030517578,75.87999725341797,75.93000030517578,0
2026-08-09T05:50,75.93000030517578,75.97000122070312,75.91999816894531,75.94000244140625,0
2026-08-09T05:55,75.94000244140625,75.97000122070312,75.91000366210938,75.94000244140625,0
2026-08-09T06:00,75.93000030517578,75.94999694824219,75.9000015258789,75.9000015258789,0
2026-08-09T06:05,75.9000015258789,75.98999786376953,75.9000015258789,75.93000030517578,0
2026-08-09T06:10,75.91999816894531,75.95999908447266,75.91999816894531,75.95999908447266,1939072
2026-08-09T06:15,75.95999908447266,76.01000213623047,75.94999694824219,76.01000213623047,350976
2026-08-09T06:20,76.01000213623047,76.12000274658203,76.01000213623047,76.11000061035156,1200000
2026-08-09T06:25,76.12000274658203,76.22000122070312,76.12000274658203,76.18000030517578,1976192
2026-08-09T06:30,76.18000030517578,76.29000091552734,76.16999816894531,76.23999786376953,2384896
2026-08-09T06:35,76.25,76.27999877929688,76.19000244140625,76.27999877929688,274048
2026-08-09T06:40,76.27999877929688,76.27999877929688,76.20999908447266,76.23999786376953,82944
2026-08-09T06:45,76.2699966430664,76.30999755859375,76.2699966430664,76.27999877929688,309888
2026-08-09T06:50,76.27999877929688,76.4000015258789,76.2699966430664,76.4000015258789,3438336
2026-08-09T06:55,76.41000366210938,76.43000030517578,76.30999755859375,76.3499984741211,5135232
2026-08-09T07:00,76.3499984741211,76.3499984741211,76.29000091552734,76.29000091552734,3504896
2026-08-09T07:05,76.29000091552734,76.31999969482422,76.2699966430664,76.30999755859375,4642944
2026-08-09T07:10,76.31999969482422,76.4000015258789,76.29000091552734,76.37999725341797,1590656
2026-08-09T07:15,76.41999816894531,76.41999816894531,76.30000305175781,76.31999969482422,1767936
2026-08-09T07:20,76.30999755859375,76.31999969482422,76.26000213623047,76.29000091552734,4266368
2026-08-09T07:25,76.29000091552734,76.3499984741211,76.27999877929688,76.30999755859375,1039744
2026-08-09T07:30,76.30999755859375,76.31999969482422,76.23999786376953,76.23999786376953,1822720
2026-08-09T07:35,76.2300033569336,76.23999786376953,76.19999694824219,76.19999694824219,3717504
2026-08-09T07:40,76.19999694824219,76.20999908447266,76.16999816894531,76.20999908447266,335616
2026-08-09T07:45,76.19999694824219,76.20999908447266,76.18000030517578,76.19999694824219,0
2026-08-09T07:50,76.19999694824219,76.26000213623047,76.19999694824219,76.2300033569336,290816
2026-08-09T07:55,76.23999786376953,76.29000091552734,76.23999786376953,76.29000091552734,378880
2026-08-09T08:00,76.27999877929688,76.5,76.27999877929688,76.48999786376953,0
2026-08-09T08:05,76.45999908447266,76.47000122070312,76.37000274658203,76.38999938964844,2619520
2026-08-09T08:10,76.38999938964844,76.38999938964844,76.36000061035156,76.37000274658203,5818624
2026-08-09T08:15,76.37999725341797,76.38999938964844,76.3499984741211,76.36000061035156,362880
2026-08-09T08:20,76.36000061035156,76.36000061035156,76.30000305175781,76.30999755859375,142976
2026-08-09T08:25,76.30000305175781,76.33000183105469,76.29000091552734,76.33000183105469,0
2026-08-09T08:30,76.33000183105469,76.37999725341797,76.31999969482422,76.37999725341797,0
2026-08-09T08:35,76.37000274658203,76.37000274658203,76.19000244140625,76.19999694824219,0
2026-08-09T08:40,76.19000244140625,76.19000244140625,76.06999969482422,76.06999969482422,390656
2026-08-09T08:45,76.06999969482422,76.23999786376953,76.05999755859375,76.22000122070312,2182400
2026-08-09T08:50,76.22000122070312,76.23999786376953,76.19000244140625,76.2300033569336,6004224
2026-08-09T08:55,76.2300033569336,76.2699966430664,76.20999908447266,76.26000213623047,1707520
2026-08-09T09:00,76.25,76.3499984741211,76.23999786376953,76.3499984741211,0
2026-08-09T09:05,76.36000061035156,76.41000366210938,76.33999633789062,76.37999725341797,1425024
2026-08-09T09:10,76.38999938964844,76.41999816894531,76.31999969482422,76.4000015258789,3419648
2026-08-09T09:15,76.4000015258789,76.41000366210938,76.37000274658203,76.37999725341797,2183680
2026-08-09T09:20,76.38999938964844,76.38999938964844,76.26000213623047,76.2699966430664,880896
2026-08-09T09:25,76.26000213623047,76.27999877929688,76.20999908447266,76.20999908447266,0
2026-08-09T09:30,76.20999908447266,76.44000244140625,76.19000244140625,76.37999725341797,0
2026-08-09T09:35,76.36000061035156,76.4000015258789,76.36000061035156,76.4000015258789,584960
2026-08-09T09:40,76.38999938964844,76.44000244140625,76.38999938964844,76.41000366210938,2535424
2026-08-09T09:45,76.41000366210938,76.41000366210938,76.3499984741211,76.36000061035156,0
2026-08-09T09:50,76.36000061035156,76.38999938964844,76.33000183105469,76.38999938964844,0
2026-08-09T09:55,76.38999938964844,76.38999938964844,76.33999633789062,76.38999938964844,152704
2026-08-09T10:00,76.38999938964844,76.41999816894531,76.36000061035156,76.4000015258789,0
2026-08-09T10:05,76.4000015258789,76.44000244140625,76.37000274658203,76.41999816894531,980864
2026-08-09T10:10,76.41999816894531,76.48999786376953,76.41999816894531,76.48999786376953,1224832
2026-08-09T10:15,76.5,76.58000183105469,76.48999786376953,76.5199966430664,3724288
2026-08-09T10:20,76.5199966430664,76.56999969482422,76.5199966430664,76.52999877929688,4372608
2026-08-09T10:25,76.52999877929688,76.52999877929688,76.44000244140625,76.45999908447266,300032
2026-08-09T10:30,76.44999694824219,76.47000122070312,76.41999816894531,76.43000030517578,0
2026-08-09T10:35,76.43000030517578,76.44000244140625,76.3499984741211,76.4000015258789,0
2026-08-09T10:40,76.4000015258789,76.41000366210938,76.37000274658203,76.38999938964844,0
2026-08-09T10:45,76.3499984741211,76.37000274658203,76.33999633789062,76.3499984741211,0
2026-08-09T10:50,76.36000061035156,76.37999725341797,76.33999633789062,76.33999633789062,0
2026-08-09T10:55,76.3499984741211,76.37000274658203,76.30999755859375,76.31999969482422,0
2026-08-09T11:00,76.30999755859375,76.33999633789062,76.29000091552734,76.29000091552734,0
2026-08-09T11:05,76.29000091552734,76.38999938964844,76.29000091552734,76.38999938964844,0
2026-08-09T11:10,76.37999725341797,76.38999938964844,76.36000061035156,76.37999725341797,0
2026-08-09T11:15,76.37999725341797,76.38999938964844,76.37999725341797,76.38999938964844,0
2026-08-09T11:20,76.38999938964844,76.41999816894531,76.3499984741211,76.3499984741211,0
2026-08-09T11:25,76.3499984741211,76.43000030517578,76.3499984741211,76.41000366210938,0
2026-08-09T11:30,76.41000366210938,76.44999694824219,76.4000015258789,76.4000015258789,0
2026-08-09T11:35,76.4000015258789,76.4800033569336,76.38999938964844,76.4000015258789,0
2026-08-09T11:40,76.41000366210938,76.44999694824219,76.41000366210938,76.44000244140625,1389312
2026-08-09T11:45,76.44000244140625,76.47000122070312,76.43000030517578,76.43000030517578,0
2026-08-09T11:50,76.44000244140625,76.47000122070312,76.43000030517578,76.44000244140625,0
2026-08-09T11:55,76.44999694824219,76.47000122070312,76.43000030517578,76.43000030517578,0
2026-08-09T12:00,76.43000030517578,76.44999694824219,76.38999938964844,76.41000366210938,0
2026-08-09T12:05,76.4000015258789,76.4800033569336,76.36000061035156,76.47000122070312,0
2026-08-09T12:10,76.48999786376953,76.54000091552734,76.45999908447266,76.45999908447266,0
2026-08-09T12:15,76.47000122070312,76.4800033569336,76.44000244140625,76.44000244140625,0
2026-08-09T12:20,76.44000244140625,76.44000244140625,76.37000274658203,76.37999725341797,0
2026-08-09T12:25,76.37999725341797,76.4000015258789,76.36000061035156,76.36000061035156,0
2026-08-09T12:30,76.3499984741211,76.37000274658203,76.29000091552734,76.29000091552734,0
2026-08-09T12:35,76.29000091552734,76.29000091552734,76.25,76.27999877929688,0
2026-08-09T12:40,76.27999877929688,76.30999755859375,76.2699966430664,76.27999877929688,0
2026-08-09T12:45,76.27999877929688,76.33999633789062,76.2699966430664,76.31999969482422,0
2026-08-09T12:50,76.31999969482422,76.33000183105469,76.29000091552734,76.29000091552734,0
2026-08-09T12:55,76.30000305175781,76.33999633789062,76.27999877929688,76.30999755859375,0
2026-08-09T13:00,76.30000305175781,76.41999816894531,76.29000091552734,76.41000366210938,0
2026-08-09T13:05,76.41999816894531,76.5,76.41000366210938,76.48999786376953,0
2026-08-09T13:10,76.5,76.5999984741211,76.4800033569336,76.5199966430664,0
2026-08-09T13:15,76.5199966430664,76.75,76.5199966430664,76.70999908447266,2178048
2026-08-09T13:20,76.70999908447266,76.7300033569336,76.63999938964844,76.6500015258789,12598528
2026-08-09T13:25,76.66000366210938,76.69000244140625,76.62999725341797,76.66999816894531,3953280
2026-08-09T13:30,76.68000030517578,76.69000244140625,76.62999725341797,76.63999938964844,337664
2026-08-09T13:35,76.63999938964844,76.6500015258789,76.58999633789062,76.61000061035156,730752
2026-08-09T13:40,76.62999725341797,76.6500015258789,76.58999633789062,76.62999725341797,0
2026-08-09T13:45,76.6500015258789,76.6500015258789,76.58999633789062,76.5999984741211,0
2026-08-09T13:50,76.61000061035156,76.61000061035156,76.56999969482422,76.56999969482422,0
2026-08-09T13:55,76.56999969482422,76.58999633789062,76.52999877929688,76.52999877929688,0
2026-08-09T14:00,76.52999877929688,76.5999984741211,76.52999877929688,76.58000183105469,0
2026-08-09T14:05,76.58999633789062,76.6500015258789,76.58999633789062,76.6500015258789,0
2026-08-09T14:10,76.63999938964844,76.63999938964844,76.61000061035156,76.63999938964844,0
2026-08-09T14:15,76.62999725341797,76.62999725341797,76.58999633789062,76.58999633789062,0
2026-08-09T14:20,76.58999633789062,76.5999984741211,76.54000091552734,76.55000305175781,0
2026-08-09T14:25,76.55999755859375,76.66000366210938,76.55999755859375,76.63999938964844,0
2026-08-09T14:30,76.6500015258789,76.75,76.62999725341797,76.7300033569336,0
2026-08-09T14:35,76.7300033569336,76.83000183105469,76.69000244140625,76.75,0
2026-08-09T14:40,76.73999786376953,76.73999786376953,76.68000030517578,76.70999908447266,0
2026-08-09T14:45,76.70999908447266,76.70999908447266,76.66999816894531,76.66999816894531,0
2026-08-09T14:50,76.68000030517578,76.76000213623047,76.66999816894531,76.75,0
2026-08-09T14:55,76.7699966430664,77.0,76.76000213623047,76.95999908447266,0
2026-08-09T15:00,76.98999786376953,77.0,76.87999725341797,77.0,0
2026-08-09T15:05,77.0,77.01000213623047,76.83999633789062,76.88999938964844,0
2026-08-09T15:10,76.9000015258789,76.93000030517578,76.83999633789062,76.87000274658203,0
2026-08-09T15:15,76.87000274658203,76.87999725341797,76.83000183105469,76.83000183105469,0
2026-08-09T15:20,76.81999969482422,76.83000183105469,76.80000305175781,76.80999755859375,0
2026-08-09T15:25,76.80999755859375,76.87999725341797,76.80999755859375,76.87000274658203,0
2026-08-09T15:30,76.87000274658203,76.97000122070312,76.8499984741211,76.94999694824219,0
2026-08-09T15:35,76.94999694824219,77.13999938964844,76.94999694824219,77.0999984741211,0
2026-08-09T15:40,77.11000061035156,77.26000213623047,77.11000061035156,77.20999908447266,6075712
2026-08-09T15:45,77.20999908447266,77.20999908447266,77.11000061035156,77.11000061035156,14604672
2026-08-09T15:50,77.0999984741211,77.1500015258789,77.05999755859375,77.1500015258789,2717056
2026-08-09T15:55,77.16000366210938,77.4000015258789,77.13999938964844,77.36000061035156,2115072
2026-08-09T16:00,77.41999816894531,77.41999816894531,77.2699966430664,77.33000183105469,14044672
2026-08-09T16:05,77.33000183105469,77.48999786376953,77.30999755859375,77.37999725341797,16027264
2026-08-09T16:10,77.37999725341797,77.38999938964844,77.2300033569336,77.26000213623047,5900928
2026-08-09T16:15,77.2699966430664,77.30999755859375,77.23999786376953,77.23999786376953,5372672
2026-08-09T16:20,77.23999786376953,77.25,77.12999725341797,77.13999938964844,1607936
2026-08-09T16:25,77.12999725341797,77.12999725341797,77.02999877929688,77.04000091552734,1245440
2026-08-09T16:30,77.04000091552734,77.20999908447266,77.04000091552734,77.19000244140625,1113856
2026-08-09T16:35,77.20999908447266,77.29000091552734,77.16999816894531,77.2699966430664,734464
2026-08-09T16:40,77.25,77.27999877929688,77.19000244140625,77.20999908447266,0
2026-08-09T16:45,77.20999908447266,77.30999755859375,77.19000244140625,77.19000244140625,0
2026-08-09T16:50,77.19000244140625,77.23999786376953,77.19000244140625,77.2300033569336,822400
2026-08-09T16:55,77.2300033569336,77.29000091552734,77.22000122070312,77.27999877929688,0
2026-08-09T17:00,77.2699966430664,77.2699966430664,77.16999816894531,77.25,0
2026-08-09T17:05,77.26000213623047,77.2699966430664,77.1500015258789,77.16000366210938,659200
2026-08-09T17:10,77.16000366210938,77.2300033569336,77.16000366210938,77.2300033569336,0
2026-08-09T17:15,77.19000244140625,77.27999877929688,77.19000244140625,77.27999877929688,0
2026-08-09T17:20,77.27999877929688,77.27999877929688,77.16999816894531,77.23999786376953,0
2026-08-09T17:25,77.23999786376953,77.23999786376953,77.19000244140625,77.20999908447266,0
2026-08-09T17:30,77.20999908447266,77.20999908447266,77.1500015258789,77.1500015258789,144256
2026-08-09T17:35,77.1500015258789,77.23999786376953,77.1500015258789,77.2300033569336,127744
2026-08-09T17:40,77.23999786376953,77.2699966430664,77.19999694824219,77.26000213623047,3263616
2026-08-09T17:45,77.2699966430664,77.2699966430664,77.0999984741211,77.0999984741211,0
2026-08-09T17:50,77.11000061035156,77.12000274658203,77.05000305175781,77.0999984741211,0
2026-08-09T17:55,77.08999633789062,77.1500015258789,77.08999633789062,77.12000274658203,25728
2026-08-09T18:00,77.12000274658203,77.18000030517578,77.11000061035156,77.12999725341797,0
2026-08-09T18:05,77.12999725341797,77.18000030517578,77.12000274658203,77.18000030517578,0
2026-08-09T18:10,77.18000030517578,77.19000244140625,77.0999984741211,77.0999984741211,0
2026-08-09T18:15,77.11000061035156,77.12000274658203,77.02999877929688,77.08999633789062,0
2026-08-09T18:20,77.0999984741211,77.16000366210938,77.0999984741211,77.1500015258789,0
2026-08-09T18:25,77.1500015258789,77.16999816894531,77.11000061035156,77.13999938964844,0
2026-08-09T18:30,77.12999725341797,77.16000366210938,77.12000274658203,77.12999725341797,0
2026-08-09T18:35,77.12000274658203,77.12999725341797,77.06999969482422,77.08999633789062,0
2026-08-09T18:40,77.08999633789062,77.0999984741211,77.06999969482422,77.08999633789062,0
2026-08-09T18:45,77.08999633789062,77.16000366210938,77.08999633789062,77.13999938964844,0
2026-08-09T18:50,77.13999938964844,77.19999694824219,77.13999938964844,77.16000366210938,0
2026-08-09T18:55,77.16000366210938,77.16999816894531,77.12999725341797,77.1500015258789,296320
2026-08-09T19:00,77.13999938964844,77.16000366210938,77.12999725341797,77.1500015258789,0
2026-08-09T19:05,77.1500015258789,77.19000244140625,77.12999725341797,77.1500015258789,0
2026-08-09T19:10,77.13999938964844,77.13999938964844,77.08999633789062,77.0999984741211,0
2026-08-09T19:15,77.0999984741211,77.13999938964844,77.08999633789062,77.13999938964844,0
2026-08-09T19:20,77.12999725341797,77.19000244140625,77.12999725341797,77.18000030517578,0
2026-08-09T19:25,77.19000244140625,77.25,77.18000030517578,77.20999908447266,281728
2026-08-09T19:30,77.22000122070312,77.2300033569336,77.19000244140625,77.19000244140625,0
2026-08-09T19:35,77.19999694824219,77.25,77.19000244140625,77.20999908447266,0
2026-08-09T19:40,77.20999908447266,77.27999877929688,77.19999694824219,77.26000213623047,162816
2026-08-09T19:45,77.26000213623047,77.30999755859375,77.19999694824219,77.22000122070312,1585920
2026-08-09T19:50,77.2300033569336,77.25,77.16999816894531,77.19000244140625,0
2026-08-09T19:55,77.19000244140625,77.20999908447266,77.16000366210938,77.16999816894531,0
2026-08-09T20:00,77.18000030517578,77.18000030517578,77.13999938964844,77.13999938964844,0
2026-08-09T20:05,77.13999938964844,77.1500015258789,77.12000274658203,77.12000274658203,0
2026-08-09T20:10,77.12999725341797,77.12999725341797,77.0199966430664,77.0199966430664,681856
2026-08-09T20:15,77.02999877929688,77.11000061035156,77.01000213623047,77.11000061035156,616320
2026-08-09T20:20,77.08999633789062,77.16000366210938,77.08999633789062,77.0999984741211,396160
2026-08-09T20:25,77.0999984741211,77.16999816894531,77.0999984741211,77.16000366210938,1095808
2026-08-09T20:30,77.16000366210938,77.19000244140625,77.1500015258789,77.16999816894531,265984
2026-08-09T20:35,77.16999816894531,77.19999694824219,77.1500015258789,77.18000030517578,312192
2026-08-09T20:40,77.19000244140625,77.20999908447266,77.18000030517578,77.19999694824219,0
2026-08-09T20:45,77.20999908447266,77.20999908447266,77.16999816894531,77.19000244140625,0
2026-08-09T20:50,77.19999694824219,77.22000122070312,77.12000274658203,77.18000030517578,0
2026-08-09T20:55,77.19999694824219,77.22000122070312,77.19000244140625,77.20999908447266,0
2026-08-09T21:00,77.20999908447266,77.20999908447266,77.11000061035156,77.11000061035156,0
2026-08-09T21:05,77.12000274658203,77.12999725341797,77.08999633789062,77.11000061035156,0
2026-08-09T21:10,77.11000061035156,77.16999816894531,77.08999633789062,77.16999816894531,0
2026-08-09T21:15,77.16000366210938,77.18000030517578,77.1500015258789,77.1500015258789,0
2026-08-09T21:20,77.16999816894531,77.25,77.16000366210938,77.25,0
2026-08-09T21:25,77.25,77.33000183105469,77.23999786376953,77.31999969482422,0
2026-08-09T21:30,77.33000183105469,77.36000061035156,77.30999755859375,77.30999755859375,1856384
2026-08-09T21:35,77.30999755859375,77.3499984741211,77.30999755859375,77.33999633789062,549248
2026-08-09T21:40,77.3499984741211,77.38999938964844,77.30999755859375,77.3499984741211,184960
2026-08-09T21:45,77.33999633789062,77.45999908447266,77.33999633789062,77.38999938964844,0
2026-08-09T21:50,77.4000015258789,77.41000366210938,77.27999877929688,77.30999755859375,2625920
2026-08-09T21:55,77.31999969482422,77.3499984741211,77.29000091552734,77.29000091552734,185216
2026-08-09T22:00,77.33999633789062,77.43000030517578,77.33000183105469,77.38999938964844,0
2026-08-09T22:05,77.37999725341797,77.44999694824219,77.37000274658203,77.44000244140625,0
2026-08-09T22:10,77.44999694824219,77.7300033569336,77.41000366210938,77.6500015258789,771328
2026-08-09T22:15,77.63999938964844,77.69999694824219,77.4800033569336,77.51000213623047,16851456
2026-08-09T22:20,77.5199966430664,77.55999755859375,77.38999938964844,77.38999938964844,7543296
2026-08-09T22:25,77.37000274658203,77.41999816894531,77.36000061035156,77.37999725341797,0
2026-08-09T22:30,77.4000015258789,77.43000030517578,77.12999725341797,77.18000030517578,2132096
2026-08-09T22:35,77.19000244140625,77.19000244140625,76.91999816894531,76.94999694824219,1910656
2026-08-09T22:40,76.94000244140625,77.01000213623047,76.91000366210938,77.0,3747584
2026-08-09T22:45,76.97000122070312,76.97000122070312,76.8499984741211,76.8499984741211,5957120
2026-08-09T22:50,76.86000061035156,76.86000061035156,76.61000061035156,76.79000091552734,3161216
2026-08-09T22:55,76.7699966430664,76.83000183105469,76.75,76.7699966430664,5127296
2026-08-09T23:00,76.76000213623047,76.8499984741211,76.69999694824219,76.80999755859375,0
2026-08-09T23:05,76.80000305175781,76.83000183105469,76.66000366210938,76.66000366210938,1374592
2026-08-09T23:10,76.69000244140625,76.73999786376953,76.62999725341797,76.62999725341797,0
2026-08-09T23:15,76.62000274658203,76.70999908447266,76.5999984741211,76.63999938964844,0
2026-08-09T23:20,76.62000274658203,76.62000274658203,76.5,76.58000183105469,0
2026-08-09T23:25,76.55000305175781,76.58000183105469,76.30999755859375,76.36000061035156,5995136
2026-08-09T23:30,76.33000183105469,76.33000183105469,76.16999816894531,76.2699966430664,8732800
2026-08-09T23:35,76.2699966430664,76.44999694824219,76.23999786376953,76.33999633789062,7029504
2026-08-09T23:40,76.33000183105469,76.3499984741211,76.2699966430664,76.27999877929688,4197888
2026-08-09T23:45,76.27999877929688,76.33999633789062,76.27999877929688,76.30999755859375,5108224
2026-08-09T23:50,76.30000305175781,76.30000305175781,76.22000122070312,76.22000122070312,2987776
2026-08-09T23:55,76.20999908447266,76.22000122070312,76.16000366210938,76.20999908447266,2192256
2026-08-10T00:00,76.18000030517578,76.30000305175781,76.16000366210938,76.26000213623047,0
2026-08-10T00:05,76.27999877929688,76.55999755859375,76.27999877929688,76.52999877929688,3494912
2026-08-10T00:10,76.5199966430664,76.94000244140625,76.5199966430664,76.72000122070312,7550464
2026-08-10T00:15,76.69000244140625,76.69999694824219,76.56999969482422,76.56999969482422,9698432
2026-08-10T00:20,76.61000061035156,76.66999816894531,76.44999694824219,76.44999694824219,6273536
2026-08-10T00:25,76.47000122070312,76.56999969482422,76.45999908447266,76.5199966430664,3166336
2026-08-10T00:30,76.51000213623047,76.58999633789062,76.4800033569336,76.55000305175781,1957376
2026-08-10T00:35,76.56999969482422,76.56999969482422,76.27999877929688,76.27999877929688,928256
2026-08-10T00:40,76.2699966430664,76.4000015258789,76.25,76.27999877929688,2193920
2026-08-10T00:45,76.29000091552734,76.51000213623047,76.27999877929688,76.51000213623047,1789696
2026-08-10T00:50,76.51000213623047,76.62000274658203,76.4800033569336,76.54000091552734,5719808
2026-08-10T00:55,76.54000091552734,76.62000274658203,76.44999694824219,76.4800033569336,2439808
2026-08-10T01:00,76.4800033569336,76.62000274658203,76.4800033569336,76.52999877929688,0
2026-08-10T01:05,76.55000305175781,76.58000183105469,76.41000366210938,76.58000183105469,1856640
2026-08-10T01:10,76.58000183105469,76.72000122070312,76.58000183105469,76.62999725341797,2333696
2026-08-10T01:15,76.62999725341797,76.77999877929688,76.62999725341797,76.7300033569336,1738880
2026-08-10T01:20,76.77999877929688,76.77999877929688,76.63999938964844,76.68000030517578,2407552
2026-08-10T01:25,76.69000244140625,76.76000213623047,76.56999969482422,76.56999969482422,1483776
2026-08-10T01:30,76.5199966430664,76.61000061035156,76.47000122070312,76.48999786376953,0
2026-08-10T01:35,76.4800033569336,76.48999786376953,76.3499984741211,76.48999786376953,2659712
2026-08-10T01:40,76.48999786376953,76.55000305175781,76.45999908447266,76.55000305175781,1849088
2026-08-10T01:45,76.55999755859375,76.91999816894531,76.54000091552734,76.91999816894531,1012480
2026-08-10T01:50,76.88999938964844,77.08000183105469,76.87000274658203,76.87999725341797,7452416
2026-08-10T01:55,76.87000274658203,76.87999725341797,76.80999755859375,76.8499984741211,2738560
2026-08-10T02:00,76.86000061035156,76.86000061035156,76.63999938964844,76.72000122070312,0
2026-08-10T02:05,76.72000122070312,76.79000091552734,76.6500015258789,76.7300033569336,2921216
2026-08-10T02:10,76.70999908447266,76.7699966430664,76.70999908447266,76.72000122070312,4319616
2026-08-10T02:15,76.70999908447266,76.70999908447266,76.4800033569336,76.5,776960
2026-08-10T02:20,76.48999786376953,76.54000091552734,76.44000244140625,76.44000244140625,1438336
2026-08-10T02:25,76.43000030517578,76.47000122070312,76.37999725341797,76.47000122070312,3286144
2026-08-10T02:30,76.4800033569336,76.55999755859375,76.4800033569336,76.51000213623047,1917056
2026-08-10T02:35,76.51000213623047,76.55000305175781,76.4800033569336,76.55000305175781,2174720
2026-08-10T02:40,76.55000305175781,76.81999969482422,76.55000305175781,76.80000305175781,0
2026-08-10T02:45,76.77999877929688,76.79000091552734,76.69000244140625,76.69999694824219,0
2026-08-10T02:50,76.69999694824219,76.7699966430664,76.68000030517578,76.69000244140625,90624
2026-08-10T02:55,76.69000244140625,76.7699966430664,76.66000366210938,76.75,0
2026-08-10T03:00,76.75,76.75,76.66999816894531,76.69999694824219,0
2026-08-10T03:05,76.69000244140625,76.72000122070312,76.62000274658203,76.70999908447266,60672
2026-08-10T03:10,76.72000122070312,76.72000122070312,76.44999694824219,76.44999694824219,0
2026-08-10T03:15,76.47000122070312,76.66999816894531,76.31999969482422,76.66000366210938,3795584
2026-08-10T03:20,76.66000366210938,76.86000061035156,76.66000366210938,76.79000091552734,5799424
2026-08-10T03:25,76.81999969482422,76.86000061035156,76.6500015258789,76.6500015258789,1858432
2026-08-10T03:30,76.66000366210938,76.73999786376953,76.62000274658203,76.73999786376953,3397248
2026-08-10T03:35,76.73999786376953,76.77999877929688,76.69000244140625,76.72000122070312,0
2026-08-10T03:40,76.7300033569336,76.76000213623047,76.6500015258789,76.68000030517578,186880
2026-08-10T03:45,76.66999816894531,76.72000122070312,76.6500015258789,76.66000366210938,3498624
2026-08-10T03:50,76.6500015258789,76.66000366210938,76.55999755859375,76.55999755859375,3171328
2026-08-10T03:55,76.55999755859375,76.58999633789062,76.51000213623047,76.58000183105469,784512
2026-08-10T04:00,76.56999969482422,76.69000244140625,76.55999755859375,76.6500015258789,1584768
2026-08-10T04:05,76.6500015258789,76.6500015258789,76.58000183105469,76.5999984741211,3236352
2026-08-10T04:10,76.61000061035156,76.6500015258789,76.58000183105469,76.6500015258789,1037312
2026-08-10T04:15,76.63999938964844,76.68000030517578,76.61000061035156,76.62999725341797,137216
2026-08-10T04:20,76.62000274658203,76.6500015258789,76.55999755859375,76.55999755859375,0
2026-08-10T04:25,76.55000305175781,76.62999725341797,76.55000305175781,76.58000183105469,969088
2026-08-10T04:30,76.58000183105469,76.5999984741211,76.5199966430664,76.55999755859375,2444544
2026-08-10T04:35,76.54000091552734,76.58000183105469,76.51000213623047,76.51000213623047,33280
2026-08-10T04:40,76.51000213623047,76.51000213623047,76.37999725341797,76.48999786376953,1401600
2026-08-10T04:45,76.51000213623047,76.5999984741211,76.51000213623047,76.52999877929688,3876096
2026-08-10T04:50,76.54000091552734,76.56999969482422,76.4800033569336,76.48999786376953,916480
2026-08-10T04:55,76.48999786376953,76.48999786376953,76.43000030517578,76.48999786376953,3076480
2026-08-10T05:00,76.4800033569336,76.5999984741211,76.4800033569336,76.5999984741211,0
2026-08-10T05:05,76.5999984741211,76.6500015258789,76.58999633789062,76.62999725341797,2031744
2026-08-10T05:10,76.62999725341797,76.63999938964844,76.5,76.54000091552734,553216
2026-08-10T05:15,76.52999877929688,76.61000061035156,76.52999877929688,76.55000305175781,311808
2026-08-10T05:20,76.56999969482422,76.68000030517578,76.56999969482422,76.66999816894531,236032
2026-08-10T05:25,76.68000030517578,76.72000122070312,76.6500015258789,76.72000122070312,501760
2026-08-10T05:30,76.69000244140625,76.73999786376953,76.66999816894531,76.73999786376953,1037312
2026-08-10T05:35,76.7300033569336,76.77999877929688,76.7300033569336,76.7300033569336,1491840
2026-08-10T05:40,76.7300033569336,76.7699966430664,76.72000122070312,76.7699966430664,1154816
2026-08-10T05:45,76.75,76.79000091552734,76.7300033569336,76.77999877929688,603776
2026-08-10T05:50,76.77999877929688,76.87999725341797,76.76000213623047,76.87000274658203,536576
2026-08-10T05:55,76.88999938964844,76.9000015258789,76.77999877929688,76.80999755859375,1291008
2026-08-10T06:00,76.83000183105469,76.9000015258789,76.80000305175781,76.86000061035156,0
2026-08-10T06:05,76.86000061035156,77.0,76.8499984741211,76.87999725341797,929152
2026-08-10T06:10,76.87999725341797,76.88999938964844,76.8499984741211,76.87999725341797,960384
2026-08-10T06:15,76.87999725341797,76.94999694824219,76.7699966430664,76.94999694824219,811264
2026-08-10T06:20,76.93000030517578,76.95999908447266,76.81999969482422,76.87999725341797,1794304
2026-08-10T06:25,76.86000061035156,76.87000274658203,76.81999969482422,76.83000183105469,0
2026-08-10T06:30,76.8499984741211,76.9000015258789,76.83999633789062,76.87000274658203,0
2026-08-10T06:35,76.88999938964844,76.9000015258789,76.8499984741211,76.87000274658203,1354240
2026-08-10T06:40,76.86000061035156,76.94000244140625,76.8499984741211,76.93000030517578,0
2026-08-10T06:45,76.91999816894531,76.94999694824219,76.91999816894531,76.93000030517578,2286336
2026-08-10T06:50,76.93000030517578,76.97000122070312,76.88999938964844,76.9000015258789,0
2026-08-10T06:55,76.91000366210938,76.95999908447266,76.9000015258789,76.94000244140625,0
2026-08-10T07:00,76.94000244140625,76.94000244140625,76.87000274658203,76.87999725341797,0
2026-08-10T07:05,76.87999725341797,76.88999938964844,76.83000183105469,76.83999633789062,0
2026-08-10T07:10,76.8499984741211,76.8499984741211,76.79000091552734,76.79000091552734,0
2026-08-10T07:15,76.77999877929688,76.9000015258789,76.7699966430664,76.9000015258789,0
2026-08-10T07:20,76.9000015258789,76.95999908447266,76.87999725341797,76.94000244140625,0
2026-08-10T07:25,76.94000244140625,76.94999694824219,76.91000366210938,76.93000030517578,0
2026-08-10T07:30,76.93000030517578,77.04000091552734,76.93000030517578,77.01000213623047,0
2026-08-10T07:35,77.01000213623047,77.0199966430664,76.94000244140625,76.97000122070312,0
2026-08-10T07:40,76.97000122070312,77.0,76.94999694824219,76.98999786376953,137856
2026-08-10T07:45,76.97000122070312,77.0,76.93000030517578,76.93000030517578,0
2026-08-10T07:50,76.91000366210938,76.97000122070312,76.87999725341797,76.9000015258789,0
2026-08-10T07:55,76.88999938964844,76.93000030517578,76.86000061035156,76.91999816894531,583808
2026-08-10T08:00,76.93000030517578,77.05000305175781,76.93000030517578,77.02999877929688,0
2026-08-10T08:05,77.02999877929688,77.02999877929688,76.87999725341797,76.94999694824219,0
2026-08-10T08:10,76.94000244140625,76.94000244140625,76.9000015258789,76.91000366210938,0
2026-08-10T08:15,76.88999938964844,76.93000030517578,76.81999969482422,76.91999816894531,0
2026-08-10T08:20,76.93000030517578,77.02999877929688,76.88999938964844,77.0199966430664,2376576
2026-08-10T08:25,77.0199966430664,77.08000183105469,76.9000015258789,76.91999816894531,1472512
2026-08-10T08:30,76.91000366210938,76.93000030517578,76.83999633789062,76.83999633789062,4994688
2026-08-10T08:35,76.83999633789062,76.8499984741211,76.7699966430664,76.80999755859375,1784192
2026-08-10T08:40,76.77999877929688,76.79000091552734,76.62000274658203,76.77999877929688,829312
2026-08-10T08:45,76.75,76.79000091552734,76.7300033569336,76.7699966430664,2299392
2026-08-10T08:50,76.77999877929688,76.9000015258789,76.76000213623047,76.87000274658203,0
2026-08-10T08:55,76.88999938964844,76.93000030517578,76.87999725341797,76.88999938964844,1224576
2026-08-10T09:00,76.87999725341797,76.93000030517578,76.83999633789062,76.91999816894531,0
2026-08-10T09:05,76.93000030517578,76.95999908447266,76.9000015258789,76.94999694824219,0
2026-08-10T09:10,76.94000244140625,76.97000122070312,76.88999938964844,76.94999694824219,0
2026-08-10T09:15,76.94000244140625,76.94999694824219,76.91000366210938,76.93000030517578,0
2026-08-10T09:20,76.91999816894531,76.94999694824219,76.87999725341797,76.87999725341797,0
2026-08-10T09:25,76.87999725341797,76.87999725341797,76.77999877929688,76.77999877929688,82816
2026-08-10T09:30,76.76000213623047,76.76000213623047,76.63999938964844,76.70999908447266,989440
2026-08-10T09:35,76.69000244140625,76.70999908447266,76.62999725341797,76.66999816894531,0
2026-08-10T09:40,76.66999816894531,76.69999694824219,76.66000366210938,76.68000030517578,532992
2026-08-10T09:45,76.68000030517578,76.68000030517578,76.56999969482422,76.63999938964844,673280
2026-08-10T09:50,76.61000061035156,76.66000366210938,76.5199966430664,76.52999877929688,2755456
2026-08-10T09:55,76.5199966430664,76.5999984741211,76.5199966430664,76.5199966430664,10949760
2026-08-10T10:00,76.51000213623047,76.61000061035156,76.51000213623047,76.61000061035156,4092928
2026-08-10T10:05,76.5999984741211,76.62000274658203,76.5199966430664,76.5199966430664,4369280
2026-08-10T10:10,76.51000213623047,76.5199966430664,76.4800033569336,76.5,918400
2026-08-10T10:15,76.51000213623047,76.54000091552734,76.48999786376953,76.51000213623047,1859968
2026-08-10T10:20,76.48999786376953,76.62000274658203,76.48999786376953,76.62000274658203,336128
2026-08-10T10:25,76.61000061035156,76.63999938964844,76.55000305175781,76.55000305175781,1238912
2026-08-10T10:30,76.58000183105469,76.58999633789062,76.54000091552734,76.55000305175781,1438976
2026-08-10T10:35,76.55000305175781,76.62999725341797,76.54000091552734,76.62999725341797,767744
2026-08-10T10:40,76.68000030517578,76.80000305175781,76.6500015258789,76.7300033569336,1319552
2026-08-10T10:45,76.73999786376953,76.77999877929688,76.68000030517578,76.7699966430664,23578496
2026-08-10T10:50,76.76000213623047,76.79000091552734,76.73999786376953,76.7699966430664,8552192
2026-08-10T10:55,76.7699966430664,76.80000305175781,76.75,76.76000213623047,691584
2026-08-10T11:00,76.76000213623047,76.77999877929688,76.6500015258789,76.6500015258789,0
2026-08-10T11:05,76.66000366210938,76.68000030517578,76.62000274658203,76.66000366210938,985344
2026-08-10T11:10,76.68000030517578,76.69000244140625,76.61000061035156,76.66000366210938,495872
2026-08-10T11:15,76.66999816894531,76.7699966430664,76.66999816894531,76.76000213623047,569344
2026-08-10T11:20,76.76000213623047,76.83000183105469,76.72000122070312,76.7699966430664,941696
2026-08-10T11:25,76.7699966430664,76.81999969482422,76.75,76.81999969482422,2403200
2026-08-10T11:30,76.81999969482422,76.87000274658203,76.79000091552734,76.87000274658203,0
2026-08-10T11:35,76.87000274658203,76.87000274658203,76.80000305175781,76.80999755859375,390400
2026-08-10T11:40,76.80000305175781,76.83999633789062,76.7699966430664,76.7699966430664,0
2026-08-10T11:45,76.77999877929688,76.87999725341797,76.77999877929688,76.83999633789062,2046592
2026-08-10T11:50,76.86000061035156,76.91000366210938,76.83999633789062,76.9000015258789,2979072
2026-08-10T11:55,76.91000366210938,76.98999786376953,76.87000274658203,76.97000122070312,377600
2026-08-10T12:00,76.9800033569336,77.05999755859375,76.88999938964844,76.97000122070312,974976
2026-08-10T12:05,76.97000122070312,77.0199966430664,76.9000015258789,77.0199966430664,10852992
2026-08-10T12:10,77.04000091552734,77.05000305175781,76.93000030517578,76.93000030517578,2317696
2026-08-10T12:15,76.93000030517578,76.93000030517578,76.83999633789062,76.87999725341797,1107968
2026-08-10T12:20,76.88999938964844,76.93000030517578,76.87000274658203,76.9000015258789,0
2026-08-10T12:25,76.9000015258789,76.91999816894531,76.81999969482422,76.81999969482422,812160
2026-08-10T12:30,76.80000305175781,76.81999969482422,76.73999786376953,76.73999786376953,2390272
2026-08-10T12:35,76.73999786376953,76.77999877929688,76.6500015258789,76.66999816894531,1761536
2026-08-10T12:40,76.6500015258789,76.80999755859375,76.63999938964844,76.80000305175781,540032
2026-08-10T12:45,76.80000305175781,76.80000305175781,76.69000244140625,76.69999694824219,4013440
2026-08-10T12:50,76.69000244140625,76.70999908447266,76.62999725341797,76.69999694824219,637184
2026-08-10T12:55,76.66000366210938,76.68000030517578,76.55000305175781,76.58999633789062,1442304
2026-08-10T13:00,76.58000183105469,76.66000366210938,76.55000305175781,76.5999984741211,0
2026-08-10T13:05,76.61000061035156,76.69999694824219,76.5999984741211,76.69999694824219,2837120
2026-08-10T13:10,76.69000244140625,76.70999908447266,76.66000366210938,76.66000366210938,1547392
2026-08-10T13:15,76.66000366210938,76.68000030517578,76.62000274658203,76.66999816894531,0
2026-08-10T13:20,76.66999816894531,76.66999816894531,76.58999633789062,76.63999938964844,0
2026-08-10T13:25,76.5999984741211,76.63999938964844,76.52999877929688,76.62999725341797,0
2026-08-10T13:30,76.56999969482422,76.6500015258789,76.37000274658203,76.37000274658203,6532096
2026-08-10T13:35,76.36000061035156,76.58999633789062,76.30000305175781,76.30999755859375,6324992
2026-08-10T13:40,76.31999969482422,76.36000061035156,76.25,76.30000305175781,12454784
2026-08-10T13:45,76.27999877929688,76.37999725341797,76.11000061035156,76.13999938964844,12870528
2026-08-10T13:50,76.16000366210938,76.23999786376953,76.12000274658203,76.16999816894531,24266368
2026-08-10T13:55,76.18000030517578,76.29000091552734,76.0999984741211,76.25,4198528
2026-08-10T14:00,76.2300033569336,76.54000091552734,76.2300033569336,76.5199966430664,5810048
2026-08-10T14:05,76.51000213623047,76.5199966430664,76.41999816894531,76.5,12815616
2026-08-10T14:10,76.48999786376953,76.61000061035156,76.43000030517578,76.58999633789062,2164864
2026-08-10T14:15,76.58000183105469,76.61000061035156,76.4800033569336,76.54000091552734,5258240
2026-08-10T14:20,76.51000213623047,76.55000305175781,76.44999694824219,76.45999908447266,0
2026-08-10T14:25,76.45999908447266,76.62000274658203,76.43000030517578,76.58999633789062,1530624
2026-08-10T14:30,76.56999969482422,76.58000183105469,76.48999786376953,76.52999877929688,3910912
2026-08-10T14:35,76.55000305175781,76.62000274658203,76.41999816894531,76.44999694824219,920832
2026-08-10T14:40,76.44999694824219,76.62999725341797,76.44999694824219,76.54000091552734,0
2026-08-10T14:45,76.55000305175781,76.58000183105469,76.37000274658203,76.37999725341797,607872
2026-08-10T14:50,76.38999938964844,76.43000030517578,76.26000213623047,76.29000091552734,4857344
2026-08-10T14:55,76.26000213623047,76.2699966430664,76.19000244140625,76.19999694824219,1673344
2026-08-10T15:00,76.19999694824219,76.27999877929688,76.12000274658203,76.26000213623047,0
2026-08-10T15:05,76.26000213623047,76.36000061035156,76.25,76.36000061035156,4056960
2026-08-10T15:10,76.33999633789062,76.36000061035156,76.02999877929688,76.02999877929688,0
2026-08-10T15:15,76.0199966430664,76.20999908447266,75.91999816894531,75.93000030517578,6595712
2026-08-10T15:20,75.91000366210938,75.93000030517578,75.79000091552734,75.81999969482422,16334464
2026-08-10T15:25,75.83999633789062,75.95999908447266,75.76000213623047,75.94000244140625,8758272
2026-08-10T15:30,75.94000244140625,76.05000305175781,75.94000244140625,76.0,9834624
2026-08-10T15:35,75.97000122070312,75.97000122070312,75.80000305175781,75.83000183105469,5955840
2026-08-10T15:40,75.81999969482422,75.95999908447266,75.81999969482422,75.9000015258789,0
2026-08-10T15:45,75.87000274658203,75.93000030517578,75.80000305175781,75.80000305175781,0
2026-08-10T15:50,75.80999755859375,75.95999908447266,75.80000305175781,75.8499984741211,0
2026-08-10T15:55,75.87999725341797,75.94000244140625,75.87000274658203,75.91000366210938,1363712
2026-08-10T16:00,75.88999938964844,76.01000213623047,75.80999755859375,76.0,0
2026-08-10T16:05,76.0,76.04000091552734,75.91000366210938,75.94000244140625,0
2026-08-10T16:10,75.94000244140625,75.94999694824219,75.87999725341797,75.9000015258789,0
2026-08-10T16:15,75.88999938964844,75.94000244140625,75.69999694824219,75.70999908447266,0
2026-08-10T16:20,75.73999786376953,75.80999755859375,75.55999755859375,75.80999755859375,1311360
2026-08-10T16:25,75.80000305175781,75.80000305175781,75.68000030517578,75.68000030517578,13375232
2026-08-10T16:30,75.69000244140625,75.73999786376953,75.62999725341797,75.70999908447266,3098624
2026-08-10T16:35,75.69000244140625,75.87000274658203,75.69000244140625,75.86000061035156,10059008
2026-08-10T16:40,75.87999725341797,75.91999816894531,75.66000366210938,75.68000030517578,4967552
2026-08-10T16:45,75.66000366210938,75.69000244140625,75.58000183105469,75.62000274658203,2957824
2026-08-10T16:50,75.62999725341797,75.69000244140625,75.54000091552734,75.55000305175781,5559680
2026-08-10T16:55,75.52999877929688,75.63999938964844,75.52999877929688,75.62999725341797,5333632
2026-08-10T17:00,75.62999725341797,75.66999816894531,75.54000091552734,75.61000061035156,3092096
2026-08-10T17:05,75.55999755859375,75.81999969482422,75.55999755859375,75.80999755859375,7183104
2026-08-10T17:10,75.83000183105469,75.9800033569336,75.83000183105469,75.91999816894531,3059712
2026-08-10T17:15,75.91000366210938,75.94000244140625,75.86000061035156,75.87000274658203,6543104
2026-08-10T17:20,75.87000274658203,75.91999816894531,75.81999969482422,75.87999725341797,4561408
2026-08-10T17:25,75.88999938964844,75.94999694824219,75.8499984741211,75.86000061035156,2287232
2026-08-10T17:30,75.86000061035156,75.97000122070312,75.8499984741211,75.95999908447266,1632256
2026-08-10T17:35,75.97000122070312,76.0,75.94000244140625,75.98999786376953,2759424
2026-08-10T17:40,75.98999786376953,76.02999877929688,75.94000244140625,75.95999908447266,0
2026-08-10T17:45,75.94999694824219,75.94999694824219,75.8499984741211,75.87000274658203,3981696
2026-08-10T17:50,75.87000274658203,75.93000030517578,75.86000061035156,75.88999938964844,2131840
2026-08-10T17:55,75.88999938964844,75.93000030517578,75.8499984741211,75.9000015258789,1772928
2026-08-10T18:00,75.9000015258789,75.95999908447266,75.88999938964844,75.91000366210938,0
2026-08-10T18:05,75.91999816894531,75.9800033569336,75.88999938964844,75.94000244140625,1622144
2026-08-10T18:10,75.94000244140625,75.9800033569336,75.91999816894531,75.91999816894531,2542976
2026-08-10T18:15,75.91000366210938,75.95999908447266,75.87999725341797,75.88999938964844,0
2026-08-10T18:20,75.87999725341797,75.93000030517578,75.8499984741211,75.91000366210938,2229376
2026-08-10T18:25,75.93000030517578,75.94999694824219,75.87999725341797,75.9000015258789,1977728
2026-08-10T18:30,75.88999938964844,75.91999816894531,75.80000305175781,75.80999755859375,0
2026-08-10T18:35,75.80999755859375,75.80999755859375,75.62999725341797,75.69000244140625,2361216
2026-08-10T18:40,75.69000244140625,75.7699966430664,75.69000244140625,75.7699966430664,8551936
2026-08-10T18:45,75.73999786376953,75.7699966430664,75.63999938964844,75.7699966430664,4451584
2026-08-10T18:50,75.7699966430664,75.77999877929688,75.69999694824219,75.7300033569336,2592128
2026-08-10T18:55,75.7300033569336,75.79000091552734,75.7300033569336,75.7300033569336,470400
2026-08-10T19:00,75.73999786376953,75.80000305175781,75.73999786376953,75.79000091552734,0
2026-08-10T19:05,75.77999877929688,75.81999969482422,75.7699966430664,75.80000305175781,3039104
2026-08-10T19:10,75.80000305175781,75.87000274658203,75.77999877929688,75.87000274658203,543104
2026-08-10T19:15,75.87000274658203,75.91999816894531,75.87000274658203,75.88999938964844,1720960
2026-08-10T19:20,75.91000366210938,75.9800033569336,75.91000366210938,75.97000122070312,3148672
2026-08-10T19:25,75.97000122070312,76.05000305175781,75.97000122070312,76.02999877929688,2123136
2026-08-10T19:30,76.05000305175781,76.16000366210938,76.05000305175781,76.16000366210938,2358016
2026-08-10T19:35,76.16000366210938,76.16000366210938,76.05000305175781,76.11000061035156,2517248
2026-08-10T19:40,76.12000274658203,76.19999694824219,76.11000061035156,76.1500015258789,1562624
2026-08-10T19:45,76.1500015258789,76.16999816894531,76.0999984741211,76.12000274658203,2440448
2026-08-10T19:50,76.0999984741211,76.12000274658203,76.05000305175781,76.05999755859375,0
2026-08-10T19:55,76.05999755859375,76.12000274658203,76.0199966430664,76.11000061035156,509568
2026-08-10T20:00,76.12000274658203,76.19000244140625,76.08999633789062,76.16999816894531,1112448
2026-08-10T20:05,76.16999816894531,76.2699966430664,76.16999816894531,76.26000213623047,0
2026-08-10T20:10,76.25,76.25,76.18000030517578,76.18000030517578,1885312
2026-08-10T20:15,76.16999816894531,76.25,76.16999816894531,76.25,1315200
2026-08-10T20:20,76.25,76.25,76.18000030517578,76.19999694824219,1950848
2026-08-10T20:25,76.19000244140625,76.2699966430664,76.19000244140625,76.2699966430664,380288
2026-08-10T20:30,76.26000213623047,76.27999877929688,76.25,76.27999877929688,1261824
2026-08-10T20:35,76.27999877929688,76.33999633789062,76.2699966430664,76.2699966430664,1530112
2026-08-10T20:40,76.27999877929688,76.4000015258789,76.2699966430664,76.37000274658203,3022336
2026-08-10T20:45,76.37000274658203,76.37000274658203,76.30000305175781,76.31999969482422,4151680
2026-08-10T20:50,76.31999969482422,76.3499984741211,76.30999755859375,76.30999755859375,0
2026-08-10T20:55,76.30000305175781,76.38999938964844,76.29000091552734,76.36000061035156,599936
2026-08-10T21:00,76.3499984741211,76.3499984741211,76.30999755859375,76.3499984741211,0
2026-08-10T21:05,76.3499984741211,76.41999816894531,76.3499984741211,76.38999938964844,993792
2026-08-10T21:10,76.3499984741211,76.36000061035156,76.27999877929688,76.30000305175781,748288
2026-08-10T21:15,76.29000091552734,76.31999969482422,76.2699966430664,76.30000305175781,2679680
2026-08-10T21:20,76.29000091552734,76.30000305175781,76.23999786376953,76.27999877929688,1293568
2026-08-10T21:25,76.2699966430664,76.36000061035156,76.26000213623047,76.36000061035156,765056
2026-08-10T21:30,76.36000061035156,76.41999816894531,76.33999633789062,76.41000366210938,0
2026-08-10T21:35,76.4000015258789,76.41000366210938,76.37000274658203,76.37000274658203,982016
2026-08-10T21:40,76.37999725341797,76.38999938964844,76.33999633789062,76.33999633789062,2137728
2026-08-10T21:45,76.33999633789062,76.33999633789062,76.25,76.25,1264128
2026-08-10T21:50,76.25,76.26000213623047,76.2300033569336,76.2300033569336,0
2026-08-10T21:55,76.2300033569336,76.29000091552734,76.22000122070312,76.22000122070312,701440
2026-08-10T22:00,76.2300033569336,76.27999877929688,76.13999938964844,76.13999938964844,0
2026-08-10T22:05,76.12000274658203,76.19999694824219,76.08000183105469,76.19999694824219,2971904
2026-08-10T22:10,76.19999694824219,76.23999786376953,76.18000030517578,76.2300033569336,1687040
2026-08-10T22:15,76.23999786376953,76.30999755859375,76.23999786376953,76.30000305175781,0
2026-08-10T22:20,76.29000091552734,76.29000091552734,76.16000366210938,76.16000366210938,0
2026-08-10T22:25,76.16000366210938,76.16999816894531,76.12000274658203,76.13999938964844,295296
2026-08-10T22:30,76.13999938964844,76.16000366210938,76.01000213623047,76.01000213623047,843008
2026-08-10T22:35,75.98999786376953,76.08999633789062,75.9800033569336,76.06999969482422,0
2026-08-10T22:40,76.06999969482422,76.0999984741211,76.06999969482422,76.0999984741211,0
2026-08-10T22:45,76.0999984741211,76.1500015258789,76.0999984741211,76.12000274658203,0
2026-08-10T22:50,76.12999725341797,76.16000366210938,76.12000274658203,76.1500015258789,0
2026-08-10T22:55,76.1500015258789,76.16000366210938,76.13999938964844,76.13999938964844,0
2026-08-10T23:00,76.1500015258789,76.1500015258789,76.05000305175781,76.05000305175781,0
2026-08-10T23:05,76.05000305175781,76.13999938964844,76.02999877929688,76.0999984741211,0
2026-08-10T23:10,76.11000061035156,76.12999725341797,76.08999633789062,76.11000061035156,32640
2026-08-10T23:15,76.11000061035156,76.12999725341797,76.05999755859375,76.05999755859375,0
2026-08-10T23:20,76.05999755859375,76.06999969482422,75.97000122070312,76.04000091552734,0
2026-08-10T23:25,76.04000091552734,76.08000183105469,75.98999786376953,76.05000305175781,0
2026-08-10T23:30,76.05000305175781,76.05999755859375,75.9800033569336,76.01000213623047,0
2026-08-10T23:35,76.01000213623047,76.02999877929688,75.97000122070312,76.0,0
2026-08-10T23:40,76.01000213623047,76.06999969482422,76.01000213623047,76.06999969482422,0
2026-08-10T23:45,76.04000091552734,76.04000091552734,75.91999816894531,75.91999816894531,0
2026-08-10T23:50,75.9800033569336,75.98999786376953,75.91999816894531,75.93000030517578,0
2026-08-10T23:55,75.94000244140625,75.95999908447266,75.9000015258789,75.91999816894531,0
2026-08-11T00:00,75.91999816894531,75.93000030517578,75.83000183105469,75.87000274658203,0
2026-08-11T00:05,75.86000061035156,75.87000274658203,75.72000122070312,75.7699966430664,0
2026-08-11T00:10,75.7699966430664,75.9000015258789,75.7699966430664,75.9000015258789,0
2026-08-11T00:15,75.9000015258789,75.91000366210938,75.83999633789062,75.87999725341797,0
2026-08-11T00:20,75.87999725341797,75.94999694824219,75.8499984741211,75.94000244140625,0
2026-08-11T00:25,75.91000366210938,75.94999694824219,75.9000015258789,75.94999694824219,0
2026-08-11T00:30,75.97000122070312,75.97000122070312,75.87999725341797,75.87999725341797,656512
2026-08-11T00:35,75.88999938964844,75.88999938964844,75.80000305175781,75.80999755859375,14208
2026-08-11T00:40,75.80999755859375,75.83999633789062,75.77999877929688,75.83000183105469,0
2026-08-11T00:45,75.83999633789062,75.83999633789062,75.80000305175781,75.80999755859375,0
2026-08-11T00:50,75.81999969482422,75.87000274658203,75.80999755859375,75.83000183105469,0
2026-08-11T00:55,75.81999969482422,75.8499984741211,75.77999877929688,75.80999755859375,0
2026-08-11T01:00,75.79000091552734,75.80000305175781,75.6500015258789,75.7300033569336,0
2026-08-11T01:05,75.7300033569336,75.7300033569336,75.66999816894531,75.7300033569336,0
2026-08-11T01:10,75.73999786376953,75.91999816894531,75.73999786376953,75.87999725341797,316672
2026-08-11T01:15,75.87999725341797,75.87999725341797,75.73999786376953,75.75,240256
2026-08-11T01:20,75.7699966430664,75.9000015258789,75.7699966430664,75.88999938964844,0
2026-08-11T01:25,75.88999938964844,75.88999938964844,75.81999969482422,75.88999938964844,242816
2026-08-11T01:30,75.88999938964844,75.88999938964844,75.83000183105469,75.83000183105469,0
2026-08-11T01:35,75.83999633789062,75.87000274658203,75.81999969482422,75.83000183105469,0
2026-08-11T01:40,75.81999969482422,75.83000183105469,75.73999786376953,75.81999969482422,0
2026-08-11T01:45,75.80999755859375,75.95999908447266,75.80000305175781,75.94999694824219,896384
2026-08-11T01:50,75.95999908447266,76.0199966430664,75.95999908447266,75.97000122070312,0
2026-08-11T01:55,75.97000122070312,76.02999877929688,75.97000122070312,76.0199966430664,0
2026-08-11T02:00,76.0199966430664,76.05999755859375,76.0,76.05999755859375,0
2026-08-11T02:05,76.06999969482422,76.06999969482422,76.01000213623047,76.05999755859375,0
2026-08-11T02:10,76.06999969482422,76.06999969482422,76.0,76.01000213623047,0
2026-08-11T02:15,76.0199966430664,76.05999755859375,76.0,76.0,0
2026-08-11T02:20,75.98999786376953,75.98999786376953,75.94000244140625,75.95999908447266,0
2026-08-11T02:25,75.95999908447266,75.95999908447266,75.91000366210938,75.94000244140625,0
2026-08-11T02:30,75.91999816894531,75.9800033569336,75.91999816894531,75.94000244140625,0
2026-08-11T02:35,75.94999694824219,75.94999694824219,75.91999816894531,75.94999694824219,0
2026-08-11T02:40,75.94999694824219,76.05000305175781,75.94999694824219,76.05000305175781,0
2026-08-11T02:45,76.05000305175781,76.05000305175781,76.01000213623047,76.0199966430664,0
2026-08-11T02:50,76.0199966430664,76.0199966430664,75.95999908447266,75.9800033569336,0
2026-08-11T02:55,75.98999786376953,76.0,75.95999908447266,75.9800033569336,0
2026-08-11T03:00,75.9800033569336,76.12999725341797,75.97000122070312,76.12999725341797,0
2026-08-11T03:05,76.12000274658203,76.1500015258789,76.08000183105469,76.12000274658203,0
2026-08-11T03:10,76.12000274658203,76.12999725341797,76.05999755859375,76.06999969482422,1421184
2026-08-11T03:15,76.06999969482422,76.16000366210938,76.04000091552734,76.0999984741211,0
2026-08-11T03:20,76.0999984741211,76.16999816894531,76.0999984741211,76.12999725341797,0
2026-08-11T03:25,76.12000274658203,76.16999816894531,76.11000061035156,76.11000061035156,0
2026-08-11T03:30,76.0999984741211,76.0999984741211,76.05000305175781,76.05000305175781,0
2026-08-11T03:35,76.05000305175781,76.12000274658203,76.04000091552734,76.08999633789062,0
2026-08-11T03:40,76.08999633789062,76.11000061035156,76.05999755859375,76.05999755859375,0
2026-08-11T03:45,76.05000305175781,76.05999755859375,76.01000213623047,76.02999877929688,0
2026-08-11T03:50,76.02999877929688,76.05000305175781,76.0,76.04000091552734,0
2026-08-11T03:55,76.04000091552734,76.04000091552734,75.9800033569336,76.0,0
2026-08-11T04:00,76.0,76.06999969482422,75.98999786376953,76.04000091552734,0
2026-08-11T04:05,76.04000091552734,76.08999633789062,76.02999877929688,76.06999969482422,0
2026-08-11T04:10,76.08000183105469,76.12999725341797,76.06999969482422,76.0999984741211,681472
2026-08-11T04:15,76.0999984741211,76.11000061035156,76.06999969482422,76.08000183105469,265088
2026-08-11T04:20,76.08000183105469,76.12000274658203,76.05999755859375,76.06999969482422,0
2026-08-11T04:25,76.06999969482422,76.0999984741211,76.05000305175781,76.05999755859375,0
2026-08-11T04:30,76.06999969482422,76.11000061035156,76.04000091552734,76.08000183105469,0
2026-08-11T04:35,76.06999969482422,76.11000061035156,76.06999969482422,76.11000061035156,0
2026-08-11T04:40,76.0999984741211,76.12999725341797,76.08999633789062,76.12999725341797,0
2026-08-11T04:45,76.12000274658203,76.1500015258789,76.11000061035156,76.12999725341797,0
2026-08-11T04:50,76.12999725341797,76.13999938964844,76.02999877929688,76.05999755859375,0
2026-08-11T04:55,76.05999755859375,76.06999969482422,76.01000213623047,76.0199966430664,0
2026-08-11T05:00,76.01000213623047,76.0199966430664,75.94999694824219,75.95999908447266,0
2026-08-11T05:05,75.97000122070312,76.0,75.94999694824219,76.0,0
2026-08-11T05:10,76.0,76.01000213623047,75.97000122070312,75.9800033569336,0
2026-08-11T05:15,75.9800033569336,76.0199966430664,75.88999938964844,75.91000366210938,877952
2026-08-11T05:20,75.88999938964844,75.88999938964844,75.7300033569336,75.77999877929688,946688
2026-08-11T05:25,75.77999877929688,75.77999877929688,75.72000122070312,75.73999786376953,2287488
2026-08-11T05:30,75.73999786376953,75.8499984741211,75.7300033569336,75.8499984741211,762496
2026-08-11T05:35,75.8499984741211,75.88999938964844,75.8499984741211,75.87000274658203,5052288
2026-08-11T05:40,75.87000274658203,75.87999725341797,75.8499984741211,75.87999725341797,744064
2026-08-11T05:45,75.87999725341797,75.87999725341797,75.83000183105469,75.8499984741211,1078016
2026-08-11T05:50,75.86000061035156,75.86000061035156,75.7699966430664,75.77999877929688,2345472
2026-08-11T05:55,75.7699966430664,75.80000305175781,75.7300033569336,75.7300033569336,773760
2026-08-11T06:00,75.73999786376953,75.75,75.63999938964844,75.69999694824219,0
2026-08-11T06:05,75.69999694824219,75.94999694824219,75.66999816894531,75.94999694824219,4547072
2026-08-11T06:10,75.9800033569336,75.9800033569336,75.91000366210938,75.94999694824219,3211904
2026-08-11T06:15,75.95999908447266,75.95999908447266,75.91000366210938,75.91000366210938,1985024
2026-08-11T06:20,75.9000015258789,75.9000015258789,75.83000183105469,75.9000015258789,0
2026-08-11T06:25,75.9000015258789,75.9000015258789,75.86000061035156,75.9000015258789,114560
2026-08-11T06:30,75.91000366210938,75.91999816894531,75.83000183105469,75.8499984741211,1898496
2026-08-11T06:35,75.8499984741211,75.87000274658203,75.70999908447266,75.7699966430664,877824
2026-08-11T06:40,75.75,75.79000091552734,75.73999786376953,75.73999786376953,5607680
2026-08-11T06:45,75.73999786376953,75.73999786376953,75.69999694824219,75.70999908447266,422528
2026-08-11T06:50,75.70999908447266,75.72000122070312,75.58999633789062,75.61000061035156,0
2026-08-11T06:55,75.62000274658203,75.75,75.62000274658203,75.73999786376953,2431744
2026-08-11T07:00,75.75,75.80000305175781,75.75,75.7699966430664,992256
2026-08-11T07:05,75.77999877929688,75.80000305175781,75.69999694824219,75.70999908447266,1673856
2026-08-11T07:10,75.69999694824219,75.70999908447266,75.62999725341797,75.62999725341797,0
2026-08-11T07:15,75.61000061035156,75.61000061035156,75.4000015258789,75.44000244140625,1203712
2026-08-11T07:20,75.41999816894531,75.4800033569336,75.36000061035156,75.4000015258789,8750720
2026-08-11T07:25,75.4000015258789,75.44000244140625,75.37000274658203,75.37000274658203,6323200
2026-08-11T07:30,75.37000274658203,75.54000091552734,75.37000274658203,75.54000091552734,4469120
2026-08-11T07:35,75.55999755859375,75.6500015258789,75.55000305175781,75.63999938964844,1183232
2026-08-11T07:40,75.63999938964844,75.66000366210938,75.61000061035156,75.66000366210938,736512
2026-08-11T07:45,75.6500015258789,75.69000244140625,75.5999984741211,75.5999984741211,1659392
2026-08-11T07:50,75.61000061035156,75.62999725341797,75.56999969482422,75.56999969482422,1216640
2026-08-11T07:55,75.56999969482422,75.62000274658203,75.55999755859375,75.62000274658203,2242560
2026-08-11T08:00,75.62999725341797,75.69000244140625,75.62000274658203,75.6500015258789,0
2026-08-11T08:05,75.66000366210938,75.69999694824219,75.62000274658203,75.62000274658203,2194816
2026-08-11T08:10,75.62000274658203,75.63999938964844,75.56999969482422,75.56999969482422,406400
2026-08-11T08:15,75.55999755859375,75.58999633789062,75.55999755859375,75.56999969482422,0
2026-08-11T08:20,75.56999969482422,75.63999938964844,75.56999969482422,75.63999938964844,0
2026-08-11T08:25,75.6500015258789,75.68000030517578,75.62000274658203,75.66999816894531,649472
2026-08-11T08:30,75.66000366210938,75.70999908447266,75.66000366210938,75.66999816894531,0
2026-08-11T08:35,75.66999816894531,75.69999694824219,75.66999816894531,75.69999694824219,228352
2026-08-11T08:40,75.69999694824219,75.83000183105469,75.69999694824219,75.81999969482422,0
2026-08-11T08:45,75.81999969482422,75.83000183105469,75.80999755859375,75.81999969482422,0
2026-08-11T08:50,75.81999969482422,75.91000366210938,75.81999969482422,75.9000015258789,242304
2026-08-11T08:55,75.88999938964844,75.88999938964844,75.81999969482422,75.87000274658203,0
2026-08-11T09:00,75.87000274658203,75.87000274658203,75.80000305175781,75.83000183105469,0
2026-08-11T09:05,75.83000183105469,75.87000274658203,75.79000091552734,75.79000091552734,2571008
2026-08-11T09:10,75.80000305175781,75.81999969482422,75.69000244140625,75.69000244140625,1225088
2026-08-11T09:15,75.68000030517578,75.75,75.63999938964844,75.73999786376953,6222208
2026-08-11T09:20,75.7300033569336,75.75,75.66000366210938,75.75,6472448
2026-08-11T09:25,75.77999877929688,75.81999969482422,75.69999694824219,75.69999694824219,3909760
2026-08-11T09:30,75.69999694824219,75.73999786376953,75.6500015258789,75.6500015258789,166656
2026-08-11T09:35,75.6500015258789,75.6500015258789,75.5999984741211,75.62999725341797,283904
2026-08-11T09:40,75.62000274658203,75.7300033569336,75.62000274658203,75.72000122070312,0
2026-08-11T09:45,75.7300033569336,75.77999877929688,75.6500015258789,75.66999816894531,748160
2026-08-11T09:50,75.66999816894531,75.73999786376953,75.66999816894531,75.69000244140625,79488
2026-08-11T09:55,75.69000244140625,75.81999969482422,75.69000244140625,75.81999969482422,0
2026-08-11T10:00,75.80000305175781,75.88999938964844,75.77999877929688,75.83000183105469,0
2026-08-11T10:05,75.83999633789062,75.91000366210938,75.83000183105469,75.87000274658203,5120
2026-08-11T10:10,75.87000274658203,75.87000274658203,75.75,75.76000213623047,0
2026-08-11T10:15,75.73999786376953,75.80999755859375,75.69999694824219,75.80000305175781,0
2026-08-11T10:20,75.80000305175781,75.80000305175781,75.72000122070312,75.77999877929688,1715584
2026-08-11T10:25,75.7699966430664,75.91999816894531,75.7699966430664,75.91000366210938,2381312
2026-08-11T10:30,75.91000366210938,75.94000244140625,75.83999633789062,75.83999633789062,950272
2026-08-11T10:35,75.81999969482422,75.8499984741211,75.80999755859375,75.80999755859375,0
2026-08-11T10:40,75.80000305175781,75.80000305175781,75.76000213623047,75.7699966430664,0
2026-08-11T10:45,75.77999877929688,75.94999694824219,75.77999877929688,75.94999694824219,0
2026-08-11T10:50,75.94999694824219,76.0,75.88999938964844,75.9000015258789,0
2026-08-11T10:55,75.87000274658203,75.88999938964844,75.83999633789062,75.88999938964844,1261568
2026-08-11T11:00,75.88999938964844,76.27999877929688,75.88999938964844,76.23999786376953,690048
2026-08-11T11:05,76.23999786376953,76.26000213623047,76.08000183105469,76.0999984741211,7430400
2026-08-11T11:10,76.12000274658203,76.2300033569336,76.12000274658203,76.16999816894531,9815296
2026-08-11T11:15,76.16999816894531,76.16999816894531,76.0199966430664,76.05000305175781,3696896
2026-08-11T11:20,76.04000091552734,76.08999633789062,76.04000091552734,76.06999969482422,6948480
2026-08-11T11:25,76.06999969482422,76.0999984741211,76.06999969482422,76.08000183105469,0
2026-08-11T11:30,76.11000061035156,76.11000061035156,76.05000305175781,76.08000183105469,1028480
2026-08-11T11:35,76.0999984741211,76.12000274658203,76.06999969482422,76.08999633789062,2366848
2026-08-11T11:40,76.08999633789062,76.13999938964844,76.06999969482422,76.08999633789062,2098944
2026-08-11T11:45,76.08999633789062,76.12000274658203,76.05999755859375,76.11000061035156,1953664
2026-08-11T11:50,76.0999984741211,76.1500015258789,76.08999633789062,76.1500015258789,1220352
2026-08-11T11:55,76.13999938964844,76.18000030517578,76.12999725341797,76.13999938964844,585344
2026-08-11T12:00,76.16999816894531,76.18000030517578,76.08000183105469,76.08000183105469,0
2026-08-11T12:05,76.08999633789062,76.1500015258789,76.05999755859375,76.1500015258789,0
2026-08-11T12:10,76.13999938964844,76.1500015258789,76.04000091552734,76.06999969482422,0
2026-08-11T12:15,76.06999969482422,76.0999984741211,76.0199966430664,76.0199966430664,0
2026-08-11T12:20,76.02999877929688,76.04000091552734,75.87999725341797,75.87999725341797,0
2026-08-11T12:25,75.87999725341797,75.87999725341797,75.7699966430664,75.80999755859375,3676160
2026-08-11T12:30,75.81999969482422,75.83999633789062,75.7300033569336,75.83999633789062,1154176
2026-08-11T12:35,75.8499984741211,75.87999725341797,75.76000213623047,75.86000061035156,2432640
2026-08-11T12:40,75.86000061035156,75.87999725341797,75.80000305175781,75.81999969482422,262016
2026-08-11T12:45,75.83999633789062,75.83999633789062,75.75,75.76000213623047,0
2026-08-11T12:50,75.7699966430664,75.83999633789062,75.7699966430664,75.79000091552734,1767680
2026-08-11T12:55,75.80000305175781,75.81999969482422,75.79000091552734,75.80000305175781,5413248
2026-08-11T13:00,75.79000091552734,75.81999969482422,75.7300033569336,75.73999786376953,0
2026-08-11T13:05,75.75,75.97000122070312,75.73999786376953,75.95999908447266,2552576
2026-08-11T13:10,75.97000122070312,75.9800033569336,75.87999725341797,75.9000015258789,3783680
2026-08-11T13:15,75.9000015258789,75.91999816894531,75.79000091552734,75.80000305175781,2141056
2026-08-11T13:20,75.80000305175781,75.80999755859375,75.73999786376953,75.73999786376953,624384
2026-08-11T13:25,75.73999786376953,75.83000183105469,75.66999816894531,75.81999969482422,225792
2026-08-11T13:30,75.83000183105469,75.87000274658203,75.70999908447266,75.7699966430664,0
2026-08-11T13:35,75.75,75.87000274658203,75.68000030517578,75.80999755859375,0
2026-08-11T13:40,75.8499984741211,75.9800033569336,75.8499984741211,75.9000015258789,0
2026-08-11T13:45,75.9000015258789,76.02999877929688,75.83000183105469,76.02999877929688,0
2026-08-11T13:50,75.9800033569336,75.98999786376953,75.79000091552734,75.81999969482422,0
2026-08-11T13:55,75.81999969482422,75.9800033569336,75.80999755859375,75.94999694824219,0
2026-08-11T14:00,75.94000244140625,76.01000213623047,75.87999725341797,75.9800033569336,0
2026-08-11T14:05,75.9800033569336,76.02999877929688,75.86000061035156,75.94000244140625,0
2026-08-11T14:10,75.93000030517578,75.9800033569336,75.9000015258789,75.97000122070312,0
2026-08-11T14:15,75.98999786376953,76.08999633789062,75.94000244140625,75.94000244140625,0
2026-08-11T14:20,75.94000244140625,75.94999694824219,75.66000366210938,75.66000366210938,0
2026-08-11T14:25,75.5999984741211,75.69000244140625,75.5,75.55999755859375,898304
2026-08-11T14:30,75.55999755859375,75.55999755859375,75.47000122070312,75.51000213623047,8421504
2026-08-11T14:35,75.51000213623047,75.58000183105469,75.3499984741211,75.37000274658203,3035392
2026-08-11T14:40,75.36000061035156,75.44999694824219,75.33000183105469,75.41999816894531,5587456
2026-08-11T14:45,75.4000015258789,75.44000244140625,75.30000305175781,75.30000305175781,3907584
2026-08-11T14:50,75.25,75.25,75.08999633789062,75.16000366210938,4426112
2026-08-11T14:55,75.11000061035156,75.19999694824219,75.0199966430664,75.13999938964844,3854208
2026-08-11T15:00,75.0999984741211,75.23999786376953,75.0999984741211,75.18000030517578,0
2026-08-11T15:05,75.19000244140625,75.23999786376953,75.1500015258789,75.23999786376953,0
2026-08-11T15:10,75.2300033569336,75.23999786376953,75.05999755859375,75.08999633789062,889088
2026-08-11T15:15,75.05999755859375,75.16000366210938,75.05000305175781,75.1500015258789,0
2026-08-11T15:20,75.16999816894531,75.29000091552734,75.11000061035156,75.23999786376953,0
2026-08-11T15:25,75.26000213623047,75.3499984741211,75.26000213623047,75.30000305175781,0
2026-08-11T15:30,75.30000305175781,75.31999969482422,75.12000274658203,75.12000274658203,0
2026-08-11T15:35,75.11000061035156,75.12999725341797,74.68000030517578,74.80999755859375,0
2026-08-11T15:40,74.83999633789062,74.83999633789062,74.58999633789062,74.7699966430664,13374464
2026-08-11T15:45,74.75,74.87999725341797,74.66999816894531,74.72000122070312,6556160
2026-08-11T15:50,74.72000122070312,74.7699966430664,74.63999938964844,74.66999816894531,338944
2026-08-11T15:55,74.6500015258789,74.91000366210938,74.6500015258789,74.87000274658203,2871552
2026-08-11T16:00,74.83999633789062,74.91999816894531,74.73999786376953,74.87000274658203,0
2026-08-11T16:05,74.91000366210938,74.95999908447266,74.81999969482422,74.95999908447266,0
2026-08-11T16:10,74.97000122070312,74.97000122070312,74.81999969482422,74.94000244140625,0
2026-08-11T16:15,74.95999908447266,74.9800033569336,74.83999633789062,74.95999908447266,0
2026-08-11T16:20,74.9800033569336,75.01000213623047,74.94999694824219,74.9800033569336,0
2026-08-11T16:25,74.97000122070312,74.98999786376953,74.9000015258789,74.91000366210938,0
2026-08-11T16:30,74.91999816894531,74.94999694824219,74.80000305175781,74.83999633789062,0
2026-08-11T16:35,74.83999633789062,74.91999816894531,74.83999633789062,74.87000274658203,0
2026-08-11T16:40,74.86000061035156,74.91999816894531,74.8499984741211,74.8499984741211,0
2026-08-11T16:45,74.87000274658203,74.94000244140625,74.81999969482422,74.94000244140625,0
2026-08-11T16:50,74.93000030517578,74.94000244140625,74.83000183105469,74.83999633789062,0
2026-08-11T16:55,74.83999633789062,74.88999938964844,74.83999633789062,74.86000061035156,0
2026-08-11T17:00,74.87999725341797,74.95999908447266,74.87000274658203,74.87999725341797,0
2026-08-11T17:05,74.87000274658203,74.94000244140625,74.8499984741211,74.87000274658203,0
2026-08-11T17:10,74.86000061035156,74.98999786376953,74.8499984741211,74.91999816894531,0
2026-08-11T17:15,74.91000366210938,74.94999694824219,74.87999725341797,74.9000015258789,0
2026-08-11T17:20,74.91000366210938,74.98999786376953,74.91000366210938,74.98999786376953,0
2026-08-11T17:25,74.9800033569336,75.02999877929688,74.88999938964844,75.0,0
2026-08-11T17:30,75.0,75.04000091552734,74.94000244140625,74.9800033569336,0
2026-08-11T17:35,74.9800033569336,75.0,74.93000030517578,74.94000244140625,0
2026-08-11T17:40,74.93000030517578,75.02999877929688,74.91999816894531,74.98999786376953,0
2026-08-11T17:45,74.97000122070312,75.0,74.93000030517578,74.95999908447266,0
2026-08-11T17:50,74.94999694824219,75.05000305175781,74.94999694824219,75.05000305175781,649856
2026-08-11T17:55,75.05000305175781,75.13999938964844,75.05000305175781,75.08999633789062,1454464
2026-08-11T18:00,75.08999633789062,75.19999694824219,75.08000183105469,75.16000366210938,0
2026-08-11T18:05,75.16999816894531,75.19999694824219,75.12999725341797,75.18000030517578,112384
2026-08-11T18:10,75.18000030517578,75.18000030517578,75.12999725341797,75.16999816894531,1256192
2026-08-11T18:15,75.16000366210938,75.25,75.16000366210938,75.25,0
2026-08-11T18:20,75.25,75.2699966430664,75.22000122070312,75.23999786376953,0
2026-08-11T18:25,75.23999786376953,75.27999877929688,75.1500015258789,75.1500015258789,0
2026-08-11T18:30,75.16000366210938,75.19000244140625,75.05000305175781,75.18000030517578,211456
2026-08-11T18:35,75.20999908447266,75.25,75.16999816894531,75.18000030517578,7088256
2026-08-11T18:40,75.16999816894531,75.19000244140625,75.08999633789062,75.19000244140625,0
2026-08-11T18:45,75.19000244140625,75.25,75.19000244140625,75.20999908447266,0
2026-08-11T18:50,75.20999908447266,75.22000122070312,75.12999725341797,75.12999725341797,0
2026-08-11T18:55,75.13999938964844,75.19999694824219,75.0999984741211,75.19999694824219,0
2026-08-11T19:00,75.19000244140625,75.19999694824219,75.1500015258789,75.16999816894531,0
2026-08-11T19:05,75.16000366210938,75.16000366210938,75.0,75.0199966430664,314624
2026-08-11T19:10,75.0199966430664,75.05000305175781,75.0,75.01000213623047,1163392
2026-08-11T19:15,75.0199966430664,75.16999816894531,75.0199966430664,75.1500015258789,256256
2026-08-11T19:20,75.16000366210938,75.22000122070312,75.16000366210938,75.18000030517578,0
2026-08-11T19:25,75.19000244140625,75.23999786376953,75.18000030517578,75.20999908447266,850816
2026-08-11T19:30,75.2300033569336,75.33000183105469,75.22000122070312,75.25,0
2026-08-11T19:35,75.26000213623047,75.41000366210938,75.25,75.41000366210938,0
2026-08-11T19:40,75.44000244140625,75.44000244140625,75.36000061035156,75.44000244140625,455936
2026-08-11T19:45,75.5,75.55999755859375,75.45999908447266,75.5,239872
2026-08-11T19:50,75.48999786376953,75.62000274658203,75.47000122070312,75.58999633789062,4068480
2026-08-11T19:55,75.58999633789062,75.63999938964844,75.56999969482422,75.56999969482422,2208000
2026-08-11T20:00,75.62000274658203,75.79000091552734,75.58000183105469,75.7699966430664,0
2026-08-11T20:05,75.77999877929688,76.1500015258789,75.77999877929688,76.12999725341797,5677952
2026-08-11T20:10,76.12999725341797,76.19000244140625,76.05999755859375,76.05999755859375,14253568
2026-08-11T20:15,76.05000305175781,76.05000305175781,75.88999938964844,75.91000366210938,8887552
2026-08-11T20:20,75.91000366210938,75.94000244140625,75.83999633789062,75.83999633789062,7949696
2026-08-11T20:25,75.83999633789062,76.02999877929688,75.83999633789062,76.0199966430664,2932992
2026-08-11T20:30,76.02999877929688,76.11000061035156,75.9000015258789,75.91000366210938,4133376
2026-08-11T20:35,75.91999816894531,75.95999908447266,75.9000015258789,75.94000244140625,3568896
2026-08-11T20:40,75.94000244140625,75.97000122070312,75.87999725341797,75.9000015258789,642816
2026-08-11T20:45,75.87999725341797,75.94999694824219,75.87000274658203,75.87999725341797,0
2026-08-11T20:50,75.9000015258789,75.91000366210938,75.80999755859375,75.91000366210938,3341056
2026-08-11T20:55,75.91000366210938,76.0199966430664,75.9000015258789,75.9800033569336,2362496
2026-08-11T21:00,75.97000122070312,76.05000305175781,75.97000122070312,76.0199966430664,1743872
2026-08-11T21:05,76.01000213623047,76.08000183105469,76.0,76.08000183105469,4660352
2026-08-11T21:10,76.05999755859375,76.12000274658203,76.05000305175781,76.0999984741211,525696
2026-08-11T21:15,76.06999969482422,76.0999984741211,75.95999908447266,75.98999786376953,3039872
2026-08-11T21:20,76.0,76.05999755859375,75.97000122070312,76.05999755859375,5509120
2026-08-11T21:25,76.05999755859375,76.11000061035156,75.98999786376953,75.98999786376953,1234048
2026-08-11T21:30,76.01000213623047,76.05000305175781,75.98999786376953,75.98999786376953,1624064
2026-08-11T21:35,75.98999786376953,76.0199966430664,75.94999694824219,75.98999786376953,0
2026-08-11T21:40,76.0199966430664,76.12000274658203,76.01000213623047,76.0999984741211,1504512
2026-08-11T21:45,76.08999633789062,76.12999725341797,76.08000183105469,76.08999633789062,2592640
2026-08-11T21:50,76.08000183105469,76.13999938964844,76.08000183105469,76.12999725341797,872576
2026-08-11T21:55,76.12999725341797,76.38999938964844,76.11000061035156,76.38999938964844,352256
2026-08-11T22:00,76.41000366210938,76.5999984741211,76.41000366210938,76.52999877929688,3857536
2026-08-11T22:05,76.54000091552734,76.54000091552734,76.3499984741211,76.3499984741211,9058816
2026-08-11T22:10,76.3499984741211,76.37000274658203,76.33000183105469,76.3499984741211,5138816
2026-08-11T22:15,76.3499984741211,76.45999908447266,76.33000183105469,76.3499984741211,3500544
2026-08-11T22:20,76.36000061035156,76.38999938964844,76.30999755859375,76.36000061035156,2509568
2026-08-11T22:25,76.36000061035156,76.37999725341797,76.30999755859375,76.37999725341797,0
2026-08-11T22:30,76.37000274658203,76.41000366210938,76.30999755859375,76.37000274658203,54144
2026-08-11T22:35,76.36000061035156,76.37000274658203,76.27999877929688,76.30999755859375,0
2026-08-11T22:40,76.31999969482422,76.33000183105469,76.26000213623047,76.31999969482422,656000
2026-08-11T22:45,76.27999877929688,76.29000091552734,76.16999816894531,76.23999786376953,4763008
2026-08-11T22:50,76.23999786376953,76.31999969482422,76.22000122070312,76.29000091552734,3854592
2026-08-11T22:55,76.30000305175781,76.36000061035156,76.30000305175781,76.3499984741211,2239104
2026-08-11T23:00,76.3499984741211,76.3499984741211,76.16999816894531,76.19999694824219,0
2026-08-11T23:05,76.19000244140625,76.19999694824219,76.16000366210938,76.18000030517578,2193664
2026-08-11T23:10,76.16000366210938,76.19000244140625,76.1500015258789,76.18000030517578,128256
2026-08-11T23:15,76.18000030517578,76.20999908447266,76.13999938964844,76.16000366210938,276992
2026-08-11T23:20,76.16000366210938,76.23999786376953,76.1500015258789,76.2300033569336,0
2026-08-11T23:25,76.23999786376953,76.27999877929688,76.19999694824219,76.2300033569336,0
2026-08-11T23:30,76.2300033569336,76.23999786376953,76.1500015258789,76.22000122070312,284800
2026-08-11T23:35,76.2300033569336,76.25,76.16999816894531,76.16999816894531,0
2026-08-11T23:40,76.19000244140625,76.27999877929688,76.1500015258789,76.27999877929688,410496
2026-08-11T23:45,76.25,76.25,76.16999816894531,76.16999816894531,3892352
2026-08-11T23:50,76.16999816894531,76.22000122070312,76.16000366210938,76.18000030517578,2560
2026-08-11T23:55,76.16000366210938,76.25,76.1500015258789,76.2300033569336,1276800
2026-08-12T00:00,76.2300033569336,76.2300033569336,76.16000366210938,76.19999694824219,361344
2026-08-12T00:05,76.19999694824219,76.26000213623047,76.18000030517578,76.22000122070312,0
2026-08-12T00:10,76.22000122070312,76.23999786376953,76.20999908447266,76.23999786376953,5147392
2026-08-12T00:15,76.22000122070312,76.22000122070312,76.16999816894531,76.16999816894531,0
2026-08-12T00:20,76.18000030517578,76.26000213623047,76.18000030517578,76.25,0
2026-08-12T00:25,76.25,76.2699966430664,76.19999694824219,76.20999908447266,0
2026-08-12T00:30,76.20999908447266,76.26000213623047,76.19000244140625,76.25,474368
2026-08-12T00:35,76.26000213623047,76.26000213623047,76.22000122070312,76.22000122070312,189824
2026-08-12T00:40,76.2300033569336,76.23999786376953,76.19999694824219,76.19999694824219,0
2026-08-12T00:45,76.19999694824219,76.2300033569336,76.18000030517578,76.2300033569336,0
2026-08-12T00:50,76.23999786376953,76.27999877929688,76.2300033569336,76.27999877929688,380160
2026-08-12T00:55,76.29000091552734,76.30999755859375,76.25,76.30999755859375,156672
2026-08-12T01:00,76.30000305175781,76.3499984741211,76.2699966430664,76.29000091552734,0
2026-08-12T01:05,76.30000305175781,76.4000015258789,76.30000305175781,76.31999969482422,0
2026-08-12T01:10,76.33999633789062,76.44999694824219,76.33999633789062,76.44000244140625,0
2026-08-12T01:15,76.43000030517578,76.44999694824219,76.30000305175781,76.4000015258789,1059840
2026-08-12T01:20,76.4000015258789,76.4000015258789,76.30999755859375,76.36000061035156,1055488
2026-08-12T01:25,76.3499984741211,76.36000061035156,76.30000305175781,76.30999755859375,398080
2026-08-12T01:30,76.30000305175781,76.30999755859375,76.23999786376953,76.30000305175781,790016
2026-08-12T01:35,76.30000305175781,76.31999969482422,76.26000213623047,76.31999969482422,448000
2026-08-12T01:40,76.33000183105469,76.41999816894531,76.31999969482422,76.41000366210938,342400
2026-08-12T01:45,76.38999938964844,76.48999786376953,76.36000061035156,76.47000122070312,0
2026-08-12T01:50,76.47000122070312,76.5199966430664,76.38999938964844,76.38999938964844,1717632
2026-08-12T01:55,76.37999725341797,76.4000015258789,76.33000183105469,76.36000061035156,1430272
2026-08-12T02:00,76.37000274658203,76.44000244140625,76.37000274658203,76.37000274658203,865536
2026-08-12T02:05,76.37000274658203,76.5,76.37000274658203,76.48999786376953,0
2026-08-12T02:10,76.51000213623047,76.51000213623047,76.41000366210938,76.44000244140625,3257344
2026-08-12T02:15,76.44999694824219,76.5199966430664,76.44999694824219,76.44999694824219,1635712
2026-08-12T02:20,76.44000244140625,76.44000244140625,76.37000274658203,76.38999938964844,867456
2026-08-12T02:25,76.4000015258789,76.5,76.38999938964844,76.5,395520
2026-08-12T02:30,76.5,76.5,76.43000030517578,76.47000122070312,1315072
2026-08-12T02:35,76.45999908447266,76.4800033569336,76.4000015258789,76.4000015258789,1780352
2026-08-12T02:40,76.4000015258789,76.44999694824219,76.38999938964844,76.44000244140625,1650432
2026-08-12T02:45,76.44000244140625,76.5199966430664,76.44000244140625,76.5,863872
2026-08-12T02:50,76.4800033569336,76.54000091552734,76.4800033569336,76.48999786376953,1240064
2026-08-12T02:55,76.4800033569336,76.48999786376953,76.3499984741211,76.36000061035156,513664
2026-08-12T03:00,76.36000061035156,76.45999908447266,76.36000061035156,76.43000030517578,0
2026-08-12T03:05,76.44000244140625,76.44000244140625,76.37000274658203,76.37999725341797,328832
2026-08-12T03:10,76.37999725341797,76.37999725341797,76.27999877929688,76.30000305175781,0
2026-08-12T03:15,76.27999877929688,76.33000183105469,76.2699966430664,76.27999877929688,235520
2026-08-12T03:20,76.25,76.29000091552734,76.2300033569336,76.2699966430664,1262592
2026-08-12T03:25,76.26000213623047,76.30000305175781,76.19999694824219,76.2300033569336,213760
2026-08-12T03:30,76.22000122070312,76.30000305175781,76.19999694824219,76.27999877929688,231296
2026-08-12T03:35,76.29000091552734,76.41999816894531,76.29000091552734,76.37999725341797,849024
2026-08-12T03:40,76.37999725341797,76.4000015258789,76.36000061035156,76.37000274658203,636288
2026-08-12T03:45,76.3499984741211,76.37000274658203,76.33000183105469,76.33999633789062,0
2026-08-12T03:50,76.33999633789062,76.36000061035156,76.29000091552734,76.30999755859375,219520
2026-08-12T03:55,76.31999969482422,76.37000274658203,76.30999755859375,76.3499984741211,480768
2026-08-12T04:00,76.36000061035156,76.41999816894531,76.36000061035156,76.41999816894531,0
2026-08-12T04:05,76.4000015258789,76.41000366210938,76.33000183105469,76.3499984741211,0
2026-08-12T04:10,76.33999633789062,76.36000061035156,76.30000305175781,76.36000061035156,0
2026-08-12T04:15,76.36000061035156,76.43000030517578,76.3499984741211,76.43000030517578,139520
2026-08-12T04:20,76.38999938964844,76.5,76.38999938964844,76.44999694824219,2634368
2026-08-12T04:25,76.45999908447266,76.45999908447266,76.30000305175781,76.30000305175781,1209600
2026-08-12T04:30,76.29000091552734,76.29000091552734,76.20999908447266,76.20999908447266,372992
2026-08-12T04:35,76.20999908447266,76.29000091552734,76.20999908447266,76.27999877929688,145792
2026-08-12T04:40,76.2699966430664,76.29000091552734,76.25,76.26000213623047,930944
2026-08-12T04:45,76.26000213623047,76.33000183105469,76.26000213623047,76.33000183105469,0
2026-08-12T04:50,76.31999969482422,76.31999969482422,76.27999877929688,76.29000091552734,0
2026-08-12T04:55,76.29000091552734,76.29000091552734,76.22000122070312,76.22000122070312,581504
2026-08-12T05:00,76.22000122070312,76.2300033569336,76.16999816894531,76.16999816894531,0
2026-08-12T05:05,76.16999816894531,76.22000122070312,76.12000274658203,76.20999908447266,174208
2026-08-12T05:10,76.22000122070312,76.30999755859375,76.20999908447266,76.27999877929688,224640
2026-08-12T05:15,76.27999877929688,76.27999877929688,76.26000213623047,76.2699966430664,0
2026-08-12T05:20,76.2699966430664,76.27999877929688,76.2300033569336,76.2300033569336,0
2026-08-12T05:25,76.23999786376953,76.2699966430664,76.22000122070312,76.22000122070312,0
2026-08-12T05:30,76.22000122070312,76.29000091552734,76.19999694824219,76.27999877929688,0
2026-08-12T05:35,76.29000091552734,76.29000091552734,76.22000122070312,76.2300033569336,0
2026-08-12T05:40,76.2300033569336,76.23999786376953,76.20999908447266,76.23999786376953,0
2026-08-12T05:45,76.25,76.27999877929688,76.23999786376953,76.25,82944
2026-08-12T05:50,76.2300033569336,76.2699966430664,76.20999908447266,76.2300033569336,0
2026-08-12T05:55,76.2300033569336,76.29000091552734,76.2300033569336,76.26000213623047,0
2026-08-12T06:00,76.25,76.29000091552734,76.2300033569336,76.25,0
2026-08-12T06:05,76.2699966430664,76.29000091552734,76.20999908447266,76.20999908447266,0
2026-08-12T06:10,76.20999908447266,76.20999908447266,76.1500015258789,76.16000366210938,0
2026-08-12T06:15,76.16000366210938,76.23999786376953,76.12999725341797,76.16999816894531,0
2026-08-12T06:20,76.16999816894531,76.16999816894531,76.0999984741211,76.12999725341797,0
2026-08-12T06:25,76.0999984741211,76.12999725341797,76.0999984741211,76.11000061035156,0
2026-08-12T06:30,76.11000061035156,76.11000061035156,76.04000091552734,76.05999755859375,0
2026-08-12T06:35,76.05000305175781,76.06999969482422,76.0199966430664,76.05000305175781,51584
2026-08-12T06:40,76.05000305175781,76.05999755859375,76.01000213623047,76.0199966430664,0
2026-08-12T06:45,76.0199966430664,76.02999877929688,75.98999786376953,76.0,0
2026-08-12T06:50,75.98999786376953,76.01000213623047,75.94000244140625,75.94000244140625,0
2026-08-12T06:55,75.93000030517578,75.9800033569336,75.91000366210938,75.97000122070312,0
2026-08-12T07:00,75.9800033569336,76.05000305175781,75.95999908447266,76.05000305175781,0
2026-08-12T07:05,76.05999755859375,76.08999633789062,76.04000091552734,76.04000091552734,0
2026-08-12T07:10,76.02999877929688,76.04000091552734,76.0199966430664,76.02999877929688,1135232
2026-08-12T07:15,76.02999877929688,76.05999755859375,76.0,76.01000213623047,0
2026-08-12T07:20,76.01000213623047,76.01000213623047,75.98999786376953,76.0,0
2026-08-12T07:25,76.0,76.01000213623047,75.97000122070312,75.9800033569336,0
2026-08-12T07:30,75.97000122070312,76.02999877929688,75.95999908447266,76.0199966430664,0
2026-08-12T07:35,76.01000213623047,76.0199966430664,75.93000030517578,75.94999694824219,0
2026-08-12T07:40,75.94999694824219,75.94999694824219,75.91999816894531,75.93000030517578,0
2026-08-12T07:45,75.9000015258789,75.94999694824219,75.87999725341797,75.94999694824219,0
2026-08-12T07:50,75.94999694824219,76.06999969482422,75.94999694824219,76.05999755859375,0
2026-08-12T07:55,76.08999633789062,76.20999908447266,76.08999633789062,76.18000030517578,220672
2026-08-12T08:00,76.18000030517578,76.30000305175781,76.16000366210938,76.27999877929688,0
2026-08-12T08:05,76.2699966430664,76.37000274658203,76.2699966430664,76.29000091552734,2895616
2026-08-12T08:10,76.2699966430664,76.2699966430664,76.22000122070312,76.22000122070312,1430528
2026-08-12T08:15,76.22000122070312,76.36000061035156,76.22000122070312,76.31999969482422,0
2026-08-12T08:20,76.30999755859375,76.31999969482422,76.27999877929688,76.31999969482422,1700480
2026-08-12T08:25,76.31999969482422,76.38999938964844,76.29000091552734,76.33999633789062,0
2026-08-12T08:30,76.33000183105469,76.33000183105469,76.25,76.27999877929688,2358528
2026-08-12T08:35,76.2699966430664,76.31999969482422,76.23999786376953,76.30999755859375,0
2026-08-12T08:40,76.27999877929688,76.27999877929688,76.19999694824219,76.20999908447266,809856
2026-08-12T08:45,76.19999694824219,76.26000213623047,76.19000244140625,76.19000244140625,0
2026-08-12T08:50,76.18000030517578,76.18000030517578,76.12000274658203,76.1500015258789,508288
2026-08-12T08:55,76.13999938964844,76.13999938964844,76.08000183105469,76.11000061035156,0
2026-08-12T09:00,76.0999984741211,76.16000366210938,76.05999755859375,76.16000366210938,0
2026-08-12T09:05,76.16000366210938,76.2300033569336,76.1500015258789,76.2300033569336,0
2026-08-12T09:10,76.2300033569336,76.27999877929688,76.20999908447266,76.23999786376953,0
2026-08-12T09:15,76.2699966430664,76.41000366210938,76.26000213623047,76.41000366210938,0
2026-08-12T09:20,76.41999816894531,76.51000213623047,76.30000305175781,76.51000213623047,0
2026-08-12T09:25,76.52999877929688,76.69999694824219,76.52999877929688,76.69999694824219,1152640
2026-08-12T09:30,76.72000122070312,76.80999755859375,76.62999725341797,76.62999725341797,8922240
2026-08-12T09:35,76.62999725341797,76.7300033569336,76.62999725341797,76.69999694824219,9460864
2026-08-12T09:40,76.69000244140625,76.70999908447266,76.66000366210938,76.69000244140625,10823808
2026-08-12T09:45,76.69000244140625,76.72000122070312,76.6500015258789,76.6500015258789,1714816
2026-08-12T09:50,76.6500015258789,76.69999694824219,76.62999725341797,76.63999938964844,0
2026-08-12T09:55,76.63999938964844,76.69000244140625,76.62999725341797,76.69000244140625,180992
2026-08-12T10:00,76.69999694824219,76.76000213623047,76.62999725341797,76.68000030517578,0
2026-08-12T10:05,76.68000030517578,76.68000030517578,76.62000274658203,76.62000274658203,2804352
2026-08-12T10:10,76.61000061035156,76.76000213623047,76.61000061035156,76.75,1567872
2026-08-12T10:15,76.75,76.76000213623047,76.68000030517578,76.69999694824219,877952
2026-08-12T10:20,76.69999694824219,76.80999755859375,76.69999694824219,76.73999786376953,4407168
2026-08-12T10:25,76.75,76.76000213623047,76.68000030517578,76.68000030517578,4736
2026-08-12T10:30,76.66999816894531,76.75,76.66000366210938,76.69000244140625,503424
2026-08-12T10:35,76.68000030517578,76.73999786376953,76.68000030517578,76.72000122070312,808320
2026-08-12T10:40,76.72000122070312,76.76000213623047,76.69000244140625,76.69999694824219,319744
2026-08-12T10:45,76.69999694824219,76.73999786376953,76.66000366210938,76.69999694824219,197248
2026-08-12T10:50,76.69999694824219,76.75,76.69000244140625,76.73999786376953,915456
2026-08-12T10:55,76.7300033569336,76.73999786376953,76.69999694824219,76.70999908447266,1274496
2026-08-12T11:00,76.7300033569336,76.7699966430664,76.66999816894531,76.68000030517578,12032
2026-08-12T11:05,76.68000030517578,76.72000122070312,76.66000366210938,76.70999908447266,0
2026-08-12T11:10,76.70999908447266,76.75,76.66000366210938,76.66000366210938,0
2026-08-12T11:15,76.66000366210938,76.69999694824219,76.6500015258789,76.69999694824219,0
2026-08-12T11:20,76.70999908447266,76.77999877929688,76.69999694824219,76.7699966430664,0
2026-08-12T11:25,76.77999877929688,76.80000305175781,76.75,76.7699966430664,0
2026-08-12T11:30,76.7699966430664,76.77999877929688,76.69000244140625,76.69000244140625,535040
2026-08-12T11:35,76.69000244140625,76.69000244140625,76.63999938964844,76.69000244140625,1057280
2026-08-12T11:40,76.70999908447266,76.70999908447266,76.6500015258789,76.66999816894531,5632
2026-08-12T11:45,76.66000366210938,76.70999908447266,76.66000366210938,76.70999908447266,197120
2026-08-12T11:50,76.70999908447266,76.79000091552734,76.70999908447266,76.7699966430664,98688
2026-08-12T11:55,76.7699966430664,76.77999877929688,76.73999786376953,76.7699966430664,226944
2026-08-12T12:00,76.77999877929688,76.9800033569336,76.77999877929688,76.97000122070312,1739520
2026-08-12T12:05,76.94000244140625,76.9800033569336,76.88999938964844,76.91999816894531,10023936
2026-08-12T12:10,76.9000015258789,76.94999694824219,76.87000274658203,76.91999816894531,3183360
2026-08-12T12:15,76.91999816894531,77.02999877929688,76.91999816894531,76.97000122070312,2823296
2026-08-12T12:20,76.97000122070312,77.0199966430664,76.86000061035156,76.86000061035156,1656064
2026-08-12T12:25,76.8499984741211,77.12000274658203,76.83999633789062,77.12000274658203,0
2026-08-12T12:30,77.18000030517578,77.18000030517578,76.56999969482422,76.9000015258789,33308672
2026-08-12T12:35,76.88999938964844,76.94999694824219,76.56999969482422,76.62000274658203,28865408
2026-08-12T12:40,76.61000061035156,76.6500015258789,76.45999908447266,76.47000122070312,9064832
2026-08-12T12:45,76.47000122070312,76.48999786376953,76.30999755859375,76.41000366210938,10415616
2026-08-12T12:50,76.43000030517578,76.6500015258789,76.41999816894531,76.61000061035156,8707456
2026-08-12T12:55,76.61000061035156,76.61000061035156,76.55000305175781,76.58000183105469,3337728
2026-08-12T13:00,76.58999633789062,76.61000061035156,76.41000366210938,76.44000244140625,766464
2026-08-12T13:05,76.44999694824219,76.58000183105469,76.37999725341797,76.5199966430664,4687360
2026-08-12T13:10,76.54000091552734,76.55999755859375,76.33000183105469,76.41000366210938,160896
2026-08-12T13:15,76.43000030517578,76.48999786376953,76.4000015258789,76.45999908447266,3933184
2026-08-12T13:20,76.47000122070312,76.48999786376953,76.41999816894531,76.41999816894531,3100416
2026-08-12T13:25,76.4000015258789,76.4000015258789,76.33000183105469,76.4000015258789,0
2026-08-12T13:30,76.4000015258789,76.41999816894531,76.2300033569336,76.25,1128704
2026-08-12T13:35,76.26000213623047,76.30000305175781,76.13999938964844,76.20999908447266,6931840
2026-08-12T13:40,76.19999694824219,76.27999877929688,76.04000091552734,76.22000122070312,2612096
2026-08-12T13:45,76.23999786376953,76.4000015258789,76.22000122070312,76.2300033569336,4542720
2026-08-12T13:50,76.2300033569336,76.25,76.12999725341797,76.19999694824219,0
2026-08-12T13:55,76.18000030517578,76.30000305175781,76.12999725341797,76.16999816894531,3032960
2026-08-12T14:00,76.12999725341797,76.16999816894531,75.73999786376953,75.7699966430664,2315776
2026-08-12T14:05,75.81999969482422,75.81999969482422,75.81999969482422,75.81999969482422,0
