date,open,high,low,close,volume
2026-08-01T00:00,0.06955000013113022,0.06972000002861023,0.06955000013113022,0.06966999918222427,0
2026-08-01T00:05,0.06966999918222427,0.06966999918222427,0.0695900022983551,0.0695900022983551,177088
2026-08-01T00:10,0.0695900022983551,0.06962999701499939,0.06958000361919403,0.06960000097751617,0
2026-08-01T00:15,0.0695900022983551,0.06961999833583832,0.06955999881029129,0.06960999965667725,0
2026-08-01T00:20,0.06960999965667725,0.06960999965667725,0.06954000145196915,0.06954000145196915,0
2026-08-01T00:25,0.06954000145196915,0.06964000314474106,0.06954000145196915,0.06960000097751617,0
2026-08-01T00:30,0.0695900022983551,0.0696600005030632,0.06954000145196915,0.0696600005030632,609152
2026-08-01T00:35,0.06966999918222427,0.06988000124692917,0.06966999918222427,0.06977999955415726,123520
2026-08-01T00:40,0.0697999969124794,0.06984999775886536,0.06978999823331833,0.06984999775886536,2033344
2026-08-01T00:45,0.06984999775886536,0.0698700025677681,0.06981000304222107,0.06983000040054321,813440
2026-08-01T00:50,0.06983999907970428,0.06988000124692917,0.06982000172138214,0.06985999643802643,313728
2026-08-01T00:55,0.06983999907970428,0.0698700025677681,0.06976000219583511,0.06985999643802643,0
2026-08-01T01:00,0.06985999643802643,0.07000000029802322,0.06985999643802643,0.07000000029802322,0
2026-08-01T01:05,0.07000000029802322,0.0700099989771843,0.06992000341415405,0.06999000161886215,109760
2026-08-01T01:10,0.06994999945163727,0.07005000114440918,0.0699400007724762,0.07005000114440918,0
2026-08-01T01:15,0.07005999982357025,0.07005999982357025,0.06994999945163727,0.06994999945163727,0
2026-08-01T01:20,0.06994999945163727,0.07005999982357025,0.06994999945163727,0.0700099989771843,0
2026-08-01T01:25,0.0700099989771843,0.07005999982357025,0.06995999813079834,0.07005999982357025,1364288
2026-08-01T01:30,0.0700799971818924,0.07011000066995621,0.07005000114440918,0.07005000114440918,230656
2026-08-01T01:35,0.07005000114440918,0.0700799971818924,0.07002999633550644,0.0700799971818924,0
2026-08-01T01:40,0.07006999850273132,0.0700799971818924,0.07001999765634537,0.07004000246524811,0
2026-08-01T01:45,0.07005999982357025,0.07006999850273132,0.07002999633550644,0.07002999633550644,0
2026-08-01T01:50,0.07002999633550644,0.07004000246524811,0.06998000293970108,0.07004000246524811,0
2026-08-01T01:55,0.07004000246524811,0.0700799971818924,0.07004000246524811,0.07005000114440918,0
2026-08-01T02:00,0.07006999850273132,0.07011000066995621,0.07005999982357025,0.07006999850273132,0
2026-08-01T02:05,0.07006999850273132,0.07009000331163406,0.07001999765634537,0.07001999765634537,0
2026-08-01T02:10,0.07001999765634537,0.07011000066995621,0.07001999765634537,0.07009000331163406,0
2026-08-01T02:15,0.07009000331163406,0.07015000283718109,0.0700799971818924,0.07015000283718109,0
2026-08-01T02:20,0.07015000283718109,0.07018999755382538,0.07013999670743942,0.07015000283718109,0
2026-08-01T02:25,0.07013999670743942,0.0701799988746643,0.07013999670743942,0.07015000283718109,0
2026-08-01T02:30,0.07015000283718109,0.0701799988746643,0.07009000331163406,0.07009000331163406,0
2026-08-01T02:35,0.0700799971818924,0.0700799971818924,0.06998000293970108,0.06999000161886215,0
2026-08-01T02:40,0.06995999813079834,0.06998000293970108,0.06994999945163727,0.06994999945163727,0
2026-08-01T02:45,0.0699400007724762,0.0700799971818924,0.0699400007724762,0.07002999633550644,0
2026-08-01T02:50,0.07002999633550644,0.07005000114440918,0.07000000029802322,0.07001999765634537,0
2026-08-01T02:55,0.07001999765634537,0.0700799971818924,0.07001999765634537,0.0700799971818924,0
2026-08-01T03:00,0.07009000331163406,0.07011000066995621,0.0700799971818924,0.07009000331163406,0
2026-08-01T03:05,0.07011000066995621,0.07011999934911728,0.07006999850273132,0.07006999850273132,0
2026-08-01T03:10,0.07005999982357025,0.07006999850273132,0.07000000029802322,0.07004000246524811,0
2026-08-01T03:15,0.07002999633550644,0.07004000246524811,0.07001999765634537,0.07004000246524811,0
2026-08-01T03:20,0.07004000246524811,0.07009000331163406,0.06999000161886215,0.0700799971818924,0
2026-08-01T03:25,0.0700799971818924,0.0700799971818924,0.07004000246524811,0.07004000246524811,0
2026-08-01T03:30,0.0700099989771843,0.07006999850273132,0.07000000029802322,0.07000000029802322,0
2026-08-01T03:35,0.07002999633550644,0.07006999850273132,0.0700099989771843,0.07002999633550644,0
2026-08-01T03:40,0.07002999633550644,0.07004000246524811,0.06998000293970108,0.06998000293970108,0
2026-08-01T03:45,0.06998000293970108,0.0700799971818924,0.06998000293970108,0.07005000114440918,0
2026-08-01T03:50,0.07005000114440918,0.07011000066995621,0.07004000246524811,0.07005999982357025,0
2026-08-01T03:55,0.07006999850273132,0.07006999850273132,0.07004000246524811,0.07005000114440918,188512
2026-08-01T04:00,0.07005000114440918,0.07010000199079514,0.07004000246524811,0.07004000246524811,0
2026-08-01T04:05,0.07005000114440918,0.07009000331163406,0.07004000246524811,0.07009000331163406,0
2026-08-01T04:10,0.07009000331163406,0.07009000331163406,0.07005000114440918,0.07005999982357025,0
2026-08-01T04:15,0.07005999982357025,0.07006999850273132,0.07004000246524811,0.07005000114440918,0
2026-08-01T04:20,0.07002999633550644,0.07017000019550323,0.07002999633550644,0.07011000066995621,0
2026-08-01T04:25,0.07011000066995621,0.07017000019550323,0.07011000066995621,0.07016000151634216,0
2026-08-01T04:30,0.07016000151634216,0.07018999755382538,0.07015000283718109,0.07015000283718109,0
2026-08-01T04:35,0.07011999934911728,0.07013999670743942,0.0700799971818924,0.07010000199079514,214848
2026-08-01T04:40,0.07010000199079514,0.0701799988746643,0.07010000199079514,0.07017000019550323,0
2026-08-01T04:45,0.0701799988746643,0.07018999755382538,0.07012999802827835,0.07012999802827835,0
2026-08-01T04:50,0.07012999802827835,0.07012999802827835,0.07009000331163406,0.07010000199079514,0
2026-08-01T04:55,0.07009000331163406,0.07011000066995621,0.07005999982357025,0.07010000199079514,144736
2026-08-01T05:00,0.0700799971818924,0.07011999934911728,0.0700799971818924,0.07011999934911728,0
2026-08-01T05:05,0.07011999934911728,0.07015000283718109,0.07011999934911728,0.07011999934911728,0
2026-08-01T05:10,0.07011999934911728,0.07012999802827835,0.07006999850273132,0.07010000199079514,0
2026-08-01T05:15,0.07009000331163406,0.07010000199079514,0.06999000161886215,0.07001999765634537,0
2026-08-01T05:20,0.07002999633550644,0.07005000114440918,0.07001999765634537,0.07002999633550644,109760
2026-08-01T05:25,0.07002999633550644,0.07005999982357025,0.06999000161886215,0.06999000161886215,151424
2026-08-01T05:30,0.07002999633550644,0.0700799971818924,0.07002999633550644,0.0700799971818924,34368
2026-08-01T05:35,0.07005000114440918,0.07012999802827835,0.07000000029802322,0.07000000029802322,0
2026-08-01T05:40,0.0700099989771843,0.07002999633550644,0.06996999680995941,0.06996999680995941,54112
2026-08-01T05:45,0.06998000293970108,0.07000000029802322,0.06994999945163727,0.06996999680995941,0
2026-08-01T05:50,0.06996999680995941,0.07004000246524811,0.06996999680995941,0.07001999765634537,198400
2026-08-01T05:55,0.07001999765634537,0.07006999850273132,0.07001999765634537,0.07006999850273132,62624
2026-08-01T06:00,0.07006999850273132,0.07010000199079514,0.07001999765634537,0.07001999765634537,0
2026-08-01T06:05,0.06999000161886215,0.07005999982357025,0.06999000161886215,0.07004000246524811,0
2026-08-01T06:10,0.07004000246524811,0.07011000066995621,0.07000000029802322,0.07000000029802322,476544
2026-08-01T06:15,0.07000000029802322,0.0700099989771843,0.06992000341415405,0.06996999680995941,539616
2026-08-01T06:20,0.06994999945163727,0.07005000114440918,0.06994999945163727,0.06998000293970108,201472
2026-08-01T06:25,0.06994999945163727,0.07004000246524811,0.06994999945163727,0.06994999945163727,556640
2026-08-01T06:30,0.06995999813079834,0.0700099989771843,0.06992000341415405,0.0699400007724762,0
2026-08-01T06:35,0.06994999945163727,0.06994999945163727,0.06992000341415405,0.06993000209331512,0
2026-08-01T06:40,0.0699400007724762,0.06996999680995941,0.06992000341415405,0.06994999945163727,0
2026-08-01T06:45,0.06994999945163727,0.06998000293970108,0.0699400007724762,0.06998000293970108,0
2026-08-01T06:50,0.06995999813079834,0.0700099989771843,0.06995999813079834,0.06999000161886215,0
2026-08-01T06:55,0.06999000161886215,0.06999000161886215,0.06995999813079834,0.06998000293970108,0
2026-08-01T07:00,0.06999000161886215,0.07005000114440918,0.06998000293970108,0.07005000114440918,0
2026-08-01T07:05,0.07005000114440918,0.07012999802827835,0.07002999633550644,0.07012999802827835,0
2026-08-01T07:10,0.07015000283718109,0.07020000368356705,0.07004000246524811,0.07004000246524811,917792
2026-08-01T07:15,0.07004000246524811,0.07004000246524811,0.06992000341415405,0.06996999680995941,0
2026-08-01T07:20,0.06996999680995941,0.06999000161886215,0.06994999945163727,0.06995999813079834,0
2026-08-01T07:25,0.06995999813079834,0.06995999813079834,0.06990999728441238,0.06990999728441238,0
2026-08-01T07:30,0.06990999728441238,0.06990999728441238,0.06973999738693237,0.06981000304222107,663360
2026-08-01T07:35,0.06981000304222107,0.06984999775886536,0.06978999823331833,0.0697999969124794,1796800
2026-08-01T07:40,0.0697999969124794,0.06981000304222107,0.06976000219583511,0.06977999955415726,0
2026-08-01T07:45,0.06977999955415726,0.06981000304222107,0.06977999955415726,0.06981000304222107,0
2026-08-01T07:50,0.06982000172138214,0.06982000172138214,0.06976000219583511,0.06981000304222107,0
2026-08-01T07:55,0.06981000304222107,0.06983000040054321,0.0697999969124794,0.06981000304222107,0
2026-08-01T08:00,0.06981000304222107,0.06983000040054321,0.0697999969124794,0.0697999969124794,0
2026-08-01T08:05,0.0697999969124794,0.06981000304222107,0.06977999955415726,0.06978999823331833,0
2026-08-01T08:10,0.06978999823331833,0.0697999969124794,0.06977000087499619,0.0697999969124794,0
2026-08-01T08:15,0.0697999969124794,0.0697999969124794,0.06976000219583511,0.06976000219583511,0
2026-08-01T08:20,0.06976000219583511,0.06977000087499619,0.06973999738693237,0.06977000087499619,0
2026-08-01T08:25,0.06977000087499619,0.0697999969124794,0.06973999738693237,0.06977000087499619,0
2026-08-01T08:30,0.06977000087499619,0.06983999907970428,0.06977000087499619,0.06983000040054321,0
2026-08-01T08:35,0.06983000040054321,0.06983000040054321,0.06977999955415726,0.0697999969124794,0
2026-08-01T08:40,0.0697999969124794,0.06983000040054321,0.06977000087499619,0.06977999955415726,0
2026-08-01T08:45,0.06977999955415726,0.0697999969124794,0.06976000219583511,0.06976000219583511,0
2026-08-01T08:50,0.06977999955415726,0.06984999775886536,0.06977000087499619,0.06984999775886536,0
2026-08-01T08:55,0.06984999775886536,0.06988999992609024,0.06984999775886536,0.0698700025677681,0
2026-08-01T09:00,0.0698700025677681,0.06988000124692917,0.0697999969124794,0.06981000304222107,0
2026-08-01T09:05,0.06981000304222107,0.06981000304222107,0.06976000219583511,0.06978999823331833,0
2026-08-01T09:10,0.06978999823331833,0.06981000304222107,0.06977999955415726,0.0697999969124794,0
2026-08-01T09:15,0.0697999969124794,0.06982000172138214,0.06976000219583511,0.06976000219583511,0
2026-08-01T09:20,0.06977000087499619,0.06977999955415726,0.06973999738693237,0.06973999738693237,0
2026-08-01T09:25,0.06973999738693237,0.06977000087499619,0.06972000002861023,0.06973999738693237,0
2026-08-01T09:30,0.06973999738693237,0.06981000304222107,0.06971000134944916,0.06981000304222107,0
2026-08-01T09:35,0.06981000304222107,0.06983000040054321,0.06977999955415726,0.06983000040054321,0
2026-08-01T09:40,0.06983000040054321,0.06985999643802643,0.06981000304222107,0.06981000304222107,0
2026-08-01T09:45,0.06981000304222107,0.06981000304222107,0.06975000351667404,0.06975000351667404,0
2026-08-01T09:50,0.06975000351667404,0.06977000087499619,0.06975000351667404,0.06976000219583511,0
2026-08-01T09:55,0.06976000219583511,0.06976000219583511,0.06972000002861023,0.0697299987077713,0
2026-08-01T10:00,0.06975000351667404,0.06976000219583511,0.06955000013113022,0.06958000361919403,0
2026-08-01T10:05,0.06960000097751617,0.06962999701499939,0.0695900022983551,0.06962999701499939,0
2026-08-01T10:10,0.06962999701499939,0.0696600005030632,0.06961999833583832,0.06962999701499939,0
2026-08-01T10:15,0.06961999833583832,0.06972000002861023,0.06961999833583832,0.06972000002861023,0
2026-08-01T10:20,0.06972000002861023,0.06973999738693237,0.06965000182390213,0.06965000182390213,170016
2026-08-01T10:25,0.06965000182390213,0.06966999918222427,0.06960999965667725,0.06966999918222427,0
2026-08-01T10:30,0.06966999918222427,0.06966999918222427,0.06960000097751617,0.0696600005030632,0
2026-08-01T10:35,0.0696600005030632,0.06966999918222427,0.06960000097751617,0.06960000097751617,0
2026-08-01T10:40,0.06965000182390213,0.06971000134944916,0.06962999701499939,0.06966999918222427,0
2026-08-01T10:45,0.06966999918222427,0.06967999786138535,0.06964000314474106,0.06967999786138535,0
2026-08-01T10:50,0.06967999786138535,0.06975000351667404,0.06965000182390213,0.06975000351667404,0
2026-08-01T10:55,0.06975000351667404,0.06976000219583511,0.06973999738693237,0.06975000351667404,429984
2026-08-01T11:00,0.06976000219583511,0.06978999823331833,0.0697299987077713,0.06978999823331833,0
2026-08-01T11:05,0.06978999823331833,0.06982000172138214,0.06978999823331833,0.06982000172138214,0
2026-08-01T11:10,0.0697999969124794,0.06984999775886536,0.0697999969124794,0.06984999775886536,0
2026-08-01T11:15,0.06983000040054321,0.06983999907970428,0.06973999738693237,0.06976000219583511,0
2026-08-01T11:20,0.06977000087499619,0.06982000172138214,0.06976000219583511,0.06977000087499619,0
2026-08-01T11:25,0.06977000087499619,0.06977000087499619,0.06973999738693237,0.06973999738693237,0
2026-08-01T11:30,0.06973999738693237,0.06977999955415726,0.06972000002861023,0.06977999955415726,344320
2026-08-01T11:35,0.06977999955415726,0.06978999823331833,0.0697299987077713,0.06977000087499619,793312
2026-08-01T11:40,0.06977999955415726,0.06982000172138214,0.06977000087499619,0.06977000087499619,0
2026-08-01T11:45,0.06977000087499619,0.06977999955415726,0.06975000351667404,0.06977999955415726,170464
2026-08-01T11:50,0.06977999955415726,0.06981000304222107,0.06977999955415726,0.0697999969124794,0
2026-08-01T11:55,0.0697999969124794,0.0697999969124794,0.06976000219583511,0.0697999969124794,0
2026-08-01T12:00,0.0697999969124794,0.06983000040054321,0.06978999823331833,0.06983000040054321,0
2026-08-01T12:05,0.06983999907970428,0.06985999643802643,0.06978999823331833,0.0697999969124794,0
2026-08-01T12:10,0.0697999969124794,0.06984999775886536,0.06977999955415726,0.06981000304222107,0
2026-08-01T12:15,0.06981000304222107,0.06983000040054321,0.0697999969124794,0.06983000040054321,0
2026-08-01T12:20,0.0697999969124794,0.06982000172138214,0.06977999955415726,0.06981000304222107,0
2026-08-01T12:25,0.06981000304222107,0.06981000304222107,0.06972000002861023,0.06973999738693237,0
2026-08-01T12:30,0.06973999738693237,0.06973999738693237,0.06970000267028809,0.06973999738693237,41152
2026-08-01T12:35,0.06973999738693237,0.06973999738693237,0.06971000134944916,0.06971000134944916,0
2026-08-01T12:40,0.06972000002861023,0.06975000351667404,0.06972000002861023,0.06975000351667404,0
2026-08-01T12:45,0.06975000351667404,0.06990999728441238,0.06975000351667404,0.06990999728441238,0
2026-08-01T12:50,0.06990999728441238,0.06993000209331512,0.06989999860525131,0.06989999860525131,61280
2026-08-01T12:55,0.06988999992609024,0.06989999860525131,0.06984999775886536,0.06985999643802643,0
2026-08-01T13:00,0.06988999992609024,0.06994999945163727,0.0698700025677681,0.0699400007724762,0
2026-08-01T13:05,0.06994999945163727,0.07000000029802322,0.06994999945163727,0.07000000029802322,0
2026-08-01T13:10,0.07000000029802322,0.07006999850273132,0.07000000029802322,0.07005000114440918,0
2026-08-01T13:15,0.07001999765634537,0.07001999765634537,0.06993000209331512,0.06993000209331512,0
2026-08-01T13:20,0.06993000209331512,0.06998000293970108,0.06992000341415405,0.06998000293970108,0
2026-08-01T13:25,0.06998000293970108,0.06998000293970108,0.06992000341415405,0.06992000341415405,0
2026-08-01T13:30,0.06993000209331512,0.06998000293970108,0.06990999728441238,0.06998000293970108,0
2026-08-01T13:35,0.06998000293970108,0.06998000293970108,0.0699400007724762,0.06994999945163727,0
2026-08-01T13:40,0.06994999945163727,0.06994999945163727,0.06989999860525131,0.0699400007724762,0
2026-08-01T13:45,0.0699400007724762,0.06995999813079834,0.06988999992609024,0.06994999945163727,0
2026-08-01T13:50,0.06994999945163727,0.07006999850273132,0.06994999945163727,0.07006999850273132,0
2026-08-01T13:55,0.07005000114440918,0.07005999982357025,0.0700099989771843,0.0700099989771843,0
2026-08-01T14:00,0.06999000161886215,0.07010000199079514,0.06999000161886215,0.0700799971818924,0
2026-08-01T14:05,0.0700799971818924,0.07015000283718109,0.07004000246524811,0.07004000246524811,0
2026-08-01T14:10,0.07005999982357025,0.0700799971818924,0.07004000246524811,0.07006999850273132,0
2026-08-01T14:15,0.0700799971818924,0.07011999934911728,0.0700799971818924,0.0700799971818924,0
2026-08-01T14:20,0.07009000331163406,0.07011999934911728,0.07006999850273132,0.07009000331163406,0
2026-08-01T14:25,0.07009000331163406,0.07009000331163406,0.07001999765634537,0.07001999765634537,0
2026-08-01T14:30,0.07002999633550644,0.07002999633550644,0.06998000293970108,0.06999000161886215,0
2026-08-01T14:35,0.06999000161886215,0.07001999765634537,0.06999000161886215,0.07000000029802322,0
2026-08-01T14:40,0.07000000029802322,0.0700099989771843,0.06995999813079834,0.06996999680995941,0
2026-08-01T14:45,0.07000000029802322,0.07000000029802322,0.06994999945163727,0.06998000293970108,0
2026-08-01T14:50,0.06999000161886215,0.07002999633550644,0.06999000161886215,0.0700099989771843,0
2026-08-01T14:55,0.0700099989771843,0.07006999850273132,0.0700099989771843,0.07006999850273132,0
2026-08-01T15:00,0.0700799971818924,0.07011999934911728,0.07005999982357025,0.07005999982357025,0
2026-08-01T15:05,0.07005999982357025,0.07006999850273132,0.07004000246524811,0.07005000114440918,0
2026-08-01T15:10,0.07005000114440918,0.07005999982357025,0.07000000029802322,0.07005000114440918,0
2026-08-01T15:15,0.07005999982357025,0.07005999982357025,0.06995999813079834,0.06998000293970108,0
2026-08-01T15:20,0.06998000293970108,0.07002999633550644,0.06996999680995941,0.06996999680995941,0
2026-08-01T15:25,0.06995999813079834,0.06996999680995941,0.0699400007724762,0.06996999680995941,0
2026-08-01T15:30,0.06999000161886215,0.0700099989771843,0.06998000293970108,0.06999000161886215,0
2026-08-01T15:35,0.07000000029802322,0.0700799971818924,0.07000000029802322,0.0700799971818924,0
2026-08-01T15:40,0.0700799971818924,0.07011000066995621,0.07002999633550644,0.07004000246524811,0
2026-08-01T15:45,0.07004000246524811,0.07009000331163406,0.07004000246524811,0.07009000331163406,0
2026-08-01T15:50,0.07009000331163406,0.07011000066995621,0.07006999850273132,0.07010000199079514,0
2026-08-01T15:55,0.07010000199079514,0.07011000066995621,0.07005999982357025,0.07005999982357025,0
2026-08-01T16:00,0.0700799971818924,0.07015000283718109,0.07002999633550644,0.07015000283718109,0
2026-08-01T16:05,0.07015000283718109,0.07016000151634216,0.07006999850273132,0.07010000199079514,0
2026-08-01T16:10,0.07010000199079514,0.07012999802827835,0.07005000114440918,0.0700799971818924,305760
2026-08-01T16:15,0.07005999982357025,0.07012999802827835,0.07005000114440918,0.07005000114440918,0
2026-08-01T16:20,0.07005000114440918,0.07011999934911728,0.07005000114440918,0.0700799971818924,225248
2026-08-01T16:25,0.07011000066995621,0.07013999670743942,0.07004000246524811,0.07005999982357025,0
2026-08-01T16:30,0.07005999982357025,0.07005999982357025,0.06996999680995941,0.07001999765634537,0
2026-08-01T16:35,0.07001999765634537,0.0700799971818924,0.07000000029802322,0.07001999765634537,0
2026-08-01T16:40,0.07001999765634537,0.07005999982357025,0.06996999680995941,0.07005999982357025,0
2026-08-01T16:45,0.07005999982357025,0.07006999850273132,0.07002999633550644,0.07004000246524811,0
2026-08-01T16:50,0.0700099989771843,0.0700099989771843,0.06994999945163727,0.06998000293970108,0
2026-08-01T16:55,0.06998000293970108,0.06998000293970108,0.06985999643802643,0.06995999813079834,0
2026-08-01T17:00,0.06993000209331512,0.0700099989771843,0.06992000341415405,0.06999000161886215,0
2026-08-01T17:05,0.06999000161886215,0.07005000114440918,0.06999000161886215,0.07001999765634537,0
2026-08-01T17:10,0.07000000029802322,0.07000000029802322,0.06982000172138214,0.06982000172138214,0
2026-08-01T17:15,0.06982000172138214,0.06982000172138214,0.06973999738693237,0.06981000304222107,0
2026-08-01T17:20,0.06981000304222107,0.06982000172138214,0.06976000219583511,0.06978999823331833,343680
2026-08-01T17:25,0.06977999955415726,0.06977999955415726,0.06965000182390213,0.06972000002861023,0
2026-08-01T17:30,0.06971000134944916,0.06971000134944916,0.0695900022983551,0.0695900022983551,0
2026-08-01T17:35,0.06958000361919403,0.06960999965667725,0.06949000060558319,0.0695199966430664,0
2026-08-01T17:40,0.06954000145196915,0.06958000361919403,0.06954000145196915,0.06955000013113022,0
2026-08-01T17:45,0.06955999881029129,0.06956999748945236,0.0694499984383583,0.06949000060558319,0
2026-08-01T17:50,0.06949000060558319,0.06949000060558319,0.0692799985408783,0.06948000192642212,1039712
2026-08-01T17:55,0.06949000060558319,0.06949000060558319,0.0694499984383583,0.06947000324726105,0
2026-08-01T18:00,0.06943000108003616,0.06945999711751938,0.06936000287532806,0.06945999711751938,0
2026-08-01T18:05,0.06942000240087509,0.06947000324726105,0.06941000372171402,0.0694499984383583,0
2026-08-01T18:10,0.0694499984383583,0.06947000324726105,0.06939999759197235,0.06939999759197235,0
2026-08-01T18:15,0.06941000372171402,0.06942000240087509,0.06915000081062317,0.06926000118255615,0
2026-08-01T18:20,0.06926999986171722,0.06933999806642532,0.06920000165700912,0.06920000165700912,1930976
2026-08-01T18:25,0.06921999901533127,0.06928999722003937,0.0692100003361702,0.06926999986171722,3193120
2026-08-01T18:30,0.06923999637365341,0.06923999637365341,0.06864000111818314,0.06889999657869339,0
2026-08-01T18:35,0.06891000270843506,0.06904999911785126,0.06891000270843506,0.06892000138759613,9330368
2026-08-01T18:40,0.06891000270843506,0.06897000223398209,0.06874000281095505,0.06875000149011612,4078272
2026-08-01T18:45,0.06875000149011612,0.06875000149011612,0.06793999671936035,0.06793999671936035,4091008
2026-08-01T18:50,0.06763999909162521,0.06824000179767609,0.06763999909162521,0.06819000095129013,21907392
2026-08-01T18:55,0.06815999746322632,0.06848999857902527,0.06815999746322632,0.06847000122070312,2349536
2026-08-01T19:00,0.06843999773263931,0.06858000159263611,0.06840000301599503,0.06853999942541122,124704
2026-08-01T19:05,0.0685499981045723,0.06860999763011932,0.06851000338792801,0.06858000159263611,1479744
2026-08-01T19:10,0.06859999895095825,0.06859999895095825,0.06852000206708908,0.06852000206708908,223456
2026-08-01T19:15,0.06851000338792801,0.06859000027179718,0.0684799998998642,0.06853999942541122,0
2026-08-01T19:20,0.06853999942541122,0.0685499981045723,0.06836000084877014,0.06842000037431717,0
2026-08-01T19:25,0.06842000037431717,0.06851000338792801,0.06842000037431717,0.06851000338792801,468096
2026-08-01T19:30,0.06848999857902527,0.06858000159263611,0.06842999905347824,0.06849999725818634,308384
2026-08-01T19:35,0.06849999725818634,0.06852000206708908,0.0684100016951561,0.0684100016951561,613440
2026-08-01T19:40,0.06844999641180038,0.06844999641180038,0.06840000301599503,0.06842000037431717,0
2026-08-01T19:45,0.06842000037431717,0.06858000159263611,0.06842000037431717,0.06858000159263611,0
2026-08-01T19:50,0.06858000159263611,0.0686199963092804,0.06851000338792801,0.06853000074625015,268800
2026-08-01T19:55,0.06853000074625015,0.0685499981045723,0.06846000254154205,0.06847000122070312,187424
2026-08-01T20:00,0.06843999773263931,0.0684799998998642,0.06835000216960907,0.06846000254154205,0
2026-08-01T20:05,0.06842999905347824,0.06849999725818634,0.06840000301599503,0.06840000301599503,82464
2026-08-01T20:10,0.06840000301599503,0.06848999857902527,0.06840000301599503,0.06848999857902527,442912
2026-08-01T20:15,0.06848999857902527,0.06857000291347504,0.0684799998998642,0.06853999942541122,0
2026-08-01T20:20,0.06853999942541122,0.06859000027179718,0.06851000338792801,0.06853000074625015,0
2026-08-01T20:25,0.06851000338792801,0.06853000074625015,0.06843999773263931,0.06846000254154205,0
2026-08-01T20:30,0.06843999773263931,0.0684799998998642,0.06837999820709229,0.06847000122070312,0
2026-08-01T20:35,0.06847000122070312,0.06855999678373337,0.06843999773263931,0.06846000254154205,167808
2026-08-01T20:40,0.0684799998998642,0.06849999725818634,0.06844999641180038,0.06849999725818634,280096
2026-08-01T20:45,0.06849999725818634,0.06858000159263611,0.06846000254154205,0.06858000159263611,0
2026-08-01T20:50,0.06858000159263611,0.06859999895095825,0.06852000206708908,0.06855999678373337,171296
2026-08-01T20:55,0.06853999942541122,0.06860999763011932,0.06853999942541122,0.06859999895095825,0
2026-08-01T21:00,0.06859999895095825,0.06887999922037125,0.06859999895095825,0.06887999922037125,0
2026-08-01T21:05,0.06888999789953232,0.06891000270843506,0.06883999705314636,0.06887000054121017,1533632
2026-08-01T21:10,0.06880000233650208,0.06885000318288803,0.06874000281095505,0.06883999705314636,404544
2026-08-01T21:15,0.06883999705314636,0.06892000138759613,0.06881999969482422,0.06892000138759613,603168
2026-08-01T21:20,0.06891000270843506,0.06891000270843506,0.06885000318288803,0.06887000054121017,188032
2026-08-01T21:25,0.06883999705314636,0.06894999742507935,0.06881999969482422,0.06894999742507935,100352
2026-08-01T21:30,0.06894999742507935,0.06909000128507614,0.0689300000667572,0.06909000128507614,0
2026-08-01T21:35,0.06916999816894531,0.06916999816894531,0.06905999779701233,0.06905999779701233,0
2026-08-01T21:40,0.06904000043869019,0.06911999732255936,0.06903000175952911,0.06909999996423721,267296
2026-08-01T21:45,0.06909999996423721,0.06917999684810638,0.06909000128507614,0.06910999864339828,150528
2026-08-01T21:50,0.06910999864339828,0.06911999732255936,0.06902000308036804,0.06904999911785126,446784
2026-08-01T21:55,0.06905999779701233,0.06909000128507614,0.06904999911785126,0.06909000128507614,0
2026-08-01T22:00,0.06909000128507614,0.0691400021314621,0.06900999695062637,0.06903000175952911,0
2026-08-01T22:05,0.06903000175952911,0.06909000128507614,0.06902000308036804,0.06905999779701233,38496
2026-08-01T22:10,0.06904000043869019,0.06908000260591507,0.06900999695062637,0.0690699964761734,0
2026-08-01T22:15,0.06908000260591507,0.06909999996423721,0.06904999911785126,0.06908000260591507,0
2026-08-01T22:20,0.0690699964761734,0.0690699964761734,0.06896000355482101,0.06898999959230423,0
2026-08-01T22:25,0.06900999695062637,0.06909000128507614,0.0689999982714653,0.06909000128507614,0
2026-08-01T22:30,0.06909000128507614,0.06909000128507614,0.06905999779701233,0.06908000260591507,48448
2026-08-01T22:35,0.06904999911785126,0.06905999779701233,0.06900999695062637,0.06905999779701233,0
2026-08-01T22:40,0.06905999779701233,0.0690699964761734,0.06902000308036804,0.06902000308036804,90432
2026-08-01T22:45,0.06902000308036804,0.06904000043869019,0.0689999982714653,0.06902000308036804,190464
2026-08-01T22:50,0.06902000308036804,0.06902000308036804,0.06896000355482101,0.06897000223398209,47424
2026-08-01T22:55,0.06898000091314316,0.06898000091314316,0.0689300000667572,0.0689300000667572,0
2026-08-01T23:00,0.06898999959230423,0.06904999911785126,0.06898999959230423,0.06904000043869019,0
2026-08-01T23:05,0.06902000308036804,0.06941000372171402,0.06898999959230423,0.06922999769449234,0
2026-08-01T23:10,0.06917999684810638,0.0692100003361702,0.06910999864339828,0.06910999864339828,2094752
2026-08-01T23:15,0.06910999864339828,0.06913000345230103,0.06908000260591507,0.06909000128507614,4455136
2026-08-01T23:20,0.06908000260591507,0.06913000345230103,0.06908000260591507,0.06913000345230103,749600
2026-08-01T23:25,0.06909999996423721,0.06909999996423721,0.06905999779701233,0.06905999779701233,165952
2026-08-01T23:30,0.06905999779701233,0.06911999732255936,0.06905999779701233,0.06911999732255936,68128
2026-08-01T23:35,0.06911999732255936,0.0691400021314621,0.06909000128507614,0.06910999864339828,283904
2026-08-01T23:40,0.06913000345230103,0.06916999816894531,0.06910999864339828,0.06916999816894531,332352
2026-08-01T23:45,0.06917999684810638,0.06919000297784805,0.06909999996423721,0.06910999864339828,364128
2026-08-01T23:50,0.06909999996423721,0.06909999996423721,0.06903000175952911,0.06908000260591507,0
2026-08-01T23:55,0.0690699964761734,0.06909000128507614,0.0690699964761734,0.06908000260591507,302528
2026-08-02T00:00,0.06909999996423721,0.06916999816894531,0.06909999996423721,0.06916999816894531,0
2026-08-02T00:05,0.06919000297784805,0.06923999637365341,0.06915000081062317,0.06917999684810638,442240
2026-08-02T00:10,0.0691400021314621,0.0692100003361702,0.0691400021314621,0.06919000297784805,53632
2026-08-02T00:15,0.06919000297784805,0.0692100003361702,0.06919000297784805,0.06920000165700912,273792
2026-08-02T00:20,0.06920000165700912,0.06920000165700912,0.06915000081062317,0.06915000081062317,0
2026-08-02T00:25,0.06916999816894531,0.06916999816894531,0.06909000128507614,0.06913000345230103,0
2026-08-02T00:30,0.06913000345230103,0.06916999816894531,0.06911999732255936,0.06911999732255936,0
2026-08-02T00:35,0.06910999864339828,0.06910999864339828,0.06905999779701233,0.06909000128507614,0
2026-08-02T00:40,0.06910999864339828,0.06911999732255936,0.0690699964761734,0.06908000260591507,0
2026-08-02T00:45,0.06909000128507614,0.06916999816894531,0.06909000128507614,0.06909000128507614,0
2026-08-02T00:50,0.06909999996423721,0.06909999996423721,0.06905999779701233,0.06908000260591507,0
2026-08-02T00:55,0.06909000128507614,0.06915999948978424,0.06908000260591507,0.06913000345230103,0
2026-08-02T01:00,0.0691400021314621,0.06933999806642532,0.0691400021314621,0.06933999806642532,0
2026-08-02T01:05,0.06938000023365021,0.06943000108003616,0.06932000070810318,0.06941000372171402,0
2026-08-02T01:10,0.06941000372171402,0.06949000060558319,0.06938000023365021,0.06949000060558319,338912
2026-08-02T01:15,0.06950999796390533,0.06958000361919403,0.0694499984383583,0.06949999928474426,552448
2026-08-02T01:20,0.06949999928474426,0.06956999748945236,0.06949999928474426,0.06950999796390533,0
2026-08-02T01:25,0.06953000277280807,0.06960000097751617,0.06953000277280807,0.0695900022983551,0
2026-08-02T01:30,0.0695900022983551,0.0695900022983551,0.06950999796390533,0.06955999881029129,162112
2026-08-02T01:35,0.06955000013113022,0.06955999881029129,0.06949999928474426,0.06950999796390533,426048
2026-08-02T01:40,0.06949000060558319,0.06950999796390533,0.06945999711751938,0.06949999928474426,269280
2026-08-02T01:45,0.06949999928474426,0.0695900022983551,0.06947000324726105,0.06955999881029129,250432
2026-08-02T01:50,0.06955999881029129,0.06960999965667725,0.06955000013113022,0.06955999881029129,306048
2026-08-02T01:55,0.06955999881029129,0.06960999965667725,0.06955999881029129,0.06956999748945236,0
2026-08-02T02:00,0.06960000097751617,0.0696600005030632,0.06955999881029129,0.06958000361919403,0
2026-08-02T02:05,0.06958000361919403,0.07002999633550644,0.06954000145196915,0.0699400007724762,1207584
2026-08-02T02:10,0.06998000293970108,0.07010000199079514,0.06995999813079834,0.07009000331163406,6360192
2026-08-02T02:15,0.07011000066995621,0.07015000283718109,0.06998000293970108,0.07011000066995621,1688384
2026-08-02T02:20,0.0700799971818924,0.07009000331163406,0.06994999945163727,0.07002999633550644,3110848
2026-08-02T02:25,0.07002999633550644,0.07002999633550644,0.06993000209331512,0.06993000209331512,1308416
2026-08-02T02:30,0.06992000341415405,0.06994999945163727,0.0698700025677681,0.0698700025677681,660416
2026-08-02T02:35,0.0698700025677681,0.06989999860525131,0.06983000040054321,0.06985999643802643,525984
2026-08-02T02:40,0.06983999907970428,0.07000000029802322,0.06977999955415726,0.07000000029802322,1096480
2026-08-02T02:45,0.06999000161886215,0.07000000029802322,0.06989999860525131,0.06992000341415405,4537600
2026-08-02T02:50,0.06993000209331512,0.06996999680995941,0.06988999992609024,0.06995999813079834,1427584
2026-08-02T02:55,0.0699400007724762,0.06995999813079834,0.06992000341415405,0.06995999813079834,657344
2026-08-02T03:00,0.06995999813079834,0.07002999633550644,0.06993000209331512,0.06993000209331512,70592
2026-08-02T03:05,0.06993000209331512,0.07002999633550644,0.06993000209331512,0.06998000293970108,1015776
2026-08-02T03:10,0.07000000029802322,0.0700099989771843,0.06996999680995941,0.07000000029802322,417920
2026-08-02T03:15,0.07000000029802322,0.07000000029802322,0.06994999945163727,0.06996999680995941,28608
2026-08-02T03:20,0.06994999945163727,0.07005000114440918,0.0699400007724762,0.06998000293970108,488416
2026-08-02T03:25,0.06998000293970108,0.06998000293970108,0.06992000341415405,0.06992000341415405,612480
2026-08-02T03:30,0.06992000341415405,0.06999000161886215,0.06989999860525131,0.06999000161886215,514432
2026-08-02T03:35,0.06999000161886215,0.07001999765634537,0.06996999680995941,0.06996999680995941,1214176
2026-08-02T03:40,0.06996999680995941,0.07001999765634537,0.06996999680995941,0.0700099989771843,475776
2026-08-02T03:45,0.0700099989771843,0.07002999633550644,0.06995999813079834,0.06995999813079834,235872
2026-08-02T03:50,0.06998000293970108,0.06998000293970108,0.0699400007724762,0.06996999680995941,0
2026-08-02T03:55,0.06996999680995941,0.0700099989771843,0.06995999813079834,0.0700099989771843,0
2026-08-02T04:00,0.07001999765634537,0.0700799971818924,0.0700099989771843,0.07005000114440918,0
2026-08-02T04:05,0.07005999982357025,0.07005999982357025,0.06999000161886215,0.0700099989771843,124576
2026-08-02T04:10,0.07000000029802322,0.07001999765634537,0.07000000029802322,0.07000000029802322,641888
2026-08-02T04:15,0.07000000029802322,0.07001999765634537,0.06994999945163727,0.07000000029802322,180928
2026-08-02T04:20,0.07000000029802322,0.07006999850273132,0.07000000029802322,0.07006999850273132,690464
2026-08-02T04:25,0.07005999982357025,0.07006999850273132,0.07004000246524811,0.07005000114440918,272192
2026-08-02T04:30,0.07005000114440918,0.07005999982357025,0.07002999633550644,0.07005999982357025,209856
2026-08-02T04:35,0.07005999982357025,0.07006999850273132,0.07004000246524811,0.07006999850273132,1155584
2026-08-02T04:40,0.07006999850273132,0.07009000331163406,0.07005999982357025,0.07009000331163406,1026752
2026-08-02T04:45,0.07009000331163406,0.07016000151634216,0.07009000331163406,0.07013999670743942,177312
2026-08-02T04:50,0.07013999670743942,0.07018999755382538,0.07013999670743942,0.0701799988746643,1153056
2026-08-02T04:55,0.0701799988746643,0.07021000236272812,0.07016000151634216,0.07020000368356705,990208
2026-08-02T05:00,0.07017000019550323,0.07026000320911407,0.07012999802827835,0.07015000283718109,0
2026-08-02T05:05,0.07015000283718109,0.07016000151634216,0.07011000066995621,0.07013999670743942,1551168
2026-08-02T05:10,0.07015000283718109,0.07021000236272812,0.07013999670743942,0.07021000236272812,787872
2026-08-02T05:15,0.07018999755382538,0.07022000104188919,0.07013999670743942,0.07020000368356705,438752
2026-08-02T05:20,0.07020000368356705,0.07034999877214432,0.07020000368356705,0.07034999877214432,675456
2026-08-02T05:25,0.07037000358104706,0.07050000131130219,0.07037000358104706,0.07037000358104706,5696640
2026-08-02T05:30,0.07035999745130539,0.07041999697685242,0.07034000009298325,0.0703900009393692,3724576
2026-08-02T05:35,0.0703900009393692,0.07040999829769135,0.0703200027346611,0.0703900009393692,1352768
2026-08-02T05:40,0.0703900009393692,0.07044000178575516,0.0703200027346611,0.07041999697685242,1013152
2026-08-02T05:45,0.07041999697685242,0.07047999650239944,0.07041999697685242,0.07045000046491623,1618112
2026-08-02T05:50,0.07045000046491623,0.07046999782323837,0.07039999961853027,0.0704599991440773,571296
2026-08-02T05:55,0.07047999650239944,0.07050000131130219,0.07043000310659409,0.07043000310659409,502656
2026-08-02T06:00,0.0704599991440773,0.07049000263214111,0.07037000358104706,0.07039999961853027,92832
2026-08-02T06:05,0.07038000226020813,0.07038000226020813,0.07028000056743622,0.07028000056743622,1703616
2026-08-02T06:10,0.07028999924659729,0.07030999660491943,0.07021000236272812,0.07021000236272812,325440
2026-08-02T06:15,0.07021000236272812,0.07022999972105026,0.0701799988746643,0.07022999972105026,431328
2026-08-02T06:20,0.07023999840021133,0.07029999792575836,0.07023999840021133,0.07029999792575836,0
2026-08-02T06:25,0.07029999792575836,0.07034999877214432,0.07028999924659729,0.0703200027346611,0
2026-08-02T06:30,0.07030999660491943,0.07034999877214432,0.07026000320911407,0.07026000320911407,112192
2026-08-02T06:35,0.07026000320911407,0.07034999877214432,0.0702499970793724,0.07030999660491943,374912
2026-08-02T06:40,0.07028999924659729,0.07034999877214432,0.07028999924659729,0.0703200027346611,908288
2026-08-02T06:45,0.0703200027346611,0.0703200027346611,0.07028999924659729,0.07028999924659729,250912
2026-08-02T06:50,0.07028999924659729,0.07028999924659729,0.0702499970793724,0.0702499970793724,561344
2026-08-02T06:55,0.07030999660491943,0.0703200027346611,0.07029999792575836,0.07030999660491943,200096
2026-08-02T07:00,0.07030999660491943,0.07030999660491943,0.07021000236272812,0.07022999972105026,0
2026-08-02T07:05,0.07022999972105026,0.07026000320911407,0.07022000104188919,0.07026000320911407,0
2026-08-02T07:10,0.0702499970793724,0.07028999924659729,0.0702499970793724,0.07028000056743622,0
2026-08-02T07:15,0.07026000320911407,0.07028000056743622,0.07023999840021133,0.07027000188827515,0
2026-08-02T07:20,0.07027000188827515,0.07030999660491943,0.07027000188827515,0.07028999924659729,0
2026-08-02T07:25,0.0703200027346611,0.0703200027346611,0.07029999792575836,0.0703200027346611,0
2026-08-02T07:30,0.0703200027346611,0.07034000009298325,0.07028999924659729,0.07028999924659729,0
2026-08-02T07:35,0.07029999792575836,0.07029999792575836,0.07027000188827515,0.07028999924659729,0
2026-08-02T07:40,0.07029999792575836,0.07034999877214432,0.07028999924659729,0.07033000141382217,0
2026-08-02T07:45,0.07033000141382217,0.07033000141382217,0.07027000188827515,0.07028999924659729,197760
2026-08-02T07:50,0.07028999924659729,0.07034000009298325,0.07028999924659729,0.07034000009298325,0
2026-08-02T07:55,0.07034999877214432,0.07034999877214432,0.0703200027346611,0.07033000141382217,0
2026-08-02T08:00,0.07033000141382217,0.07034000009298325,0.07028999924659729,0.07034000009298325,0
2026-08-02T08:05,0.07030999660491943,0.07030999660491943,0.07026000320911407,0.07026000320911407,0
2026-08-02T08:10,0.07026000320911407,0.07028000056743622,0.07021000236272812,0.07021000236272812,0
2026-08-02T08:15,0.07021000236272812,0.07028999924659729,0.07018999755382538,0.07020000368356705,545472
2026-08-02T08:20,0.07020000368356705,0.07020000368356705,0.07011000066995621,0.07011000066995621,623072
2026-08-02T08:25,0.0700799971818924,0.07010000199079514,0.07005000114440918,0.07005999982357025,730720
2026-08-02T08:30,0.07005000114440918,0.07005000114440918,0.07000000029802322,0.07000000029802322,580480
2026-08-02T08:35,0.07000000029802322,0.07005999982357025,0.06995999813079834,0.06995999813079834,596512
2026-08-02T08:40,0.06993000209331512,0.07002999633550644,0.06993000209331512,0.07000000029802322,1020352
2026-08-02T08:45,0.07000000029802322,0.07001999765634537,0.06999000161886215,0.07000000029802322,769632
2026-08-02T08:50,0.07002999633550644,0.07002999633550644,0.06996999680995941,0.0700099989771843,428128
2026-08-02T08:55,0.0700099989771843,0.0700099989771843,0.06993000209331512,0.06994999945163727,540736
2026-08-02T09:00,0.06994999945163727,0.06995999813079834,0.0697999969124794,0.0697999969124794,0
2026-08-02T09:05,0.06977000087499619,0.06998000293970108,0.06977000087499619,0.06998000293970108,1778304
2026-08-02T09:10,0.07000000029802322,0.07005999982357025,0.07000000029802322,0.07002999633550644,301472
2026-08-02T09:15,0.07005999982357025,0.0700799971818924,0.07005000114440918,0.07006999850273132,870720
2026-08-02T09:20,0.07001999765634537,0.07013999670743942,0.07001999765634537,0.07013999670743942,718592
2026-08-02T09:25,0.07012999802827835,0.07013999670743942,0.07004000246524811,0.07004000246524811,275680
2026-08-02T09:30,0.07005000114440918,0.07012999802827835,0.07004000246524811,0.07012999802827835,120000
2026-08-02T09:35,0.07012999802827835,0.07012999802827835,0.07010000199079514,0.07011999934911728,0
2026-08-02T09:40,0.07011000066995621,0.07016000151634216,0.07009000331163406,0.07012999802827835,0
2026-08-02T09:45,0.07012999802827835,0.07016000151634216,0.07012999802827835,0.07016000151634216,0
2026-08-02T09:50,0.07016000151634216,0.07016000151634216,0.07012999802827835,0.07013999670743942,0
2026-08-02T09:55,0.07013999670743942,0.07015000283718109,0.07012999802827835,0.07012999802827835,28832
2026-08-02T10:00,0.07012999802827835,0.07013999670743942,0.07010000199079514,0.07013999670743942,0
2026-08-02T10:05,0.07013999670743942,0.07015000283718109,0.07011000066995621,0.07011000066995621,0
2026-08-02T10:10,0.07011000066995621,0.07011000066995621,0.07000000029802322,0.07000000029802322,578880
2026-08-02T10:15,0.06999000161886215,0.07004000246524811,0.06999000161886215,0.07004000246524811,0
2026-08-02T10:20,0.0700099989771843,0.0700099989771843,0.06984999775886536,0.06985999643802643,0
2026-08-02T10:25,0.06985999643802643,0.06988000124692917,0.06983999907970428,0.06988000124692917,147488
2026-08-02T10:30,0.06990999728441238,0.06990999728441238,0.06988000124692917,0.06988000124692917,202976
2026-08-02T10:35,0.06988000124692917,0.06995999813079834,0.06988000124692917,0.06994999945163727,0
2026-08-02T10:40,0.06994999945163727,0.06998000293970108,0.0699400007724762,0.06998000293970108,452928
2026-08-02T10:45,0.06996999680995941,0.06998000293970108,0.06994999945163727,0.06998000293970108,535072
2026-08-02T10:50,0.06998000293970108,0.07000000029802322,0.0699400007724762,0.06999000161886215,667072
2026-08-02T10:55,0.06999000161886215,0.07000000029802322,0.06995999813079834,0.06996999680995941,824352
2026-08-02T11:00,0.07000000029802322,0.07000000029802322,0.06990999728441238,0.06990999728441238,0
2026-08-02T11:05,0.06990999728441238,0.07004000246524811,0.06990999728441238,0.06999000161886215,312576
2026-08-02T11:10,0.06999000161886215,0.06999000161886215,0.06995999813079834,0.06999000161886215,0
2026-08-02T11:15,0.0700099989771843,0.07005999982357025,0.06999000161886215,0.07000000029802322,0
2026-08-02T11:20,0.07001999765634537,0.07001999765634537,0.0699400007724762,0.07000000029802322,0
2026-08-02T11:25,0.07000000029802322,0.07001999765634537,0.06998000293970108,0.06998000293970108,156448
2026-08-02T11:30,0.06994999945163727,0.06999000161886215,0.06994999945163727,0.06999000161886215,0
2026-08-02T11:35,0.06999000161886215,0.0700099989771843,0.06998000293970108,0.07000000029802322,0
2026-08-02T11:40,0.07000000029802322,0.07001999765634537,0.06988000124692917,0.06993000209331512,0
2026-08-02T11:45,0.06993000209331512,0.07005000114440918,0.06993000209331512,0.07000000029802322,1728
2026-08-02T11:50,0.07000000029802322,0.07005999982357025,0.06989999860525131,0.0699400007724762,1099328
2026-08-02T11:55,0.0699400007724762,0.06998000293970108,0.06983999907970428,0.06992000341415405,523488
2026-08-02T12:00,0.06993000209331512,0.07000000029802322,0.06993000209331512,0.06998000293970108,0
2026-08-02T12:05,0.06996999680995941,0.07001999765634537,0.06996999680995941,0.07000000029802322,110816
2026-08-02T12:10,0.07000000029802322,0.07006999850273132,0.06999000161886215,0.07006999850273132,0
2026-08-02T12:15,0.07005000114440918,0.07006999850273132,0.07000000029802322,0.07000000029802322,0
2026-08-02T12:20,0.06999000161886215,0.07004000246524811,0.06996999680995941,0.06998000293970108,57952
2026-08-02T12:25,0.06995999813079834,0.06998000293970108,0.06995999813079834,0.06996999680995941,85568
2026-08-02T12:30,0.06994999945163727,0.06996999680995941,0.06993000209331512,0.0699400007724762,0
2026-08-02T12:35,0.0699400007724762,0.07000000029802322,0.06992000341415405,0.06994999945163727,614752
2026-08-02T12:40,0.06994999945163727,0.07000000029802322,0.06994999945163727,0.06998000293970108,169184
2026-08-02T12:45,0.06998000293970108,0.0700099989771843,0.06998000293970108,0.0700099989771843,0
2026-08-02T12:50,0.0700099989771843,0.07001999765634537,0.06995999813079834,0.06999000161886215,0
2026-08-02T12:55,0.0700099989771843,0.0700099989771843,0.06994999945163727,0.06995999813079834,0
2026-08-02T13:00,0.0699400007724762,0.07002999633550644,0.06993000209331512,0.07001999765634537,0
2026-08-02T13:05,0.07000000029802322,0.07000000029802322,0.06996999680995941,0.07000000029802322,0
2026-08-02T13:10,0.07000000029802322,0.07005999982357025,0.07000000029802322,0.07004000246524811,0
2026-08-02T13:15,0.07001999765634537,0.07005999982357025,0.06995999813079834,0.07005999982357025,0
2026-08-02T13:20,0.07004000246524811,0.07011000066995621,0.07004000246524811,0.07009000331163406,251520
2026-08-02T13:25,0.07009000331163406,0.07017000019550323,0.07009000331163406,0.07012999802827835,608288
2026-08-02T13:30,0.07015000283718109,0.07015000283718109,0.07009000331163406,0.07010000199079514,463264
2026-08-02T13:35,0.07009000331163406,0.07009000331163406,0.06996999680995941,0.07000000029802322,365984
2026-08-02T13:40,0.06998000293970108,0.07005000114440918,0.06998000293970108,0.07004000246524811,226912
2026-08-02T13:45,0.07004000246524811,0.07011000066995621,0.07004000246524811,0.07011000066995621,18656
2026-08-02T13:50,0.07011000066995621,0.07015000283718109,0.07010000199079514,0.07011999934911728,0
2026-08-02T13:55,0.07011999934911728,0.07011999934911728,0.07006999850273132,0.07006999850273132,0
2026-08-02T14:00,0.07006999850273132,0.07011000066995621,0.07005000114440918,0.07005000114440918,0
2026-08-02T14:05,0.07005000114440918,0.07005000114440918,0.06998000293970108,0.0700099989771843,0
2026-08-02T14:10,0.0700099989771843,0.07006999850273132,0.0700099989771843,0.07006999850273132,0
2026-08-02T14:15,0.07006999850273132,0.07017000019550323,0.07005999982357025,0.07017000019550323,0
2026-08-02T14:20,0.0701799988746643,0.07022999972105026,0.07016000151634216,0.07018999755382538,0
2026-08-02T14:25,0.07020000368356705,0.07033000141382217,0.07020000368356705,0.07023999840021133,1007712
2026-08-02T14:30,0.07023999840021133,0.07028000056743622,0.07020000368356705,0.07022999972105026,258528
2026-08-02T14:35,0.07022999972105026,0.07039999961853027,0.07022999972105026,0.07039999961853027,572928
2026-08-02T14:40,0.07039999961853027,0.0704599991440773,0.07034999877214432,0.07044000178575516,2417184
2026-08-02T14:45,0.0704599991440773,0.07047999650239944,0.07038000226020813,0.07038000226020813,2218016
2026-08-02T14:50,0.07039999961853027,0.07044000178575516,0.07033000141382217,0.07033000141382217,1793696
2026-08-02T14:55,0.07033000141382217,0.07037000358104706,0.07030999660491943,0.07033000141382217,728896
2026-08-02T15:00,0.07034999877214432,0.0703900009393692,0.07030999660491943,0.07033000141382217,5226368
2026-08-02T15:05,0.07038000226020813,0.07045000046491623,0.0703200027346611,0.0703200027346611,1840608
2026-08-02T15:10,0.0703200027346611,0.0703900009393692,0.07030999660491943,0.07035999745130539,598688
2026-08-02T15:15,0.07035999745130539,0.07035999745130539,0.07028000056743622,0.07030999660491943,350368
2026-08-02T15:20,0.07030999660491943,0.0703200027346611,0.07026000320911407,0.0703200027346611,120256
2026-08-02T15:25,0.07030999660491943,0.07034999877214432,0.07028000056743622,0.07028000056743622,0
2026-08-02T15:30,0.07028000056743622,0.0703900009393692,0.07027000188827515,0.0703900009393692,0
2026-08-02T15:35,0.07033000141382217,0.07034999877214432,0.07028999924659729,0.07028999924659729,36096
2026-08-02T15:40,0.07028000056743622,0.0703200027346611,0.07027000188827515,0.07028999924659729,0
2026-08-02T15:45,0.07028999924659729,0.07034000009298325,0.07028999924659729,0.07034000009298325,0
2026-08-02T15:50,0.07034000009298325,0.07034000009298325,0.07030999660491943,0.0703200027346611,0
2026-08-02T15:55,0.0703200027346611,0.0703200027346611,0.07021000236272812,0.07023999840021133,0
2026-08-02T16:00,0.07022000104188919,0.07023999840021133,0.07010000199079514,0.07010000199079514,0
2026-08-02T16:05,0.07010000199079514,0.07018999755382538,0.07010000199079514,0.07015000283718109,0
2026-08-02T16:10,0.07015000283718109,0.07017000019550323,0.0700799971818924,0.07011999934911728,0
2026-08-02T16:15,0.07011999934911728,0.07011999934911728,0.07009000331163406,0.07011000066995621,0
2026-08-02T16:20,0.07011000066995621,0.07018999755382538,0.07011000066995621,0.07018999755382538,0
2026-08-02T16:25,0.07018999755382538,0.07018999755382538,0.0700799971818924,0.07010000199079514,24416
2026-08-02T16:30,0.07015000283718109,0.0702499970793724,0.07011999934911728,0.07023999840021133,0
2026-08-02T16:35,0.07023999840021133,0.07027000188827515,0.07021000236272812,0.0702499970793724,0
2026-08-02T16:40,0.0702499970793724,0.07035999745130539,0.0702499970793724,0.07034000009298325,0
2026-08-02T16:45,0.07034999877214432,0.07041999697685242,0.07029999792575836,0.07038000226020813,198912
2026-08-02T16:50,0.07038000226020813,0.07038000226020813,0.07030999660491943,0.07030999660491943,539392
2026-08-02T16:55,0.07030999660491943,0.07034000009298325,0.07028000056743622,0.07028999924659729,0
2026-08-02T17:00,0.07028000056743622,0.07028000056743622,0.07022000104188919,0.07026000320911407,0
2026-08-02T17:05,0.07027000188827515,0.07028000056743622,0.07022000104188919,0.07022000104188919,0
2026-08-02T17:10,0.07022000104188919,0.07028000056743622,0.07021000236272812,0.07022999972105026,0
2026-08-02T17:15,0.07022000104188919,0.07027000188827515,0.07022000104188919,0.07027000188827515,0
2026-08-02T17:20,0.07030999660491943,0.07040999829769135,0.07028999924659729,0.07040999829769135,0
2026-08-02T17:25,0.0703900009393692,0.0703900009393692,0.0703200027346611,0.07038000226020813,33824
2026-08-02T17:30,0.07038000226020813,0.07040999829769135,0.07037000358104706,0.07037000358104706,0
2026-08-02T17:35,0.07037000358104706,0.07050000131130219,0.07037000358104706,0.07050000131130219,0
2026-08-02T17:40,0.07051999866962433,0.07056999951601028,0.07050000131130219,0.07056000083684921,1579840
2026-08-02T17:45,0.07056000083684921,0.07056999951601028,0.0705299973487854,0.07055000215768814,249248
2026-08-02T17:50,0.07055000215768814,0.07057999819517136,0.07054000347852707,0.07056999951601028,0
2026-08-02T17:55,0.07056999951601028,0.07056999951601028,0.07050000131130219,0.07050999999046326,0
2026-08-02T18:00,0.07047999650239944,0.07049000263214111,0.07044000178575516,0.07047999650239944,0
2026-08-02T18:05,0.07049000263214111,0.07054000347852707,0.07047999650239944,0.07051999866962433,0
2026-08-02T18:10,0.07051999866962433,0.07054000347852707,0.07050000131130219,0.07054000347852707,0
2026-08-02T18:15,0.07056000083684921,0.07057999819517136,0.07054000347852707,0.07057999819517136,31904
2026-08-02T18:20,0.07057999819517136,0.07075999677181244,0.07057999819517136,0.07075999677181244,0
2026-08-02T18:25,0.07071000337600708,0.07079000025987625,0.07068999856710434,0.0707399994134903,0
2026-08-02T18:30,0.0707399994134903,0.0708099976181984,0.07071000337600708,0.0708099976181984,0
2026-08-02T18:35,0.07099000364542007,0.07113999873399734,0.07092999666929245,0.07107999920845032,0
2026-08-02T18:40,0.0710500031709671,0.07113000005483627,0.07094000279903412,0.07096999883651733,0
2026-08-02T18:45,0.07101000100374222,0.07101000100374222,0.0707399994134903,0.0707399994134903,0
2026-08-02T18:50,0.0707399994134903,0.07092999666929245,0.0707399994134903,0.07086999714374542,0
2026-08-02T18:55,0.07086999714374542,0.07086999714374542,0.07074999809265137,0.07075999677181244,0
2026-08-02T19:00,0.07073000073432922,0.07078000158071518,0.07069999724626541,0.0707399994134903,0
2026-08-02T19:05,0.07074999809265137,0.07078000158071518,0.07072000205516815,0.07074999809265137,0
2026-08-02T19:10,0.07077000290155411,0.07077000290155411,0.0706700012087822,0.0706700012087822,0
2026-08-02T19:15,0.0706700012087822,0.07069999724626541,0.07062999904155731,0.0706700012087822,0
2026-08-02T19:20,0.07066000252962112,0.07067999988794327,0.07064999639987946,0.07067999988794327,0
2026-08-02T19:25,0.07063999772071838,0.07063999772071838,0.07058999687433243,0.07058999687433243,0
2026-08-02T19:30,0.07056999951601028,0.07061000168323517,0.07056000083684921,0.07061000168323517,0
2026-08-02T19:35,0.07061000168323517,0.07063999772071838,0.07056000083684921,0.0706000030040741,0
2026-08-02T19:40,0.0706000030040741,0.07064999639987946,0.0706000030040741,0.07064999639987946,0
2026-08-02T19:45,0.07068999856710434,0.07072000205516815,0.07064999639987946,0.07072000205516815,0
2026-08-02T19:50,0.07072000205516815,0.07077000290155411,0.07072000205516815,0.0707399994134903,0
2026-08-02T19:55,0.07072000205516815,0.07072000205516815,0.07067999988794327,0.07069999724626541,0
2026-08-02T20:00,0.07068999856710434,0.07068999856710434,0.07062000036239624,0.07062000036239624,0
2026-08-02T20:05,0.07062999904155731,0.07063999772071838,0.07057999819517136,0.07062000036239624,0
2026-08-02T20:10,0.07062000036239624,0.07062000036239624,0.07051999866962433,0.07055000215768814,0
2026-08-02T20:15,0.07055000215768814,0.07056999951601028,0.0705299973487854,0.07055000215768814,1232416
2026-08-02T20:20,0.07055000215768814,0.07055000215768814,0.0704599991440773,0.07049000263214111,114752
2026-08-02T20:25,0.07050999999046326,0.0705299973487854,0.07050000131130219,0.07050000131130219,0
2026-08-02T20:30,0.07050000131130219,0.07054000347852707,0.07050000131130219,0.0705299973487854,0
2026-08-02T20:35,0.07050000131130219,0.07050000131130219,0.07044000178575516,0.07046999782323837,0
2026-08-02T20:40,0.0704599991440773,0.0704599991440773,0.07044000178575516,0.07045000046491623,0
2026-08-02T20:45,0.07041999697685242,0.07054000347852707,0.07040999829769135,0.0705299973487854,0
2026-08-02T20:50,0.07054000347852707,0.07054000347852707,0.07049000263214111,0.07051999866962433,405920
2026-08-02T20:55,0.07054000347852707,0.07056000083684921,0.07050000131130219,0.07051999866962433,0
2026-08-02T21:00,0.07054000347852707,0.07056999951601028,0.07050999999046326,0.07056999951601028,0
2026-08-02T21:05,0.07056999951601028,0.07056999951601028,0.0704599991440773,0.07050000131130219,0
2026-08-02T21:10,0.07050000131130219,0.07063999772071838,0.07049000263214111,0.07061000168323517,0
2026-08-02T21:15,0.07062000036239624,0.07064999639987946,0.07061000168323517,0.07062999904155731,74048
2026-08-02T21:20,0.07063999772071838,0.07069999724626541,0.07063999772071838,0.07069999724626541,100096
2026-08-02T21:25,0.07071000337600708,0.07071000337600708,0.07066000252962112,0.07071000337600708,175552
2026-08-02T21:30,0.0707399994134903,0.0707399994134903,0.07067999988794327,0.07069999724626541,120544
2026-08-02T21:35,0.07068999856710434,0.07077000290155411,0.07058999687433243,0.07062999904155731,0
2026-08-02T21:40,0.07063999772071838,0.07086999714374542,0.07063999772071838,0.07084000110626221,0
2026-08-02T21:45,0.07083000242710114,0.07090000063180923,0.07074999809265137,0.07075999677181244,267072
2026-08-02T21:50,0.07077000290155411,0.0708099976181984,0.07072000205516815,0.07072000205516815,0
2026-08-02T21:55,0.07072000205516815,0.07073000073432922,0.07062000036239624,0.07068999856710434,1299296
2026-08-02T22:00,0.0708099976181984,0.07113999873399734,0.07078000158071518,0.07099000364542007,858272
2026-08-02T22:05,0.07099000364542007,0.07103999704122543,0.07083000242710114,0.07101999968290329,3715104
2026-08-02T22:10,0.07118000090122223,0.07118000090122223,0.07101000100374222,0.07108999788761139,3601216
2026-08-02T22:15,0.07111000269651413,0.07137999683618546,0.07101000100374222,0.07109999656677246,4194464
2026-08-02T22:20,0.07114999741315842,0.0711899995803833,0.07108999788761139,0.07108999788761139,5610688
2026-08-02T22:25,0.07108999788761139,0.07108999788761139,0.07095000147819519,0.07096000015735626,1379648
2026-08-02T22:30,0.07096000015735626,0.07101999968290329,0.07079000025987625,0.07083000242710114,483936
2026-08-02T22:35,0.07083000242710114,0.07083000242710114,0.0706700012087822,0.07068999856710434,583232
2026-08-02T22:40,0.0706700012087822,0.0708099976181984,0.07064999639987946,0.0708099976181984,1604704
2026-08-02T22:45,0.0708099976181984,0.07083000242710114,0.07071000337600708,0.07071000337600708,338176
2026-08-02T22:50,0.07071000337600708,0.07073000073432922,0.07068999856710434,0.07072000205516815,225664
2026-08-02T22:55,0.07072000205516815,0.07075999677181244,0.07067999988794327,0.07071000337600708,342848
2026-08-02T23:00,0.07071000337600708,0.07072000205516815,0.07062999904155731,0.07062999904155731,0
2026-08-02T23:05,0.0706000030040741,0.07062000036239624,0.07055000215768814,0.07055000215768814,1158336
2026-08-02T23:10,0.07055000215768814,0.07056000083684921,0.07047999650239944,0.07049000263214111,0
2026-08-02T23:15,0.07049000263214111,0.07063999772071838,0.07046999782323837,0.07062999904155731,0
2026-08-02T23:20,0.07062999904155731,0.07066000252962112,0.07056999951601028,0.07064999639987946,1390912
2026-08-02T23:25,0.07066000252962112,0.07071000337600708,0.07066000252962112,0.07071000337600708,1755168
2026-08-02T23:30,0.07068999856710434,0.07069999724626541,0.07064999639987946,0.07068999856710434,276416
2026-08-02T23:35,0.0706700012087822,0.07068999856710434,0.07063999772071838,0.07063999772071838,230464
2026-08-02T23:40,0.07062999904155731,0.07064999639987946,0.07062000036239624,0.07063999772071838,79552
2026-08-02T23:45,0.07062999904155731,0.07067999988794327,0.07058999687433243,0.07063999772071838,0
2026-08-02T23:50,0.07063999772071838,0.07072000205516815,0.07063999772071838,0.07067999988794327,281888
2026-08-02T23:55,0.07064999639987946,0.07073000073432922,0.07064999639987946,0.07072000205516815,146976
2026-08-03T00:00,0.07077000290155411,0.07085999846458435,0.07062999904155731,0.07063999772071838,435232
2026-08-03T00:05,0.07063999772071838,0.07063999772071838,0.07051999866962433,0.07058999687433243,1342720
2026-08-03T00:10,0.07058999687433243,0.07061000168323517,0.07054000347852707,0.07056999951601028,986688
2026-08-03T00:15,0.07056999951601028,0.07057999819517136,0.07050999999046326,0.07050999999046326,0
2026-08-03T00:20,0.07050999999046326,0.07050999999046326,0.07040999829769135,0.07047999650239944,622624
2026-08-03T00:25,0.07047999650239944,0.07047999650239944,0.07023999840021133,0.07030999660491943,263104
2026-08-03T00:30,0.07028999924659729,0.0703200027346611,0.07022000104188919,0.0703200027346611,1487744
2026-08-03T00:35,0.07033000141382217,0.07040999829769135,0.07029999792575836,0.07040999829769135,709920
2026-08-03T00:40,0.07039999961853027,0.07039999961853027,0.07027000188827515,0.07027000188827515,878976
2026-08-03T00:45,0.07029999792575836,0.07030999660491943,0.0701799988746643,0.07026000320911407,605632
2026-08-03T00:50,0.07023999840021133,0.07023999840021133,0.07018999755382538,0.07022999972105026,1196640
2026-08-03T00:55,0.07022000104188919,0.07022000104188919,0.07011000066995621,0.07012999802827835,628544
2026-08-03T01:00,0.07011999934911728,0.07017000019550323,0.07005000114440918,0.07016000151634216,0
2026-08-03T01:05,0.07016000151634216,0.07017000019550323,0.07005000114440918,0.0700799971818924,0
2026-08-03T01:10,0.07009000331163406,0.07011999934911728,0.07000000029802322,0.07005999982357025,0
2026-08-03T01:15,0.07005999982357025,0.07005999982357025,0.06996999680995941,0.07001999765634537,333984
2026-08-03T01:20,0.06995999813079834,0.06999000161886215,0.0699400007724762,0.06998000293970108,53120
2026-08-03T01:25,0.07000000029802322,0.07005999982357025,0.0699400007724762,0.0700099989771843,484384
2026-08-03T01:30,0.0700099989771843,0.07005999982357025,0.06996999680995941,0.07000000029802322,398176
2026-08-03T01:35,0.0700099989771843,0.07002999633550644,0.06994999945163727,0.06998000293970108,109248
2026-08-03T01:40,0.06998000293970108,0.07001999765634537,0.06995999813079834,0.0700099989771843,0
2026-08-03T01:45,0.0700099989771843,0.07005999982357025,0.06998000293970108,0.07005000114440918,38016
2026-08-03T01:50,0.07001999765634537,0.07001999765634537,0.0699400007724762,0.06996999680995941,198400
2026-08-03T01:55,0.06996999680995941,0.0700099989771843,0.06996999680995941,0.0700099989771843,529888
2026-08-03T02:00,0.07000000029802322,0.07001999765634537,0.0699400007724762,0.07001999765634537,0
2026-08-03T02:05,0.06999000161886215,0.07000000029802322,0.06995999813079834,0.06998000293970108,36576
2026-08-03T02:10,0.06994999945163727,0.06999000161886215,0.06988999992609024,0.06995999813079834,0
2026-08-03T02:15,0.06995999813079834,0.07009000331163406,0.06995999813079834,0.07009000331163406,0
2026-08-03T02:20,0.07011999934911728,0.07017000019550323,0.07009000331163406,0.07012999802827835,0
2026-08-03T02:25,0.0700799971818924,0.07011000066995621,0.06998000293970108,0.07000000029802322,236000
2026-08-03T02:30,0.07001999765634537,0.07006999850273132,0.06996999680995941,0.07006999850273132,0
2026-08-03T02:35,0.0700799971818924,0.07011000066995621,0.07004000246524811,0.07009000331163406,0
2026-08-03T02:40,0.07009000331163406,0.07011999934911728,0.07006999850273132,0.07006999850273132,0
2026-08-03T02:45,0.07006999850273132,0.0700799971818924,0.07005000114440918,0.0700799971818924,0
2026-08-03T02:50,0.07006999850273132,0.0700799971818924,0.06999000161886215,0.06999000161886215,0
2026-08-03T02:55,0.06999000161886215,0.06999000161886215,0.0699400007724762,0.06999000161886215,0
2026-08-03T03:00,0.06995999813079834,0.07001999765634537,0.06993000209331512,0.06999000161886215,0
2026-08-03T03:05,0.07000000029802322,0.07001999765634537,0.06988000124692917,0.06992000341415405,0
2026-08-03T03:10,0.06992000341415405,0.06996999680995941,0.06989999860525131,0.06993000209331512,0
2026-08-03T03:15,0.06990999728441238,0.06998000293970108,0.06988999992609024,0.06994999945163727,5472
2026-08-03T03:20,0.06994999945163727,0.06996999680995941,0.06990999728441238,0.06992000341415405,0
2026-08-03T03:25,0.0699400007724762,0.06994999945163727,0.06993000209331512,0.0699400007724762,0
2026-08-03T03:30,0.0699400007724762,0.06994999945163727,0.06990999728441238,0.06992000341415405,0
2026-08-03T03:35,0.06992000341415405,0.06994999945163727,0.06992000341415405,0.06992000341415405,0
2026-08-03T03:40,0.06993000209331512,0.0699400007724762,0.06993000209331512,0.0699400007724762,0
2026-08-03T03:45,0.06992000341415405,0.06992000341415405,0.06964000314474106,0.06983999907970428,213568
2026-08-03T03:50,0.06983999907970428,0.06989999860525131,0.06982000172138214,0.06983000040054321,3327136
2026-08-03T03:55,0.06983000040054321,0.06983999907970428,0.06971000134944916,0.06971000134944916,216480
2026-08-03T04:00,0.06970000267028809,0.06982000172138214,0.06967999786138535,0.06982000172138214,0
2026-08-03T04:05,0.06982000172138214,0.06983999907970428,0.06977000087499619,0.06977000087499619,0
2026-08-03T04:10,0.06977000087499619,0.06982000172138214,0.0697299987077713,0.06977000087499619,425152
2026-08-03T04:15,0.06977999955415726,0.0698700025677681,0.06977999955415726,0.06983999907970428,2079264
2026-08-03T04:20,0.06983999907970428,0.06993000209331512,0.06983999907970428,0.06989999860525131,90144
2026-08-03T04:25,0.06989999860525131,0.06989999860525131,0.06984999775886536,0.06984999775886536,0
2026-08-03T04:30,0.06984999775886536,0.06990999728441238,0.06984999775886536,0.06989999860525131,896896
2026-08-03T04:35,0.06988999992609024,0.06990999728441238,0.06985999643802643,0.06990999728441238,256736
2026-08-03T04:40,0.06990999728441238,0.06993000209331512,0.06989999860525131,0.06992000341415405,0
2026-08-03T04:45,0.06989999860525131,0.06989999860525131,0.06983999907970428,0.06983999907970428,0
2026-08-03T04:50,0.06983999907970428,0.06983999907970428,0.06976000219583511,0.06976000219583511,0
2026-08-03T04:55,0.06976000219583511,0.06976000219583511,0.06961999833583832,0.0696600005030632,0
2026-08-03T05:00,0.06966999918222427,0.06970000267028809,0.06966999918222427,0.06968999654054642,0
2026-08-03T05:05,0.06967999786138535,0.0697999969124794,0.06962999701499939,0.0697999969124794,0
2026-08-03T05:10,0.06978999823331833,0.06985999643802643,0.06978999823331833,0.06985999643802643,0
2026-08-03T05:15,0.06985999643802643,0.06985999643802643,0.06970000267028809,0.0697299987077713,0
2026-08-03T05:20,0.0697299987077713,0.06973999738693237,0.06967999786138535,0.0697299987077713,328448
2026-08-03T05:25,0.06970000267028809,0.0697299987077713,0.06966999918222427,0.06966999918222427,0
2026-08-03T05:30,0.0696600005030632,0.06970000267028809,0.0695900022983551,0.0695900022983551,0
2026-08-03T05:35,0.0695900022983551,0.0696600005030632,0.06956999748945236,0.0696600005030632,0
2026-08-03T05:40,0.06965000182390213,0.06970000267028809,0.06964000314474106,0.06965000182390213,0
2026-08-03T05:45,0.06965000182390213,0.06971000134944916,0.06961999833583832,0.06971000134944916,0
2026-08-03T05:50,0.06971000134944916,0.06971000134944916,0.0696600005030632,0.06968999654054642,84256
2026-08-03T05:55,0.06968999654054642,0.06976000219583511,0.06968999654054642,0.06976000219583511,2110912
2026-08-03T06:00,0.06977000087499619,0.06981000304222107,0.06971000134944916,0.06976000219583511,0
2026-08-03T06:05,0.0697299987077713,0.06975000351667404,0.06968999654054642,0.06971000134944916,0
2026-08-03T06:10,0.06968999654054642,0.06968999654054642,0.06962999701499939,0.06967999786138535,19648
2026-08-03T06:15,0.06967999786138535,0.06968999654054642,0.06966999918222427,0.06967999786138535,2814816
2026-08-03T06:20,0.06966999918222427,0.06966999918222427,0.0695900022983551,0.06964000314474106,2878496
2026-08-03T06:25,0.06960999965667725,0.06962999701499939,0.0695900022983551,0.06961999833583832,517984
2026-08-03T06:30,0.06961999833583832,0.06961999833583832,0.06955999881029129,0.06955999881029129,394976
2026-08-03T06:35,0.06955999881029129,0.06956999748945236,0.06943999975919724,0.0694499984383583,243168
2026-08-03T06:40,0.06945999711751938,0.06945999711751938,0.06938000023365021,0.06938000023365021,239488
2026-08-03T06:45,0.06936000287532806,0.06948000192642212,0.06936000287532806,0.0694499984383583,627616
2026-08-03T06:50,0.0694499984383583,0.06953000277280807,0.0694499984383583,0.06947000324726105,117024
2026-08-03T06:55,0.0694499984383583,0.06945999711751938,0.06932999938726425,0.06936000287532806,275872
2026-08-03T07:00,0.06936000287532806,0.06936000287532806,0.06897000223398209,0.06910999864339828,1801376
2026-08-03T07:05,0.06910999864339828,0.06915000081062317,0.06909999996423721,0.06909999996423721,9475648
2026-08-03T07:10,0.06910999864339828,0.06915000081062317,0.06905999779701233,0.06905999779701233,1383584
2026-08-03T07:15,0.06904000043869019,0.06909000128507614,0.06898999959230423,0.06905999779701233,1131776
2026-08-03T07:20,0.06904999911785126,0.06915000081062317,0.06904000043869019,0.0691400021314621,1914016
2026-08-03T07:25,0.06915000081062317,0.06921999901533127,0.06915000081062317,0.06921999901533127,475488
2026-08-03T07:30,0.06921999901533127,0.0692799985408783,0.06920000165700912,0.0692799985408783,484064
2026-08-03T07:35,0.06925000250339508,0.0692799985408783,0.06920000165700912,0.0692100003361702,387360
2026-08-03T07:40,0.0692100003361702,0.06923999637365341,0.06916999816894531,0.06916999816894531,626464
2026-08-03T07:45,0.06917999684810638,0.0692100003361702,0.06916999816894531,0.06919000297784805,1120544
2026-08-03T07:50,0.06919000297784805,0.0692100003361702,0.06916999816894531,0.0692100003361702,2142848
2026-08-03T07:55,0.0692100003361702,0.06923999637365341,0.06920000165700912,0.06920000165700912,1042144
2026-08-03T08:00,0.06920000165700912,0.06922999769449234,0.06915999948978424,0.06919000297784805,0
2026-08-03T08:05,0.06920000165700912,0.06920000165700912,0.0691400021314621,0.0691400021314621,3333280
2026-08-03T08:10,0.0691400021314621,0.06916999816894531,0.06909999996423721,0.06915000081062317,1119840
2026-08-03T08:15,0.06915000081062317,0.06915000081062317,0.06904000043869019,0.06904000043869019,0
2026-08-03T08:20,0.06902000308036804,0.0690699964761734,0.06891000270843506,0.06904999911785126,0
2026-08-03T08:25,0.06902000308036804,0.06902000308036804,0.06891000270843506,0.06896000355482101,1886848
2026-08-03T08:30,0.06894999742507935,0.06900999695062637,0.06891000270843506,0.06900999695062637,1364704
2026-08-03T08:35,0.06900999695062637,0.06908000260591507,0.06900999695062637,0.06908000260591507,523072
2026-08-03T08:40,0.06909000128507614,0.06916999816894531,0.06909000128507614,0.06915000081062317,914880
2026-08-03T08:45,0.06915000081062317,0.06926000118255615,0.06915000081062317,0.06922999769449234,59264
2026-08-03T08:50,0.06926000118255615,0.06926000118255615,0.06920000165700912,0.06925000250339508,514208
2026-08-03T08:55,0.06925000250339508,0.06926999986171722,0.06925000250339508,0.06925000250339508,334240
2026-08-03T09:00,0.06925000250339508,0.06925000250339508,0.06919000297784805,0.06920000165700912,0
2026-08-03T09:05,0.0692100003361702,0.06931000202894211,0.0692100003361702,0.06931000202894211,0
2026-08-03T09:10,0.06931000202894211,0.06932999938726425,0.06930000334978104,0.06931000202894211,485888
2026-08-03T09:15,0.06931000202894211,0.06931000202894211,0.0692799985408783,0.0692799985408783,0
2026-08-03T09:20,0.0692799985408783,0.06938000023365021,0.0692799985408783,0.06936000287532806,0
2026-08-03T09:25,0.06936000287532806,0.06936000287532806,0.06932999938726425,0.0693499967455864,475296
2026-08-03T09:30,0.0693499967455864,0.06939999759197235,0.06932999938726425,0.06938999891281128,0
2026-08-03T09:35,0.06938999891281128,0.06938999891281128,0.06937000155448914,0.06938000023365021,226848
2026-08-03T09:40,0.06938000023365021,0.06943999975919724,0.0693499967455864,0.06943000108003616,563520
2026-08-03T09:45,0.06943000108003616,0.06949999928474426,0.06943000108003616,0.06949999928474426,929088
2026-08-03T09:50,0.06949999928474426,0.06958000361919403,0.06949999928474426,0.06955000013113022,585952
2026-08-03T09:55,0.06955999881029129,0.06970000267028809,0.06955999881029129,0.06964000314474106,1080800
2026-08-03T10:00,0.06965000182390213,0.06968999654054642,0.06960999965667725,0.06962999701499939,834976
2026-08-03T10:05,0.06960999965667725,0.06960999965667725,0.06956999748945236,0.0695900022983551,632448
2026-08-03T10:10,0.0695900022983551,0.06961999833583832,0.0695900022983551,0.0695900022983551,1465600
2026-08-03T10:15,0.06958000361919403,0.0695900022983551,0.06949000060558319,0.06949000060558319,1343872
2026-08-03T10:20,0.06949999928474426,0.0695199966430664,0.06942000240087509,0.06942000240087509,2720736
2026-08-03T10:25,0.06942000240087509,0.06942000240087509,0.06937000155448914,0.06937000155448914,71968
2026-08-03T10:30,0.06937000155448914,0.06937000155448914,0.06930000334978104,0.0693499967455864,0
2026-08-03T10:35,0.06936000287532806,0.06943999975919724,0.06932999938726425,0.06943000108003616,114560
2026-08-03T10:40,0.06943999975919724,0.0695199966430664,0.06943000108003616,0.06949999928474426,142240
2026-08-03T10:45,0.06948000192642212,0.06948000192642212,0.06937000155448914,0.06937000155448914,239488
2026-08-03T10:50,0.06936000287532806,0.06943999975919724,0.06936000287532806,0.06943999975919724,0
2026-08-03T10:55,0.06943999975919724,0.06947000324726105,0.06939999759197235,0.06943999975919724,0
2026-08-03T11:00,0.06943999975919724,0.06943999975919724,0.0693499967455864,0.0693499967455864,0
2026-08-03T11:05,0.0693499967455864,0.06936000287532806,0.06923999637365341,0.06923999637365341,0
2026-08-03T11:10,0.06923999637365341,0.06930000334978104,0.06923999637365341,0.06930000334978104,710752
2026-08-03T11:15,0.0692799985408783,0.06938000023365021,0.0692799985408783,0.06938000023365021,692896
2026-08-03T11:20,0.06938000023365021,0.06939999759197235,0.06937000155448914,0.06937000155448914,448576
2026-08-03T11:25,0.06938999891281128,0.06938999891281128,0.06933999806642532,0.06933999806642532,210816
2026-08-03T11:30,0.06932999938726425,0.06941000372171402,0.06932999938726425,0.06941000372171402,41088
2026-08-03T11:35,0.06941000372171402,0.06948000192642212,0.06941000372171402,0.06943999975919724,37568
2026-08-03T11:40,0.06943999975919724,0.06943999975919724,0.06938000023365021,0.06942000240087509,415040
2026-08-03T11:45,0.06942000240087509,0.06942000240087509,0.06938000023365021,0.06938000023365021,0
2026-08-03T11:50,0.06938000023365021,0.06938000023365021,0.06931000202894211,0.06931000202894211,0
2026-08-03T11:55,0.06931000202894211,0.06931000202894211,0.06921999901533127,0.06923999637365341,0
2026-08-03T12:00,0.06925000250339508,0.06926000118255615,0.0692100003361702,0.06923999637365341,0
2026-08-03T12:05,0.06923999637365341,0.06923999637365341,0.06915999948978424,0.06922999769449234,1791936
2026-08-03T12:10,0.06922999769449234,0.06949000060558319,0.06922999769449234,0.06939999759197235,2034048
2026-08-03T12:15,0.06939999759197235,0.06949999928474426,0.06938999891281128,0.06947000324726105,4942080
2026-08-03T12:20,0.06945999711751938,0.06945999711751938,0.06942000240087509,0.06943999975919724,954592
2026-08-03T12:25,0.06943999975919724,0.0694499984383583,0.06939999759197235,0.06942000240087509,4160
2026-08-03T12:30,0.06941000372171402,0.06945999711751938,0.06941000372171402,0.06942000240087509,137600
2026-08-03T12:35,0.06942000240087509,0.0694499984383583,0.06939999759197235,0.06943000108003616,0
2026-08-03T12:40,0.06943000108003616,0.0695199966430664,0.06943000108003616,0.0695199966430664,0
2026-08-03T12:45,0.06953000277280807,0.06954000145196915,0.0694499984383583,0.0694499984383583,415776
2026-08-03T12:50,0.0694499984383583,0.06947000324726105,0.06943999975919724,0.0694499984383583,674560
2026-08-03T12:55,0.06947000324726105,0.06949000060558319,0.06945999711751938,0.06947000324726105,47584
2026-08-03T13:00,0.06947000324726105,0.06950999796390533,0.0694499984383583,0.06947000324726105,0
2026-08-03T13:05,0.0694499984383583,0.06949999928474426,0.0694499984383583,0.06949999928474426,619680
2026-08-03T13:10,0.06949999928474426,0.06953000277280807,0.06949000060558319,0.06950999796390533,913152
2026-08-03T13:15,0.06950999796390533,0.06977000087499619,0.06949999928474426,0.06977000087499619,678400
2026-08-03T13:20,0.0697999969124794,0.06983999907970428,0.06977999955415726,0.06981000304222107,733376
2026-08-03T13:25,0.0697999969124794,0.0697999969124794,0.06958000361919403,0.06960999965667725,1250528
2026-08-03T13:30,0.06956999748945236,0.0696600005030632,0.0694499984383583,0.06962999701499939,653856
2026-08-03T13:35,0.06961999833583832,0.06988999992609024,0.06961999833583832,0.06985999643802643,147616
2026-08-03T13:40,0.06990999728441238,0.06995999813079834,0.06985999643802643,0.06994999945163727,2523808
2026-08-03T13:45,0.06996999680995941,0.07001999765634537,0.06983000040054321,0.06996999680995941,2329984
2026-08-03T13:50,0.06995999813079834,0.07023999840021133,0.06993000209331512,0.07021000236272812,4274080
2026-08-03T13:55,0.07022999972105026,0.07037000358104706,0.07021000236272812,0.07028000056743622,4499808
2026-08-03T14:00,0.07027000188827515,0.07030999660491943,0.07011999934911728,0.07022999972105026,3872128
2026-08-03T14:05,0.07022000104188919,0.07028999924659729,0.07012999802827835,0.0701799988746643,3772800
2026-08-03T14:10,0.07021000236272812,0.07033000141382217,0.07011999934911728,0.07013999670743942,1422112
2026-08-03T14:15,0.07011999934911728,0.07022000104188919,0.07005000114440918,0.07010000199079514,2441408
2026-08-03T14:20,0.07005999982357025,0.07018999755382538,0.07000000029802322,0.07017000019550323,3364640
2026-08-03T14:25,0.07020000368356705,0.07041999697685242,0.07018999755382538,0.0703900009393692,906688
2026-08-03T14:30,0.07034000009298325,0.07041999697685242,0.07028000056743622,0.07028999924659729,3148320
2026-08-03T14:35,0.07028000056743622,0.07038000226020813,0.07023999840021133,0.07028999924659729,1717664
2026-08-03T14:40,0.07030999660491943,0.07039999961853027,0.0702499970793724,0.07028000056743622,0
2026-08-03T14:45,0.07026000320911407,0.07027000188827515,0.07016000151634216,0.07022999972105026,78240
2026-08-03T14:50,0.07023999840021133,0.0703200027346611,0.07021000236272812,0.0703200027346611,0
2026-08-03T14:55,0.07033000141382217,0.07041999697685242,0.07030999660491943,0.0703900009393692,0
2026-08-03T15:00,0.07037000358104706,0.07037000358104706,0.07028000056743622,0.07028999924659729,231264
2026-08-03T15:05,0.07028000056743622,0.07028000056743622,0.07018999755382538,0.07022000104188919,329376
2026-08-03T15:10,0.07021000236272812,0.0702499970793724,0.07011000066995621,0.07021000236272812,0
2026-08-03T15:15,0.07023999840021133,0.07026000320911407,0.07011000066995621,0.07022999972105026,1315168
2026-08-03T15:20,0.07028000056743622,0.07037000358104706,0.07022000104188919,0.07037000358104706,193696
2026-08-03T15:25,0.07035999745130539,0.0703900009393692,0.07023999840021133,0.07026000320911407,1158112
2026-08-03T15:30,0.07026000320911407,0.07035999745130539,0.07022999972105026,0.07022999972105026,1894816
2026-08-03T15:35,0.07021000236272812,0.07037000358104706,0.07021000236272812,0.07037000358104706,702656
2026-08-03T15:40,0.07039999961853027,0.07039999961853027,0.07020000368356705,0.07029999792575836,1293280
2026-08-03T15:45,0.0703200027346611,0.07041999697685242,0.07030999660491943,0.07040999829769135,1631072
2026-08-03T15:50,0.07040999829769135,0.07050000131130219,0.07035999745130539,0.07038000226020813,2502816
2026-08-03T15:55,0.07041999697685242,0.07041999697685242,0.07029999792575836,0.07039999961853027,858496
2026-08-03T16:00,0.07040999829769135,0.07050000131130219,0.07034000009298325,0.07037000358104706,273888
2026-08-03T16:05,0.07034000009298325,0.07040999829769135,0.07028000056743622,0.07034999877214432,500672
2026-08-03T16:10,0.07034000009298325,0.07039999961853027,0.07030999660491943,0.07039999961853027,369408
2026-08-03T16:15,0.0703900009393692,0.07047999650239944,0.07034999877214432,0.07038000226020813,366912
2026-08-03T16:20,0.0703900009393692,0.07050000131130219,0.0703900009393692,0.07041999697685242,366784
2026-08-03T16:25,0.07045000046491623,0.07047999650239944,0.07038000226020813,0.0703900009393692,902784
2026-08-03T16:30,0.0703900009393692,0.0703900009393692,0.07028999924659729,0.07034000009298325,424864
2026-08-03T16:35,0.07034000009298325,0.07034999877214432,0.07021000236272812,0.07021000236272812,620288
2026-08-03T16:40,0.07023999840021133,0.07023999840021133,0.07005999982357025,0.07022000104188919,2217568
2026-08-03T16:45,0.07022999972105026,0.07028999924659729,0.07018999755382538,0.07028999924659729,2748416
2026-08-03T16:50,0.07027000188827515,0.07029999792575836,0.07022000104188919,0.07022999972105026,411328
2026-08-03T16:55,0.07022999972105026,0.07027000188827515,0.07021000236272812,0.07027000188827515,174976
2026-08-03T17:00,0.0702499970793724,0.07027000188827515,0.07018999755382538,0.07022999972105026,0
2026-08-03T17:05,0.07022999972105026,0.07028999924659729,0.07022999972105026,0.07027000188827515,1628032
2026-08-03T17:10,0.07026000320911407,0.07034000009298325,0.07023999840021133,0.07034000009298325,320256
2026-08-03T17:15,0.07034000009298325,0.07037000358104706,0.07028000056743622,0.0703200027346611,468384
2026-08-03T17:20,0.0703200027346611,0.0705299973487854,0.0703200027346611,0.07050999999046326,0
2026-08-03T17:25,0.07041999697685242,0.07041999697685242,0.0702499970793724,0.0702499970793724,1212160
2026-08-03T17:30,0.07026000320911407,0.07028000056743622,0.07022999972105026,0.07028000056743622,1230560
2026-08-03T17:35,0.07030999660491943,0.07035999745130539,0.07026000320911407,0.07027000188827515,262880
2026-08-03T17:40,0.07026000320911407,0.07029999792575836,0.07022999972105026,0.07029999792575836,0
2026-08-03T17:45,0.07029999792575836,0.07034999877214432,0.07028000056743622,0.07029999792575836,0
2026-08-03T17:50,0.07028000056743622,0.07028999924659729,0.07016000151634216,0.07016000151634216,0
2026-08-03T17:55,0.07017000019550323,0.07027000188827515,0.07015000283718109,0.0702499970793724,574144
2026-08-03T18:00,0.07026000320911407,0.07033000141382217,0.07023999840021133,0.07033000141382217,0
2026-08-03T18:05,0.07030999660491943,0.07034999877214432,0.07028999924659729,0.07034000009298325,0
2026-08-03T18:10,0.07034000009298325,0.07043000310659409,0.07028999924659729,0.07038000226020813,0
2026-08-03T18:15,0.07038000226020813,0.07040999829769135,0.0703200027346611,0.07033000141382217,0
2026-08-03T18:20,0.07033000141382217,0.07035999745130539,0.07027000188827515,0.07027000188827515,0
2026-08-03T18:25,0.07026000320911407,0.07028999924659729,0.07021000236272812,0.07022000104188919,0
2026-08-03T18:30,0.07022000104188919,0.07028000056743622,0.07021000236272812,0.07028000056743622,0
2026-08-03T18:35,0.07029999792575836,0.0703200027346611,0.07027000188827515,0.07027000188827515,0
2026-08-03T18:40,0.07029999792575836,0.07029999792575836,0.07026000320911407,0.07029999792575836,0
2026-08-03T18:45,0.07030999660491943,0.07035999745130539,0.07026000320911407,0.07035999745130539,0
2026-08-03T18:50,0.07037000358104706,0.07041999697685242,0.07030999660491943,0.07041999697685242,0
2026-08-03T18:55,0.07041999697685242,0.07043000310659409,0.07035999745130539,0.07035999745130539,0
2026-08-03T19:00,0.07038000226020813,0.07039999961853027,0.07034999877214432,0.07035999745130539,0
2026-08-03T19:05,0.07035999745130539,0.07039999961853027,0.07028999924659729,0.07034000009298325,0
2026-08-03T19:10,0.07034999877214432,0.07040999829769135,0.07030999660491943,0.07039999961853027,0
2026-08-03T19:15,0.07039999961853027,0.07041999697685242,0.07035999745130539,0.07035999745130539,115456
2026-08-03T19:20,0.07034999877214432,0.07039999961853027,0.07034999877214432,0.07038000226020813,0
2026-08-03T19:25,0.07038000226020813,0.07044000178575516,0.07034999877214432,0.07037000358104706,95808
2026-08-03T19:30,0.07037000358104706,0.07045000046491623,0.07035999745130539,0.07045000046491623,0
2026-08-03T19:35,0.07044000178575516,0.07044000178575516,0.07028999924659729,0.07029999792575836,282272
2026-08-03T19:40,0.07029999792575836,0.07038000226020813,0.07027000188827515,0.07034999877214432,546240
2026-08-03T19:45,0.07035999745130539,0.07035999745130539,0.07030999660491943,0.07030999660491943,589216
2026-08-03T19:50,0.07028999924659729,0.07029999792575836,0.07023999840021133,0.07023999840021133,93024
2026-08-03T19:55,0.07022000104188919,0.07023999840021133,0.07018999755382538,0.07022999972105026,0
2026-08-03T20:00,0.07022999972105026,0.07027000188827515,0.07018999755382538,0.0702499970793724,0
2026-08-03T20:05,0.07022000104188919,0.07029999792575836,0.07022000104188919,0.07028999924659729,0
2026-08-03T20:10,0.0703200027346611,0.0703200027346611,0.07028999924659729,0.07029999792575836,0
2026-08-03T20:15,0.07029999792575836,0.07034999877214432,0.07029999792575836,0.07034999877214432,0
2026-08-03T20:20,0.07034999877214432,0.0703900009393692,0.0703200027346611,0.0703200027346611,102080
2026-08-03T20:25,0.0703200027346611,0.07035999745130539,0.0703200027346611,0.07034000009298325,47520
2026-08-03T20:30,0.07037000358104706,0.0703900009393692,0.07034999877214432,0.0703900009393692,222432
2026-08-03T20:35,0.0703900009393692,0.07045000046491623,0.0703900009393692,0.07045000046491623,0
2026-08-03T20:40,0.07045000046491623,0.07045000046491623,0.07041999697685242,0.07045000046491623,0
2026-08-03T20:45,0.07039999961853027,0.07045000046491623,0.07035999745130539,0.07038000226020813,277728
2026-08-03T20:50,0.07039999961853027,0.07044000178575516,0.07037000358104706,0.07043000310659409,98368
2026-08-03T20:55,0.07045000046491623,0.07045000046491623,0.07040999829769135,0.07045000046491623,50016
2026-08-03T21:00,0.07045000046491623,0.07050000131130219,0.0703900009393692,0.0703900009393692,0
2026-08-03T21:05,0.07038000226020813,0.07043000310659409,0.07038000226020813,0.0703900009393692,0
2026-08-03T21:10,0.07039999961853027,0.07041999697685242,0.07033000141382217,0.07035999745130539,0
2026-08-03T21:15,0.07034999877214432,0.07039999961853027,0.0703200027346611,0.0703200027346611,0
2026-08-03T21:20,0.0703200027346611,0.07037000358104706,0.07028000056743622,0.07034000009298325,93504
2026-08-03T21:25,0.07033000141382217,0.07041999697685242,0.07033000141382217,0.07041999697685242,62400
2026-08-03T21:30,0.07043000310659409,0.07045000046491623,0.0703900009393692,0.07041999697685242,168096
2026-08-03T21:35,0.07039999961853027,0.07046999782323837,0.07039999961853027,0.0704599991440773,170176
2026-08-03T21:40,0.07043000310659409,0.07045000046491623,0.07039999961853027,0.07044000178575516,0
2026-08-03T21:45,0.07045000046491623,0.07045000046491623,0.07041999697685242,0.07044000178575516,0
2026-08-03T21:50,0.07044000178575516,0.07044000178575516,0.07038000226020813,0.07038000226020813,36448
2026-08-03T21:55,0.07040999829769135,0.07041999697685242,0.0703900009393692,0.07040999829769135,0
2026-08-03T22:00,0.07040999829769135,0.07043000310659409,0.07022000104188919,0.07023999840021133,0
2026-08-03T22:05,0.07022000104188919,0.07022000104188919,0.07011999934911728,0.07017000019550323,0
2026-08-03T22:10,0.07022999972105026,0.07030999660491943,0.07021000236272812,0.07027000188827515,0
2026-08-03T22:15,0.07027000188827515,0.07035999745130539,0.0702499970793724,0.07028000056743622,0
2026-08-03T22:20,0.07028000056743622,0.07029999792575836,0.07022000104188919,0.07022999972105026,0
2026-08-03T22:25,0.07022999972105026,0.07022999972105026,0.07016000151634216,0.07017000019550323,0
2026-08-03T22:30,0.07017000019550323,0.0701799988746643,0.07013999670743942,0.0701799988746643,0
2026-08-03T22:35,0.07016000151634216,0.07016000151634216,0.0700799971818924,0.0700799971818924,0
2026-08-03T22:40,0.0700799971818924,0.07011000066995621,0.07005999982357025,0.07009000331163406,0
2026-08-03T22:45,0.07009000331163406,0.07013999670743942,0.07009000331163406,0.07012999802827835,0
2026-08-03T22:50,0.07015000283718109,0.07020000368356705,0.07013999670743942,0.07020000368356705,0
2026-08-03T22:55,0.07020000368356705,0.07021000236272812,0.07018999755382538,0.07020000368356705,0
2026-08-03T23:00,0.0701799988746643,0.0701799988746643,0.07011000066995621,0.0701799988746643,0
2026-08-03T23:05,0.0701799988746643,0.0701799988746643,0.07012999802827835,0.07012999802827835,0
2026-08-03T23:10,0.07012999802827835,0.07013999670743942,0.07010000199079514,0.07011000066995621,0
2026-08-03T23:15,0.07011000066995621,0.0702499970793724,0.07011000066995621,0.07015000283718109,0
2026-08-03T23:20,0.07016000151634216,0.07018999755382538,0.07016000151634216,0.07016000151634216,0
2026-08-03T23:25,0.07016000151634216,0.07021000236272812,0.07016000151634216,0.07017000019550323,0
2026-08-03T23:30,0.07018999755382538,0.07018999755382538,0.07013999670743942,0.07013999670743942,6144
2026-08-03T23:35,0.07012999802827835,0.07015000283718109,0.0700799971818924,0.07010000199079514,0
2026-08-03T23:40,0.07010000199079514,0.07011999934911728,0.0700799971818924,0.07011999934911728,171008
2026-08-03T23:45,0.07011000066995621,0.07013999670743942,0.07010000199079514,0.07012999802827835,0
2026-08-03T23:50,0.07012999802827835,0.07013999670743942,0.07011000066995621,0.07012999802827835,0
2026-08-03T23:55,0.07012999802827835,0.07017000019550323,0.07011999934911728,0.07015000283718109,357344
2026-08-04T00:00,0.07015000283718109,0.07017000019550323,0.07009000331163406,0.07017000019550323,0
2026-08-04T00:05,0.07017000019550323,0.07022000104188919,0.07015000283718109,0.07018999755382538,0
2026-08-04T00:10,0.07020000368356705,0.07020000368356705,0.07005000114440918,0.07012999802827835,0
2026-08-04T00:15,0.07011999934911728,0.07013999670743942,0.07009000331163406,0.07010000199079514,343168
2026-08-04T00:20,0.07011999934911728,0.07011999934911728,0.06998000293970108,0.07001999765634537,163776
2026-08-04T00:25,0.0700099989771843,0.0700099989771843,0.06994999945163727,0.07000000029802322,906496
2026-08-04T00:30,0.06998000293970108,0.07000000029802322,0.06992000341415405,0.06992000341415405,0
2026-08-04T00:35,0.06990999728441238,0.06990999728441238,0.06983999907970428,0.06988999992609024,154880
2026-08-04T00:40,0.06988999992609024,0.06995999813079834,0.06985999643802643,0.06994999945163727,97760
2026-08-04T00:45,0.06994999945163727,0.07005999982357025,0.0699400007724762,0.07005999982357025,189376
2026-08-04T00:50,0.07006999850273132,0.07006999850273132,0.06996999680995941,0.06999000161886215,0
2026-08-04T00:55,0.06995999813079834,0.06995999813079834,0.06988999992609024,0.06989999860525131,694368
2026-08-04T01:00,0.06990999728441238,0.06998000293970108,0.06989999860525131,0.06990999728441238,0
2026-08-04T01:05,0.0699400007724762,0.06998000293970108,0.06990999728441238,0.06998000293970108,2848
2026-08-04T01:10,0.06996999680995941,0.07000000029802322,0.06995999813079834,0.06995999813079834,0
2026-08-04T01:15,0.06998000293970108,0.07000000029802322,0.06989999860525131,0.07000000029802322,0
2026-08-04T01:20,0.07000000029802322,0.07006999850273132,0.07000000029802322,0.07001999765634537,0
2026-08-04T01:25,0.07000000029802322,0.0700099989771843,0.06993000209331512,0.06998000293970108,796992
2026-08-04T01:30,0.06998000293970108,0.0703200027346611,0.06998000293970108,0.07028999924659729,0
2026-08-04T01:35,0.07033000141382217,0.07034999877214432,0.07021000236272812,0.07022999972105026,336864
2026-08-04T01:40,0.07023999840021133,0.0704599991440773,0.07023999840021133,0.07033000141382217,965152
2026-08-04T01:45,0.07033000141382217,0.07038000226020813,0.07028000056743622,0.07034000009298325,1769120
2026-08-04T01:50,0.07034000009298325,0.07046999782323837,0.07033000141382217,0.07045000046491623,165824
2026-08-04T01:55,0.07045000046491623,0.07045000046491623,0.07038000226020813,0.07040999829769135,609280
2026-08-04T02:00,0.07044000178575516,0.07046999782323837,0.07040999829769135,0.07043000310659409,0
2026-08-04T02:05,0.07041999697685242,0.07041999697685242,0.07037000358104706,0.07041999697685242,855232
2026-08-04T02:10,0.07040999829769135,0.07040999829769135,0.07034999877214432,0.07034999877214432,431264
2026-08-04T02:15,0.07033000141382217,0.07035999745130539,0.07022000104188919,0.07022000104188919,0
2026-08-04T02:20,0.07022000104188919,0.07029999792575836,0.0701799988746643,0.07028999924659729,0
2026-08-04T02:25,0.07028999924659729,0.0703900009393692,0.07028999924659729,0.07034999877214432,0
2026-08-04T02:30,0.07034999877214432,0.07045000046491623,0.07034999877214432,0.07044000178575516,46496
2026-08-04T02:35,0.0704599991440773,0.07057999819517136,0.07045000046491623,0.07045000046491623,473120
2026-08-04T02:40,0.07044000178575516,0.0704599991440773,0.07039999961853027,0.07043000310659409,1133280
2026-08-04T02:45,0.07043000310659409,0.07045000046491623,0.07040999829769135,0.07043000310659409,199008
2026-08-04T02:50,0.07041999697685242,0.07044000178575516,0.0703900009393692,0.07041999697685242,0
2026-08-04T02:55,0.07041999697685242,0.07041999697685242,0.07035999745130539,0.07035999745130539,4576
2026-08-04T03:00,0.07035999745130539,0.07038000226020813,0.07034999877214432,0.07038000226020813,0
2026-08-04T03:05,0.0703900009393692,0.07040999829769135,0.07035999745130539,0.07038000226020813,0
2026-08-04T03:10,0.07038000226020813,0.07038000226020813,0.07026000320911407,0.07026000320911407,0
2026-08-04T03:15,0.0702499970793724,0.07027000188827515,0.07018999755382538,0.07018999755382538,109664
2026-08-04T03:20,0.07021000236272812,0.07027000188827515,0.07021000236272812,0.07022999972105026,0
2026-08-04T03:25,0.07022000104188919,0.07033000141382217,0.07022000104188919,0.0703200027346611,195040
2026-08-04T03:30,0.07033000141382217,0.07040999829769135,0.07033000141382217,0.07034999877214432,0
2026-08-04T03:35,0.0703200027346611,0.07034999877214432,0.0703200027346611,0.07034999877214432,34208
2026-08-04T03:40,0.07034999877214432,0.07034999877214432,0.07029999792575836,0.07029999792575836,0
2026-08-04T03:45,0.07029999792575836,0.07030999660491943,0.07026000320911407,0.07030999660491943,0
2026-08-04T03:50,0.07030999660491943,0.07034000009298325,0.07028000056743622,0.07028999924659729,0
2026-08-04T03:55,0.07027000188827515,0.07027000188827515,0.07022000104188919,0.07022000104188919,0
2026-08-04T04:00,0.07022000104188919,0.07022000104188919,0.07018999755382538,0.07018999755382538,0
2026-08-04T04:05,0.0701799988746643,0.0701799988746643,0.07012999802827835,0.0701799988746643,0
2026-08-04T04:10,0.07021000236272812,0.07023999840021133,0.07018999755382538,0.07023999840021133,0
2026-08-04T04:15,0.07023999840021133,0.07035999745130539,0.07022000104188919,0.07035999745130539,0
2026-08-04T04:20,0.07035999745130539,0.0703900009393692,0.07034000009298325,0.07037000358104706,202816
2026-08-04T04:25,0.07037000358104706,0.07037000358104706,0.07030999660491943,0.07030999660491943,0
2026-08-04T04:30,0.07028000056743622,0.07034000009298325,0.07028000056743622,0.07034000009298325,0
2026-08-04T04:35,0.0703200027346611,0.07039999961853027,0.07030999660491943,0.07039999961853027,0
2026-08-04T04:40,0.07040999829769135,0.07040999829769135,0.07034999877214432,0.0703900009393692,0
2026-08-04T04:45,0.07038000226020813,0.07054000347852707,0.07037000358104706,0.07046999782323837,0
2026-08-04T04:50,0.07047999650239944,0.07047999650239944,0.07040999829769135,0.07041999697685242,1975392
2026-08-04T04:55,0.07041999697685242,0.07041999697685242,0.07028000056743622,0.07028000056743622,358560
2026-08-04T05:00,0.07030999660491943,0.07030999660491943,0.07018999755382538,0.07022000104188919,0
2026-08-04T05:05,0.07022000104188919,0.07022999972105026,0.07018999755382538,0.07021000236272812,0
2026-08-04T05:10,0.07021000236272812,0.07021000236272812,0.07013999670743942,0.07013999670743942,0
2026-08-04T05:15,0.07015000283718109,0.07018999755382538,0.07015000283718109,0.07016000151634216,0
2026-08-04T05:20,0.0701799988746643,0.07022999972105026,0.0701799988746643,0.07022000104188919,0
2026-08-04T05:25,0.07020000368356705,0.07021000236272812,0.07018999755382538,0.07021000236272812,0
2026-08-04T05:30,0.07021000236272812,0.07026000320911407,0.0701799988746643,0.0701799988746643,0
2026-08-04T05:35,0.0701799988746643,0.07022000104188919,0.0701799988746643,0.07018999755382538,0
2026-08-04T05:40,0.07018999755382538,0.07022000104188919,0.07017000019550323,0.07020000368356705,0
2026-08-04T05:45,0.07020000368356705,0.07023999840021133,0.07016000151634216,0.07016000151634216,0
2026-08-04T05:50,0.07016000151634216,0.07022000104188919,0.07013999670743942,0.07021000236272812,0
2026-08-04T05:55,0.07021000236272812,0.07023999840021133,0.07021000236272812,0.07023999840021133,0
2026-08-04T06:00,0.07022999972105026,0.0702499970793724,0.07020000368356705,0.07022999972105026,0
2026-08-04T06:05,0.07022999972105026,0.07026000320911407,0.07022999972105026,0.07023999840021133,0
2026-08-04T06:10,0.07026000320911407,0.07028000056743622,0.07022000104188919,0.07022999972105026,0
2026-08-04T06:15,0.07022999972105026,0.07037000358104706,0.07022999972105026,0.07035999745130539,0
2026-08-04T06:20,0.07034999877214432,0.07034999877214432,0.07028999924659729,0.07028999924659729,0
2026-08-04T06:25,0.07027000188827515,0.07028999924659729,0.07020000368356705,0.07020000368356705,18144
2026-08-04T06:30,0.07020000368356705,0.07022999972105026,0.07015000283718109,0.07022000104188919,0
2026-08-04T06:35,0.07022000104188919,0.07023999840021133,0.0700799971818924,0.0700799971818924,0
2026-08-04T06:40,0.07005999982357025,0.07011999934911728,0.07004000246524811,0.07004000246524811,0
2026-08-04T06:45,0.07005000114440918,0.0701799988746643,0.07005000114440918,0.07015000283718109,0
2026-08-04T06:50,0.07011999934911728,0.07012999802827835,0.0700799971818924,0.0700799971818924,491040
2026-08-04T06:55,0.07010000199079514,0.07016000151634216,0.0700799971818924,0.07013999670743942,127040
2026-08-04T07:00,0.07013999670743942,0.07013999670743942,0.07009000331163406,0.07012999802827835,0
2026-08-04T07:05,0.07012999802827835,0.07012999802827835,0.07002999633550644,0.07002999633550644,0
2026-08-04T07:10,0.07002999633550644,0.07005999982357025,0.07002999633550644,0.07004000246524811,0
2026-08-04T07:15,0.07002999633550644,0.07002999633550644,0.06998000293970108,0.06998000293970108,0
2026-08-04T07:20,0.06998000293970108,0.0700099989771843,0.0699400007724762,0.0700099989771843,0
2026-08-04T07:25,0.07001999765634537,0.07015000283718109,0.07001999765634537,0.07015000283718109,0
2026-08-04T07:30,0.07017000019550323,0.07033000141382217,0.07017000019550323,0.07023999840021133,396800
2026-08-04T07:35,0.07026000320911407,0.07026000320911407,0.0701799988746643,0.07018999755382538,522720
2026-08-04T07:40,0.07018999755382538,0.07018999755382538,0.07015000283718109,0.07016000151634216,0
2026-08-04T07:45,0.07016000151634216,0.07022000104188919,0.07016000151634216,0.07022000104188919,0
2026-08-04T07:50,0.07022999972105026,0.07023999840021133,0.07020000368356705,0.07020000368356705,0
2026-08-04T07:55,0.07020000368356705,0.0702499970793724,0.07020000368356705,0.07022000104188919,0
2026-08-04T08:00,0.07022000104188919,0.07023999840021133,0.07022000104188919,0.07022999972105026,0
2026-08-04T08:05,0.07022999972105026,0.07023999840021133,0.0701799988746643,0.0701799988746643,0
2026-08-04T08:10,0.07017000019550323,0.07017000019550323,0.07012999802827835,0.07013999670743942,0
2026-08-04T08:15,0.07012999802827835,0.07015000283718109,0.07011000066995621,0.07011999934911728,0
2026-08-04T08:20,0.07011999934911728,0.07013999670743942,0.07010000199079514,0.07013999670743942,0
2026-08-04T08:25,0.07013999670743942,0.0701799988746643,0.07012999802827835,0.07012999802827835,0
2026-08-04T08:30,0.07011999934911728,0.07011999934911728,0.07001999765634537,0.07002999633550644,0
2026-08-04T08:35,0.07002999633550644,0.07005999982357025,0.07002999633550644,0.07005999982357025,0
2026-08-04T08:40,0.07010000199079514,0.07011999934911728,0.07005000114440918,0.07010000199079514,0
2026-08-04T08:45,0.07009000331163406,0.07009000331163406,0.07002999633550644,0.07009000331163406,0
2026-08-04T08:50,0.07009000331163406,0.07009000331163406,0.0700799971818924,0.07009000331163406,0
2026-08-04T08:55,0.07010000199079514,0.07010000199079514,0.07005000114440918,0.07006999850273132,0
2026-08-04T09:00,0.07004000246524811,0.07005999982357025,0.07001999765634537,0.07001999765634537,0
2026-08-04T09:05,0.07001999765634537,0.07002999633550644,0.06999000161886215,0.06999000161886215,413472
2026-08-04T09:10,0.07000000029802322,0.07002999633550644,0.06998000293970108,0.0700099989771843,951424
2026-08-04T09:15,0.0700099989771843,0.07004000246524811,0.06996999680995941,0.06996999680995941,662496
2026-08-04T09:20,0.07000000029802322,0.07005999982357025,0.07000000029802322,0.07005999982357025,0
2026-08-04T09:25,0.07005999982357025,0.07006999850273132,0.07004000246524811,0.07004000246524811,128704
2026-08-04T09:30,0.07002999633550644,0.07010000199079514,0.0700099989771843,0.07010000199079514,153760
2026-08-04T09:35,0.07011000066995621,0.07012999802827835,0.07011000066995621,0.07011999934911728,287456
2026-08-04T09:40,0.07013999670743942,0.07016000151634216,0.07010000199079514,0.07010000199079514,0
2026-08-04T09:45,0.07009000331163406,0.07011000066995621,0.07005999982357025,0.07006999850273132,0
2026-08-04T09:50,0.07006999850273132,0.07011000066995621,0.07006999850273132,0.07011000066995621,0
2026-08-04T09:55,0.07011000066995621,0.07012999802827835,0.07010000199079514,0.07011999934911728,0
2026-08-04T10:00,0.07011000066995621,0.07011000066995621,0.07005000114440918,0.07005000114440918,0
2026-08-04T10:05,0.07004000246524811,0.07006999850273132,0.07004000246524811,0.07005999982357025,0
2026-08-04T10:10,0.07005999982357025,0.07005999982357025,0.07001999765634537,0.07001999765634537,0
2026-08-04T10:15,0.0700099989771843,0.0700099989771843,0.06996999680995941,0.07000000029802322,0
2026-08-04T10:20,0.07001999765634537,0.07006999850273132,0.0700099989771843,0.0700099989771843,0
2026-08-04T10:25,0.0700099989771843,0.07002999633550644,0.07000000029802322,0.07000000029802322,0
2026-08-04T10:30,0.07000000029802322,0.07005999982357025,0.07000000029802322,0.07005999982357025,0
2026-08-04T10:35,0.07005000114440918,0.07009000331163406,0.07001999765634537,0.0700799971818924,0
2026-08-04T10:40,0.0700799971818924,0.07023999840021133,0.0700799971818924,0.07022999972105026,0
2026-08-04T10:45,0.07021000236272812,0.0703900009393692,0.07021000236272812,0.07030999660491943,870496
2026-08-04T10:50,0.07030999660491943,0.07037000358104706,0.07028999924659729,0.0703200027346611,1039808
2026-08-04T10:55,0.07030999660491943,0.07033000141382217,0.07029999792575836,0.07029999792575836,243200
2026-08-04T11:00,0.07028000056743622,0.07034999877214432,0.07028000056743622,0.07034000009298325,0
2026-08-04T11:05,0.07038000226020813,0.07038000226020813,0.07030999660491943,0.0703200027346611,278560
2026-08-04T11:10,0.0703200027346611,0.0703200027346611,0.0702499970793724,0.07026000320911407,0
2026-08-04T11:15,0.07023999840021133,0.07023999840021133,0.07021000236272812,0.07022999972105026,0
2026-08-04T11:20,0.07022999972105026,0.0703200027346611,0.07021000236272812,0.07022000104188919,153536
2026-08-04T11:25,0.07020000368356705,0.0702499970793724,0.07018999755382538,0.07023999840021133,218912
2026-08-04T11:30,0.07022999972105026,0.0702499970793724,0.07018999755382538,0.0702499970793724,240704
2026-08-04T11:35,0.0702499970793724,0.0702499970793724,0.07021000236272812,0.07022000104188919,47488
2026-08-04T11:40,0.07022000104188919,0.07037000358104706,0.07021000236272812,0.07037000358104706,0
2026-08-04T11:45,0.07034999877214432,0.07039999961853027,0.07034999877214432,0.07039999961853027,626720
2026-08-04T11:50,0.07039999961853027,0.07049000263214111,0.07039999961853027,0.0704599991440773,980864
2026-08-04T11:55,0.07049000263214111,0.07062000036239624,0.07047999650239944,0.07051999866962433,1736064
2026-08-04T12:00,0.0705299973487854,0.0705299973487854,0.07037000358104706,0.07044000178575516,0
2026-08-04T12:05,0.0704599991440773,0.07050999999046326,0.07041999697685242,0.07050999999046326,0
2026-08-04T12:10,0.07049000263214111,0.07050999999046326,0.07039999961853027,0.07039999961853027,0
2026-08-04T12:15,0.07039999961853027,0.07039999961853027,0.07035999745130539,0.07037000358104706,0
2026-08-04T12:20,0.07035999745130539,0.07044000178575516,0.07035999745130539,0.07040999829769135,0
2026-08-04T12:25,0.07040999829769135,0.07040999829769135,0.07035999745130539,0.07035999745130539,2688
2026-08-04T12:30,0.07038000226020813,0.0703900009393692,0.07030999660491943,0.0703900009393692,268352
2026-08-04T12:35,0.07039999961853027,0.07047999650239944,0.07039999961853027,0.07045000046491623,1163040
2026-08-04T12:40,0.07044000178575516,0.0704599991440773,0.07037000358104706,0.0703900009393692,1199616
2026-08-04T12:45,0.07038000226020813,0.07038000226020813,0.07029999792575836,0.07030999660491943,0
2026-08-04T12:50,0.07030999660491943,0.07037000358104706,0.07029999792575836,0.07037000358104706,0
2026-08-04T12:55,0.07038000226020813,0.07041999697685242,0.07038000226020813,0.07040999829769135,140576
2026-08-04T13:00,0.07040999829769135,0.07041999697685242,0.07034000009298325,0.07039999961853027,0
2026-08-04T13:05,0.07041999697685242,0.07043000310659409,0.07034999877214432,0.07034999877214432,0
2026-08-04T13:10,0.07034000009298325,0.07037000358104706,0.0703200027346611,0.07033000141382217,204896
2026-08-04T13:15,0.07034000009298325,0.07034000009298325,0.07022999972105026,0.0702499970793724,0
2026-08-04T13:20,0.07027000188827515,0.07035999745130539,0.07022999972105026,0.07022999972105026,0
2026-08-04T13:25,0.07021000236272812,0.07027000188827515,0.07021000236272812,0.07027000188827515,187264
2026-08-04T13:30,0.07021000236272812,0.07040999829769135,0.07020000368356705,0.07040999829769135,0
2026-08-04T13:35,0.07038000226020813,0.07044000178575516,0.07034000009298325,0.07039999961853027,0
2026-08-04T13:40,0.07039999961853027,0.0704599991440773,0.07035999745130539,0.07035999745130539,0
2026-08-04T13:45,0.07034000009298325,0.07034000009298325,0.07015000283718109,0.07020000368356705,0
2026-08-04T13:50,0.0702499970793724,0.0702499970793724,0.07013999670743942,0.07018999755382538,78048
2026-08-04T13:55,0.07022000104188919,0.07022000104188919,0.07005999982357025,0.07010000199079514,0
2026-08-04T14:00,0.07010000199079514,0.07012999802827835,0.07000000029802322,0.07012999802827835,0
2026-08-04T14:05,0.07011999934911728,0.07017000019550323,0.07004000246524811,0.07004000246524811,0
2026-08-04T14:10,0.07004000246524811,0.07004000246524811,0.06992000341415405,0.07001999765634537,0
2026-08-04T14:15,0.07000000029802322,0.07002999633550644,0.06973999738693237,0.06977000087499619,0
2026-08-04T14:20,0.06977999955415726,0.06982000172138214,0.0697299987077713,0.0697299987077713,1474304
2026-08-04T14:25,0.06975000351667404,0.06989999860525131,0.06975000351667404,0.06989999860525131,0
2026-08-04T14:30,0.06992000341415405,0.0700099989771843,0.06985999643802643,0.06998000293970108,0
2026-08-04T14:35,0.06999000161886215,0.07001999765634537,0.06994999945163727,0.07001999765634537,0
2026-08-04T14:40,0.07001999765634537,0.07022000104188919,0.07001999765634537,0.07015000283718109,0
2026-08-04T14:45,0.0701799988746643,0.0701799988746643,0.0700799971818924,0.0700799971818924,0
2026-08-04T14:50,0.07005999982357025,0.07012999802827835,0.07004000246524811,0.07006999850273132,0
2026-08-04T14:55,0.07006999850273132,0.07015000283718109,0.07006999850273132,0.07010000199079514,0
2026-08-04T15:00,0.07010000199079514,0.07018999755382538,0.07006999850273132,0.07017000019550323,0
2026-08-04T15:05,0.07017000019550323,0.07017000019550323,0.07009000331163406,0.07009000331163406,0
2026-08-04T15:10,0.0700799971818924,0.07017000019550323,0.07002999633550644,0.07013999670743942,0
2026-08-04T15:15,0.07012999802827835,0.07015000283718109,0.07006999850273132,0.0700799971818924,0
2026-08-04T15:20,0.0700799971818924,0.0700799971818924,0.07002999633550644,0.07002999633550644,0
2026-08-04T15:25,0.07004000246524811,0.07005999982357025,0.06990999728441238,0.06992000341415405,0
2026-08-04T15:30,0.06994999945163727,0.07004000246524811,0.06994999945163727,0.06999000161886215,0
2026-08-04T15:35,0.06996999680995941,0.07002999633550644,0.0699400007724762,0.06998000293970108,0
2026-08-04T15:40,0.0700099989771843,0.07018999755382538,0.06999000161886215,0.07018999755382538,0
2026-08-04T15:45,0.07017000019550323,0.07034000009298325,0.07012999802827835,0.0702499970793724,0
2026-08-04T15:50,0.07023999840021133,0.0703200027346611,0.07021000236272812,0.07022999972105026,0
2026-08-04T15:55,0.07022999972105026,0.07022999972105026,0.0701799988746643,0.07018999755382538,0
2026-08-04T16:00,0.07020000368356705,0.07021000236272812,0.07006999850273132,0.0700799971818924,0
2026-08-04T16:05,0.07009000331163406,0.07009000331163406,0.06996999680995941,0.07002999633550644,0
2026-08-04T16:10,0.07004000246524811,0.07011999934911728,0.07002999633550644,0.07005000114440918,65536
2026-08-04T16:15,0.07005000114440918,0.07016000151634216,0.07002999633550644,0.07011000066995621,0
2026-08-04T16:20,0.07013999670743942,0.07023999840021133,0.07011000066995621,0.07023999840021133,0
2026-08-04T16:25,0.07021000236272812,0.07033000141382217,0.07013999670743942,0.07018999755382538,280224
2026-08-04T16:30,0.07016000151634216,0.07020000368356705,0.07015000283718109,0.07020000368356705,1045408
2026-08-04T16:35,0.0701799988746643,0.07021000236272812,0.07009000331163406,0.07012999802827835,717152
2026-08-04T16:40,0.07013999670743942,0.07016000151634216,0.07011000066995621,0.07016000151634216,0
2026-08-04T16:45,0.07015000283718109,0.07023999840021133,0.07015000283718109,0.07022000104188919,0
2026-08-04T16:50,0.07023999840021133,0.07023999840021133,0.0701799988746643,0.0701799988746643,0
2026-08-04T16:55,0.0701799988746643,0.07028999924659729,0.07015000283718109,0.07028000056743622,0
2026-08-04T17:00,0.07028000056743622,0.07039999961853027,0.07028000056743622,0.07039999961853027,0
2026-08-04T17:05,0.07038000226020813,0.07051999866962433,0.07038000226020813,0.07049000263214111,656192
2026-08-04T17:10,0.07041999697685242,0.07041999697685242,0.07034999877214432,0.07034999877214432,831072
2026-08-04T17:15,0.07034999877214432,0.0703900009393692,0.07030999660491943,0.07030999660491943,671040
2026-08-04T17:20,0.07028000056743622,0.07035999745130539,0.0702499970793724,0.0702499970793724,341216
2026-08-04T17:25,0.0702499970793724,0.07034999877214432,0.0702499970793724,0.07034999877214432,0
2026-08-04T17:30,0.07035999745130539,0.07037000358104706,0.07030999660491943,0.07034000009298325,0
2026-08-04T17:35,0.07037000358104706,0.07037000358104706,0.07026000320911407,0.07028999924659729,0
2026-08-04T17:40,0.07029999792575836,0.07033000141382217,0.07028999924659729,0.07030999660491943,30336
2026-08-04T17:45,0.07030999660491943,0.0703200027346611,0.07027000188827515,0.07027000188827515,443360
2026-08-04T17:50,0.07027000188827515,0.07027000188827515,0.0701799988746643,0.07020000368356705,107680
2026-08-04T17:55,0.0701799988746643,0.0701799988746643,0.07015000283718109,0.07016000151634216,0
2026-08-04T18:00,0.07017000019550323,0.07028999924659729,0.07015000283718109,0.07028000056743622,0
2026-08-04T18:05,0.07028999924659729,0.07037000358104706,0.07027000188827515,0.07027000188827515,172256
2026-08-04T18:10,0.07030999660491943,0.0703900009393692,0.07028999924659729,0.0703900009393692,223136
2026-08-04T18:15,0.07040999829769135,0.07051999866962433,0.07038000226020813,0.07051999866962433,199840
2026-08-04T18:20,0.07051999866962433,0.0706000030040741,0.07044000178575516,0.07047999650239944,1380928
2026-08-04T18:25,0.07049000263214111,0.07049000263214111,0.07044000178575516,0.07044000178575516,907264
2026-08-04T18:30,0.0704599991440773,0.07046999782323837,0.07039999961853027,0.07039999961853027,217600
2026-08-04T18:35,0.07039999961853027,0.07041999697685242,0.07033000141382217,0.07034000009298325,129344
2026-08-04T18:40,0.07029999792575836,0.07033000141382217,0.07028999924659729,0.07033000141382217,252704
2026-08-04T18:45,0.07034999877214432,0.07038000226020813,0.07034000009298325,0.07037000358104706,438528
2026-08-04T18:50,0.07035999745130539,0.07039999961853027,0.07034999877214432,0.0703900009393692,0
2026-08-04T18:55,0.0703900009393692,0.0703900009393692,0.07033000141382217,0.07037000358104706,81472
2026-08-04T19:00,0.07037000358104706,0.07037000358104706,0.07034999877214432,0.07037000358104706,0
2026-08-04T19:05,0.07035999745130539,0.07038000226020813,0.07033000141382217,0.07038000226020813,13888
2026-08-04T19:10,0.07038000226020813,0.07039999961853027,0.07034000009298325,0.0703900009393692,0
2026-08-04T19:15,0.07040999829769135,0.07041999697685242,0.07034999877214432,0.07035999745130539,0
2026-08-04T19:20,0.07033000141382217,0.07034999877214432,0.07029999792575836,0.07029999792575836,59488
2026-08-04T19:25,0.07029999792575836,0.07034999877214432,0.07029999792575836,0.07033000141382217,66368
2026-08-04T19:30,0.07034000009298325,0.07039999961853027,0.0703200027346611,0.07037000358104706,177664
2026-08-04T19:35,0.07037000358104706,0.07045000046491623,0.07034999877214432,0.07035999745130539,0
2026-08-04T19:40,0.07034999877214432,0.07041999697685242,0.07034999877214432,0.07041999697685242,648928
2026-08-04T19:45,0.07041999697685242,0.07041999697685242,0.07037000358104706,0.07040999829769135,194208
2026-08-04T19:50,0.07039999961853027,0.07039999961853027,0.07035999745130539,0.07037000358104706,105024
2026-08-04T19:55,0.0703900009393692,0.07040999829769135,0.07035999745130539,0.07039999961853027,217792
2026-08-04T20:00,0.07039999961853027,0.07039999961853027,0.07026000320911407,0.07027000188827515,367904
2026-08-04T20:05,0.07026000320911407,0.07033000141382217,0.07023999840021133,0.07033000141382217,806912
2026-08-04T20:10,0.0703200027346611,0.07034000009298325,0.07027000188827515,0.07034000009298325,235520
2026-08-04T20:15,0.07028999924659729,0.07028999924659729,0.0700799971818924,0.0700799971818924,1236256
2026-08-04T20:20,0.0700799971818924,0.07011999934911728,0.07005999982357025,0.07011999934911728,832096
2026-08-04T20:25,0.07012999802827835,0.07021000236272812,0.07011999934911728,0.07021000236272812,47008
2026-08-04T20:30,0.07021000236272812,0.07028999924659729,0.07021000236272812,0.07022999972105026,93792
2026-08-04T20:35,0.07022999972105026,0.07033000141382217,0.07022999972105026,0.07033000141382217,430560
2026-08-04T20:40,0.07037000358104706,0.07049000263214111,0.07037000358104706,0.07041999697685242,595712
2026-08-04T20:45,0.07039999961853027,0.07039999961853027,0.07034999877214432,0.07034999877214432,1694432
2026-08-04T20:50,0.07034999877214432,0.07034999877214432,0.07030999660491943,0.07033000141382217,0
2026-08-04T20:55,0.07033000141382217,0.07034000009298325,0.07030999660491943,0.0703200027346611,0
2026-08-04T21:00,0.0703200027346611,0.0703200027346611,0.0702499970793724,0.07030999660491943,0
2026-08-04T21:05,0.07029999792575836,0.07029999792575836,0.0702499970793724,0.0702499970793724,1999296
2026-08-04T21:10,0.0702499970793724,0.07027000188827515,0.0701799988746643,0.0701799988746643,291968
2026-08-04T21:15,0.07021000236272812,0.07021000236272812,0.07016000151634216,0.07017000019550323,42976
2026-08-04T21:20,0.07016000151634216,0.07027000188827515,0.07015000283718109,0.07027000188827515,0
2026-08-04T21:25,0.07028000056743622,0.07028000056743622,0.07018999755382538,0.07021000236272812,48800
2026-08-04T21:30,0.07020000368356705,0.07022000104188919,0.07017000019550323,0.07021000236272812,0
2026-08-04T21:35,0.07021000236272812,0.07026000320911407,0.07021000236272812,0.0702499970793724,633536
2026-08-04T21:40,0.0702499970793724,0.0702499970793724,0.07022000104188919,0.07022000104188919,0
2026-08-04T21:45,0.07022999972105026,0.07028000056743622,0.07020000368356705,0.07028000056743622,46304
2026-08-04T21:50,0.07028000056743622,0.07028000056743622,0.07016000151634216,0.07016000151634216,0
2026-08-04T21:55,0.07016000151634216,0.07027000188827515,0.07016000151634216,0.07027000188827515,0
2026-08-04T22:00,0.07026000320911407,0.07026000320911407,0.07015000283718109,0.07020000368356705,191648
2026-08-04T22:05,0.07021000236272812,0.0702499970793724,0.07020000368356705,0.07022000104188919,0
2026-08-04T22:10,0.07022999972105026,0.0702499970793724,0.07022999972105026,0.0702499970793724,0
2026-08-04T22:15,0.07022999972105026,0.07027000188827515,0.07022999972105026,0.0702499970793724,0
2026-08-04T22:20,0.07028999924659729,0.07028999924659729,0.07022999972105026,0.07023999840021133,45024
2026-08-04T22:25,0.07023999840021133,0.0703200027346611,0.07023999840021133,0.0703200027346611,59744
2026-08-04T22:30,0.0703200027346611,0.07033000141382217,0.07029999792575836,0.0703200027346611,0
2026-08-04T22:35,0.0703200027346611,0.0703200027346611,0.07028000056743622,0.07028000056743622,0
2026-08-04T22:40,0.07029999792575836,0.0703200027346611,0.07026000320911407,0.0703200027346611,0
2026-08-04T22:45,0.07028000056743622,0.07034000009298325,0.07028000056743622,0.07030999660491943,0
2026-08-04T22:50,0.07030999660491943,0.07033000141382217,0.07026000320911407,0.07033000141382217,0
2026-08-04T22:55,0.0703200027346611,0.07035999745130539,0.0703200027346611,0.07034999877214432,5728
2026-08-04T23:00,0.07034999877214432,0.07034999877214432,0.07027000188827515,0.0703200027346611,0
2026-08-04T23:05,0.0703200027346611,0.07045000046491623,0.0703200027346611,0.07040999829769135,0
2026-08-04T23:10,0.0703900009393692,0.07045000046491623,0.0703900009393692,0.07043000310659409,1205632
2026-08-04T23:15,0.07043000310659409,0.07046999782323837,0.07041999697685242,0.07041999697685242,580640
2026-08-04T23:20,0.07040999829769135,0.07040999829769135,0.07027000188827515,0.07027000188827515,0
2026-08-04T23:25,0.0702499970793724,0.0702499970793724,0.07017000019550323,0.07018999755382538,0
2026-08-04T23:30,0.07017000019550323,0.07017000019550323,0.0700799971818924,0.0700799971818924,1354496
2026-08-04T23:35,0.07011000066995621,0.07011000066995621,0.0700799971818924,0.0700799971818924,349376
2026-08-04T23:40,0.0700799971818924,0.07022999972105026,0.0700799971818924,0.07012999802827835,0
2026-08-04T23:45,0.07012999802827835,0.07015000283718109,0.07004000246524811,0.07011000066995621,787360
2026-08-04T23:50,0.07011000066995621,0.07011999934911728,0.07005999982357025,0.07006999850273132,1217600
2026-08-04T23:55,0.07005999982357025,0.07006999850273132,0.07000000029802322,0.07001999765634537,743680
2026-08-05T00:00,0.07000000029802322,0.07001999765634537,0.06994999945163727,0.06999000161886215,0
2026-08-05T00:05,0.06999000161886215,0.06999000161886215,0.06984999775886536,0.06988000124692917,1407072
2026-08-05T00:10,0.06988999992609024,0.06992000341415405,0.06988999992609024,0.06992000341415405,1469184
2026-08-05T00:15,0.06990999728441238,0.06993000209331512,0.06988999992609024,0.06989999860525131,0
2026-08-05T00:20,0.06989999860525131,0.06989999860525131,0.0697999969124794,0.0698700025677681,0
2026-08-05T00:25,0.0698700025677681,0.0698700025677681,0.06983000040054321,0.0698700025677681,0
2026-08-05T00:30,0.06988000124692917,0.06998000293970108,0.06988000124692917,0.06998000293970108,429280
2026-08-05T00:35,0.06999000161886215,0.07005999982357025,0.06996999680995941,0.07000000029802322,376256
2026-08-05T00:40,0.06999000161886215,0.06999000161886215,0.06983999907970428,0.06989999860525131,300864
2026-08-05T00:45,0.06989999860525131,0.06992000341415405,0.06983000040054321,0.06983000040054321,0
2026-08-05T00:50,0.06983000040054321,0.06985999643802643,0.06977000087499619,0.0697999969124794,0
2026-08-05T00:55,0.0697999969124794,0.06983000040054321,0.0697999969124794,0.0697999969124794,0
2026-08-05T01:00,0.06977999955415726,0.06977999955415726,0.06967999786138535,0.06977000087499619,0
2026-08-05T01:05,0.06977000087499619,0.06988999992609024,0.06977000087499619,0.06988000124692917,1601056
2026-08-05T01:10,0.0698700025677681,0.06990999728441238,0.0698700025677681,0.06988999992609024,544768
2026-08-05T01:15,0.06988999992609024,0.06990999728441238,0.06983999907970428,0.06989999860525131,0
2026-08-05T01:20,0.06989999860525131,0.06998000293970108,0.06989999860525131,0.06994999945163727,0
2026-08-05T01:25,0.0699400007724762,0.06994999945163727,0.06988999992609024,0.06994999945163727,0
2026-08-05T01:30,0.06995999813079834,0.07001999765634537,0.06994999945163727,0.06996999680995941,0
2026-08-05T01:35,0.06995999813079834,0.07011999934911728,0.06995999813079834,0.07011999934911728,0
2026-08-05T01:40,0.07016000151634216,0.0701799988746643,0.07006999850273132,0.07011000066995621,0
2026-08-05T01:45,0.07011000066995621,0.07017000019550323,0.07010000199079514,0.07017000019550323,0
2026-08-05T01:50,0.0701799988746643,0.07023999840021133,0.07015000283718109,0.07023999840021133,0
2026-08-05T01:55,0.07022999972105026,0.0702499970793724,0.0701799988746643,0.0701799988746643,0
2026-08-05T02:00,0.07018999755382538,0.07034000009298325,0.07015000283718109,0.07027000188827515,212992
2026-08-05T02:05,0.0702499970793724,0.0702499970793724,0.07018999755382538,0.0702499970793724,0
2026-08-05T02:10,0.07022999972105026,0.07029999792575836,0.07020000368356705,0.07022999972105026,0
2026-08-05T02:15,0.07022000104188919,0.07022000104188919,0.07005000114440918,0.0700799971818924,77792
2026-08-05T02:20,0.0700799971818924,0.07016000151634216,0.07005999982357025,0.07010000199079514,696640
2026-08-05T02:25,0.07010000199079514,0.07021000236272812,0.07010000199079514,0.0701799988746643,200480
2026-08-05T02:30,0.0701799988746643,0.07026000320911407,0.07016000151634216,0.07026000320911407,394080
2026-08-05T02:35,0.07026000320911407,0.07026000320911407,0.0701799988746643,0.0701799988746643,0
2026-08-05T02:40,0.07021000236272812,0.0703200027346611,0.07020000368356705,0.0703200027346611,0
2026-08-05T02:45,0.07034000009298325,0.07037000358104706,0.07020000368356705,0.07023999840021133,334208
2026-08-05T02:50,0.0702499970793724,0.0702499970793724,0.0701799988746643,0.07022000104188919,1182592
2026-08-05T02:55,0.07022000104188919,0.07022999972105026,0.07017000019550323,0.07018999755382538,34336
2026-08-05T03:00,0.0701799988746643,0.0702499970793724,0.0700799971818924,0.07009000331163406,2528
2026-08-05T03:05,0.07009000331163406,0.07012999802827835,0.0700099989771843,0.0700099989771843,197088
2026-08-05T03:10,0.0700099989771843,0.07006999850273132,0.0699400007724762,0.0699400007724762,277504
2026-08-05T03:15,0.0699400007724762,0.0699400007724762,0.06960999965667725,0.06971000134944916,477920
2026-08-05T03:20,0.06972000002861023,0.06977999955415726,0.06972000002861023,0.06977000087499619,2077632
2026-08-05T03:25,0.06977000087499619,0.06977999955415726,0.06964000314474106,0.06964000314474106,3043424
2026-08-05T03:30,0.06964000314474106,0.06973999738693237,0.06962999701499939,0.06973999738693237,2333856
2026-08-05T03:35,0.06973999738693237,0.06981000304222107,0.06973999738693237,0.06977999955415726,975712
2026-08-05T03:40,0.06977999955415726,0.06978999823331833,0.06968999654054642,0.06968999654054642,273728
2026-08-05T03:45,0.06972000002861023,0.0697299987077713,0.06970000267028809,0.06971000134944916,519776
2026-08-05T03:50,0.0697299987077713,0.06975000351667404,0.06968999654054642,0.06975000351667404,712448
2026-08-05T03:55,0.06975000351667404,0.06978999823331833,0.06971000134944916,0.0697299987077713,156896
2026-08-05T04:00,0.0697299987077713,0.0697299987077713,0.06966999918222427,0.06970000267028809,0
2026-08-05T04:05,0.06968999654054642,0.06976000219583511,0.06967999786138535,0.06973999738693237,748864
2026-08-05T04:10,0.06975000351667404,0.06975000351667404,0.06970000267028809,0.06973999738693237,159648
2026-08-05T04:15,0.06972000002861023,0.06982000172138214,0.06971000134944916,0.06982000172138214,692576
2026-08-05T04:20,0.06982000172138214,0.06984999775886536,0.06977000087499619,0.06977000087499619,245568
2026-08-05T04:25,0.06977000087499619,0.06983999907970428,0.06976000219583511,0.06983999907970428,180832
2026-08-05T04:30,0.06983999907970428,0.06990999728441238,0.06983000040054321,0.06985999643802643,55232
2026-08-05T04:35,0.06983999907970428,0.0698700025677681,0.06983000040054321,0.06985999643802643,0
2026-08-05T04:40,0.06985999643802643,0.06985999643802643,0.06983000040054321,0.06983999907970428,0
2026-08-05T04:45,0.06983999907970428,0.06983999907970428,0.06977999955415726,0.06977999955415726,0
2026-08-05T04:50,0.06976000219583511,0.06977999955415726,0.06972000002861023,0.06976000219583511,0
2026-08-05T04:55,0.06977000087499619,0.06981000304222107,0.06977000087499619,0.06978999823331833,0
2026-08-05T05:00,0.06978999823331833,0.06992000341415405,0.06977999955415726,0.06992000341415405,0
2026-08-05T05:05,0.06992000341415405,0.06995999813079834,0.06989999860525131,0.06989999860525131,58912
2026-08-05T05:10,0.06988999992609024,0.06995999813079834,0.06988999992609024,0.0699400007724762,393760
2026-08-05T05:15,0.06993000209331512,0.06993000209331512,0.06990999728441238,0.06990999728441238,0
2026-08-05T05:20,0.06992000341415405,0.0700099989771843,0.06992000341415405,0.07000000029802322,0
2026-08-05T05:25,0.07000000029802322,0.0700799971818924,0.06999000161886215,0.07004000246524811,265440
2026-08-05T05:30,0.07001999765634537,0.07002999633550644,0.06993000209331512,0.06993000209331512,1314592
2026-08-05T05:35,0.06993000209331512,0.07000000029802322,0.06992000341415405,0.07000000029802322,568224
2026-08-05T05:40,0.07000000029802322,0.07000000029802322,0.06995999813079834,0.06996999680995941,276448
2026-08-05T05:45,0.06996999680995941,0.06999000161886215,0.06993000209331512,0.06993000209331512,34400
2026-08-05T05:50,0.06993000209331512,0.06994999945163727,0.06989999860525131,0.06989999860525131,406016
2026-08-05T05:55,0.06989999860525131,0.06992000341415405,0.06988000124692917,0.06990999728441238,527360
2026-08-05T06:00,0.06988999992609024,0.06989999860525131,0.06984999775886536,0.06984999775886536,245312
2026-08-05T06:05,0.06985999643802643,0.0698700025677681,0.06983000040054321,0.06985999643802643,644608
2026-08-05T06:10,0.06985999643802643,0.06988999992609024,0.06983999907970428,0.06983999907970428,156896
2026-08-05T06:15,0.06983000040054321,0.06984999775886536,0.06981000304222107,0.06981000304222107,0
2026-08-05T06:20,0.06982000172138214,0.06982000172138214,0.06971000134944916,0.06977000087499619,6976
2026-08-05T06:25,0.06975000351667404,0.06978999823331833,0.06973999738693237,0.06977000087499619,285056
2026-08-05T06:30,0.06977999955415726,0.0697999969124794,0.06973999738693237,0.0697999969124794,156192
2026-08-05T06:35,0.0697999969124794,0.06984999775886536,0.0697999969124794,0.06983000040054321,5600
2026-08-05T06:40,0.06982000172138214,0.06983999907970428,0.06977999955415726,0.06977999955415726,0
2026-08-05T06:45,0.06977999955415726,0.06978999823331833,0.06973999738693237,0.06978999823331833,0
2026-08-05T06:50,0.06978999823331833,0.06978999823331833,0.06972000002861023,0.06977000087499619,0
2026-08-05T06:55,0.06975000351667404,0.06977999955415726,0.06975000351667404,0.06977999955415726,0
2026-08-05T07:00,0.06977000087499619,0.06983000040054321,0.06973999738693237,0.0697999969124794,0
2026-08-05T07:05,0.06977999955415726,0.06978999823331833,0.06973999738693237,0.06973999738693237,286528
2026-08-05T07:10,0.06973999738693237,0.06973999738693237,0.06965000182390213,0.06968999654054642,0
2026-08-05T07:15,0.06967999786138535,0.06967999786138535,0.06964000314474106,0.06964000314474106,121184
2026-08-05T07:20,0.06960999965667725,0.06962999701499939,0.06955000013113022,0.06960999965667725,547648
2026-08-05T07:25,0.06960000097751617,0.06961999833583832,0.06955000013113022,0.06958000361919403,134240
2026-08-05T07:30,0.06956999748945236,0.06962999701499939,0.06956999748945236,0.06962999701499939,0
2026-08-05T07:35,0.0695900022983551,0.06965000182390213,0.0695900022983551,0.06962999701499939,0
2026-08-05T07:40,0.06962999701499939,0.06965000182390213,0.0695900022983551,0.0695900022983551,102752
2026-08-05T07:45,0.06960000097751617,0.06968999654054642,0.0695900022983551,0.06966999918222427,22080
2026-08-05T07:50,0.06966999918222427,0.06970000267028809,0.06966999918222427,0.06967999786138535,108256
2026-08-05T07:55,0.06967999786138535,0.0697999969124794,0.06967999786138535,0.0697999969124794,0
2026-08-05T08:00,0.06982000172138214,0.06983000040054321,0.06978999823331833,0.06983000040054321,0
2026-08-05T08:05,0.06981000304222107,0.06981000304222107,0.06973999738693237,0.06977000087499619,0
2026-08-05T08:10,0.06977000087499619,0.06978999823331833,0.06976000219583511,0.06976000219583511,224864
2026-08-05T08:15,0.06976000219583511,0.06976000219583511,0.06972000002861023,0.06972000002861023,39072
2026-08-05T08:20,0.06973999738693237,0.06978999823331833,0.0697299987077713,0.06978999823331833,249216
2026-08-05T08:25,0.06978999823331833,0.06988000124692917,0.06978999823331833,0.06985999643802643,0
2026-08-05T08:30,0.06985999643802643,0.06985999643802643,0.06982000172138214,0.06984999775886536,0
2026-08-05T08:35,0.06984999775886536,0.06989999860525131,0.06983999907970428,0.06983999907970428,192384
2026-08-05T08:40,0.06983000040054321,0.06983000040054321,0.06977000087499619,0.06977000087499619,6784
2026-08-05T08:45,0.06977000087499619,0.0697999969124794,0.06973999738693237,0.06977999955415726,0
2026-08-05T08:50,0.06977999955415726,0.0697999969124794,0.06976000219583511,0.0697999969124794,411520
2026-08-05T08:55,0.0697999969124794,0.0698700025677681,0.0697999969124794,0.06983999907970428,120352
2026-08-05T09:00,0.06983999907970428,0.06985999643802643,0.06982000172138214,0.06983000040054321,0
2026-08-05T09:05,0.06983000040054321,0.06989999860525131,0.06983000040054321,0.06988000124692917,0
2026-08-05T09:10,0.06988000124692917,0.06988000124692917,0.06985999643802643,0.0698700025677681,0
2026-08-05T09:15,0.06984999775886536,0.06990999728441238,0.06984999775886536,0.06988000124692917,0
2026-08-05T09:20,0.06989999860525131,0.06992000341415405,0.06983000040054321,0.06983000040054321,0
2026-08-05T09:25,0.06983000040054321,0.06985999643802643,0.06981000304222107,0.06984999775886536,0
2026-08-05T09:30,0.06984999775886536,0.06989999860525131,0.06984999775886536,0.06988999992609024,0
2026-08-05T09:35,0.06988999992609024,0.06990999728441238,0.0698700025677681,0.0698700025677681,0
2026-08-05T09:40,0.0698700025677681,0.0698700025677681,0.06983999907970428,0.06985999643802643,0
2026-08-05T09:45,0.06983000040054321,0.06983000040054321,0.06978999823331833,0.0697999969124794,0
2026-08-05T09:50,0.0697999969124794,0.06983000040054321,0.0697999969124794,0.06983000040054321,83968
2026-08-05T09:55,0.06983000040054321,0.06983000040054321,0.06976000219583511,0.06977000087499619,19616
2026-08-05T10:00,0.0697299987077713,0.06977000087499619,0.0697299987077713,0.06977000087499619,0
2026-08-05T10:05,0.06977000087499619,0.06977999955415726,0.06973999738693237,0.06973999738693237,457728
2026-08-05T10:10,0.06968999654054642,0.06970000267028809,0.06964000314474106,0.06968999654054642,177728
2026-08-05T10:15,0.06968999654054642,0.06972000002861023,0.06961999833583832,0.06971000134944916,1754464
2026-08-05T10:20,0.06971000134944916,0.06972000002861023,0.06970000267028809,0.06972000002861023,300384
2026-08-05T10:25,0.06972000002861023,0.06978999823331833,0.06972000002861023,0.06978999823331833,32448
2026-08-05T10:30,0.06978999823331833,0.06978999823331833,0.06973999738693237,0.06973999738693237,64288
2026-08-05T10:35,0.06975000351667404,0.06983000040054321,0.0697299987077713,0.06983000040054321,166496
2026-08-05T10:40,0.06983000040054321,0.0698700025677681,0.06978999823331833,0.06978999823331833,647008
2026-08-05T10:45,0.06981000304222107,0.06981000304222107,0.06961999833583832,0.06964000314474106,0
2026-08-05T10:50,0.06965000182390213,0.06966999918222427,0.06956999748945236,0.06956999748945236,0
2026-08-05T10:55,0.06955999881029129,0.06964000314474106,0.06955999881029129,0.06962999701499939,1404064
2026-08-05T11:00,0.06962999701499939,0.06972000002861023,0.06962999701499939,0.06972000002861023,0
2026-08-05T11:05,0.0697299987077713,0.06978999823331833,0.06972000002861023,0.06978999823331833,0
2026-08-05T11:10,0.06977999955415726,0.06982000172138214,0.06973999738693237,0.06978999823331833,0
2026-08-05T11:15,0.06978999823331833,0.06981000304222107,0.06977000087499619,0.0697999969124794,210752
2026-08-05T11:20,0.0697999969124794,0.0697999969124794,0.06977999955415726,0.0697999969124794,151744
2026-08-05T11:25,0.0697999969124794,0.0697999969124794,0.06973999738693237,0.06977999955415726,0
2026-08-05T11:30,0.06976000219583511,0.06981000304222107,0.06973999738693237,0.06981000304222107,24000
2026-08-05T11:35,0.06981000304222107,0.06982000172138214,0.06977999955415726,0.0697999969124794,314816
2026-08-05T11:40,0.0697999969124794,0.06981000304222107,0.06973999738693237,0.06977000087499619,151520
2026-08-05T11:45,0.06976000219583511,0.0697999969124794,0.06972000002861023,0.0697999969124794,0
2026-08-05T11:50,0.0697999969124794,0.0697999969124794,0.06976000219583511,0.06977000087499619,0
2026-08-05T11:55,0.06977000087499619,0.06977999955415726,0.06977000087499619,0.06977999955415726,0
2026-08-05T12:00,0.06977999955415726,0.06981000304222107,0.06975000351667404,0.06977999955415726,0
2026-08-05T12:05,0.06977000087499619,0.06985999643802643,0.06975000351667404,0.06985999643802643,0
2026-08-05T12:10,0.06989999860525131,0.06989999860525131,0.0698700025677681,0.0698700025677681,0
2026-08-05T12:15,0.0698700025677681,0.07005999982357025,0.06984999775886536,0.07001999765634537,0
2026-08-05T12:20,0.07001999765634537,0.07018999755382538,0.0700099989771843,0.07006999850273132,1889184
2026-08-05T12:25,0.07011999934911728,0.0701799988746643,0.07010000199079514,0.07011000066995621,1286848
2026-08-05T12:30,0.07012999802827835,0.07012999802827835,0.0700099989771843,0.0700099989771843,2299008
2026-08-05T12:35,0.07000000029802322,0.07005999982357025,0.07000000029802322,0.07004000246524811,0
2026-08-05T12:40,0.07001999765634537,0.07009000331163406,0.07001999765634537,0.07004000246524811,0
2026-08-05T12:45,0.07001999765634537,0.07002999633550644,0.06999000161886215,0.0700099989771843,0
2026-08-05T12:50,0.0700099989771843,0.0700099989771843,0.06989999860525131,0.06989999860525131,0
2026-08-05T12:55,0.06989999860525131,0.06992000341415405,0.06988999992609024,0.06990999728441238,0
2026-08-05T13:00,0.06990999728441238,0.06995999813079834,0.06989999860525131,0.06992000341415405,0
2026-08-05T13:05,0.06990999728441238,0.06995999813079834,0.06990999728441238,0.06995999813079834,0
2026-08-05T13:10,0.06989999860525131,0.06989999860525131,0.06977999955415726,0.06988000124692917,0
2026-08-05T13:15,0.06988000124692917,0.06990999728441238,0.06985999643802643,0.06988999992609024,324160
2026-08-05T13:20,0.06988999992609024,0.06988999992609024,0.06983000040054321,0.0698700025677681,0
2026-08-05T13:25,0.06983999907970428,0.06983999907970428,0.06975000351667404,0.06978999823331833,0
2026-08-05T13:30,0.0697299987077713,0.0697299987077713,0.06932000070810318,0.06941000372171402,0
2026-08-05T13:35,0.06938000023365021,0.06965000182390213,0.06922999769449234,0.06965000182390213,6043968
2026-08-05T13:40,0.06960000097751617,0.06967999786138535,0.06955000013113022,0.06960999965667725,1840320
2026-08-05T13:45,0.06960999965667725,0.06965000182390213,0.0695199966430664,0.06965000182390213,512352
2026-08-05T13:50,0.06966999918222427,0.06978999823331833,0.06960000097751617,0.06965000182390213,0
2026-08-05T13:55,0.06965000182390213,0.06978999823331833,0.06965000182390213,0.0697299987077713,0
2026-08-05T14:00,0.06975000351667404,0.06977000087499619,0.0696600005030632,0.06972000002861023,0
2026-08-05T14:05,0.06976000219583511,0.06992000341415405,0.06976000219583511,0.06989999860525131,105504
2026-08-05T14:10,0.06989999860525131,0.06996999680995941,0.06988000124692917,0.06996999680995941,0
2026-08-05T14:15,0.06996999680995941,0.06999000161886215,0.0699400007724762,0.06999000161886215,0
2026-08-05T14:20,0.06990999728441238,0.06992000341415405,0.06973999738693237,0.06978999823331833,0
2026-08-05T14:25,0.06976000219583511,0.06982000172138214,0.06970000267028809,0.06975000351667404,0
2026-08-05T14:30,0.06976000219583511,0.06984999775886536,0.06971000134944916,0.06973999738693237,0
2026-08-05T14:35,0.06977999955415726,0.06983000040054321,0.06973999738693237,0.06973999738693237,0
2026-08-05T14:40,0.06975000351667404,0.06984999775886536,0.06972000002861023,0.06983000040054321,0
2026-08-05T14:45,0.06988000124692917,0.06993000209331512,0.06988000124692917,0.06990999728441238,0
2026-08-05T14:50,0.06992000341415405,0.0699400007724762,0.06973999738693237,0.06983999907970428,0
2026-08-05T14:55,0.06984999775886536,0.06999000161886215,0.06983000040054321,0.0699400007724762,434464
2026-08-05T15:00,0.0699400007724762,0.07005000114440918,0.06992000341415405,0.07002999633550644,0
2026-08-05T15:05,0.07000000029802322,0.07004000246524811,0.06992000341415405,0.07004000246524811,0
2026-08-05T15:10,0.07005000114440918,0.0700799971818924,0.06992000341415405,0.06992000341415405,20576
2026-08-05T15:15,0.06989999860525131,0.06990999728441238,0.06972000002861023,0.06982000172138214,50624
2026-08-05T15:20,0.06983000040054321,0.06985999643802643,0.06978999823331833,0.06983999907970428,208800
2026-08-05T15:25,0.06981000304222107,0.06988000124692917,0.06981000304222107,0.06983999907970428,1075424
2026-08-05T15:30,0.06983999907970428,0.06995999813079834,0.06983999907970428,0.0699400007724762,870880
2026-08-05T15:35,0.06993000209331512,0.07001999765634537,0.06988000124692917,0.06998000293970108,51584
2026-08-05T15:40,0.06996999680995941,0.06996999680995941,0.06985999643802643,0.0698700025677681,0
2026-08-05T15:45,0.0698700025677681,0.06989999860525131,0.06981000304222107,0.06985999643802643,0
2026-08-05T15:50,0.06984999775886536,0.06984999775886536,0.06972000002861023,0.06972000002861023,0
2026-08-05T15:55,0.06971000134944916,0.0697299987077713,0.06961999833583832,0.06961999833583832,123904
2026-08-05T16:00,0.06962999701499939,0.0697299987077713,0.06962999701499939,0.0697299987077713,0
2026-08-05T16:05,0.06972000002861023,0.06984999775886536,0.06972000002861023,0.06983000040054321,419232
2026-08-05T16:10,0.06983000040054321,0.06988000124692917,0.0697999969124794,0.06988000124692917,455232
2026-08-05T16:15,0.06989999860525131,0.0699400007724762,0.06985999643802643,0.06990999728441238,93536
2026-08-05T16:20,0.06992000341415405,0.07012999802827835,0.06990999728441238,0.07002999633550644,920704
2026-08-05T16:25,0.07005999982357025,0.07027000188827515,0.07005999982357025,0.07021000236272812,1605888
2026-08-05T16:30,0.07021000236272812,0.07026000320911407,0.07016000151634216,0.07016000151634216,1295712
2026-08-05T16:35,0.0701799988746643,0.0702499970793724,0.0701799988746643,0.07022999972105026,1305504
2026-08-05T16:40,0.07021000236272812,0.07022999972105026,0.07016000151634216,0.07017000019550323,664320
2026-08-05T16:45,0.07015000283718109,0.07015000283718109,0.07006999850273132,0.0700799971818924,98496
2026-08-05T16:50,0.07006999850273132,0.07006999850273132,0.07001999765634537,0.07002999633550644,0
2026-08-05T16:55,0.07004000246524811,0.0700799971818924,0.07001999765634537,0.07004000246524811,0
2026-08-05T17:00,0.07005000114440918,0.07011999934911728,0.07005000114440918,0.07009000331163406,0
2026-08-05T17:05,0.0700799971818924,0.0700799971818924,0.0700099989771843,0.07001999765634537,0
2026-08-05T17:10,0.07001999765634537,0.07001999765634537,0.06994999945163727,0.06996999680995941,0
2026-08-05T17:15,0.06992000341415405,0.06999000161886215,0.06992000341415405,0.06998000293970108,409376
2026-08-05T17:20,0.06995999813079834,0.06996999680995941,0.06988999992609024,0.06996999680995941,0
2026-08-05T17:25,0.06996999680995941,0.06999000161886215,0.0699400007724762,0.0699400007724762,0
2026-08-05T17:30,0.0699400007724762,0.06996999680995941,0.06993000209331512,0.06994999945163727,0
2026-08-05T17:35,0.06994999945163727,0.07022000104188919,0.06994999945163727,0.07020000368356705,0
2026-08-05T17:40,0.07020000368356705,0.07022999972105026,0.07017000019550323,0.07017000019550323,1435104
2026-08-05T17:45,0.07013999670743942,0.07026000320911407,0.07012999802827835,0.07018999755382538,1150432
2026-08-05T17:50,0.0701799988746643,0.07034000009298325,0.0701799988746643,0.07022000104188919,856704
2026-08-05T17:55,0.07021000236272812,0.07023999840021133,0.07018999755382538,0.07021000236272812,1280224
2026-08-05T18:00,0.0701799988746643,0.07020000368356705,0.07009000331163406,0.07013999670743942,0
2026-08-05T18:05,0.07015000283718109,0.07016000151634216,0.07001999765634537,0.07002999633550644,506720
2026-08-05T18:10,0.07004000246524811,0.0701799988746643,0.07002999633550644,0.0701799988746643,346560
2026-08-05T18:15,0.0701799988746643,0.07027000188827515,0.07012999802827835,0.07012999802827835,334816
2026-08-05T18:20,0.07016000151634216,0.0703900009393692,0.07016000151634216,0.07017000019550323,0
2026-08-05T18:25,0.07016000151634216,0.07023999840021133,0.07012999802827835,0.07020000368356705,0
2026-08-05T18:30,0.07021000236272812,0.07021000236272812,0.07011999934911728,0.07017000019550323,290752
2026-08-05T18:35,0.0701799988746643,0.07033000141382217,0.07017000019550323,0.07033000141382217,0
2026-08-05T18:40,0.07034999877214432,0.07034999877214432,0.07027000188827515,0.07028999924659729,368288
2026-08-05T18:45,0.07028999924659729,0.07029999792575836,0.07017000019550323,0.07020000368356705,69760
2026-08-05T18:50,0.07022000104188919,0.07022999972105026,0.07012999802827835,0.07013999670743942,24320
2026-08-05T18:55,0.07016000151634216,0.07016000151634216,0.07011999934911728,0.07012999802827835,70880
2026-08-05T19:00,0.07013999670743942,0.07018999755382538,0.07010000199079514,0.07018999755382538,0
2026-08-05T19:05,0.07018999755382538,0.07022000104188919,0.07016000151634216,0.07020000368356705,270304
2026-08-05T19:10,0.07020000368356705,0.07022999972105026,0.0701799988746643,0.07020000368356705,167136
2026-08-05T19:15,0.07020000368356705,0.07020000368356705,0.07013999670743942,0.07015000283718109,438464
2026-08-05T19:20,0.07013999670743942,0.07023999840021133,0.07013999670743942,0.07021000236272812,273952
2026-08-05T19:25,0.07021000236272812,0.07028000056743622,0.07021000236272812,0.07022999972105026,632288
2026-08-05T19:30,0.07022999972105026,0.07026000320911407,0.07022000104188919,0.07023999840021133,724512
2026-08-05T19:35,0.07022999972105026,0.07029999792575836,0.07022000104188919,0.07028999924659729,308768
2026-08-05T19:40,0.07030999660491943,0.07035999745130539,0.07029999792575836,0.07030999660491943,0
2026-08-05T19:45,0.07029999792575836,0.07030999660491943,0.07022000104188919,0.07022000104188919,0
2026-08-05T19:50,0.07022000104188919,0.07027000188827515,0.07022000104188919,0.07023999840021133,203936
2026-08-05T19:55,0.0702499970793724,0.0702499970793724,0.0701799988746643,0.0701799988746643,197024
2026-08-05T20:00,0.07020000368356705,0.07021000236272812,0.0700799971818924,0.07013999670743942,0
2026-08-05T20:05,0.07009000331163406,0.07012999802827835,0.07004000246524811,0.07005000114440918,0
2026-08-05T20:10,0.07011000066995621,0.07023999840021133,0.0700799971818924,0.07021000236272812,241792
2026-08-05T20:15,0.07021000236272812,0.0702499970793724,0.07021000236272812,0.07022999972105026,691488
2026-08-05T20:20,0.07022000104188919,0.07037000358104706,0.07022000104188919,0.07028000056743622,1139776
2026-08-05T20:25,0.07029999792575836,0.0703200027346611,0.07026000320911407,0.0703200027346611,475424
2026-08-05T20:30,0.0703200027346611,0.0703200027346611,0.07027000188827515,0.07027000188827515,359392
2026-08-05T20:35,0.07027000188827515,0.07040999829769135,0.07027000188827515,0.07040999829769135,0
2026-08-05T20:40,0.07041999697685242,0.07049000263214111,0.07037000358104706,0.07046999782323837,204864
2026-08-05T20:45,0.07046999782323837,0.07046999782323837,0.0703900009393692,0.07039999961853027,0
2026-08-05T20:50,0.07039999961853027,0.07041999697685242,0.07035999745130539,0.07039999961853027,596896
2026-08-05T20:55,0.07037000358104706,0.07037000358104706,0.07028000056743622,0.07028999924659729,101408
2026-08-05T21:00,0.07028999924659729,0.07028999924659729,0.07015000283718109,0.07018999755382538,0
2026-08-05T21:05,0.07017000019550323,0.07018999755382538,0.07009000331163406,0.07009000331163406,30848
2026-08-05T21:10,0.0700799971818924,0.07023999840021133,0.0700799971818924,0.07022999972105026,211552
2026-08-05T21:15,0.07022999972105026,0.07023999840021133,0.07017000019550323,0.07018999755382538,295008
2026-08-05T21:20,0.07018999755382538,0.07018999755382538,0.07011000066995621,0.07015000283718109,152704
2026-08-05T21:25,0.07015000283718109,0.07016000151634216,0.0700799971818924,0.0700799971818924,58432
2026-08-05T21:30,0.0700799971818924,0.07015000283718109,0.0700799971818924,0.0700799971818924,0
2026-08-05T21:35,0.0700799971818924,0.07009000331163406,0.0699400007724762,0.07000000029802322,0
2026-08-05T21:40,0.0700099989771843,0.07005000114440918,0.0700099989771843,0.07005000114440918,1213504
2026-08-05T21:45,0.07005000114440918,0.07005999982357025,0.0700099989771843,0.07005999982357025,0
2026-08-05T21:50,0.07005999982357025,0.07006999850273132,0.07001999765634537,0.07004000246524811,0
2026-08-05T21:55,0.07004000246524811,0.07009000331163406,0.07000000029802322,0.07000000029802322,0
2026-08-05T22:00,0.07002999633550644,0.07005999982357025,0.0699400007724762,0.07000000029802322,0
2026-08-05T22:05,0.06999000161886215,0.07005000114440918,0.06995999813079834,0.06999000161886215,840224
2026-08-05T22:10,0.06998000293970108,0.07004000246524811,0.06996999680995941,0.07002999633550644,360576
2026-08-05T22:15,0.07002999633550644,0.07011999934911728,0.0700099989771843,0.07009000331163406,922272
2026-08-05T22:20,0.07006999850273132,0.0700799971818924,0.07001999765634537,0.07005999982357025,323232
2026-08-05T22:25,0.07005000114440918,0.07005000114440918,0.06996999680995941,0.07004000246524811,988288
2026-08-05T22:30,0.07005000114440918,0.0700799971818924,0.07004000246524811,0.0700799971818924,249216
2026-08-05T22:35,0.0700799971818924,0.0700799971818924,0.07001999765634537,0.07002999633550644,171936
2026-08-05T22:40,0.07001999765634537,0.07001999765634537,0.06996999680995941,0.06996999680995941,818784
2026-08-05T22:45,0.06996999680995941,0.07001999765634537,0.06995999813079834,0.0700099989771843,313184
2026-08-05T22:50,0.0700099989771843,0.0700099989771843,0.06996999680995941,0.06996999680995941,857952
2026-08-05T22:55,0.06999000161886215,0.06999000161886215,0.06992000341415405,0.06993000209331512,358784
2026-08-05T23:00,0.06985999643802643,0.06990999728441238,0.06984999775886536,0.06989999860525131,31904
2026-08-05T23:05,0.0698700025677681,0.06994999945163727,0.0698700025677681,0.06994999945163727,0
2026-08-05T23:10,0.06994999945163727,0.06996999680995941,0.06992000341415405,0.06992000341415405,0
2026-08-05T23:15,0.06988999992609024,0.0699400007724762,0.06988999992609024,0.06990999728441238,0
2026-08-05T23:20,0.06992000341415405,0.06998000293970108,0.06992000341415405,0.06998000293970108,0
2026-08-05T23:25,0.06998000293970108,0.0700099989771843,0.06994999945163727,0.0700099989771843,0
2026-08-05T23:30,0.06996999680995941,0.06996999680995941,0.0699400007724762,0.06994999945163727,0
2026-08-05T23:35,0.06995999813079834,0.07001999765634537,0.06995999813079834,0.07000000029802322,0
2026-08-05T23:40,0.0700099989771843,0.07002999633550644,0.06999000161886215,0.07000000029802322,48128
2026-08-05T23:45,0.06996999680995941,0.07000000029802322,0.06989999860525131,0.07000000029802322,0
2026-08-05T23:50,0.06999000161886215,0.07001999765634537,0.06996999680995941,0.0700099989771843,0
2026-08-05T23:55,0.07000000029802322,0.07000000029802322,0.06994999945163727,0.06998000293970108,0
2026-08-06T00:00,0.06998000293970108,0.0700099989771843,0.06995999813079834,0.0700099989771843,0
2026-08-06T00:05,0.06999000161886215,0.07001999765634537,0.06998000293970108,0.06998000293970108,0
2026-08-06T00:10,0.06995999813079834,0.06996999680995941,0.0699400007724762,0.0699400007724762,0
2026-08-06T00:15,0.06995999813079834,0.0700099989771843,0.06995999813079834,0.06999000161886215,0
2026-08-06T00:20,0.07000000029802322,0.07005000114440918,0.06999000161886215,0.07005000114440918,0
2026-08-06T00:25,0.07005000114440918,0.07009000331163406,0.07001999765634537,0.07006999850273132,0
2026-08-06T00:30,0.07005999982357025,0.07011999934911728,0.07005999982357025,0.07005999982357025,0
2026-08-06T00:35,0.07006999850273132,0.07006999850273132,0.07002999633550644,0.07002999633550644,0
2026-08-06T00:40,0.07002999633550644,0.07005999982357025,0.06999000161886215,0.06999000161886215,0
2026-08-06T00:45,0.06999000161886215,0.0700099989771843,0.06994999945163727,0.06996999680995941,0
2026-08-06T00:50,0.06996999680995941,0.07005999982357025,0.06996999680995941,0.07005999982357025,0
2026-08-06T00:55,0.07002999633550644,0.0700799971818924,0.07002999633550644,0.0700799971818924,0
2026-08-06T01:00,0.06999000161886215,0.07002999633550644,0.06996999680995941,0.06998000293970108,0
2026-08-06T01:05,0.06998000293970108,0.06999000161886215,0.06993000209331512,0.06999000161886215,0
2026-08-06T01:10,0.06996999680995941,0.06999000161886215,0.0698700025677681,0.06992000341415405,0
2026-08-06T01:15,0.06992000341415405,0.06992000341415405,0.0698700025677681,0.06989999860525131,0
2026-08-06T01:20,0.06988999992609024,0.06988999992609024,0.06984999775886536,0.06985999643802643,26272
2026-08-06T01:25,0.06988000124692917,0.06988000124692917,0.0697299987077713,0.06976000219583511,505632
2026-08-06T01:30,0.06976000219583511,0.06981000304222107,0.06972000002861023,0.06977999955415726,1005024
2026-08-06T01:35,0.06976000219583511,0.06983000040054321,0.06976000219583511,0.06977999955415726,0
2026-08-06T01:40,0.06977999955415726,0.06977999955415726,0.0697299987077713,0.0697299987077713,0
2026-08-06T01:45,0.06973999738693237,0.06983000040054321,0.0697299987077713,0.06981000304222107,245408
2026-08-06T01:50,0.06982000172138214,0.06983000040054321,0.06975000351667404,0.06975000351667404,0
2026-08-06T01:55,0.06975000351667404,0.06976000219583511,0.06964000314474106,0.06964000314474106,0
2026-08-06T02:00,0.06960999965667725,0.06970000267028809,0.06955999881029129,0.06962999701499939,0
2026-08-06T02:05,0.06964000314474106,0.0697299987077713,0.06960000097751617,0.0697299987077713,0
2026-08-06T02:10,0.0697299987077713,0.0697999969124794,0.06965000182390213,0.06965000182390213,463264
2026-08-06T02:15,0.06964000314474106,0.06968999654054642,0.06955000013113022,0.06955000013113022,535808
2026-08-06T02:20,0.06949999928474426,0.06960000097751617,0.06949999928474426,0.06960000097751617,0
2026-08-06T02:25,0.06960000097751617,0.06960000097751617,0.06950999796390533,0.06955000013113022,0
2026-08-06T02:30,0.06954000145196915,0.06960999965667725,0.0695199966430664,0.06960000097751617,0
2026-08-06T02:35,0.06962999701499939,0.06962999701499939,0.06949999928474426,0.06956999748945236,95104
2026-08-06T02:40,0.06956999748945236,0.06966999918222427,0.06956999748945236,0.06965000182390213,0
2026-08-06T02:45,0.06965000182390213,0.06970000267028809,0.06962999701499939,0.06967999786138535,518112
2026-08-06T02:50,0.06967999786138535,0.06967999786138535,0.06965000182390213,0.06965000182390213,0
2026-08-06T02:55,0.06962999701499939,0.06965000182390213,0.06961999833583832,0.06962999701499939,0
2026-08-06T03:00,0.06960999965667725,0.06960999965667725,0.06955999881029129,0.06958000361919403,0
2026-08-06T03:05,0.06958000361919403,0.06961999833583832,0.06953000277280807,0.06958000361919403,0
2026-08-06T03:10,0.06958000361919403,0.06960000097751617,0.06956999748945236,0.0695900022983551,163904
2026-08-06T03:15,0.0695900022983551,0.06960000097751617,0.06955000013113022,0.06955999881029129,21664
2026-08-06T03:20,0.06955999881029129,0.06960000097751617,0.06955999881029129,0.06958000361919403,0
2026-08-06T03:25,0.0695900022983551,0.06964000314474106,0.06956999748945236,0.06961999833583832,0
2026-08-06T03:30,0.06962999701499939,0.06964000314474106,0.06955999881029129,0.06956999748945236,0
2026-08-06T03:35,0.06955999881029129,0.0695900022983551,0.06955000013113022,0.06956999748945236,556256
2026-08-06T03:40,0.0695900022983551,0.0695900022983551,0.0695199966430664,0.0695199966430664,0
2026-08-06T03:45,0.06955000013113022,0.06960000097751617,0.06955000013113022,0.06960000097751617,0
2026-08-06T03:50,0.06960000097751617,0.06961999833583832,0.06955999881029129,0.06955999881029129,0
2026-08-06T03:55,0.06955000013113022,0.06956999748945236,0.06954000145196915,0.06956999748945236,126400
2026-08-06T04:00,0.06958000361919403,0.06958000361919403,0.06943000108003616,0.06943000108003616,0
2026-08-06T04:05,0.06943000108003616,0.0695900022983551,0.06943000108003616,0.06956999748945236,637632
2026-08-06T04:10,0.06956999748945236,0.06960999965667725,0.06955999881029129,0.06960999965667725,0
2026-08-06T04:15,0.06960000097751617,0.06971000134944916,0.06960000097751617,0.06971000134944916,0
2026-08-06T04:20,0.06971000134944916,0.06977999955415726,0.06971000134944916,0.0697299987077713,0
2026-08-06T04:25,0.06977999955415726,0.06977999955415726,0.06972000002861023,0.06972000002861023,11552
2026-08-06T04:30,0.06972000002861023,0.06976000219583511,0.06972000002861023,0.06973999738693237,578880
2026-08-06T04:35,0.0697299987077713,0.06976000219583511,0.06967999786138535,0.06967999786138535,220384
2026-08-06T04:40,0.06967999786138535,0.06971000134944916,0.06966999918222427,0.06967999786138535,156832
2026-08-06T04:45,0.06967999786138535,0.06967999786138535,0.06964000314474106,0.06966999918222427,172640
2026-08-06T04:50,0.06966999918222427,0.0697299987077713,0.06966999918222427,0.0697299987077713,110464
2026-08-06T04:55,0.0697299987077713,0.06977000087499619,0.06971000134944916,0.06977000087499619,0
2026-08-06T05:00,0.06977000087499619,0.0697999969124794,0.06977000087499619,0.0697999969124794,0
2026-08-06T05:05,0.06977999955415726,0.0700799971818924,0.06977999955415726,0.07005999982357025,128128
2026-08-06T05:10,0.07005000114440918,0.07005000114440918,0.06994999945163727,0.06996999680995941,342048
2026-08-06T05:15,0.06996999680995941,0.07006999850273132,0.06996999680995941,0.06996999680995941,331936
2026-08-06T05:20,0.06996999680995941,0.07004000246524811,0.06995999813079834,0.07004000246524811,323584
2026-08-06T05:25,0.06999000161886215,0.07000000029802322,0.06988000124692917,0.06988999992609024,0
2026-08-06T05:30,0.0698700025677681,0.06990999728441238,0.06985999643802643,0.06988999992609024,0
2026-08-06T05:35,0.06989999860525131,0.06993000209331512,0.0698700025677681,0.06988999992609024,0
2026-08-06T05:40,0.06989999860525131,0.06992000341415405,0.06988000124692917,0.06989999860525131,200704
2026-08-06T05:45,0.06989999860525131,0.06992000341415405,0.06985999643802643,0.06985999643802643,0
2026-08-06T05:50,0.0698700025677681,0.0698700025677681,0.06983999907970428,0.0698700025677681,0
2026-08-06T05:55,0.0698700025677681,0.06992000341415405,0.06985999643802643,0.06990999728441238,0
2026-08-06T06:00,0.06990999728441238,0.06993000209331512,0.06988999992609024,0.06993000209331512,0
2026-08-06T06:05,0.06993000209331512,0.06993000209331512,0.06982000172138214,0.06982000172138214,0
2026-08-06T06:10,0.06981000304222107,0.06981000304222107,0.06975000351667404,0.06975000351667404,0
2026-08-06T06:15,0.06975000351667404,0.06976000219583511,0.06967999786138535,0.06967999786138535,79968
2026-08-06T06:20,0.06967999786138535,0.06976000219583511,0.06967999786138535,0.06976000219583511,0
2026-08-06T06:25,0.06976000219583511,0.06982000172138214,0.06976000219583511,0.06982000172138214,0
2026-08-06T06:30,0.06983000040054321,0.0698700025677681,0.0697999969124794,0.0698700025677681,54816
2026-08-06T06:35,0.0698700025677681,0.0698700025677681,0.0697999969124794,0.06983000040054321,0
2026-08-06T06:40,0.06983000040054321,0.06984999775886536,0.06983000040054321,0.06984999775886536,255424
2026-08-06T06:45,0.06984999775886536,0.06985999643802643,0.06983000040054321,0.06985999643802643,0
2026-08-06T06:50,0.06983999907970428,0.06983999907970428,0.06981000304222107,0.06982000172138214,256800
2026-08-06T06:55,0.06983000040054321,0.06985999643802643,0.06983000040054321,0.06983000040054321,0
2026-08-06T07:00,0.06983000040054321,0.06984999775886536,0.06981000304222107,0.06982000172138214,0
2026-08-06T07:05,0.06982000172138214,0.06984999775886536,0.06982000172138214,0.06984999775886536,0
2026-08-06T07:10,0.06983999907970428,0.06989999860525131,0.06983999907970428,0.06989999860525131,104320
2026-08-06T07:15,0.06988000124692917,0.06990999728441238,0.06988000124692917,0.06989999860525131,0
2026-08-06T07:20,0.06989999860525131,0.06993000209331512,0.06988999992609024,0.06990999728441238,0
2026-08-06T07:25,0.06988999992609024,0.06988999992609024,0.0698700025677681,0.0698700025677681,0
2026-08-06T07:30,0.06983999907970428,0.06988000124692917,0.06983000040054321,0.06983999907970428,0
2026-08-06T07:35,0.06983000040054321,0.06983999907970428,0.06977999955415726,0.06977999955415726,0
2026-08-06T07:40,0.06977999955415726,0.06977999955415726,0.06970000267028809,0.06970000267028809,0
2026-08-06T07:45,0.06970000267028809,0.06976000219583511,0.06970000267028809,0.06976000219583511,0
2026-08-06T07:50,0.06976000219583511,0.06976000219583511,0.0697299987077713,0.06975000351667404,0
2026-08-06T07:55,0.06975000351667404,0.0697999969124794,0.06970000267028809,0.0697299987077713,86848
2026-08-06T08:00,0.06972000002861023,0.06975000351667404,0.06971000134944916,0.0697299987077713,0
2026-08-06T08:05,0.06972000002861023,0.0697299987077713,0.06965000182390213,0.06965000182390213,0
2026-08-06T08:10,0.0696600005030632,0.06966999918222427,0.06964000314474106,0.0696600005030632,0
2026-08-06T08:15,0.0696600005030632,0.06966999918222427,0.06961999833583832,0.06961999833583832,0
2026-08-06T08:20,0.06961999833583832,0.06973999738693237,0.06961999833583832,0.06973999738693237,0
2026-08-06T08:25,0.06972000002861023,0.06977000087499619,0.06971000134944916,0.06977000087499619,341120
2026-08-06T08:30,0.06977000087499619,0.0697999969124794,0.0697299987077713,0.06975000351667404,48864
2026-08-06T08:35,0.06977000087499619,0.06977999955415726,0.06975000351667404,0.06977000087499619,0
2026-08-06T08:40,0.06977000087499619,0.0698700025677681,0.06977000087499619,0.06982000172138214,0
2026-08-06T08:45,0.06982000172138214,0.0698700025677681,0.06981000304222107,0.0698700025677681,282912
2026-08-06T08:50,0.0698700025677681,0.06996999680995941,0.0698700025677681,0.06990999728441238,0
2026-08-06T08:55,0.06990999728441238,0.06992000341415405,0.06990999728441238,0.06992000341415405,1154560
2026-08-06T09:00,0.06992000341415405,0.06992000341415405,0.06984999775886536,0.06984999775886536,0
2026-08-06T09:05,0.06983999907970428,0.06983999907970428,0.06970000267028809,0.06970000267028809,0
2026-08-06T09:10,0.06966999918222427,0.06967999786138535,0.06938000023365021,0.06939999759197235,0
2026-08-06T09:15,0.06941000372171402,0.06943999975919724,0.06937000155448914,0.06938999891281128,2726752
2026-08-06T09:20,0.06938999891281128,0.06943000108003616,0.06931000202894211,0.06937000155448914,2252000
2026-08-06T09:25,0.06937000155448914,0.06943999975919724,0.06933999806642532,0.06937000155448914,1791040
2026-08-06T09:30,0.06933999806642532,0.06933999806642532,0.06909000128507614,0.06922999769449234,2134944
2026-08-06T09:35,0.06922999769449234,0.06926000118255615,0.06919000297784805,0.0692100003361702,3513280
2026-08-06T09:40,0.06920000165700912,0.0692100003361702,0.06896000355482101,0.0689999982714653,983264
2026-08-06T09:45,0.0689999982714653,0.0689999982714653,0.06888999789953232,0.06898999959230423,5605536
2026-08-06T09:50,0.0689999982714653,0.06905999779701233,0.06894999742507935,0.06900999695062637,2493728
2026-08-06T09:55,0.06900999695062637,0.06900999695062637,0.06893999874591827,0.0689999982714653,1396064
2026-08-06T10:00,0.06902000308036804,0.06905999779701233,0.06891000270843506,0.06896000355482101,1626272
2026-08-06T10:05,0.0689300000667572,0.06896000355482101,0.0688600018620491,0.06889999657869339,2656960
2026-08-06T10:10,0.06888999789953232,0.0689300000667572,0.06881999969482422,0.0688600018620491,1143392
2026-08-06T10:15,0.0688600018620491,0.06896000355482101,0.06872999668121338,0.06894999742507935,1430784
2026-08-06T10:20,0.06896000355482101,0.06900999695062637,0.06896000355482101,0.06900999695062637,2344448
2026-08-06T10:25,0.06900999695062637,0.06903000175952911,0.06898000091314316,0.06902000308036804,736928
2026-08-06T10:30,0.06900999695062637,0.06900999695062637,0.06898999959230423,0.06898999959230423,693984
2026-08-06T10:35,0.06898999959230423,0.06900999695062637,0.06896000355482101,0.06900999695062637,618304
2026-08-06T10:40,0.06903000175952911,0.06903000175952911,0.06898000091314316,0.06898999959230423,0
2026-08-06T10:45,0.06898000091314316,0.06900999695062637,0.06896000355482101,0.06900999695062637,0
2026-08-06T10:50,0.06898999959230423,0.06902000308036804,0.06897000223398209,0.06897000223398209,23744
2026-08-06T10:55,0.06897000223398209,0.06900999695062637,0.0689300000667572,0.06897000223398209,0
2026-08-06T11:00,0.06894999742507935,0.06894999742507935,0.0688600018620491,0.0688600018620491,0
2026-08-06T11:05,0.06887000054121017,0.06894999742507935,0.06883999705314636,0.06894999742507935,714752
2026-08-06T11:10,0.06894999742507935,0.06897000223398209,0.06894999742507935,0.06897000223398209,401472
2026-08-06T11:15,0.06898000091314316,0.06905999779701233,0.06898000091314316,0.06904000043869019,0
2026-08-06T11:20,0.06904000043869019,0.06908000260591507,0.06900999695062637,0.06905999779701233,568448
2026-08-06T11:25,0.06905999779701233,0.0690699964761734,0.06905999779701233,0.0690699964761734,435776
2026-08-06T11:30,0.06904999911785126,0.0691400021314621,0.06904999911785126,0.0691400021314621,0
2026-08-06T11:35,0.0691400021314621,0.06920000165700912,0.0691400021314621,0.06915000081062317,0
2026-08-06T11:40,0.06915000081062317,0.06917999684810638,0.06915000081062317,0.06917999684810638,42656
2026-08-06T11:45,0.06915999948978424,0.06917999684810638,0.06910999864339828,0.0691400021314621,93888
2026-08-06T11:50,0.0691400021314621,0.0691400021314621,0.06905999779701233,0.06909999996423721,869504
2026-08-06T11:55,0.06908000260591507,0.06909000128507614,0.06905999779701233,0.0690699964761734,406432
2026-08-06T12:00,0.06909000128507614,0.06909999996423721,0.0689999982714653,0.06902000308036804,0
2026-08-06T12:05,0.06898000091314316,0.06898000091314316,0.06892000138759613,0.06892000138759613,480320
2026-08-06T12:10,0.06896000355482101,0.06896000355482101,0.0689300000667572,0.06896000355482101,73280
2026-08-06T12:15,0.06896000355482101,0.06897000223398209,0.06892000138759613,0.06894999742507935,159744
2026-08-06T12:20,0.06898000091314316,0.06900999695062637,0.06896000355482101,0.06898000091314316,0
2026-08-06T12:25,0.06898000091314316,0.06904000043869019,0.06898000091314316,0.06900999695062637,0
2026-08-06T12:30,0.06900999695062637,0.06904999911785126,0.06898000091314316,0.06898000091314316,0
2026-08-06T12:35,0.06898000091314316,0.06904000043869019,0.06898000091314316,0.06904000043869019,0
2026-08-06T12:40,0.06904000043869019,0.06904000043869019,0.06897000223398209,0.06897000223398209,0
2026-08-06T12:45,0.06897000223398209,0.06897000223398209,0.06893999874591827,0.06893999874591827,31936
2026-08-06T12:50,0.06894999742507935,0.06896000355482101,0.06887000054121017,0.06887000054121017,0
2026-08-06T12:55,0.06887000054121017,0.06891000270843506,0.06876999884843826,0.068790003657341,445024
2026-08-06T13:00,0.06877999752759933,0.06883999705314636,0.06858000159263611,0.06864999979734421,0
2026-08-06T13:05,0.06864000111818314,0.06864000111818314,0.06844999641180038,0.06844999641180038,5155328
2026-08-06T13:10,0.0684799998998642,0.06858000159263611,0.06844999641180038,0.06851000338792801,2551936
2026-08-06T13:15,0.06849999725818634,0.06859000027179718,0.06849999725818634,0.06853000074625015,1117984
2026-08-06T13:20,0.06853000074625015,0.06857000291347504,0.06849999725818634,0.06852000206708908,873120
2026-08-06T13:25,0.0684799998998642,0.06855999678373337,0.06844999641180038,0.0685499981045723,705824
2026-08-06T13:30,0.0685499981045723,0.0685499981045723,0.06820999830961227,0.06837999820709229,2181152
2026-08-06T13:35,0.06842999905347824,0.06858000159263611,0.06837999820709229,0.06857000291347504,0
2026-08-06T13:40,0.06859000027179718,0.06874000281095505,0.06859000027179718,0.06871999800205231,0
2026-08-06T13:45,0.06874000281095505,0.06876000016927719,0.06864999979734421,0.06872999668121338,0
2026-08-06T13:50,0.06872999668121338,0.06876999884843826,0.06869000196456909,0.06870999932289124,0
2026-08-06T13:55,0.06870999932289124,0.06877999752759933,0.06870000064373016,0.06872999668121338,0
2026-08-06T14:00,0.06870999932289124,0.06870999932289124,0.06864000111818314,0.06870000064373016,0
2026-08-06T14:05,0.06871999800205231,0.06876000016927719,0.06870000064373016,0.06871999800205231,589472
2026-08-06T14:10,0.06872999668121338,0.06881999969482422,0.06872999668121338,0.06876999884843826,0
2026-08-06T14:15,0.06876000016927719,0.0688600018620491,0.06874000281095505,0.06875000149011612,1141632
2026-08-06T14:20,0.06876999884843826,0.06892000138759613,0.06876999884843826,0.06880000233650208,195296
2026-08-06T14:25,0.068790003657341,0.0688600018620491,0.06872999668121338,0.06872999668121338,196768
2026-08-06T14:30,0.06870000064373016,0.0688600018620491,0.06866999715566635,0.0688600018620491,172832
2026-08-06T14:35,0.0688600018620491,0.06898000091314316,0.0688600018620491,0.0689300000667572,208288
2026-08-06T14:40,0.06891000270843506,0.06913000345230103,0.06891000270843506,0.06909000128507614,379200
2026-08-06T14:45,0.06909000128507614,0.06909000128507614,0.06896000355482101,0.06897000223398209,1927552
2026-08-06T14:50,0.06894999742507935,0.06903000175952911,0.0689300000667572,0.06896000355482101,613984
2026-08-06T14:55,0.06894999742507935,0.06904000043869019,0.06894999742507935,0.06903000175952911,1874240
2026-08-06T15:00,0.06904000043869019,0.0691400021314621,0.0689999982714653,0.06902000308036804,0
2026-08-06T15:05,0.06904999911785126,0.0691400021314621,0.06900999695062637,0.06911999732255936,0
2026-08-06T15:10,0.06913000345230103,0.06920000165700912,0.0690699964761734,0.0690699964761734,92800
2026-08-06T15:15,0.06908000260591507,0.06915999948978424,0.0689999982714653,0.0689999982714653,0
2026-08-06T15:20,0.06902000308036804,0.06909999996423721,0.06898000091314316,0.06909999996423721,0
2026-08-06T15:25,0.06909000128507614,0.06913000345230103,0.06903000175952911,0.06910999864339828,0
2026-08-06T15:30,0.06910999864339828,0.06915000081062317,0.06903000175952911,0.06904000043869019,1755616
2026-08-06T15:35,0.06904000043869019,0.06911999732255936,0.06902000308036804,0.06909999996423721,714880
2026-08-06T15:40,0.06909999996423721,0.06915000081062317,0.06902000308036804,0.06905999779701233,388800
2026-08-06T15:45,0.06903000175952911,0.06919000297784805,0.06903000175952911,0.06917999684810638,0
2026-08-06T15:50,0.06917999684810638,0.0692100003361702,0.06910999864339828,0.06911999732255936,1332352
2026-08-06T15:55,0.06909000128507614,0.06909000128507614,0.06898000091314316,0.06898000091314316,299040
2026-08-06T16:00,0.06894999742507935,0.06900999695062637,0.06893999874591827,0.0689999982714653,0
2026-08-06T16:05,0.0689999982714653,0.06908000260591507,0.06897000223398209,0.06908000260591507,0
2026-08-06T16:10,0.06908000260591507,0.06910999864339828,0.06891000270843506,0.06892000138759613,0
2026-08-06T16:15,0.06897000223398209,0.06908000260591507,0.06891000270843506,0.0690699964761734,212288
2026-08-06T16:20,0.06904999911785126,0.06905999779701233,0.06898000091314316,0.06905999779701233,151456
2026-08-06T16:25,0.06905999779701233,0.06908000260591507,0.0689999982714653,0.06908000260591507,0
2026-08-06T16:30,0.06911999732255936,0.06915999948978424,0.06908000260591507,0.06915999948978424,0
2026-08-06T16:35,0.0691400021314621,0.0692100003361702,0.06910999864339828,0.0692100003361702,0
2026-08-06T16:40,0.06925000250339508,0.06931000202894211,0.0692100003361702,0.0692799985408783,0
2026-08-06T16:45,0.0692799985408783,0.06931000202894211,0.0692100003361702,0.06926999986171722,229184
2026-08-06T16:50,0.06926999986171722,0.06932000070810318,0.06921999901533127,0.06923999637365341,441952
2026-08-06T16:55,0.06923999637365341,0.06926999986171722,0.06923999637365341,0.06925000250339508,292192
2026-08-06T17:00,0.0692799985408783,0.06933999806642532,0.06925000250339508,0.06925000250339508,0
2026-08-06T17:05,0.06925000250339508,0.06930000334978104,0.06920000165700912,0.06922999769449234,0
2026-08-06T17:10,0.06922999769449234,0.06926000118255615,0.06921999901533127,0.06925000250339508,62592
2026-08-06T17:15,0.06922999769449234,0.06926999986171722,0.0692100003361702,0.06925000250339508,0
2026-08-06T17:20,0.06923999637365341,0.0692799985408783,0.06919000297784805,0.06919000297784805,0
2026-08-06T17:25,0.06919000297784805,0.06919000297784805,0.0691400021314621,0.0691400021314621,805568
2026-08-06T17:30,0.0691400021314621,0.06916999816894531,0.06910999864339828,0.06910999864339828,166464
2026-08-06T17:35,0.06910999864339828,0.06913000345230103,0.06902000308036804,0.06902000308036804,364352
2026-08-06T17:40,0.06903000175952911,0.06903000175952911,0.0689300000667572,0.0689999982714653,0
2026-08-06T17:45,0.0689999982714653,0.06904000043869019,0.06897000223398209,0.06898000091314316,0
2026-08-06T17:50,0.06898000091314316,0.06905999779701233,0.06898000091314316,0.06904999911785126,0
2026-08-06T17:55,0.06903000175952911,0.06908000260591507,0.06903000175952911,0.06904000043869019,0
2026-08-06T18:00,0.06903000175952911,0.06903000175952911,0.06891000270843506,0.06892000138759613,0
2026-08-06T18:05,0.06892000138759613,0.06893999874591827,0.06881999969482422,0.06887000054121017,0
2026-08-06T18:10,0.06887999922037125,0.06896000355482101,0.0688600018620491,0.06894999742507935,0
2026-08-06T18:15,0.06894999742507935,0.06904999911785126,0.06889999657869339,0.06903000175952911,539424
2026-08-06T18:20,0.06904000043869019,0.06909000128507614,0.06900999695062637,0.06900999695062637,0
2026-08-06T18:25,0.06902000308036804,0.06902000308036804,0.06897000223398209,0.0689999982714653,0
2026-08-06T18:30,0.0689999982714653,0.0689999982714653,0.06885000318288803,0.06885000318288803,0
2026-08-06T18:35,0.06887000054121017,0.06887999922037125,0.06876999884843826,0.06880000233650208,29760
2026-08-06T18:40,0.06880000233650208,0.06880000233650208,0.06872999668121338,0.06874000281095505,0
2026-08-06T18:45,0.06876000016927719,0.068790003657341,0.06870000064373016,0.06870000064373016,0
2026-08-06T18:50,0.06869000196456909,0.06872999668121338,0.06858000159263611,0.06858000159263611,69568
2026-08-06T18:55,0.06859000027179718,0.06868000328540802,0.06859000027179718,0.06864000111818314,606048
2026-08-06T19:00,0.06865999847650528,0.06872999668121338,0.06863000243902206,0.06872999668121338,250656
2026-08-06T19:05,0.06872999668121338,0.06876999884843826,0.06868000328540802,0.06875000149011612,0
2026-08-06T19:10,0.06875000149011612,0.06875000149011612,0.06870000064373016,0.06870999932289124,0
2026-08-06T19:15,0.06868000328540802,0.06871999800205231,0.06868000328540802,0.06870999932289124,0
2026-08-06T19:20,0.06870999932289124,0.06877999752759933,0.06870999932289124,0.06871999800205231,140384
2026-08-06T19:25,0.06870000064373016,0.06870000064373016,0.06864000111818314,0.06868000328540802,0
2026-08-06T19:30,0.06866999715566635,0.06871999800205231,0.06866999715566635,0.06871999800205231,0
2026-08-06T19:35,0.06874000281095505,0.06877999752759933,0.06871999800205231,0.06876000016927719,0
2026-08-06T19:40,0.06876999884843826,0.06877999752759933,0.06874000281095505,0.06875000149011612,288480
2026-08-06T19:45,0.06875000149011612,0.06876000016927719,0.06872999668121338,0.06875000149011612,0
2026-08-06T19:50,0.06871999800205231,0.06876999884843826,0.06868000328540802,0.06875000149011612,0
2026-08-06T19:55,0.06875000149011612,0.06876999884843826,0.06869000196456909,0.06870000064373016,319648
2026-08-06T20:00,0.06869000196456909,0.06872999668121338,0.06869000196456909,0.06871999800205231,0
2026-08-06T20:05,0.06871999800205231,0.06875000149011612,0.06870999932289124,0.06874000281095505,0
2026-08-06T20:10,0.06871999800205231,0.06876000016927719,0.06871999800205231,0.06876000016927719,0
2026-08-06T20:15,0.06876000016927719,0.06876000016927719,0.06870000064373016,0.06874000281095505,0
2026-08-06T20:20,0.06871999800205231,0.06874000281095505,0.06870999932289124,0.06874000281095505,0
2026-08-06T20:25,0.06874000281095505,0.06875000149011612,0.06870000064373016,0.06871999800205231,0
2026-08-06T20:30,0.06872999668121338,0.06883999705314636,0.06870999932289124,0.06883999705314636,0
2026-08-06T20:35,0.06883999705314636,0.06885000318288803,0.06876000016927719,0.06885000318288803,121120
2026-08-06T20:40,0.06885000318288803,0.06889999657869339,0.06885000318288803,0.06889999657869339,455360
2026-08-06T20:45,0.06888999789953232,0.06889999657869339,0.06888999789953232,0.06889999657869339,0
2026-08-06T20:50,0.06889999657869339,0.06891000270843506,0.0688600018620491,0.0688600018620491,0
2026-08-06T20:55,0.06889999657869339,0.06889999657869339,0.0688600018620491,0.06887000054121017,0
2026-08-06T21:00,0.06887999922037125,0.06894999742507935,0.06887000054121017,0.06887000054121017,0
2026-08-06T21:05,0.06887000054121017,0.06894999742507935,0.06887000054121017,0.06893999874591827,1107808
2026-08-06T21:10,0.06898000091314316,0.06905999779701233,0.06898000091314316,0.06903000175952911,458080
2026-08-06T21:15,0.06903000175952911,0.06904999911785126,0.0688600018620491,0.06892000138759613,2061120
2026-08-06T21:20,0.06896000355482101,0.0689999982714653,0.06896000355482101,0.06898999959230423,1768928
2026-08-06T21:25,0.06900999695062637,0.06900999695062637,0.06897000223398209,0.06897000223398209,404672
2026-08-06T21:30,0.06897000223398209,0.06897000223398209,0.06892000138759613,0.06892000138759613,0
2026-08-06T21:35,0.06892000138759613,0.06897000223398209,0.06885000318288803,0.0689300000667572,0
2026-08-06T21:40,0.0689300000667572,0.06900999695062637,0.0689300000667572,0.06898000091314316,30240
2026-08-06T21:45,0.06897000223398209,0.06900999695062637,0.06896000355482101,0.06900999695062637,0
2026-08-06T21:50,0.06900999695062637,0.06904999911785126,0.06900999695062637,0.06903000175952911,21920
2026-08-06T21:55,0.06903000175952911,0.06905999779701233,0.06900999695062637,0.06904999911785126,0
2026-08-06T22:00,0.06905999779701233,0.06905999779701233,0.06896000355482101,0.06900999695062637,0
2026-08-06T22:05,0.06900999695062637,0.06904000043869019,0.06898999959230423,0.06898999959230423,0
2026-08-06T22:10,0.06903000175952911,0.06904999911785126,0.06900999695062637,0.06904999911785126,0
2026-08-06T22:15,0.06904000043869019,0.06905999779701233,0.06898999959230423,0.06898999959230423,0
2026-08-06T22:20,0.06898999959230423,0.06898999959230423,0.06882999837398529,0.06887999922037125,0
2026-08-06T22:25,0.06887999922037125,0.06892000138759613,0.06887999922037125,0.06887999922037125,71232
2026-08-06T22:30,0.06887999922037125,0.0689300000667572,0.06887000054121017,0.06889999657869339,317696
2026-08-06T22:35,0.06889999657869339,0.06889999657869339,0.06887000054121017,0.06887000054121017,0
2026-08-06T22:40,0.06889999657869339,0.06893999874591827,0.0688600018620491,0.06888999789953232,0
2026-08-06T22:45,0.06887999922037125,0.06892000138759613,0.0688600018620491,0.06892000138759613,0
2026-08-06T22:50,0.06892000138759613,0.06897000223398209,0.06892000138759613,0.06893999874591827,0
2026-08-06T22:55,0.06893999874591827,0.06896000355482101,0.06893999874591827,0.06894999742507935,0
2026-08-06T23:00,0.06896000355482101,0.06897000223398209,0.0689300000667572,0.06897000223398209,0
2026-08-06T23:05,0.06896000355482101,0.06898000091314316,0.06893999874591827,0.06896000355482101,0
2026-08-06T23:10,0.06896000355482101,0.06898000091314316,0.06896000355482101,0.06896000355482101,0
2026-08-06T23:15,0.06896000355482101,0.06896000355482101,0.06888999789953232,0.06888999789953232,0
2026-08-06T23:20,0.06889999657869339,0.06889999657869339,0.06881000101566315,0.06887000054121017,0
2026-08-06T23:25,0.06887000054121017,0.06888999789953232,0.06882999837398529,0.06885000318288803,615616
2026-08-06T23:30,0.06885000318288803,0.06888999789953232,0.06882999837398529,0.06888999789953232,631712
2026-08-06T23:35,0.06888999789953232,0.06889999657869339,0.06880000233650208,0.06881000101566315,360704
2026-08-06T23:40,0.06881000101566315,0.0688600018620491,0.06881000101566315,0.0688600018620491,52096
2026-08-06T23:45,0.06883999705314636,0.06887000054121017,0.06883999705314636,0.06887000054121017,0
2026-08-06T23:50,0.06887000054121017,0.0689999982714653,0.06883999705314636,0.06898000091314316,0
2026-08-06T23:55,0.06898000091314316,0.06903000175952911,0.06898000091314316,0.06902000308036804,145056
2026-08-07T00:00,0.06904000043869019,0.06916999816894531,0.0689999982714653,0.0691400021314621,0
2026-08-07T00:05,0.0691400021314621,0.06917999684810638,0.06911999732255936,0.06911999732255936,911744
2026-08-07T00:10,0.06911999732255936,0.06911999732255936,0.06902000308036804,0.06903000175952911,459648
2026-08-07T00:15,0.06904000043869019,0.06904000043869019,0.06897000223398209,0.06898999959230423,0
2026-08-07T00:20,0.06897000223398209,0.0689999982714653,0.0689300000667572,0.06898999959230423,0
2026-08-07T00:25,0.06898000091314316,0.0690699964761734,0.06898000091314316,0.06904000043869019,0
2026-08-07T00:30,0.06904000043869019,0.0691400021314621,0.06898999959230423,0.0691400021314621,43776
2026-08-07T00:35,0.0691400021314621,0.0691400021314621,0.06903000175952911,0.0690699964761734,126720
2026-08-07T00:40,0.0690699964761734,0.0691400021314621,0.06903000175952911,0.0691400021314621,55168
2026-08-07T00:45,0.06916999816894531,0.06925000250339508,0.06913000345230103,0.0691400021314621,694112
2026-08-07T00:50,0.06913000345230103,0.06922999769449234,0.06913000345230103,0.06919000297784805,1073792
2026-08-07T00:55,0.06919000297784805,0.0692100003361702,0.06915999948978424,0.0692100003361702,232288
2026-08-07T01:00,0.06921999901533127,0.06938999891281128,0.06921999901533127,0.06933999806642532,0
2026-08-07T01:05,0.06932000070810318,0.06932999938726425,0.06925000250339508,0.0692799985408783,719616
2026-08-07T01:10,0.0692799985408783,0.0692799985408783,0.06921999901533127,0.06925000250339508,434816
2026-08-07T01:15,0.06925000250339508,0.06932000070810318,0.06925000250339508,0.06926999986171722,0
2026-08-07T01:20,0.06926000118255615,0.0692799985408783,0.06916999816894531,0.06916999816894531,0
2026-08-07T01:25,0.06921999901533127,0.06932000070810318,0.06917999684810638,0.06930000334978104,80256
2026-08-07T01:30,0.06932000070810318,0.06933999806642532,0.06926000118255615,0.06926000118255615,0
2026-08-07T01:35,0.06925000250339508,0.06926000118255615,0.06911999732255936,0.06911999732255936,207968
2026-08-07T01:40,0.06910999864339828,0.06915000081062317,0.0690699964761734,0.0691400021314621,226816
2026-08-07T01:45,0.0691400021314621,0.06922999769449234,0.0691400021314621,0.06921999901533127,156576
2026-08-07T01:50,0.06926000118255615,0.06926000118255615,0.06916999816894531,0.06920000165700912,19040
2026-08-07T01:55,0.06920000165700912,0.06922999769449234,0.06915000081062317,0.06922999769449234,0
2026-08-07T02:00,0.0692100003361702,0.06923999637365341,0.06915999948978424,0.06915999948978424,0
2026-08-07T02:05,0.06917999684810638,0.06917999684810638,0.06909000128507614,0.06909000128507614,0
2026-08-07T02:10,0.06909000128507614,0.0692799985408783,0.0689999982714653,0.0692799985408783,0
2026-08-07T02:15,0.06931000202894211,0.06943999975919724,0.06928999722003937,0.06937000155448914,0
2026-08-07T02:20,0.0693499967455864,0.06936000287532806,0.0692100003361702,0.06922999769449234,584064
2026-08-07T02:25,0.06922999769449234,0.06922999769449234,0.06916999816894531,0.06917999684810638,149056
2026-08-07T02:30,0.06917999684810638,0.06919000297784805,0.06913000345230103,0.0691400021314621,113792
2026-08-07T02:35,0.06911999732255936,0.06917999684810638,0.06908000260591507,0.06908000260591507,105504
2026-08-07T02:40,0.06908000260591507,0.0691400021314621,0.06904999911785126,0.06911999732255936,323136
2026-08-07T02:45,0.06911999732255936,0.06917999684810638,0.06909999996423721,0.06917999684810638,0
2026-08-07T02:50,0.06919000297784805,0.06926999986171722,0.06919000297784805,0.06923999637365341,0
2026-08-07T02:55,0.06925000250339508,0.06925000250339508,0.06919000297784805,0.06922999769449234,0
2026-08-07T03:00,0.06922999769449234,0.06922999769449234,0.06915000081062317,0.06920000165700912,0
2026-08-07T03:05,0.06920000165700912,0.06933999806642532,0.06920000165700912,0.06932000070810318,0
2026-08-07T03:10,0.06932000070810318,0.06937000155448914,0.0692799985408783,0.0692799985408783,554912
2026-08-07T03:15,0.06928999722003937,0.06930000334978104,0.06926000118255615,0.0692799985408783,0
2026-08-07T03:20,0.0692799985408783,0.06928999722003937,0.06921999901533127,0.06926000118255615,0
2026-08-07T03:25,0.0692799985408783,0.0692799985408783,0.06919000297784805,0.06919000297784805,140352
2026-08-07T03:30,0.06921999901533127,0.06926999986171722,0.06921999901533127,0.06921999901533127,337120
2026-08-07T03:35,0.06919000297784805,0.06925000250339508,0.06915000081062317,0.06915000081062317,0
2026-08-07T03:40,0.06915000081062317,0.06917999684810638,0.06913000345230103,0.0691400021314621,0
2026-08-07T03:45,0.0691400021314621,0.0691400021314621,0.06909000128507614,0.0691400021314621,126784
2026-08-07T03:50,0.06915999948978424,0.06919000297784805,0.06905999779701233,0.0690699964761734,48160
2026-08-07T03:55,0.0690699964761734,0.0690699964761734,0.06898000091314316,0.0689999982714653,0
2026-08-07T04:00,0.06897000223398209,0.06898999959230423,0.06887999922037125,0.06898000091314316,0
2026-08-07T04:05,0.06893999874591827,0.06904000043869019,0.06893999874591827,0.06902000308036804,0
2026-08-07T04:10,0.06902000308036804,0.06905999779701233,0.06897000223398209,0.06898999959230423,0
2026-08-07T04:15,0.06898999959230423,0.06909000128507614,0.06896000355482101,0.06909000128507614,0
2026-08-07T04:20,0.06908000260591507,0.06915999948978424,0.06904999911785126,0.06904999911785126,38368
2026-08-07T04:25,0.0690699964761734,0.0690699964761734,0.0689999982714653,0.06900999695062637,12160
2026-08-07T04:30,0.06898000091314316,0.06904999911785126,0.06898000091314316,0.06904000043869019,630304
2026-08-07T04:35,0.06903000175952911,0.06905999779701233,0.06898000091314316,0.06904000043869019,62784
2026-08-07T04:40,0.06904000043869019,0.06904000043869019,0.06898999959230423,0.06903000175952911,40160
2026-08-07T04:45,0.06903000175952911,0.06905999779701233,0.06897000223398209,0.06898999959230423,169856
2026-08-07T04:50,0.06898999959230423,0.06898999959230423,0.0688600018620491,0.06889999657869339,74528
2026-08-07T04:55,0.06892000138759613,0.0689999982714653,0.06889999657869339,0.06898000091314316,290304
2026-08-07T05:00,0.06894999742507935,0.06905999779701233,0.06894999742507935,0.06904999911785126,0
2026-08-07T05:05,0.0689999982714653,0.06900999695062637,0.06897000223398209,0.06897000223398209,0
2026-08-07T05:10,0.06893999874591827,0.06900999695062637,0.06893999874591827,0.06900999695062637,0
2026-08-07T05:15,0.06900999695062637,0.06903000175952911,0.06898000091314316,0.0689999982714653,0
2026-08-07T05:20,0.0689999982714653,0.06904000043869019,0.06888999789953232,0.06892000138759613,0
2026-08-07T05:25,0.06892000138759613,0.06896000355482101,0.06892000138759613,0.06893999874591827,268544
2026-08-07T05:30,0.06893999874591827,0.06893999874591827,0.06876000016927719,0.06876000016927719,463296
2026-08-07T05:35,0.06876999884843826,0.06898000091314316,0.06876999884843826,0.06898000091314316,1396896
2026-08-07T05:40,0.06898000091314316,0.06898999959230423,0.06894999742507935,0.06898000091314316,384224
2026-08-07T05:45,0.06898999959230423,0.0690699964761734,0.06898000091314316,0.06905999779701233,299936
2026-08-07T05:50,0.06908000260591507,0.06919000297784805,0.06908000260591507,0.06915999948978424,372640
2026-08-07T05:55,0.06915999948978424,0.06915999948978424,0.0691400021314621,0.0691400021314621,530816
2026-08-07T06:00,0.0691400021314621,0.06916999816894531,0.06913000345230103,0.0691400021314621,0
2026-08-07T06:05,0.0691400021314621,0.06925000250339508,0.0691400021314621,0.06920000165700912,690688
2026-08-07T06:10,0.06920000165700912,0.06926000118255615,0.06920000165700912,0.06925000250339508,915680
2026-08-07T06:15,0.06925000250339508,0.06943000108003616,0.06925000250339508,0.06933999806642532,72928
2026-08-07T06:20,0.06932999938726425,0.06936000287532806,0.06931000202894211,0.06933999806642532,1853920
2026-08-07T06:25,0.06933999806642532,0.0693499967455864,0.06928999722003937,0.06928999722003937,465056
2026-08-07T06:30,0.06930000334978104,0.06930000334978104,0.06920000165700912,0.0692100003361702,549792
2026-08-07T06:35,0.06922999769449234,0.06937000155448914,0.06894999742507935,0.06908000260591507,448704
2026-08-07T06:40,0.06911999732255936,0.0691400021314621,0.06905999779701233,0.06909999996423721,55205760
2026-08-07T06:45,0.06909999996423721,0.06910999864339828,0.0690699964761734,0.06909000128507614,2544608
2026-08-07T06:50,0.06908000260591507,0.06917999684810638,0.06908000260591507,0.06915999948978424,4602528
2026-08-07T06:55,0.06915999948978424,0.06917999684810638,0.06913000345230103,0.0691400021314621,1699840
2026-08-07T07:00,0.06911999732255936,0.06916999816894531,0.0690699964761734,0.06916999816894531,1259264
2026-08-07T07:05,0.06916999816894531,0.06921999901533127,0.06916999816894531,0.06921999901533127,1697536
2026-08-07T07:10,0.06921999901533127,0.06923999637365341,0.0692100003361702,0.06921999901533127,364480
2026-08-07T07:15,0.06921999901533127,0.06928999722003937,0.06921999901533127,0.06923999637365341,193952
2026-08-07T07:20,0.06923999637365341,0.0692799985408783,0.06921999901533127,0.06925000250339508,390976
2026-08-07T07:25,0.06922999769449234,0.06925000250339508,0.06920000165700912,0.06920000165700912,1283200
2026-08-07T07:30,0.06920000165700912,0.06921999901533127,0.06919000297784805,0.06920000165700912,995616
2026-08-07T07:35,0.06920000165700912,0.06921999901533127,0.06919000297784805,0.06920000165700912,299840
2026-08-07T07:40,0.06915999948978424,0.06919000297784805,0.06915999948978424,0.06917999684810638,660480
2026-08-07T07:45,0.06917999684810638,0.06922999769449234,0.06917999684810638,0.06922999769449234,107136
2026-08-07T07:50,0.06925000250339508,0.06926999986171722,0.06923999637365341,0.06925000250339508,190048
2026-08-07T07:55,0.06925000250339508,0.06926000118255615,0.06921999901533127,0.06923999637365341,51552
2026-08-07T08:00,0.06922999769449234,0.06930000334978104,0.06921999901533127,0.0692799985408783,0
2026-08-07T08:05,0.06931000202894211,0.06932999938726425,0.06930000334978104,0.06930000334978104,731232
2026-08-07T08:10,0.06930000334978104,0.0693499967455864,0.06928999722003937,0.0693499967455864,262272
2026-08-07T08:15,0.06932000070810318,0.06936000287532806,0.06928999722003937,0.06932999938726425,649248
2026-08-07T08:20,0.06930000334978104,0.06931000202894211,0.06926999986171722,0.06931000202894211,789984
2026-08-07T08:25,0.06930000334978104,0.06933999806642532,0.06928999722003937,0.06932999938726425,141952
2026-08-07T08:30,0.06932999938726425,0.06937000155448914,0.06932999938726425,0.06936000287532806,462752
2026-08-07T08:35,0.06936000287532806,0.06936000287532806,0.0692799985408783,0.06930000334978104,1110400
2026-08-07T08:40,0.06930000334978104,0.0694499984383583,0.06928999722003937,0.06943999975919724,387328
2026-08-07T08:45,0.06942000240087509,0.06942000240087509,0.0693499967455864,0.0693499967455864,1212320
2026-08-07T08:50,0.06933999806642532,0.0693499967455864,0.06931000202894211,0.06931000202894211,271648
2026-08-07T08:55,0.06933999806642532,0.0693499967455864,0.06932000070810318,0.06933999806642532,0
2026-08-07T09:00,0.06933999806642532,0.06939999759197235,0.06932999938726425,0.06938000023365021,0
2026-08-07T09:05,0.06938000023365021,0.06938000023365021,0.06933999806642532,0.06936000287532806,0
2026-08-07T09:10,0.06937000155448914,0.06941000372171402,0.06937000155448914,0.06938000023365021,121984
2026-08-07T09:15,0.06938000023365021,0.06942000240087509,0.06938000023365021,0.06939999759197235,0
2026-08-07T09:20,0.06939999759197235,0.06950999796390533,0.06939999759197235,0.06950999796390533,0
2026-08-07T09:25,0.06953000277280807,0.06953000277280807,0.06942000240087509,0.0694499984383583,0
2026-08-07T09:30,0.06942000240087509,0.0695199966430664,0.06941000372171402,0.06949000060558319,0
2026-08-07T09:35,0.06949000060558319,0.06953000277280807,0.06949000060558319,0.06950999796390533,0
2026-08-07T09:40,0.06950999796390533,0.06954000145196915,0.06948000192642212,0.06949999928474426,21504
2026-08-07T09:45,0.06950999796390533,0.06950999796390533,0.06945999711751938,0.06949000060558319,0
2026-08-07T09:50,0.06949000060558319,0.06949000060558319,0.06947000324726105,0.06947000324726105,0
2026-08-07T09:55,0.06947000324726105,0.0695199966430664,0.06947000324726105,0.0695199966430664,0
2026-08-07T10:00,0.06954000145196915,0.06955999881029129,0.0695199966430664,0.06955999881029129,0
2026-08-07T10:05,0.06955999881029129,0.0695900022983551,0.06954000145196915,0.06954000145196915,0
2026-08-07T10:10,0.06954000145196915,0.06955999881029129,0.06954000145196915,0.06955000013113022,0
2026-08-07T10:15,0.06955000013113022,0.06956999748945236,0.0695199966430664,0.0695199966430664,0
2026-08-07T10:20,0.06950999796390533,0.06950999796390533,0.06947000324726105,0.06948000192642212,0
2026-08-07T10:25,0.06948000192642212,0.06954000145196915,0.06945999711751938,0.0695199966430664,0
2026-08-07T10:30,0.06950999796390533,0.06950999796390533,0.06949000060558319,0.06949000060558319,0
2026-08-07T10:35,0.06949000060558319,0.06950999796390533,0.06948000192642212,0.06949000060558319,0
2026-08-07T10:40,0.06949000060558319,0.06949999928474426,0.06943000108003616,0.06943999975919724,0
2026-08-07T10:45,0.06943999975919724,0.06949000060558319,0.06941000372171402,0.06942000240087509,0
2026-08-07T10:50,0.06939999759197235,0.06943000108003616,0.06939999759197235,0.06941000372171402,700096
2026-08-07T10:55,0.06941000372171402,0.06943999975919724,0.06941000372171402,0.06943999975919724,270752
2026-08-07T11:00,0.06943999975919724,0.06949000060558319,0.06943000108003616,0.06949000060558319,0
2026-08-07T11:05,0.06949000060558319,0.06949999928474426,0.06948000192642212,0.06949999928474426,0
2026-08-07T11:10,0.06949999928474426,0.06950999796390533,0.06947000324726105,0.06947000324726105,0
2026-08-07T11:15,0.06947000324726105,0.06948000192642212,0.06943000108003616,0.06943000108003616,0
2026-08-07T11:20,0.06941000372171402,0.06962999701499939,0.06941000372171402,0.06958000361919403,0
2026-08-07T11:25,0.06958000361919403,0.06961999833583832,0.06956999748945236,0.0695900022983551,1362176
2026-08-07T11:30,0.06956999748945236,0.06960999965667725,0.06954000145196915,0.06955999881029129,1270496
2026-08-07T11:35,0.06955999881029129,0.06956999748945236,0.06950999796390533,0.06956999748945236,217248
2026-08-07T11:40,0.06956999748945236,0.06956999748945236,0.06950999796390533,0.0695199966430664,194208
2026-08-07T11:45,0.0695199966430664,0.06953000277280807,0.06950999796390533,0.06950999796390533,78336
2026-08-07T11:50,0.06950999796390533,0.06953000277280807,0.06948000192642212,0.06949999928474426,0
2026-08-07T11:55,0.06949999928474426,0.06955999881029129,0.06949999928474426,0.06955999881029129,0
2026-08-07T12:00,0.06954000145196915,0.06964000314474106,0.06954000145196915,0.06956999748945236,0
2026-08-07T12:05,0.06958000361919403,0.06983999907970428,0.06956999748945236,0.06983000040054321,87232
2026-08-07T12:10,0.06985999643802643,0.06999000161886215,0.06985999643802643,0.06985999643802643,1418016
2026-08-07T12:15,0.06985999643802643,0.06988000124692917,0.06982000172138214,0.06984999775886536,2572384
2026-08-07T12:20,0.0698700025677681,0.06990999728441238,0.06984999775886536,0.06988000124692917,655328
2026-08-07T12:25,0.06983000040054321,0.06995999813079834,0.06983000040054321,0.06995999813079834,813632
2026-08-07T12:30,0.07013999670743942,0.07013999670743942,0.06984999775886536,0.06984999775886536,7289632
2026-08-07T12:35,0.06982000172138214,0.06992000341415405,0.06982000172138214,0.06990999728441238,5338944
2026-08-07T12:40,0.06988999992609024,0.06996999680995941,0.06988999992609024,0.06990999728441238,1446656
2026-08-07T12:45,0.0699400007724762,0.07000000029802322,0.06988999992609024,0.06988999992609024,1427136
2026-08-07T12:50,0.06988999992609024,0.0700099989771843,0.06988999992609024,0.0700099989771843,2238432
2026-08-07T12:55,0.06999000161886215,0.07002999633550644,0.06995999813079834,0.0700099989771843,0
2026-08-07T13:00,0.07001999765634537,0.07002999633550644,0.06995999813079834,0.07001999765634537,0
2026-08-07T13:05,0.0700099989771843,0.07004000246524811,0.06994999945163727,0.06996999680995941,0
2026-08-07T13:10,0.06995999813079834,0.07012999802827835,0.06994999945163727,0.06995999813079834,0
2026-08-07T13:15,0.0699400007724762,0.07002999633550644,0.06993000209331512,0.0700099989771843,140864
2026-08-07T13:20,0.07002999633550644,0.07005999982357025,0.06996999680995941,0.06996999680995941,0
2026-08-07T13:25,0.0699400007724762,0.06999000161886215,0.06989999860525131,0.06996999680995941,0
2026-08-07T13:30,0.06995999813079834,0.07009000331163406,0.06990999728441238,0.07006999850273132,0
2026-08-07T13:35,0.0700799971818924,0.07012999802827835,0.06995999813079834,0.07012999802827835,0
2026-08-07T13:40,0.0701799988746643,0.0701799988746643,0.07005999982357025,0.07011999934911728,0
2026-08-07T13:45,0.07011999934911728,0.07011999934911728,0.06998000293970108,0.07005000114440918,262432
2026-08-07T13:50,0.07005000114440918,0.07016000151634216,0.07002999633550644,0.07005999982357025,4251904
2026-08-07T13:55,0.07005999982357025,0.07006999850273132,0.0699400007724762,0.06998000293970108,2832256
2026-08-07T14:00,0.06998000293970108,0.07006999850273132,0.06984999775886536,0.0698700025677681,0
2026-08-07T14:05,0.06983999907970428,0.0699400007724762,0.06983000040054321,0.06988000124692917,227712
2026-08-07T14:10,0.06989999860525131,0.06989999860525131,0.06975000351667404,0.06977999955415726,506816
2026-08-07T14:15,0.0696600005030632,0.06990999728441238,0.0696600005030632,0.06989999860525131,774208
2026-08-07T14:20,0.06992000341415405,0.07005000114440918,0.06992000341415405,0.07005000114440918,487872
2026-08-07T14:25,0.07005000114440918,0.07011000066995621,0.07005000114440918,0.07006999850273132,1135872
2026-08-07T14:30,0.0700799971818924,0.07011000066995621,0.07000000029802322,0.07005999982357025,0
2026-08-07T14:35,0.07004000246524811,0.07005999982357025,0.06989999860525131,0.06989999860525131,878432
2026-08-07T14:40,0.06988999992609024,0.06996999680995941,0.06983000040054321,0.06983000040054321,859456
2026-08-07T14:45,0.06981000304222107,0.06983999907970428,0.06976000219583511,0.06977999955415726,0
2026-08-07T14:50,0.06976000219583511,0.0697999969124794,0.06955999881029129,0.06971000134944916,0
2026-08-07T14:55,0.06968999654054642,0.06973999738693237,0.0696600005030632,0.0696600005030632,783072
2026-08-07T15:00,0.06967999786138535,0.06967999786138535,0.06962999701499939,0.06962999701499939,0
2026-08-07T15:05,0.06965000182390213,0.06982000172138214,0.06965000182390213,0.06982000172138214,124448
2026-08-07T15:10,0.06983000040054321,0.06983999907970428,0.0697299987077713,0.06973999738693237,0
2026-08-07T15:15,0.06971000134944916,0.06976000219583511,0.06966999918222427,0.0697299987077713,0
2026-08-07T15:20,0.0697299987077713,0.06977000087499619,0.06968999654054642,0.06975000351667404,0
2026-08-07T15:25,0.06975000351667404,0.06977999955415726,0.06971000134944916,0.06977000087499619,0
2026-08-07T15:30,0.06977999955415726,0.06990999728441238,0.06977999955415726,0.06982000172138214,0
2026-08-07T15:35,0.06982000172138214,0.06990999728441238,0.06982000172138214,0.06982000172138214,0
2026-08-07T15:40,0.06983000040054321,0.06990999728441238,0.06983000040054321,0.06989999860525131,0
2026-08-07T15:45,0.06989999860525131,0.06999000161886215,0.06988999992609024,0.06994999945163727,0
2026-08-07T15:50,0.06998000293970108,0.06999000161886215,0.06983999907970428,0.06988000124692917,243296
2026-08-07T15:55,0.06988000124692917,0.06990999728441238,0.06984999775886536,0.06988999992609024,0
2026-08-07T16:00,0.06990999728441238,0.06995999813079834,0.06990999728441238,0.06995999813079834,0
2026-08-07T16:05,0.06995999813079834,0.0700099989771843,0.06995999813079834,0.0700099989771843,0
2026-08-07T16:10,0.0700099989771843,0.07009000331163406,0.06995999813079834,0.07009000331163406,64128
2026-08-07T16:15,0.07009000331163406,0.07009000331163406,0.06993000209331512,0.0699400007724762,0
2026-08-07T16:20,0.06999000161886215,0.06999000161886215,0.06984999775886536,0.06984999775886536,0
2026-08-07T16:25,0.06985999643802643,0.06988000124692917,0.06983000040054321,0.06983999907970428,96416
2026-08-07T16:30,0.06985999643802643,0.06988999992609024,0.06977000087499619,0.0698700025677681,176608
2026-08-07T16:35,0.0698700025677681,0.06994999945163727,0.0698700025677681,0.0699400007724762,30208
2026-08-07T16:40,0.06994999945163727,0.07000000029802322,0.06994999945163727,0.06998000293970108,0
2026-08-07T16:45,0.06998000293970108,0.06998000293970108,0.06989999860525131,0.06992000341415405,0
2026-08-07T16:50,0.06993000209331512,0.0699400007724762,0.06977999955415726,0.06977999955415726,0
2026-08-07T16:55,0.06977999955415726,0.06977999955415726,0.0695900022983551,0.0695900022983551,0
2026-08-07T17:00,0.06955999881029129,0.0695900022983551,0.06942000240087509,0.06955999881029129,0
2026-08-07T17:05,0.06955999881029129,0.06965000182390213,0.06955999881029129,0.06961999833583832,2085440
2026-08-07T17:10,0.06962999701499939,0.06964000314474106,0.0694499984383583,0.0694499984383583,260544
2026-08-07T17:15,0.06939999759197235,0.06949000060558319,0.06937000155448914,0.06945999711751938,743456
2026-08-07T17:20,0.06947000324726105,0.06947000324726105,0.06938999891281128,0.06938999891281128,351136
2026-08-07T17:25,0.06943999975919724,0.06947000324726105,0.06942000240087509,0.06945999711751938,70656
2026-08-07T17:30,0.0694499984383583,0.06949999928474426,0.06937000155448914,0.06949999928474426,754880
2026-08-07T17:35,0.06941000372171402,0.06958000361919403,0.06939999759197235,0.06958000361919403,230368
2026-08-07T17:40,0.06956999748945236,0.06962999701499939,0.06955999881029129,0.06960999965667725,181760
2026-08-07T17:45,0.06960999965667725,0.06965000182390213,0.06956999748945236,0.06956999748945236,238272
2026-08-07T17:50,0.06956999748945236,0.0695900022983551,0.06947000324726105,0.06955000013113022,76352
2026-08-07T17:55,0.06955000013113022,0.06960999965667725,0.06955000013113022,0.0695900022983551,210816
2026-08-07T18:00,0.0695900022983551,0.06970000267028809,0.0695900022983551,0.06970000267028809,0
2026-08-07T18:05,0.06970000267028809,0.0697299987077713,0.06970000267028809,0.0697299987077713,777408
2026-08-07T18:10,0.0697299987077713,0.06977000087499619,0.06970000267028809,0.06973999738693237,0
2026-08-07T18:15,0.06973999738693237,0.06973999738693237,0.06967999786138535,0.06972000002861023,0
2026-08-07T18:20,0.0697299987077713,0.0697299987077713,0.06965000182390213,0.06965000182390213,14560
2026-08-07T18:25,0.06965000182390213,0.06970000267028809,0.06965000182390213,0.06966999918222427,94848
2026-08-07T18:30,0.06966999918222427,0.06971000134944916,0.06962999701499939,0.06962999701499939,80320
2026-08-07T18:35,0.06962999701499939,0.06962999701499939,0.0695199966430664,0.06955000013113022,174976
2026-08-07T18:40,0.06955000013113022,0.06955000013113022,0.06948000192642212,0.06949000060558319,0
2026-08-07T18:45,0.06949000060558319,0.06955999881029129,0.06949000060558319,0.06955000013113022,0
2026-08-07T18:50,0.06955999881029129,0.06955999881029129,0.06950999796390533,0.06953000277280807,0
2026-08-07T18:55,0.06953000277280807,0.06962999701499939,0.06953000277280807,0.06962999701499939,0
2026-08-07T19:00,0.06962999701499939,0.06977000087499619,0.06961999833583832,0.06970000267028809,0
2026-08-07T19:05,0.06968999654054642,0.06977000087499619,0.06967999786138535,0.06977000087499619,0
2026-08-07T19:10,0.0697999969124794,0.06983000040054321,0.06977999955415726,0.06983000040054321,0
2026-08-07T19:15,0.06983000040054321,0.06988999992609024,0.06983000040054321,0.06984999775886536,72224
2026-08-07T19:20,0.06984999775886536,0.06992000341415405,0.06984999775886536,0.06988999992609024,383040
2026-08-07T19:25,0.06988999992609024,0.06988999992609024,0.06983000040054321,0.06983000040054321,0
2026-08-07T19:30,0.06982000172138214,0.06985999643802643,0.0697999969124794,0.06985999643802643,0
2026-08-07T19:35,0.06988999992609024,0.06988999992609024,0.06977999955415726,0.06981000304222107,133728
2026-08-07T19:40,0.06981000304222107,0.06984999775886536,0.06981000304222107,0.06982000172138214,59968
2026-08-07T19:45,0.06983999907970428,0.06988000124692917,0.06983000040054321,0.06983999907970428,0
2026-08-07T19:50,0.06983999907970428,0.06983999907970428,0.06977000087499619,0.06977000087499619,224288
2026-08-07T19:55,0.06976000219583511,0.06983000040054321,0.06976000219583511,0.06982000172138214,0
2026-08-07T20:00,0.06982000172138214,0.06984999775886536,0.0697999969124794,0.06981000304222107,0
2026-08-07T20:05,0.06981000304222107,0.06983999907970428,0.0697999969124794,0.06983000040054321,0
2026-08-07T20:10,0.06983000040054321,0.06983999907970428,0.06978999823331833,0.06982000172138214,0
2026-08-07T20:15,0.0697999969124794,0.0697999969124794,0.06977999955415726,0.06977999955415726,0
2026-08-07T20:20,0.06977000087499619,0.06977999955415726,0.0697299987077713,0.06977999955415726,0
2026-08-07T20:25,0.06977000087499619,0.06981000304222107,0.06976000219583511,0.06977999955415726,0
2026-08-07T20:30,0.06977999955415726,0.06977999955415726,0.06967999786138535,0.06968999654054642,0
2026-08-07T20:35,0.06968999654054642,0.06971000134944916,0.06966999918222427,0.06971000134944916,45792
2026-08-07T20:40,0.06971000134944916,0.06973999738693237,0.06970000267028809,0.06972000002861023,0
2026-08-07T20:45,0.06972000002861023,0.06972000002861023,0.06970000267028809,0.06972000002861023,0
2026-08-07T20:50,0.06972000002861023,0.06972000002861023,0.06968999654054642,0.06970000267028809,11712
2026-08-07T20:55,0.06970000267028809,0.06970000267028809,0.06967999786138535,0.06970000267028809,0
2026-08-07T21:00,0.06970000267028809,0.06973999738693237,0.06970000267028809,0.06971000134944916,0
2026-08-07T21:05,0.06971000134944916,0.06973999738693237,0.06968999654054642,0.06973999738693237,0
2026-08-07T21:10,0.06973999738693237,0.06977999955415726,0.0697299987077713,0.06977999955415726,0
2026-08-07T21:15,0.06977999955415726,0.06982000172138214,0.06966999918222427,0.06968999654054642,0
2026-08-07T21:20,0.06968999654054642,0.0697999969124794,0.06956999748945236,0.0697999969124794,0
2026-08-07T21:25,0.0697999969124794,0.06982000172138214,0.06975000351667404,0.06975000351667404,945344
2026-08-07T21:30,0.06975000351667404,0.0697999969124794,0.06975000351667404,0.06978999823331833,519648
2026-08-07T21:35,0.0697999969124794,0.06981000304222107,0.06977000087499619,0.06977999955415726,466336
2026-08-07T21:40,0.06977999955415726,0.06985999643802643,0.06976000219583511,0.06978999823331833,0
2026-08-07T21:45,0.06976000219583511,0.06983000040054321,0.06975000351667404,0.06975000351667404,736992
2026-08-07T21:50,0.06975000351667404,0.06975000351667404,0.0697299987077713,0.06975000351667404,0
2026-08-07T21:55,0.06972000002861023,0.0697299987077713,0.06965000182390213,0.06965000182390213,135488
2026-08-07T22:00,0.06961999833583832,0.06970000267028809,0.06960000097751617,0.06970000267028809,0
2026-08-07T22:05,0.06966999918222427,0.06971000134944916,0.06966999918222427,0.06971000134944916,0
2026-08-07T22:10,0.06971000134944916,0.06973999738693237,0.06971000134944916,0.06972000002861023,283296
2026-08-07T22:15,0.06972000002861023,0.06976000219583511,0.06970000267028809,0.06970000267028809,64416
2026-08-07T22:20,0.06970000267028809,0.0697299987077713,0.06968999654054642,0.0697299987077713,423808
2026-08-07T22:25,0.0697299987077713,0.06973999738693237,0.06971000134944916,0.06971000134944916,0
2026-08-07T22:30,0.06971000134944916,0.06972000002861023,0.06961999833583832,0.06961999833583832,0
2026-08-07T22:35,0.06961999833583832,0.06964000314474106,0.0695900022983551,0.06960000097751617,0
2026-08-07T22:40,0.06960000097751617,0.06961999833583832,0.0695900022983551,0.0695900022983551,144416
2026-08-07T22:45,0.0695900022983551,0.06964000314474106,0.0695900022983551,0.06962999701499939,90400
2026-08-07T22:50,0.06962999701499939,0.0696600005030632,0.06960999965667725,0.06961999833583832,0
2026-08-07T22:55,0.06961999833583832,0.06961999833583832,0.0695900022983551,0.0695900022983551,81952
2026-08-07T23:00,0.0695900022983551,0.0696600005030632,0.0695900022983551,0.0696600005030632,0
2026-08-07T23:05,0.06966999918222427,0.06970000267028809,0.06966999918222427,0.06968999654054642,0
2026-08-07T23:10,0.06968999654054642,0.06973999738693237,0.06968999654054642,0.06971000134944916,36416
2026-08-07T23:15,0.06971000134944916,0.0697299987077713,0.06968999654054642,0.06968999654054642,463360
2026-08-07T23:20,0.06966999918222427,0.06966999918222427,0.06965000182390213,0.06966999918222427,0
2026-08-07T23:25,0.06966999918222427,0.06966999918222427,0.06964000314474106,0.06964000314474106,0
2026-08-07T23:30,0.06964000314474106,0.0696600005030632,0.06962999701499939,0.06962999701499939,0
2026-08-07T23:35,0.06966999918222427,0.06968999654054642,0.06964000314474106,0.06964000314474106,0
2026-08-07T23:40,0.06964000314474106,0.06967999786138535,0.06964000314474106,0.06967999786138535,0
2026-08-07T23:45,0.06967999786138535,0.0697299987077713,0.06962999701499939,0.06962999701499939,0
2026-08-07T23:50,0.06961999833583832,0.06964000314474106,0.06960000097751617,0.06960000097751617,160736
2026-08-07T23:55,0.06962999701499939,0.06964000314474106,0.06960000097751617,0.06960000097751617,0
2026-08-08T00:00,0.06960000097751617,0.0696600005030632,0.06953000277280807,0.06965000182390213,0
2026-08-08T00:05,0.06965000182390213,0.06970000267028809,0.06962999701499939,0.06962999701499939,945792
2026-08-08T00:10,0.06962999701499939,0.06967999786138535,0.06962999701499939,0.06967999786138535,473344
2026-08-08T00:15,0.06967999786138535,0.06968999654054642,0.06964000314474106,0.06964000314474106,583584
2026-08-08T00:20,0.06965000182390213,0.06971000134944916,0.06964000314474106,0.06971000134944916,259968
2026-08-08T00:25,0.06967999786138535,0.06971000134944916,0.06967999786138535,0.06971000134944916,261184
2026-08-08T00:30,0.06970000267028809,0.06971000134944916,0.0696600005030632,0.0696600005030632,0
2026-08-08T00:35,0.0696600005030632,0.06971000134944916,0.0696600005030632,0.06971000134944916,0
2026-08-08T00:40,0.06972000002861023,0.06978999823331833,0.06972000002861023,0.06978999823331833,52992
2026-08-08T00:45,0.06978999823331833,0.0697999969124794,0.06973999738693237,0.06973999738693237,0
2026-08-08T00:50,0.06975000351667404,0.0697999969124794,0.0697299987077713,0.06977999955415726,0
2026-08-08T00:55,0.06977999955415726,0.06988999992609024,0.06966999918222427,0.06970000267028809,0
2026-08-08T01:00,0.06970000267028809,0.06976000219583511,0.06968999654054642,0.06973999738693237,1022240
2026-08-08T01:05,0.06973999738693237,0.0697999969124794,0.0697299987077713,0.0697299987077713,0
2026-08-08T01:10,0.0697299987077713,0.06983999907970428,0.06971000134944916,0.06983999907970428,0
2026-08-08T01:15,0.06983999907970428,0.0698700025677681,0.06981000304222107,0.06985999643802643,0
2026-08-08T01:20,0.06983999907970428,0.06988000124692917,0.06982000172138214,0.06984999775886536,0
2026-08-08T01:25,0.06984999775886536,0.06988000124692917,0.06984999775886536,0.06988000124692917,0
2026-08-08T01:30,0.06988000124692917,0.06989999860525131,0.06983999907970428,0.06989999860525131,0
2026-08-08T01:35,0.06989999860525131,0.06990999728441238,0.0698700025677681,0.06990999728441238,0
2026-08-08T01:40,0.06990999728441238,0.06999000161886215,0.06990999728441238,0.06999000161886215,0
2026-08-08T01:45,0.06998000293970108,0.06998000293970108,0.06993000209331512,0.06994999945163727,0
2026-08-08T01:50,0.06994999945163727,0.06994999945163727,0.06988000124692917,0.06989999860525131,0
2026-08-08T01:55,0.06992000341415405,0.06993000209331512,0.06990999728441238,0.06990999728441238,140896
2026-08-08T02:00,0.06990999728441238,0.06992000341415405,0.06988000124692917,0.06992000341415405,0
2026-08-08T02:05,0.06992000341415405,0.06996999680995941,0.06988999992609024,0.0699400007724762,0
2026-08-08T02:10,0.06992000341415405,0.06995999813079834,0.06990999728441238,0.06990999728441238,0
2026-08-08T02:15,0.06990999728441238,0.06990999728441238,0.06983000040054321,0.06983000040054321,0
2026-08-08T02:20,0.06984999775886536,0.06989999860525131,0.06984999775886536,0.06984999775886536,0
2026-08-08T02:25,0.06983999907970428,0.06990999728441238,0.06983999907970428,0.06990999728441238,0
2026-08-08T02:30,0.06988999992609024,0.06993000209331512,0.06988000124692917,0.06988000124692917,0
2026-08-08T02:35,0.0698700025677681,0.06990999728441238,0.0698700025677681,0.06990999728441238,0
2026-08-08T02:40,0.06990999728441238,0.06992000341415405,0.0698700025677681,0.06989999860525131,0
2026-08-08T02:45,0.06989999860525131,0.06990999728441238,0.06988999992609024,0.06990999728441238,0
2026-08-08T02:50,0.06990999728441238,0.06990999728441238,0.06984999775886536,0.06985999643802643,0
2026-08-08T02:55,0.06985999643802643,0.0698700025677681,0.06984999775886536,0.06985999643802643,0
2026-08-08T03:00,0.06985999643802643,0.06996999680995941,0.06985999643802643,0.06995999813079834,0
2026-08-08T03:05,0.06995999813079834,0.06999000161886215,0.06995999813079834,0.06999000161886215,0
2026-08-08T03:10,0.06995999813079834,0.06998000293970108,0.06992000341415405,0.06992000341415405,0
2026-08-08T03:15,0.06992000341415405,0.06995999813079834,0.06992000341415405,0.06995999813079834,0
2026-08-08T03:20,0.06995999813079834,0.06998000293970108,0.06994999945163727,0.06995999813079834,4928
2026-08-08T03:25,0.06998000293970108,0.07004000246524811,0.06998000293970108,0.0700099989771843,69632
2026-08-08T03:30,0.0700099989771843,0.07021000236272812,0.0700099989771843,0.07021000236272812,0
2026-08-08T03:35,0.0702499970793724,0.07028000056743622,0.07012999802827835,0.07012999802827835,3202208
2026-08-08T03:40,0.07018999755382538,0.07022000104188919,0.07017000019550323,0.07017000019550323,947840
2026-08-08T03:45,0.07016000151634216,0.07021000236272812,0.07016000151634216,0.07021000236272812,287456
2026-08-08T03:50,0.07021000236272812,0.0702499970793724,0.07021000236272812,0.07021000236272812,330528
2026-08-08T03:55,0.07023999840021133,0.07037000358104706,0.07023999840021133,0.07028999924659729,135392
2026-08-08T04:00,0.07028999924659729,0.0703200027346611,0.07022999972105026,0.07022999972105026,263904
2026-08-08T04:05,0.07022000104188919,0.07022000104188919,0.07011000066995621,0.07011000066995621,178592
2026-08-08T04:10,0.07011000066995621,0.07011999934911728,0.07011000066995621,0.07011000066995621,328928
2026-08-08T04:15,0.07011999934911728,0.07012999802827835,0.07010000199079514,0.07011999934911728,0
2026-08-08T04:20,0.07011999934911728,0.07013999670743942,0.07009000331163406,0.07010000199079514,249536
2026-08-08T04:25,0.07010000199079514,0.07012999802827835,0.07006999850273132,0.07011000066995621,99584
2026-08-08T04:30,0.0700799971818924,0.07017000019550323,0.0700799971818924,0.07013999670743942,122528
2026-08-08T04:35,0.07013999670743942,0.07017000019550323,0.07012999802827835,0.07016000151634216,396352
2026-08-08T04:40,0.07016000151634216,0.07021000236272812,0.07013999670743942,0.07013999670743942,499744
2026-08-08T04:45,0.07013999670743942,0.07015000283718109,0.07009000331163406,0.07009000331163406,0
2026-08-08T04:50,0.07006999850273132,0.07010000199079514,0.07001999765634537,0.07006999850273132,0
2026-08-08T04:55,0.07006999850273132,0.07010000199079514,0.07005000114440918,0.0700799971818924,208928
2026-08-08T05:00,0.0700799971818924,0.0700799971818924,0.07005000114440918,0.07006999850273132,0
2026-08-08T05:05,0.0700799971818924,0.07013999670743942,0.07006999850273132,0.07011000066995621,0
2026-08-08T05:10,0.07009000331163406,0.07013999670743942,0.07009000331163406,0.07011999934911728,0
2026-08-08T05:15,0.07011999934911728,0.07015000283718109,0.07011999934911728,0.07011999934911728,0
2026-08-08T05:20,0.07013999670743942,0.07015000283718109,0.07012999802827835,0.07015000283718109,293056
2026-08-08T05:25,0.07015000283718109,0.07015000283718109,0.07005999982357025,0.0700799971818924,0
2026-08-08T05:30,0.07005999982357025,0.07016000151634216,0.07005999982357025,0.07016000151634216,0
2026-08-08T05:35,0.0701799988746643,0.07023999840021133,0.07015000283718109,0.0701799988746643,0
2026-08-08T05:40,0.07020000368356705,0.07020000368356705,0.07015000283718109,0.07016000151634216,627552
2026-08-08T05:45,0.07018999755382538,0.07018999755382538,0.07011999934911728,0.07011999934911728,225408
2026-08-08T05:50,0.07011000066995621,0.07015000283718109,0.07009000331163406,0.07009000331163406,152800
2026-08-08T05:55,0.07023999840021133,0.07023999840021133,0.07015000283718109,0.0701799988746643,22240
2026-08-08T06:00,0.0701799988746643,0.07022000104188919,0.0701799988746643,0.07018999755382538,0
2026-08-08T06:05,0.07018999755382538,0.07018999755382538,0.07016000151634216,0.07016000151634216,0
2026-08-08T06:10,0.07016000151634216,0.07021000236272812,0.07016000151634216,0.07018999755382538,0
2026-08-08T06:15,0.07018999755382538,0.07021000236272812,0.07017000019550323,0.0701799988746643,0
2026-08-08T06:20,0.0701799988746643,0.07023999840021133,0.0701799988746643,0.07023999840021133,0
2026-08-08T06:25,0.07023999840021133,0.07026000320911407,0.07020000368356705,0.07026000320911407,0
2026-08-08T06:30,0.07026000320911407,0.07026000320911407,0.07023999840021133,0.0702499970793724,0
2026-08-08T06:35,0.07027000188827515,0.0703200027346611,0.07027000188827515,0.07028000056743622,650496
2026-08-08T06:40,0.07028000056743622,0.07034999877214432,0.07028000056743622,0.07028000056743622,0
2026-08-08T06:45,0.07028000056743622,0.07030999660491943,0.07027000188827515,0.07029999792575836,0
2026-08-08T06:50,0.07029999792575836,0.07034000009298325,0.07028999924659729,0.07030999660491943,0
2026-08-08T06:55,0.07030999660491943,0.07034000009298325,0.07029999792575836,0.07033000141382217,0
2026-08-08T07:00,0.07033000141382217,0.07035999745130539,0.0703200027346611,0.0703200027346611,0
2026-08-08T07:05,0.0703200027346611,0.0703200027346611,0.07027000188827515,0.07028000056743622,0
2026-08-08T07:10,0.07028000056743622,0.07028999924659729,0.07022999972105026,0.07026000320911407,0
2026-08-08T07:15,0.07026000320911407,0.07028999924659729,0.07026000320911407,0.07028999924659729,0
2026-08-08T07:20,0.07028999924659729,0.07029999792575836,0.07026000320911407,0.07026000320911407,0
2026-08-08T07:25,0.07026000320911407,0.07026000320911407,0.07023999840021133,0.07023999840021133,0
2026-08-08T07:30,0.07023999840021133,0.07026000320911407,0.07021000236272812,0.07022999972105026,0
2026-08-08T07:35,0.07022999972105026,0.07022999972105026,0.0701799988746643,0.0701799988746643,0
2026-08-08T07:40,0.0701799988746643,0.07022000104188919,0.07016000151634216,0.07018999755382538,0
2026-08-08T07:45,0.07018999755382538,0.07022000104188919,0.07018999755382538,0.07022000104188919,20320
2026-08-08T07:50,0.07021000236272812,0.07022000104188919,0.0701799988746643,0.07022000104188919,0
2026-08-08T07:55,0.07020000368356705,0.07021000236272812,0.07020000368356705,0.07021000236272812,0
2026-08-08T08:00,0.07020000368356705,0.07021000236272812,0.07018999755382538,0.07018999755382538,0
2026-08-08T08:05,0.07020000368356705,0.07022999972105026,0.07018999755382538,0.07018999755382538,0
2026-08-08T08:10,0.07018999755382538,0.07022000104188919,0.07016000151634216,0.07018999755382538,0
2026-08-08T08:15,0.07018999755382538,0.07018999755382538,0.07016000151634216,0.07016000151634216,0
2026-08-08T08:20,0.07016000151634216,0.07016000151634216,0.07011999934911728,0.07013999670743942,0
2026-08-08T08:25,0.07013999670743942,0.07016000151634216,0.07013999670743942,0.07015000283718109,737600
2026-08-08T08:30,0.07015000283718109,0.07020000368356705,0.07013999670743942,0.07020000368356705,0
2026-08-08T08:35,0.07020000368356705,0.07023999840021133,0.07020000368356705,0.07023999840021133,0
2026-08-08T08:40,0.07023999840021133,0.07023999840021133,0.07022000104188919,0.07023999840021133,0
2026-08-08T08:45,0.07022999972105026,0.07027000188827515,0.07020000368356705,0.07027000188827515,0
2026-08-08T08:50,0.07028000056743622,0.07038000226020813,0.07028000056743622,0.07034999877214432,0
2026-08-08T08:55,0.0703200027346611,0.07035999745130539,0.07029999792575836,0.07035999745130539,1281952
2026-08-08T09:00,0.07035999745130539,0.07047999650239944,0.07035999745130539,0.07039999961853027,321600
2026-08-08T09:05,0.07040999829769135,0.07040999829769135,0.07037000358104706,0.07037000358104706,1764704
2026-08-08T09:10,0.07037000358104706,0.07039999961853027,0.07033000141382217,0.07034999877214432,478080
2026-08-08T09:15,0.07034000009298325,0.07038000226020813,0.07034000009298325,0.07038000226020813,254656
2026-08-08T09:20,0.07038000226020813,0.07041999697685242,0.07037000358104706,0.07041999697685242,0
2026-08-08T09:25,0.07041999697685242,0.07046999782323837,0.07041999697685242,0.0704599991440773,0
2026-08-08T09:30,0.07050000131130219,0.07058999687433243,0.07041999697685242,0.07041999697685242,0
2026-08-08T09:35,0.07040999829769135,0.07040999829769135,0.07035999745130539,0.07035999745130539,1223520
2026-08-08T09:40,0.07035999745130539,0.07035999745130539,0.07028999924659729,0.07029999792575836,0
2026-08-08T09:45,0.07030999660491943,0.07034000009298325,0.07026000320911407,0.07026000320911407,0
2026-08-08T09:50,0.07028000056743622,0.07034000009298325,0.07028000056743622,0.07034000009298325,0
2026-08-08T09:55,0.07033000141382217,0.07035999745130539,0.0703200027346611,0.07033000141382217,3040
2026-08-08T10:00,0.07033000141382217,0.0703900009393692,0.07033000141382217,0.0703900009393692,0
2026-08-08T10:05,0.0703900009393692,0.0703900009393692,0.07034000009298325,0.07034000009298325,0
2026-08-08T10:10,0.07034000009298325,0.07034000009298325,0.07029999792575836,0.07029999792575836,0
2026-08-08T10:15,0.07029999792575836,0.07029999792575836,0.07028000056743622,0.07028999924659729,44608
2026-08-08T10:20,0.07028999924659729,0.07030999660491943,0.07028999924659729,0.07029999792575836,0
2026-08-08T10:25,0.07028999924659729,0.07029999792575836,0.0702499970793724,0.07028000056743622,171008
2026-08-08T10:30,0.07028000056743622,0.07028000056743622,0.07028000056743622,0.07028000056743622,0
2026-08-08T10:35,0.07028000056743622,0.07028999924659729,0.07026000320911407,0.07028999924659729,0
2026-08-08T10:40,0.07028999924659729,0.07028999924659729,0.0702499970793724,0.0702499970793724,0
2026-08-08T10:45,0.0702499970793724,0.07028999924659729,0.0702499970793724,0.07028999924659729,0
2026-08-08T10:50,0.07028999924659729,0.0703200027346611,0.07028000056743622,0.0703200027346611,0
2026-08-08T10:55,0.0703200027346611,0.07038000226020813,0.07030999660491943,0.07037000358104706,0
2026-08-08T11:00,0.07037000358104706,0.0703900009393692,0.07035999745130539,0.0703900009393692,0
2026-08-08T11:05,0.0703900009393692,0.07040999829769135,0.07035999745130539,0.07035999745130539,0
2026-08-08T11:10,0.07035999745130539,0.0704599991440773,0.07035999745130539,0.07041999697685242,0
2026-08-08T11:15,0.07037000358104706,0.07037000358104706,0.07034999877214432,0.07034999877214432,353920
2026-08-08T11:20,0.07034999877214432,0.07034999877214432,0.07034000009298325,0.07034999877214432,0
2026-08-08T11:25,0.07037000358104706,0.0703900009393692,0.07037000358104706,0.0703900009393692,0
2026-08-08T11:30,0.07038000226020813,0.0703900009393692,0.07037000358104706,0.07038000226020813,0
2026-08-08T11:35,0.07038000226020813,0.07038000226020813,0.07034000009298325,0.07034000009298325,14016
2026-08-08T11:40,0.07030999660491943,0.07030999660491943,0.07027000188827515,0.07029999792575836,0
2026-08-08T11:45,0.07029999792575836,0.07034000009298325,0.07029999792575836,0.07034000009298325,0
2026-08-08T11:50,0.07035999745130539,0.07040999829769135,0.07034999877214432,0.07039999961853027,0
2026-08-08T11:55,0.07039999961853027,0.07043000310659409,0.07039999961853027,0.07043000310659409,210560
2026-08-08T12:00,0.07043000310659409,0.07043000310659409,0.07038000226020813,0.07041999697685242,192864
2026-08-08T12:05,0.07041999697685242,0.07041999697685242,0.07034000009298325,0.07035999745130539,0
2026-08-08T12:10,0.07035999745130539,0.07045000046491623,0.07035999745130539,0.07040999829769135,0
2026-08-08T12:15,0.07043000310659409,0.07045000046491623,0.07040999829769135,0.07041999697685242,0
2026-08-08T12:20,0.0703900009393692,0.0703900009393692,0.0703900009393692,0.0703900009393692,0
2026-08-08T12:25,0.0703900009393692,0.0703900009393692,0.07034999877214432,0.07034999877214432,0
2026-08-08T12:30,0.07034999877214432,0.0703900009393692,0.07034999877214432,0.0703900009393692,0
2026-08-08T12:35,0.0703900009393692,0.0703900009393692,0.07037000358104706,0.07038000226020813,0
2026-08-08T12:40,0.07038000226020813,0.07044000178575516,0.07038000226020813,0.07043000310659409,0
2026-08-08T12:45,0.07044000178575516,0.07045000046491623,0.07041999697685242,0.07041999697685242,0
2026-08-08T12:50,0.07041999697685242,0.0704599991440773,0.07040999829769135,0.07045000046491623,0
2026-08-08T12:55,0.0704599991440773,0.0704599991440773,0.07038000226020813,0.07039999961853027,0
2026-08-08T13:00,0.07040999829769135,0.07047999650239944,0.07040999829769135,0.07044000178575516,0
2026-08-08T13:05,0.07047999650239944,0.07050000131130219,0.07045000046491623,0.07046999782323837,0
2026-08-08T13:10,0.07046999782323837,0.07046999782323837,0.07041999697685242,0.07041999697685242,0
2026-08-08T13:15,0.07041999697685242,0.0704599991440773,0.07039999961853027,0.07043000310659409,0
2026-08-08T13:20,0.07043000310659409,0.07046999782323837,0.07043000310659409,0.07043000310659409,0
2026-08-08T13:25,0.0704599991440773,0.07056999951601028,0.0704599991440773,0.07050999999046326,0
2026-08-08T13:30,0.07050999999046326,0.07056000083684921,0.07050999999046326,0.07051999866962433,926624
2026-08-08T13:35,0.07051999866962433,0.07051999866962433,0.07046999782323837,0.07049000263214111,114624
2026-08-08T13:40,0.07049000263214111,0.07056000083684921,0.07049000263214111,0.07056000083684921,218400
2026-08-08T13:45,0.07056000083684921,0.07057999819517136,0.07051999866962433,0.07056000083684921,0
2026-08-08T13:50,0.07056000083684921,0.07057999819517136,0.07046999782323837,0.07046999782323837,0
2026-08-08T13:55,0.07046999782323837,0.07049000263214111,0.0704599991440773,0.07046999782323837,0
2026-08-08T14:00,0.07049000263214111,0.07050000131130219,0.0704599991440773,0.07049000263214111,0
2026-08-08T14:05,0.07050000131130219,0.07051999866962433,0.07049000263214111,0.07050000131130219,0
2026-08-08T14:10,0.07050000131130219,0.07050000131130219,0.07043000310659409,0.07047999650239944,0
2026-08-08T14:15,0.07047999650239944,0.07047999650239944,0.0704599991440773,0.0704599991440773,0
2026-08-08T14:20,0.0704599991440773,0.07063999772071838,0.0704599991440773,0.07061000168323517,0
2026-08-08T14:25,0.07062999904155731,0.07084000110626221,0.07062999904155731,0.07079999893903732,1188000
2026-08-08T14:30,0.07083000242710114,0.0709099993109703,0.07079000025987625,0.0709099993109703,2316576
2026-08-08T14:35,0.07096999883651733,0.0711899995803833,0.07096999883651733,0.07107000052928925,2566272
2026-08-08T14:40,0.0710500031709671,0.0710500031709671,0.07099000364542007,0.07102999836206436,2430112
2026-08-08T14:45,0.07107000052928925,0.07134000211954117,0.07106000185012817,0.07129999995231628,2209216
2026-08-08T14:50,0.07135000079870224,0.07137999683618546,0.07128000259399414,0.07131999731063843,3532416
2026-08-08T14:55,0.07131999731063843,0.07146000117063522,0.07118000090122223,0.07120999693870544,3810784
2026-08-08T15:00,0.07128000259399414,0.07130999863147736,0.07111000269651413,0.07117000222206116,2495168
2026-08-08T15:05,0.07116000354290009,0.07122000306844711,0.07108999788761139,0.07108999788761139,1555904
2026-08-08T15:10,0.07107999920845032,0.07113000005483627,0.07107000052928925,0.07109999656677246,1048480
2026-08-08T15:15,0.07107999920845032,0.07107999920845032,0.07094000279903412,0.07100000232458115,1535264
2026-08-08T15:20,0.07101999968290329,0.07101999968290329,0.07095000147819519,0.0709799975156784,1371424
2026-08-08T15:25,0.0709799975156784,0.07101000100374222,0.0709799975156784,0.07099000364542007,441952
2026-08-08T15:30,0.07099000364542007,0.07101000100374222,0.07086999714374542,0.07092999666929245,1339264
2026-08-08T15:35,0.07092999666929245,0.07094000279903412,0.07090000063180923,0.07092999666929245,757024
2026-08-08T15:40,0.07092999666929245,0.07099000364542007,0.07090000063180923,0.07099000364542007,344512
2026-08-08T15:45,0.07100000232458115,0.07101999968290329,0.07095000147819519,0.07100000232458115,486848
2026-08-08T15:50,0.07101999968290329,0.07118000090122223,0.07101999968290329,0.07118000090122223,32224
2026-08-08T15:55,0.07117000222206116,0.07119999825954437,0.07111000269651413,0.07111000269651413,280000
2026-08-08T16:00,0.07111000269651413,0.0712599977850914,0.07111000269651413,0.07119999825954437,610848
2026-08-08T16:05,0.07124000042676926,0.07129999995231628,0.07124000042676926,0.07126999646425247,1630144
2026-08-08T16:10,0.0712599977850914,0.07131999731063843,0.07124999910593033,0.07130999863147736,685312
2026-08-08T16:15,0.07129999995231628,0.0713300034403801,0.07117000222206116,0.07117000222206116,919168
2026-08-08T16:20,0.07116000354290009,0.07118000090122223,0.07111000269651413,0.07118000090122223,1809696
2026-08-08T16:25,0.0711899995803833,0.07134000211954117,0.0711899995803833,0.07126999646425247,686752
2026-08-08T16:30,0.07124000042676926,0.07124000042676926,0.07114999741315842,0.07116000354290009,1175104
2026-08-08T16:35,0.07113999873399734,0.07114999741315842,0.07103999704122543,0.07107999920845032,1288000
2026-08-08T16:40,0.07108999788761139,0.07111000269651413,0.0710500031709671,0.0710500031709671,978176
2026-08-08T16:45,0.0710500031709671,0.07108999788761139,0.07103999704122543,0.07103999704122543,526720
2026-08-08T16:50,0.07103999704122543,0.07113999873399734,0.07103999704122543,0.07113999873399734,384864
2026-08-08T16:55,0.07113999873399734,0.0711899995803833,0.0711200013756752,0.07117000222206116,149472
2026-08-08T17:00,0.07114999741315842,0.0711899995803833,0.07113000005483627,0.07117000222206116,0
2026-08-08T17:05,0.0711899995803833,0.0711899995803833,0.07109999656677246,0.07114999741315842,0
2026-08-08T17:10,0.07116000354290009,0.07120999693870544,0.07113999873399734,0.07114999741315842,262976
2026-08-08T17:15,0.07114999741315842,0.07119999825954437,0.07114999741315842,0.07114999741315842,0
2026-08-08T17:20,0.07114999741315842,0.07124999910593033,0.07113999873399734,0.07116000354290009,0
2026-08-08T17:25,0.07118000090122223,0.07124999910593033,0.07118000090122223,0.07124000042676926,142464
2026-08-08T17:30,0.07124000042676926,0.07129000127315521,0.07120999693870544,0.07129000127315521,0
2026-08-08T17:35,0.07131999731063843,0.07137999683618546,0.07128000259399414,0.07128000259399414,122112
2026-08-08T17:40,0.07129000127315521,0.0713300034403801,0.07126999646425247,0.0713300034403801,754112
2026-08-08T17:45,0.07135000079870224,0.07136999815702438,0.07129000127315521,0.07129000127315521,333536
2026-08-08T17:50,0.0712599977850914,0.0712599977850914,0.07118000090122223,0.07118000090122223,915200
2026-08-08T17:55,0.07123000174760818,0.07123000174760818,0.07118000090122223,0.07118000090122223,185120
2026-08-08T18:00,0.07117000222206116,0.07120999693870544,0.07113999873399734,0.07114999741315842,0
2026-08-08T18:05,0.07114999741315842,0.07118000090122223,0.07114999741315842,0.07116000354290009,0
2026-08-08T18:10,0.07116000354290009,0.07126999646425247,0.07113000005483627,0.07120999693870544,247008
2026-08-08T18:15,0.07117000222206116,0.07118000090122223,0.07107999920845032,0.07107999920845032,957536
2026-08-08T18:20,0.07108999788761139,0.0711200013756752,0.07091999799013138,0.07091999799013138,1280
2026-08-08T18:25,0.07094000279903412,0.07094000279903412,0.07091999799013138,0.07091999799013138,1652896
2026-08-08T18:30,0.07091999799013138,0.07096000015735626,0.07090000063180923,0.0709099993109703,3492896
2026-08-08T18:35,0.07094000279903412,0.07095000147819519,0.0709099993109703,0.0709099993109703,604608
2026-08-08T18:40,0.07091999799013138,0.0709799975156784,0.07091999799013138,0.07096999883651733,0
2026-08-08T18:45,0.07096999883651733,0.07100000232458115,0.07094000279903412,0.07094000279903412,1001312
2026-08-08T18:50,0.07094000279903412,0.07094000279903412,0.07090000063180923,0.07090000063180923,541920
2026-08-08T18:55,0.07090000063180923,0.0709099993109703,0.07086999714374542,0.07089000195264816,0
2026-08-08T19:00,0.07086999714374542,0.07086999714374542,0.0708099976181984,0.07081999629735947,0
2026-08-08T19:05,0.07081999629735947,0.07084999978542328,0.0708099976181984,0.07084999978542328,0
2026-08-08T19:10,0.07084999978542328,0.07092999666929245,0.07084999978542328,0.07092999666929245,26944
2026-08-08T19:15,0.07092999666929245,0.07096000015735626,0.0709099993109703,0.07091999799013138,323808
2026-08-08T19:20,0.0709099993109703,0.07096999883651733,0.07090000063180923,0.07090000063180923,0
2026-08-08T19:25,0.07090000063180923,0.0709099993109703,0.07084000110626221,0.07084000110626221,93440
2026-08-08T19:30,0.07084000110626221,0.07090000063180923,0.07083000242710114,0.07090000063180923,116608
2026-08-08T19:35,0.07090000063180923,0.07095000147819519,0.07090000063180923,0.07095000147819519,580480
2026-08-08T19:40,0.07095000147819519,0.07096999883651733,0.07091999799013138,0.07096000015735626,0
2026-08-08T19:45,0.07095000147819519,0.07102999836206436,0.07095000147819519,0.07101999968290329,192512
2026-08-08T19:50,0.07101999968290329,0.0710500031709671,0.07101999968290329,0.07103999704122543,537440
2026-08-08T19:55,0.07103999704122543,0.07103999704122543,0.07091999799013138,0.07091999799013138,1295520
2026-08-08T20:00,0.07090000063180923,0.07096000015735626,0.07090000063180923,0.07095000147819519,1244640
2026-08-08T20:05,0.07095000147819519,0.07102999836206436,0.07094000279903412,0.07101000100374222,1093440
2026-08-08T20:10,0.07101000100374222,0.07101000100374222,0.07099000364542007,0.07099000364542007,1236032
2026-08-08T20:15,0.07099000364542007,0.07103999704122543,0.07099000364542007,0.07099000364542007,184896
2026-08-08T20:20,0.07099000364542007,0.07101000100374222,0.07094000279903412,0.07094000279903412,458336
2026-08-08T20:25,0.07094000279903412,0.07100000232458115,0.07094000279903412,0.07100000232458115,185216
2026-08-08T20:30,0.07100000232458115,0.07103999704122543,0.07100000232458115,0.07100000232458115,130432
2026-08-08T20:35,0.07100000232458115,0.07100000232458115,0.07096999883651733,0.07096999883651733,0
2026-08-08T20:40,0.07096999883651733,0.07099000364542007,0.07096999883651733,0.07096999883651733,0
2026-08-08T20:45,0.07096999883651733,0.07101000100374222,0.07096000015735626,0.07099000364542007,0
2026-08-08T20:50,0.07096000015735626,0.07096999883651733,0.07096000015735626,0.07096000015735626,102656
2026-08-08T20:55,0.07096999883651733,0.07096999883651733,0.07095000147819519,0.07096999883651733,69824
2026-08-08T21:00,0.07099000364542007,0.07101000100374222,0.0709799975156784,0.07100000232458115,0
2026-08-08T21:05,0.07099000364542007,0.07099000364542007,0.0709799975156784,0.0709799975156784,372704
2026-08-08T21:10,0.07096999883651733,0.07099000364542007,0.0709099993109703,0.07092999666929245,162656
2026-08-08T21:15,0.07091999799013138,0.07096999883651733,0.0709099993109703,0.07096999883651733,0
2026-08-08T21:20,0.07096999883651733,0.07099000364542007,0.07096000015735626,0.0709799975156784,0
2026-08-08T21:25,0.0709799975156784,0.0710500031709671,0.0709799975156784,0.07101999968290329,0
2026-08-08T21:30,0.07096999883651733,0.0709799975156784,0.07091999799013138,0.07094000279903412,0
2026-08-08T21:35,0.07094000279903412,0.07096000015735626,0.07092999666929245,0.07096000015735626,0
2026-08-08T21:40,0.0709099993109703,0.07096999883651733,0.07089000195264816,0.07096999883651733,27904
2026-08-08T21:45,0.07092999666929245,0.07094000279903412,0.07089000195264816,0.07091999799013138,0
2026-08-08T21:50,0.07091999799013138,0.07091999799013138,0.07088000327348709,0.0709099993109703,27488
2026-08-08T21:55,0.0709099993109703,0.07091999799013138,0.07086999714374542,0.07089000195264816,153664
2026-08-08T22:00,0.0709099993109703,0.07095000147819519,0.07085999846458435,0.07086999714374542,0
2026-08-08T22:05,0.07086999714374542,0.07086999714374542,0.07078000158071518,0.07078000158071518,45792
2026-08-08T22:10,0.07078000158071518,0.0708099976181984,0.07066000252962112,0.0706700012087822,297056
2026-08-08T22:15,0.07072000205516815,0.07072000205516815,0.07067999988794327,0.07069999724626541,1760736
2026-08-08T22:20,0.07069999724626541,0.07072000205516815,0.07062999904155731,0.07072000205516815,121536
2026-08-08T22:25,0.0706700012087822,0.0706700012087822,0.07063999772071838,0.07063999772071838,456512
2026-08-08T22:30,0.07064999639987946,0.0706700012087822,0.0706000030040741,0.0706000030040741,234240
2026-08-08T22:35,0.0706000030040741,0.07062000036239624,0.07058999687433243,0.0706000030040741,582720
2026-08-08T22:40,0.07056000083684921,0.07057999819517136,0.07055000215768814,0.07056000083684921,320096
2026-08-08T22:45,0.07056000083684921,0.07057999819517136,0.07056000083684921,0.07056999951601028,1185216
2026-08-08T22:50,0.07054000347852707,0.07054000347852707,0.07050999999046326,0.07054000347852707,560960
2026-08-08T22:55,0.07054000347852707,0.07054000347852707,0.07041999697685242,0.0704599991440773,207936
2026-08-08T23:00,0.0704599991440773,0.0704599991440773,0.07034999877214432,0.07034999877214432,932512
2026-08-08T23:05,0.07034999877214432,0.07037000358104706,0.07034000009298325,0.07034000009298325,2050016
2026-08-08T23:10,0.07034000009298325,0.07034000009298325,0.07022000104188919,0.07027000188827515,241984
2026-08-08T23:15,0.07027000188827515,0.07029999792575836,0.07021000236272812,0.07029999792575836,1364288
2026-08-08T23:20,0.07030999660491943,0.07037000358104706,0.07030999660491943,0.07034999877214432,1144192
2026-08-08T23:25,0.07034999877214432,0.07037000358104706,0.07030999660491943,0.07030999660491943,260864
2026-08-08T23:30,0.07029999792575836,0.07035999745130539,0.07029999792575836,0.07035999745130539,281728
2026-08-08T23:35,0.07035999745130539,0.07041999697685242,0.07035999745130539,0.07040999829769135,581952
2026-08-08T23:40,0.07040999829769135,0.07043000310659409,0.07040999829769135,0.07041999697685242,157696
2026-08-08T23:45,0.07040999829769135,0.07041999697685242,0.07039999961853027,0.07041999697685242,145664
2026-08-08T23:50,0.07045000046491623,0.07045000046491623,0.07039999961853027,0.07040999829769135,0
2026-08-08T23:55,0.07040999829769135,0.07040999829769135,0.07035999745130539,0.07037000358104706,33600
2026-08-09T00:00,0.07037000358104706,0.07041999697685242,0.07034000009298325,0.0703900009393692,58496
2026-08-09T00:05,0.0703900009393692,0.0703900009393692,0.07034000009298325,0.07037000358104706,0
2026-08-09T00:10,0.0703900009393692,0.07041999697685242,0.0703900009393692,0.07039999961853027,0
2026-08-09T00:15,0.0703900009393692,0.0703900009393692,0.0703200027346611,0.0703200027346611,0
2026-08-09T00:20,0.0703200027346611,0.07034000009298325,0.07029999792575836,0.0703200027346611,0
2026-08-09T00:25,0.0703200027346611,0.0703200027346611,0.07028999924659729,0.07028999924659729,88864
2026-08-09T00:30,0.07028999924659729,0.07028999924659729,0.07027000188827515,0.07028999924659729,209696
2026-08-09T00:35,0.07027000188827515,0.07033000141382217,0.07027000188827515,0.07033000141382217,36864
2026-08-09T00:40,0.07033000141382217,0.07037000358104706,0.07033000141382217,0.07035999745130539,115296
2026-08-09T00:45,0.07035999745130539,0.07037000358104706,0.0702499970793724,0.0702499970793724,65792
2026-08-09T00:50,0.07023999840021133,0.07027000188827515,0.07023999840021133,0.07027000188827515,179776
2026-08-09T00:55,0.07027000188827515,0.07035999745130539,0.07027000188827515,0.07035999745130539,0
2026-08-09T01:00,0.0703200027346611,0.07045000046491623,0.07029999792575836,0.0703200027346611,0
2026-08-09T01:05,0.07030999660491943,0.07030999660491943,0.0702499970793724,0.07027000188827515,984480
2026-08-09T01:10,0.07026000320911407,0.07028000056743622,0.07023999840021133,0.07028000056743622,1140608
2026-08-09T01:15,0.07027000188827515,0.07027000188827515,0.07023999840021133,0.07026000320911407,97504
2026-08-09T01:20,0.07026000320911407,0.07026000320911407,0.0701799988746643,0.07018999755382538,301504
2026-08-09T01:25,0.07016000151634216,0.07017000019550323,0.07000000029802322,0.07000000029802322,177408
2026-08-09T01:30,0.06999000161886215,0.07004000246524811,0.06998000293970108,0.06998000293970108,3386272
2026-08-09T01:35,0.06999000161886215,0.07005000114440918,0.06996999680995941,0.07002999633550644,1398976
2026-08-09T01:40,0.0700099989771843,0.07002999633550644,0.06995999813079834,0.0700099989771843,722816
2026-08-09T01:45,0.0700099989771843,0.07004000246524811,0.06998000293970108,0.06998000293970108,239072
2026-08-09T01:50,0.0700099989771843,0.07001999765634537,0.06989999860525131,0.06996999680995941,948672
2026-08-09T01:55,0.06996999680995941,0.06999000161886215,0.06994999945163727,0.06994999945163727,611584
2026-08-09T02:00,0.06994999945163727,0.06996999680995941,0.06992000341415405,0.06995999813079834,622656
2026-08-09T02:05,0.06995999813079834,0.06995999813079834,0.06988999992609024,0.06992000341415405,1168288
2026-08-09T02:10,0.06992000341415405,0.06998000293970108,0.06992000341415405,0.06998000293970108,1848800
2026-08-09T02:15,0.06996999680995941,0.06998000293970108,0.0699400007724762,0.06996999680995941,344352
2026-08-09T02:20,0.06998000293970108,0.06999000161886215,0.06995999813079834,0.06999000161886215,301664
2026-08-09T02:25,0.07000000029802322,0.07004000246524811,0.06999000161886215,0.07001999765634537,1007680
2026-08-09T02:30,0.07001999765634537,0.07001999765634537,0.07000000029802322,0.07001999765634537,546048
2026-08-09T02:35,0.0700099989771843,0.0700099989771843,0.06996999680995941,0.06998000293970108,306976
2026-08-09T02:40,0.06998000293970108,0.07002999633550644,0.0699400007724762,0.06995999813079834,0
2026-08-09T02:45,0.06995999813079834,0.07000000029802322,0.06994999945163727,0.06994999945163727,577952
2026-08-09T02:50,0.06993000209331512,0.06994999945163727,0.06989999860525131,0.06989999860525131,625472
2026-08-09T02:55,0.06989999860525131,0.06994999945163727,0.06989999860525131,0.06994999945163727,77408
2026-08-09T03:00,0.0699400007724762,0.06994999945163727,0.06989999860525131,0.0699400007724762,0
2026-08-09T03:05,0.0699400007724762,0.0699400007724762,0.06981000304222107,0.06984999775886536,0
2026-08-09T03:10,0.06983999907970428,0.06984999775886536,0.06982000172138214,0.06982000172138214,482720
2026-08-09T03:15,0.06983000040054321,0.06992000341415405,0.06982000172138214,0.06988999992609024,687008
2026-08-09T03:20,0.06988999992609024,0.06995999813079834,0.06988999992609024,0.06995999813079834,729632
2026-08-09T03:25,0.06996999680995941,0.0700099989771843,0.06995999813079834,0.07000000029802322,217920
2026-08-09T03:30,0.07000000029802322,0.07002999633550644,0.06996999680995941,0.0700099989771843,67584
2026-08-09T03:35,0.0700099989771843,0.0700099989771843,0.06998000293970108,0.07000000029802322,0
2026-08-09T03:40,0.06999000161886215,0.06999000161886215,0.06994999945163727,0.06996999680995941,0
2026-08-09T03:45,0.06996999680995941,0.07002999633550644,0.06996999680995941,0.06996999680995941,0
2026-08-09T03:50,0.06996999680995941,0.06996999680995941,0.06995999813079834,0.06996999680995941,58208
2026-08-09T03:55,0.06996999680995941,0.06998000293970108,0.0699400007724762,0.06994999945163727,0
2026-08-09T04:00,0.06995999813079834,0.06999000161886215,0.06993000209331512,0.06999000161886215,0
2026-08-09T04:05,0.06999000161886215,0.07000000029802322,0.06996999680995941,0.07000000029802322,0
2026-08-09T04:10,0.07000000029802322,0.07005000114440918,0.07000000029802322,0.07005000114440918,0
2026-08-09T04:15,0.07005000114440918,0.07009000331163406,0.0700099989771843,0.07002999633550644,208512
2026-08-09T04:20,0.0700099989771843,0.07005000114440918,0.0700099989771843,0.07004000246524811,16768
2026-08-09T04:25,0.07002999633550644,0.07005000114440918,0.07001999765634537,0.07005000114440918,0
2026-08-09T04:30,0.07006999850273132,0.07006999850273132,0.07001999765634537,0.07002999633550644,0
2026-08-09T04:35,0.07001999765634537,0.07002999633550644,0.07000000029802322,0.0700099989771843,0
2026-08-09T04:40,0.0700099989771843,0.0700099989771843,0.06999000161886215,0.0700099989771843,0
2026-08-09T04:45,0.06999000161886215,0.07002999633550644,0.06999000161886215,0.0700099989771843,0
2026-08-09T04:50,0.0700099989771843,0.0700099989771843,0.06999000161886215,0.06999000161886215,51296
2026-08-09T04:55,0.06999000161886215,0.07000000029802322,0.06999000161886215,0.07000000029802322,80320
2026-08-09T05:00,0.06998000293970108,0.06998000293970108,0.06994999945163727,0.06994999945163727,0
2026-08-09T05:05,0.06994999945163727,0.0700099989771843,0.06994999945163727,0.07000000029802322,555456
2026-08-09T05:10,0.06998000293970108,0.06998000293970108,0.06995999813079834,0.06995999813079834,1181152
2026-08-09T05:15,0.06995999813079834,0.06995999813079834,0.06988999992609024,0.06988999992609024,159328
2026-08-09T05:20,0.06988999992609024,0.06990999728441238,0.0698700025677681,0.06989999860525131,140320
2026-08-09T05:25,0.06988000124692917,0.06988000124692917,0.06985999643802643,0.06985999643802643,326336
2026-08-09T05:30,0.06985999643802643,0.0698700025677681,0.06984999775886536,0.06985999643802643,415744
2026-08-09T05:35,0.0698700025677681,0.0698700025677681,0.06982000172138214,0.06983999907970428,0
2026-08-09T05:40,0.06983999907970428,0.06988999992609024,0.06983999907970428,0.06988000124692917,0
2026-08-09T05:45,0.06988000124692917,0.06990999728441238,0.06988000124692917,0.06988999992609024,0
2026-08-09T05:50,0.06990999728441238,0.06992000341415405,0.06988000124692917,0.06992000341415405,0
2026-08-09T05:55,0.06992000341415405,0.06995999813079834,0.06990999728441238,0.06995999813079834,0
2026-08-09T06:00,0.06995999813079834,0.06996999680995941,0.06988999992609024,0.06992000341415405,0
2026-08-09T06:05,0.06992000341415405,0.06999000161886215,0.06989999860525131,0.06995999813079834,0
2026-08-09T06:10,0.06995999813079834,0.06996999680995941,0.06993000209331512,0.06996999680995941,685792
2026-08-09T06:15,0.06994999945163727,0.06998000293970108,0.06994999945163727,0.06998000293970108,247968
2026-08-09T06:20,0.06999000161886215,0.07001999765634537,0.06998000293970108,0.0700099989771843,238784
2026-08-09T06:25,0.07000000029802322,0.07001999765634537,0.06999000161886215,0.0700099989771843,64896
2026-08-09T06:30,0.0700099989771843,0.07011000066995621,0.0700099989771843,0.0700799971818924,217408
2026-08-09T06:35,0.0700799971818924,0.07011000066995621,0.07005999982357025,0.07011000066995621,0
2026-08-09T06:40,0.07011000066995621,0.07012999802827835,0.07009000331163406,0.07012999802827835,171008
2026-08-09T06:45,0.07012999802827835,0.07013999670743942,0.07011999934911728,0.07013999670743942,142752
2026-08-09T06:50,0.07015000283718109,0.07020000368356705,0.07015000283718109,0.07017000019550323,292544
2026-08-09T06:55,0.07016000151634216,0.07018999755382538,0.07015000283718109,0.07015000283718109,0
2026-08-09T07:00,0.07015000283718109,0.07017000019550323,0.07011999934911728,0.07017000019550323,320896
2026-08-09T07:05,0.07015000283718109,0.07015000283718109,0.0700799971818924,0.0700799971818924,0
2026-08-09T07:10,0.0700799971818924,0.07011999934911728,0.0700099989771843,0.07006999850273132,43232
2026-08-09T07:15,0.07006999850273132,0.0700799971818924,0.07001999765634537,0.07001999765634537,391264
2026-08-09T07:20,0.07001999765634537,0.07004000246524811,0.0700099989771843,0.07004000246524811,560672
2026-08-09T07:25,0.07004000246524811,0.0700799971818924,0.07002999633550644,0.07006999850273132,256992
2026-08-09T07:30,0.0700799971818924,0.07010000199079514,0.07006999850273132,0.07009000331163406,38560
2026-08-09T07:35,0.07009000331163406,0.07010000199079514,0.0700799971818924,0.07009000331163406,273184
2026-08-09T07:40,0.07009000331163406,0.07010000199079514,0.07009000331163406,0.07010000199079514,48320
2026-08-09T07:45,0.07010000199079514,0.07010000199079514,0.07006999850273132,0.07009000331163406,0
2026-08-09T07:50,0.0700799971818924,0.07010000199079514,0.07006999850273132,0.0700799971818924,485472
2026-08-09T07:55,0.07009000331163406,0.07011999934911728,0.07009000331163406,0.07010000199079514,88928
2026-08-09T08:00,0.07010000199079514,0.07023999840021133,0.07010000199079514,0.07021000236272812,0
2026-08-09T08:05,0.07020000368356705,0.07020000368356705,0.07012999802827835,0.07012999802827835,125824
2026-08-09T08:10,0.07012999802827835,0.07013999670743942,0.07011000066995621,0.07011000066995621,1442112
2026-08-09T08:15,0.07011999934911728,0.07017000019550323,0.07011999934911728,0.07011999934911728,259520
2026-08-09T08:20,0.07011999934911728,0.07011999934911728,0.07009000331163406,0.07010000199079514,305696
2026-08-09T08:25,0.07010000199079514,0.07010000199079514,0.07009000331163406,0.07009000331163406,0
2026-08-09T08:30,0.07011000066995621,0.07017000019550323,0.07011000066995621,0.07016000151634216,0
2026-08-09T08:35,0.07017000019550323,0.07018999755382538,0.07006999850273132,0.07006999850273132,0
2026-08-09T08:40,0.07006999850273132,0.07006999850273132,0.06988999992609024,0.06988999992609024,0
2026-08-09T08:45,0.06989999860525131,0.0700799971818924,0.06988999992609024,0.0700799971818924,2835424
2026-08-09T08:50,0.07006999850273132,0.07006999850273132,0.07004000246524811,0.07005999982357025,2789600
2026-08-09T08:55,0.07005000114440918,0.07006999850273132,0.07005000114440918,0.07006999850273132,0
2026-08-09T09:00,0.07005999982357025,0.07006999850273132,0.07005000114440918,0.07005999982357025,0
2026-08-09T09:05,0.07005999982357025,0.07005999982357025,0.07004000246524811,0.07005999982357025,0
2026-08-09T09:10,0.07005999982357025,0.07005999982357025,0.07000000029802322,0.07005999982357025,0
2026-08-09T09:15,0.07004000246524811,0.07005000114440918,0.07002999633550644,0.07002999633550644,0
2026-08-09T09:20,0.07002999633550644,0.07002999633550644,0.06999000161886215,0.06999000161886215,0
2026-08-09T09:25,0.0700099989771843,0.0700099989771843,0.06996999680995941,0.06996999680995941,0
2026-08-09T09:30,0.06996999680995941,0.07002999633550644,0.06996999680995941,0.07001999765634537,0
2026-08-09T09:35,0.06998000293970108,0.07004000246524811,0.06998000293970108,0.07004000246524811,0
2026-08-09T09:40,0.07001999765634537,0.07002999633550644,0.07000000029802322,0.07002999633550644,0
2026-08-09T09:45,0.07002999633550644,0.07002999633550644,0.07000000029802322,0.07000000029802322,0
2026-08-09T09:50,0.07000000029802322,0.07005999982357025,0.07000000029802322,0.07005000114440918,0
2026-08-09T09:55,0.07005000114440918,0.07010000199079514,0.07004000246524811,0.0700799971818924,45696
2026-08-09T10:00,0.0700799971818924,0.07011999934911728,0.07005000114440918,0.07005000114440918,0
2026-08-09T10:05,0.07005000114440918,0.07006999850273132,0.07002999633550644,0.07005999982357025,0
2026-08-09T10:10,0.07005999982357025,0.07013999670743942,0.07005999982357025,0.07013999670743942,128448
2026-08-09T10:15,0.07013999670743942,0.07021000236272812,0.07013999670743942,0.0701799988746643,0
2026-08-09T10:20,0.0701799988746643,0.0701799988746643,0.07015000283718109,0.07015000283718109,17248
2026-08-09T10:25,0.07015000283718109,0.07015000283718109,0.07011000066995621,0.07011999934911728,55008
2026-08-09T10:30,0.07011999934911728,0.07011999934911728,0.07011000066995621,0.07011000066995621,0
2026-08-09T10:35,0.07011999934911728,0.07015000283718109,0.07010000199079514,0.07010000199079514,149280
2026-08-09T10:40,0.07010000199079514,0.07011000066995621,0.07009000331163406,0.07011000066995621,386304
2026-08-09T10:45,0.07011000066995621,0.07016000151634216,0.07011000066995621,0.07013999670743942,0
2026-08-09T10:50,0.07013999670743942,0.07016000151634216,0.07011000066995621,0.07011000066995621,0
2026-08-09T10:55,0.07011000066995621,0.07013999670743942,0.07011000066995621,0.07013999670743942,64896
2026-08-09T11:00,0.07012999802827835,0.07015000283718109,0.07011000066995621,0.07012999802827835,0
2026-08-09T11:05,0.07012999802827835,0.07018999755382538,0.07012999802827835,0.0701799988746643,0
2026-08-09T11:10,0.07018999755382538,0.07022999972105026,0.0701799988746643,0.07020000368356705,109408
2026-08-09T11:15,0.07020000368356705,0.07020000368356705,0.07016000151634216,0.07016000151634216,0
2026-08-09T11:20,0.07017000019550323,0.07018999755382538,0.07016000151634216,0.07016000151634216,17376
2026-08-09T11:25,0.07016000151634216,0.0701799988746643,0.07015000283718109,0.07017000019550323,0
2026-08-09T11:30,0.07017000019550323,0.07022000104188919,0.07016000151634216,0.07018999755382538,0
2026-08-09T11:35,0.07018999755382538,0.07022000104188919,0.07018999755382538,0.07020000368356705,315520
2026-08-09T11:40,0.07020000368356705,0.07020000368356705,0.07017000019550323,0.07017000019550323,15616
2026-08-09T11:45,0.07017000019550323,0.0701799988746643,0.07015000283718109,0.07015000283718109,0
2026-08-09T11:50,0.07016000151634216,0.07016000151634216,0.07009000331163406,0.07010000199079514,19648
2026-08-09T11:55,0.07012999802827835,0.07013999670743942,0.07011000066995621,0.07013999670743942,0
2026-08-09T12:00,0.07013999670743942,0.07013999670743942,0.07006999850273132,0.07010000199079514,114144
2026-08-09T12:05,0.0700799971818924,0.07011000066995621,0.0700799971818924,0.07011000066995621,0
2026-08-09T12:10,0.07011999934911728,0.07016000151634216,0.07011999934911728,0.07016000151634216,153056
2026-08-09T12:15,0.07013999670743942,0.07016000151634216,0.07012999802827835,0.07012999802827835,0
2026-08-09T12:20,0.07012999802827835,0.07017000019550323,0.07012999802827835,0.07017000019550323,0
2026-08-09T12:25,0.07017000019550323,0.07017000019550323,0.07013999670743942,0.07013999670743942,196480
2026-08-09T12:30,0.07013999670743942,0.07015000283718109,0.07010000199079514,0.07011999934911728,79840
2026-08-09T12:35,0.07011999934911728,0.07012999802827835,0.07006999850273132,0.07009000331163406,0
2026-08-09T12:40,0.07011000066995621,0.07011999934911728,0.07010000199079514,0.07011000066995621,145824
2026-08-09T12:45,0.07011000066995621,0.07011000066995621,0.07009000331163406,0.07009000331163406,0
2026-08-09T12:50,0.07009000331163406,0.07010000199079514,0.0700799971818924,0.07010000199079514,0
2026-08-09T12:55,0.07010000199079514,0.07012999802827835,0.07009000331163406,0.07012999802827835,0
2026-08-09T13:00,0.07012999802827835,0.07020000368356705,0.07011000066995621,0.0701799988746643,0
2026-08-09T13:05,0.0701799988746643,0.07022000104188919,0.07016000151634216,0.07020000368356705,0
2026-08-09T13:10,0.07020000368356705,0.07022999972105026,0.07020000368356705,0.07022999972105026,298112
2026-08-09T13:15,0.07023999840021133,0.07035999745130539,0.07023999840021133,0.0703200027346611,0
2026-08-09T13:20,0.0703200027346611,0.07035999745130539,0.0703200027346611,0.07034000009298325,561024
2026-08-09T13:25,0.07033000141382217,0.07035999745130539,0.07029999792575836,0.07034000009298325,0
2026-08-09T13:30,0.07034999877214432,0.07038000226020813,0.07033000141382217,0.07034999877214432,0
2026-08-09T13:35,0.07034999877214432,0.07034999877214432,0.07026000320911407,0.07033000141382217,0
2026-08-09T13:40,0.0703200027346611,0.07035999745130539,0.0703200027346611,0.07033000141382217,0
2026-08-09T13:45,0.07034000009298325,0.07034000009298325,0.07027000188827515,0.07027000188827515,167104
2026-08-09T13:50,0.07028999924659729,0.07028999924659729,0.07026000320911407,0.07027000188827515,0
2026-08-09T13:55,0.07027000188827515,0.07027000188827515,0.07026000320911407,0.07026000320911407,0
2026-08-09T14:00,0.07026000320911407,0.07027000188827515,0.0702499970793724,0.07027000188827515,0
2026-08-09T14:05,0.07027000188827515,0.07034000009298325,0.07027000188827515,0.07030999660491943,0
2026-08-09T14:10,0.07030999660491943,0.07037000358104706,0.07030999660491943,0.07035999745130539,79392
2026-08-09T14:15,0.07034999877214432,0.0703900009393692,0.07034999877214432,0.07038000226020813,0
2026-08-09T14:20,0.07038000226020813,0.07039999961853027,0.07029999792575836,0.07029999792575836,0
2026-08-09T14:25,0.07029999792575836,0.07033000141382217,0.07028000056743622,0.07029999792575836,0
2026-08-09T14:30,0.07033000141382217,0.07034999877214432,0.07028999924659729,0.07034999877214432,0
2026-08-09T14:35,0.07034999877214432,0.07035999745130539,0.07029999792575836,0.07035999745130539,0
2026-08-09T14:40,0.07034999877214432,0.07034999877214432,0.07033000141382217,0.07034999877214432,0
2026-08-09T14:45,0.07034999877214432,0.07038000226020813,0.07034000009298325,0.07035999745130539,0
2026-08-09T14:50,0.07035999745130539,0.07039999961853027,0.07035999745130539,0.0703900009393692,0
2026-08-09T14:55,0.07040999829769135,0.07049000263214111,0.0703900009393692,0.07041999697685242,0
2026-08-09T15:00,0.07044000178575516,0.07047999650239944,0.07041999697685242,0.07047999650239944,0
2026-08-09T15:05,0.07050999999046326,0.07050999999046326,0.07045000046491623,0.0704599991440773,0
2026-08-09T15:10,0.07046999782323837,0.07047999650239944,0.0704599991440773,0.07047999650239944,0
2026-08-09T15:15,0.07047999650239944,0.07047999650239944,0.07045000046491623,0.07045000046491623,0
2026-08-09T15:20,0.07045000046491623,0.07049000263214111,0.07045000046491623,0.07046999782323837,0
2026-08-09T15:25,0.07046999782323837,0.07050999999046326,0.07046999782323837,0.07050999999046326,737536
2026-08-09T15:30,0.07050999999046326,0.07062999904155731,0.07050999999046326,0.07058999687433243,0
2026-08-09T15:35,0.07058999687433243,0.07071000337600708,0.07058999687433243,0.07062999904155731,1249536
2026-08-09T15:40,0.07062999904155731,0.07067999988794327,0.0706000030040741,0.07067999988794327,674880
2026-08-09T15:45,0.07067999988794327,0.07067999988794327,0.07062000036239624,0.07062999904155731,0
2026-08-09T15:50,0.0706000030040741,0.07061000168323517,0.07056999951601028,0.07061000168323517,0
2026-08-09T15:55,0.07061000168323517,0.07067999988794327,0.07061000168323517,0.07063999772071838,0
2026-08-09T16:00,0.07068999856710434,0.07074999809265137,0.07062999904155731,0.07063999772071838,0
2026-08-09T16:05,0.07066000252962112,0.07067999988794327,0.07062000036239624,0.07066000252962112,246848
2026-08-09T16:10,0.07066000252962112,0.07066000252962112,0.07061000168323517,0.07066000252962112,0
2026-08-09T16:15,0.07066000252962112,0.07069999724626541,0.07066000252962112,0.07066000252962112,0
2026-08-09T16:20,0.07066000252962112,0.07066000252962112,0.07056999951601028,0.07056999951601028,0
2026-08-09T16:25,0.07057999819517136,0.07057999819517136,0.0705299973487854,0.07055000215768814,0
2026-08-09T16:30,0.07054000347852707,0.07057999819517136,0.07054000347852707,0.07056000083684921,0
2026-08-09T16:35,0.07056000083684921,0.07064999639987946,0.0705299973487854,0.07064999639987946,0
2026-08-09T16:40,0.07064999639987946,0.07067999988794327,0.07063999772071838,0.07067999988794327,0
2026-08-09T16:45,0.0706700012087822,0.07068999856710434,0.07062000036239624,0.07062000036239624,0
2026-08-09T16:50,0.07062000036239624,0.07066000252962112,0.07062000036239624,0.07062999904155731,0
2026-08-09T16:55,0.07068999856710434,0.07072000205516815,0.07066000252962112,0.07067999988794327,0
2026-08-09T17:00,0.07068999856710434,0.07073000073432922,0.07066000252962112,0.07073000073432922,0
2026-08-09T17:05,0.07073000073432922,0.07077000290155411,0.07068999856710434,0.07069999724626541,0
2026-08-09T17:10,0.07069999724626541,0.07074999809265137,0.07069999724626541,0.07069999724626541,0
2026-08-09T17:15,0.07068999856710434,0.07068999856710434,0.07064999639987946,0.07064999639987946,488032
2026-08-09T17:20,0.07064999639987946,0.07064999639987946,0.07062000036239624,0.07062000036239624,39008
2026-08-09T17:25,0.07066000252962112,0.07066000252962112,0.07061000168323517,0.07061000168323517,0
2026-08-09T17:30,0.07061000168323517,0.07063999772071838,0.0706000030040741,0.07062999904155731,0
2026-08-09T17:35,0.07062999904155731,0.07066000252962112,0.0706000030040741,0.07064999639987946,0
2026-08-09T17:40,0.07064999639987946,0.07066000252962112,0.0706000030040741,0.07061000168323517,0
2026-08-09T17:45,0.07062999904155731,0.07062999904155731,0.07055000215768814,0.07055000215768814,0
2026-08-09T17:50,0.07055000215768814,0.07055000215768814,0.07047999650239944,0.07047999650239944,0
2026-08-09T17:55,0.07050000131130219,0.07055000215768814,0.07045000046491623,0.07045000046491623,432160
2026-08-09T18:00,0.07050000131130219,0.07056000083684921,0.07050000131130219,0.0705299973487854,0
2026-08-09T18:05,0.0705299973487854,0.07055000215768814,0.07050999999046326,0.07055000215768814,763936
2026-08-09T18:10,0.07055000215768814,0.07055000215768814,0.0704599991440773,0.07046999782323837,56320
2026-08-09T18:15,0.07044000178575516,0.0704599991440773,0.07039999961853027,0.07044000178575516,0
2026-08-09T18:20,0.07043000310659409,0.07043000310659409,0.0703900009393692,0.0703900009393692,914144
2026-08-09T18:25,0.0703900009393692,0.07044000178575516,0.07038000226020813,0.07044000178575516,0
2026-08-09T18:30,0.07044000178575516,0.07045000046491623,0.07038000226020813,0.0703900009393692,0
2026-08-09T18:35,0.07041999697685242,0.07045000046491623,0.07041999697685242,0.07044000178575516,578976
2026-08-09T18:40,0.07041999697685242,0.07045000046491623,0.07041999697685242,0.07041999697685242,0
2026-08-09T18:45,0.07044000178575516,0.07047999650239944,0.07040999829769135,0.07044000178575516,0
2026-08-09T18:50,0.0704599991440773,0.07049000263214111,0.07041999697685242,0.07049000263214111,542688
2026-08-09T18:55,0.07046999782323837,0.07047999650239944,0.0704599991440773,0.0704599991440773,149408
2026-08-09T19:00,0.07045000046491623,0.07045000046491623,0.07041999697685242,0.07045000046491623,0
2026-08-09T19:05,0.07045000046491623,0.07045000046491623,0.07043000310659409,0.07044000178575516,0
2026-08-09T19:10,0.07041999697685242,0.07041999697685242,0.07034000009298325,0.07034000009298325,233408
2026-08-09T19:15,0.07034000009298325,0.07041999697685242,0.0703200027346611,0.07040999829769135,0
2026-08-09T19:20,0.07040999829769135,0.07045000046491623,0.07040999829769135,0.07043000310659409,0
2026-08-09T19:25,0.07043000310659409,0.07043000310659409,0.07039999961853027,0.07040999829769135,5056
2026-08-09T19:30,0.07039999961853027,0.07041999697685242,0.07037000358104706,0.07040999829769135,0
2026-08-09T19:35,0.07040999829769135,0.07043000310659409,0.07040999829769135,0.07043000310659409,0
2026-08-09T19:40,0.07043000310659409,0.0704599991440773,0.07041999697685242,0.07044000178575516,0
2026-08-09T19:45,0.07044000178575516,0.07047999650239944,0.07044000178575516,0.07045000046491623,82112
2026-08-09T19:50,0.07045000046491623,0.0704599991440773,0.07041999697685242,0.07043000310659409,0
2026-08-09T19:55,0.0704599991440773,0.07049000263214111,0.07041999697685242,0.07041999697685242,0
2026-08-09T20:00,0.07044000178575516,0.07045000046491623,0.07040999829769135,0.07040999829769135,0
2026-08-09T20:05,0.07043000310659409,0.07043000310659409,0.07039999961853027,0.07040999829769135,14432
2026-08-09T20:10,0.07039999961853027,0.07039999961853027,0.0703200027346611,0.0703200027346611,0
2026-08-09T20:15,0.0703200027346611,0.07038000226020813,0.07029999792575836,0.07035999745130539,150016
2026-08-09T20:20,0.07035999745130539,0.07039999961853027,0.07035999745130539,0.07037000358104706,0
2026-08-09T20:25,0.07037000358104706,0.07040999829769135,0.07034999877214432,0.07040999829769135,74784
2026-08-09T20:30,0.07041999697685242,0.07041999697685242,0.0703900009393692,0.0703900009393692,227264
2026-08-09T20:35,0.0703900009393692,0.07044000178575516,0.0703900009393692,0.07043000310659409,0
2026-08-09T20:40,0.07043000310659409,0.07044000178575516,0.07041999697685242,0.07041999697685242,793856
2026-08-09T20:45,0.07039999961853027,0.07039999961853027,0.07038000226020813,0.0703900009393692,44576
2026-08-09T20:50,0.0703900009393692,0.0703900009393692,0.07037000358104706,0.0703900009393692,0
2026-08-09T20:55,0.07040999829769135,0.07043000310659409,0.07039999961853027,0.07043000310659409,36640
2026-08-09T21:00,0.0704599991440773,0.0704599991440773,0.07040999829769135,0.07041999697685242,0
2026-08-09T21:05,0.07041999697685242,0.07041999697685242,0.07038000226020813,0.07038000226020813,0
2026-08-09T21:10,0.07038000226020813,0.07049000263214111,0.07037000358104706,0.0704599991440773,0
2026-08-09T21:15,0.0704599991440773,0.07046999782323837,0.07041999697685242,0.0704599991440773,1456352
2026-08-09T21:20,0.07046999782323837,0.07046999782323837,0.07044000178575516,0.0704599991440773,195840
2026-08-09T21:25,0.07047999650239944,0.07058999687433243,0.07047999650239944,0.07056999951601028,0
2026-08-09T21:30,0.0706000030040741,0.0706700012087822,0.0706000030040741,0.0706700012087822,1322656
2026-08-09T21:35,0.0706700012087822,0.07071000337600708,0.0706700012087822,0.07068999856710434,0
2026-08-09T21:40,0.07072000205516815,0.07074999809265137,0.07066000252962112,0.07066000252962112,413120
2026-08-09T21:45,0.07066000252962112,0.07066000252962112,0.07062999904155731,0.07062999904155731,619904
2026-08-09T21:50,0.0706000030040741,0.0706000030040741,0.07051999866962433,0.07057999819517136,277312
2026-08-09T21:55,0.07057999819517136,0.0706000030040741,0.07051999866962433,0.07051999866962433,0
2026-08-09T22:00,0.07056999951601028,0.07062000036239624,0.07056999951601028,0.07058999687433243,0
2026-08-09T22:05,0.07058999687433243,0.07063999772071838,0.07056000083684921,0.07063999772071838,92800
2026-08-09T22:10,0.07062000036239624,0.07084999978542328,0.07062000036239624,0.07084000110626221,0
2026-08-09T22:15,0.07088000327348709,0.07096000015735626,0.07069999724626541,0.0707399994134903,0
2026-08-09T22:20,0.0707399994134903,0.0707399994134903,0.07062000036239624,0.07062000036239624,2049408
2026-08-09T22:25,0.07061000168323517,0.07062999904155731,0.07058999687433243,0.07061000168323517,0
2026-08-09T22:30,0.07061000168323517,0.07062000036239624,0.07035999745130539,0.07041999697685242,0
2026-08-09T22:35,0.07037000358104706,0.07038000226020813,0.07005999982357025,0.0700799971818924,826496
2026-08-09T22:40,0.07006999850273132,0.07010000199079514,0.07004000246524811,0.07009000331163406,2349280
2026-08-09T22:45,0.0700799971818924,0.0700799971818924,0.06996999680995941,0.06996999680995941,2003392
2026-08-09T22:50,0.06998000293970108,0.06998000293970108,0.06984999775886536,0.06996999680995941,1253728
2026-08-09T22:55,0.0700099989771843,0.07002999633550644,0.07000000029802322,0.0700099989771843,3250816
2026-08-09T23:00,0.06999000161886215,0.0700099989771843,0.06989999860525131,0.06999000161886215,0
2026-08-09T23:05,0.06999000161886215,0.0700099989771843,0.06982000172138214,0.06982000172138214,0
2026-08-09T23:10,0.06981000304222107,0.0698700025677681,0.06973999738693237,0.06973999738693237,0
2026-08-09T23:15,0.06973999738693237,0.06975000351667404,0.0695900022983551,0.0696600005030632,808224
2026-08-09T23:20,0.06966999918222427,0.06966999918222427,0.06945999711751938,0.06956999748945236,1055744
2026-08-09T23:25,0.06954000145196915,0.06954000145196915,0.06936000287532806,0.06943999975919724,3673920
2026-08-09T23:30,0.06941000372171402,0.06941000372171402,0.06926999986171722,0.06938999891281128,2731136
2026-08-09T23:35,0.06937000155448914,0.06950999796390533,0.06936000287532806,0.06936000287532806,1820480
2026-08-09T23:40,0.06937000155448914,0.06941000372171402,0.06933999806642532,0.06939999759197235,979616
2026-08-09T23:45,0.06939999759197235,0.06943999975919724,0.06937000155448914,0.06938000023365021,563968
2026-08-09T23:50,0.06937000155448914,0.06937000155448914,0.06926000118255615,0.06931000202894211,1044864
2026-08-09T23:55,0.0692799985408783,0.06930000334978104,0.06917999684810638,0.06930000334978104,891520
2026-08-10T00:00,0.06922999769449234,0.06922999769449234,0.0690699964761734,0.06916999816894531,717568
2026-08-10T00:05,0.06915999948978424,0.06942000240087509,0.06915999948978424,0.06941000372171402,5658688
2026-08-10T00:10,0.06941000372171402,0.06975000351667404,0.06939999759197235,0.06965000182390213,1728672
2026-08-10T00:15,0.06965000182390213,0.06967999786138535,0.06956999748945236,0.06956999748945236,1570016
2026-08-10T00:20,0.06955999881029129,0.06960000097751617,0.06948000192642212,0.06948000192642212,855616
2026-08-10T00:25,0.06949000060558319,0.06956999748945236,0.06949000060558319,0.06953000277280807,860192
2026-08-10T00:30,0.0695199966430664,0.0695900022983551,0.06949999928474426,0.06956999748945236,809856
2026-08-10T00:35,0.0695900022983551,0.0695900022983551,0.06931000202894211,0.06931000202894211,0
2026-08-10T00:40,0.06932999938726425,0.06943999975919724,0.06931000202894211,0.06932999938726425,1176288
2026-08-10T00:45,0.0693499967455864,0.06955999881029129,0.0693499967455864,0.06955999881029129,1352800
2026-08-10T00:50,0.06955999881029129,0.06966999918222427,0.06955000013113022,0.06962999701499939,0
2026-08-10T00:55,0.0696600005030632,0.06968999654054642,0.06955999881029129,0.06958000361919403,337120
2026-08-10T01:00,0.06958000361919403,0.06970000267028809,0.06958000361919403,0.06961999833583832,0
2026-08-10T01:05,0.06964000314474106,0.06967999786138535,0.06953000277280807,0.06967999786138535,375616
2026-08-10T01:10,0.06970000267028809,0.0697299987077713,0.0696600005030632,0.06971000134944916,99424
2026-08-10T01:15,0.06972000002861023,0.06978999823331833,0.06972000002861023,0.06977000087499619,0
2026-08-10T01:20,0.06977000087499619,0.0697999969124794,0.06972000002861023,0.0697999969124794,592256
2026-08-10T01:25,0.0697999969124794,0.06982000172138214,0.06971000134944916,0.06971000134944916,56832
2026-08-10T01:30,0.0696600005030632,0.06971000134944916,0.06960000097751617,0.06960000097751617,0
2026-08-10T01:35,0.06960000097751617,0.06961999833583832,0.06949000060558319,0.06961999833583832,0
2026-08-10T01:40,0.06962999701499939,0.06973999738693237,0.06961999833583832,0.06968999654054642,173216
2026-08-10T01:45,0.06966999918222427,0.07005000114440918,0.06966999918222427,0.07005000114440918,0
2026-08-10T01:50,0.07004000246524811,0.07018999755382538,0.07000000029802322,0.07000000029802322,741888
2026-08-10T01:55,0.07000000029802322,0.07000000029802322,0.06993000209331512,0.0699400007724762,1315904
2026-08-10T02:00,0.06996999680995941,0.06996999680995941,0.06975000351667404,0.0697999969124794,0
2026-08-10T02:05,0.06982000172138214,0.06985999643802643,0.06977000087499619,0.0697999969124794,0
2026-08-10T02:10,0.0697999969124794,0.06985999643802643,0.06977999955415726,0.06981000304222107,10272
2026-08-10T02:15,0.06978999823331833,0.06978999823331833,0.0695199966430664,0.0695199966430664,0
2026-08-10T02:20,0.06953000277280807,0.06955999881029129,0.06949999928474426,0.06949999928474426,1023872
2026-08-10T02:25,0.06948000192642212,0.06955000013113022,0.0694499984383583,0.06955000013113022,450912
2026-08-10T02:30,0.06953000277280807,0.06961999833583832,0.06953000277280807,0.06958000361919403,0
2026-08-10T02:35,0.06958000361919403,0.06971000134944916,0.06956999748945236,0.06971000134944916,116224
2026-08-10T02:40,0.06971000134944916,0.06994999945163727,0.06971000134944916,0.06994999945163727,213280
2026-08-10T02:45,0.06990999728441238,0.06990999728441238,0.06981000304222107,0.06983999907970428,0
2026-08-10T02:50,0.06983999907970428,0.06992000341415405,0.06983999907970428,0.06988000124692917,0
2026-08-10T02:55,0.06988999992609024,0.06989999860525131,0.06983000040054321,0.06989999860525131,129024
2026-08-10T03:00,0.0698700025677681,0.06992000341415405,0.06985999643802643,0.06985999643802643,0
2026-08-10T03:05,0.0698700025677681,0.0698700025677681,0.0697999969124794,0.0698700025677681,0
2026-08-10T03:10,0.06985999643802643,0.0698700025677681,0.06961999833583832,0.06961999833583832,0
2026-08-10T03:15,0.06961999833583832,0.06982000172138214,0.06950999796390533,0.06981000304222107,0
2026-08-10T03:20,0.06981000304222107,0.06994999945163727,0.06981000304222107,0.06993000209331512,889408
2026-08-10T03:25,0.06993000209331512,0.06998000293970108,0.06964000314474106,0.06964000314474106,461248
2026-08-10T03:30,0.06964000314474106,0.06971000134944916,0.06961999833583832,0.06971000134944916,132512
2026-08-10T03:35,0.06972000002861023,0.06977999955415726,0.06972000002861023,0.0697299987077713,323520
2026-08-10T03:40,0.0697299987077713,0.06977000087499619,0.0696600005030632,0.06966999918222427,0
2026-08-10T03:45,0.06970000267028809,0.06975000351667404,0.06970000267028809,0.0697299987077713,0
2026-08-10T03:50,0.06972000002861023,0.06972000002861023,0.06965000182390213,0.06965000182390213,0
2026-08-10T03:55,0.06962999701499939,0.06962999701499939,0.06955999881029129,0.06960999965667725,0
2026-08-10T04:00,0.06960000097751617,0.06968999654054642,0.06960000097751617,0.06967999786138535,0
2026-08-10T04:05,0.06968999654054642,0.06973999738693237,0.0696600005030632,0.0697299987077713,512960
2026-08-10T04:10,0.0697299987077713,0.0697299987077713,0.06968999654054642,0.0697299987077713,146176
2026-08-10T04:15,0.06973999738693237,0.0697999969124794,0.06972000002861023,0.06972000002861023,0
2026-08-10T04:20,0.0697299987077713,0.0697299987077713,0.06967999786138535,0.06967999786138535,0
2026-08-10T04:25,0.06966999918222427,0.06972000002861023,0.06966999918222427,0.06968999654054642,173152
2026-08-10T04:30,0.06968999654054642,0.06970000267028809,0.06961999833583832,0.0696600005030632,182304
2026-08-10T04:35,0.0696600005030632,0.06966999918222427,0.06960999965667725,0.06961999833583832,0
2026-08-10T04:40,0.0695900022983551,0.0696600005030632,0.06949999928474426,0.06965000182390213,241696
2026-08-10T04:45,0.06965000182390213,0.0697299987077713,0.06965000182390213,0.06971000134944916,805184
2026-08-10T04:50,0.06970000267028809,0.06972000002861023,0.0696600005030632,0.06968999654054642,0
2026-08-10T04:55,0.06967999786138535,0.06967999786138535,0.06961999833583832,0.06967999786138535,83136
2026-08-10T05:00,0.06966999918222427,0.06973999738693237,0.06966999918222427,0.06973999738693237,0
2026-08-10T05:05,0.06973999738693237,0.06977000087499619,0.06972000002861023,0.06977000087499619,0
2026-08-10T05:10,0.06977999955415726,0.06978999823331833,0.06966999918222427,0.06968999654054642,0
2026-08-10T05:15,0.06970000267028809,0.06975000351667404,0.06970000267028809,0.06973999738693237,212736
2026-08-10T05:20,0.06972000002861023,0.06984999775886536,0.06972000002861023,0.06983999907970428,0
2026-08-10T05:25,0.06983999907970428,0.06985999643802643,0.06981000304222107,0.06984999775886536,0
2026-08-10T05:30,0.06983999907970428,0.06984999775886536,0.06982000172138214,0.06982000172138214,0
2026-08-10T05:35,0.06982000172138214,0.06992000341415405,0.06982000172138214,0.06988000124692917,0
2026-08-10T05:40,0.06988000124692917,0.06992000341415405,0.06988000124692917,0.06992000341415405,111008
2026-08-10T05:45,0.06992000341415405,0.06993000209331512,0.06988999992609024,0.06990999728441238,0
2026-08-10T05:50,0.06990999728441238,0.0700099989771843,0.06989999860525131,0.0700099989771843,130496
2026-08-10T05:55,0.0700099989771843,0.07004000246524811,0.06990999728441238,0.06992000341415405,275008
2026-08-10T06:00,0.06993000209331512,0.07000000029802322,0.06993000209331512,0.06996999680995941,0
2026-08-10T06:05,0.06996999680995941,0.07005000114440918,0.0699400007724762,0.0699400007724762,0
2026-08-10T06:10,0.06994999945163727,0.06999000161886215,0.06992000341415405,0.06996999680995941,0
2026-08-10T06:15,0.06995999813079834,0.07005000114440918,0.06994999945163727,0.07005000114440918,0
2026-08-10T06:20,0.07002999633550644,0.07002999633550644,0.06994999945163727,0.06995999813079834,0
2026-08-10T06:25,0.06995999813079834,0.06995999813079834,0.06990999728441238,0.06992000341415405,206720
2026-08-10T06:30,0.0699400007724762,0.06999000161886215,0.06992000341415405,0.06994999945163727,0
2026-08-10T06:35,0.06994999945163727,0.06999000161886215,0.06994999945163727,0.06994999945163727,0
2026-08-10T06:40,0.06995999813079834,0.07001999765634537,0.06992000341415405,0.07001999765634537,0
2026-08-10T06:45,0.07002999633550644,0.07002999633550644,0.06998000293970108,0.07000000029802322,114240
2026-08-10T06:50,0.0700099989771843,0.07005000114440918,0.06998000293970108,0.0700099989771843,0
2026-08-10T06:55,0.0700099989771843,0.0700799971818924,0.0700099989771843,0.07006999850273132,69088
2026-08-10T07:00,0.07005000114440918,0.07005999982357025,0.06999000161886215,0.07002999633550644,0
2026-08-10T07:05,0.07002999633550644,0.07002999633550644,0.07000000029802322,0.07000000029802322,0
2026-08-10T07:10,0.06999000161886215,0.07000000029802322,0.06998000293970108,0.06998000293970108,0
2026-08-10T07:15,0.06998000293970108,0.07001999765634537,0.06994999945163727,0.07001999765634537,0
2026-08-10T07:20,0.07002999633550644,0.07005000114440918,0.07001999765634537,0.07001999765634537,0
2026-08-10T07:25,0.07001999765634537,0.07004000246524811,0.07000000029802322,0.07004000246524811,0
2026-08-10T07:30,0.07005000114440918,0.0700799971818924,0.07005000114440918,0.0700799971818924,355840
2026-08-10T07:35,0.07005999982357025,0.07009000331163406,0.07001999765634537,0.07004000246524811,0
2026-08-10T07:40,0.07004000246524811,0.07004000246524811,0.07001999765634537,0.07001999765634537,103744
2026-08-10T07:45,0.07001999765634537,0.07004000246524811,0.06996999680995941,0.06996999680995941,116704
2026-08-10T07:50,0.06999000161886215,0.07004000246524811,0.06995999813079834,0.06995999813079834,0
2026-08-10T07:55,0.06995999813079834,0.06999000161886215,0.06995999813079834,0.06998000293970108,30080
2026-08-10T08:00,0.06996999680995941,0.07009000331163406,0.06996999680995941,0.07006999850273132,0
2026-08-10T08:05,0.0700799971818924,0.0700799971818924,0.0700099989771843,0.07005000114440918,0
2026-08-10T08:10,0.07004000246524811,0.07005999982357025,0.0700099989771843,0.0700099989771843,0
2026-08-10T08:15,0.0700099989771843,0.07004000246524811,0.0699400007724762,0.07004000246524811,0
2026-08-10T08:20,0.07004000246524811,0.07006999850273132,0.07002999633550644,0.07005000114440918,850432
2026-08-10T08:25,0.07004000246524811,0.07009000331163406,0.06983999907970428,0.06983999907970428,0
2026-08-10T08:30,0.06984999775886536,0.06988999992609024,0.06983999907970428,0.06988999992609024,2325664
2026-08-10T08:35,0.06988999992609024,0.06989999860525131,0.06983999907970428,0.06985999643802643,1505792
2026-08-10T08:40,0.06985999643802643,0.06988000124692917,0.06971000134944916,0.06988000124692917,0
2026-08-10T08:45,0.0698700025677681,0.06993000209331512,0.06985999643802643,0.06993000209331512,1735840
2026-08-10T08:50,0.06990999728441238,0.07001999765634537,0.06990999728441238,0.06999000161886215,0
2026-08-10T08:55,0.06999000161886215,0.07004000246524811,0.06999000161886215,0.0700099989771843,0
2026-08-10T09:00,0.0700099989771843,0.07005000114440918,0.06998000293970108,0.07005000114440918,0
2026-08-10T09:05,0.07005000114440918,0.07005000114440918,0.07001999765634537,0.07001999765634537,305952
2026-08-10T09:10,0.07001999765634537,0.07004000246524811,0.06998000293970108,0.07000000029802322,564896
2026-08-10T09:15,0.07000000029802322,0.0700799971818924,0.07000000029802322,0.07005000114440918,270272
2026-08-10T09:20,0.07002999633550644,0.07004000246524811,0.07001999765634537,0.07004000246524811,412384
2026-08-10T09:25,0.07001999765634537,0.07001999765634537,0.06995999813079834,0.06996999680995941,602720
2026-08-10T09:30,0.06994999945163727,0.06994999945163727,0.06983999907970428,0.06989999860525131,200096
2026-08-10T09:35,0.06989999860525131,0.06989999860525131,0.06983999907970428,0.06989999860525131,0
2026-08-10T09:40,0.06988000124692917,0.06989999860525131,0.06988000124692917,0.06988999992609024,70720
2026-08-10T09:45,0.06988999992609024,0.06988999992609024,0.06983999907970428,0.06988000124692917,718528
2026-08-10T09:50,0.06988000124692917,0.06992000341415405,0.06988000124692917,0.06988999992609024,420608
2026-08-10T09:55,0.06988999992609024,0.06993000209331512,0.06988000124692917,0.06988000124692917,158112
2026-08-10T10:00,0.06985999643802643,0.06994999945163727,0.06983999907970428,0.06994999945163727,108960
2026-08-10T10:05,0.06994999945163727,0.06995999813079834,0.06988999992609024,0.06990999728441238,0
2026-08-10T10:10,0.06988999992609024,0.06990999728441238,0.06988000124692917,0.06989999860525131,0
2026-08-10T10:15,0.06989999860525131,0.06990999728441238,0.06985999643802643,0.06985999643802643,274304
2026-08-10T10:20,0.0698700025677681,0.06998000293970108,0.0698700025677681,0.06994999945163727,0
2026-08-10T10:25,0.06999000161886215,0.0700099989771843,0.0699400007724762,0.0699400007724762,101312
2026-08-10T10:30,0.0699400007724762,0.0699400007724762,0.06990999728441238,0.06992000341415405,184352
2026-08-10T10:35,0.06992000341415405,0.06993000209331512,0.06992000341415405,0.06993000209331512,0
2026-08-10T10:40,0.06993000209331512,0.06994999945163727,0.06990999728441238,0.06994999945163727,0
2026-08-10T10:45,0.06994999945163727,0.06994999945163727,0.06989999860525131,0.06989999860525131,194976
2026-08-10T10:50,0.06989999860525131,0.06993000209331512,0.06989999860525131,0.06989999860525131,118528
2026-08-10T10:55,0.06989999860525131,0.06993000209331512,0.06988999992609024,0.06989999860525131,79360
2026-08-10T11:00,0.06989999860525131,0.06989999860525131,0.06985999643802643,0.06988999992609024,13632
2026-08-10T11:05,0.06988999992609024,0.06988999992609024,0.0698700025677681,0.06988000124692917,0
2026-08-10T11:10,0.06988000124692917,0.06988000124692917,0.06983000040054321,0.0698700025677681,929216
2026-08-10T11:15,0.0698700025677681,0.06998000293970108,0.0698700025677681,0.06998000293970108,322784
2026-08-10T11:20,0.06995999813079834,0.07000000029802322,0.0699400007724762,0.0699400007724762,0
2026-08-10T11:25,0.06993000209331512,0.07000000029802322,0.06993000209331512,0.07000000029802322,676608
2026-08-10T11:30,0.0700099989771843,0.07005000114440918,0.0700099989771843,0.07004000246524811,617376
2026-08-10T11:35,0.07004000246524811,0.07005999982357025,0.07000000029802322,0.07000000029802322,39104
2026-08-10T11:40,0.07000000029802322,0.0700099989771843,0.06994999945163727,0.06994999945163727,66976
2026-08-10T11:45,0.06995999813079834,0.06999000161886215,0.0699400007724762,0.06994999945163727,0
2026-08-10T11:50,0.06993000209331512,0.06996999680995941,0.06992000341415405,0.06996999680995941,206880
2026-08-10T11:55,0.06996999680995941,0.07001999765634537,0.06995999813079834,0.06998000293970108,0
2026-08-10T12:00,0.06998000293970108,0.07005000114440918,0.06994999945163727,0.07004000246524811,0
2026-08-10T12:05,0.07002999633550644,0.07005999982357025,0.06999000161886215,0.07005999982357025,142592
2026-08-10T12:10,0.07005999982357025,0.07009000331163406,0.07001999765634537,0.07002999633550644,83008
2026-08-10T12:15,0.07001999765634537,0.07001999765634537,0.06998000293970108,0.06999000161886215,298560
2026-08-10T12:20,0.06999000161886215,0.07002999633550644,0.06999000161886215,0.0700099989771843,126816
2026-08-10T12:25,0.07001999765634537,0.07001999765634537,0.06992000341415405,0.06992000341415405,87072
2026-08-10T12:30,0.06988000124692917,0.06994999945163727,0.06984999775886536,0.06984999775886536,274784
2026-08-10T12:35,0.06984999775886536,0.06988000124692917,0.06983999907970428,0.06983999907970428,1060288
2026-08-10T12:40,0.06983999907970428,0.06993000209331512,0.06978999823331833,0.06993000209331512,398848
2026-08-10T12:45,0.06993000209331512,0.06993000209331512,0.0698700025677681,0.06988000124692917,172576
2026-08-10T12:50,0.06985999643802643,0.06990999728441238,0.06981000304222107,0.06990999728441238,1851680
2026-08-10T12:55,0.06990999728441238,0.06990999728441238,0.06975000351667404,0.06978999823331833,478496
2026-08-10T13:00,0.06977000087499619,0.06983000040054321,0.06977000087499619,0.06977999955415726,1021888
2026-08-10T13:05,0.06978999823331833,0.06988999992609024,0.06978999823331833,0.06985999643802643,232320
2026-08-10T13:10,0.06985999643802643,0.06990999728441238,0.06984999775886536,0.06984999775886536,0
2026-08-10T13:15,0.06983000040054321,0.06988999992609024,0.0697999969124794,0.06984999775886536,399168
2026-08-10T13:20,0.06984999775886536,0.06984999775886536,0.06977000087499619,0.06981000304222107,0
2026-08-10T13:25,0.06981000304222107,0.06982000172138214,0.06977000087499619,0.06981000304222107,129856
2026-08-10T13:30,0.06977999955415726,0.0697999969124794,0.06953000277280807,0.06953000277280807,801216
2026-08-10T13:35,0.06953000277280807,0.06977000087499619,0.06953000277280807,0.06968999654054642,600608
2026-08-10T13:40,0.06970000267028809,0.06972000002861023,0.06960000097751617,0.06967999786138535,7454496
2026-08-10T13:45,0.06971000134944916,0.0697299987077713,0.06955999881029129,0.06961999833583832,11876704
2026-08-10T13:50,0.06962999701499939,0.06968999654054642,0.06955000013113022,0.06958000361919403,23466208
2026-08-10T13:55,0.06956999748945236,0.06971000134944916,0.06955000013113022,0.06970000267028809,8107936
2026-08-10T14:00,0.06971000134944916,0.06989999860525131,0.06971000134944916,0.0698700025677681,7433024
2026-08-10T14:05,0.0698700025677681,0.06990999728441238,0.06983000040054321,0.0698700025677681,21998880
2026-08-10T14:10,0.06983999907970428,0.06993000209331512,0.06982000172138214,0.06993000209331512,2887840
2026-08-10T14:15,0.06990999728441238,0.06992000341415405,0.06983000040054321,0.0698700025677681,7524832
2026-08-10T14:20,0.0698700025677681,0.06988999992609024,0.0697999969124794,0.06981000304222107,0
2026-08-10T14:25,0.0697999969124794,0.0699400007724762,0.0697999969124794,0.06988000124692917,0
2026-08-10T14:30,0.0698700025677681,0.06992000341415405,0.06983000040054321,0.06989999860525131,464224
2026-08-10T14:35,0.06992000341415405,0.06996999680995941,0.0698700025677681,0.06989999860525131,417248
2026-08-10T14:40,0.06988999992609024,0.06999000161886215,0.06988999992609024,0.06989999860525131,579904
2026-08-10T14:45,0.06992000341415405,0.06994999945163727,0.06985999643802643,0.06989999860525131,250560
2026-08-10T14:50,0.06989999860525131,0.06989999860525131,0.06976000219583511,0.06977000087499619,31008
2026-08-10T14:55,0.06977000087499619,0.06977999955415726,0.06972000002861023,0.06973999738693237,46080
2026-08-10T15:00,0.0697299987077713,0.06977999955415726,0.06964000314474106,0.06976000219583511,18048
2026-08-10T15:05,0.06976000219583511,0.0697999969124794,0.06973999738693237,0.06976000219583511,4630112
2026-08-10T15:10,0.06976000219583511,0.06978999823331833,0.0694499984383583,0.06948000192642212,0
2026-08-10T15:15,0.06947000324726105,0.06966999918222427,0.06947000324726105,0.06954000145196915,2338272
2026-08-10T15:20,0.06955999881029129,0.06956999748945236,0.06937000155448914,0.06942000240087509,1715008
2026-08-10T15:25,0.0694499984383583,0.06967999786138535,0.06938999891281128,0.06967999786138535,1796480
2026-08-10T15:30,0.06966999918222427,0.06968999654054642,0.06958000361919403,0.0695900022983551,1566144
2026-08-10T15:35,0.06954000145196915,0.06961999833583832,0.06939999759197235,0.06943000108003616,0
2026-08-10T15:40,0.06943999975919724,0.06956999748945236,0.06941000372171402,0.06954000145196915,1295200
2026-08-10T15:45,0.06953000277280807,0.06956999748945236,0.06949999928474426,0.06955000013113022,216288
2026-08-10T15:50,0.06955999881029129,0.06965000182390213,0.06955999881029129,0.06955999881029129,174976
2026-08-10T15:55,0.06955999881029129,0.06965000182390213,0.06955000013113022,0.06960999965667725,745408
2026-08-10T16:00,0.06960000097751617,0.06972000002861023,0.06955000013113022,0.06972000002861023,0
2026-08-10T16:05,0.06972000002861023,0.06972000002861023,0.06960000097751617,0.06961999833583832,353120
2026-08-10T16:10,0.06960999965667725,0.0696600005030632,0.06960000097751617,0.06962999701499939,0
2026-08-10T16:15,0.06962999701499939,0.06962999701499939,0.06955000013113022,0.06958000361919403,0
2026-08-10T16:20,0.06960999965667725,0.06970000267028809,0.06947000324726105,0.06970000267028809,227520
2026-08-10T16:25,0.06970000267028809,0.06970000267028809,0.06960000097751617,0.06960000097751617,481632
2026-08-10T16:30,0.06960999965667725,0.0696600005030632,0.06955000013113022,0.06955000013113022,451296
2026-08-10T16:35,0.06955999881029129,0.06971000134944916,0.06955999881029129,0.06971000134944916,703008
2026-08-10T16:40,0.0697299987077713,0.06975000351667404,0.0695900022983551,0.0695900022983551,755808
2026-08-10T16:45,0.06960999965667725,0.06960999965667725,0.06942000240087509,0.06942000240087509,435840
2026-08-10T16:50,0.06949999928474426,0.06955999881029129,0.0694499984383583,0.06948000192642212,243264
2026-08-10T16:55,0.06948000192642212,0.0695199966430664,0.06943999975919724,0.06949999928474426,130432
2026-08-10T17:00,0.06948000192642212,0.06953000277280807,0.06941000372171402,0.06943999975919724,0
2026-08-10T17:05,0.06943999975919724,0.06964000314474106,0.06942000240087509,0.06962999701499939,243488
2026-08-10T17:10,0.06965000182390213,0.06972000002861023,0.06965000182390213,0.06968999654054642,0
2026-08-10T17:15,0.06967999786138535,0.06968999654054642,0.06965000182390213,0.06965000182390213,8224
2026-08-10T17:20,0.06965000182390213,0.06972000002861023,0.06965000182390213,0.06971000134944916,30432
2026-08-10T17:25,0.06972000002861023,0.06973999738693237,0.06966999918222427,0.06972000002861023,44480
2026-08-10T17:30,0.0696600005030632,0.06977000087499619,0.0696600005030632,0.0697299987077713,146240
2026-08-10T17:35,0.0697299987077713,0.0697299987077713,0.06971000134944916,0.06971000134944916,51840
2026-08-10T17:40,0.0697299987077713,0.06975000351667404,0.06967999786138535,0.06971000134944916,133408
2026-08-10T17:45,0.06971000134944916,0.06971000134944916,0.06954000145196915,0.06954000145196915,0
2026-08-10T17:50,0.0695900022983551,0.06960000097751617,0.06955000013113022,0.06955000013113022,0
2026-08-10T17:55,0.06955999881029129,0.0695900022983551,0.0695199966430664,0.06956999748945236,0
2026-08-10T18:00,0.0695900022983551,0.06960999965667725,0.06955999881029129,0.0695900022983551,0
2026-08-10T18:05,0.06960000097751617,0.06967999786138535,0.0695900022983551,0.06966999918222427,0
2026-08-10T18:10,0.0696600005030632,0.06971000134944916,0.06962999701499939,0.06962999701499939,22912
2026-08-10T18:15,0.06962999701499939,0.06962999701499939,0.06960000097751617,0.06962999701499939,0
2026-08-10T18:20,0.06960999965667725,0.06965000182390213,0.06958000361919403,0.06965000182390213,0
2026-08-10T18:25,0.06965000182390213,0.06967999786138535,0.06960000097751617,0.06962999701499939,0
2026-08-10T18:30,0.06962999701499939,0.06965000182390213,0.06960999965667725,0.06962999701499939,0
2026-08-10T18:35,0.06962999701499939,0.06962999701499939,0.0694499984383583,0.0695199966430664,0
2026-08-10T18:40,0.0695199966430664,0.06958000361919403,0.0695199966430664,0.06958000361919403,553344
2026-08-10T18:45,0.06956999748945236,0.06956999748945236,0.06943999975919724,0.06956999748945236,469760
2026-08-10T18:50,0.06956999748945236,0.0695900022983551,0.06953000277280807,0.06955999881029129,0
2026-08-10T18:55,0.06955999881029129,0.06964000314474106,0.06955999881029129,0.06964000314474106,0
2026-08-10T19:00,0.06966999918222427,0.06971000134944916,0.0696600005030632,0.06966999918222427,0
2026-08-10T19:05,0.06966999918222427,0.06968999654054642,0.06965000182390213,0.0696600005030632,523456
2026-08-10T19:10,0.06966999918222427,0.06972000002861023,0.0696600005030632,0.06972000002861023,0
2026-08-10T19:15,0.06971000134944916,0.06973999738693237,0.06971000134944916,0.06972000002861023,0
2026-08-10T19:20,0.06973999738693237,0.06978999823331833,0.06972000002861023,0.06978999823331833,0
2026-08-10T19:25,0.06977000087499619,0.06981000304222107,0.06976000219583511,0.0697999969124794,112160
2026-08-10T19:30,0.06982000172138214,0.06988999992609024,0.06982000172138214,0.06985999643802643,0
2026-08-10T19:35,0.06985999643802643,0.0698700025677681,0.06975000351667404,0.06977000087499619,700256
2026-08-10T19:40,0.06977000087499619,0.06988000124692917,0.06977000087499619,0.06984999775886536,874944
2026-08-10T19:45,0.06984999775886536,0.06985999643802643,0.06976000219583511,0.06981000304222107,984032
2026-08-10T19:50,0.06981000304222107,0.06981000304222107,0.06976000219583511,0.06977999955415726,772672
2026-08-10T19:55,0.06977000087499619,0.06981000304222107,0.06973999738693237,0.06981000304222107,0
2026-08-10T20:00,0.0697999969124794,0.06981000304222107,0.06976000219583511,0.06977000087499619,0
2026-08-10T20:05,0.06977000087499619,0.06988999992609024,0.06977000087499619,0.06988000124692917,0
2026-08-10T20:10,0.06988000124692917,0.06989999860525131,0.06983999907970428,0.06988000124692917,679136
2026-08-10T20:15,0.06988000124692917,0.06992000341415405,0.06988000124692917,0.06992000341415405,23296
2026-08-10T20:20,0.06992000341415405,0.06992000341415405,0.06984999775886536,0.06985999643802643,0
2026-08-10T20:25,0.0698700025677681,0.06988999992609024,0.06983999907970428,0.06988999992609024,264704
2026-08-10T20:30,0.06988000124692917,0.06988999992609024,0.06985999643802643,0.06988999992609024,0
2026-08-10T20:35,0.06985999643802643,0.06990999728441238,0.06984999775886536,0.06984999775886536,0
2026-08-10T20:40,0.06983000040054321,0.06988000124692917,0.06983000040054321,0.06983999907970428,0
2026-08-10T20:45,0.06982000172138214,0.06983000040054321,0.06977999955415726,0.0697999969124794,336960
2026-08-10T20:50,0.0697999969124794,0.06988000124692917,0.0697999969124794,0.06984999775886536,238912
2026-08-10T20:55,0.06983999907970428,0.06985999643802643,0.06982000172138214,0.06985999643802643,211968
2026-08-10T21:00,0.06984999775886536,0.06984999775886536,0.0697999969124794,0.06984999775886536,0
2026-08-10T21:05,0.06984999775886536,0.06988000124692917,0.06983000040054321,0.06988000124692917,21440
2026-08-10T21:10,0.06982000172138214,0.06982000172138214,0.0696600005030632,0.06971000134944916,0
2026-08-10T21:15,0.0696600005030632,0.06968999654054642,0.06965000182390213,0.06966999918222427,0
2026-08-10T21:20,0.06966999918222427,0.06970000267028809,0.06964000314474106,0.0696600005030632,0
2026-08-10T21:25,0.0696600005030632,0.06975000351667404,0.06961999833583832,0.06975000351667404,0
2026-08-10T21:30,0.06975000351667404,0.06978999823331833,0.06975000351667404,0.06978999823331833,0
2026-08-10T21:35,0.0697299987077713,0.06977999955415726,0.06968999654054642,0.06973999738693237,0
2026-08-10T21:40,0.0697299987077713,0.06978999823331833,0.06971000134944916,0.06977999955415726,0
2026-08-10T21:45,0.06978999823331833,0.06978999823331833,0.06970000267028809,0.06970000267028809,0
2026-08-10T21:50,0.06970000267028809,0.0697299987077713,0.06970000267028809,0.06971000134944916,99328
2026-08-10T21:55,0.06971000134944916,0.06971000134944916,0.06964000314474106,0.06964000314474106,0
2026-08-10T22:00,0.06960999965667725,0.06968999654054642,0.06955000013113022,0.06955000013113022,0
2026-08-10T22:05,0.06947000324726105,0.06966999918222427,0.06947000324726105,0.06965000182390213,315360
2026-08-10T22:10,0.06966999918222427,0.06971000134944916,0.0696600005030632,0.06971000134944916,237920
2026-08-10T22:15,0.06971000134944916,0.06977999955415726,0.06971000134944916,0.06975000351667404,0
2026-08-10T22:20,0.06972000002861023,0.06973999738693237,0.06966999918222427,0.06966999918222427,0
2026-08-10T22:25,0.0696600005030632,0.06975000351667404,0.06961999833583832,0.06975000351667404,0
2026-08-10T22:30,0.06975000351667404,0.06975000351667404,0.06960999965667725,0.06962999701499939,0
2026-08-10T22:35,0.06962999701499939,0.06970000267028809,0.06962999701499939,0.0696600005030632,0
2026-08-10T22:40,0.0696600005030632,0.06968999654054642,0.06965000182390213,0.06968999654054642,0
2026-08-10T22:45,0.06967999786138535,0.06975000351667404,0.06967999786138535,0.0697299987077713,0
2026-08-10T22:50,0.0697299987077713,0.06976000219583511,0.0697299987077713,0.06973999738693237,0
2026-08-10T22:55,0.06975000351667404,0.06977999955415726,0.0697299987077713,0.06976000219583511,0
2026-08-10T23:00,0.06975000351667404,0.06976000219583511,0.06971000134944916,0.06973999738693237,0
2026-08-10T23:05,0.06973999738693237,0.06978999823331833,0.06972000002861023,0.06978999823331833,0
2026-08-10T23:10,0.06978999823331833,0.06982000172138214,0.06977000087499619,0.06982000172138214,0
2026-08-10T23:15,0.06982000172138214,0.06985999643802643,0.06977999955415726,0.06977999955415726,297472
2026-08-10T23:20,0.06981000304222107,0.06983000040054321,0.06976000219583511,0.0697999969124794,0
2026-08-10T23:25,0.0697999969124794,0.0697999969124794,0.06973999738693237,0.0697999969124794,0
2026-08-10T23:30,0.06978999823331833,0.0697999969124794,0.06972000002861023,0.06972000002861023,0
2026-08-10T23:35,0.06972000002861023,0.06977000087499619,0.06970000267028809,0.06970000267028809,0
2026-08-10T23:40,0.06970000267028809,0.06975000351667404,0.06970000267028809,0.06973999738693237,0
2026-08-10T23:45,0.06971000134944916,0.06972000002861023,0.06961999833583832,0.06961999833583832,0
2026-08-10T23:50,0.06968999654054642,0.06971000134944916,0.0696600005030632,0.0696600005030632,0
2026-08-10T23:55,0.0696600005030632,0.06971000134944916,0.06961999833583832,0.06961999833583832,186368
2026-08-11T00:00,0.06964000314474106,0.06964000314474106,0.06954000145196915,0.06962999701499939,0
2026-08-11T00:05,0.06962999701499939,0.06964000314474106,0.06955000013113022,0.06964000314474106,0
2026-08-11T00:10,0.06961999833583832,0.06972000002861023,0.06960999965667725,0.06970000267028809,0
2026-08-11T00:15,0.06971000134944916,0.06971000134944916,0.06960999965667725,0.06968999654054642,0
2026-08-11T00:20,0.06968999654054642,0.06973999738693237,0.06965000182390213,0.06970000267028809,0
2026-08-11T00:25,0.06970000267028809,0.0697999969124794,0.06970000267028809,0.0697999969124794,0
2026-08-11T00:30,0.06982000172138214,0.06982000172138214,0.0697299987077713,0.06975000351667404,0
2026-08-11T00:35,0.0697299987077713,0.06975000351667404,0.06970000267028809,0.06972000002861023,0
2026-08-11T00:40,0.06971000134944916,0.06973999738693237,0.06967999786138535,0.06973999738693237,0
2026-08-11T00:45,0.06973999738693237,0.06973999738693237,0.06970000267028809,0.06972000002861023,0
2026-08-11T00:50,0.06975000351667404,0.06978999823331833,0.06973999738693237,0.06978999823331833,0
2026-08-11T00:55,0.06981000304222107,0.06983000040054321,0.0697999969124794,0.06982000172138214,0
2026-08-11T01:00,0.06982000172138214,0.06982000172138214,0.06971000134944916,0.06978999823331833,0
2026-08-11T01:05,0.06978999823331833,0.06983000040054321,0.06978999823331833,0.06981000304222107,0
2026-08-11T01:10,0.06983999907970428,0.06996999680995941,0.06983999907970428,0.06995999813079834,0
2026-08-11T01:15,0.06995999813079834,0.06995999813079834,0.06985999643802643,0.06985999643802643,258976
2026-08-11T01:20,0.06985999643802643,0.0699400007724762,0.06985999643802643,0.0699400007724762,0
2026-08-11T01:25,0.0699400007724762,0.06994999945163727,0.06990999728441238,0.06994999945163727,0
2026-08-11T01:30,0.06994999945163727,0.06996999680995941,0.0699400007724762,0.06996999680995941,0
2026-08-11T01:35,0.06996999680995941,0.06998000293970108,0.06992000341415405,0.06993000209331512,0
2026-08-11T01:40,0.06990999728441238,0.06992000341415405,0.0698700025677681,0.06989999860525131,0
2026-08-11T01:45,0.06989999860525131,0.07000000029802322,0.06989999860525131,0.07000000029802322,0
2026-08-11T01:50,0.07000000029802322,0.07002999633550644,0.06994999945163727,0.0700099989771843,17440
2026-08-11T01:55,0.06999000161886215,0.07000000029802322,0.06994999945163727,0.06994999945163727,0
2026-08-11T02:00,0.06995999813079834,0.07002999633550644,0.06992000341415405,0.07001999765634537,0
2026-08-11T02:05,0.0700099989771843,0.07009000331163406,0.0700099989771843,0.0700799971818924,0
2026-08-11T02:10,0.0700799971818924,0.0700799971818924,0.07004000246524811,0.07004000246524811,0
2026-08-11T02:15,0.07004000246524811,0.0700799971818924,0.07004000246524811,0.07006999850273132,0
2026-08-11T02:20,0.07005000114440918,0.0700799971818924,0.07004000246524811,0.07006999850273132,0
2026-08-11T02:25,0.0700799971818924,0.0700799971818924,0.07005000114440918,0.07005000114440918,0
2026-08-11T02:30,0.07005000114440918,0.07017000019550323,0.07004000246524811,0.07016000151634216,0
2026-08-11T02:35,0.07016000151634216,0.07027000188827515,0.07011999934911728,0.07026000320911407,1508224
2026-08-11T02:40,0.07027000188827515,0.07029999792575836,0.07021000236272812,0.07021000236272812,29632
2026-08-11T02:45,0.07020000368356705,0.07020000368356705,0.07017000019550323,0.07017000019550323,1254272
2026-08-11T02:50,0.07017000019550323,0.07017000019550323,0.07011000066995621,0.07013999670743942,0
2026-08-11T02:55,0.07013999670743942,0.07015000283718109,0.07010000199079514,0.07010000199079514,0
2026-08-11T03:00,0.07010000199079514,0.07016000151634216,0.07010000199079514,0.07016000151634216,0
2026-08-11T03:05,0.07013999670743942,0.07015000283718109,0.07006999850273132,0.07012999802827835,133088
2026-08-11T03:10,0.07012999802827835,0.07012999802827835,0.07009000331163406,0.07011000066995621,127776
2026-08-11T03:15,0.0700799971818924,0.07017000019550323,0.07005999982357025,0.07013999670743942,0
2026-08-11T03:20,0.07012999802827835,0.07015000283718109,0.07009000331163406,0.07015000283718109,9952
2026-08-11T03:25,0.07015000283718109,0.0701799988746643,0.07011999934911728,0.07011999934911728,147680
2026-08-11T03:30,0.07011999934911728,0.07011999934911728,0.0700799971818924,0.07010000199079514,279904
2026-08-11T03:35,0.07010000199079514,0.0701799988746643,0.07010000199079514,0.07017000019550323,316064
2026-08-11T03:40,0.07017000019550323,0.07017000019550323,0.07005000114440918,0.07005999982357025,203072
2026-08-11T03:45,0.07005999982357025,0.07005999982357025,0.07001999765634537,0.07002999633550644,0
2026-08-11T03:50,0.07002999633550644,0.07006999850273132,0.07002999633550644,0.07005999982357025,0
2026-08-11T03:55,0.07005999982357025,0.07005999982357025,0.07002999633550644,0.07005999982357025,325216
2026-08-11T04:00,0.07002999633550644,0.07004000246524811,0.06996999680995941,0.06996999680995941,0
2026-08-11T04:05,0.06998000293970108,0.07000000029802322,0.06998000293970108,0.06998000293970108,0
2026-08-11T04:10,0.06998000293970108,0.07001999765634537,0.06996999680995941,0.07001999765634537,45504
2026-08-11T04:15,0.07001999765634537,0.07002999633550644,0.06999000161886215,0.07000000029802322,0
2026-08-11T04:20,0.07001999765634537,0.07005999982357025,0.06999000161886215,0.07000000029802322,0
2026-08-11T04:25,0.06999000161886215,0.07000000029802322,0.06995999813079834,0.06999000161886215,0
2026-08-11T04:30,0.06999000161886215,0.0700099989771843,0.06998000293970108,0.06999000161886215,0
2026-08-11T04:35,0.06998000293970108,0.06998000293970108,0.06993000209331512,0.06993000209331512,0
2026-08-11T04:40,0.06993000209331512,0.0699400007724762,0.06989999860525131,0.06989999860525131,0
2026-08-11T04:45,0.06992000341415405,0.06999000161886215,0.06992000341415405,0.06998000293970108,0
2026-08-11T04:50,0.06998000293970108,0.06998000293970108,0.06989999860525131,0.06990999728441238,317632
2026-08-11T04:55,0.06990999728441238,0.06992000341415405,0.06988999992609024,0.06990999728441238,458592
2026-08-11T05:00,0.06990999728441238,0.06995999813079834,0.0698700025677681,0.06995999813079834,0
2026-08-11T05:05,0.06995999813079834,0.07000000029802322,0.06994999945163727,0.06999000161886215,937728
2026-08-11T05:10,0.06999000161886215,0.07001999765634537,0.06998000293970108,0.07000000029802322,667936
2026-08-11T05:15,0.06999000161886215,0.0700099989771843,0.06993000209331512,0.06993000209331512,198464
2026-08-11T05:20,0.06992000341415405,0.06992000341415405,0.06983999907970428,0.0698700025677681,587552
2026-08-11T05:25,0.0698700025677681,0.0698700025677681,0.06982000172138214,0.06984999775886536,3904
2026-08-11T05:30,0.06984999775886536,0.06994999945163727,0.06983999907970428,0.06993000209331512,703680
2026-08-11T05:35,0.06995999813079834,0.0700099989771843,0.06995999813079834,0.0700099989771843,19488
2026-08-11T05:40,0.07001999765634537,0.07006999850273132,0.07001999765634537,0.07006999850273132,1362304
2026-08-11T05:45,0.07006999850273132,0.07011999934911728,0.07006999850273132,0.07011000066995621,147616
2026-08-11T05:50,0.07011000066995621,0.07011999934911728,0.07005999982357025,0.07005999982357025,1000352
2026-08-11T05:55,0.07004000246524811,0.07006999850273132,0.06999000161886215,0.06999000161886215,282144
2026-08-11T06:00,0.06999000161886215,0.06999000161886215,0.06990999728441238,0.06995999813079834,0
2026-08-11T06:05,0.06995999813079834,0.07009000331163406,0.06995999813079834,0.07009000331163406,3057216
2026-08-11T06:10,0.07010000199079514,0.07012999802827835,0.07010000199079514,0.07011000066995621,0
2026-08-11T06:15,0.07012999802827835,0.07013999670743942,0.0700799971818924,0.0700799971818924,2387520
2026-08-11T06:20,0.07006999850273132,0.0700799971818924,0.07004000246524811,0.0700799971818924,290304
2026-08-11T06:25,0.07005000114440918,0.07011000066995621,0.07002999633550644,0.07011000066995621,979744
2026-08-11T06:30,0.07011999934911728,0.07011999934911728,0.07004000246524811,0.07004000246524811,1619904
2026-08-11T06:35,0.07004000246524811,0.07013999670743942,0.06999000161886215,0.07013999670743942,560448
2026-08-11T06:40,0.07011999934911728,0.07021000236272812,0.07011000066995621,0.07011000066995621,509952
2026-08-11T06:45,0.07011000066995621,0.07012999802827835,0.07009000331163406,0.07010000199079514,1703712
2026-08-11T06:50,0.07010000199079514,0.07010000199079514,0.0699400007724762,0.06996999680995941,477312
2026-08-11T06:55,0.06998000293970108,0.07010000199079514,0.06998000293970108,0.07010000199079514,85920
2026-08-11T07:00,0.07011000066995621,0.07013999670743942,0.07011000066995621,0.07012999802827835,0
2026-08-11T07:05,0.07015000283718109,0.0701799988746643,0.0700799971818924,0.07011999934911728,308320
2026-08-11T07:10,0.07011000066995621,0.07016000151634216,0.07006999850273132,0.07006999850273132,158912
2026-08-11T07:15,0.07005000114440918,0.07005000114440918,0.07000000029802322,0.0700099989771843,264672
2026-08-11T07:20,0.07000000029802322,0.07000000029802322,0.06994999945163727,0.06994999945163727,625152
2026-08-11T07:25,0.06994999945163727,0.06994999945163727,0.06988999992609024,0.06992000341415405,301088
2026-08-11T07:30,0.06992000341415405,0.07006999850273132,0.06992000341415405,0.07006999850273132,84224
2026-08-11T07:35,0.0700799971818924,0.07016000151634216,0.0700799971818924,0.07016000151634216,210560
2026-08-11T07:40,0.07016000151634216,0.07016000151634216,0.07009000331163406,0.07016000151634216,649312
2026-08-11T07:45,0.07015000283718109,0.07018999755382538,0.07010000199079514,0.07010000199079514,826336
2026-08-11T07:50,0.07010000199079514,0.07010000199079514,0.07000000029802322,0.07000000029802322,0
2026-08-11T07:55,0.07000000029802322,0.07004000246524811,0.07000000029802322,0.07004000246524811,25408
2026-08-11T08:00,0.07005999982357025,0.07015000283718109,0.07005999982357025,0.07009000331163406,0
2026-08-11T08:05,0.07009000331163406,0.07013999670743942,0.07005000114440918,0.07005000114440918,0
2026-08-11T08:10,0.07005000114440918,0.07010000199079514,0.07005000114440918,0.07010000199079514,219712
2026-08-11T08:15,0.0700799971818924,0.07012999802827835,0.07005999982357025,0.07005999982357025,0
2026-08-11T08:20,0.07005999982357025,0.07010000199079514,0.07004000246524811,0.07009000331163406,0
2026-08-11T08:25,0.07009000331163406,0.07010000199079514,0.07006999850273132,0.0700799971818924,291168
2026-08-11T08:30,0.0700799971818924,0.07011000066995621,0.07006999850273132,0.07011000066995621,0
2026-08-11T08:35,0.07011000066995621,0.07011999934911728,0.0700799971818924,0.07010000199079514,0
2026-08-11T08:40,0.07010000199079514,0.07017000019550323,0.07010000199079514,0.07016000151634216,0
2026-08-11T08:45,0.07018999755382538,0.07022000104188919,0.07013999670743942,0.07013999670743942,0
2026-08-11T08:50,0.07013999670743942,0.07023999840021133,0.07013999670743942,0.07023999840021133,11680
2026-08-11T08:55,0.07022000104188919,0.07027000188827515,0.0701799988746643,0.07027000188827515,483008
2026-08-11T09:00,0.07027000188827515,0.07034999877214432,0.07027000188827515,0.07028000056743622,1876032
2026-08-11T09:05,0.07028000056743622,0.07030999660491943,0.07023999840021133,0.0702499970793724,2372896
2026-08-11T09:10,0.07028999924659729,0.07034999877214432,0.07028000056743622,0.07028000056743622,2264704
2026-08-11T09:15,0.07026000320911407,0.07034999877214432,0.07023999840021133,0.07034999877214432,800544
2026-08-11T09:20,0.07034999877214432,0.07046999782323837,0.07034000009298325,0.07043000310659409,0
2026-08-11T09:25,0.07049000263214111,0.0706000030040741,0.07049000263214111,0.07054000347852707,2830176
2026-08-11T09:30,0.07051999866962433,0.07054000347852707,0.07044000178575516,0.07044000178575516,568224
2026-08-11T09:35,0.07044000178575516,0.07047999650239944,0.07043000310659409,0.07043000310659409,408960
2026-08-11T09:40,0.07045000046491623,0.0705299973487854,0.07045000046491623,0.0705299973487854,329856
2026-08-11T09:45,0.07054000347852707,0.07058999687433243,0.07054000347852707,0.07056000083684921,406112
2026-08-11T09:50,0.07054000347852707,0.07058999687433243,0.07051999866962433,0.07054000347852707,801696
2026-08-11T09:55,0.07054000347852707,0.07054000347852707,0.07047999650239944,0.07050999999046326,392032
2026-08-11T10:00,0.07051999866962433,0.0706000030040741,0.07046999782323837,0.07056999951601028,0
2026-08-11T10:05,0.07058999687433243,0.07062000036239624,0.07047999650239944,0.07047999650239944,813600
2026-08-11T10:10,0.07047999650239944,0.0705299973487854,0.07039999961853027,0.07039999961853027,1597088
2026-08-11T10:15,0.07039999961853027,0.07044000178575516,0.07038000226020813,0.07038000226020813,922048
2026-08-11T10:20,0.07034000009298325,0.07038000226020813,0.07029999792575836,0.07029999792575836,437152
2026-08-11T10:25,0.07029999792575836,0.07040999829769135,0.07029999792575836,0.07039999961853027,1352992
2026-08-11T10:30,0.07039999961853027,0.07040999829769135,0.07037000358104706,0.07037000358104706,574976
2026-08-11T10:35,0.07034999877214432,0.07037000358104706,0.0703200027346611,0.07034999877214432,741184
2026-08-11T10:40,0.07034999877214432,0.07037000358104706,0.07034999877214432,0.07035999745130539,241856
2026-08-11T10:45,0.07035999745130539,0.07047999650239944,0.07035999745130539,0.07047999650239944,438464
2026-08-11T10:50,0.07050999999046326,0.07054000347852707,0.07046999782323837,0.07049000263214111,1001664
2026-08-11T10:55,0.07049000263214111,0.07050000131130219,0.07045000046491623,0.07049000263214111,286528
2026-08-11T11:00,0.07050000131130219,0.07066000252962112,0.07047999650239944,0.07061000168323517,557440
2026-08-11T11:05,0.07062999904155731,0.07064999639987946,0.07054000347852707,0.07054000347852707,1418208
2026-08-11T11:10,0.07054000347852707,0.07067999988794327,0.07054000347852707,0.07061000168323517,479648
2026-08-11T11:15,0.07061000168323517,0.07063999772071838,0.07057999819517136,0.07057999819517136,301952
2026-08-11T11:20,0.07055000215768814,0.07062000036239624,0.07055000215768814,0.07062000036239624,209792
2026-08-11T11:25,0.07061000168323517,0.07062999904155731,0.07057999819517136,0.07062000036239624,79520
2026-08-11T11:30,0.07058999687433243,0.07058999687433243,0.07055000215768814,0.07056000083684921,257280
2026-08-11T11:35,0.07056000083684921,0.07056000083684921,0.07051999866962433,0.07051999866962433,81344
2026-08-11T11:40,0.07049000263214111,0.07050999999046326,0.07046999782323837,0.07046999782323837,679712
2026-08-11T11:45,0.07047999650239944,0.07055000215768814,0.07047999650239944,0.0705299973487854,1880064
2026-08-11T11:50,0.07051999866962433,0.0705299973487854,0.07050999999046326,0.07051999866962433,495840
2026-08-11T11:55,0.07051999866962433,0.07056999951601028,0.07051999866962433,0.0705299973487854,265664
2026-08-11T12:00,0.07056000083684921,0.07057999819517136,0.0705299973487854,0.07056000083684921,577472
2026-08-11T12:05,0.07056000083684921,0.07066000252962112,0.07056000083684921,0.07066000252962112,782304
2026-08-11T12:10,0.0706700012087822,0.0706700012087822,0.07058999687433243,0.07062999904155731,529984
2026-08-11T12:15,0.07062999904155731,0.07062999904155731,0.07054000347852707,0.07056999951601028,708928
2026-08-11T12:20,0.07056999951601028,0.07056999951601028,0.07050000131130219,0.0705299973487854,1197120
2026-08-11T12:25,0.0705299973487854,0.0705299973487854,0.07044000178575516,0.07050000131130219,1052960
2026-08-11T12:30,0.07050999999046326,0.07058999687433243,0.0704599991440773,0.07058999687433243,406208
2026-08-11T12:35,0.07061000168323517,0.07062000036239624,0.07056999951601028,0.0706000030040741,0
2026-08-11T12:40,0.07058999687433243,0.07062999904155731,0.07058999687433243,0.07062999904155731,0
2026-08-11T12:45,0.07062999904155731,0.07063999772071838,0.07057999819517136,0.07057999819517136,0
2026-08-11T12:50,0.07057999819517136,0.07061000168323517,0.07057999819517136,0.07058999687433243,0
2026-08-11T12:55,0.07057999819517136,0.07061000168323517,0.07057999819517136,0.07058999687433243,130048
2026-08-11T13:00,0.07057999819517136,0.0706000030040741,0.07055000215768814,0.07058999687433243,0
2026-08-11T13:05,0.07057999819517136,0.07077000290155411,0.07057999819517136,0.07077000290155411,727488
2026-08-11T13:10,0.07077000290155411,0.07079999893903732,0.07073000073432922,0.07074999809265137,2259968
2026-08-11T13:15,0.07074999809265137,0.07085999846458435,0.07069999724626541,0.07071000337600708,1821600
2026-08-11T13:20,0.07068999856710434,0.0707399994134903,0.07063999772071838,0.07063999772071838,1346624
2026-08-11T13:25,0.07062999904155731,0.07064999639987946,0.07050999999046326,0.07064999639987946,1388224
2026-08-11T13:30,0.07064999639987946,0.07068999856710434,0.07054000347852707,0.07057999819517136,957600
2026-08-11T13:35,0.07057999819517136,0.0707399994134903,0.0705299973487854,0.07072000205516815,0
2026-08-11T13:40,0.07074999809265137,0.07077000290155411,0.07071000337600708,0.07071000337600708,0
2026-08-11T13:45,0.07066000252962112,0.07090000063180923,0.07063999772071838,0.07088000327348709,0
2026-08-11T13:50,0.07084000110626221,0.07086999714374542,0.07077000290155411,0.07077000290155411,0
2026-08-11T13:55,0.07077000290155411,0.07086999714374542,0.07077000290155411,0.07084999978542328,0
2026-08-11T14:00,0.07084999978542328,0.07111000269651413,0.07083000242710114,0.07109999656677246,0
2026-08-11T14:05,0.07108999788761139,0.0711899995803833,0.07101000100374222,0.07108999788761139,0
2026-08-11T14:10,0.07106000185012817,0.07108999788761139,0.07101999968290329,0.07106000185012817,662656
2026-08-11T14:15,0.07107000052928925,0.0712599977850914,0.07107000052928925,0.07107000052928925,0
2026-08-11T14:20,0.07107000052928925,0.07116000354290009,0.07084000110626221,0.07084000110626221,430016
2026-08-11T14:25,0.07079000025987625,0.07095000147819519,0.07077000290155411,0.07077000290155411,2799104
2026-08-11T14:30,0.07073000073432922,0.07079999893903732,0.07066000252962112,0.07067999988794327,2397952
2026-08-11T14:35,0.07073000073432922,0.07079999893903732,0.07062999904155731,0.07067999988794327,1277728
2026-08-11T14:40,0.0706700012087822,0.07068999856710434,0.07058999687433243,0.07062000036239624,1065536
2026-08-11T14:45,0.07062000036239624,0.07062000036239624,0.07045000046491623,0.07045000046491623,977920
2026-08-11T14:50,0.07041999697685242,0.07043000310659409,0.07017000019550323,0.07020000368356705,3416608
2026-08-11T14:55,0.07017000019550323,0.07020000368356705,0.06989999860525131,0.07001999765634537,0
2026-08-11T15:00,0.06999000161886215,0.07020000368356705,0.06995999813079834,0.07017000019550323,7311584
2026-08-11T15:05,0.07020000368356705,0.07028999924659729,0.0701799988746643,0.0702499970793724,357248
2026-08-11T15:10,0.07026000320911407,0.07026000320911407,0.07009000331163406,0.07011999934911728,2079264
2026-08-11T15:15,0.07011000066995621,0.0703200027346611,0.0700799971818924,0.0703200027346611,0
2026-08-11T15:20,0.07029999792575836,0.07046999782323837,0.07026000320911407,0.07034000009298325,0
2026-08-11T15:25,0.07040999829769135,0.07055000215768814,0.07040999829769135,0.07055000215768814,0
2026-08-11T15:30,0.07057999819517136,0.07057999819517136,0.07034000009298325,0.07034000009298325,0
2026-08-11T15:35,0.07037000358104706,0.07038000226020813,0.06995999813079834,0.07005000114440918,1893408
2026-08-11T15:40,0.07006999850273132,0.07020000368356705,0.06994999945163727,0.07020000368356705,2035008
2026-08-11T15:45,0.07020000368356705,0.07033000141382217,0.07011999934911728,0.07020000368356705,1983424
2026-08-11T15:50,0.07021000236272812,0.0703200027346611,0.0701799988746643,0.07027000188827515,576128
2026-08-11T15:55,0.07027000188827515,0.07056000083684921,0.07027000188827515,0.07054000347852707,450720
2026-08-11T16:00,0.07050999999046326,0.07077000290155411,0.07047999650239944,0.07069999724626541,1531136
2026-08-11T16:05,0.07073000073432922,0.0708099976181984,0.07062000036239624,0.07079000025987625,2222464
2026-08-11T16:10,0.07079999893903732,0.07081999629735947,0.07071000337600708,0.07078000158071518,2688032
2026-08-11T16:15,0.07078000158071518,0.07084999978542328,0.07066000252962112,0.07083000242710114,2475968
2026-08-11T16:20,0.07083000242710114,0.07086999714374542,0.0707399994134903,0.07079999893903732,4191040
2026-08-11T16:25,0.07079000025987625,0.07079000025987625,0.07061000168323517,0.07063999772071838,657088
2026-08-11T16:30,0.07062000036239624,0.0707399994134903,0.07047999650239944,0.07050000131130219,651584
2026-08-11T16:35,0.07050000131130219,0.07054000347852707,0.07039999961853027,0.07039999961853027,613920
2026-08-11T16:40,0.0703900009393692,0.07049000263214111,0.0703900009393692,0.07039999961853027,401632
2026-08-11T16:45,0.07044000178575516,0.07045000046491623,0.07035999745130539,0.07044000178575516,1577504
2026-08-11T16:50,0.07045000046491623,0.07050999999046326,0.07041999697685242,0.07050000131130219,386944
2026-08-11T16:55,0.07050000131130219,0.0705299973487854,0.0704599991440773,0.0704599991440773,427584
2026-08-11T17:00,0.0704599991440773,0.0705299973487854,0.07043000310659409,0.07044000178575516,6624
2026-08-11T17:05,0.07041999697685242,0.07043000310659409,0.07035999745130539,0.07037000358104706,1248832
2026-08-11T17:10,0.07034999877214432,0.07049000263214111,0.07034999877214432,0.07043000310659409,0
2026-08-11T17:15,0.07044000178575516,0.07062000036239624,0.07044000178575516,0.0706000030040741,252480
2026-08-11T17:20,0.07057999819517136,0.07067999988794327,0.07056999951601028,0.07063999772071838,323808
2026-08-11T17:25,0.07063999772071838,0.07079999893903732,0.07062000036239624,0.07079999893903732,933920
2026-08-11T17:30,0.07083000242710114,0.07100000232458115,0.07079000025987625,0.07079999893903732,1748192
2026-08-11T17:35,0.07081999629735947,0.07090000063180923,0.07074999809265137,0.07074999809265137,5034208
2026-08-11T17:40,0.07074999809265137,0.0709099993109703,0.07071000337600708,0.07088000327348709,3432736
2026-08-11T17:45,0.07088000327348709,0.07096000015735626,0.07088000327348709,0.07092999666929245,1447424
2026-08-11T17:50,0.0709099993109703,0.07122000306844711,0.0709099993109703,0.07109999656677246,2019296
2026-08-11T17:55,0.0711200013756752,0.07113000005483627,0.07094000279903412,0.07094000279903412,2857696
2026-08-11T18:00,0.07092999666929245,0.07101999968290329,0.07090000063180923,0.07092999666929245,1359616
2026-08-11T18:05,0.07094000279903412,0.07096999883651733,0.07084000110626221,0.07090000063180923,3079616
2026-08-11T18:10,0.07090000063180923,0.0709099993109703,0.07086999714374542,0.0709099993109703,1271872
2026-08-11T18:15,0.07089000195264816,0.07091999799013138,0.07086999714374542,0.07091999799013138,826624
2026-08-11T18:20,0.07091999799013138,0.07094000279903412,0.0708099976181984,0.0708099976181984,589120
2026-08-11T18:25,0.07079999893903732,0.07084999978542328,0.07072000205516815,0.07072000205516815,1430976
2026-08-11T18:30,0.07072000205516815,0.07079000025987625,0.07062000036239624,0.07077000290155411,1113792
2026-08-11T18:35,0.07079000025987625,0.07084000110626221,0.07069999724626541,0.07069999724626541,1653280
2026-08-11T18:40,0.07068999856710434,0.07068999856710434,0.07057999819517136,0.07064999639987946,32160
2026-08-11T18:45,0.07064999639987946,0.07084000110626221,0.07063999772071838,0.07084000110626221,467008
2026-08-11T18:50,0.0708099976181984,0.07081999629735947,0.0707399994134903,0.07077000290155411,530592
2026-08-11T18:55,0.07077000290155411,0.07078000158071518,0.0706700012087822,0.07074999809265137,594464
2026-08-11T19:00,0.07073000073432922,0.07073000073432922,0.07061000168323517,0.07064999639987946,1265408
2026-08-11T19:05,0.07064999639987946,0.07064999639987946,0.07055000215768814,0.07056000083684921,333376
2026-08-11T19:10,0.07056000083684921,0.07056000083684921,0.07041999697685242,0.07041999697685242,1114784
2026-08-11T19:15,0.07041999697685242,0.0706700012087822,0.07041999697685242,0.0706700012087822,353408
2026-08-11T19:20,0.07068999856710434,0.0707399994134903,0.07067999988794327,0.07072000205516815,1027712
2026-08-11T19:25,0.07072000205516815,0.07073000073432922,0.07068999856710434,0.07071000337600708,171680
2026-08-11T19:30,0.07072000205516815,0.07079000025987625,0.0706700012087822,0.0706700012087822,0
2026-08-11T19:35,0.07066000252962112,0.07079999893903732,0.07066000252962112,0.07079999893903732,0
2026-08-11T19:40,0.07079999893903732,0.07085999846458435,0.07077000290155411,0.07085999846458435,0
2026-08-11T19:45,0.07090000063180923,0.07096000015735626,0.07089000195264816,0.07092999666929245,0
2026-08-11T19:50,0.07089000195264816,0.07094000279903412,0.07086999714374542,0.07091999799013138,267520
2026-08-11T19:55,0.0709099993109703,0.07099000364542007,0.0709099993109703,0.07096999883651733,305824
2026-08-11T20:00,0.07100000232458115,0.07108999788761139,0.07100000232458115,0.07106000185012817,230784
2026-08-11T20:05,0.07111000269651413,0.07152999937534332,0.07111000269651413,0.07152999937534332,3037152
2026-08-11T20:10,0.07162000238895416,0.07171999663114548,0.0715399980545044,0.07154999673366547,8639520
2026-08-11T20:15,0.07152999937534332,0.07163000106811523,0.07147999852895737,0.07161000370979309,6817984
2026-08-11T20:20,0.07159999758005142,0.0717800036072731,0.07158000022172928,0.07165999710559845,3946816
2026-08-11T20:25,0.07175999879837036,0.07199999690055847,0.07174000144004822,0.07197999954223633,2740704
2026-08-11T20:30,0.07197000086307526,0.0722000002861023,0.07176999747753143,0.07176999747753143,8796800
2026-08-11T20:35,0.0717800036072731,0.07179000228643417,0.07163000106811523,0.07168000191450119,6996704
2026-08-11T20:40,0.07164999842643738,0.07169000059366226,0.07154999673366547,0.07154999673366547,4569536
2026-08-11T20:45,0.07151000201702118,0.07168000191450119,0.0714699998497963,0.07158999890089035,1004416
2026-08-11T20:50,0.07159999758005142,0.07174000144004822,0.07152999937534332,0.07156000286340714,3550784
2026-08-11T20:55,0.0715399980545044,0.0716399997472763,0.0715399980545044,0.0716399997472763,2023392
2026-08-11T21:00,0.07164999842643738,0.07174000144004822,0.07164999842643738,0.07169999927282333,1931264
2026-08-11T21:05,0.07171999663114548,0.07171999663114548,0.0715700015425682,0.0715700015425682,4932992
2026-08-11T21:10,0.0715700015425682,0.07188999652862549,0.0715700015425682,0.07188999652862549,1067296
2026-08-11T21:15,0.07186999917030334,0.07192999869585037,0.07169000059366226,0.0717800036072731,5980576
2026-08-11T21:20,0.07175999879837036,0.07197999954223633,0.07169999927282333,0.07197999954223633,5724960
2026-08-11T21:25,0.07197999954223633,0.07199999690055847,0.07175999879837036,0.07175999879837036,1402720
2026-08-11T21:30,0.07179000228643417,0.07193999737501144,0.0717800036072731,0.07192999869585037,1934368
2026-08-11T21:35,0.07193999737501144,0.07208999991416931,0.07176999747753143,0.07201000303030014,2438432
2026-08-11T21:40,0.07197999954223633,0.07218000292778015,0.07197999954223633,0.07208999991416931,2511104
2026-08-11T21:45,0.07208999991416931,0.07208999991416931,0.07202000170946121,0.07202000170946121,938912
2026-08-11T21:50,0.07202000170946121,0.07225000113248825,0.07201000303030014,0.07224000245332718,668448
2026-08-11T21:55,0.07224000245332718,0.07248999923467636,0.07224000245332718,0.0723700001835823,1605312
2026-08-11T22:00,0.07242000102996826,0.07299000024795532,0.07240000367164612,0.07280000299215317,2793184
2026-08-11T22:05,0.07281000167131424,0.07281000167131424,0.07253000140190125,0.07254000008106232,10880832
2026-08-11T22:10,0.07254999876022339,0.07292000204324722,0.07254999876022339,0.07277999818325043,5543040
2026-08-11T22:15,0.07277999818325043,0.07291000336408615,0.07270000129938126,0.07275000214576721,3814496
2026-08-11T22:20,0.07276000082492828,0.07282999902963638,0.07269000262022018,0.0727899968624115,4322784
2026-08-11T22:25,0.07281000167131424,0.07281000167131424,0.07270000129938126,0.07270999997854233,1298400
2026-08-11T22:30,0.07270999997854233,0.07270999997854233,0.07259000092744827,0.07259000092744827,2181344
2026-08-11T22:35,0.07257000356912613,0.07263000309467316,0.0724399983882904,0.07254999876022339,1868288
2026-08-11T22:40,0.07257000356912613,0.07257000356912613,0.0724399983882904,0.07247000187635422,1915072
2026-08-11T22:45,0.0724399983882904,0.0724399983882904,0.0721300020813942,0.0722699984908104,1867872
2026-08-11T22:50,0.07227999716997147,0.07231999933719635,0.07219000160694122,0.07225000113248825,3539232
2026-08-11T22:55,0.07227999716997147,0.07232999801635742,0.07224000245332718,0.0722699984908104,1375520
2026-08-11T23:00,0.07225000113248825,0.07225999981164932,0.07210999727249146,0.07210999727249146,393760
2026-08-11T23:05,0.07209999859333038,0.07215999811887741,0.07201000303030014,0.07203000038862228,3104704
2026-08-11T23:10,0.07201000303030014,0.0720599964261055,0.07196000218391418,0.07196000218391418,927968
2026-08-11T23:15,0.07196000218391418,0.07197000086307526,0.0719200000166893,0.07196000218391418,0
2026-08-11T23:20,0.07195000350475311,0.07195000350475311,0.07187999784946442,0.07187999784946442,846144
2026-08-11T23:25,0.0718500018119812,0.0719200000166893,0.0718500018119812,0.07188999652862549,773344
2026-08-11T23:30,0.07187999784946442,0.07193999737501144,0.0718500018119812,0.07192999869585037,788032
2026-08-11T23:35,0.07196000218391418,0.07201000303030014,0.07195000350475311,0.07197000086307526,599040
2026-08-11T23:40,0.07197000086307526,0.07203000038862228,0.07197000086307526,0.07197999954223633,884640
2026-08-11T23:45,0.07197999954223633,0.07197999954223633,0.07182999700307846,0.07182999700307846,681344
2026-08-11T23:50,0.07184000313282013,0.07187999784946442,0.0717800036072731,0.07180999964475632,53120
2026-08-11T23:55,0.07180999964475632,0.07186000049114227,0.07180000096559525,0.07184000313282013,530816
2026-08-12T00:00,0.0718500018119812,0.07187999784946442,0.0717800036072731,0.07187999784946442,253184
2026-08-12T00:05,0.07186000049114227,0.07188999652862549,0.07179000228643417,0.07188999652862549,793984
2026-08-12T00:10,0.07187999784946442,0.0719899982213974,0.07187999784946442,0.0719899982213974,1754112
2026-08-12T00:15,0.07195000350475311,0.07195000350475311,0.07187999784946442,0.07188999652862549,1019520
2026-08-12T00:20,0.07192999869585037,0.07203000038862228,0.0719200000166893,0.07203000038862228,452736
2026-08-12T00:25,0.0720599964261055,0.07207000255584717,0.07188999652862549,0.07188999652862549,470912
2026-08-12T00:30,0.07188999652862549,0.07208999991416931,0.07188999652862549,0.07208999991416931,691776
2026-08-12T00:35,0.0720599964261055,0.0721300020813942,0.07203000038862228,0.0721300020813942,481344
2026-08-12T00:40,0.07214999943971634,0.07221999764442444,0.07208000123500824,0.07208000123500824,804224
2026-08-12T00:45,0.07208999991416931,0.0722699984908104,0.07208999991416931,0.0722000002861023,1710208
2026-08-12T00:50,0.07220999896526337,0.0723000019788742,0.07214000076055527,0.07216999679803848,908160
2026-08-12T00:55,0.07218000292778015,0.07227999716997147,0.07209999859333038,0.07225999981164932,853888
2026-08-12T01:00,0.0722699984908104,0.07235000282526016,0.07225000113248825,0.07231999933719635,582080
2026-08-12T01:05,0.07231999933719635,0.07241000235080719,0.07231999933719635,0.07236000150442123,1543872
2026-08-12T01:10,0.0723700001835823,0.07246000319719315,0.07236000150442123,0.07240000367164612,618560
2026-08-12T01:15,0.07237999886274338,0.07237999886274338,0.07218000292778015,0.07229000329971313,659904
2026-08-12T01:20,0.07232999801635742,0.07232999801635742,0.07219000160694122,0.07225000113248825,1432704
2026-08-12T01:25,0.07225000113248825,0.07237999886274338,0.07224000245332718,0.07227999716997147,1127040
2026-08-12T01:30,0.07227999716997147,0.07229000329971313,0.07215999811887741,0.0722699984908104,1369024
2026-08-12T01:35,0.07225000113248825,0.07225000113248825,0.07212000340223312,0.07218000292778015,691904
2026-08-12T01:40,0.07216999679803848,0.0723399966955185,0.07216999679803848,0.0723399966955185,2041024
2026-08-12T01:45,0.07232999801635742,0.07242999970912933,0.07224000245332718,0.07242999970912933,255680
2026-08-12T01:50,0.07242000102996826,0.07242000102996826,0.07222999632358551,0.07222999632358551,395264
2026-08-12T01:55,0.07221999764442444,0.0722699984908104,0.0722000002861023,0.0722000002861023,460864
2026-08-12T02:00,0.0722000002861023,0.07232999801635742,0.0722000002861023,0.07225000113248825,790208
2026-08-12T02:05,0.07225000113248825,0.07238999754190445,0.07225000113248825,0.0723700001835823,654592
2026-08-12T02:10,0.07229000329971313,0.07229000329971313,0.07208000123500824,0.07212000340223312,1551936
2026-08-12T02:15,0.07214999943971634,0.07222999632358551,0.07214999943971634,0.07222999632358551,2027648
2026-08-12T02:20,0.07220999896526337,0.07220999896526337,0.07210999727249146,0.07212000340223312,1140288
2026-08-12T02:25,0.07212000340223312,0.07218000292778015,0.07207000255584717,0.07218000292778015,763136
2026-08-12T02:30,0.07218000292778015,0.07218000292778015,0.07208000123500824,0.07208999991416931,278976
2026-08-12T02:35,0.07207000255584717,0.07207000255584717,0.07197000086307526,0.07197999954223633,0
2026-08-12T02:40,0.07197999954223633,0.07207000255584717,0.07197999954223633,0.0719899982213974,0
2026-08-12T02:45,0.0719899982213974,0.07199999690055847,0.07195000350475311,0.07196000218391418,589632
2026-08-12T02:50,0.07195000350475311,0.07199999690055847,0.07193999737501144,0.07195000350475311,1720704
2026-08-12T02:55,0.0719200000166893,0.07192999869585037,0.07182999700307846,0.07182999700307846,412544
2026-08-12T03:00,0.07184000313282013,0.07197000086307526,0.07184000313282013,0.07195000350475311,0
2026-08-12T03:05,0.07192999869585037,0.07197999954223633,0.07191000133752823,0.0719200000166893,906304
2026-08-12T03:10,0.0719200000166893,0.07210999727249146,0.0719200000166893,0.07210999727249146,801408
2026-08-12T03:15,0.07210999727249146,0.07224000245332718,0.07210999727249146,0.07219000160694122,526976
2026-08-12T03:20,0.07219000160694122,0.07232999801635742,0.07219000160694122,0.07231999933719635,0
2026-08-12T03:25,0.0723000019788742,0.07232999801635742,0.07216999679803848,0.07225000113248825,983168
2026-08-12T03:30,0.07221999764442444,0.07227999716997147,0.07215999811887741,0.07225999981164932,457536
2026-08-12T03:35,0.07227999716997147,0.07238999754190445,0.07227999716997147,0.0723399966955185,2411392
2026-08-12T03:40,0.07231000065803528,0.07232999801635742,0.07225999981164932,0.07225999981164932,1193280
2026-08-12T03:45,0.07225000113248825,0.0722699984908104,0.0722000002861023,0.0722000002861023,162752
2026-08-12T03:50,0.0722000002861023,0.07225999981164932,0.07212000340223312,0.07214000076055527,464128
2026-08-12T03:55,0.07214000076055527,0.07219000160694122,0.07210999727249146,0.07218000292778015,272192
2026-08-12T04:00,0.07214000076055527,0.07216999679803848,0.07208999991416931,0.07214999943971634,52480
2026-08-12T04:05,0.07210999727249146,0.07212000340223312,0.0720599964261055,0.07207000255584717,3689472
2026-08-12T04:10,0.07207000255584717,0.07208000123500824,0.0719899982213974,0.07208000123500824,1761792
2026-08-12T04:15,0.07208000123500824,0.07218000292778015,0.07208000123500824,0.07218000292778015,821056
2026-08-12T04:20,0.07214999943971634,0.07224000245332718,0.07214999943971634,0.07219000160694122,418368
2026-08-12T04:25,0.07218000292778015,0.07218000292778015,0.07208000123500824,0.07208000123500824,1000064
2026-08-12T04:30,0.07207000255584717,0.07207000255584717,0.07197000086307526,0.07202000170946121,1025408
2026-08-12T04:35,0.07202000170946121,0.07203999906778336,0.07199999690055847,0.07201000303030014,395328
2026-08-12T04:40,0.07201000303030014,0.07203999906778336,0.0719899982213974,0.07201000303030014,732672
2026-08-12T04:45,0.07201000303030014,0.07201000303030014,0.07197000086307526,0.07197999954223633,0
2026-08-12T04:50,0.0719899982213974,0.07204999774694443,0.07197999954223633,0.07204999774694443,0
2026-08-12T04:55,0.0720599964261055,0.07208000123500824,0.07203000038862228,0.0720599964261055,0
2026-08-12T05:00,0.07199999690055847,0.07199999690055847,0.07190000265836716,0.0719200000166893,0
2026-08-12T05:05,0.07195000350475311,0.07199999690055847,0.07186999917030334,0.07199999690055847,0
2026-08-12T05:10,0.07201000303030014,0.07210999727249146,0.07201000303030014,0.07209999859333038,500992
2026-08-12T05:15,0.07209999859333038,0.0721300020813942,0.07209999859333038,0.07210999727249146,48256
2026-08-12T05:20,0.0721300020813942,0.07215999811887741,0.07212000340223312,0.07212000340223312,0
2026-08-12T05:25,0.07209999859333038,0.07214999943971634,0.0720599964261055,0.07208000123500824,159040
2026-08-12T05:30,0.07208000123500824,0.07214999943971634,0.07208000123500824,0.07214999943971634,116672
2026-08-12T05:35,0.07214999943971634,0.07214999943971634,0.07210999727249146,0.0721300020813942,0
2026-08-12T05:40,0.0721300020813942,0.0721300020813942,0.0720599964261055,0.07210999727249146,0
2026-08-12T05:45,0.07207000255584717,0.07212000340223312,0.07207000255584717,0.07212000340223312,0
2026-08-12T05:50,0.07208000123500824,0.07210999727249146,0.07202000170946121,0.07203000038862228,0
2026-08-12T05:55,0.07202000170946121,0.07202000170946121,0.07199999690055847,0.07202000170946121,0
2026-08-12T06:00,0.07202000170946121,0.07203000038862228,0.07188999652862549,0.07190000265836716,443712
2026-08-12T06:05,0.07190000265836716,0.07191000133752823,0.07167000323534012,0.07168000191450119,0
2026-08-12T06:10,0.07169999927282333,0.0717099979519844,0.0716399997472763,0.0716399997472763,2224064
2026-08-12T06:15,0.07163000106811523,0.07165999710559845,0.0715700015425682,0.07158000022172928,1270976
2026-08-12T06:20,0.07158000022172928,0.07161000370979309,0.07145000249147415,0.0714699998497963,1203328
2026-08-12T06:25,0.0714699998497963,0.07152000069618225,0.0714699998497963,0.0714699998497963,1906880
2026-08-12T06:30,0.07145000249147415,0.07145000249147415,0.07134000211954117,0.07142999768257141,560512
2026-08-12T06:35,0.07142999768257141,0.07151000201702118,0.0714000016450882,0.07151000201702118,1502656
2026-08-12T06:40,0.07150000333786011,0.07152999937534332,0.0714699998497963,0.07147999852895737,615104
2026-08-12T06:45,0.07147999852895737,0.07158999890089035,0.07147999852895737,0.07158000022172928,0
2026-08-12T06:50,0.07158000022172928,0.07159999758005142,0.0714699998497963,0.07148999720811844,462592
2026-08-12T06:55,0.07147999852895737,0.07148999720811844,0.07145000249147415,0.07148999720811844,37440
2026-08-12T07:00,0.07150000333786011,0.07162000238895416,0.07150000333786011,0.07162000238895416,0
2026-08-12T07:05,0.07162000238895416,0.07165999710559845,0.07158999890089035,0.07158999890089035,728448
2026-08-12T07:10,0.07158999890089035,0.07162000238895416,0.0715700015425682,0.0715700015425682,478080
2026-08-12T07:15,0.07161000370979309,0.07169000059366226,0.07159999758005142,0.07161000370979309,189120
2026-08-12T07:20,0.07161000370979309,0.07163000106811523,0.07159999758005142,0.07161000370979309,496064
2026-08-12T07:25,0.07162000238895416,0.07162000238895416,0.0715399980545044,0.0715399980545044,102976
2026-08-12T07:30,0.0715399980545044,0.0716399997472763,0.0715399980545044,0.07159999758005142,0
2026-08-12T07:35,0.07158999890089035,0.07158999890089035,0.07152000069618225,0.07154999673366547,9664
2026-08-12T07:40,0.07154999673366547,0.07154999673366547,0.07148999720811844,0.07150000333786011,0
2026-08-12T07:45,0.07150000333786011,0.07151000201702118,0.07146000117063522,0.07151000201702118,162688
2026-08-12T07:50,0.07152000069618225,0.07158999890089035,0.07152000069618225,0.07158999890089035,354496
2026-08-12T07:55,0.07159999758005142,0.0716399997472763,0.07158999890089035,0.0716399997472763,264384
2026-08-12T08:00,0.07159999758005142,0.0716399997472763,0.07158000022172928,0.0716399997472763,0
2026-08-12T08:05,0.07162000238895416,0.07163000106811523,0.07158000022172928,0.07158000022172928,793728
2026-08-12T08:10,0.0715700015425682,0.07158000022172928,0.07152000069618225,0.07156000286340714,214144
2026-08-12T08:15,0.07156000286340714,0.07158999890089035,0.0715399980545044,0.07158999890089035,239232
2026-08-12T08:20,0.07158999890089035,0.07165999710559845,0.0715700015425682,0.07165999710559845,0
2026-08-12T08:25,0.07165999710559845,0.07167000323534012,0.0716399997472763,0.07164999842643738,323776
2026-08-12T08:30,0.07162000238895416,0.07162000238895416,0.0715700015425682,0.07161000370979309,246976
2026-08-12T08:35,0.07159999758005142,0.07165999710559845,0.07152999937534332,0.0716399997472763,389696
2026-08-12T08:40,0.07161000370979309,0.07161000370979309,0.07151000201702118,0.07151000201702118,1553024
2026-08-12T08:45,0.07148999720811844,0.07158999890089035,0.07147999852895737,0.07158999890089035,0
2026-08-12T08:50,0.0715700015425682,0.0715700015425682,0.07152999937534332,0.07156000286340714,383616
2026-08-12T08:55,0.07154999673366547,0.07154999673366547,0.07142999768257141,0.07143999636173248,0
2026-08-12T09:00,0.07143999636173248,0.07154999673366547,0.07143999636173248,0.07154999673366547,0
2026-08-12T09:05,0.07152000069618225,0.07158000022172928,0.07152000069618225,0.07158000022172928,0
2026-08-12T09:10,0.07156000286340714,0.07161000370979309,0.07156000286340714,0.07158000022172928,0
2026-08-12T09:15,0.07158999890089035,0.07176999747753143,0.07158999890089035,0.07176999747753143,0
2026-08-12T09:20,0.07175000011920929,0.07181999832391739,0.0716399997472763,0.07181999832391739,1553152
2026-08-12T09:25,0.07184000313282013,0.07193999737501144,0.07184000313282013,0.07186999917030334,132864
2026-08-12T09:30,0.07188999652862549,0.07196000218391418,0.07184000313282013,0.07184000313282013,873984
2026-08-12T09:35,0.07184000313282013,0.07191000133752823,0.07184000313282013,0.07191000133752823,388800
2026-08-12T09:40,0.07191000133752823,0.07191000133752823,0.07180000096559525,0.0718500018119812,915264
2026-08-12T09:45,0.07186000049114227,0.07190000265836716,0.07186000049114227,0.07186000049114227,0
2026-08-12T09:50,0.07187999784946442,0.07192999869585037,0.07186999917030334,0.0719200000166893,0
2026-08-12T09:55,0.0719200000166893,0.07196000218391418,0.0719200000166893,0.07196000218391418,97984
2026-08-12T10:00,0.07196000218391418,0.07209999859333038,0.07195000350475311,0.0719899982213974,0
2026-08-12T10:05,0.07197999954223633,0.07197999954223633,0.07188999652862549,0.07188999652862549,0
2026-08-12T10:10,0.07186999917030334,0.07192999869585037,0.07186000049114227,0.07191000133752823,464512
2026-08-12T10:15,0.07193999737501144,0.07193999737501144,0.0718500018119812,0.07187999784946442,260224
2026-08-12T10:20,0.07187999784946442,0.07192999869585037,0.07186999917030334,0.07186999917030334,68928
2026-08-12T10:25,0.0718500018119812,0.07188999652862549,0.07182999700307846,0.07182999700307846,0
2026-08-12T10:30,0.07182999700307846,0.0719200000166893,0.07182999700307846,0.07188999652862549,6720
2026-08-12T10:35,0.07187999784946442,0.07188999652862549,0.07184000313282013,0.07187999784946442,75200
2026-08-12T10:40,0.07188999652862549,0.0719200000166893,0.07186999917030334,0.07186999917030334,198336
2026-08-12T10:45,0.07186999917030334,0.07186999917030334,0.07181999832391739,0.07181999832391739,201792
2026-08-12T10:50,0.07184000313282013,0.07187999784946442,0.07184000313282013,0.07186999917030334,251584
2026-08-12T10:55,0.07186000049114227,0.07186999917030334,0.07181999832391739,0.07184000313282013,0
2026-08-12T11:00,0.07184000313282013,0.0719200000166893,0.07182999700307846,0.07182999700307846,0
2026-08-12T11:05,0.07182999700307846,0.07190000265836716,0.07181999832391739,0.07187999784946442,11712
2026-08-12T11:10,0.07187999784946442,0.0719200000166893,0.07180999964475632,0.07180999964475632,33920
2026-08-12T11:15,0.07180999964475632,0.07186000049114227,0.07180000096559525,0.07186000049114227,3968
2026-08-12T11:20,0.07188999652862549,0.07197000086307526,0.07188999652862549,0.07196000218391418,180672
2026-08-12T11:25,0.07197000086307526,0.07197000086307526,0.07192999869585037,0.07193999737501144,1875200
2026-08-12T11:30,0.07197000086307526,0.07197999954223633,0.07195000350475311,0.07196000218391418,911808
2026-08-12T11:35,0.07195000350475311,0.07195000350475311,0.07190000265836716,0.07193999737501144,176512
2026-08-12T11:40,0.07193999737501144,0.07193999737501144,0.0718500018119812,0.07187999784946442,0
2026-08-12T11:45,0.07187999784946442,0.07188999652862549,0.07186000049114227,0.07188999652862549,0
2026-08-12T11:50,0.07190000265836716,0.07193999737501144,0.07190000265836716,0.07192999869585037,9408
2026-08-12T11:55,0.07192999869585037,0.07196000218391418,0.0719200000166893,0.07196000218391418,0
2026-08-12T12:00,0.0719200000166893,0.07197999954223633,0.0719200000166893,0.07195000350475311,0
2026-08-12T12:05,0.07196000218391418,0.07201000303030014,0.07192999869585037,0.07199999690055847,134528
2026-08-12T12:10,0.07197000086307526,0.07197000086307526,0.0719200000166893,0.0719200000166893,13184
2026-08-12T12:15,0.07193999737501144,0.07202000170946121,0.07193999737501144,0.07197000086307526,80384
2026-08-12T12:20,0.07197000086307526,0.0719899982213974,0.0717800036072731,0.07181999832391739,830016
2026-08-12T12:25,0.0717800036072731,0.07208999991416931,0.07175000011920929,0.07201000303030014,588736
2026-08-12T12:30,0.07203000038862228,0.07203000038862228,0.07168000191450119,0.07192999869585037,6954240
2026-08-12T12:35,0.07192999869585037,0.07197000086307526,0.0716399997472763,0.07168000191450119,4959744
2026-08-12T12:40,0.07169000059366226,0.07169999927282333,0.07142999768257141,0.07146000117063522,1371968
2026-08-12T12:45,0.0714699998497963,0.07152000069618225,0.07139000296592712,0.07146000117063522,4582848
2026-08-12T12:50,0.07146000117063522,0.07162000238895416,0.07146000117063522,0.07159999758005142,4896640
2026-08-12T12:55,0.07158999890089035,0.0716399997472763,0.07158000022172928,0.07158999890089035,1516160
2026-08-12T13:00,0.07158999890089035,0.07162000238895416,0.07142999768257141,0.07145000249147415,1276736
2026-08-12T13:05,0.07146000117063522,0.07146000117063522,0.07135999947786331,0.07146000117063522,753536
2026-08-12T13:10,0.0714699998497963,0.07148999720811844,0.07123000174760818,0.07128000259399414,0
2026-08-12T13:15,0.0713300034403801,0.0714000016450882,0.07128000259399414,0.07128000259399414,618368
2026-08-12T13:20,0.07128000259399414,0.07129000127315521,0.07116000354290009,0.07119999825954437,122752
2026-08-12T13:25,0.07118000090122223,0.07118000090122223,0.07086999714374542,0.07094000279903412,1086336
2026-08-12T13:30,0.07095000147819519,0.0709799975156784,0.07077000290155411,0.07077000290155411,7028672
2026-08-12T13:35,0.07079999893903732,0.07084999978542328,0.07071000337600708,0.07081999629735947,3733952
2026-08-12T13:40,0.07081999629735947,0.07081999629735947,0.07050000131130219,0.07067999988794327,1575232
2026-08-12T13:45,0.0706700012087822,0.07075999677181244,0.07064999639987946,0.07066000252962112,3664448
2026-08-12T13:50,0.07066000252962112,0.0706700012087822,0.07056000083684921,0.07062999904155731,0
2026-08-12T13:55,0.07061000168323517,0.07067999988794327,0.07055000215768814,0.07055000215768814,443456
2026-08-12T14:00,0.07050000131130219,0.07054000347852707,0.07039999961853027,0.07041999697685242,0
2026-08-12T14:05,0.07035999745130539,0.07035999745130539,0.07035999745130539,0.07035999745130539,0
