date,open,high,low,close,volume
2026-08-01T00:00,0.7580000162124634,0.7609999775886536,0.7580000162124634,0.7590000033378601,0
2026-08-01T00:05,0.7590000033378601,0.7590000033378601,0.7570000290870667,0.7580000162124634,0
2026-08-01T00:10,0.7580000162124634,0.7580000162124634,0.7580000162124634,0.7580000162124634,0
2026-08-01T00:15,0.7580000162124634,0.7580000162124634,0.7580000162124634,0.7580000162124634,0
2026-08-01T00:20,0.7580000162124634,0.7580000162124634,0.7580000162124634,0.7580000162124634,0
2026-08-01T00:25,0.7580000162124634,0.7580000162124634,0.7580000162124634,0.7580000162124634,0
2026-08-01T00:30,0.7580000162124634,0.7580000162124634,0.7580000162124634,0.7580000162124634,0
2026-08-01T00:35,0.7580000162124634,0.7590000033378601,0.7580000162124634,0.7590000033378601,0
2026-08-01T00:40,0.7590000033378601,0.7590000033378601,0.7580000162124634,0.7590000033378601,0
2026-08-01T00:45,0.7590000033378601,0.7599999904632568,0.7590000033378601,0.7599999904632568,21544
2026-08-01T00:50,0.7599999904632568,0.7599999904632568,0.7599999904632568,0.7599999904632568,0
2026-08-01T00:55,0.7599999904632568,0.7599999904632568,0.7580000162124634,0.7580000162124634,0
2026-08-01T01:00,0.7580000162124634,0.7590000033378601,0.7580000162124634,0.7590000033378601,4992
2026-08-01T01:05,0.7590000033378601,0.7590000033378601,0.7590000033378601,0.7590000033378601,0
2026-08-01T01:10,0.7590000033378601,0.7590000033378601,0.7590000033378601,0.7590000033378601,0
2026-08-01T01:15,0.7590000033378601,0.7599999904632568,0.7590000033378601,0.7599999904632568,0
2026-08-01T01:20,0.7599999904632568,0.7609999775886536,0.7599999904632568,0.7609999775886536,0
2026-08-01T01:25,0.7609999775886536,0.7609999775886536,0.7609999775886536,0.7609999775886536,888
2026-08-01T01:30,0.7609999775886536,0.7609999775886536,0.7609999775886536,0.7609999775886536,0
2026-08-01T01:35,0.7609999775886536,0.7620000243186951,0.7609999775886536,0.7609999775886536,0
2026-08-01T01:40,0.7609999775886536,0.7620000243186951,0.7609999775886536,0.7620000243186951,0
2026-08-01T01:45,0.7609999775886536,0.7620000243186951,0.7609999775886536,0.7620000243186951,0
2026-08-01T01:50,0.7620000243186951,0.7620000243186951,0.7609999775886536,0.7620000243186951,0
2026-08-01T01:55,0.7620000243186951,0.7620000243186951,0.7620000243186951,0.7620000243186951,0
2026-08-01T02:00,0.7620000243186951,0.7620000243186951,0.7620000243186951,0.7620000243186951,0
2026-08-01T02:05,0.7620000243186951,0.7620000243186951,0.7620000243186951,0.7620000243186951,0
2026-08-01T02:10,0.7620000243186951,0.7649999856948853,0.7620000243186951,0.7649999856948853,0
2026-08-01T02:15,0.7649999856948853,0.7649999856948853,0.7639999985694885,0.7639999985694885,147048
2026-08-01T02:20,0.7639999985694885,0.7639999985694885,0.7639999985694885,0.7639999985694885,0
2026-08-01T02:25,0.7639999985694885,0.7639999985694885,0.7639999985694885,0.7639999985694885,0
2026-08-01T02:30,0.7639999985694885,0.7639999985694885,0.7639999985694885,0.7639999985694885,0
2026-08-01T02:35,0.7639999985694885,0.7639999985694885,0.7639999985694885,0.7639999985694885,0
2026-08-01T02:40,0.7639999985694885,0.7639999985694885,0.7630000114440918,0.7639999985694885,0
2026-08-01T02:45,0.7639999985694885,0.7639999985694885,0.7639999985694885,0.7639999985694885,0
2026-08-01T02:50,0.7639999985694885,0.7639999985694885,0.7639999985694885,0.7639999985694885,0
2026-08-01T02:55,0.7639999985694885,0.7639999985694885,0.7639999985694885,0.7639999985694885,0
2026-08-01T03:00,0.7639999985694885,0.7639999985694885,0.7639999985694885,0.7639999985694885,0
2026-08-01T03:05,0.7639999985694885,0.7639999985694885,0.7639999985694885,0.7639999985694885,0
2026-08-01T03:10,0.7639999985694885,0.7639999985694885,0.7630000114440918,0.7630000114440918,0
2026-08-01T03:15,0.7630000114440918,0.7630000114440918,0.7630000114440918,0.7630000114440918,0
2026-08-01T03:20,0.7630000114440918,0.7630000114440918,0.7630000114440918,0.7630000114440918,0
2026-08-01T03:25,0.7630000114440918,0.7630000114440918,0.7630000114440918,0.7630000114440918,0
2026-08-01T03:30,0.7630000114440918,0.7630000114440918,0.7630000114440918,0.7630000114440918,0
2026-08-01T03:35,0.7630000114440918,0.7630000114440918,0.7630000114440918,0.7630000114440918,0
2026-08-01T03:40,0.7630000114440918,0.7630000114440918,0.7630000114440918,0.7630000114440918,0
2026-08-01T03:45,0.7630000114440918,0.7630000114440918,0.7630000114440918,0.7630000114440918,0
2026-08-01T03:50,0.7630000114440918,0.7639999985694885,0.7630000114440918,0.7639999985694885,0
2026-08-01T03:55,0.7639999985694885,0.7639999985694885,0.7639999985694885,0.7639999985694885,0
2026-08-01T04:00,0.7639999985694885,0.7639999985694885,0.7639999985694885,0.7639999985694885,0
2026-08-01T04:05,0.7639999985694885,0.7639999985694885,0.7639999985694885,0.7639999985694885,0
2026-08-01T04:10,0.7639999985694885,0.7639999985694885,0.7639999985694885,0.7639999985694885,0
2026-08-01T04:15,0.7639999985694885,0.7639999985694885,0.7639999985694885,0.7639999985694885,0
2026-08-01T04:20,0.7639999985694885,0.7639999985694885,0.7639999985694885,0.7639999985694885,0
2026-08-01T04:25,0.7639999985694885,0.7639999985694885,0.7639999985694885,0.7639999985694885,0
2026-08-01T04:30,0.7639999985694885,0.7639999985694885,0.7639999985694885,0.7639999985694885,0
2026-08-01T04:35,0.7639999985694885,0.7649999856948853,0.7639999985694885,0.7649999856948853,0
2026-08-01T04:40,0.7649999856948853,0.7649999856948853,0.7649999856948853,0.7649999856948853,0
2026-08-01T04:45,0.7649999856948853,0.7649999856948853,0.7649999856948853,0.7649999856948853,0
2026-08-01T04:50,0.7649999856948853,0.765999972820282,0.7649999856948853,0.765999972820282,25856
2026-08-01T04:55,0.765999972820282,0.765999972820282,0.765999972820282,0.765999972820282,0
2026-08-01T05:00,0.765999972820282,0.765999972820282,0.765999972820282,0.765999972820282,0
2026-08-01T05:05,0.765999972820282,0.7670000195503235,0.765999972820282,0.7670000195503235,0
2026-08-01T05:10,0.7670000195503235,0.7670000195503235,0.765999972820282,0.7670000195503235,0
2026-08-01T05:15,0.7670000195503235,0.7670000195503235,0.7670000195503235,0.7670000195503235,0
2026-08-01T05:20,0.7670000195503235,0.7670000195503235,0.7670000195503235,0.7670000195503235,0
2026-08-01T05:25,0.7670000195503235,0.7670000195503235,0.765999972820282,0.765999972820282,0
2026-08-01T05:30,0.765999972820282,0.765999972820282,0.7649999856948853,0.7649999856948853,0
2026-08-01T05:35,0.7649999856948853,0.7649999856948853,0.7649999856948853,0.7649999856948853,0
2026-08-01T05:40,0.7649999856948853,0.7649999856948853,0.7649999856948853,0.7649999856948853,0
2026-08-01T05:45,0.7649999856948853,0.7649999856948853,0.7630000114440918,0.7630000114440918,0
2026-08-01T05:50,0.7630000114440918,0.7630000114440918,0.7630000114440918,0.7630000114440918,24216
2026-08-01T05:55,0.7630000114440918,0.7639999985694885,0.7630000114440918,0.7639999985694885,0
2026-08-01T06:00,0.7639999985694885,0.7639999985694885,0.7630000114440918,0.7630000114440918,0
2026-08-01T06:05,0.7630000114440918,0.7630000114440918,0.7630000114440918,0.7630000114440918,0
2026-08-01T06:10,0.7630000114440918,0.7630000114440918,0.7630000114440918,0.7630000114440918,0
2026-08-01T06:15,0.7630000114440918,0.7630000114440918,0.7620000243186951,0.7620000243186951,0
2026-08-01T06:20,0.7620000243186951,0.7630000114440918,0.7620000243186951,0.7620000243186951,21800
2026-08-01T06:25,0.7620000243186951,0.7620000243186951,0.7620000243186951,0.7620000243186951,115320
2026-08-01T06:30,0.7620000243186951,0.7620000243186951,0.7620000243186951,0.7620000243186951,94696
2026-08-01T06:35,0.7620000243186951,0.7620000243186951,0.7609999775886536,0.7609999775886536,0
2026-08-01T06:40,0.7609999775886536,0.7620000243186951,0.7609999775886536,0.7620000243186951,26920
2026-08-01T06:45,0.7620000243186951,0.7620000243186951,0.7620000243186951,0.7620000243186951,0
2026-08-01T06:50,0.7620000243186951,0.7620000243186951,0.7609999775886536,0.7609999775886536,0
2026-08-01T06:55,0.7609999775886536,0.7609999775886536,0.7609999775886536,0.7609999775886536,0
2026-08-01T07:00,0.7599999904632568,0.7620000243186951,0.7599999904632568,0.7620000243186951,0
2026-08-01T07:05,0.7620000243186951,0.7630000114440918,0.7620000243186951,0.7630000114440918,0
2026-08-01T07:10,0.7630000114440918,0.7630000114440918,0.7630000114440918,0.7630000114440918,0
2026-08-01T07:15,0.7630000114440918,0.7630000114440918,0.7620000243186951,0.7620000243186951,0
2026-08-01T07:20,0.7620000243186951,0.7620000243186951,0.7620000243186951,0.7620000243186951,0
2026-08-01T07:25,0.7620000243186951,0.7620000243186951,0.7620000243186951,0.7620000243186951,0
2026-08-01T07:30,0.7620000243186951,0.7620000243186951,0.7609999775886536,0.7609999775886536,0
2026-08-01T07:35,0.7609999775886536,0.7609999775886536,0.7609999775886536,0.7609999775886536,0
2026-08-01T07:40,0.7609999775886536,0.7609999775886536,0.7609999775886536,0.7609999775886536,0
2026-08-01T07:45,0.7609999775886536,0.7609999775886536,0.7609999775886536,0.7609999775886536,0
2026-08-01T07:50,0.7609999775886536,0.7609999775886536,0.7609999775886536,0.7609999775886536,0
2026-08-01T07:55,0.7609999775886536,0.7609999775886536,0.7609999775886536,0.7609999775886536,0
2026-08-01T08:00,0.7599999904632568,0.7609999775886536,0.7599999904632568,0.7599999904632568,0
2026-08-01T08:05,0.7599999904632568,0.7609999775886536,0.7599999904632568,0.7609999775886536,0
2026-08-01T08:10,0.7609999775886536,0.7620000243186951,0.7609999775886536,0.7620000243186951,0
2026-08-01T08:15,0.7620000243186951,0.7620000243186951,0.7620000243186951,0.7620000243186951,0
2026-08-01T08:20,0.7620000243186951,0.7620000243186951,0.7620000243186951,0.7620000243186951,0
2026-08-01T08:25,0.7609999775886536,0.7620000243186951,0.7609999775886536,0.7620000243186951,0
2026-08-01T08:30,0.7620000243186951,0.7620000243186951,0.7609999775886536,0.7609999775886536,0
2026-08-01T08:35,0.7609999775886536,0.7620000243186951,0.7609999775886536,0.7609999775886536,0
2026-08-01T08:40,0.7609999775886536,0.7609999775886536,0.7609999775886536,0.7609999775886536,0
2026-08-01T08:45,0.7609999775886536,0.7620000243186951,0.7599999904632568,0.7620000243186951,0
2026-08-01T08:50,0.7620000243186951,0.7620000243186951,0.7620000243186951,0.7620000243186951,0
2026-08-01T08:55,0.7620000243186951,0.7620000243186951,0.7620000243186951,0.7620000243186951,0
2026-08-01T09:00,0.7609999775886536,0.7620000243186951,0.7609999775886536,0.7620000243186951,0
2026-08-01T09:05,0.7620000243186951,0.7620000243186951,0.7609999775886536,0.7609999775886536,0
2026-08-01T09:10,0.7609999775886536,0.7620000243186951,0.7609999775886536,0.7620000243186951,9604
2026-08-01T09:15,0.7620000243186951,0.7620000243186951,0.7620000243186951,0.7620000243186951,0
2026-08-01T09:20,0.7620000243186951,0.765999972820282,0.7620000243186951,0.7639999985694885,0
2026-08-01T09:25,0.7639999985694885,0.7639999985694885,0.7639999985694885,0.7639999985694885,431224
2026-08-01T09:30,0.7639999985694885,0.765999972820282,0.7639999985694885,0.765999972820282,135868
2026-08-01T09:35,0.765999972820282,0.7670000195503235,0.765999972820282,0.765999972820282,67528
2026-08-01T09:40,0.765999972820282,0.765999972820282,0.7639999985694885,0.7649999856948853,0
2026-08-01T09:45,0.7639999985694885,0.7649999856948853,0.7639999985694885,0.7639999985694885,36552
2026-08-01T09:50,0.7639999985694885,0.7649999856948853,0.7639999985694885,0.7649999856948853,0
2026-08-01T09:55,0.7649999856948853,0.765999972820282,0.7649999856948853,0.7649999856948853,0
2026-08-01T10:00,0.7649999856948853,0.7649999856948853,0.7609999775886536,0.7609999775886536,0
2026-08-01T10:05,0.7609999775886536,0.7620000243186951,0.7609999775886536,0.7620000243186951,0
2026-08-01T10:10,0.7620000243186951,0.7639999985694885,0.7620000243186951,0.7630000114440918,0
2026-08-01T10:15,0.7630000114440918,0.7630000114440918,0.7630000114440918,0.7630000114440918,36656
2026-08-01T10:20,0.7630000114440918,0.7630000114440918,0.7620000243186951,0.7620000243186951,57036
2026-08-01T10:25,0.7620000243186951,0.7620000243186951,0.7620000243186951,0.7620000243186951,0
2026-08-01T10:30,0.7620000243186951,0.7620000243186951,0.7620000243186951,0.7620000243186951,0
2026-08-01T10:35,0.7620000243186951,0.7620000243186951,0.7620000243186951,0.7620000243186951,10628
2026-08-01T10:40,0.7620000243186951,0.7630000114440918,0.7620000243186951,0.7630000114440918,0
2026-08-01T10:45,0.7630000114440918,0.7630000114440918,0.7620000243186951,0.7620000243186951,45864
2026-08-01T10:50,0.7620000243186951,0.7620000243186951,0.7620000243186951,0.7620000243186951,0
2026-08-01T10:55,0.7620000243186951,0.7620000243186951,0.7620000243186951,0.7620000243186951,0
2026-08-01T11:00,0.7620000243186951,0.7620000243186951,0.7620000243186951,0.7620000243186951,0
2026-08-01T11:05,0.7620000243186951,0.7630000114440918,0.7620000243186951,0.7630000114440918,0
2026-08-01T11:10,0.7630000114440918,0.7639999985694885,0.7630000114440918,0.7639999985694885,0
2026-08-01T11:15,0.7630000114440918,0.7630000114440918,0.7620000243186951,0.7620000243186951,0
2026-08-01T11:20,0.7620000243186951,0.7630000114440918,0.7620000243186951,0.7630000114440918,0
2026-08-01T11:25,0.7630000114440918,0.7639999985694885,0.7630000114440918,0.7639999985694885,20260
2026-08-01T11:30,0.7639999985694885,0.7649999856948853,0.7639999985694885,0.7639999985694885,8300
2026-08-01T11:35,0.7639999985694885,0.7639999985694885,0.7639999985694885,0.7639999985694885,149080
2026-08-01T11:40,0.7639999985694885,0.7639999985694885,0.7639999985694885,0.7639999985694885,0
2026-08-01T11:45,0.7639999985694885,0.7639999985694885,0.7639999985694885,0.7639999985694885,0
2026-08-01T11:50,0.7639999985694885,0.7649999856948853,0.7639999985694885,0.7649999856948853,0
2026-08-01T11:55,0.7649999856948853,0.765999972820282,0.7649999856948853,0.765999972820282,0
2026-08-01T12:00,0.765999972820282,0.7670000195503235,0.765999972820282,0.765999972820282,0
2026-08-01T12:05,0.7670000195503235,0.7680000066757202,0.7670000195503235,0.7680000066757202,0
2026-08-01T12:10,0.7680000066757202,0.7680000066757202,0.7680000066757202,0.7680000066757202,0
2026-08-01T12:15,0.7680000066757202,0.7680000066757202,0.7680000066757202,0.7680000066757202,28020
2026-08-01T12:20,0.7680000066757202,0.7680000066757202,0.7680000066757202,0.7680000066757202,0
2026-08-01T12:25,0.7680000066757202,0.7680000066757202,0.7680000066757202,0.7680000066757202,0
2026-08-01T12:30,0.7680000066757202,0.7680000066757202,0.7680000066757202,0.7680000066757202,0
2026-08-01T12:35,0.7680000066757202,0.7689999938011169,0.7680000066757202,0.7689999938011169,0
2026-08-01T12:40,0.7689999938011169,0.7689999938011169,0.7689999938011169,0.7689999938011169,0
2026-08-01T12:45,0.7689999938011169,0.7689999938011169,0.7680000066757202,0.7689999938011169,31500
2026-08-01T12:50,0.7689999938011169,0.7689999938011169,0.7680000066757202,0.7689999938011169,129964
2026-08-01T12:55,0.7689999938011169,0.7710000276565552,0.7689999938011169,0.7699999809265137,247640
2026-08-01T13:00,0.7699999809265137,0.7720000147819519,0.7699999809265137,0.7699999809265137,750388
2026-08-01T13:05,0.7699999809265137,0.7699999809265137,0.7699999809265137,0.7699999809265137,190744
2026-08-01T13:10,0.7699999809265137,0.7699999809265137,0.7699999809265137,0.7699999809265137,264144
2026-08-01T13:15,0.7699999809265137,0.7699999809265137,0.7680000066757202,0.7680000066757202,52404
2026-08-01T13:20,0.7680000066757202,0.7689999938011169,0.7680000066757202,0.7689999938011169,0
2026-08-01T13:25,0.7689999938011169,0.7689999938011169,0.7689999938011169,0.7689999938011169,0
2026-08-01T13:30,0.7689999938011169,0.7699999809265137,0.7689999938011169,0.7699999809265137,0
2026-08-01T13:35,0.7699999809265137,0.7710000276565552,0.7699999809265137,0.7710000276565552,0
2026-08-01T13:40,0.7710000276565552,0.7710000276565552,0.7699999809265137,0.7710000276565552,0
2026-08-01T13:45,0.7710000276565552,0.7710000276565552,0.7689999938011169,0.7710000276565552,0
2026-08-01T13:50,0.7710000276565552,0.7710000276565552,0.7710000276565552,0.7710000276565552,0
2026-08-01T13:55,0.7710000276565552,0.7710000276565552,0.7710000276565552,0.7710000276565552,0
2026-08-01T14:00,0.7699999809265137,0.7699999809265137,0.7689999938011169,0.7699999809265137,0
2026-08-01T14:05,0.7699999809265137,0.7699999809265137,0.7699999809265137,0.7699999809265137,0
2026-08-01T14:10,0.7699999809265137,0.7699999809265137,0.7699999809265137,0.7699999809265137,0
2026-08-01T14:15,0.7699999809265137,0.7699999809265137,0.7689999938011169,0.7689999938011169,0
2026-08-01T14:20,0.7689999938011169,0.7689999938011169,0.7689999938011169,0.7689999938011169,0
2026-08-01T14:25,0.7689999938011169,0.7689999938011169,0.7689999938011169,0.7689999938011169,0
2026-08-01T14:30,0.7689999938011169,0.7699999809265137,0.7689999938011169,0.7699999809265137,0
2026-08-01T14:35,0.7699999809265137,0.7710000276565552,0.7699999809265137,0.7710000276565552,0
2026-08-01T14:40,0.7710000276565552,0.7710000276565552,0.7699999809265137,0.7710000276565552,0
2026-08-01T14:45,0.7710000276565552,0.7739999890327454,0.7710000276565552,0.7739999890327454,0
2026-08-01T14:50,0.7739999890327454,0.7820000052452087,0.7739999890327454,0.7799999713897705,323576
2026-08-01T14:55,0.7799999713897705,0.7839999794960022,0.7789999842643738,0.781000018119812,1979696
2026-08-01T15:00,0.781000018119812,0.781000018119812,0.7760000228881836,0.7760000228881836,0
2026-08-01T15:05,0.7760000228881836,0.7770000100135803,0.7760000228881836,0.7770000100135803,0
2026-08-01T15:10,0.7770000100135803,0.777999997138977,0.7760000228881836,0.7760000228881836,0
2026-08-01T15:15,0.7760000228881836,0.7770000100135803,0.7760000228881836,0.7770000100135803,0
2026-08-01T15:20,0.7770000100135803,0.7770000100135803,0.7770000100135803,0.7770000100135803,39888
2026-08-01T15:25,0.777999997138977,0.777999997138977,0.7760000228881836,0.7770000100135803,0
2026-08-01T15:30,0.7770000100135803,0.7770000100135803,0.7770000100135803,0.7770000100135803,224472
2026-08-01T15:35,0.7770000100135803,0.777999997138977,0.7770000100135803,0.777999997138977,23444
2026-08-01T15:40,0.777999997138977,0.7789999842643738,0.777999997138977,0.777999997138977,0
2026-08-01T15:45,0.777999997138977,0.7799999713897705,0.777999997138977,0.7799999713897705,0
2026-08-01T15:50,0.7799999713897705,0.7799999713897705,0.777999997138977,0.7789999842643738,13824
2026-08-01T15:55,0.7789999842643738,0.7789999842643738,0.7760000228881836,0.7760000228881836,174468
2026-08-01T16:00,0.7770000100135803,0.7799999713897705,0.7770000100135803,0.7799999713897705,74300
2026-08-01T16:05,0.7789999842643738,0.7789999842643738,0.777999997138977,0.7789999842643738,94104
2026-08-01T16:10,0.7789999842643738,0.7789999842643738,0.7789999842643738,0.7789999842643738,20384
2026-08-01T16:15,0.7789999842643738,0.7799999713897705,0.7789999842643738,0.7799999713897705,0
2026-08-01T16:20,0.777999997138977,0.777999997138977,0.7770000100135803,0.7770000100135803,93604
2026-08-01T16:25,0.7770000100135803,0.7770000100135803,0.7770000100135803,0.7770000100135803,64676
2026-08-01T16:30,0.7770000100135803,0.777999997138977,0.7770000100135803,0.777999997138977,52060
2026-08-01T16:35,0.777999997138977,0.777999997138977,0.777999997138977,0.777999997138977,30152
2026-08-01T16:40,0.777999997138977,0.777999997138977,0.7770000100135803,0.7770000100135803,26436
2026-08-01T16:45,0.7770000100135803,0.7770000100135803,0.7770000100135803,0.7770000100135803,0
2026-08-01T16:50,0.7770000100135803,0.777999997138977,0.7770000100135803,0.777999997138977,151200
2026-08-01T16:55,0.777999997138977,0.777999997138977,0.7760000228881836,0.7770000100135803,66676
2026-08-01T17:00,0.7770000100135803,0.7789999842643738,0.7770000100135803,0.7789999842643738,0
2026-08-01T17:05,0.7789999842643738,0.781000018119812,0.7789999842643738,0.7799999713897705,0
2026-08-01T17:10,0.7799999713897705,0.7820000052452087,0.7770000100135803,0.7770000100135803,160296
2026-08-01T17:15,0.7770000100135803,0.7770000100135803,0.7760000228881836,0.7770000100135803,302004
2026-08-01T17:20,0.7770000100135803,0.777999997138977,0.7770000100135803,0.7770000100135803,305428
2026-08-01T17:25,0.7770000100135803,0.7770000100135803,0.7749999761581421,0.7760000228881836,248792
2026-08-01T17:30,0.7760000228881836,0.7760000228881836,0.7739999890327454,0.7739999890327454,98556
2026-08-01T17:35,0.7739999890327454,0.7749999761581421,0.7739999890327454,0.7749999761581421,114816
2026-08-01T17:40,0.7749999761581421,0.7749999761581421,0.7739999890327454,0.7749999761581421,28816
2026-08-01T17:45,0.7749999761581421,0.7749999761581421,0.7739999890327454,0.7739999890327454,0
2026-08-01T17:50,0.7739999890327454,0.7739999890327454,0.7720000147819519,0.7739999890327454,0
2026-08-01T17:55,0.7739999890327454,0.7739999890327454,0.7730000019073486,0.7739999890327454,0
2026-08-01T18:00,0.7739999890327454,0.7739999890327454,0.7730000019073486,0.7739999890327454,0
2026-08-01T18:05,0.7739999890327454,0.7749999761581421,0.7739999890327454,0.7749999761581421,0
2026-08-01T18:10,0.7749999761581421,0.7749999761581421,0.7739999890327454,0.7749999761581421,0
2026-08-01T18:15,0.7749999761581421,0.7749999761581421,0.7710000276565552,0.7720000147819519,0
2026-08-01T18:20,0.7720000147819519,0.7730000019073486,0.7710000276565552,0.7710000276565552,7440
2026-08-01T18:25,0.7720000147819519,0.7720000147819519,0.7720000147819519,0.7720000147819519,67868
2026-08-01T18:30,0.7720000147819519,0.7720000147819519,0.7649999856948853,0.7680000066757202,534392
2026-08-01T18:35,0.7680000066757202,0.7699999809265137,0.7680000066757202,0.7699999809265137,1171440
2026-08-01T18:40,0.7699999809265137,0.7710000276565552,0.7680000066757202,0.7680000066757202,252184
2026-08-01T18:45,0.765999972820282,0.765999972820282,0.7639999985694885,0.7639999985694885,67924
2026-08-01T18:50,0.7630000114440918,0.7649999856948853,0.7630000114440918,0.7649999856948853,871896
2026-08-01T18:55,0.7649999856948853,0.7689999938011169,0.7649999856948853,0.7689999938011169,399436
2026-08-01T19:00,0.7699999809265137,0.7699999809265137,0.7680000066757202,0.7699999809265137,316772
2026-08-01T19:05,0.7699999809265137,0.7699999809265137,0.7699999809265137,0.7699999809265137,181432
2026-08-01T19:10,0.7699999809265137,0.7710000276565552,0.7699999809265137,0.7699999809265137,116524
2026-08-01T19:15,0.7699999809265137,0.7710000276565552,0.7689999938011169,0.7710000276565552,48052
2026-08-01T19:20,0.7699999809265137,0.7699999809265137,0.7689999938011169,0.7689999938011169,0
2026-08-01T19:25,0.7689999938011169,0.7689999938011169,0.7689999938011169,0.7689999938011169,35312
2026-08-01T19:30,0.7689999938011169,0.7699999809265137,0.7689999938011169,0.7699999809265137,28948
2026-08-01T19:35,0.7699999809265137,0.7699999809265137,0.7689999938011169,0.7699999809265137,0
2026-08-01T19:40,0.7699999809265137,0.7699999809265137,0.7689999938011169,0.7699999809265137,9216
2026-08-01T19:45,0.7699999809265137,0.7710000276565552,0.7699999809265137,0.7710000276565552,19288
2026-08-01T19:50,0.7710000276565552,0.7720000147819519,0.7710000276565552,0.7720000147819519,90248
2026-08-01T19:55,0.7720000147819519,0.7720000147819519,0.7699999809265137,0.7699999809265137,24168
2026-08-01T20:00,0.7699999809265137,0.7710000276565552,0.7699999809265137,0.7710000276565552,93728
2026-08-01T20:05,0.7710000276565552,0.7710000276565552,0.7689999938011169,0.7689999938011169,0
2026-08-01T20:10,0.7689999938011169,0.7699999809265137,0.7689999938011169,0.7699999809265137,0
2026-08-01T20:15,0.7699999809265137,0.7730000019073486,0.7699999809265137,0.7730000019073486,43336
2026-08-01T20:20,0.7730000019073486,0.7730000019073486,0.7730000019073486,0.7730000019073486,100172
2026-08-01T20:25,0.7730000019073486,0.7730000019073486,0.7720000147819519,0.7720000147819519,88696
2026-08-01T20:30,0.7720000147819519,0.7720000147819519,0.7689999938011169,0.7699999809265137,3852
2026-08-01T20:35,0.7699999809265137,0.7710000276565552,0.7689999938011169,0.7689999938011169,45000
2026-08-01T20:40,0.7689999938011169,0.7689999938011169,0.7689999938011169,0.7689999938011169,0
2026-08-01T20:45,0.7689999938011169,0.7710000276565552,0.7689999938011169,0.7710000276565552,76088
2026-08-01T20:50,0.7710000276565552,0.7710000276565552,0.7699999809265137,0.7710000276565552,165644
2026-08-01T20:55,0.7710000276565552,0.7720000147819519,0.7710000276565552,0.7720000147819519,0
2026-08-01T21:00,0.7710000276565552,0.7760000228881836,0.7710000276565552,0.7739999890327454,101668
2026-08-01T21:05,0.7739999890327454,0.7760000228881836,0.7739999890327454,0.7749999761581421,201940
2026-08-01T21:10,0.7749999761581421,0.7760000228881836,0.7749999761581421,0.7760000228881836,0
2026-08-01T21:15,0.7760000228881836,0.7770000100135803,0.7760000228881836,0.7760000228881836,93040
2026-08-01T21:20,0.7770000100135803,0.7770000100135803,0.7760000228881836,0.7760000228881836,172652
2026-08-01T21:25,0.7760000228881836,0.7760000228881836,0.7749999761581421,0.7749999761581421,0
2026-08-01T21:30,0.7749999761581421,0.7760000228881836,0.7749999761581421,0.7760000228881836,7564
2026-08-01T21:35,0.7760000228881836,0.7760000228881836,0.7760000228881836,0.7760000228881836,0
2026-08-01T21:40,0.7749999761581421,0.7760000228881836,0.7749999761581421,0.7760000228881836,0
2026-08-01T21:45,0.7760000228881836,0.7789999842643738,0.7760000228881836,0.777999997138977,1104
2026-08-01T21:50,0.7770000100135803,0.777999997138977,0.7770000100135803,0.7770000100135803,242788
2026-08-01T21:55,0.7770000100135803,0.7789999842643738,0.7770000100135803,0.777999997138977,0
2026-08-01T22:00,0.777999997138977,0.7789999842643738,0.777999997138977,0.7789999842643738,0
2026-08-01T22:05,0.7789999842643738,0.781000018119812,0.7789999842643738,0.7799999713897705,77040
2026-08-01T22:10,0.781000018119812,0.7820000052452087,0.7799999713897705,0.7799999713897705,229148
2026-08-01T22:15,0.7799999713897705,0.7820000052452087,0.7799999713897705,0.7799999713897705,153028
2026-08-01T22:20,0.7799999713897705,0.7799999713897705,0.7789999842643738,0.7789999842643738,152440
2026-08-01T22:25,0.7789999842643738,0.7799999713897705,0.7789999842643738,0.7799999713897705,144116
2026-08-01T22:30,0.7799999713897705,0.7799999713897705,0.7789999842643738,0.7789999842643738,41100
2026-08-01T22:35,0.7789999842643738,0.7799999713897705,0.7789999842643738,0.7789999842643738,67460
2026-08-01T22:40,0.7789999842643738,0.7799999713897705,0.7789999842643738,0.7789999842643738,48804
2026-08-01T22:45,0.7789999842643738,0.7799999713897705,0.7789999842643738,0.7789999842643738,52276
2026-08-01T22:50,0.7789999842643738,0.7789999842643738,0.7789999842643738,0.7789999842643738,13560
2026-08-01T22:55,0.7789999842643738,0.7789999842643738,0.7789999842643738,0.7789999842643738,0
2026-08-01T23:00,0.7789999842643738,0.781000018119812,0.7789999842643738,0.781000018119812,0
2026-08-01T23:05,0.781000018119812,0.781000018119812,0.7799999713897705,0.781000018119812,111216
2026-08-01T23:10,0.781000018119812,0.781000018119812,0.781000018119812,0.781000018119812,227484
2026-08-01T23:15,0.781000018119812,0.781000018119812,0.7799999713897705,0.7799999713897705,52032
2026-08-01T23:20,0.7799999713897705,0.7799999713897705,0.7789999842643738,0.7789999842643738,128516
2026-08-01T23:25,0.7789999842643738,0.7799999713897705,0.777999997138977,0.777999997138977,73964
2026-08-01T23:30,0.777999997138977,0.7789999842643738,0.777999997138977,0.777999997138977,33844
2026-08-01T23:35,0.777999997138977,0.7789999842643738,0.777999997138977,0.7789999842643738,50192
2026-08-01T23:40,0.7789999842643738,0.7799999713897705,0.7789999842643738,0.7789999842643738,124920
2026-08-01T23:45,0.7789999842643738,0.7799999713897705,0.7789999842643738,0.7799999713897705,211072
2026-08-01T23:50,0.7799999713897705,0.781000018119812,0.7799999713897705,0.781000018119812,125580
2026-08-01T23:55,0.781000018119812,0.781000018119812,0.7799999713897705,0.7799999713897705,224160
2026-08-02T00:00,0.7820000052452087,0.7839999794960022,0.781000018119812,0.7839999794960022,110808
2026-08-02T00:05,0.7839999794960022,0.7839999794960022,0.7820000052452087,0.7820000052452087,334536
2026-08-02T00:10,0.7820000052452087,0.7829999923706055,0.7820000052452087,0.7829999923706055,143772
2026-08-02T00:15,0.7829999923706055,0.7850000262260437,0.7829999923706055,0.7839999794960022,89664
2026-08-02T00:20,0.7839999794960022,0.7839999794960022,0.781000018119812,0.781000018119812,181640
2026-08-02T00:25,0.781000018119812,0.781000018119812,0.7799999713897705,0.781000018119812,43260
2026-08-02T00:30,0.781000018119812,0.7820000052452087,0.781000018119812,0.7820000052452087,192820
2026-08-02T00:35,0.7820000052452087,0.7829999923706055,0.7820000052452087,0.7829999923706055,7016
2026-08-02T00:40,0.7829999923706055,0.7829999923706055,0.7820000052452087,0.7820000052452087,105480
2026-08-02T00:45,0.7820000052452087,0.7820000052452087,0.781000018119812,0.781000018119812,268460
2026-08-02T00:50,0.781000018119812,0.7829999923706055,0.781000018119812,0.7829999923706055,91404
2026-08-02T00:55,0.7829999923706055,0.7860000133514404,0.7829999923706055,0.7860000133514404,72828
2026-08-02T01:00,0.7860000133514404,0.7889999747276306,0.7860000133514404,0.7889999747276306,355936
2026-08-02T01:05,0.7889999747276306,0.7889999747276306,0.7879999876022339,0.7879999876022339,573288
2026-08-02T01:10,0.7879999876022339,0.7889999747276306,0.7879999876022339,0.7879999876022339,64324
2026-08-02T01:15,0.7889999747276306,0.7889999747276306,0.7879999876022339,0.7879999876022339,192708
2026-08-02T01:20,0.7879999876022339,0.7900000214576721,0.7879999876022339,0.7900000214576721,211544
2026-08-02T01:25,0.7900000214576721,0.7919999957084656,0.7889999747276306,0.7900000214576721,713408
2026-08-02T01:30,0.7900000214576721,0.7900000214576721,0.7870000004768372,0.7879999876022339,747296
2026-08-02T01:35,0.7879999876022339,0.7879999876022339,0.7870000004768372,0.7879999876022339,872960
2026-08-02T01:40,0.7879999876022339,0.7889999747276306,0.7879999876022339,0.7889999747276306,247144
2026-08-02T01:45,0.7900000214576721,0.7900000214576721,0.7889999747276306,0.7900000214576721,221176
2026-08-02T01:50,0.7900000214576721,0.7919999957084656,0.7900000214576721,0.7919999957084656,70240
2026-08-02T01:55,0.7910000085830688,0.7910000085830688,0.7910000085830688,0.7910000085830688,102296
2026-08-02T02:00,0.7919999957084656,0.7919999957084656,0.7889999747276306,0.7889999747276306,159240
2026-08-02T02:05,0.7889999747276306,0.7919999957084656,0.7870000004768372,0.7900000214576721,234672
2026-08-02T02:10,0.7900000214576721,0.7929999828338623,0.7900000214576721,0.7929999828338623,1354144
2026-08-02T02:15,0.7929999828338623,0.7960000038146973,0.7919999957084656,0.7960000038146973,667856
2026-08-02T02:20,0.7960000038146973,0.7960000038146973,0.7940000295639038,0.7940000295639038,858696
2026-08-02T02:25,0.7940000295639038,0.7950000166893005,0.7940000295639038,0.7950000166893005,146520
2026-08-02T02:30,0.7950000166893005,0.7950000166893005,0.7929999828338623,0.7940000295639038,190480
2026-08-02T02:35,0.7940000295639038,0.7940000295639038,0.7940000295639038,0.7940000295639038,495280
2026-08-02T02:40,0.7940000295639038,0.7950000166893005,0.7919999957084656,0.7940000295639038,303208
2026-08-02T02:45,0.7929999828338623,0.7950000166893005,0.7929999828338623,0.7950000166893005,506368
2026-08-02T02:50,0.7940000295639038,0.7940000295639038,0.7940000295639038,0.7940000295639038,774592
2026-08-02T02:55,0.7950000166893005,0.7990000247955322,0.7950000166893005,0.796999990940094,461256
2026-08-02T03:00,0.796999990940094,0.796999990940094,0.7960000038146973,0.796999990940094,922888
2026-08-02T03:05,0.796999990940094,0.796999990940094,0.7950000166893005,0.7950000166893005,278200
2026-08-02T03:10,0.7950000166893005,0.7950000166893005,0.7919999957084656,0.7919999957084656,153216
2026-08-02T03:15,0.7919999957084656,0.7919999957084656,0.7910000085830688,0.7910000085830688,161352
2026-08-02T03:20,0.7910000085830688,0.7910000085830688,0.7900000214576721,0.7910000085830688,137080
2026-08-02T03:25,0.7910000085830688,0.7910000085830688,0.7889999747276306,0.7889999747276306,65384
2026-08-02T03:30,0.7889999747276306,0.7910000085830688,0.7889999747276306,0.7910000085830688,42672
2026-08-02T03:35,0.7900000214576721,0.7910000085830688,0.7900000214576721,0.7900000214576721,155624
2026-08-02T03:40,0.7900000214576721,0.7910000085830688,0.7900000214576721,0.7910000085830688,211384
2026-08-02T03:45,0.7910000085830688,0.7910000085830688,0.7910000085830688,0.7910000085830688,88872
2026-08-02T03:50,0.7910000085830688,0.7910000085830688,0.7900000214576721,0.7910000085830688,76280
2026-08-02T03:55,0.7900000214576721,0.7900000214576721,0.7900000214576721,0.7900000214576721,143544
2026-08-02T04:00,0.7900000214576721,0.7910000085830688,0.7900000214576721,0.7910000085830688,169376
2026-08-02T04:05,0.7910000085830688,0.7910000085830688,0.7889999747276306,0.7900000214576721,66856
2026-08-02T04:10,0.7900000214576721,0.7900000214576721,0.7889999747276306,0.7889999747276306,176128
2026-08-02T04:15,0.7889999747276306,0.7889999747276306,0.7879999876022339,0.7879999876022339,226664
2026-08-02T04:20,0.7879999876022339,0.7900000214576721,0.7879999876022339,0.7889999747276306,228328
2026-08-02T04:25,0.7889999747276306,0.7900000214576721,0.7889999747276306,0.7889999747276306,289080
2026-08-02T04:30,0.7889999747276306,0.7889999747276306,0.7879999876022339,0.7879999876022339,247664
2026-08-02T04:35,0.7879999876022339,0.7879999876022339,0.7879999876022339,0.7879999876022339,213088
2026-08-02T04:40,0.7879999876022339,0.7879999876022339,0.7879999876022339,0.7879999876022339,58232
2026-08-02T04:45,0.7879999876022339,0.7900000214576721,0.7879999876022339,0.7900000214576721,159664
2026-08-02T04:50,0.7900000214576721,0.7929999828338623,0.7900000214576721,0.7929999828338623,60080
2026-08-02T04:55,0.7929999828338623,0.7929999828338623,0.7929999828338623,0.7929999828338623,350120
2026-08-02T05:00,0.7929999828338623,0.7929999828338623,0.7929999828338623,0.7929999828338623,78024
2026-08-02T05:05,0.7929999828338623,0.7929999828338623,0.7910000085830688,0.7919999957084656,127560
2026-08-02T05:10,0.7919999957084656,0.7919999957084656,0.7910000085830688,0.7910000085830688,212368
2026-08-02T05:15,0.7929999828338623,0.7929999828338623,0.7919999957084656,0.7929999828338623,43008
2026-08-02T05:20,0.7929999828338623,0.7929999828338623,0.7929999828338623,0.7929999828338623,154144
2026-08-02T05:25,0.7929999828338623,0.7940000295639038,0.7929999828338623,0.7940000295639038,57488
2026-08-02T05:30,0.7940000295639038,0.7940000295639038,0.7929999828338623,0.7940000295639038,96168
2026-08-02T05:35,0.7940000295639038,0.7950000166893005,0.7940000295639038,0.7950000166893005,314192
2026-08-02T05:40,0.7950000166893005,0.7950000166893005,0.7929999828338623,0.7929999828338623,76328
2026-08-02T05:45,0.7929999828338623,0.7950000166893005,0.7929999828338623,0.7950000166893005,231160
2026-08-02T05:50,0.7950000166893005,0.7950000166893005,0.7950000166893005,0.7950000166893005,43968
2026-08-02T05:55,0.7950000166893005,0.7950000166893005,0.7940000295639038,0.7940000295639038,78016
2026-08-02T06:00,0.7940000295639038,0.7940000295639038,0.7940000295639038,0.7940000295639038,73096
2026-08-02T06:05,0.7929999828338623,0.7929999828338623,0.7910000085830688,0.7910000085830688,372520
2026-08-02T06:10,0.7910000085830688,0.7910000085830688,0.7910000085830688,0.7910000085830688,245336
2026-08-02T06:15,0.7910000085830688,0.7910000085830688,0.7900000214576721,0.7900000214576721,32920
2026-08-02T06:20,0.7900000214576721,0.7900000214576721,0.7889999747276306,0.7889999747276306,45592
2026-08-02T06:25,0.7889999747276306,0.7900000214576721,0.7889999747276306,0.7900000214576721,0
2026-08-02T06:30,0.7889999747276306,0.7900000214576721,0.7889999747276306,0.7889999747276306,0
2026-08-02T06:35,0.7889999747276306,0.7900000214576721,0.7889999747276306,0.7900000214576721,62256
2026-08-02T06:40,0.7889999747276306,0.7900000214576721,0.7889999747276306,0.7900000214576721,24680
2026-08-02T06:45,0.7900000214576721,0.7910000085830688,0.7900000214576721,0.7910000085830688,21360
2026-08-02T06:50,0.7910000085830688,0.7910000085830688,0.7900000214576721,0.7900000214576721,100304
2026-08-02T06:55,0.7900000214576721,0.7910000085830688,0.7900000214576721,0.7910000085830688,58752
2026-08-02T07:00,0.7900000214576721,0.7910000085830688,0.7900000214576721,0.7900000214576721,139096
2026-08-02T07:05,0.7900000214576721,0.7900000214576721,0.7889999747276306,0.7900000214576721,12384
2026-08-02T07:10,0.7900000214576721,0.7900000214576721,0.7889999747276306,0.7889999747276306,135232
2026-08-02T07:15,0.7889999747276306,0.7889999747276306,0.7889999747276306,0.7889999747276306,41576
2026-08-02T07:20,0.7889999747276306,0.7940000295639038,0.7889999747276306,0.7929999828338623,405280
2026-08-02T07:25,0.7929999828338623,0.7929999828338623,0.7919999957084656,0.7919999957084656,306608
2026-08-02T07:30,0.7919999957084656,0.7929999828338623,0.7919999957084656,0.7919999957084656,131416
2026-08-02T07:35,0.7919999957084656,0.7919999957084656,0.7910000085830688,0.7910000085830688,39408
2026-08-02T07:40,0.7910000085830688,0.7919999957084656,0.7910000085830688,0.7910000085830688,49128
2026-08-02T07:45,0.7910000085830688,0.7919999957084656,0.7910000085830688,0.7919999957084656,33536
2026-08-02T07:50,0.7919999957084656,0.7940000295639038,0.7919999957084656,0.7940000295639038,143576
2026-08-02T07:55,0.7940000295639038,0.7940000295639038,0.7929999828338623,0.7929999828338623,71400
2026-08-02T08:00,0.7940000295639038,0.7950000166893005,0.7940000295639038,0.7950000166893005,59112
2026-08-02T08:05,0.7940000295639038,0.7940000295639038,0.7940000295639038,0.7940000295639038,150152
2026-08-02T08:10,0.7940000295639038,0.7940000295639038,0.7940000295639038,0.7940000295639038,84728
2026-08-02T08:15,0.7940000295639038,0.7940000295639038,0.7929999828338623,0.7929999828338623,54056
2026-08-02T08:20,0.7919999957084656,0.7919999957084656,0.7910000085830688,0.7910000085830688,14856
2026-08-02T08:25,0.7910000085830688,0.7910000085830688,0.7910000085830688,0.7910000085830688,0
2026-08-02T08:30,0.7910000085830688,0.7910000085830688,0.7910000085830688,0.7910000085830688,184104
2026-08-02T08:35,0.7910000085830688,0.7929999828338623,0.7910000085830688,0.7910000085830688,138472
2026-08-02T08:40,0.7910000085830688,0.7940000295639038,0.7910000085830688,0.7940000295639038,61256
2026-08-02T08:45,0.7950000166893005,0.7960000038146973,0.7950000166893005,0.7960000038146973,323848
2026-08-02T08:50,0.7960000038146973,0.7960000038146973,0.7950000166893005,0.7950000166893005,343528
2026-08-02T08:55,0.7950000166893005,0.7950000166893005,0.7950000166893005,0.7950000166893005,209248
2026-08-02T09:00,0.7950000166893005,0.7950000166893005,0.7929999828338623,0.7929999828338623,0
2026-08-02T09:05,0.7929999828338623,0.7950000166893005,0.7929999828338623,0.7950000166893005,205208
2026-08-02T09:10,0.7960000038146973,0.796999990940094,0.7960000038146973,0.7960000038146973,137560
2026-08-02T09:15,0.7960000038146973,0.796999990940094,0.7960000038146973,0.796999990940094,50664
2026-08-02T09:20,0.7960000038146973,0.7960000038146973,0.7960000038146973,0.7960000038146973,237456
2026-08-02T09:25,0.7960000038146973,0.7979999780654907,0.7960000038146973,0.7960000038146973,0
2026-08-02T09:30,0.7960000038146973,0.7979999780654907,0.7960000038146973,0.7979999780654907,53288
2026-08-02T09:35,0.7979999780654907,0.7979999780654907,0.7979999780654907,0.7979999780654907,327192
2026-08-02T09:40,0.796999990940094,0.7979999780654907,0.796999990940094,0.7979999780654907,145848
2026-08-02T09:45,0.7979999780654907,0.7979999780654907,0.7979999780654907,0.7979999780654907,71976
2026-08-02T09:50,0.7979999780654907,0.7990000247955322,0.796999990940094,0.7979999780654907,177888
2026-08-02T09:55,0.7979999780654907,0.7979999780654907,0.7979999780654907,0.7979999780654907,582624
2026-08-02T10:00,0.7979999780654907,0.7990000247955322,0.7979999780654907,0.7990000247955322,166184
2026-08-02T10:05,0.7990000247955322,0.7990000247955322,0.796999990940094,0.7979999780654907,0
2026-08-02T10:10,0.7979999780654907,0.7979999780654907,0.796999990940094,0.796999990940094,179432
2026-08-02T10:15,0.796999990940094,0.796999990940094,0.7960000038146973,0.796999990940094,0
2026-08-02T10:20,0.796999990940094,0.796999990940094,0.7950000166893005,0.7950000166893005,0
2026-08-02T10:25,0.7950000166893005,0.7950000166893005,0.7929999828338623,0.7940000295639038,46520
2026-08-02T10:30,0.7940000295639038,0.7940000295639038,0.7940000295639038,0.7940000295639038,212176
2026-08-02T10:35,0.7940000295639038,0.7940000295639038,0.7940000295639038,0.7940000295639038,100040
2026-08-02T10:40,0.7940000295639038,0.7960000038146973,0.7940000295639038,0.7960000038146973,214240
2026-08-02T10:45,0.7960000038146973,0.7960000038146973,0.7960000038146973,0.7960000038146973,278832
2026-08-02T10:50,0.7960000038146973,0.7960000038146973,0.7950000166893005,0.7950000166893005,260248
2026-08-02T10:55,0.7950000166893005,0.7950000166893005,0.7940000295639038,0.7940000295639038,43288
2026-08-02T11:00,0.7940000295639038,0.7940000295639038,0.7940000295639038,0.7940000295639038,0
2026-08-02T11:05,0.7940000295639038,0.7940000295639038,0.7929999828338623,0.7929999828338623,9488
2026-08-02T11:10,0.7929999828338623,0.7929999828338623,0.7929999828338623,0.7929999828338623,25168
2026-08-02T11:15,0.7929999828338623,0.7929999828338623,0.7929999828338623,0.7929999828338623,257824
2026-08-02T11:20,0.7929999828338623,0.7929999828338623,0.7919999957084656,0.7919999957084656,24
2026-08-02T11:25,0.7919999957084656,0.7919999957084656,0.7919999957084656,0.7919999957084656,17904
2026-08-02T11:30,0.7919999957084656,0.7919999957084656,0.7919999957084656,0.7919999957084656,0
2026-08-02T11:35,0.7919999957084656,0.7919999957084656,0.7919999957084656,0.7919999957084656,0
2026-08-02T11:40,0.7919999957084656,0.7919999957084656,0.7919999957084656,0.7919999957084656,152
2026-08-02T11:45,0.7919999957084656,0.7919999957084656,0.7919999957084656,0.7919999957084656,57608
2026-08-02T11:50,0.7940000295639038,0.7940000295639038,0.7919999957084656,0.7919999957084656,59488
2026-08-02T11:55,0.7919999957084656,0.7919999957084656,0.7919999957084656,0.7919999957084656,239384
2026-08-02T12:00,0.7919999957084656,0.7929999828338623,0.7919999957084656,0.7919999957084656,0
2026-08-02T12:05,0.7919999957084656,0.7919999957084656,0.7919999957084656,0.7919999957084656,112128
2026-08-02T12:10,0.7919999957084656,0.7929999828338623,0.7919999957084656,0.7929999828338623,77936
2026-08-02T12:15,0.7929999828338623,0.7940000295639038,0.7929999828338623,0.7940000295639038,6120
2026-08-02T12:20,0.7940000295639038,0.7940000295639038,0.7929999828338623,0.7929999828338623,67224
2026-08-02T12:25,0.7940000295639038,0.7940000295639038,0.7940000295639038,0.7940000295639038,128544
2026-08-02T12:30,0.7940000295639038,0.7940000295639038,0.7940000295639038,0.7940000295639038,37104
2026-08-02T12:35,0.7940000295639038,0.7950000166893005,0.7940000295639038,0.7940000295639038,43120
2026-08-02T12:40,0.7940000295639038,0.7940000295639038,0.7940000295639038,0.7940000295639038,0
2026-08-02T12:45,0.7940000295639038,0.7950000166893005,0.7940000295639038,0.7950000166893005,0
2026-08-02T12:50,0.7950000166893005,0.7950000166893005,0.7940000295639038,0.7940000295639038,0
2026-08-02T12:55,0.7940000295639038,0.7950000166893005,0.7940000295639038,0.7950000166893005,0
2026-08-02T13:00,0.7950000166893005,0.7950000166893005,0.7950000166893005,0.7950000166893005,0
2026-08-02T13:05,0.7950000166893005,0.7950000166893005,0.7940000295639038,0.7940000295639038,0
2026-08-02T13:10,0.7940000295639038,0.7940000295639038,0.7940000295639038,0.7940000295639038,0
2026-08-02T13:15,0.7940000295639038,0.7940000295639038,0.7940000295639038,0.7940000295639038,0
2026-08-02T13:20,0.7950000166893005,0.7960000038146973,0.7950000166893005,0.7960000038146973,15352
2026-08-02T13:25,0.7960000038146973,0.796999990940094,0.7960000038146973,0.796999990940094,156272
2026-08-02T13:30,0.796999990940094,0.7979999780654907,0.796999990940094,0.7979999780654907,0
2026-08-02T13:35,0.7979999780654907,0.7979999780654907,0.796999990940094,0.796999990940094,54728
2026-08-02T13:40,0.796999990940094,0.796999990940094,0.796999990940094,0.796999990940094,77376
2026-08-02T13:45,0.796999990940094,0.7979999780654907,0.796999990940094,0.7979999780654907,0
2026-08-02T13:50,0.7979999780654907,0.7990000247955322,0.7979999780654907,0.7990000247955322,57952
2026-08-02T13:55,0.7990000247955322,0.800000011920929,0.7990000247955322,0.7990000247955322,224424
2026-08-02T14:00,0.7990000247955322,0.800000011920929,0.7990000247955322,0.7990000247955322,27184
2026-08-02T14:05,0.7990000247955322,0.7990000247955322,0.796999990940094,0.796999990940094,0
2026-08-02T14:10,0.796999990940094,0.7979999780654907,0.7960000038146973,0.7979999780654907,0
2026-08-02T14:15,0.7979999780654907,0.7979999780654907,0.796999990940094,0.796999990940094,125392
2026-08-02T14:20,0.796999990940094,0.7979999780654907,0.796999990940094,0.796999990940094,1576
2026-08-02T14:25,0.796999990940094,0.7979999780654907,0.796999990940094,0.7979999780654907,83424
2026-08-02T14:30,0.7979999780654907,0.7979999780654907,0.796999990940094,0.796999990940094,91040
2026-08-02T14:35,0.796999990940094,0.800000011920929,0.796999990940094,0.7990000247955322,102000
2026-08-02T14:40,0.7990000247955322,0.7990000247955322,0.7979999780654907,0.7979999780654907,167944
2026-08-02T14:45,0.7979999780654907,0.7990000247955322,0.7979999780654907,0.7979999780654907,0
2026-08-02T14:50,0.7979999780654907,0.7979999780654907,0.796999990940094,0.7979999780654907,0
2026-08-02T14:55,0.7979999780654907,0.7979999780654907,0.7979999780654907,0.7979999780654907,0
2026-08-02T15:00,0.7979999780654907,0.7979999780654907,0.7960000038146973,0.7960000038146973,0
2026-08-02T15:05,0.796999990940094,0.7979999780654907,0.796999990940094,0.7979999780654907,0
2026-08-02T15:10,0.7979999780654907,0.7979999780654907,0.7979999780654907,0.7979999780654907,881024
2026-08-02T15:15,0.7979999780654907,0.7979999780654907,0.7950000166893005,0.7950000166893005,0
2026-08-02T15:20,0.7950000166893005,0.7950000166893005,0.7950000166893005,0.7950000166893005,0
2026-08-02T15:25,0.7950000166893005,0.7950000166893005,0.7940000295639038,0.7940000295639038,0
2026-08-02T15:30,0.7940000295639038,0.7940000295639038,0.7929999828338623,0.7929999828338623,54184
2026-08-02T15:35,0.7929999828338623,0.7929999828338623,0.7919999957084656,0.7919999957084656,159632
2026-08-02T15:40,0.7919999957084656,0.7929999828338623,0.7919999957084656,0.7929999828338623,0
2026-08-02T15:45,0.7929999828338623,0.7929999828338623,0.7929999828338623,0.7929999828338623,49704
2026-08-02T15:50,0.7929999828338623,0.7940000295639038,0.7929999828338623,0.7940000295639038,19328
2026-08-02T15:55,0.7940000295639038,0.7940000295639038,0.7929999828338623,0.7929999828338623,0
2026-08-02T16:00,0.7929999828338623,0.7929999828338623,0.7910000085830688,0.7910000085830688,0
2026-08-02T16:05,0.7900000214576721,0.7919999957084656,0.7900000214576721,0.7919999957084656,0
2026-08-02T16:10,0.7919999957084656,0.7919999957084656,0.7910000085830688,0.7910000085830688,0
2026-08-02T16:15,0.7910000085830688,0.7910000085830688,0.7900000214576721,0.7910000085830688,0
2026-08-02T16:20,0.7910000085830688,0.7910000085830688,0.7910000085830688,0.7910000085830688,284944
2026-08-02T16:25,0.7910000085830688,0.7919999957084656,0.7910000085830688,0.7919999957084656,120832
2026-08-02T16:30,0.7919999957084656,0.7929999828338623,0.7919999957084656,0.7929999828338623,141312
2026-08-02T16:35,0.7929999828338623,0.7929999828338623,0.7929999828338623,0.7929999828338623,268872
2026-08-02T16:40,0.7929999828338623,0.7940000295639038,0.7929999828338623,0.7940000295639038,0
2026-08-02T16:45,0.7940000295639038,0.7950000166893005,0.7940000295639038,0.7940000295639038,134872
2026-08-02T16:50,0.7940000295639038,0.7940000295639038,0.7940000295639038,0.7940000295639038,0
2026-08-02T16:55,0.7940000295639038,0.7940000295639038,0.7929999828338623,0.7929999828338623,0
2026-08-02T17:00,0.7929999828338623,0.7929999828338623,0.7929999828338623,0.7929999828338623,0
2026-08-02T17:05,0.7929999828338623,0.7929999828338623,0.7929999828338623,0.7929999828338623,0
2026-08-02T17:10,0.7929999828338623,0.7950000166893005,0.7929999828338623,0.7950000166893005,0
2026-08-02T17:15,0.7950000166893005,0.7960000038146973,0.7950000166893005,0.7960000038146973,0
2026-08-02T17:20,0.7960000038146973,0.796999990940094,0.7960000038146973,0.796999990940094,0
2026-08-02T17:25,0.796999990940094,0.796999990940094,0.7960000038146973,0.796999990940094,0
2026-08-02T17:30,0.7979999780654907,0.7979999780654907,0.7979999780654907,0.7979999780654907,0
2026-08-02T17:35,0.7979999780654907,0.7979999780654907,0.7979999780654907,0.7979999780654907,0
2026-08-02T17:40,0.7979999780654907,0.7979999780654907,0.7979999780654907,0.7979999780654907,0
2026-08-02T17:45,0.7979999780654907,0.7990000247955322,0.7979999780654907,0.7979999780654907,0
2026-08-02T17:50,0.7979999780654907,0.7990000247955322,0.7979999780654907,0.7990000247955322,0
2026-08-02T17:55,0.7990000247955322,0.7990000247955322,0.796999990940094,0.796999990940094,0
2026-08-02T18:00,0.796999990940094,0.796999990940094,0.7960000038146973,0.7960000038146973,0
2026-08-02T18:05,0.7960000038146973,0.796999990940094,0.7950000166893005,0.7950000166893005,0
2026-08-02T18:10,0.7950000166893005,0.7950000166893005,0.7950000166893005,0.7950000166893005,0
2026-08-02T18:15,0.7950000166893005,0.7960000038146973,0.7950000166893005,0.7960000038146973,0
2026-08-02T18:20,0.7960000038146973,0.7960000038146973,0.7960000038146973,0.7960000038146973,0
2026-08-02T18:25,0.7960000038146973,0.7960000038146973,0.7960000038146973,0.7960000038146973,0
2026-08-02T18:30,0.7960000038146973,0.7960000038146973,0.7960000038146973,0.7960000038146973,0
2026-08-02T18:35,0.7960000038146973,0.7979999780654907,0.7960000038146973,0.7979999780654907,0
2026-08-02T18:40,0.7979999780654907,0.7990000247955322,0.796999990940094,0.7979999780654907,0
2026-08-02T18:45,0.7979999780654907,0.7979999780654907,0.796999990940094,0.796999990940094,0
2026-08-02T18:50,0.796999990940094,0.7979999780654907,0.796999990940094,0.7979999780654907,0
2026-08-02T18:55,0.7979999780654907,0.7979999780654907,0.7979999780654907,0.7979999780654907,0
2026-08-02T19:00,0.7979999780654907,0.7979999780654907,0.7960000038146973,0.7960000038146973,0
2026-08-02T19:05,0.7960000038146973,0.796999990940094,0.7960000038146973,0.796999990940094,0
2026-08-02T19:10,0.796999990940094,0.796999990940094,0.7960000038146973,0.7960000038146973,0
2026-08-02T19:15,0.7960000038146973,0.796999990940094,0.7960000038146973,0.796999990940094,0
2026-08-02T19:20,0.796999990940094,0.796999990940094,0.7960000038146973,0.796999990940094,30520
2026-08-02T19:25,0.796999990940094,0.796999990940094,0.796999990940094,0.796999990940094,0
2026-08-02T19:30,0.796999990940094,0.796999990940094,0.796999990940094,0.796999990940094,86000
2026-08-02T19:35,0.796999990940094,0.7979999780654907,0.796999990940094,0.7979999780654907,132272
2026-08-02T19:40,0.7979999780654907,0.7979999780654907,0.7960000038146973,0.7960000038146973,62560
2026-08-02T19:45,0.7960000038146973,0.7960000038146973,0.7960000038146973,0.7960000038146973,38064
2026-08-02T19:50,0.7960000038146973,0.7960000038146973,0.7960000038146973,0.7960000038146973,0
2026-08-02T19:55,0.7960000038146973,0.7960000038146973,0.7960000038146973,0.7960000038146973,0
2026-08-02T20:00,0.7960000038146973,0.7960000038146973,0.7960000038146973,0.7960000038146973,0
2026-08-02T20:05,0.7960000038146973,0.796999990940094,0.7960000038146973,0.796999990940094,0
2026-08-02T20:10,0.796999990940094,0.796999990940094,0.796999990940094,0.796999990940094,0
2026-08-02T20:15,0.796999990940094,0.796999990940094,0.796999990940094,0.796999990940094,0
2026-08-02T20:20,0.796999990940094,0.796999990940094,0.7950000166893005,0.7960000038146973,0
2026-08-02T20:25,0.7960000038146973,0.7960000038146973,0.7940000295639038,0.7940000295639038,0
2026-08-02T20:30,0.7940000295639038,0.7960000038146973,0.7940000295639038,0.7960000038146973,0
2026-08-02T20:35,0.7960000038146973,0.7960000038146973,0.7940000295639038,0.7940000295639038,0
2026-08-02T20:40,0.7940000295639038,0.7960000038146973,0.7940000295639038,0.7960000038146973,0
2026-08-02T20:45,0.7960000038146973,0.7960000038146973,0.7950000166893005,0.7950000166893005,23520
2026-08-02T20:50,0.7950000166893005,0.7960000038146973,0.7950000166893005,0.7950000166893005,0
2026-08-02T20:55,0.7950000166893005,0.7950000166893005,0.7950000166893005,0.7950000166893005,0
2026-08-02T21:00,0.796999990940094,0.796999990940094,0.7960000038146973,0.7960000038146973,0
2026-08-02T21:05,0.7960000038146973,0.7960000038146973,0.7960000038146973,0.7960000038146973,0
2026-08-02T21:10,0.7960000038146973,0.7979999780654907,0.7960000038146973,0.7979999780654907,0
2026-08-02T21:15,0.7979999780654907,0.7979999780654907,0.7960000038146973,0.7960000038146973,72808
2026-08-02T21:20,0.7960000038146973,0.7960000038146973,0.7960000038146973,0.7960000038146973,49432
2026-08-02T21:25,0.7960000038146973,0.796999990940094,0.7960000038146973,0.7960000038146973,0
2026-08-02T21:30,0.7960000038146973,0.796999990940094,0.7960000038146973,0.796999990940094,2568
2026-08-02T21:35,0.796999990940094,0.796999990940094,0.7960000038146973,0.7960000038146973,0
2026-08-02T21:40,0.7960000038146973,0.796999990940094,0.7960000038146973,0.796999990940094,153656
2026-08-02T21:45,0.796999990940094,0.7979999780654907,0.796999990940094,0.7979999780654907,254424
2026-08-02T21:50,0.796999990940094,0.796999990940094,0.7960000038146973,0.7960000038146973,0
2026-08-02T21:55,0.7960000038146973,0.7960000038146973,0.7950000166893005,0.7950000166893005,0
2026-08-02T22:00,0.796999990940094,0.7979999780654907,0.796999990940094,0.796999990940094,0
2026-08-02T22:05,0.796999990940094,0.796999990940094,0.7950000166893005,0.7960000038146973,0
2026-08-02T22:10,0.7960000038146973,0.7979999780654907,0.7960000038146973,0.796999990940094,0
2026-08-02T22:15,0.796999990940094,0.7979999780654907,0.796999990940094,0.796999990940094,0
2026-08-02T22:20,0.796999990940094,0.796999990940094,0.796999990940094,0.796999990940094,8200
2026-08-02T22:25,0.796999990940094,0.796999990940094,0.7960000038146973,0.7960000038146973,25840
2026-08-02T22:30,0.7960000038146973,0.7960000038146973,0.7950000166893005,0.7950000166893005,0
2026-08-02T22:35,0.7950000166893005,0.7950000166893005,0.7929999828338623,0.7940000295639038,0
2026-08-02T22:40,0.7940000295639038,0.7950000166893005,0.7940000295639038,0.7950000166893005,139384
2026-08-02T22:45,0.7960000038146973,0.7960000038146973,0.7960000038146973,0.7960000038146973,113584
2026-08-02T22:50,0.7960000038146973,0.7960000038146973,0.7960000038146973,0.7960000038146973,20688
2026-08-02T22:55,0.7960000038146973,0.7960000038146973,0.7950000166893005,0.7960000038146973,0
2026-08-02T23:00,0.7960000038146973,0.796999990940094,0.7960000038146973,0.7960000038146973,0
2026-08-02T23:05,0.7960000038146973,0.7960000038146973,0.7950000166893005,0.7950000166893005,0
2026-08-02T23:10,0.7950000166893005,0.796999990940094,0.7950000166893005,0.7960000038146973,376
2026-08-02T23:15,0.7950000166893005,0.796999990940094,0.7950000166893005,0.796999990940094,12776
2026-08-02T23:20,0.796999990940094,0.796999990940094,0.7950000166893005,0.7960000038146973,99080
2026-08-02T23:25,0.7960000038146973,0.796999990940094,0.7960000038146973,0.796999990940094,22312
2026-08-02T23:30,0.7960000038146973,0.7960000038146973,0.7950000166893005,0.7960000038146973,10112
2026-08-02T23:35,0.7960000038146973,0.796999990940094,0.7960000038146973,0.796999990940094,0
2026-08-02T23:40,0.796999990940094,0.796999990940094,0.7960000038146973,0.796999990940094,0
2026-08-02T23:45,0.796999990940094,0.7979999780654907,0.7960000038146973,0.7979999780654907,0
2026-08-02T23:50,0.7979999780654907,0.7979999780654907,0.796999990940094,0.796999990940094,0
2026-08-02T23:55,0.796999990940094,0.7979999780654907,0.796999990940094,0.796999990940094,0
2026-08-03T00:00,0.796999990940094,0.796999990940094,0.796999990940094,0.796999990940094,0
2026-08-03T00:05,0.796999990940094,0.796999990940094,0.7960000038146973,0.7960000038146973,0
2026-08-03T00:10,0.7960000038146973,0.7960000038146973,0.7950000166893005,0.7950000166893005,0
2026-08-03T00:15,0.7950000166893005,0.7960000038146973,0.7950000166893005,0.7960000038146973,54600
2026-08-03T00:20,0.7960000038146973,0.796999990940094,0.7960000038146973,0.796999990940094,132912
2026-08-03T00:25,0.796999990940094,0.796999990940094,0.7950000166893005,0.796999990940094,11168
2026-08-03T00:30,0.7960000038146973,0.796999990940094,0.7960000038146973,0.796999990940094,70152
2026-08-03T00:35,0.796999990940094,0.7979999780654907,0.796999990940094,0.796999990940094,106512
2026-08-03T00:40,0.796999990940094,0.796999990940094,0.7960000038146973,0.7960000038146973,0
2026-08-03T00:45,0.7960000038146973,0.7960000038146973,0.7950000166893005,0.7960000038146973,0
2026-08-03T00:50,0.7960000038146973,0.7960000038146973,0.7960000038146973,0.7960000038146973,0
2026-08-03T00:55,0.7960000038146973,0.7960000038146973,0.7960000038146973,0.7960000038146973,0
2026-08-03T01:00,0.7960000038146973,0.7960000038146973,0.7960000038146973,0.7960000038146973,0
2026-08-03T01:05,0.7960000038146973,0.7960000038146973,0.7960000038146973,0.7960000038146973,0
2026-08-03T01:10,0.7960000038146973,0.7960000038146973,0.7940000295639038,0.7940000295639038,0
2026-08-03T01:15,0.7940000295639038,0.7950000166893005,0.7940000295639038,0.7950000166893005,0
2026-08-03T01:20,0.7950000166893005,0.7950000166893005,0.7929999828338623,0.7940000295639038,0
2026-08-03T01:25,0.7929999828338623,0.7929999828338623,0.7919999957084656,0.7929999828338623,0
2026-08-03T01:30,0.7929999828338623,0.7929999828338623,0.7919999957084656,0.7919999957084656,0
2026-08-03T01:35,0.7910000085830688,0.7910000085830688,0.7910000085830688,0.7910000085830688,0
2026-08-03T01:40,0.7910000085830688,0.7919999957084656,0.7910000085830688,0.7919999957084656,0
2026-08-03T01:45,0.7919999957084656,0.7919999957084656,0.7910000085830688,0.7910000085830688,0
2026-08-03T01:50,0.7910000085830688,0.7910000085830688,0.7900000214576721,0.7900000214576721,0
2026-08-03T01:55,0.7900000214576721,0.7919999957084656,0.7900000214576721,0.7910000085830688,0
2026-08-03T02:00,0.7919999957084656,0.7919999957084656,0.7900000214576721,0.7919999957084656,0
2026-08-03T02:05,0.7919999957084656,0.7919999957084656,0.7919999957084656,0.7919999957084656,0
2026-08-03T02:10,0.7910000085830688,0.7919999957084656,0.7910000085830688,0.7910000085830688,0
2026-08-03T02:15,0.7910000085830688,0.7919999957084656,0.7910000085830688,0.7919999957084656,0
2026-08-03T02:20,0.7929999828338623,0.7940000295639038,0.7919999957084656,0.7919999957084656,0
2026-08-03T02:25,0.7919999957084656,0.7919999957084656,0.7900000214576721,0.7910000085830688,0
2026-08-03T02:30,0.7910000085830688,0.7919999957084656,0.7900000214576721,0.7919999957084656,0
2026-08-03T02:35,0.7910000085830688,0.7929999828338623,0.7910000085830688,0.7919999957084656,0
2026-08-03T02:40,0.7919999957084656,0.7919999957084656,0.7910000085830688,0.7910000085830688,0
2026-08-03T02:45,0.7910000085830688,0.7929999828338623,0.7910000085830688,0.7919999957084656,0
2026-08-03T02:50,0.7919999957084656,0.7929999828338623,0.7910000085830688,0.7910000085830688,0
2026-08-03T02:55,0.7900000214576721,0.7900000214576721,0.7889999747276306,0.7900000214576721,0
2026-08-03T03:00,0.7889999747276306,0.7889999747276306,0.7889999747276306,0.7889999747276306,0
2026-08-03T03:05,0.7889999747276306,0.7889999747276306,0.7879999876022339,0.7879999876022339,0
2026-08-03T03:10,0.7879999876022339,0.7889999747276306,0.7879999876022339,0.7889999747276306,0
2026-08-03T03:15,0.7889999747276306,0.7889999747276306,0.7879999876022339,0.7879999876022339,0
2026-08-03T03:20,0.7879999876022339,0.7889999747276306,0.7879999876022339,0.7879999876022339,0
2026-08-03T03:25,0.7879999876022339,0.7889999747276306,0.7879999876022339,0.7889999747276306,32344
2026-08-03T03:30,0.7889999747276306,0.7889999747276306,0.7889999747276306,0.7889999747276306,17648
2026-08-03T03:35,0.7889999747276306,0.7889999747276306,0.7889999747276306,0.7889999747276306,0
2026-08-03T03:40,0.7889999747276306,0.7900000214576721,0.7889999747276306,0.7900000214576721,0
2026-08-03T03:45,0.7900000214576721,0.7900000214576721,0.7870000004768372,0.7870000004768372,0
2026-08-03T03:50,0.7879999876022339,0.7900000214576721,0.7879999876022339,0.7900000214576721,267820
2026-08-03T03:55,0.7900000214576721,0.7900000214576721,0.7879999876022339,0.7879999876022339,0
2026-08-03T04:00,0.7879999876022339,0.7879999876022339,0.7870000004768372,0.7879999876022339,0
2026-08-03T04:05,0.7879999876022339,0.7889999747276306,0.7879999876022339,0.7889999747276306,0
2026-08-03T04:10,0.7879999876022339,0.7900000214576721,0.7879999876022339,0.7889999747276306,175788
2026-08-03T04:15,0.7900000214576721,0.7910000085830688,0.7900000214576721,0.7910000085830688,40708
2026-08-03T04:20,0.7910000085830688,0.7919999957084656,0.7910000085830688,0.7910000085830688,0
2026-08-03T04:25,0.7910000085830688,0.7919999957084656,0.7910000085830688,0.7919999957084656,0
2026-08-03T04:30,0.7919999957084656,0.7919999957084656,0.7910000085830688,0.7919999957084656,0
2026-08-03T04:35,0.7919999957084656,0.7919999957084656,0.7919999957084656,0.7919999957084656,0
2026-08-03T04:40,0.7919999957084656,0.7919999957084656,0.7919999957084656,0.7919999957084656,0
2026-08-03T04:45,0.7919999957084656,0.7919999957084656,0.7919999957084656,0.7919999957084656,0
2026-08-03T04:50,0.7919999957084656,0.7919999957084656,0.7900000214576721,0.7910000085830688,6020
2026-08-03T04:55,0.7910000085830688,0.7910000085830688,0.7900000214576721,0.7900000214576721,9072
2026-08-03T05:00,0.7900000214576721,0.7900000214576721,0.7900000214576721,0.7900000214576721,0
2026-08-03T05:05,0.7900000214576721,0.7910000085830688,0.7889999747276306,0.7900000214576721,0
2026-08-03T05:10,0.7900000214576721,0.7900000214576721,0.7900000214576721,0.7900000214576721,32756
2026-08-03T05:15,0.7900000214576721,0.7900000214576721,0.7889999747276306,0.7900000214576721,9004
2026-08-03T05:20,0.7900000214576721,0.7900000214576721,0.7879999876022339,0.7879999876022339,19744
2026-08-03T05:25,0.7879999876022339,0.7910000085830688,0.7879999876022339,0.7900000214576721,46324
2026-08-03T05:30,0.7900000214576721,0.7900000214576721,0.7879999876022339,0.7879999876022339,0
2026-08-03T05:35,0.7879999876022339,0.7879999876022339,0.7879999876022339,0.7879999876022339,0
2026-08-03T05:40,0.7879999876022339,0.7889999747276306,0.7879999876022339,0.7889999747276306,0
2026-08-03T05:45,0.7889999747276306,0.7900000214576721,0.7889999747276306,0.7900000214576721,0
2026-08-03T05:50,0.7900000214576721,0.7900000214576721,0.7900000214576721,0.7900000214576721,125464
2026-08-03T05:55,0.7900000214576721,0.7960000038146973,0.7900000214576721,0.7960000038146973,233996
2026-08-03T06:00,0.7960000038146973,0.7979999780654907,0.7960000038146973,0.7960000038146973,380700
2026-08-03T06:05,0.7960000038146973,0.7960000038146973,0.7960000038146973,0.7960000038146973,0
2026-08-03T06:10,0.7950000166893005,0.7950000166893005,0.7940000295639038,0.7940000295639038,808
2026-08-03T06:15,0.7940000295639038,0.7950000166893005,0.7940000295639038,0.7950000166893005,27108
2026-08-03T06:20,0.7950000166893005,0.7950000166893005,0.7950000166893005,0.7950000166893005,1680
2026-08-03T06:25,0.7950000166893005,0.7950000166893005,0.7950000166893005,0.7950000166893005,9620
2026-08-03T06:30,0.7950000166893005,0.7960000038146973,0.7940000295639038,0.7940000295639038,13444
2026-08-03T06:35,0.7940000295639038,0.7940000295639038,0.7929999828338623,0.7929999828338623,0
2026-08-03T06:40,0.7929999828338623,0.7940000295639038,0.7929999828338623,0.7929999828338623,0
2026-08-03T06:45,0.7929999828338623,0.7940000295639038,0.7929999828338623,0.7940000295639038,34116
2026-08-03T06:50,0.7940000295639038,0.7960000038146973,0.7940000295639038,0.7950000166893005,0
2026-08-03T06:55,0.7950000166893005,0.7950000166893005,0.7940000295639038,0.7940000295639038,65408
2026-08-03T07:00,0.7940000295639038,0.7940000295639038,0.7929999828338623,0.7929999828338623,0
2026-08-03T07:05,0.7929999828338623,0.7950000166893005,0.7929999828338623,0.7940000295639038,146956
2026-08-03T07:10,0.7940000295639038,0.7940000295639038,0.7929999828338623,0.7929999828338623,0
2026-08-03T07:15,0.7919999957084656,0.7940000295639038,0.7919999957084656,0.7919999957084656,8860
2026-08-03T07:20,0.7919999957084656,0.7940000295639038,0.7919999957084656,0.7940000295639038,225724
2026-08-03T07:25,0.7940000295639038,0.7940000295639038,0.7940000295639038,0.7940000295639038,57524
2026-08-03T07:30,0.7940000295639038,0.7950000166893005,0.7940000295639038,0.7950000166893005,36236
2026-08-03T07:35,0.7950000166893005,0.7950000166893005,0.7940000295639038,0.7940000295639038,168796
2026-08-03T07:40,0.7940000295639038,0.7940000295639038,0.7929999828338623,0.7929999828338623,41620
2026-08-03T07:45,0.7929999828338623,0.7940000295639038,0.7929999828338623,0.7940000295639038,80916
2026-08-03T07:50,0.7940000295639038,0.7940000295639038,0.7929999828338623,0.7929999828338623,39036
2026-08-03T07:55,0.7929999828338623,0.7929999828338623,0.7919999957084656,0.7929999828338623,17300
2026-08-03T08:00,0.7929999828338623,0.7929999828338623,0.7919999957084656,0.7919999957084656,0
2026-08-03T08:05,0.7919999957084656,0.7919999957084656,0.7910000085830688,0.7919999957084656,0
2026-08-03T08:10,0.7919999957084656,0.7919999957084656,0.7919999957084656,0.7919999957084656,78404
2026-08-03T08:15,0.7919999957084656,0.7919999957084656,0.7919999957084656,0.7919999957084656,111456
2026-08-03T08:20,0.7919999957084656,0.7919999957084656,0.7900000214576721,0.7910000085830688,77376
2026-08-03T08:25,0.7900000214576721,0.7900000214576721,0.7889999747276306,0.7900000214576721,208508
2026-08-03T08:30,0.7900000214576721,0.7910000085830688,0.7900000214576721,0.7910000085830688,122408
2026-08-03T08:35,0.7910000085830688,0.7919999957084656,0.7910000085830688,0.7919999957084656,139212
2026-08-03T08:40,0.7919999957084656,0.7950000166893005,0.7919999957084656,0.7950000166893005,22612
2026-08-03T08:45,0.7960000038146973,0.796999990940094,0.7950000166893005,0.7950000166893005,53444
2026-08-03T08:50,0.7950000166893005,0.7950000166893005,0.7950000166893005,0.7950000166893005,0
2026-08-03T08:55,0.7950000166893005,0.796999990940094,0.7950000166893005,0.796999990940094,0
2026-08-03T09:00,0.796999990940094,0.7979999780654907,0.796999990940094,0.796999990940094,258156
2026-08-03T09:05,0.796999990940094,0.7979999780654907,0.796999990940094,0.796999990940094,0
2026-08-03T09:10,0.796999990940094,0.7979999780654907,0.796999990940094,0.796999990940094,24876
2026-08-03T09:15,0.796999990940094,0.796999990940094,0.7960000038146973,0.7960000038146973,44248
2026-08-03T09:20,0.7960000038146973,0.7960000038146973,0.7960000038146973,0.7960000038146973,0
2026-08-03T09:25,0.7960000038146973,0.7960000038146973,0.7960000038146973,0.7960000038146973,0
2026-08-03T09:30,0.7960000038146973,0.7960000038146973,0.7960000038146973,0.7960000038146973,0
2026-08-03T09:35,0.7960000038146973,0.796999990940094,0.7960000038146973,0.796999990940094,0
2026-08-03T09:40,0.796999990940094,0.796999990940094,0.7960000038146973,0.7960000038146973,0
2026-08-03T09:45,0.7960000038146973,0.7979999780654907,0.7960000038146973,0.7979999780654907,0
2026-08-03T09:50,0.7979999780654907,0.8019999861717224,0.7979999780654907,0.800000011920929,115956
2026-08-03T09:55,0.800000011920929,0.8059999942779541,0.800000011920929,0.8029999732971191,0
2026-08-03T10:00,0.8029999732971191,0.8040000200271606,0.8019999861717224,0.8029999732971191,666672
2026-08-03T10:05,0.8029999732971191,0.8050000071525574,0.8029999732971191,0.8040000200271606,44320
2026-08-03T10:10,0.8040000200271606,0.8040000200271606,0.8029999732971191,0.8029999732971191,230644
2026-08-03T10:15,0.8029999732971191,0.8040000200271606,0.800000011920929,0.800000011920929,132036
2026-08-03T10:20,0.8009999990463257,0.8019999861717224,0.8009999990463257,0.8009999990463257,0
2026-08-03T10:25,0.8009999990463257,0.8009999990463257,0.8009999990463257,0.8009999990463257,43352
2026-08-03T10:30,0.8009999990463257,0.8009999990463257,0.8009999990463257,0.8009999990463257,0
2026-08-03T10:35,0.8009999990463257,0.8019999861717224,0.8009999990463257,0.8019999861717224,0
2026-08-03T10:40,0.8019999861717224,0.8029999732971191,0.8019999861717224,0.8029999732971191,0
2026-08-03T10:45,0.8029999732971191,0.8029999732971191,0.8019999861717224,0.8019999861717224,6592
2026-08-03T10:50,0.8019999861717224,0.8019999861717224,0.8009999990463257,0.8009999990463257,0
2026-08-03T10:55,0.8009999990463257,0.8029999732971191,0.8009999990463257,0.8029999732971191,0
2026-08-03T11:00,0.8029999732971191,0.8029999732971191,0.8009999990463257,0.8009999990463257,0
2026-08-03T11:05,0.8009999990463257,0.8009999990463257,0.800000011920929,0.800000011920929,0
2026-08-03T11:10,0.800000011920929,0.800000011920929,0.7990000247955322,0.7990000247955322,0
2026-08-03T11:15,0.800000011920929,0.8029999732971191,0.800000011920929,0.8029999732971191,0
2026-08-03T11:20,0.8029999732971191,0.8040000200271606,0.8029999732971191,0.8040000200271606,203604
2026-08-03T11:25,0.8040000200271606,0.8040000200271606,0.8019999861717224,0.8019999861717224,280460
2026-08-03T11:30,0.8019999861717224,0.8050000071525574,0.8019999861717224,0.8050000071525574,19128
2026-08-03T11:35,0.8050000071525574,0.8069999814033508,0.8050000071525574,0.8059999942779541,97128
2026-08-03T11:40,0.8059999942779541,0.8059999942779541,0.8050000071525574,0.8059999942779541,473140
2026-08-03T11:45,0.8059999942779541,0.8059999942779541,0.8040000200271606,0.8050000071525574,0
2026-08-03T11:50,0.8050000071525574,0.8050000071525574,0.8050000071525574,0.8050000071525574,33520
2026-08-03T11:55,0.8050000071525574,0.8050000071525574,0.8050000071525574,0.8050000071525574,42064
2026-08-03T12:00,0.8059999942779541,0.8069999814033508,0.8059999942779541,0.8069999814033508,105984
2026-08-03T12:05,0.8059999942779541,0.8059999942779541,0.8040000200271606,0.8050000071525574,424228
2026-08-03T12:10,0.8050000071525574,0.8090000152587891,0.8050000071525574,0.8080000281333923,187576
2026-08-03T12:15,0.8069999814033508,0.8100000023841858,0.8069999814033508,0.8090000152587891,582628
2026-08-03T12:20,0.8090000152587891,0.8109999895095825,0.8080000281333923,0.8109999895095825,198848
2026-08-03T12:25,0.8109999895095825,0.8109999895095825,0.8080000281333923,0.8090000152587891,267772
2026-08-03T12:30,0.8090000152587891,0.8090000152587891,0.8080000281333923,0.8090000152587891,356408
2026-08-03T12:35,0.8090000152587891,0.8090000152587891,0.8080000281333923,0.8080000281333923,136348
2026-08-03T12:40,0.8080000281333923,0.8109999895095825,0.8080000281333923,0.8109999895095825,190444
2026-08-03T12:45,0.8119999766349792,0.8119999766349792,0.8100000023841858,0.8100000023841858,61720
2026-08-03T12:50,0.8100000023841858,0.8109999895095825,0.8100000023841858,0.8109999895095825,296112
2026-08-03T12:55,0.8109999895095825,0.8130000233650208,0.8109999895095825,0.8130000233650208,32288
2026-08-03T13:00,0.8130000233650208,0.8130000233650208,0.8119999766349792,0.8119999766349792,236184
2026-08-03T13:05,0.8119999766349792,0.8130000233650208,0.8119999766349792,0.8130000233650208,148096
2026-08-03T13:10,0.8130000233650208,0.8159999847412109,0.8130000233650208,0.8149999976158142,206480
2026-08-03T13:15,0.8149999976158142,0.8220000267028809,0.8149999976158142,0.8199999928474426,585424
2026-08-03T13:20,0.8209999799728394,0.8220000267028809,0.8199999928474426,0.8220000267028809,679168
2026-08-03T13:25,0.8220000267028809,0.8220000267028809,0.8190000057220459,0.8190000057220459,1232816
2026-08-03T13:30,0.8190000057220459,0.8199999928474426,0.8169999718666077,0.8190000057220459,410480
2026-08-03T13:35,0.8190000057220459,0.8240000009536743,0.8190000057220459,0.8230000138282776,690216
2026-08-03T13:40,0.8230000138282776,0.8240000009536743,0.8220000267028809,0.8230000138282776,956080
2026-08-03T13:45,0.8230000138282776,0.824999988079071,0.8220000267028809,0.824999988079071,479312
2026-08-03T13:50,0.8240000009536743,0.8270000219345093,0.8230000138282776,0.8259999752044678,960160
2026-08-03T13:55,0.8259999752044678,0.828000009059906,0.824999988079071,0.8259999752044678,846328
2026-08-03T14:00,0.8259999752044678,0.8270000219345093,0.8259999752044678,0.8270000219345093,309032
2026-08-03T14:05,0.8259999752044678,0.8270000219345093,0.824999988079071,0.824999988079071,240136
2026-08-03T14:10,0.8240000009536743,0.824999988079071,0.8230000138282776,0.8230000138282776,256296
2026-08-03T14:15,0.8220000267028809,0.8240000009536743,0.8199999928474426,0.8230000138282776,710360
2026-08-03T14:20,0.8220000267028809,0.8230000138282776,0.8209999799728394,0.8209999799728394,470976
2026-08-03T14:25,0.8209999799728394,0.824999988079071,0.8209999799728394,0.8240000009536743,248376
2026-08-03T14:30,0.8230000138282776,0.824999988079071,0.8220000267028809,0.8220000267028809,537424
2026-08-03T14:35,0.8209999799728394,0.8230000138282776,0.8209999799728394,0.8220000267028809,573776
2026-08-03T14:40,0.8230000138282776,0.8240000009536743,0.8220000267028809,0.8230000138282776,299944
2026-08-03T14:45,0.8220000267028809,0.8230000138282776,0.8220000267028809,0.8230000138282776,120448
2026-08-03T14:50,0.8230000138282776,0.8230000138282776,0.8199999928474426,0.8199999928474426,94624
2026-08-03T14:55,0.8199999928474426,0.8230000138282776,0.8199999928474426,0.8230000138282776,380856
2026-08-03T15:00,0.8230000138282776,0.8230000138282776,0.8220000267028809,0.8220000267028809,193448
2026-08-03T15:05,0.8220000267028809,0.8220000267028809,0.8140000104904175,0.8169999718666077,417160
2026-08-03T15:10,0.8169999718666077,0.8169999718666077,0.8159999847412109,0.8169999718666077,900808
2026-08-03T15:15,0.8180000185966492,0.8190000057220459,0.8180000185966492,0.8190000057220459,633272
2026-08-03T15:20,0.8190000057220459,0.8220000267028809,0.8190000057220459,0.8209999799728394,191032
2026-08-03T15:25,0.8209999799728394,0.8220000267028809,0.8199999928474426,0.8209999799728394,207280
2026-08-03T15:30,0.8209999799728394,0.8209999799728394,0.8199999928474426,0.8199999928474426,144304
2026-08-03T15:35,0.8199999928474426,0.8209999799728394,0.8199999928474426,0.8209999799728394,0
2026-08-03T15:40,0.8209999799728394,0.8209999799728394,0.8199999928474426,0.8209999799728394,8560
2026-08-03T15:45,0.8209999799728394,0.8220000267028809,0.8209999799728394,0.8209999799728394,166640
2026-08-03T15:50,0.8220000267028809,0.8259999752044678,0.8220000267028809,0.8240000009536743,1228808
2026-08-03T15:55,0.8240000009536743,0.8240000009536743,0.8230000138282776,0.8240000009536743,272264
2026-08-03T16:00,0.824999988079071,0.8270000219345093,0.824999988079071,0.8259999752044678,691776
2026-08-03T16:05,0.8259999752044678,0.8259999752044678,0.8220000267028809,0.8220000267028809,32784
2026-08-03T16:10,0.8230000138282776,0.8230000138282776,0.8230000138282776,0.8230000138282776,244056
2026-08-03T16:15,0.8230000138282776,0.8230000138282776,0.8209999799728394,0.8220000267028809,0
2026-08-03T16:20,0.8220000267028809,0.8230000138282776,0.8209999799728394,0.8220000267028809,0
2026-08-03T16:25,0.8220000267028809,0.8240000009536743,0.8209999799728394,0.8209999799728394,0
2026-08-03T16:30,0.8209999799728394,0.8220000267028809,0.8209999799728394,0.8220000267028809,0
2026-08-03T16:35,0.8220000267028809,0.8220000267028809,0.8220000267028809,0.8220000267028809,0
2026-08-03T16:40,0.8220000267028809,0.8220000267028809,0.8209999799728394,0.8220000267028809,0
2026-08-03T16:45,0.8220000267028809,0.824999988079071,0.8220000267028809,0.824999988079071,157416
2026-08-03T16:50,0.824999988079071,0.824999988079071,0.8240000009536743,0.8240000009536743,251752
2026-08-03T16:55,0.8240000009536743,0.824999988079071,0.8240000009536743,0.824999988079071,45752
2026-08-03T17:00,0.824999988079071,0.824999988079071,0.8240000009536743,0.8240000009536743,25904
2026-08-03T17:05,0.8240000009536743,0.8259999752044678,0.8240000009536743,0.8259999752044678,175712
2026-08-03T17:10,0.8259999752044678,0.8270000219345093,0.824999988079071,0.8259999752044678,129696
2026-08-03T17:15,0.8259999752044678,0.8259999752044678,0.824999988079071,0.824999988079071,84432
2026-08-03T17:20,0.824999988079071,0.828000009059906,0.824999988079071,0.828000009059906,237032
2026-08-03T17:25,0.828000009059906,0.8299999833106995,0.828000009059906,0.8289999961853027,387024
2026-08-03T17:30,0.8289999961853027,0.8289999961853027,0.8270000219345093,0.828000009059906,507424
2026-08-03T17:35,0.828000009059906,0.8299999833106995,0.828000009059906,0.828000009059906,140528
2026-08-03T17:40,0.828000009059906,0.828000009059906,0.8270000219345093,0.8270000219345093,416544
2026-08-03T17:45,0.8270000219345093,0.8270000219345093,0.8270000219345093,0.8270000219345093,15544
2026-08-03T17:50,0.8270000219345093,0.8289999961853027,0.8270000219345093,0.8289999961853027,189064
2026-08-03T17:55,0.828000009059906,0.8289999961853027,0.828000009059906,0.828000009059906,114144
2026-08-03T18:00,0.828000009059906,0.8289999961853027,0.828000009059906,0.8289999961853027,7896
2026-08-03T18:05,0.8289999961853027,0.8289999961853027,0.8270000219345093,0.8270000219345093,0
2026-08-03T18:10,0.8270000219345093,0.828000009059906,0.8259999752044678,0.828000009059906,12728
2026-08-03T18:15,0.828000009059906,0.8289999961853027,0.828000009059906,0.8289999961853027,267616
2026-08-03T18:20,0.828000009059906,0.8289999961853027,0.828000009059906,0.8289999961853027,65656
2026-08-03T18:25,0.8289999961853027,0.8289999961853027,0.8270000219345093,0.8270000219345093,0
2026-08-03T18:30,0.8270000219345093,0.828000009059906,0.8270000219345093,0.8270000219345093,52224
2026-08-03T18:35,0.828000009059906,0.8289999961853027,0.828000009059906,0.8289999961853027,213376
2026-08-03T18:40,0.8289999961853027,0.8289999961853027,0.828000009059906,0.828000009059906,0
2026-08-03T18:45,0.828000009059906,0.8289999961853027,0.828000009059906,0.8289999961853027,0
2026-08-03T18:50,0.8289999961853027,0.8299999833106995,0.8289999961853027,0.8299999833106995,54960
2026-08-03T18:55,0.8299999833106995,0.8309999704360962,0.8299999833106995,0.8299999833106995,67320
2026-08-03T19:00,0.8299999833106995,0.8309999704360962,0.8299999833106995,0.8299999833106995,333056
2026-08-03T19:05,0.8299999833106995,0.8299999833106995,0.828000009059906,0.8289999961853027,227272
2026-08-03T19:10,0.8289999961853027,0.8289999961853027,0.8289999961853027,0.8289999961853027,55392
2026-08-03T19:15,0.8289999961853027,0.8289999961853027,0.8289999961853027,0.8289999961853027,31976
2026-08-03T19:20,0.828000009059906,0.828000009059906,0.828000009059906,0.828000009059906,61320
2026-08-03T19:25,0.828000009059906,0.8289999961853027,0.828000009059906,0.828000009059906,90752
2026-08-03T19:30,0.828000009059906,0.8289999961853027,0.828000009059906,0.8289999961853027,0
2026-08-03T19:35,0.8289999961853027,0.8289999961853027,0.8273000121116638,0.8273000121116638,93704
2026-08-03T19:40,0.8269000053405762,0.8270999789237976,0.8263000249862671,0.8263000249862671,0
2026-08-03T19:45,0.8270000219345093,0.8270000219345093,0.8260999917984009,0.826200008392334,0
2026-08-03T19:50,0.826200008392334,0.826200008392334,0.8248999714851379,0.824999988079071,0
2026-08-03T19:55,0.8248000144958496,0.8248000144958496,0.824400007724762,0.824400007724762,23808
2026-08-03T20:00,0.8238000273704529,0.8241999745368958,0.8228999972343445,0.8230000138282776,3912
2026-08-03T20:05,0.8230000138282776,0.8234000205993652,0.8224999904632568,0.822700023651123,72656
2026-08-03T20:10,0.822700023651123,0.8230000138282776,0.8220000267028809,0.8222000002861023,108360
2026-08-03T20:15,0.8222000002861023,0.8223999738693237,0.8216999769210815,0.8216999769210815,293440
2026-08-03T20:20,0.8216999769210815,0.8216999769210815,0.8202999830245972,0.8202999830245972,233064
2026-08-03T20:25,0.8203999996185303,0.8203999996185303,0.8194000124931335,0.8194000124931335,0
2026-08-03T20:30,0.8194000124931335,0.8205999732017517,0.8194000124931335,0.8205999732017517,179632
2026-08-03T20:35,0.8208000063896179,0.8212000131607056,0.8199999928474426,0.8199999928474426,196152
2026-08-03T20:40,0.8199999928474426,0.8202000260353088,0.8197000026702881,0.8202000260353088,0
2026-08-03T20:45,0.819599986076355,0.819599986076355,0.8187999725341797,0.8187999725341797,0
2026-08-03T20:50,0.8188999891281128,0.8202000260353088,0.8188999891281128,0.8201000094413757,190248
2026-08-03T20:55,0.8201000094413757,0.8213000297546387,0.8201000094413757,0.8209999799728394,200280
2026-08-03T21:00,0.8209999799728394,0.8216999769210815,0.8201000094413757,0.8201000094413757,102280
2026-08-03T21:05,0.8201000094413757,0.8205000162124634,0.8198000192642212,0.8202000260353088,0
2026-08-03T21:10,0.8202000260353088,0.8202000260353088,0.8191999793052673,0.8199999928474426,0
2026-08-03T21:15,0.8199999928474426,0.8201000094413757,0.8195000290870667,0.8195000290870667,0
2026-08-03T21:20,0.8195000290870667,0.8209999799728394,0.8195000290870667,0.8209999799728394,0
2026-08-03T21:25,0.8209999799728394,0.8223000168800354,0.820900022983551,0.8216999769210815,36088
2026-08-03T21:30,0.8216999769210815,0.8230000138282776,0.8216999769210815,0.8228999972343445,0
2026-08-03T21:35,0.8228999972343445,0.8235999941825867,0.8228999972343445,0.823199987411499,0
2026-08-03T21:40,0.823199987411499,0.8238000273704529,0.8230000138282776,0.8230999708175659,0
2026-08-03T21:45,0.8234999775886536,0.8240000009536743,0.8234999775886536,0.8240000009536743,0
2026-08-03T21:50,0.8240000009536743,0.8240000009536743,0.8230000138282776,0.8230000138282776,57936
2026-08-03T21:55,0.823199987411499,0.823199987411499,0.8230999708175659,0.823199987411499,0
2026-08-03T22:00,0.822700023651123,0.8230999708175659,0.8210999965667725,0.8223000168800354,0
2026-08-03T22:05,0.8223000168800354,0.8223000168800354,0.820900022983551,0.8220000267028809,0
2026-08-03T22:10,0.8220000267028809,0.8235999941825867,0.8219000101089478,0.8234999775886536,17888
2026-08-03T22:15,0.8235999941825867,0.8245000243186951,0.8230000138282776,0.8238000273704529,221952
2026-08-03T22:20,0.8238000273704529,0.8241000175476074,0.8230000138282776,0.8230000138282776,58536
2026-08-03T22:25,0.8230999708175659,0.8230999708175659,0.8215000033378601,0.8215000033378601,57504
2026-08-03T22:30,0.8215000033378601,0.8216000199317932,0.8213000297546387,0.8216000199317932,0
2026-08-03T22:35,0.8216000199317932,0.8216000199317932,0.8212000131607056,0.8216000199317932,0
2026-08-03T22:40,0.8215000033378601,0.8215000033378601,0.8208000063896179,0.8208000063896179,0
2026-08-03T22:45,0.8208000063896179,0.8226000070571899,0.8208000063896179,0.8220000267028809,0
2026-08-03T22:50,0.8220000267028809,0.8226000070571899,0.8220000267028809,0.8223999738693237,6080
2026-08-03T22:55,0.8223999738693237,0.8223999738693237,0.8220000267028809,0.8220000267028809,0
2026-08-03T23:00,0.8220000267028809,0.8220000267028809,0.821399986743927,0.8220000267028809,0
2026-08-03T23:05,0.8220000267028809,0.8220999836921692,0.8217999935150146,0.8220000267028809,0
2026-08-03T23:10,0.8222000002861023,0.8227999806404114,0.8220999836921692,0.8223999738693237,0
2026-08-03T23:15,0.8223999738693237,0.8230000138282776,0.8219000101089478,0.8219000101089478,0
2026-08-03T23:20,0.8219000101089478,0.8219000101089478,0.8206999897956848,0.8216000199317932,0
2026-08-03T23:25,0.8216000199317932,0.8216000199317932,0.8205000162124634,0.8206999897956848,0
2026-08-03T23:30,0.8202000260353088,0.8205999732017517,0.8199999928474426,0.8199999928474426,180880
2026-08-03T23:35,0.8203999996185303,0.8203999996185303,0.8199999928474426,0.8201000094413757,213720
2026-08-03T23:40,0.8201000094413757,0.8224999904632568,0.8201000094413757,0.8223999738693237,106752
2026-08-03T23:45,0.8223999738693237,0.8230999708175659,0.8223999738693237,0.8230000138282776,119536
2026-08-03T23:50,0.8230000138282776,0.8230000138282776,0.822700023651123,0.8230000138282776,69240
2026-08-03T23:55,0.8230999708175659,0.823199987411499,0.8228999972343445,0.823199987411499,170144
2026-08-04T00:00,0.8230000138282776,0.8245999813079834,0.8230000138282776,0.8245999813079834,42352
2026-08-04T00:05,0.8245000243186951,0.8245000243186951,0.8230000138282776,0.8238999843597412,37616
2026-08-04T00:10,0.8235999941825867,0.8235999941825867,0.8224999904632568,0.822700023651123,38784
2026-08-04T00:15,0.822700023651123,0.8230000138282776,0.822700023651123,0.822700023651123,0
2026-08-04T00:20,0.822700023651123,0.824400007724762,0.822700023651123,0.824400007724762,0
2026-08-04T00:25,0.824400007724762,0.8245999813079834,0.8230999708175659,0.8237000107765198,18496
2026-08-04T00:30,0.8234000205993652,0.8235999941825867,0.8228999972343445,0.8228999972343445,0
2026-08-04T00:35,0.8220000267028809,0.8226000070571899,0.821399986743927,0.8220999836921692,0
2026-08-04T00:40,0.8216000199317932,0.8220000267028809,0.8210999965667725,0.8212000131607056,28696
2026-08-04T00:45,0.8215000033378601,0.8219000101089478,0.8212000131607056,0.8215000033378601,131896
2026-08-04T00:50,0.8216999769210815,0.822700023651123,0.8206999897956848,0.8208000063896179,0
2026-08-04T00:55,0.8203999996185303,0.8212000131607056,0.8199999928474426,0.8209999799728394,291944
2026-08-04T01:00,0.8209999799728394,0.8226000070571899,0.8209999799728394,0.8220000267028809,52272
2026-08-04T01:05,0.8220999836921692,0.8230000138282776,0.8220000267028809,0.8223999738693237,129680
2026-08-04T01:10,0.8220999836921692,0.8222000002861023,0.8215000033378601,0.8220000267028809,63288
2026-08-04T01:15,0.8220999836921692,0.8237000107765198,0.8216999769210815,0.8237000107765198,0
2026-08-04T01:20,0.8235999941825867,0.8266000151634216,0.8235999941825867,0.826200008392334,530608
2026-08-04T01:25,0.8259999752044678,0.8274000287055969,0.8259999752044678,0.8270000219345093,845800
2026-08-04T01:30,0.8271999955177307,0.8341000080108643,0.8271999955177307,0.8339999914169312,338208
2026-08-04T01:35,0.8349000215530396,0.8349999785423279,0.8313999772071838,0.8313999772071838,983624
2026-08-04T01:40,0.8323000073432922,0.8356000185012817,0.8321999907493591,0.8356000185012817,602024
2026-08-04T01:45,0.8353000283241272,0.8360999822616577,0.8339999914169312,0.8346999883651733,208432
2026-08-04T01:50,0.8346999883651733,0.8392999768257141,0.8346999883651733,0.8378000259399414,447800
2026-08-04T01:55,0.8378000259399414,0.8378000259399414,0.8361999988555908,0.8363999724388123,435136
2026-08-04T02:00,0.8370000123977661,0.8384000062942505,0.8367999792098999,0.8379999995231628,64488
2026-08-04T02:05,0.8374000191688538,0.8379999995231628,0.836899995803833,0.8375999927520752,270632
2026-08-04T02:10,0.8378999829292297,0.8396999835968018,0.8377000093460083,0.8393999934196472,179320
2026-08-04T02:15,0.8396000266075134,0.8398000001907349,0.8374000191688538,0.8374000191688538,452664
2026-08-04T02:20,0.8374000191688538,0.8388000130653381,0.8367999792098999,0.8388000130653381,309728
2026-08-04T02:25,0.8384000062942505,0.8389999866485596,0.8379999995231628,0.8385999798774719,198496
2026-08-04T02:30,0.8385999798774719,0.8392999768257141,0.8385999798774719,0.8392999768257141,104680
2026-08-04T02:35,0.8392999768257141,0.8425999879837036,0.8392999768257141,0.8424999713897705,242232
2026-08-04T02:40,0.842199981212616,0.8460999727249146,0.84170001745224,0.8453999757766724,355872
2026-08-04T02:45,0.8457000255584717,0.8460999727249146,0.843999981880188,0.8440999984741211,943408
2026-08-04T02:50,0.8440999984741211,0.8440999984741211,0.8429999947547913,0.8429999947547913,283424
2026-08-04T02:55,0.8431000113487244,0.843500018119812,0.8414999842643738,0.8429999947547913,40640
2026-08-04T03:00,0.8428000211715698,0.8434000015258789,0.8420000076293945,0.8424999713897705,7264
2026-08-04T03:05,0.8424999713897705,0.8424999713897705,0.8398000001907349,0.8403000235557556,358976
2026-08-04T03:10,0.8403000235557556,0.8413000106811523,0.8389999866485596,0.8389999866485596,164992
2026-08-04T03:15,0.8392000198364258,0.8396999835968018,0.8379999995231628,0.8396999835968018,117360
2026-08-04T03:20,0.8398000001907349,0.8427000045776367,0.8395000100135803,0.8413000106811523,311024
2026-08-04T03:25,0.8414000272750854,0.843999981880188,0.8399999737739563,0.843999981880188,174048
2026-08-04T03:30,0.843999981880188,0.845300018787384,0.8428999781608582,0.8432000279426575,507808
2026-08-04T03:35,0.8432000279426575,0.843500018119812,0.8407999873161316,0.8421000242233276,124360
2026-08-04T03:40,0.8421000242233276,0.8424999713897705,0.8410999774932861,0.8418999910354614,649704
2026-08-04T03:45,0.8421000242233276,0.8424000144004822,0.8409000039100647,0.8424000144004822,48880
2026-08-04T03:50,0.8424999713897705,0.843999981880188,0.8424000144004822,0.8431000113487244,0
2026-08-04T03:55,0.8431000113487244,0.8431000113487244,0.8388000130653381,0.8389999866485596,222176
2026-08-04T04:00,0.8389000296592712,0.8403000235557556,0.8385000228881836,0.8388000130653381,0
2026-08-04T04:05,0.8388000130653381,0.8388000130653381,0.8379999995231628,0.8382999897003174,49176
2026-08-04T04:10,0.8381999731063843,0.8392999768257141,0.838100016117096,0.8385000228881836,0
2026-08-04T04:15,0.8382999897003174,0.8392000198364258,0.8379999995231628,0.8391000032424927,0
2026-08-04T04:20,0.8391000032424927,0.8392999768257141,0.8381999731063843,0.8389999866485596,73408
2026-08-04T04:25,0.8379999995231628,0.8388000130653381,0.8360999822616577,0.8363999724388123,81032
2026-08-04T04:30,0.8363999724388123,0.8375999927520752,0.8360000252723694,0.8373000025749207,16832
2026-08-04T04:35,0.8373000025749207,0.838699996471405,0.8366000056266785,0.8384000062942505,515968
2026-08-04T04:40,0.8384000062942505,0.8384000062942505,0.8371000289916992,0.8374000191688538,120632
2026-08-04T04:45,0.836899995803833,0.8391000032424927,0.836899995803833,0.838100016117096,161624
2026-08-04T04:50,0.838100016117096,0.8391000032424927,0.8373000025749207,0.8391000032424927,142832
2026-08-04T04:55,0.8391000032424927,0.8391000032424927,0.8370000123977661,0.8374999761581421,48080
2026-08-04T05:00,0.8375999927520752,0.838699996471405,0.836899995803833,0.838100016117096,87920
2026-08-04T05:05,0.8379999995231628,0.8385000228881836,0.8377000093460083,0.8378999829292297,17504
2026-08-04T05:10,0.838100016117096,0.838100016117096,0.8356000185012817,0.8360000252723694,0
2026-08-04T05:15,0.8360000252723694,0.8360000252723694,0.8349000215530396,0.8349000215530396,70192
2026-08-04T05:20,0.8352000117301941,0.8352000117301941,0.8338000178337097,0.8339999914169312,70160
2026-08-04T05:25,0.8342000246047974,0.8345000147819519,0.833299994468689,0.8345000147819519,155432
2026-08-04T05:30,0.8345999717712402,0.8356999754905701,0.8345999717712402,0.835099995136261,49552
2026-08-04T05:35,0.835099995136261,0.835099995136261,0.8339999914169312,0.8342999815940857,0
2026-08-04T05:40,0.8342999815940857,0.8342999815940857,0.8341000080108643,0.8341000080108643,107240
2026-08-04T05:45,0.8341000080108643,0.8352000117301941,0.8339999914169312,0.8352000117301941,0
2026-08-04T05:50,0.8352000117301941,0.8353000283241272,0.8339999914169312,0.8353000283241272,0
2026-08-04T05:55,0.8352000117301941,0.8357999920845032,0.8348000049591064,0.8356000185012817,0
2026-08-04T06:00,0.8353000283241272,0.8356000185012817,0.8331999778747559,0.8331999778747559,0
2026-08-04T06:05,0.8331999778747559,0.8346999883651733,0.8330000042915344,0.8346999883651733,0
2026-08-04T06:10,0.8346999883651733,0.8374999761581421,0.8341000080108643,0.8360999822616577,0
2026-08-04T06:15,0.8363999724388123,0.8363999724388123,0.8343999981880188,0.8363999724388123,705184
2026-08-04T06:20,0.8363999724388123,0.8366000056266785,0.8360999822616577,0.8366000056266785,342448
2026-08-04T06:25,0.8364999890327454,0.8373000025749207,0.8353999853134155,0.8353999853134155,11920
2026-08-04T06:30,0.8353999853134155,0.8356000185012817,0.8349999785423279,0.8355000019073486,188432
2026-08-04T06:35,0.8355000019073486,0.8355000019073486,0.8339999914169312,0.8339999914169312,0
2026-08-04T06:40,0.8342000246047974,0.8342000246047974,0.8328999876976013,0.8334000110626221,10752
2026-08-04T06:45,0.8330000042915344,0.8331999778747559,0.8323000073432922,0.8327000141143799,0
2026-08-04T06:50,0.8327000141143799,0.8327000141143799,0.8323000073432922,0.8325999975204468,0
2026-08-04T06:55,0.8325999975204468,0.8331000208854675,0.8325999975204468,0.8327999711036682,0
2026-08-04T07:00,0.8327000141143799,0.8327000141143799,0.8317000269889832,0.8319000005722046,0
2026-08-04T07:05,0.8319000005722046,0.832099974155426,0.8314999938011169,0.832099974155426,0
2026-08-04T07:10,0.832099974155426,0.832099974155426,0.8306999802589417,0.8313000202178955,0
2026-08-04T07:15,0.8313000202178955,0.8313000202178955,0.8299999833106995,0.8303999900817871,0
2026-08-04T07:20,0.8303999900817871,0.8306000232696533,0.829800009727478,0.8305000066757202,0
2026-08-04T07:25,0.8309999704360962,0.8330000042915344,0.8309999704360962,0.8330000042915344,51256
2026-08-04T07:30,0.8330000042915344,0.8355000019073486,0.8330000042915344,0.8348000049591064,38576
2026-08-04T07:35,0.8348000049591064,0.8348000049591064,0.8331000208854675,0.8331000208854675,58104
2026-08-04T07:40,0.8331000208854675,0.8331000208854675,0.8327999711036682,0.8327999711036682,0
2026-08-04T07:45,0.8327999711036682,0.8342000246047974,0.8327999711036682,0.8342000246047974,0
2026-08-04T07:50,0.8342999815940857,0.8352000117301941,0.8339999914169312,0.8342000246047974,0
2026-08-04T07:55,0.8342000246047974,0.8353999853134155,0.8342000246047974,0.8353999853134155,0
2026-08-04T08:00,0.8352000117301941,0.8366000056266785,0.8352000117301941,0.8356999754905701,0
2026-08-04T08:05,0.8353999853134155,0.8355000019073486,0.8345000147819519,0.8348000049591064,0
2026-08-04T08:10,0.8339999914169312,0.8349000215530396,0.8335000276565552,0.8337000012397766,0
2026-08-04T08:15,0.8337000012397766,0.8337000012397766,0.8317999839782715,0.8317999839782715,0
2026-08-04T08:20,0.8317999839782715,0.8317999839782715,0.8306999802589417,0.8309999704360962,0
2026-08-04T08:25,0.8310999870300293,0.8310999870300293,0.8302000164985657,0.8307999968528748,0
2026-08-04T08:30,0.8300999999046326,0.8306000232696533,0.8292999863624573,0.8295000195503235,0
2026-08-04T08:35,0.8295000195503235,0.8302000164985657,0.8295000195503235,0.8302000164985657,0
2026-08-04T08:40,0.8306000232696533,0.8320000171661377,0.8303999900817871,0.8320000171661377,0
2026-08-04T08:45,0.8319000005722046,0.833899974822998,0.8314999938011169,0.8337000012397766,238120
2026-08-04T08:50,0.8339999914169312,0.8378000259399414,0.8337000012397766,0.8378000259399414,497088
2026-08-04T08:55,0.8378000259399414,0.8378000259399414,0.8343999981880188,0.8343999981880188,899696
2026-08-04T09:00,0.8346999883651733,0.8349999785423279,0.8327999711036682,0.8327999711036682,0
2026-08-04T09:05,0.8324999809265137,0.8352000117301941,0.8320000171661377,0.8345999717712402,717656
2026-08-04T09:10,0.8345999717712402,0.8355000019073486,0.8339999914169312,0.8355000019073486,615712
2026-08-04T09:15,0.8355000019073486,0.8356000185012817,0.8352000117301941,0.8355000019073486,298480
2026-08-04T09:20,0.8355000019073486,0.8373000025749207,0.8355000019073486,0.8367999792098999,132744
2026-08-04T09:25,0.8367999792098999,0.8375999927520752,0.8367999792098999,0.8375999927520752,158472
2026-08-04T09:30,0.8374999761581421,0.8375999927520752,0.8366000056266785,0.8367000222206116,17760
2026-08-04T09:35,0.8367000222206116,0.8367999792098999,0.8360000252723694,0.8363000154495239,5480
2026-08-04T09:40,0.8361999988555908,0.8361999988555908,0.8353000283241272,0.8355000019073486,4944
2026-08-04T09:45,0.8355000019073486,0.8355000019073486,0.8349999785423279,0.835099995136261,0
2026-08-04T09:50,0.8352000117301941,0.8357999920845032,0.835099995136261,0.8353999853134155,0
2026-08-04T09:55,0.8353999853134155,0.8361999988555908,0.8346999883651733,0.8361999988555908,0
2026-08-04T10:00,0.8363999724388123,0.8367000222206116,0.8360999822616577,0.8364999890327454,0
2026-08-04T10:05,0.8364999890327454,0.8377000093460083,0.8364999890327454,0.8370000123977661,0
2026-08-04T10:10,0.8366000056266785,0.8370000123977661,0.8335000276565552,0.8335999846458435,0
2026-08-04T10:15,0.8335999846458435,0.8342000246047974,0.8324999809265137,0.8334000110626221,0
2026-08-04T10:20,0.8335000276565552,0.8346999883651733,0.8335000276565552,0.8339999914169312,0
2026-08-04T10:25,0.8339999914169312,0.8339999914169312,0.8320000171661377,0.8321999907493591,0
2026-08-04T10:30,0.8327000141143799,0.8331999778747559,0.8319000005722046,0.8328999876976013,0
2026-08-04T10:35,0.8328999876976013,0.8331000208854675,0.8327000141143799,0.8327000141143799,79480
2026-08-04T10:40,0.8327000141143799,0.8342000246047974,0.8327000141143799,0.8341000080108643,139176
2026-08-04T10:45,0.8343999981880188,0.8366000056266785,0.8343999981880188,0.8356000185012817,98704
2026-08-04T10:50,0.8349999785423279,0.8352000117301941,0.8343999981880188,0.8345999717712402,241832
2026-08-04T10:55,0.8345999717712402,0.8349999785423279,0.8342999815940857,0.8343999981880188,2760
2026-08-04T11:00,0.8342000246047974,0.8345999717712402,0.8338000178337097,0.8341000080108643,0
2026-08-04T11:05,0.8339999914169312,0.8339999914169312,0.832099974155426,0.8327000141143799,0
2026-08-04T11:10,0.8327000141143799,0.8327000141143799,0.8313999772071838,0.8313999772071838,0
2026-08-04T11:15,0.8312000036239624,0.8320000171661377,0.8312000036239624,0.83160001039505,5288
2026-08-04T11:20,0.83160001039505,0.8320000171661377,0.8310999870300293,0.8310999870300293,0
2026-08-04T11:25,0.8310999870300293,0.8313999772071838,0.8310999870300293,0.8313999772071838,0
2026-08-04T11:30,0.8313999772071838,0.8321999907493591,0.8313999772071838,0.8320000171661377,0
2026-08-04T11:35,0.8320000171661377,0.832099974155426,0.83160001039505,0.832099974155426,0
2026-08-04T11:40,0.8325999975204468,0.833899974822998,0.8324000239372253,0.8338000178337097,0
2026-08-04T11:45,0.8337000012397766,0.8337000012397766,0.8328999876976013,0.8328999876976013,3792
2026-08-04T11:50,0.8328999876976013,0.8335000276565552,0.8328999876976013,0.8335000276565552,0
2026-08-04T11:55,0.8335000276565552,0.833899974822998,0.8324000239372253,0.8324999809265137,10280
2026-08-04T12:00,0.8323000073432922,0.8324999809265137,0.8306000232696533,0.8314999938011169,0
2026-08-04T12:05,0.8309999704360962,0.8314999938011169,0.8309999704360962,0.8314999938011169,0
2026-08-04T12:10,0.8309999704360962,0.8309999704360962,0.8299999833106995,0.8299999833106995,0
2026-08-04T12:15,0.8299999833106995,0.8302000164985657,0.8278999924659729,0.8278999924659729,0
2026-08-04T12:20,0.8281000256538391,0.8287000060081482,0.8277999758720398,0.8277999758720398,0
2026-08-04T12:25,0.8273000121116638,0.828000009059906,0.8270999789237976,0.8274000287055969,0
2026-08-04T12:30,0.8274000287055969,0.8299999833106995,0.8263999819755554,0.8291000127792358,0
2026-08-04T12:35,0.8288999795913696,0.8299999833106995,0.8287000060081482,0.8299999833106995,233864
2026-08-04T12:40,0.8299999833106995,0.8303999900817871,0.8292999863624573,0.8299999833106995,106400
2026-08-04T12:45,0.8300999999046326,0.8300999999046326,0.8299000263214111,0.8299000263214111,0
2026-08-04T12:50,0.8299000263214111,0.8303999900817871,0.829200029373169,0.8303999900817871,0
2026-08-04T12:55,0.8303999900817871,0.8306000232696533,0.829800009727478,0.8299000263214111,0
2026-08-04T13:00,0.829800009727478,0.829800009727478,0.8284000158309937,0.8292999863624573,0
2026-08-04T13:05,0.8292999863624573,0.8294000029563904,0.8287000060081482,0.8292999863624573,0
2026-08-04T13:10,0.8292999863624573,0.8292999863624573,0.8284000158309937,0.8285999894142151,0
2026-08-04T13:15,0.8285999894142151,0.829200029373169,0.8281000256538391,0.8282999992370605,0
2026-08-04T13:20,0.8282999992370605,0.8302000164985657,0.8277999758720398,0.8277999758720398,0
2026-08-04T13:25,0.8270999789237976,0.828499972820282,0.8270999789237976,0.828000009059906,0
2026-08-04T13:30,0.8277999758720398,0.8289999961853027,0.8274999856948853,0.8281000256538391,0
2026-08-04T13:35,0.8284000158309937,0.8295000195503235,0.828000009059906,0.828499972820282,0
2026-08-04T13:40,0.8289999961853027,0.8289999961853027,0.8285999894142151,0.8289999961853027,0
2026-08-04T13:45,0.8285999894142151,0.8285999894142151,0.8266000151634216,0.8276000022888184,0
2026-08-04T13:50,0.8282999992370605,0.8282999992370605,0.8260999917984009,0.826200008392334,0
2026-08-04T13:55,0.826200008392334,0.8266000151634216,0.824999988079071,0.8256999850273132,0
2026-08-04T14:00,0.8256000280380249,0.8271999955177307,0.8248000144958496,0.8271999955177307,0
2026-08-04T14:05,0.8271999955177307,0.8288000226020813,0.8270000219345093,0.8270000219345093,0
2026-08-04T14:10,0.8270000219345093,0.8271999955177307,0.8266000151634216,0.82669997215271,0
2026-08-04T14:15,0.82669997215271,0.8267999887466431,0.8242999911308289,0.8242999911308289,0
2026-08-04T14:20,0.8241000175476074,0.8263000249862671,0.8240000009536743,0.8258000016212463,0
2026-08-04T14:25,0.8258000016212463,0.8270999789237976,0.8258000016212463,0.8263999819755554,0
2026-08-04T14:30,0.8266000151634216,0.8276000022888184,0.8264999985694885,0.82669997215271,0
2026-08-04T14:35,0.8264999985694885,0.8274000287055969,0.8259000182151794,0.8264999985694885,0
2026-08-04T14:40,0.8271999955177307,0.8284000158309937,0.8270000219345093,0.8278999924659729,0
2026-08-04T14:45,0.8276000022888184,0.8295000195503235,0.8276000022888184,0.8288000226020813,52056
2026-08-04T14:50,0.8288000226020813,0.829200029373169,0.8282999992370605,0.8284000158309937,0
2026-08-04T14:55,0.8281999826431274,0.829200029373169,0.8281999826431274,0.829200029373169,0
2026-08-04T15:00,0.8291000127792358,0.8294000029563904,0.8285999894142151,0.8288000226020813,0
2026-08-04T15:05,0.8285999894142151,0.8285999894142151,0.8277000188827515,0.8281999826431274,0
2026-08-04T15:10,0.8281999826431274,0.8296999931335449,0.8281999826431274,0.8296999931335449,0
2026-08-04T15:15,0.8296999931335449,0.8310999870300293,0.8296999931335449,0.830299973487854,0
2026-08-04T15:20,0.8292999863624573,0.8292999863624573,0.828499972820282,0.828499972820282,0
2026-08-04T15:25,0.8292999863624573,0.8295999765396118,0.8285999894142151,0.8295000195503235,0
2026-08-04T15:30,0.8295999765396118,0.8321999907493591,0.8295999765396118,0.8317000269889832,63264
2026-08-04T15:35,0.8317000269889832,0.8317999839782715,0.8305000066757202,0.8317000269889832,65432
2026-08-04T15:40,0.83160001039505,0.8355000019073486,0.83160001039505,0.8353000283241272,22648
2026-08-04T15:45,0.8356000185012817,0.8356000185012817,0.8335999846458435,0.8337000012397766,10296
2026-08-04T15:50,0.8337000012397766,0.8337000012397766,0.8320000171661377,0.8327000141143799,0
2026-08-04T15:55,0.8327000141143799,0.8327999711036682,0.8317999839782715,0.832099974155426,0
2026-08-04T16:00,0.8317999839782715,0.8345999717712402,0.8317999839782715,0.8343999981880188,0
2026-08-04T16:05,0.8343999981880188,0.8364999890327454,0.8338000178337097,0.8360999822616577,0
2026-08-04T16:10,0.8355000019073486,0.8385000228881836,0.8353999853134155,0.8378000259399414,0
2026-08-04T16:15,0.8379999995231628,0.8396999835968018,0.8374000191688538,0.8395000100135803,502608
2026-08-04T16:20,0.8392000198364258,0.8450000286102295,0.8392000198364258,0.8450000286102295,777328
2026-08-04T16:25,0.8442999720573425,0.8442999720573425,0.84170001745224,0.8425999879837036,919744
2026-08-04T16:30,0.8425999879837036,0.8435999751091003,0.8425999879837036,0.8435999751091003,144320
2026-08-04T16:35,0.8436999917030334,0.8442000150680542,0.8385999798774719,0.8385999798774719,188624
2026-08-04T16:40,0.838100016117096,0.839900016784668,0.838100016117096,0.8392000198364258,14280
2026-08-04T16:45,0.8392000198364258,0.8416000008583069,0.8388000130653381,0.8410999774932861,148840
2026-08-04T16:50,0.8402000069618225,0.8427000045776367,0.8402000069618225,0.8420000076293945,144872
2026-08-04T16:55,0.8420000076293945,0.8424999713897705,0.8413000106811523,0.8414000272750854,94048
2026-08-04T17:00,0.8414000272750854,0.8429999947547913,0.8414000272750854,0.8417999744415283,0
2026-08-04T17:05,0.8417999744415283,0.842199981212616,0.8400999903678894,0.8406000137329102,312608
2026-08-04T17:10,0.840499997138977,0.8407999873161316,0.8396999835968018,0.8406000137329102,99616
2026-08-04T17:15,0.840499997138977,0.8418999910354614,0.8398000001907349,0.8414000272750854,26456
2026-08-04T17:20,0.8410000205039978,0.8411999940872192,0.8378000259399414,0.8382999897003174,183168
2026-08-04T17:25,0.8378000259399414,0.8381999731063843,0.8375999927520752,0.8377000093460083,0
2026-08-04T17:30,0.836899995803833,0.8378000259399414,0.8363000154495239,0.8378000259399414,0
2026-08-04T17:35,0.8373000025749207,0.838699996471405,0.8373000025749207,0.8379999995231628,0
2026-08-04T17:40,0.8379999995231628,0.8384000062942505,0.8373000025749207,0.8378000259399414,0
2026-08-04T17:45,0.8378000259399414,0.838699996471405,0.8364999890327454,0.8366000056266785,0
2026-08-04T17:50,0.8360000252723694,0.8378000259399414,0.8356999754905701,0.8367999792098999,53808
2026-08-04T17:55,0.8371999859809875,0.8371999859809875,0.8360000252723694,0.8360000252723694,137608
2026-08-04T18:00,0.8360000252723694,0.8379999995231628,0.8360000252723694,0.8374999761581421,39352
2026-08-04T18:05,0.8378999829292297,0.8384000062942505,0.8371999859809875,0.8378000259399414,212680
2026-08-04T18:10,0.8378000259399414,0.8378999829292297,0.8373000025749207,0.8378999829292297,4392
2026-08-04T18:15,0.838100016117096,0.8398000001907349,0.838100016117096,0.8398000001907349,0
2026-08-04T18:20,0.8396999835968018,0.8406000137329102,0.8396999835968018,0.8403000235557556,0
2026-08-04T18:25,0.8403000235557556,0.8413000106811523,0.8403000235557556,0.8413000106811523,384680
2026-08-04T18:30,0.8416000008583069,0.84170001745224,0.8406999707221985,0.8409000039100647,0
2026-08-04T18:35,0.8409000039100647,0.8409000039100647,0.8402000069618225,0.8406000137329102,0
2026-08-04T18:40,0.840499997138977,0.8409000039100647,0.8402000069618225,0.8406000137329102,0
2026-08-04T18:45,0.8406000137329102,0.8434000015258789,0.8406000137329102,0.8434000015258789,116480
2026-08-04T18:50,0.8434000015258789,0.8436999917030334,0.8422999978065491,0.8422999978065491,11528
2026-08-04T18:55,0.8422999978065491,0.8431000113487244,0.8411999940872192,0.8411999940872192,0
2026-08-04T19:00,0.8413000106811523,0.8428999781608582,0.8413000106811523,0.8428999781608582,0
2026-08-04T19:05,0.8424999713897705,0.8427000045776367,0.8414000272750854,0.8417999744415283,0
2026-08-04T19:10,0.8417999744415283,0.8422999978065491,0.84170001745224,0.842199981212616,0
2026-08-04T19:15,0.842199981212616,0.842199981212616,0.840499997138977,0.840499997138977,0
2026-08-04T19:20,0.840499997138977,0.840499997138977,0.838699996471405,0.8389000296592712,0
2026-08-04T19:25,0.8384000062942505,0.8396999835968018,0.8384000062942505,0.8393999934196472,0
2026-08-04T19:30,0.8389999866485596,0.8411999940872192,0.8389000296592712,0.840399980545044,3080
2026-08-04T19:35,0.8406999707221985,0.8411999940872192,0.8402000069618225,0.8403000235557556,0
2026-08-04T19:40,0.840499997138977,0.8411999940872192,0.840399980545044,0.8409000039100647,46528
2026-08-04T19:45,0.8410999774932861,0.8411999940872192,0.8402000069618225,0.8411999940872192,50704
2026-08-04T19:50,0.8406999707221985,0.8411999940872192,0.8406999707221985,0.8409000039100647,3376
2026-08-04T19:55,0.8407999873161316,0.8410999774932861,0.840399980545044,0.840399980545044,0
2026-08-04T20:00,0.840499997138977,0.8456000089645386,0.840499997138977,0.8447999954223633,182200
2026-08-04T20:05,0.845300018787384,0.8453999757766724,0.8429999947547913,0.8432000279426575,909328
2026-08-04T20:10,0.8431000113487244,0.8439000248908997,0.8429999947547913,0.8438000082969666,177128
2026-08-04T20:15,0.8432999849319458,0.8432999849319458,0.84170001745224,0.84170001745224,25672
2026-08-04T20:20,0.8422999978065491,0.8436999917030334,0.8420000076293945,0.8436999917030334,0
2026-08-04T20:25,0.8435999751091003,0.8440999984741211,0.8435999751091003,0.843999981880188,0
2026-08-04T20:30,0.8438000082969666,0.843999981880188,0.8429999947547913,0.8439000248908997,32992
2026-08-04T20:35,0.8439000248908997,0.8461999893188477,0.8439000248908997,0.8457000255584717,128936
2026-08-04T20:40,0.8460000157356262,0.8471999764442444,0.8457000255584717,0.8457000255584717,445576
2026-08-04T20:45,0.8460999727249146,0.8460999727249146,0.8446999788284302,0.8454999923706055,74360
2026-08-04T20:50,0.8454999923706055,0.8464000225067139,0.8454999923706055,0.8464000225067139,0
2026-08-04T20:55,0.8464000225067139,0.8464000225067139,0.8454999923706055,0.8454999923706055,0
2026-08-04T21:00,0.8453999757766724,0.8503000140190125,0.8453999757766724,0.8478000164031982,0
2026-08-04T21:05,0.8468000292778015,0.8478000164031982,0.8460999727249146,0.8468000292778015,988048
2026-08-04T21:10,0.8468000292778015,0.8496000170707703,0.8468000292778015,0.8472999930381775,89368
2026-08-04T21:15,0.8472999930381775,0.8472999930381775,0.8460000157356262,0.8461999893188477,147840
2026-08-04T21:20,0.8463000059127808,0.8476999998092651,0.8450999855995178,0.8456000089645386,71576
2026-08-04T21:25,0.8456000089645386,0.84579998254776,0.843500018119812,0.843999981880188,154368
2026-08-04T21:30,0.843999981880188,0.8446000218391418,0.8431000113487244,0.8439000248908997,234896
2026-08-04T21:35,0.843999981880188,0.8447999954223633,0.8435999751091003,0.8438000082969666,195968
2026-08-04T21:40,0.8438000082969666,0.8440999984741211,0.8432000279426575,0.8432000279426575,201704
2026-08-04T21:45,0.8429999947547913,0.8618999719619751,0.8429999947547913,0.8551999926567078,1377832
2026-08-04T21:50,0.8561999797821045,0.8567000031471252,0.854200005531311,0.854200005531311,1764552
2026-08-04T21:55,0.8547999858856201,0.8547999858856201,0.8519999980926514,0.8529000282287598,952224
2026-08-04T22:00,0.8525000214576721,0.8549000024795532,0.8515999913215637,0.854200005531311,181816
2026-08-04T22:05,0.8540999889373779,0.8551999926567078,0.8536999821662903,0.8551999926567078,152472
2026-08-04T22:10,0.8564000129699707,0.8590999841690063,0.8560000061988831,0.8590999841690063,153032
2026-08-04T22:15,0.8596000075340271,0.8597000241279602,0.8585000038146973,0.8597000241279602,589184
2026-08-04T22:20,0.8597999811172485,0.8654000163078308,0.8580999970436096,0.8636000156402588,313992
2026-08-04T22:25,0.8637999892234802,0.8651000261306763,0.8616999983787537,0.8618999719619751,699088
2026-08-04T22:30,0.86080002784729,0.8687999844551086,0.86080002784729,0.8676000237464905,965384
2026-08-04T22:35,0.8682000041007996,0.8682000041007996,0.8639000058174133,0.8646000027656555,989944
2026-08-04T22:40,0.8650000095367432,0.8658999800682068,0.8641999959945679,0.8655999898910522,368472
2026-08-04T22:45,0.8648999929428101,0.8677999973297119,0.864799976348877,0.8658999800682068,202952
2026-08-04T22:50,0.866100013256073,0.866599977016449,0.8632000088691711,0.8633000254631042,924536
2026-08-04T22:55,0.8646000027656555,0.8661999702453613,0.8640999794006348,0.8661999702453613,857992
2026-08-04T23:00,0.8657000064849854,0.8676999807357788,0.8644000291824341,0.8651999831199646,111768
2026-08-04T23:05,0.8644000291824341,0.8648999929428101,0.8615999817848206,0.862500011920929,335176
2026-08-04T23:10,0.8619999885559082,0.8644999861717224,0.8616999983787537,0.8636999726295471,353720
2026-08-04T23:15,0.8636999726295471,0.8664000034332275,0.8636999726295471,0.8658000230789185,753192
2026-08-04T23:20,0.8658000230789185,0.8684999942779541,0.8618000149726868,0.8618000149726868,462608
2026-08-04T23:25,0.8621000051498413,0.8640000224113464,0.8592000007629395,0.8592000007629395,1046256
2026-08-04T23:30,0.859000027179718,0.8593999743461609,0.857200026512146,0.8579000234603882,284848
2026-08-04T23:35,0.8583999872207642,0.859000027179718,0.8572999835014343,0.8582000136375427,7912
2026-08-04T23:40,0.8579999804496765,0.8590999841690063,0.857699990272522,0.8578000068664551,221152
2026-08-04T23:45,0.8580999970436096,0.8593999743461609,0.857699990272522,0.8583999872207642,240264
2026-08-04T23:50,0.858299970626831,0.858299970626831,0.8560000061988831,0.8560000061988831,279384
2026-08-04T23:55,0.8561000227928162,0.8561999797821045,0.8555999994277954,0.8560000061988831,24864
2026-08-05T00:00,0.8564000129699707,0.8571000099182129,0.8557000160217285,0.8565999865531921,0
2026-08-05T00:05,0.8567000031471252,0.8605999946594238,0.8549000024795532,0.858299970626831,125864
2026-08-05T00:10,0.8587999939918518,0.867900013923645,0.8587999939918518,0.867900013923645,346840
2026-08-05T00:15,0.866599977016449,0.8676000237464905,0.8637999892234802,0.8644999861717224,2796840
2026-08-05T00:20,0.8637999892234802,0.8654000163078308,0.8626999855041504,0.864300012588501,626872
2026-08-05T00:25,0.8646000027656555,0.8647000193595886,0.8615999817848206,0.8644000291824341,351632
2026-08-05T00:30,0.8636000156402588,0.8669000267982483,0.8636000156402588,0.8665000200271606,412752
2026-08-05T00:35,0.8666999936103821,0.8687999844551086,0.8658000230789185,0.8664000034332275,606400
2026-08-05T00:40,0.8661999702453613,0.8661999702453613,0.8632000088691711,0.864799976348877,134152
2026-08-05T00:45,0.8647000193595886,0.8676000237464905,0.8646000027656555,0.8651999831199646,304624
2026-08-05T00:50,0.8651999831199646,0.8657000064849854,0.8644000291824341,0.8650000095367432,196656
2026-08-05T00:55,0.8652999997138977,0.8652999997138977,0.8629000186920166,0.8633999824523926,214720
2026-08-05T01:00,0.8632000088691711,0.8633999824523926,0.8604000210762024,0.8610000014305115,0
2026-08-05T01:05,0.86080002784729,0.862500011920929,0.8601999878883362,0.86080002784729,91936
2026-08-05T01:10,0.8611000180244446,0.8629000186920166,0.8603000044822693,0.8607000112533569,422816
2026-08-05T01:15,0.8604000210762024,0.86080002784729,0.8592000007629395,0.859499990940094,0
2026-08-05T01:20,0.859499990940094,0.8618000149726868,0.859499990940094,0.8615999817848206,0
2026-08-05T01:25,0.8611999750137329,0.8616999983787537,0.857699990272522,0.858299970626831,0
2026-08-05T01:30,0.8578000068664551,0.8593999743461609,0.8578000068664551,0.8586999773979187,0
2026-08-05T01:35,0.858299970626831,0.8587999939918518,0.8574000000953674,0.8587999939918518,0
2026-08-05T01:40,0.8593999743461609,0.8593999743461609,0.8561000227928162,0.8565999865531921,0
2026-08-05T01:45,0.8565000295639038,0.8579999804496765,0.8565000295639038,0.8572999835014343,0
2026-08-05T01:50,0.8574000000953674,0.859000027179718,0.8571000099182129,0.8583999872207642,0
2026-08-05T01:55,0.8582000136375427,0.8582000136375427,0.8567000031471252,0.8575999736785889,0
2026-08-05T02:00,0.8575000166893005,0.8593999743461609,0.8574000000953674,0.8579999804496765,0
2026-08-05T02:05,0.8575999736785889,0.8582000136375427,0.8565000295639038,0.8575000166893005,0
2026-08-05T02:10,0.857699990272522,0.8582000136375427,0.8565000295639038,0.8567000031471252,0
2026-08-05T02:15,0.8567000031471252,0.8587999939918518,0.8565999865531921,0.8574000000953674,0
2026-08-05T02:20,0.8578000068664551,0.8597999811172485,0.857699990272522,0.8597999811172485,132696
2026-08-05T02:25,0.8597999811172485,0.8603000044822693,0.857200026512146,0.857699990272522,30688
2026-08-05T02:30,0.8578000068664551,0.8592000007629395,0.8571000099182129,0.8587999939918518,35992
2026-08-05T02:35,0.8587999939918518,0.8593999743461609,0.8575000166893005,0.8579000234603882,9592
2026-08-05T02:40,0.8579999804496765,0.858299970626831,0.8572999835014343,0.8575999736785889,0
2026-08-05T02:45,0.8575000166893005,0.8578000068664551,0.8564000129699707,0.8568999767303467,0
2026-08-05T02:50,0.8568999767303467,0.8571000099182129,0.8560000061988831,0.8565000295639038,0
2026-08-05T02:55,0.8565000295639038,0.8571000099182129,0.8551999926567078,0.8551999926567078,8464
2026-08-05T03:00,0.8550999760627747,0.8561000227928162,0.8510000109672546,0.8521000146865845,0
2026-08-05T03:05,0.8518999814987183,0.8533999919891357,0.8518000245094299,0.8522999882698059,0
2026-08-05T03:10,0.8521999716758728,0.8525999784469604,0.8518000245094299,0.8518000245094299,0
2026-08-05T03:15,0.8479999899864197,0.8481000065803528,0.8443999886512756,0.8443999886512756,162544
2026-08-05T03:20,0.843999981880188,0.8450999855995178,0.843500018119812,0.8446000218391418,238136
2026-08-05T03:25,0.8449000120162964,0.8460000157356262,0.8429999947547913,0.8452000021934509,64488
2026-08-05T03:30,0.8446999788284302,0.8461999893188477,0.8446999788284302,0.8460999727249146,338752
2026-08-05T03:35,0.8460999727249146,0.8467000126838684,0.8447999954223633,0.8450999855995178,0
2026-08-05T03:40,0.8450999855995178,0.8452000021934509,0.8440999984741211,0.8446999788284302,0
2026-08-05T03:45,0.8450000286102295,0.8461999893188477,0.8447999954223633,0.8461999893188477,158808
2026-08-05T03:50,0.8457000255584717,0.8476999998092651,0.8457000255584717,0.847000002861023,314832
2026-08-05T03:55,0.847100019454956,0.847100019454956,0.8458999991416931,0.8458999991416931,148184
2026-08-05T04:00,0.84579998254776,0.8460999727249146,0.8446999788284302,0.8454999923706055,0
2026-08-05T04:05,0.8452000021934509,0.8463000059127808,0.8452000021934509,0.8463000059127808,0
2026-08-05T04:10,0.8463000059127808,0.8464000225067139,0.8452000021934509,0.8452000021934509,83856
2026-08-05T04:15,0.8450000286102295,0.8452000021934509,0.8442000150680542,0.8449000120162964,28120
2026-08-05T04:20,0.8452000021934509,0.8452000021934509,0.8446000218391418,0.8446000218391418,0
2026-08-05T04:25,0.8446000218391418,0.8449000120162964,0.8443999886512756,0.8445000052452087,0
2026-08-05T04:30,0.8445000052452087,0.8450000286102295,0.8445000052452087,0.8446999788284302,0
2026-08-05T04:35,0.8446999788284302,0.8446999788284302,0.8442999720573425,0.8446000218391418,0
2026-08-05T04:40,0.8449000120162964,0.8460000157356262,0.8443999886512756,0.8443999886512756,0
2026-08-05T04:45,0.8446000218391418,0.8450999855995178,0.8445000052452087,0.8450999855995178,53664
2026-08-05T04:50,0.8452000021934509,0.8461999893188477,0.8446999788284302,0.8460000157356262,0
2026-08-05T04:55,0.8460000157356262,0.8468000292778015,0.8457000255584717,0.8464000225067139,0
2026-08-05T05:00,0.8463000059127808,0.8479999899864197,0.8460000157356262,0.8478000164031982,0
2026-08-05T05:05,0.8478000164031982,0.8482000231742859,0.8467000126838684,0.8468000292778015,0
2026-08-05T05:10,0.8468000292778015,0.8478000164031982,0.8468000292778015,0.8468000292778015,2752
2026-08-05T05:15,0.8468000292778015,0.847100019454956,0.8447999954223633,0.8452000021934509,0
2026-08-05T05:20,0.845300018787384,0.8463000059127808,0.845300018787384,0.84579998254776,68856
2026-08-05T05:25,0.84579998254776,0.8476999998092651,0.8457000255584717,0.8457000255584717,0
2026-08-05T05:30,0.8457000255584717,0.8468000292778015,0.8457000255584717,0.8464000225067139,0
2026-08-05T05:35,0.8457000255584717,0.8465999960899353,0.8453999757766724,0.8465999960899353,24816
2026-08-05T05:40,0.8467000126838684,0.8468999862670898,0.8460000157356262,0.8460000157356262,0
2026-08-05T05:45,0.8468000292778015,0.847599983215332,0.8464999794960022,0.8472999930381775,0
2026-08-05T05:50,0.8472999930381775,0.8474000096321106,0.8463000059127808,0.8463000059127808,0
2026-08-05T05:55,0.8463000059127808,0.8467000126838684,0.84579998254776,0.8467000126838684,0
2026-08-05T06:00,0.8461999893188477,0.8463000059127808,0.8456000089645386,0.8461999893188477,0
2026-08-05T06:05,0.8461999893188477,0.8461999893188477,0.8446000218391418,0.845300018787384,0
2026-08-05T06:10,0.8453999757766724,0.8457000255584717,0.8450000286102295,0.8454999923706055,0
2026-08-05T06:15,0.8454999923706055,0.84579998254776,0.8452000021934509,0.8453999757766724,0
2026-08-05T06:20,0.84579998254776,0.8478000164031982,0.8457000255584717,0.847000002861023,0
2026-08-05T06:25,0.847000002861023,0.8481000065803528,0.847000002861023,0.8479999899864197,250496
2026-08-05T06:30,0.8479999899864197,0.8521999716758728,0.8479999899864197,0.8503999710083008,575720
2026-08-05T06:35,0.8503999710083008,0.8518000245094299,0.8499000072479248,0.8518000245094299,349832
2026-08-05T06:40,0.8518999814987183,0.8532999753952026,0.8510000109672546,0.8529999852180481,186672
2026-08-05T06:45,0.8529999852180481,0.8529999852180481,0.8513000011444092,0.8518999814987183,72840
2026-08-05T06:50,0.8519999980926514,0.8519999980926514,0.8514000177383423,0.8518000245094299,73968
2026-08-05T06:55,0.8517000079154968,0.8532000184059143,0.8515999913215637,0.8525999784469604,0
2026-08-05T07:00,0.8526999950408936,0.8529000282287598,0.8514999747276306,0.8514999747276306,29360
2026-08-05T07:05,0.8517000079154968,0.852400004863739,0.8511000275611877,0.852400004863739,0
2026-08-05T07:10,0.8519999980926514,0.8531000018119812,0.8517000079154968,0.8528000116348267,53352
2026-08-05T07:15,0.8531000018119812,0.853600025177002,0.8515999913215637,0.8532000184059143,184280
2026-08-05T07:20,0.8532000184059143,0.8533999919891357,0.8518000245094299,0.8531000018119812,25456
2026-08-05T07:25,0.8526999950408936,0.8532000184059143,0.852400004863739,0.8529999852180481,189944
2026-08-05T07:30,0.8529999852180481,0.8537999987602234,0.8528000116348267,0.8529999852180481,11544
2026-08-05T07:35,0.8529999852180481,0.8539999723434448,0.8517000079154968,0.8521999716758728,0
2026-08-05T07:40,0.852400004863739,0.8533999919891357,0.852400004863739,0.8531000018119812,0
2026-08-05T07:45,0.8528000116348267,0.8539999723434448,0.8521999716758728,0.8525000214576721,200808
2026-08-05T07:50,0.8525999784469604,0.8529000282287598,0.852400004863739,0.8526999950408936,71736
2026-08-05T07:55,0.8531000018119812,0.8547000288963318,0.8528000116348267,0.8547000288963318,7472
2026-08-05T08:00,0.8544999957084656,0.8561999797821045,0.8544999957084656,0.8549000024795532,83888
2026-08-05T08:05,0.8549000024795532,0.8557000160217285,0.854200005531311,0.8555999994277954,0
2026-08-05T08:10,0.8551999926567078,0.8557999730110168,0.8539999723434448,0.8543000221252441,232096
2026-08-05T08:15,0.8539999723434448,0.8539999723434448,0.8532999753952026,0.8533999919891357,193528
2026-08-05T08:20,0.8533999919891357,0.8537999987602234,0.8528000116348267,0.8528000116348267,57008
2026-08-05T08:25,0.852400004863739,0.8531000018119812,0.8522999882698059,0.8528000116348267,155680
2026-08-05T08:30,0.8528000116348267,0.8528000116348267,0.8518999814987183,0.8518999814987183,0
2026-08-05T08:35,0.8521000146865845,0.8532000184059143,0.8521000146865845,0.8529000282287598,0
2026-08-05T08:40,0.8529000282287598,0.853600025177002,0.8525999784469604,0.8532000184059143,0
2026-08-05T08:45,0.8529999852180481,0.8532999753952026,0.8517000079154968,0.8532999753952026,0
2026-08-05T08:50,0.8532999753952026,0.8543000221252441,0.8528000116348267,0.8532999753952026,0
2026-08-05T08:55,0.853600025177002,0.8540999889373779,0.8533999919891357,0.8539999723434448,0
2026-08-05T09:00,0.8537999987602234,0.8557000160217285,0.8537999987602234,0.8557000160217285,0
2026-08-05T09:05,0.8553000092506409,0.857200026512146,0.8551999926567078,0.857200026512146,0
2026-08-05T09:10,0.8575999736785889,0.8575999736785889,0.8557999730110168,0.8557999730110168,0
2026-08-05T09:15,0.8560000061988831,0.8565999865531921,0.8557999730110168,0.8561000227928162,0
2026-08-05T09:20,0.8561999797821045,0.8565999865531921,0.8543000221252441,0.8549000024795532,0
2026-08-05T09:25,0.8543999791145325,0.8551999926567078,0.8543999791145325,0.8543999791145325,50456
2026-08-05T09:30,0.8543999791145325,0.8547000288963318,0.8536999821662903,0.8547000288963318,74392
2026-08-05T09:35,0.8547000288963318,0.8547000288963318,0.8535000085830688,0.8539000153541565,111768
2026-08-05T09:40,0.853600025177002,0.8543999791145325,0.853600025177002,0.8537999987602234,23120
2026-08-05T09:45,0.8539000153541565,0.8547000288963318,0.8537999987602234,0.8540999889373779,51984
2026-08-05T09:50,0.854200005531311,0.854200005531311,0.8521999716758728,0.8522999882698059,150216
2026-08-05T09:55,0.8521999716758728,0.8525000214576721,0.8495000004768372,0.8495000004768372,9432
2026-08-05T10:00,0.8495000004768372,0.8503999710083008,0.8485000133514404,0.8503999710083008,0
2026-08-05T10:05,0.8507000207901001,0.8510000109672546,0.850600004196167,0.850600004196167,253256
2026-08-05T10:10,0.850600004196167,0.850600004196167,0.8497999906539917,0.8500000238418579,0
2026-08-05T10:15,0.8496999740600586,0.8496999740600586,0.8482999801635742,0.8485000133514404,0
2026-08-05T10:20,0.8482000231742859,0.8483999967575073,0.847100019454956,0.847599983215332,0
2026-08-05T10:25,0.847599983215332,0.848800003528595,0.847599983215332,0.8482999801635742,0
2026-08-05T10:30,0.8482000231742859,0.8483999967575073,0.8475000262260437,0.8478999733924866,0
2026-08-05T10:35,0.8478999733924866,0.8496000170707703,0.8478000164031982,0.8493000268936157,0
2026-08-05T10:40,0.8500000238418579,0.8503000140190125,0.8492000102996826,0.8503000140190125,56
2026-08-05T10:45,0.8500999808311462,0.8503000140190125,0.8485000133514404,0.8493000268936157,0
2026-08-05T10:50,0.849399983882904,0.8500000238418579,0.849399983882904,0.8497999906539917,0
2026-08-05T10:55,0.8497999906539917,0.8503999710083008,0.849399983882904,0.8496000170707703,7416
2026-08-05T11:00,0.8499000072479248,0.8503999710083008,0.8496999740600586,0.8503000140190125,0
2026-08-05T11:05,0.8500999808311462,0.8519999980926514,0.8497999906539917,0.8519999980926514,7328
2026-08-05T11:10,0.8519999980926514,0.8519999980926514,0.8507999777793884,0.8517000079154968,79632
2026-08-05T11:15,0.8519999980926514,0.8528000116348267,0.8513000011444092,0.8513000011444092,122048
2026-08-05T11:20,0.8513000011444092,0.8519999980926514,0.850600004196167,0.8519999980926514,47128
2026-08-05T11:25,0.8518000245094299,0.8518000245094299,0.8495000004768372,0.8495000004768372,18840
2026-08-05T11:30,0.8495000004768372,0.850600004196167,0.8492000102996826,0.8500999808311462,0
2026-08-05T11:35,0.8496999740600586,0.8514000177383423,0.8496999740600586,0.8514000177383423,0
2026-08-05T11:40,0.8518000245094299,0.8518000245094299,0.8507999777793884,0.8507999777793884,67968
2026-08-05T11:45,0.8503999710083008,0.8507000207901001,0.8501999974250793,0.8507000207901001,0
2026-08-05T11:50,0.8507000207901001,0.8507000207901001,0.8503000140190125,0.8503999710083008,0
2026-08-05T11:55,0.8503999710083008,0.8510000109672546,0.8503999710083008,0.850600004196167,0
2026-08-05T12:00,0.8503000140190125,0.8507999777793884,0.8495000004768372,0.8495000004768372,0
2026-08-05T12:05,0.8495000004768372,0.8503000140190125,0.849399983882904,0.8495000004768372,0
2026-08-05T12:10,0.8501999974250793,0.8501999974250793,0.848800003528595,0.8495000004768372,0
2026-08-05T12:15,0.849399983882904,0.8508999943733215,0.8493000268936157,0.8504999876022339,0
2026-08-05T12:20,0.8501999974250793,0.8514000177383423,0.8496999740600586,0.8503999710083008,33552
2026-08-05T12:25,0.8507999777793884,0.852400004863739,0.8507000207901001,0.8510000109672546,225896
2026-08-05T12:30,0.8510000109672546,0.8510000109672546,0.8493000268936157,0.8496999740600586,24200
2026-08-05T12:35,0.8495000004768372,0.8495000004768372,0.8485999703407288,0.8485999703407288,0
2026-08-05T12:40,0.8485999703407288,0.8489000201225281,0.8481000065803528,0.8481000065803528,0
2026-08-05T12:45,0.8476999998092651,0.8479999899864197,0.847000002861023,0.847599983215332,9816
2026-08-05T12:50,0.8476999998092651,0.8478000164031982,0.8457000255584717,0.84579998254776,81528
2026-08-05T12:55,0.8457000255584717,0.8464999794960022,0.8457000255584717,0.8460000157356262,0
2026-08-05T13:00,0.8461999893188477,0.8464999794960022,0.8457000255584717,0.8460000157356262,0
2026-08-05T13:05,0.8460000157356262,0.8467000126838684,0.8458999991416931,0.8464000225067139,0
2026-08-05T13:10,0.84579998254776,0.8474000096321106,0.8449000120162964,0.8474000096321106,0
2026-08-05T13:15,0.8472999930381775,0.8478000164031982,0.8467000126838684,0.8478000164031982,229376
2026-08-05T13:20,0.8474000096321106,0.8474000096321106,0.8456000089645386,0.8456000089645386,0
2026-08-05T13:25,0.8453999757766724,0.8456000089645386,0.8447999954223633,0.8447999954223633,0
2026-08-05T13:30,0.8442999720573425,0.845300018787384,0.8422999978065491,0.8432000279426575,0
2026-08-05T13:35,0.8428999781608582,0.845300018787384,0.8417999744415283,0.8447999954223633,149712
2026-08-05T13:40,0.8446000218391418,0.8458999991416931,0.8439000248908997,0.8443999886512756,301304
2026-08-05T13:45,0.8446000218391418,0.8454999923706055,0.843500018119812,0.8454999923706055,253296
2026-08-05T13:50,0.8453999757766724,0.8458999991416931,0.8440999984741211,0.8440999984741211,153096
2026-08-05T13:55,0.8446000218391418,0.8457000255584717,0.8440999984741211,0.845300018787384,0
2026-08-05T14:00,0.8449000120162964,0.845300018787384,0.8428000211715698,0.8428999781608582,0
2026-08-05T14:05,0.8432000279426575,0.8458999991416931,0.8432000279426575,0.8452000021934509,47064
2026-08-05T14:10,0.8447999954223633,0.8486999869346619,0.8446999788284302,0.847599983215332,89200
2026-08-05T14:15,0.8476999998092651,0.8482000231742859,0.8471999764442444,0.8472999930381775,898376
2026-08-05T14:20,0.8468999862670898,0.8472999930381775,0.8457000255584717,0.8464999794960022,387496
2026-08-05T14:25,0.8464999794960022,0.8478000164031982,0.8464999794960022,0.8468000292778015,0
2026-08-05T14:30,0.8467000126838684,0.8482999801635742,0.8467000126838684,0.8471999764442444,5504
2026-08-05T14:35,0.8474000096321106,0.847599983215332,0.84579998254776,0.8467000126838684,131792
2026-08-05T14:40,0.8468000292778015,0.8482000231742859,0.8464000225067139,0.8481000065803528,87912
2026-08-05T14:45,0.8483999967575073,0.8485999703407288,0.8474000096321106,0.847599983215332,91736
2026-08-05T14:50,0.8475000262260437,0.8476999998092651,0.8464000225067139,0.8476999998092651,0
2026-08-05T14:55,0.8478999733924866,0.8503999710083008,0.8478999733924866,0.8492000102996826,206016
2026-08-05T15:00,0.8489000201225281,0.8490999937057495,0.8478999733924866,0.8482999801635742,0
2026-08-05T15:05,0.8482000231742859,0.8489000201225281,0.847599983215332,0.8486999869346619,94088
2026-08-05T15:10,0.8489000201225281,0.8493000268936157,0.8476999998092651,0.8483999967575073,114872
2026-08-05T15:15,0.8492000102996826,0.8515999913215637,0.8486999869346619,0.8514999747276306,187408
2026-08-05T15:20,0.8514000177383423,0.8514000177383423,0.8495000004768372,0.8503999710083008,361792
2026-08-05T15:25,0.8500999808311462,0.8521000146865845,0.8497999906539917,0.8518999814987183,523688
2026-08-05T15:30,0.8521000146865845,0.8521000146865845,0.850600004196167,0.8507999777793884,36176
2026-08-05T15:35,0.8507999777793884,0.8533999919891357,0.8507999777793884,0.8533999919891357,0
2026-08-05T15:40,0.8531000018119812,0.8536999821662903,0.8528000116348267,0.8532999753952026,147536
2026-08-05T15:45,0.8529999852180481,0.8535000085830688,0.8521999716758728,0.8533999919891357,0
2026-08-05T15:50,0.8533999919891357,0.8537999987602234,0.8518000245094299,0.852400004863739,182768
2026-08-05T15:55,0.8521999716758728,0.8525000214576721,0.8518000245094299,0.8521000146865845,0
2026-08-05T16:00,0.8519999980926514,0.8522999882698059,0.850600004196167,0.850600004196167,0
2026-08-05T16:05,0.8508999943733215,0.8532000184059143,0.8508999943733215,0.8529999852180481,132736
2026-08-05T16:10,0.8529999852180481,0.8533999919891357,0.8518999814987183,0.8533999919891357,0
2026-08-05T16:15,0.8531000018119812,0.853600025177002,0.8525999784469604,0.8529999852180481,0
2026-08-05T16:20,0.8529999852180481,0.8539999723434448,0.8529999852180481,0.8532999753952026,0
2026-08-05T16:25,0.8536999821662903,0.8547000288963318,0.8532999753952026,0.8546000123023987,0
2026-08-05T16:30,0.8547999858856201,0.8547999858856201,0.8532999753952026,0.8533999919891357,85408
2026-08-05T16:35,0.8532999753952026,0.8543000221252441,0.8532000184059143,0.8539999723434448,0
2026-08-05T16:40,0.8543000221252441,0.8543999791145325,0.8531000018119812,0.8535000085830688,0
2026-08-05T16:45,0.8532000184059143,0.8546000123023987,0.8532000184059143,0.853600025177002,0
2026-08-05T16:50,0.853600025177002,0.8537999987602234,0.8515999913215637,0.8515999913215637,0
2026-08-05T16:55,0.8519999980926514,0.8529000282287598,0.8518000245094299,0.852400004863739,0
2026-08-05T17:00,0.852400004863739,0.8529999852180481,0.8521999716758728,0.8525000214576721,0
2026-08-05T17:05,0.8525000214576721,0.854200005531311,0.8525000214576721,0.8525999784469604,0
2026-08-05T17:10,0.8525999784469604,0.8525999784469604,0.8514999747276306,0.8515999913215637,0
2026-08-05T17:15,0.8518000245094299,0.852400004863739,0.8518000245094299,0.8521000146865845,0
2026-08-05T17:20,0.8519999980926514,0.8525000214576721,0.8514000177383423,0.8522999882698059,0
2026-08-05T17:25,0.8522999882698059,0.8525000214576721,0.8511999845504761,0.8511999845504761,44672
2026-08-05T17:30,0.8513000011444092,0.852400004863739,0.8513000011444092,0.8518000245094299,0
2026-08-05T17:35,0.8518000245094299,0.8539999723434448,0.8518000245094299,0.8539999723434448,0
2026-08-05T17:40,0.8539999723434448,0.8539999723434448,0.8525999784469604,0.8525999784469604,54088
2026-08-05T17:45,0.8529000282287598,0.8529000282287598,0.8521000146865845,0.8522999882698059,93488
2026-08-05T17:50,0.8522999882698059,0.8532000184059143,0.8522999882698059,0.8522999882698059,0
2026-08-05T17:55,0.8518000245094299,0.8522999882698059,0.8515999913215637,0.8518000245094299,0
2026-08-05T18:00,0.8517000079154968,0.8526999950408936,0.8511000275611877,0.8526999950408936,0
2026-08-05T18:05,0.8526999950408936,0.8531000018119812,0.8514000177383423,0.8514000177383423,14432
2026-08-05T18:10,0.8514999747276306,0.8521999716758728,0.8514999747276306,0.8519999980926514,24000
2026-08-05T18:15,0.8521000146865845,0.8521999716758728,0.8507000207901001,0.8508999943733215,99520
2026-08-05T18:20,0.8507999777793884,0.8514999747276306,0.8503000140190125,0.8503000140190125,0
2026-08-05T18:25,0.8503000140190125,0.8511999845504761,0.8503000140190125,0.8511000275611877,0
2026-08-05T18:30,0.8518999814987183,0.8521000146865845,0.8514999747276306,0.8519999980926514,10792
2026-08-05T18:35,0.852400004863739,0.8529999852180481,0.852400004863739,0.8528000116348267,92936
2026-08-05T18:40,0.8529000282287598,0.8529000282287598,0.852400004863739,0.8525999784469604,38240
2026-08-05T18:45,0.8522999882698059,0.8525999784469604,0.8518999814987183,0.8521000146865845,0
2026-08-05T18:50,0.8521000146865845,0.8521999716758728,0.8514000177383423,0.8515999913215637,0
2026-08-05T18:55,0.8515999913215637,0.852400004863739,0.8514999747276306,0.8518999814987183,0
2026-08-05T19:00,0.8519999980926514,0.8521999716758728,0.8514000177383423,0.8517000079154968,0
2026-08-05T19:05,0.8517000079154968,0.8525000214576721,0.8514999747276306,0.8525000214576721,0
2026-08-05T19:10,0.8522999882698059,0.8522999882698059,0.8517000079154968,0.8518000245094299,46864
2026-08-05T19:15,0.8518000245094299,0.8521000146865845,0.8514999747276306,0.8518000245094299,0
2026-08-05T19:20,0.8518000245094299,0.8521999716758728,0.8518000245094299,0.8518999814987183,0
2026-08-05T19:25,0.8518999814987183,0.8521999716758728,0.8515999913215637,0.8515999913215637,0
2026-08-05T19:30,0.8517000079154968,0.8517000079154968,0.8501999974250793,0.8507000207901001,0
2026-08-05T19:35,0.8501999974250793,0.8503999710083008,0.8497999906539917,0.8500999808311462,0
2026-08-05T19:40,0.8501999974250793,0.8503000140190125,0.8486999869346619,0.8490999937057495,0
2026-08-05T19:45,0.8486999869346619,0.8489999771118164,0.8481000065803528,0.8481000065803528,0
2026-08-05T19:50,0.8482000231742859,0.8482999801635742,0.847599983215332,0.8481000065803528,101872
2026-08-05T19:55,0.8485999703407288,0.8485999703407288,0.8468999862670898,0.847100019454956,7488
2026-08-05T20:00,0.8474000096321106,0.8478000164031982,0.8467000126838684,0.847599983215332,0
2026-08-05T20:05,0.8468000292778015,0.847599983215332,0.8465999960899353,0.8472999930381775,0
2026-08-05T20:10,0.8472999930381775,0.8483999967575073,0.8472999930381775,0.8483999967575073,0
2026-08-05T20:15,0.8483999967575073,0.8483999967575073,0.8479999899864197,0.8479999899864197,0
2026-08-05T20:20,0.8478000164031982,0.8489999771118164,0.8476999998092651,0.8485999703407288,0
2026-08-05T20:25,0.8485999703407288,0.8492000102996826,0.8485999703407288,0.8492000102996826,45960
2026-08-05T20:30,0.8492000102996826,0.8493000268936157,0.8482000231742859,0.8482000231742859,12064
2026-08-05T20:35,0.8482000231742859,0.8486999869346619,0.8479999899864197,0.8486999869346619,0
2026-08-05T20:40,0.8486999869346619,0.8495000004768372,0.8485999703407288,0.8490999937057495,0
2026-08-05T20:45,0.8490999937057495,0.8492000102996826,0.8482000231742859,0.8482000231742859,0
2026-08-05T20:50,0.8482000231742859,0.8485999703407288,0.8478000164031982,0.8485000133514404,0
2026-08-05T20:55,0.8485000133514404,0.8485000133514404,0.8476999998092651,0.8482000231742859,32680
2026-08-05T21:00,0.8482000231742859,0.8485999703407288,0.8468999862670898,0.8472999930381775,0
2026-08-05T21:05,0.8468999862670898,0.8474000096321106,0.8464000225067139,0.8468000292778015,0
2026-08-05T21:10,0.847000002861023,0.847100019454956,0.8458999991416931,0.8467000126838684,0
2026-08-05T21:15,0.8465999960899353,0.8467000126838684,0.84579998254776,0.8463000059127808,0
2026-08-05T21:20,0.8454999923706055,0.8457000255584717,0.8424000144004822,0.8425999879837036,29648
2026-08-05T21:25,0.8429999947547913,0.8432000279426575,0.842199981212616,0.842199981212616,0
2026-08-05T21:30,0.842199981212616,0.8425999879837036,0.842199981212616,0.8422999978065491,88672
2026-08-05T21:35,0.842199981212616,0.842199981212616,0.840499997138977,0.8410000205039978,83280
2026-08-05T21:40,0.8414000272750854,0.8417999744415283,0.840499997138977,0.8410000205039978,0
2026-08-05T21:45,0.8410000205039978,0.8410000205039978,0.8391000032424927,0.8396000266075134,0
2026-08-05T21:50,0.8398000001907349,0.8403000235557556,0.8389999866485596,0.8392999768257141,0
2026-08-05T21:55,0.8392999768257141,0.840399980545044,0.8392999768257141,0.8399999737739563,0
2026-08-05T22:00,0.840399980545044,0.8406999707221985,0.8385000228881836,0.8406999707221985,0
2026-08-05T22:05,0.8399999737739563,0.8406000137329102,0.839900016784668,0.8406000137329102,25528
2026-08-05T22:10,0.8402000069618225,0.840499997138977,0.8391000032424927,0.8396000266075134,0
2026-08-05T22:15,0.8396000266075134,0.8400999903678894,0.8396000266075134,0.8399999737739563,0
2026-08-05T22:20,0.8396999835968018,0.8398000001907349,0.8392000198364258,0.8395000100135803,0
2026-08-05T22:25,0.8395000100135803,0.8398000001907349,0.8392999768257141,0.8396999835968018,0
2026-08-05T22:30,0.8396999835968018,0.8398000001907349,0.8393999934196472,0.8398000001907349,0
2026-08-05T22:35,0.8396999835968018,0.8403000235557556,0.8393999934196472,0.8403000235557556,0
2026-08-05T22:40,0.840399980545044,0.840399980545044,0.8400999903678894,0.8402000069618225,0
2026-08-05T22:45,0.8400999903678894,0.8406000137329102,0.8399999737739563,0.8400999903678894,0
2026-08-05T22:50,0.8398000001907349,0.8406000137329102,0.8396000266075134,0.8403000235557556,0
2026-08-05T22:55,0.8410000205039978,0.8425999879837036,0.8409000039100647,0.842199981212616,0
2026-08-05T23:00,0.8420000076293945,0.8420000076293945,0.8410000205039978,0.8420000076293945,0
2026-08-05T23:05,0.8414000272750854,0.8428000211715698,0.8414000272750854,0.8428000211715698,0
2026-08-05T23:10,0.8429999947547913,0.8432000279426575,0.8425999879837036,0.8427000045776367,0
2026-08-05T23:15,0.8424000144004822,0.843500018119812,0.8422999978065491,0.8434000015258789,0
2026-08-05T23:20,0.8434000015258789,0.8434000015258789,0.8422999978065491,0.8422999978065491,0
2026-08-05T23:25,0.8422999978065491,0.8424999713897705,0.842199981212616,0.8424000144004822,0
2026-08-05T23:30,0.8424000144004822,0.8424000144004822,0.8420000076293945,0.8421000242233276,0
2026-08-05T23:35,0.8422999978065491,0.8428000211715698,0.8421000242233276,0.8428000211715698,0
2026-08-05T23:40,0.8429999947547913,0.8431000113487244,0.8406000137329102,0.8406999707221985,0
2026-08-05T23:45,0.8406000137329102,0.8420000076293945,0.8402000069618225,0.8417999744415283,0
2026-08-05T23:50,0.8417999744415283,0.8429999947547913,0.8414999842643738,0.8428000211715698,0
2026-08-05T23:55,0.8428000211715698,0.8428000211715698,0.84170001745224,0.8418999910354614,16584
2026-08-06T00:00,0.8414999842643738,0.8435999751091003,0.8414999842643738,0.8435999751091003,0
2026-08-06T00:05,0.8435999751091003,0.8456000089645386,0.8435999751091003,0.8454999923706055,0
2026-08-06T00:10,0.8456000089645386,0.8464000225067139,0.8456000089645386,0.84579998254776,0
2026-08-06T00:15,0.8457000255584717,0.8457000255584717,0.8428000211715698,0.8436999917030334,0
2026-08-06T00:20,0.8438000082969666,0.8452000021934509,0.8436999917030334,0.8449000120162964,0
2026-08-06T00:25,0.8450999855995178,0.8456000089645386,0.8445000052452087,0.8450999855995178,0
2026-08-06T00:30,0.8450999855995178,0.8452000021934509,0.8438000082969666,0.8447999954223633,0
2026-08-06T00:35,0.8446999788284302,0.8446999788284302,0.8435999751091003,0.843999981880188,0
2026-08-06T00:40,0.843999981880188,0.8450999855995178,0.843999981880188,0.8442000150680542,0
2026-08-06T00:45,0.843999981880188,0.8445000052452087,0.843999981880188,0.8442000150680542,0
2026-08-06T00:50,0.8442000150680542,0.8450000286102295,0.843999981880188,0.8446999788284302,0
2026-08-06T00:55,0.8446999788284302,0.8446999788284302,0.8436999917030334,0.8440999984741211,0
2026-08-06T01:00,0.843500018119812,0.8445000052452087,0.8432999849319458,0.8438000082969666,0
2026-08-06T01:05,0.8436999917030334,0.8440999984741211,0.843500018119812,0.8438000082969666,0
2026-08-06T01:10,0.8435999751091003,0.8440999984741211,0.8428000211715698,0.843500018119812,0
2026-08-06T01:15,0.8434000015258789,0.8434000015258789,0.8411999940872192,0.8411999940872192,0
2026-08-06T01:20,0.8407999873161316,0.8410999774932861,0.839900016784668,0.839900016784668,0
2026-08-06T01:25,0.8398000001907349,0.8402000069618225,0.8391000032424927,0.8391000032424927,12328
2026-08-06T01:30,0.8388000130653381,0.8388000130653381,0.8375999927520752,0.838100016117096,0
2026-08-06T01:35,0.8379999995231628,0.8385000228881836,0.8378000259399414,0.8381999731063843,0
2026-08-06T01:40,0.838100016117096,0.8385000228881836,0.8371000289916992,0.8371000289916992,0
2026-08-06T01:45,0.8371000289916992,0.8395000100135803,0.8371000289916992,0.8395000100135803,0
2026-08-06T01:50,0.8396999835968018,0.84170001745224,0.8388000130653381,0.840499997138977,0
2026-08-06T01:55,0.8403000235557556,0.8414999842643738,0.8398000001907349,0.8400999903678894,0
2026-08-06T02:00,0.839900016784668,0.8406000137329102,0.8389000296592712,0.8392000198364258,0
2026-08-06T02:05,0.8392000198364258,0.8403000235557556,0.8382999897003174,0.8402000069618225,0
2026-08-06T02:10,0.8399999737739563,0.8411999940872192,0.8392000198364258,0.8392000198364258,0
2026-08-06T02:15,0.8395000100135803,0.839900016784668,0.838699996471405,0.8388000130653381,0
2026-08-06T02:20,0.8389000296592712,0.8411999940872192,0.8389000296592712,0.8410000205039978,169136
2026-08-06T02:25,0.8406000137329102,0.8411999940872192,0.8399999737739563,0.8410999774932861,39520
2026-08-06T02:30,0.8403000235557556,0.8424000144004822,0.8403000235557556,0.8418999910354614,0
2026-08-06T02:35,0.8424000144004822,0.8424000144004822,0.8400999903678894,0.8402000069618225,0
2026-08-06T02:40,0.840399980545044,0.8411999940872192,0.840399980545044,0.8411999940872192,0
2026-08-06T02:45,0.8420000076293945,0.8420000076293945,0.8410000205039978,0.8418999910354614,0
2026-08-06T02:50,0.8416000008583069,0.8418999910354614,0.8416000008583069,0.8417999744415283,0
2026-08-06T02:55,0.8416000008583069,0.84170001745224,0.8414000272750854,0.8416000008583069,0
2026-08-06T03:00,0.8414000272750854,0.8414000272750854,0.8398000001907349,0.8409000039100647,0
2026-08-06T03:05,0.8407999873161316,0.8417999744415283,0.840499997138977,0.8417999744415283,0
2026-08-06T03:10,0.8417999744415283,0.842199981212616,0.8413000106811523,0.8414999842643738,0
2026-08-06T03:15,0.8414999842643738,0.84170001745224,0.8406000137329102,0.8406000137329102,0
2026-08-06T03:20,0.8406000137329102,0.8411999940872192,0.840499997138977,0.840499997138977,0
2026-08-06T03:25,0.8406000137329102,0.8411999940872192,0.8403000235557556,0.8409000039100647,0
2026-08-06T03:30,0.8413000106811523,0.8414000272750854,0.840399980545044,0.840499997138977,0
2026-08-06T03:35,0.840499997138977,0.8406000137329102,0.8400999903678894,0.840499997138977,0
2026-08-06T03:40,0.840499997138977,0.840499997138977,0.8395000100135803,0.8398000001907349,0
2026-08-06T03:45,0.8398000001907349,0.8403000235557556,0.8393999934196472,0.8396999835968018,0
2026-08-06T03:50,0.8396000266075134,0.8400999903678894,0.8396000266075134,0.8396000266075134,52952
2026-08-06T03:55,0.8393999934196472,0.8393999934196472,0.8393999934196472,0.8393999934196472,0
2026-08-06T04:00,0.8396000266075134,0.8399999737739563,0.8388000130653381,0.8391000032424927,0
2026-08-06T04:05,0.8391000032424927,0.8400999903678894,0.8391000032424927,0.8396999835968018,0
2026-08-06T04:10,0.8400999903678894,0.840399980545044,0.8396000266075134,0.840399980545044,0
2026-08-06T04:15,0.840399980545044,0.8421000242233276,0.840399980545044,0.8406000137329102,0
2026-08-06T04:20,0.8406999707221985,0.842199981212616,0.8406999707221985,0.842199981212616,140096
2026-08-06T04:25,0.842199981212616,0.8428000211715698,0.8421000242233276,0.842199981212616,190624
2026-08-06T04:30,0.842199981212616,0.8431000113487244,0.842199981212616,0.8428000211715698,112056
2026-08-06T04:35,0.8428999781608582,0.8431000113487244,0.8414999842643738,0.8414999842643738,64464
2026-08-06T04:40,0.8414999842643738,0.8422999978065491,0.8410999774932861,0.8410999774932861,4200
2026-08-06T04:45,0.8398000001907349,0.8411999940872192,0.8398000001907349,0.8411999940872192,390064
2026-08-06T04:50,0.8411999940872192,0.8413000106811523,0.840399980545044,0.840399980545044,436304
2026-08-06T04:55,0.840399980545044,0.8407999873161316,0.8402000069618225,0.8407999873161316,104296
2026-08-06T05:00,0.8406999707221985,0.8417999744415283,0.8406000137329102,0.8413000106811523,0
2026-08-06T05:05,0.84170001745224,0.843500018119812,0.84170001745224,0.8431000113487244,88416
2026-08-06T05:10,0.8429999947547913,0.8429999947547913,0.8417999744415283,0.8417999744415283,21816
2026-08-06T05:15,0.8417999744415283,0.8425999879837036,0.8406999707221985,0.8406999707221985,113304
2026-08-06T05:20,0.8406999707221985,0.8416000008583069,0.8406000137329102,0.8416000008583069,0
2026-08-06T05:25,0.8414999842643738,0.8414999842643738,0.838699996471405,0.8388000130653381,123288
2026-08-06T05:30,0.8384000062942505,0.8385000228881836,0.8371999859809875,0.8371999859809875,0
2026-08-06T05:35,0.8373000025749207,0.8373000025749207,0.8352000117301941,0.8352000117301941,0
2026-08-06T05:40,0.8352000117301941,0.8361999988555908,0.8346999883651733,0.8357999920845032,341552
2026-08-06T05:45,0.8356999754905701,0.8360999822616577,0.8348000049591064,0.8356000185012817,258768
2026-08-06T05:50,0.8352000117301941,0.8359000086784363,0.8352000117301941,0.8357999920845032,171296
2026-08-06T05:55,0.8356000185012817,0.8374999761581421,0.8356000185012817,0.8374999761581421,133824
2026-08-06T06:00,0.8370000123977661,0.8371000289916992,0.8363999724388123,0.836899995803833,0
2026-08-06T06:05,0.8371999859809875,0.8373000025749207,0.8364999890327454,0.8370000123977661,11888
2026-08-06T06:10,0.8370000123977661,0.8373000025749207,0.8348000049591064,0.8349999785423279,75144
2026-08-06T06:15,0.835099995136261,0.8353000283241272,0.8342999815940857,0.8345000147819519,333360
2026-08-06T06:20,0.8345000147819519,0.8363999724388123,0.8345000147819519,0.8363999724388123,216
2026-08-06T06:25,0.8363999724388123,0.8367000222206116,0.8360999822616577,0.8361999988555908,0
2026-08-06T06:30,0.8360999822616577,0.8360999822616577,0.8349999785423279,0.8353999853134155,0
2026-08-06T06:35,0.8353999853134155,0.8355000019073486,0.8348000049591064,0.8349999785423279,0
2026-08-06T06:40,0.8367999792098999,0.8367999792098999,0.8357999920845032,0.8360000252723694,110728
2026-08-06T06:45,0.8360000252723694,0.8363000154495239,0.8353999853134155,0.8355000019073486,2664
2026-08-06T06:50,0.8355000019073486,0.8356999754905701,0.8348000049591064,0.8353999853134155,57160
2026-08-06T06:55,0.8353999853134155,0.8360000252723694,0.8353999853134155,0.8357999920845032,0
2026-08-06T07:00,0.8356999754905701,0.8356999754905701,0.8339999914169312,0.8342999815940857,0
2026-08-06T07:05,0.8345999717712402,0.8346999883651733,0.8339999914169312,0.8345999717712402,0
2026-08-06T07:10,0.8345999717712402,0.8352000117301941,0.8345999717712402,0.8348000049591064,0
2026-08-06T07:15,0.8348000049591064,0.8352000117301941,0.8342999815940857,0.8348000049591064,0
2026-08-06T07:20,0.835099995136261,0.835099995136261,0.8346999883651733,0.8349999785423279,27656
2026-08-06T07:25,0.8349999785423279,0.8356000185012817,0.8348000049591064,0.8353000283241272,0
2026-08-06T07:30,0.8353000283241272,0.8353999853134155,0.835099995136261,0.8352000117301941,0
2026-08-06T07:35,0.8352000117301941,0.8352000117301941,0.8348000049591064,0.8348000049591064,0
2026-08-06T07:40,0.8342999815940857,0.8352000117301941,0.8341000080108643,0.8346999883651733,117064
2026-08-06T07:45,0.8346999883651733,0.8356000185012817,0.8346999883651733,0.8356000185012817,89744
2026-08-06T07:50,0.8356000185012817,0.8356000185012817,0.8349999785423279,0.835099995136261,0
2026-08-06T07:55,0.8353000283241272,0.8356000185012817,0.8313000202178955,0.8328999876976013,0
2026-08-06T08:00,0.8327999711036682,0.8327999711036682,0.8320000171661377,0.8321999907493591,0
2026-08-06T08:05,0.8321999907493591,0.8331999778747559,0.8321999907493591,0.8327999711036682,112992
2026-08-06T08:10,0.8324000239372253,0.8342000246047974,0.8323000073432922,0.833899974822998,0
2026-08-06T08:15,0.833899974822998,0.833899974822998,0.8331999778747559,0.8331999778747559,0
2026-08-06T08:20,0.8331999778747559,0.8334000110626221,0.8331999778747559,0.8334000110626221,0
2026-08-06T08:25,0.8334000110626221,0.8335000276565552,0.833299994468689,0.833299994468689,0
2026-08-06T08:30,0.833299994468689,0.8338000178337097,0.8331999778747559,0.8331999778747559,0
2026-08-06T08:35,0.8331999778747559,0.833299994468689,0.8324000239372253,0.8325999975204468,0
2026-08-06T08:40,0.8325999975204468,0.8335999846458435,0.8325999975204468,0.8335999846458435,0
2026-08-06T08:45,0.8335999846458435,0.8335999846458435,0.8327000141143799,0.8328999876976013,0
2026-08-06T08:50,0.8328999876976013,0.8342000246047974,0.8327999711036682,0.8339999914169312,0
2026-08-06T08:55,0.8338000178337097,0.8341000080108643,0.833299994468689,0.8335999846458435,237288
2026-08-06T09:00,0.8331000208854675,0.8331999778747559,0.8324999809265137,0.8324999809265137,0
2026-08-06T09:05,0.8324999809265137,0.8324999809265137,0.8309000134468079,0.83160001039505,57304
2026-08-06T09:10,0.8313999772071838,0.8313999772071838,0.8299000263214111,0.8303999900817871,62920
2026-08-06T09:15,0.830299973487854,0.8309000134468079,0.829800009727478,0.830299973487854,154952
2026-08-06T09:20,0.8303999900817871,0.8303999900817871,0.8292999863624573,0.8292999863624573,0
2026-08-06T09:25,0.8292999863624573,0.8303999900817871,0.8292999863624573,0.8300999999046326,0
2026-08-06T09:30,0.829800009727478,0.829800009727478,0.828499972820282,0.829800009727478,0
2026-08-06T09:35,0.829800009727478,0.8299999833106995,0.8292999863624573,0.8292999863624573,0
2026-08-06T09:40,0.8287000060081482,0.8291000127792358,0.8284000158309937,0.8284000158309937,18544
2026-08-06T09:45,0.8284000158309937,0.8284000158309937,0.8270999789237976,0.8276000022888184,0
2026-08-06T09:50,0.8281000256538391,0.8281000256538391,0.8273000121116638,0.8273000121116638,0
2026-08-06T09:55,0.8271999955177307,0.8271999955177307,0.82669997215271,0.8267999887466431,0
2026-08-06T10:00,0.826200008392334,0.8266000151634216,0.8246999979019165,0.8259999752044678,0
2026-08-06T10:05,0.8259999752044678,0.8259999752044678,0.8238000273704529,0.8241999745368958,0
2026-08-06T10:10,0.8238999843597412,0.8245999813079834,0.8234000205993652,0.8234000205993652,8360
2026-08-06T10:15,0.8228999972343445,0.8248000144958496,0.8226000070571899,0.8248000144958496,131528
2026-08-06T10:20,0.8248000144958496,0.8253999948501587,0.8237000107765198,0.8248999714851379,54528
2026-08-06T10:25,0.8252000212669373,0.8252000212669373,0.8241999745368958,0.8241999745368958,118328
2026-08-06T10:30,0.8241000175476074,0.8251000046730042,0.8237000107765198,0.8245999813079834,157464
2026-08-06T10:35,0.8245999813079834,0.8245999813079834,0.8241000175476074,0.824400007724762,214576
2026-08-06T10:40,0.824400007724762,0.8245999813079834,0.8237000107765198,0.8240000009536743,178920
2026-08-06T10:45,0.8240000009536743,0.8240000009536743,0.822700023651123,0.8228999972343445,0
2026-08-06T10:50,0.8228999972343445,0.8228999972343445,0.8213000297546387,0.821399986743927,112832
2026-08-06T10:55,0.821399986743927,0.8217999935150146,0.821399986743927,0.8217999935150146,0
2026-08-06T11:00,0.8219000101089478,0.8219000101089478,0.820900022983551,0.8216000199317932,0
2026-08-06T11:05,0.8216000199317932,0.8238999843597412,0.821399986743927,0.8237000107765198,0
2026-08-06T11:10,0.8237000107765198,0.824400007724762,0.8227999806404114,0.8227999806404114,0
2026-08-06T11:15,0.8227999806404114,0.8240000009536743,0.8227999806404114,0.8234999775886536,0
2026-08-06T11:20,0.8234999775886536,0.8240000009536743,0.8234000205993652,0.8234000205993652,360
2026-08-06T11:25,0.8234000205993652,0.824400007724762,0.8234000205993652,0.8241999745368958,3488
2026-08-06T11:30,0.8242999911308289,0.8248000144958496,0.8241999745368958,0.8248000144958496,0
2026-08-06T11:35,0.8248000144958496,0.8259999752044678,0.8246999979019165,0.8253999948501587,0
2026-08-06T11:40,0.8253999948501587,0.826200008392334,0.8251000046730042,0.8255000114440918,49024
2026-08-06T11:45,0.8255000114440918,0.8255000114440918,0.8240000009536743,0.824999988079071,142424
2026-08-06T11:50,0.8248000144958496,0.8248999714851379,0.8241999745368958,0.8245000243186951,72632
2026-08-06T11:55,0.8245000243186951,0.8245000243186951,0.8238999843597412,0.8241999745368958,0
2026-08-06T12:00,0.824400007724762,0.824400007724762,0.8233000040054321,0.8233000040054321,0
2026-08-06T12:05,0.8233000040054321,0.8233000040054321,0.8217999935150146,0.8220999836921692,78736
2026-08-06T12:10,0.8220999836921692,0.8220999836921692,0.8216000199317932,0.8216000199317932,0
2026-08-06T12:15,0.8220000267028809,0.8222000002861023,0.8210999965667725,0.8220999836921692,158832
2026-08-06T12:20,0.8220999836921692,0.8226000070571899,0.8212000131607056,0.8212000131607056,0
2026-08-06T12:25,0.8212000131607056,0.8213000297546387,0.8209999799728394,0.8209999799728394,0
2026-08-06T12:30,0.8213000297546387,0.821399986743927,0.8203999996185303,0.8203999996185303,0
2026-08-06T12:35,0.8202999830245972,0.8217999935150146,0.8202999830245972,0.8217999935150146,46888
2026-08-06T12:40,0.8217999935150146,0.8217999935150146,0.8212000131607056,0.8213000297546387,0
2026-08-06T12:45,0.8213000297546387,0.8213000297546387,0.8195000290870667,0.8195000290870667,0
2026-08-06T12:50,0.8194000124931335,0.8201000094413757,0.8191999793052673,0.8191999793052673,0
2026-08-06T12:55,0.8191999793052673,0.8194000124931335,0.8184000253677368,0.8188999891281128,144952
2026-08-06T13:00,0.8187999725341797,0.819100022315979,0.817799985408783,0.8184000253677368,0
2026-08-06T13:05,0.8183000087738037,0.8183000087738037,0.8154000043869019,0.8167999982833862,276720
2026-08-06T13:10,0.8169999718666077,0.817799985408783,0.8169000148773193,0.8174999952316284,257656
2026-08-06T13:15,0.8174999952316284,0.8177000284194946,0.8167999982833862,0.8167999982833862,0
2026-08-06T13:20,0.8166999816894531,0.8169999718666077,0.8155999779701233,0.8159000277519226,0
2026-08-06T13:25,0.815500020980835,0.8167999982833862,0.8151999711990356,0.8163999915122986,28352
2026-08-06T13:30,0.8162999749183655,0.8163999915122986,0.8151000142097473,0.8151999711990356,0
2026-08-06T13:35,0.8159000277519226,0.8159999847412109,0.8137999773025513,0.815500020980835,0
2026-08-06T13:40,0.8155999779701233,0.8172000050544739,0.8155999779701233,0.8165000081062317,121528
2026-08-06T13:45,0.8169000148773193,0.8183000087738037,0.8163999915122986,0.8181999921798706,0
2026-08-06T13:50,0.8181999921798706,0.8181999921798706,0.8159000277519226,0.8162000179290771,0
2026-08-06T13:55,0.816100001335144,0.8184000253677368,0.816100001335144,0.817799985408783,0
2026-08-06T14:00,0.8176000118255615,0.8184999823570251,0.8176000118255615,0.8179000020027161,0
2026-08-06T14:05,0.8180999755859375,0.8181999921798706,0.817799985408783,0.817799985408783,0
2026-08-06T14:10,0.8181999921798706,0.8185999989509583,0.8163999915122986,0.8163999915122986,0
2026-08-06T14:15,0.8163999915122986,0.8173999786376953,0.8152999877929688,0.8152999877929688,0
2026-08-06T14:20,0.8152999877929688,0.8172000050544739,0.8152999877929688,0.8159000277519226,0
2026-08-06T14:25,0.8159000277519226,0.8162999749183655,0.8148000240325928,0.8151999711990356,33856
2026-08-06T14:30,0.814300000667572,0.8162000179290771,0.814300000667572,0.8162000179290771,0
2026-08-06T14:35,0.8163999915122986,0.8180999755859375,0.8163999915122986,0.8176000118255615,121060
2026-08-06T14:40,0.817300021648407,0.8205999732017517,0.817300021648407,0.8201000094413757,0
2026-08-06T14:45,0.819599986076355,0.8216000199317932,0.819599986076355,0.8198999762535095,322740
2026-08-06T14:50,0.8201000094413757,0.8201000094413757,0.8184999823570251,0.8194000124931335,317880
2026-08-06T14:55,0.8195000290870667,0.8210999965667725,0.8194000124931335,0.8202000260353088,90656
2026-08-06T15:00,0.8199999928474426,0.8215000033378601,0.8191999793052673,0.8205000162124634,0
2026-08-06T15:05,0.8206999897956848,0.8223000168800354,0.8203999996185303,0.8216999769210815,407512
2026-08-06T15:10,0.8222000002861023,0.8223999738693237,0.8208000063896179,0.821399986743927,97664
2026-08-06T15:15,0.8216000199317932,0.8223000168800354,0.8212000131607056,0.8213000297546387,0
2026-08-06T15:20,0.8210999965667725,0.8222000002861023,0.8208000063896179,0.8222000002861023,0
2026-08-06T15:25,0.8228999972343445,0.8228999972343445,0.8217999935150146,0.8222000002861023,22808
2026-08-06T15:30,0.8226000070571899,0.8235999941825867,0.8224999904632568,0.8234999775886536,119944
2026-08-06T15:35,0.8234999775886536,0.8245000243186951,0.8228999972343445,0.8245000243186951,0
2026-08-06T15:40,0.8241999745368958,0.8241999745368958,0.8235999941825867,0.8238999843597412,39192
2026-08-06T15:45,0.8241999745368958,0.8264999985694885,0.8241999745368958,0.8258000016212463,0
2026-08-06T15:50,0.8260999917984009,0.826200008392334,0.824400007724762,0.824400007724762,0
2026-08-06T15:55,0.8242999911308289,0.8245000243186951,0.823199987411499,0.8234000205993652,0
2026-08-06T16:00,0.8230000138282776,0.8234000205993652,0.8217999935150146,0.8223000168800354,0
2026-08-06T16:05,0.8217999935150146,0.8226000070571899,0.8215000033378601,0.8222000002861023,0
2026-08-06T16:10,0.8223000168800354,0.8223000168800354,0.8198999762535095,0.8205000162124634,0
2026-08-06T16:15,0.8208000063896179,0.823199987411499,0.8205999732017517,0.823199987411499,44460
2026-08-06T16:20,0.8235999941825867,0.8235999941825867,0.8215000033378601,0.8220999836921692,114396
2026-08-06T16:25,0.8220999836921692,0.8220999836921692,0.8203999996185303,0.8217999935150146,0
2026-08-06T16:30,0.8219000101089478,0.8227999806404114,0.821399986743927,0.8223999738693237,0
2026-08-06T16:35,0.8224999904632568,0.8234000205993652,0.8223000168800354,0.8226000070571899,0
2026-08-06T16:40,0.8230000138282776,0.8251000046730042,0.8230000138282776,0.8245999813079834,65300
2026-08-06T16:45,0.824999988079071,0.8252999782562256,0.824400007724762,0.8248000144958496,20816
2026-08-06T16:50,0.8252000212669373,0.8258000016212463,0.8246999979019165,0.824999988079071,26984
2026-08-06T16:55,0.8251000046730042,0.8256999850273132,0.824999988079071,0.8256999850273132,95172
2026-08-06T17:00,0.824999988079071,0.8258000016212463,0.8241999745368958,0.8248000144958496,0
2026-08-06T17:05,0.8245000243186951,0.8255000114440918,0.8245000243186951,0.8255000114440918,17488
2026-08-06T17:10,0.8251000046730042,0.8252999782562256,0.8235999941825867,0.8235999941825867,3988
2026-08-06T17:15,0.8233000040054321,0.8237000107765198,0.8228999972343445,0.8234000205993652,81324
2026-08-06T17:20,0.8234000205993652,0.8234000205993652,0.8220999836921692,0.8222000002861023,159244
2026-08-06T17:25,0.8222000002861023,0.8223000168800354,0.8203999996185303,0.8203999996185303,121160
2026-08-06T17:30,0.8202999830245972,0.8234000205993652,0.8202999830245972,0.8220999836921692,111840
2026-08-06T17:35,0.8223999738693237,0.8226000070571899,0.8212000131607056,0.8212000131607056,351908
2026-08-06T17:40,0.8216000199317932,0.8216000199317932,0.8202999830245972,0.8203999996185303,379832
2026-08-06T17:45,0.8208000063896179,0.8213000297546387,0.8195000290870667,0.8195000290870667,0
2026-08-06T17:50,0.8195000290870667,0.8202999830245972,0.8187000155448914,0.8188999891281128,55032
2026-08-06T17:55,0.8185999989509583,0.8210999965667725,0.8185999989509583,0.8206999897956848,119408
2026-08-06T18:00,0.8205000162124634,0.8208000063896179,0.8184000253677368,0.8185999989509583,0
2026-08-06T18:05,0.8185999989509583,0.8185999989509583,0.8172000050544739,0.8185999989509583,0
2026-08-06T18:10,0.8184999823570251,0.8185999989509583,0.817799985408783,0.8183000087738037,31552
2026-08-06T18:15,0.8183000087738037,0.8212000131607056,0.8180999755859375,0.8210999965667725,89648
2026-08-06T18:20,0.820900022983551,0.8226000070571899,0.820900022983551,0.8217999935150146,213160
2026-08-06T18:25,0.8228999972343445,0.8263000249862671,0.8226000070571899,0.8246999979019165,95376
2026-08-06T18:30,0.8245000243186951,0.8245000243186951,0.8226000070571899,0.8226000070571899,531088
2026-08-06T18:35,0.8226000070571899,0.8234000205993652,0.8222000002861023,0.8222000002861023,190864
2026-08-06T18:40,0.8222000002861023,0.8222000002861023,0.821399986743927,0.821399986743927,3320
2026-08-06T18:45,0.8212000131607056,0.8226000070571899,0.8208000063896179,0.8208000063896179,0
2026-08-06T18:50,0.8210999965667725,0.8238999843597412,0.8208000063896179,0.8216999769210815,152528
2026-08-06T18:55,0.8220000267028809,0.8235999941825867,0.8219000101089478,0.823199987411499,423776
2026-08-06T19:00,0.8233000040054321,0.8241999745368958,0.8223999738693237,0.823199987411499,0
2026-08-06T19:05,0.823199987411499,0.8234000205993652,0.8220999836921692,0.8227999806404114,57144
2026-08-06T19:10,0.8227999806404114,0.8233000040054321,0.8219000101089478,0.8223999738693237,7088
2026-08-06T19:15,0.8224999904632568,0.8233000040054321,0.8223999738693237,0.8226000070571899,47096
2026-08-06T19:20,0.8223000168800354,0.8237000107765198,0.8223000168800354,0.8226000070571899,53096
2026-08-06T19:25,0.8223999738693237,0.8234000205993652,0.8219000101089478,0.8222000002861023,18016
2026-08-06T19:30,0.8223999738693237,0.8234000205993652,0.8223000168800354,0.8233000040054321,117888
2026-08-06T19:35,0.823199987411499,0.8233000040054321,0.8223000168800354,0.8224999904632568,38568
2026-08-06T19:40,0.8224999904632568,0.8227999806404114,0.8220000267028809,0.8220000267028809,0
2026-08-06T19:45,0.8220999836921692,0.8234999775886536,0.8219000101089478,0.8230999708175659,0
2026-08-06T19:50,0.8223999738693237,0.8228999972343445,0.8219000101089478,0.8228999972343445,0
2026-08-06T19:55,0.8228999972343445,0.8228999972343445,0.8210999965667725,0.8210999965667725,120584
2026-08-06T20:00,0.8210999965667725,0.8226000070571899,0.8210999965667725,0.8226000070571899,0
2026-08-06T20:05,0.8227999806404114,0.8245000243186951,0.8226000070571899,0.8241000175476074,0
2026-08-06T20:10,0.8234999775886536,0.8238000273704529,0.8226000070571899,0.8235999941825867,83272
2026-08-06T20:15,0.8237000107765198,0.8245999813079834,0.8234999775886536,0.8245999813079834,53248
2026-08-06T20:20,0.8245999813079834,0.8245999813079834,0.8238000273704529,0.8238000273704529,65048
2026-08-06T20:25,0.8241000175476074,0.8241999745368958,0.8233000040054321,0.8241000175476074,0
2026-08-06T20:30,0.8242999911308289,0.8255000114440918,0.8234999775886536,0.8248999714851379,27728
2026-08-06T20:35,0.8246999979019165,0.8259000182151794,0.8245000243186951,0.8253999948501587,193832
2026-08-06T20:40,0.8256000280380249,0.8270000219345093,0.8256000280380249,0.826200008392334,148352
2026-08-06T20:45,0.826200008392334,0.8266000151634216,0.826200008392334,0.8263999819755554,43056
2026-08-06T20:50,0.826200008392334,0.82669997215271,0.826200008392334,0.826200008392334,46312
2026-08-06T20:55,0.826200008392334,0.826200008392334,0.8255000114440918,0.8255000114440918,13416
2026-08-06T21:00,0.8256000280380249,0.8269000053405762,0.8256000280380249,0.8263000249862671,0
2026-08-06T21:05,0.8259000182151794,0.826200008392334,0.8256000280380249,0.8259000182151794,0
2026-08-06T21:10,0.8258000016212463,0.8259000182151794,0.8251000046730042,0.8251000046730042,0
2026-08-06T21:15,0.8251000046730042,0.8259999752044678,0.8245999813079834,0.8259000182151794,0
2026-08-06T21:20,0.8263000249862671,0.8263000249862671,0.8252999782562256,0.8255000114440918,0
2026-08-06T21:25,0.8255000114440918,0.8260999917984009,0.8241999745368958,0.8252000212669373,0
2026-08-06T21:30,0.8253999948501587,0.8263000249862671,0.8253999948501587,0.8263000249862671,0
2026-08-06T21:35,0.8263000249862671,0.8263000249862671,0.8252000212669373,0.8252000212669373,0
2026-08-06T21:40,0.8248999714851379,0.8252999782562256,0.8248000144958496,0.8252000212669373,0
2026-08-06T21:45,0.8246999979019165,0.8246999979019165,0.8242999911308289,0.8245000243186951,0
2026-08-06T21:50,0.8245000243186951,0.8258000016212463,0.8245000243186951,0.8248999714851379,0
2026-08-06T21:55,0.8248999714851379,0.8256000280380249,0.8245999813079834,0.8256000280380249,65864
2026-08-06T22:00,0.8256000280380249,0.8259000182151794,0.8248000144958496,0.8256000280380249,0
2026-08-06T22:05,0.8256000280380249,0.8263999819755554,0.8248000144958496,0.8248000144958496,0
2026-08-06T22:10,0.8248000144958496,0.8252000212669373,0.8242999911308289,0.8252000212669373,0
2026-08-06T22:15,0.8253999948501587,0.8253999948501587,0.8245000243186951,0.8248999714851379,0
2026-08-06T22:20,0.8248999714851379,0.8251000046730042,0.8238000273704529,0.8238999843597412,12464
2026-08-06T22:25,0.8241000175476074,0.8241999745368958,0.8230999708175659,0.8230999708175659,9968
2026-08-06T22:30,0.8230999708175659,0.8234000205993652,0.821399986743927,0.8223999738693237,0
2026-08-06T22:35,0.8223999738693237,0.8227999806404114,0.8222000002861023,0.8222000002861023,76200
2026-08-06T22:40,0.8222000002861023,0.822700023651123,0.8215000033378601,0.8216999769210815,154376
2026-08-06T22:45,0.8216999769210815,0.8222000002861023,0.8216000199317932,0.8216000199317932,26272
2026-08-06T22:50,0.8216000199317932,0.8226000070571899,0.8216000199317932,0.8220999836921692,0
2026-08-06T22:55,0.8217999935150146,0.8219000101089478,0.820900022983551,0.820900022983551,0
2026-08-06T23:00,0.8208000063896179,0.820900022983551,0.8197000026702881,0.8198999762535095,0
2026-08-06T23:05,0.819599986076355,0.8208000063896179,0.8195000290870667,0.8208000063896179,0
2026-08-06T23:10,0.8205999732017517,0.820900022983551,0.8202000260353088,0.8205999732017517,63304
2026-08-06T23:15,0.8205999732017517,0.8205999732017517,0.8199999928474426,0.8202000260353088,34080
2026-08-06T23:20,0.8202000260353088,0.8202000260353088,0.8184000253677368,0.8195000290870667,28104
2026-08-06T23:25,0.819599986076355,0.8199999928474426,0.8191999793052673,0.819599986076355,0
2026-08-06T23:30,0.8195000290870667,0.8203999996185303,0.8195000290870667,0.819599986076355,6016
2026-08-06T23:35,0.8194000124931335,0.819599986076355,0.8183000087738037,0.8191999793052673,12936
2026-08-06T23:40,0.8187999725341797,0.8205999732017517,0.8187999725341797,0.8205999732017517,0
2026-08-06T23:45,0.8205999732017517,0.8205999732017517,0.819599986076355,0.8198000192642212,46272
2026-08-06T23:50,0.8198000192642212,0.8210999965667725,0.8198000192642212,0.8206999897956848,0
2026-08-06T23:55,0.8205999732017517,0.8208000063896179,0.8203999996185303,0.8205999732017517,0
2026-08-07T00:00,0.8205000162124634,0.8216999769210815,0.8202000260353088,0.8216999769210815,0
2026-08-07T00:05,0.8216999769210815,0.8216999769210815,0.8201000094413757,0.8202000260353088,0
2026-08-07T00:10,0.8202000260353088,0.8216000199317932,0.8202000260353088,0.820900022983551,0
2026-08-07T00:15,0.8205999732017517,0.8208000063896179,0.8202000260353088,0.8202999830245972,97920
2026-08-07T00:20,0.8202000260353088,0.8212000131607056,0.819599986076355,0.8212000131607056,0
2026-08-07T00:25,0.8213000297546387,0.8224999904632568,0.8212000131607056,0.8224999904632568,106744
2026-08-07T00:30,0.8222000002861023,0.8224999904632568,0.821399986743927,0.8224999904632568,0
2026-08-07T00:35,0.8220999836921692,0.8222000002861023,0.820900022983551,0.821399986743927,190224
2026-08-07T00:40,0.8216999769210815,0.8223999738693237,0.821399986743927,0.8223999738693237,94928
2026-08-07T00:45,0.8224999904632568,0.8224999904632568,0.8215000033378601,0.8217999935150146,26408
2026-08-07T00:50,0.8219000101089478,0.8224999904632568,0.821399986743927,0.821399986743927,42968
2026-08-07T00:55,0.8215000033378601,0.8220000267028809,0.8210999965667725,0.8215000033378601,110504
2026-08-07T01:00,0.8217999935150146,0.8230999708175659,0.8217999935150146,0.8224999904632568,0
2026-08-07T01:05,0.8224999904632568,0.822700023651123,0.8213000297546387,0.8213000297546387,28416
2026-08-07T01:10,0.821399986743927,0.821399986743927,0.8202000260353088,0.8206999897956848,10888
2026-08-07T01:15,0.8205000162124634,0.8208000063896179,0.8198000192642212,0.8198000192642212,0
2026-08-07T01:20,0.8198000192642212,0.8202999830245972,0.8185999989509583,0.8185999989509583,0
2026-08-07T01:25,0.8187000155448914,0.819599986076355,0.8187000155448914,0.8194000124931335,0
2026-08-07T01:30,0.8191999793052673,0.8202000260353088,0.819100022315979,0.8191999793052673,0
2026-08-07T01:35,0.8191999793052673,0.8191999793052673,0.8184999823570251,0.8185999989509583,23304
2026-08-07T01:40,0.8185999989509583,0.8190000057220459,0.8180999755859375,0.8190000057220459,0
2026-08-07T01:45,0.8187999725341797,0.8197000026702881,0.8187999725341797,0.8190000057220459,125880
2026-08-07T01:50,0.8188999891281128,0.819100022315979,0.817799985408783,0.817799985408783,0
2026-08-07T01:55,0.817799985408783,0.8181999921798706,0.817799985408783,0.8181999921798706,0
2026-08-07T02:00,0.8180000185966492,0.8185999989509583,0.8179000020027161,0.8183000087738037,0
2026-08-07T02:05,0.8181999921798706,0.8183000087738037,0.8169999718666077,0.8172000050544739,0
2026-08-07T02:10,0.8172000050544739,0.8187000155448914,0.8162999749183655,0.8187000155448914,0
2026-08-07T02:15,0.8187999725341797,0.8209999799728394,0.8187999725341797,0.8205999732017517,132096
2026-08-07T02:20,0.8203999996185303,0.8203999996185303,0.819100022315979,0.8198000192642212,0
2026-08-07T02:25,0.8197000026702881,0.8203999996185303,0.8197000026702881,0.8202999830245972,0
2026-08-07T02:30,0.8202999830245972,0.8202999830245972,0.8188999891281128,0.8188999891281128,0
2026-08-07T02:35,0.8188999891281128,0.8198999762535095,0.8187999725341797,0.8187999725341797,16712
2026-08-07T02:40,0.8187999725341797,0.8202000260353088,0.8187000155448914,0.819100022315979,144316
2026-08-07T02:45,0.819100022315979,0.8195000290870667,0.8185999989509583,0.8190000057220459,125180
2026-08-07T02:50,0.8188999891281128,0.8210999965667725,0.8188999891281128,0.820900022983551,99312
2026-08-07T02:55,0.8213000297546387,0.8213000297546387,0.8198999762535095,0.8202999830245972,57068
2026-08-07T03:00,0.8201000094413757,0.8203999996185303,0.8194000124931335,0.8194000124931335,4744
2026-08-07T03:05,0.8194000124931335,0.8212000131607056,0.8194000124931335,0.8210999965667725,0
2026-08-07T03:10,0.8210999965667725,0.8212000131607056,0.8195000290870667,0.8195000290870667,34436
2026-08-07T03:15,0.8195000290870667,0.8198999762535095,0.8188999891281128,0.8192999958992004,0
2026-08-07T03:20,0.8187999725341797,0.8198000192642212,0.8187999725341797,0.8198000192642212,29336
2026-08-07T03:25,0.8198999762535095,0.8224999904632568,0.8198999762535095,0.8224999904632568,9456
2026-08-07T03:30,0.8217999935150146,0.8233000040054321,0.8215000033378601,0.8223999738693237,123328
2026-08-07T03:35,0.8224999904632568,0.8224999904632568,0.8216999769210815,0.8220000267028809,55424
2026-08-07T03:40,0.8223000168800354,0.8224999904632568,0.8215000033378601,0.8216000199317932,17728
2026-08-07T03:45,0.8216000199317932,0.8216000199317932,0.8205000162124634,0.8209999799728394,0
2026-08-07T03:50,0.8209999799728394,0.8212000131607056,0.8187999725341797,0.8192999958992004,0
2026-08-07T03:55,0.8188999891281128,0.819100022315979,0.8176000118255615,0.8176000118255615,0
2026-08-07T04:00,0.817799985408783,0.8180999755859375,0.8167999982833862,0.8180999755859375,0
2026-08-07T04:05,0.8180999755859375,0.8184999823570251,0.8176000118255615,0.8183000087738037,22416
2026-08-07T04:10,0.8183000087738037,0.8183000087738037,0.8172000050544739,0.8176000118255615,0
2026-08-07T04:15,0.817799985408783,0.8181999921798706,0.8176000118255615,0.817799985408783,31984
2026-08-07T04:20,0.8180000185966492,0.8183000087738037,0.8177000284194946,0.8177000284194946,0
2026-08-07T04:25,0.817799985408783,0.817799985408783,0.8166000247001648,0.8176000118255615,0
2026-08-07T04:30,0.817300021648407,0.8177000284194946,0.8169999718666077,0.817300021648407,0
2026-08-07T04:35,0.817300021648407,0.8173999786376953,0.8166000247001648,0.8169000148773193,9964
2026-08-07T04:40,0.8169000148773193,0.8170999884605408,0.816100001335144,0.816100001335144,0
2026-08-07T04:45,0.8151999711990356,0.8165000081062317,0.8151999711990356,0.8155999779701233,0
2026-08-07T04:50,0.8155999779701233,0.8155999779701233,0.8140000104904175,0.8145999908447266,0
2026-08-07T04:55,0.8145999908447266,0.816100001335144,0.8145999908447266,0.816100001335144,159624
2026-08-07T05:00,0.8159999847412109,0.8169999718666077,0.8159000277519226,0.8169999718666077,0
2026-08-07T05:05,0.8166999816894531,0.8167999982833862,0.8154000043869019,0.8159000277519226,0
2026-08-07T05:10,0.8158000111579895,0.8162000179290771,0.8155999779701233,0.8159000277519226,0
2026-08-07T05:15,0.8155999779701233,0.8156999945640564,0.8141999840736389,0.814300000667572,0
2026-08-07T05:20,0.814300000667572,0.8145999908447266,0.8120999932289124,0.8129000067710876,0
2026-08-07T05:25,0.8129000067710876,0.8133999705314636,0.8116000294685364,0.8116000294685364,0
2026-08-07T05:30,0.8119000196456909,0.8119000196456909,0.8101000189781189,0.8101999759674072,0
2026-08-07T05:35,0.8101999759674072,0.8113999962806702,0.8101999759674072,0.8111000061035156,34772
2026-08-07T05:40,0.8108000159263611,0.8108000159263611,0.8090999722480774,0.8098000288009644,0
2026-08-07T05:45,0.8095999956130981,0.8105000257492065,0.8087999820709229,0.8101999759674072,167944
2026-08-07T05:50,0.8105999827384949,0.8126000165939331,0.8105999827384949,0.8122000098228455,41192
2026-08-07T05:55,0.8123999834060669,0.8154000043869019,0.8123999834060669,0.8154000043869019,28624
2026-08-07T06:00,0.8154000043869019,0.8155999779701233,0.8148000240325928,0.8152999877929688,98048
2026-08-07T06:05,0.8155999779701233,0.8162999749183655,0.8152999877929688,0.8152999877929688,109908
2026-08-07T06:10,0.8155999779701233,0.8167999982833862,0.8151999711990356,0.8167999982833862,0
2026-08-07T06:15,0.8167999982833862,0.8180000185966492,0.8165000081062317,0.8176000118255615,0
2026-08-07T06:20,0.8176000118255615,0.8179000020027161,0.8176000118255615,0.8176000118255615,139356
2026-08-07T06:25,0.8176000118255615,0.817799985408783,0.8169000148773193,0.8169000148773193,0
2026-08-07T06:30,0.8173999786376953,0.8173999786376953,0.8162999749183655,0.8162999749183655,0
2026-08-07T06:35,0.8162000179290771,0.817300021648407,0.8162000179290771,0.8169000148773193,0
2026-08-07T06:40,0.8169999718666077,0.8174999952316284,0.8166000247001648,0.8170999884605408,0
2026-08-07T06:45,0.8169000148773193,0.817300021648407,0.8159000277519226,0.8159000277519226,0
2026-08-07T06:50,0.8159000277519226,0.8159000277519226,0.8148999810218811,0.8156999945640564,0
2026-08-07T06:55,0.8158000111579895,0.8163999915122986,0.8158000111579895,0.8159000277519226,17672
2026-08-07T07:00,0.8158000111579895,0.8158000111579895,0.8144000172615051,0.8156999945640564,0
2026-08-07T07:05,0.8155999779701233,0.8165000081062317,0.8155999779701233,0.8165000081062317,0
2026-08-07T07:10,0.8165000081062317,0.8169000148773193,0.8162000179290771,0.8165000081062317,29440
2026-08-07T07:15,0.8162999749183655,0.8162999749183655,0.8162000179290771,0.8162000179290771,0
2026-08-07T07:20,0.8162000179290771,0.8166000247001648,0.8159000277519226,0.8166000247001648,0
2026-08-07T07:25,0.8166000247001648,0.8166000247001648,0.8159999847412109,0.8159999847412109,1516
2026-08-07T07:30,0.8159999847412109,0.8159999847412109,0.8145999908447266,0.8151999711990356,96200
2026-08-07T07:35,0.8154000043869019,0.8154000043869019,0.8149999976158142,0.8151000142097473,67504
2026-08-07T07:40,0.8151000142097473,0.8155999779701233,0.8148999810218811,0.8152999877929688,50004
2026-08-07T07:45,0.8151999711990356,0.815500020980835,0.8151000142097473,0.8151999711990356,0
2026-08-07T07:50,0.8151999711990356,0.8165000081062317,0.8151999711990356,0.8165000081062317,604
2026-08-07T07:55,0.8165000081062317,0.8170999884605408,0.8145999908447266,0.8152999877929688,81684
2026-08-07T08:00,0.8152999877929688,0.816100001335144,0.8144000172615051,0.8155999779701233,0
2026-08-07T08:05,0.8155999779701233,0.8166999816894531,0.8155999779701233,0.8159999847412109,0
2026-08-07T08:10,0.8159999847412109,0.816100001335144,0.8158000111579895,0.8159000277519226,0
2026-08-07T08:15,0.8152999877929688,0.816100001335144,0.8151999711990356,0.8152999877929688,0
2026-08-07T08:20,0.8151000142097473,0.8151999711990356,0.8147000074386597,0.8149999976158142,0
2026-08-07T08:25,0.8149999976158142,0.8151000142097473,0.8145999908447266,0.8147000074386597,0
2026-08-07T08:30,0.8148000240325928,0.816100001335144,0.8148000240325928,0.8154000043869019,0
2026-08-07T08:35,0.8154000043869019,0.8154000043869019,0.8141999840736389,0.8141999840736389,45716
2026-08-07T08:40,0.8141999840736389,0.8155999779701233,0.8137999773025513,0.815500020980835,15676
2026-08-07T08:45,0.815500020980835,0.815500020980835,0.8137999773025513,0.8137999773025513,216104
2026-08-07T08:50,0.8136000037193298,0.8137999773025513,0.8126000165939331,0.8126000165939331,47624
2026-08-07T08:55,0.8126000165939331,0.8130999803543091,0.8126000165939331,0.8130999803543091,0
2026-08-07T09:00,0.8125,0.8137999773025513,0.8122000098228455,0.8137000203132629,40556
2026-08-07T09:05,0.8137000203132629,0.8148000240325928,0.8137000203132629,0.8144999742507935,0
2026-08-07T09:10,0.8144000172615051,0.8148000240325928,0.8137000203132629,0.8148000240325928,0
2026-08-07T09:15,0.8149999976158142,0.8151000142097473,0.8137000203132629,0.8137000203132629,0
2026-08-07T09:20,0.8137000203132629,0.8144999742507935,0.8137000203132629,0.814300000667572,0
2026-08-07T09:25,0.8147000074386597,0.8149999976158142,0.8136000037193298,0.8137000203132629,89468
2026-08-07T09:30,0.8133000135421753,0.8145999908447266,0.8130999803543091,0.8145999908447266,0
2026-08-07T09:35,0.8145999908447266,0.8151999711990356,0.8144000172615051,0.8144000172615051,0
2026-08-07T09:40,0.8141000270843506,0.8141000270843506,0.8127999901771545,0.8129000067710876,57520
2026-08-07T09:45,0.8129000067710876,0.8129000067710876,0.8122000098228455,0.8122000098228455,10512
2026-08-07T09:50,0.8122000098228455,0.8125,0.8112999796867371,0.8112999796867371,0
2026-08-07T09:55,0.8113999962806702,0.8125,0.8112999796867371,0.8125,8832
2026-08-07T10:00,0.8126000165939331,0.8133999705314636,0.8125,0.8133999705314636,0
2026-08-07T10:05,0.8133999705314636,0.8151000142097473,0.8133999705314636,0.8141999840736389,0
2026-08-07T10:10,0.8141999840736389,0.8141999840736389,0.8130999803543091,0.8130999803543091,0
2026-08-07T10:15,0.8130999803543091,0.8134999871253967,0.8127999901771545,0.8127999901771545,0
2026-08-07T10:20,0.8126999735832214,0.8129000067710876,0.8125,0.8127999901771545,0
2026-08-07T10:25,0.8127999901771545,0.8127999901771545,0.8126000165939331,0.8126000165939331,0
2026-08-07T10:30,0.8126000165939331,0.8136000037193298,0.8126000165939331,0.8130000233650208,0
2026-08-07T10:35,0.8130000233650208,0.8130000233650208,0.8119000196456909,0.8119000196456909,0
2026-08-07T10:40,0.8119000196456909,0.8119000196456909,0.8105999827384949,0.8109999895095825,0
2026-08-07T10:45,0.8109999895095825,0.8116000294685364,0.810699999332428,0.8116000294685364,0
2026-08-07T10:50,0.8118000030517578,0.8118000030517578,0.8101999759674072,0.8101999759674072,117216
2026-08-07T10:55,0.8102999925613403,0.8105000257492065,0.8095999956130981,0.8098999857902527,0
2026-08-07T11:00,0.8098000288009644,0.8125,0.8098000288009644,0.8125,45632
2026-08-07T11:05,0.8125,0.8129000067710876,0.8123999834060669,0.8126000165939331,137904
2026-08-07T11:10,0.8126000165939331,0.8126000165939331,0.8116000294685364,0.8119999766349792,0
2026-08-07T11:15,0.8118000030517578,0.8122000098228455,0.8118000030517578,0.8119000196456909,0
2026-08-07T11:20,0.8119000196456909,0.8151999711990356,0.8119000196456909,0.8144000172615051,0
2026-08-07T11:25,0.8147000074386597,0.8156999945640564,0.8147000074386597,0.8151000142097473,0
2026-08-07T11:30,0.8149999976158142,0.8151999711990356,0.814300000667572,0.8151999711990356,462336
2026-08-07T11:35,0.8151999711990356,0.815500020980835,0.8144999742507935,0.8149999976158142,190032
2026-08-07T11:40,0.8147000074386597,0.815500020980835,0.8141999840736389,0.8149999976158142,107012
2026-08-07T11:45,0.8148999810218811,0.8155999779701233,0.8145999908447266,0.8147000074386597,0
2026-08-07T11:50,0.8147000074386597,0.8155999779701233,0.8144000172615051,0.8155999779701233,0
2026-08-07T11:55,0.8155999779701233,0.8156999945640564,0.8151000142097473,0.815500020980835,17796
2026-08-07T12:00,0.8151999711990356,0.8166999816894531,0.8151999711990356,0.8155999779701233,0
2026-08-07T12:05,0.8151999711990356,0.8187000155448914,0.8148000240325928,0.8187000155448914,0
2026-08-07T12:10,0.8180999755859375,0.8190000057220459,0.8167999982833862,0.8169999718666077,208556
2026-08-07T12:15,0.8173999786376953,0.8180000185966492,0.8172000050544739,0.8172000050544739,29628
2026-08-07T12:20,0.8172000050544739,0.8180000185966492,0.8166000247001648,0.8169000148773193,48044
2026-08-07T12:25,0.8162000179290771,0.8176000118255615,0.8158000111579895,0.817300021648407,81632
2026-08-07T12:30,0.8222000002861023,0.8222000002861023,0.8144000172615051,0.8144000172615051,769828
2026-08-07T12:35,0.8144000172615051,0.8155999779701233,0.8144000172615051,0.8145999908447266,751872
2026-08-07T12:40,0.8145999908447266,0.8162999749183655,0.8145999908447266,0.8162999749183655,208188
2026-08-07T12:45,0.8162000179290771,0.8169000148773193,0.8162000179290771,0.8166999816894531,130040
2026-08-07T12:50,0.8166999816894531,0.8180999755859375,0.8166000247001648,0.8180999755859375,85624
2026-08-07T12:55,0.8179000020027161,0.8180000185966492,0.8166000247001648,0.817300021648407,60008
2026-08-07T13:00,0.8174999952316284,0.8176000118255615,0.8165000081062317,0.817300021648407,0
2026-08-07T13:05,0.8173999786376953,0.8177000284194946,0.8169000148773193,0.8170999884605408,0
2026-08-07T13:10,0.8170999884605408,0.8170999884605408,0.8162000179290771,0.8162999749183655,0
2026-08-07T13:15,0.8162999749183655,0.817300021648407,0.815500020980835,0.8172000050544739,6940
2026-08-07T13:20,0.8172000050544739,0.8173999786376953,0.8155999779701233,0.8155999779701233,277824
2026-08-07T13:25,0.8154000043869019,0.8162000179290771,0.8148999810218811,0.8162000179290771,576528
2026-08-07T13:30,0.816100001335144,0.8174999952316284,0.8152999877929688,0.8174999952316284,137628
2026-08-07T13:35,0.8174999952316284,0.8174999952316284,0.8162000179290771,0.8167999982833862,660
2026-08-07T13:40,0.8169000148773193,0.8172000050544739,0.8151000142097473,0.8162999749183655,0
2026-08-07T13:45,0.8165000081062317,0.8165000081062317,0.8144999742507935,0.8151000142097473,268692
2026-08-07T13:50,0.8151000142097473,0.8156999945640564,0.8144999742507935,0.8154000043869019,2372
2026-08-07T13:55,0.8154000043869019,0.8162000179290771,0.8144999742507935,0.8148999810218811,0
2026-08-07T14:00,0.8148999810218811,0.8151999711990356,0.8115000128746033,0.8115000128746033,0
2026-08-07T14:05,0.8116000294685364,0.8125,0.8105000257492065,0.8112999796867371,25460
2026-08-07T14:10,0.8112000226974487,0.8119999766349792,0.8075000047683716,0.8083999752998352,67748
2026-08-07T14:15,0.8079000115394592,0.8095999956130981,0.8079000115394592,0.8095999956130981,1209092
2026-08-07T14:20,0.8098000288009644,0.8108999729156494,0.808899998664856,0.8104000091552734,25672
2026-08-07T14:25,0.8104000091552734,0.8112000226974487,0.8101000189781189,0.8112000226974487,153092
2026-08-07T14:30,0.8108999729156494,0.8108999729156494,0.8098000288009644,0.8100000023841858,86076
2026-08-07T14:35,0.8100000023841858,0.8105999827384949,0.8090000152587891,0.8090000152587891,0
2026-08-07T14:40,0.8091999888420105,0.8098000288009644,0.8083000183105469,0.8084999918937683,0
2026-08-07T14:45,0.8086000084877014,0.809499979019165,0.8084999918937683,0.8087000250816345,0
2026-08-07T14:50,0.8087999820709229,0.8090000152587891,0.8052999973297119,0.8065000176429749,0
2026-08-07T14:55,0.8061000108718872,0.8068000078201294,0.805899977684021,0.8065999746322632,0
2026-08-07T15:00,0.8065000176429749,0.8076000213623047,0.805899977684021,0.8069999814033508,0
2026-08-07T15:05,0.8072999715805054,0.8098999857902527,0.807200014591217,0.8098999857902527,0
2026-08-07T15:10,0.8098999857902527,0.8101999759674072,0.8083000183105469,0.8087000250816345,22308
2026-08-07T15:15,0.8083999752998352,0.8090999722480774,0.8079000115394592,0.8086000084877014,213044
2026-08-07T15:20,0.8087000250816345,0.8091999888420105,0.8083999752998352,0.8087000250816345,0
2026-08-07T15:25,0.8087000250816345,0.8087000250816345,0.8079000115394592,0.8079000115394592,0
2026-08-07T15:30,0.8082000017166138,0.8087999820709229,0.8073999881744385,0.8079000115394592,0
2026-08-07T15:35,0.8076000213623047,0.8082000017166138,0.807200014591217,0.8075000047683716,0
2026-08-07T15:40,0.8079000115394592,0.8083000183105469,0.807699978351593,0.8080000281333923,0
2026-08-07T15:45,0.8080999851226807,0.8087999820709229,0.8077999949455261,0.8087999820709229,0
2026-08-07T15:50,0.8083999752998352,0.8087000250816345,0.8075000047683716,0.8079000115394592,0
2026-08-07T15:55,0.8080000281333923,0.8087999820709229,0.807699978351593,0.8087999820709229,0
2026-08-07T16:00,0.8087000250816345,0.8091999888420105,0.8077999949455261,0.8083000183105469,0
2026-08-07T16:05,0.8083000183105469,0.808899998664856,0.8077999949455261,0.808899998664856,0
2026-08-07T16:10,0.808899998664856,0.8098000288009644,0.8077999949455261,0.8095999956130981,0
2026-08-07T16:15,0.8090999722480774,0.8104000091552734,0.8080999851226807,0.8084999918937683,0
2026-08-07T16:20,0.8083999752998352,0.8086000084877014,0.8069999814033508,0.8069999814033508,0
2026-08-07T16:25,0.8076000213623047,0.8087000250816345,0.8076000213623047,0.8082000017166138,512
2026-08-07T16:30,0.8083999752998352,0.8084999918937683,0.807200014591217,0.8082000017166138,62056
2026-08-07T16:35,0.8082000017166138,0.8087000250816345,0.8082000017166138,0.8086000084877014,0
2026-08-07T16:40,0.8084999918937683,0.8091999888420105,0.8083999752998352,0.8087999820709229,0
2026-08-07T16:45,0.8087999820709229,0.8087999820709229,0.8069000244140625,0.8069999814033508,0
2026-08-07T16:50,0.8069999814033508,0.807200014591217,0.805899977684021,0.8061000108718872,0
2026-08-07T16:55,0.8062000274658203,0.8062000274658203,0.8046000003814697,0.8046000003814697,0
2026-08-07T17:00,0.8039000034332275,0.8046000003814697,0.803600013256073,0.8046000003814697,0
2026-08-07T17:05,0.8046000003814697,0.805400013923645,0.8044999837875366,0.8048999905586243,0
2026-08-07T17:10,0.8048999905586243,0.8048999905586243,0.8029000163078308,0.8029999732971191,0
2026-08-07T17:15,0.8027999997138977,0.8044999837875366,0.8026999831199646,0.8037999868392944,1968
2026-08-07T17:20,0.8037999868392944,0.8037999868392944,0.8015000224113464,0.8015999794006348,115776
2026-08-07T17:25,0.8016999959945679,0.8025000095367432,0.8015999794006348,0.8025000095367432,124020
2026-08-07T17:30,0.8026999831199646,0.8026999831199646,0.8009999990463257,0.8026000261306763,0
2026-08-07T17:35,0.8019000291824341,0.8027999997138977,0.8019000291824341,0.8027999997138977,0
2026-08-07T17:40,0.8029999732971191,0.8037999868392944,0.8027999997138977,0.8030999898910522,8784
2026-08-07T17:45,0.8030999898910522,0.8030999898910522,0.8019000291824341,0.8022000193595886,0
2026-08-07T17:50,0.802299976348877,0.802299976348877,0.8008999824523926,0.801800012588501,0
2026-08-07T17:55,0.8019000291824341,0.8044999837875366,0.801800012588501,0.804099977016449,0
2026-08-07T18:00,0.804099977016449,0.807200014591217,0.804099977016449,0.8070999979972839,0
2026-08-07T18:05,0.807200014591217,0.8075000047683716,0.8065999746322632,0.8069000244140625,124488
2026-08-07T18:10,0.8068000078201294,0.807699978351593,0.8065999746322632,0.8073999881744385,302728
2026-08-07T18:15,0.8073999881744385,0.8080000281333923,0.807200014591217,0.8079000115394592,141840
2026-08-07T18:20,0.8079000115394592,0.8086000084877014,0.8077999949455261,0.8080000281333923,0
2026-08-07T18:25,0.8079000115394592,0.8086000084877014,0.8077999949455261,0.8080999851226807,0
2026-08-07T18:30,0.8079000115394592,0.808899998664856,0.8077999949455261,0.8077999949455261,0
2026-08-07T18:35,0.8077999949455261,0.8087000250816345,0.8076000213623047,0.8076000213623047,0
2026-08-07T18:40,0.8076000213623047,0.8076000213623047,0.8070999979972839,0.8076000213623047,87728
2026-08-07T18:45,0.8076000213623047,0.807699978351593,0.8068000078201294,0.8070999979972839,0
2026-08-07T18:50,0.8068000078201294,0.8069000244140625,0.8064000010490417,0.8066999912261963,0
2026-08-07T18:55,0.8066999912261963,0.8069999814033508,0.8065999746322632,0.8069999814033508,0
2026-08-07T19:00,0.8076000213623047,0.8090000152587891,0.8069000244140625,0.8084999918937683,0
2026-08-07T19:05,0.8084999918937683,0.8094000220298767,0.8084999918937683,0.8090000152587891,0
2026-08-07T19:10,0.8095999956130981,0.8104000091552734,0.8090999722480774,0.8101999759674072,9676
2026-08-07T19:15,0.8102999925613403,0.8127999901771545,0.8102999925613403,0.8127999901771545,51872
2026-08-07T19:20,0.8127999901771545,0.8134999871253967,0.8126999735832214,0.8129000067710876,54972
2026-08-07T19:25,0.8129000067710876,0.8129000067710876,0.8112000226974487,0.8112999796867371,51752
2026-08-07T19:30,0.8118000030517578,0.8122000098228455,0.8111000061035156,0.8122000098228455,21692
2026-08-07T19:35,0.8119999766349792,0.8120999932289124,0.8112999796867371,0.8112999796867371,16692
2026-08-07T19:40,0.8112999796867371,0.8123000264167786,0.8112999796867371,0.8120999932289124,41976
2026-08-07T19:45,0.8120999932289124,0.8123000264167786,0.8116999864578247,0.8116999864578247,25400
2026-08-07T19:50,0.8116999864578247,0.8130000233650208,0.8116999864578247,0.8122000098228455,0
2026-08-07T19:55,0.8123000264167786,0.8126999735832214,0.8120999932289124,0.8123999834060669,6872
2026-08-07T20:00,0.8123999834060669,0.8141000270843506,0.8123999834060669,0.8137999773025513,15536
2026-08-07T20:05,0.8133999705314636,0.8141000270843506,0.8133999705314636,0.8137999773025513,0
2026-08-07T20:10,0.8133999705314636,0.814300000667572,0.8129000067710876,0.8136000037193298,0
2026-08-07T20:15,0.8136000037193298,0.8138999938964844,0.8130999803543091,0.8138999938964844,0
2026-08-07T20:20,0.8140000104904175,0.8141999840736389,0.8134999871253967,0.8141999840736389,8340
2026-08-07T20:25,0.8141999840736389,0.8141999840736389,0.8136000037193298,0.8136000037193298,0
2026-08-07T20:30,0.8133999705314636,0.8133999705314636,0.8130999803543091,0.8130999803543091,0
2026-08-07T20:35,0.8130999803543091,0.8141000270843506,0.8130999803543091,0.8141000270843506,0
2026-08-07T20:40,0.8141999840736389,0.8151000142097473,0.8137999773025513,0.8148999810218811,0
2026-08-07T20:45,0.8148999810218811,0.8159999847412109,0.8148000240325928,0.8159999847412109,0
2026-08-07T20:50,0.8156999945640564,0.8156999945640564,0.8152999877929688,0.8154000043869019,54040
2026-08-07T20:55,0.8155999779701233,0.8174999952316284,0.8155999779701233,0.8174999952316284,11052
2026-08-07T21:00,0.8170999884605408,0.8173999786376953,0.8156999945640564,0.8158000111579895,0
2026-08-07T21:05,0.8155999779701233,0.8158000111579895,0.8154000043869019,0.8154000043869019,114048
2026-08-07T21:10,0.8154000043869019,0.8172000050544739,0.8154000043869019,0.8154000043869019,51560
2026-08-07T21:15,0.8151999711990356,0.8151999711990356,0.8141000270843506,0.8141000270843506,163464
2026-08-07T21:20,0.8141000270843506,0.8141000270843506,0.8130000233650208,0.8131999969482422,11040
2026-08-07T21:25,0.8127999901771545,0.8129000067710876,0.8126000165939331,0.8127999901771545,0
2026-08-07T21:30,0.8127999901771545,0.8133999705314636,0.8127999901771545,0.8131999969482422,0
2026-08-07T21:35,0.8136000037193298,0.8141000270843506,0.8133999705314636,0.8133999705314636,40360
2026-08-07T21:40,0.8130000233650208,0.8147000074386597,0.8127999901771545,0.8127999901771545,31716
2026-08-07T21:45,0.8127999901771545,0.8131999969482422,0.8125,0.8125,60400
2026-08-07T21:50,0.8125,0.8129000067710876,0.8119000196456909,0.8119000196456909,0
2026-08-07T21:55,0.8119999766349792,0.8131999969482422,0.8119999766349792,0.8131999969482422,0
2026-08-07T22:00,0.8130999803543091,0.8130999803543091,0.8122000098228455,0.8125,0
2026-08-07T22:05,0.8125,0.8133999705314636,0.8122000098228455,0.8133999705314636,0
2026-08-07T22:10,0.8133000135421753,0.8140000104904175,0.8130000233650208,0.8140000104904175,5980
2026-08-07T22:15,0.8141000270843506,0.8141000270843506,0.8123000264167786,0.8123999834060669,10920
2026-08-07T22:20,0.8123999834060669,0.8129000067710876,0.8123999834060669,0.8127999901771545,0
2026-08-07T22:25,0.8127999901771545,0.8130000233650208,0.8126999735832214,0.8129000067710876,111832
2026-08-07T22:30,0.8129000067710876,0.8129000067710876,0.8109999895095825,0.8112000226974487,58400
2026-08-07T22:35,0.8112000226974487,0.8113999962806702,0.8112000226974487,0.8112000226974487,0
2026-08-07T22:40,0.8111000061035156,0.8112000226974487,0.8109999895095825,0.8112000226974487,0
2026-08-07T22:45,0.8112000226974487,0.8116000294685364,0.8112000226974487,0.8112000226974487,0
2026-08-07T22:50,0.8112000226974487,0.8116000294685364,0.8109999895095825,0.8115000128746033,10644
2026-08-07T22:55,0.8112000226974487,0.8115000128746033,0.8112000226974487,0.8115000128746033,26984
2026-08-07T23:00,0.8112000226974487,0.8126000165939331,0.8112000226974487,0.8126000165939331,0
2026-08-07T23:05,0.8126000165939331,0.8133000135421753,0.8126000165939331,0.8133000135421753,48828
2026-08-07T23:10,0.8133000135421753,0.8137999773025513,0.8131999969482422,0.8137000203132629,95048
2026-08-07T23:15,0.8145999908447266,0.8145999908447266,0.8140000104904175,0.8145999908447266,41056
2026-08-07T23:20,0.8144000172615051,0.8145999908447266,0.8144000172615051,0.8145999908447266,79452
2026-08-07T23:25,0.8145999908447266,0.8145999908447266,0.8137000203132629,0.8137000203132629,70812
2026-08-07T23:30,0.8137000203132629,0.8144999742507935,0.8137000203132629,0.8144999742507935,217708
2026-08-07T23:35,0.8144999742507935,0.8159999847412109,0.8144999742507935,0.8159999847412109,7536
2026-08-07T23:40,0.8159999847412109,0.8169999718666077,0.8159999847412109,0.8169999718666077,82232
2026-08-07T23:45,0.8169999718666077,0.817799985408783,0.8169999718666077,0.8173999786376953,289572
2026-08-07T23:50,0.8173999786376953,0.8183000087738037,0.8166999816894531,0.8177000284194946,101736
2026-08-07T23:55,0.8179000020027161,0.8184999823570251,0.8179000020027161,0.8184999823570251,429520
2026-08-08T00:00,0.8185999989509583,0.8187999725341797,0.8162000179290771,0.8172000050544739,37820
2026-08-08T00:05,0.8172000050544739,0.8173999786376953,0.8163999915122986,0.8163999915122986,516324
2026-08-08T00:10,0.8163999915122986,0.8163999915122986,0.8154000043869019,0.8162000179290771,132268
2026-08-08T00:15,0.8169000148773193,0.817799985408783,0.8166999816894531,0.8169999718666077,0
2026-08-08T00:20,0.8176000118255615,0.8184999823570251,0.8176000118255615,0.8184000253677368,0
2026-08-08T00:25,0.8184999823570251,0.8184999823570251,0.8180999755859375,0.8180999755859375,481492
2026-08-08T00:30,0.8184999823570251,0.8184999823570251,0.8176000118255615,0.8176000118255615,189272
2026-08-08T00:35,0.8183000087738037,0.8184999823570251,0.8183000087738037,0.8184999823570251,67068
2026-08-08T00:40,0.8184000253677368,0.8187000155448914,0.817799985408783,0.8185999989509583,0
2026-08-08T00:45,0.8187999725341797,0.819100022315979,0.8181999921798706,0.8181999921798706,181900
2026-08-08T00:50,0.8181999921798706,0.8185999989509583,0.8181999921798706,0.8184999823570251,100956
2026-08-08T00:55,0.8184999823570251,0.8198000192642212,0.8184999823570251,0.819599986076355,232688
2026-08-08T01:00,0.819599986076355,0.821399986743927,0.819599986076355,0.821399986743927,0
2026-08-08T01:05,0.821399986743927,0.821399986743927,0.819599986076355,0.8198000192642212,271904
2026-08-08T01:10,0.8197000026702881,0.8202000260353088,0.8188999891281128,0.8199999928474426,172120
2026-08-08T01:15,0.8201000094413757,0.8205000162124634,0.819599986076355,0.8205000162124634,301108
2026-08-08T01:20,0.8205000162124634,0.8205000162124634,0.8197000026702881,0.8202999830245972,45964
2026-08-08T01:25,0.8198999762535095,0.8203999996185303,0.8198999762535095,0.8203999996185303,346084
2026-08-08T01:30,0.8208000063896179,0.8223999738693237,0.8202000260353088,0.8223999738693237,185084
2026-08-08T01:35,0.8223000168800354,0.8223000168800354,0.8210999965667725,0.8212000131607056,146564
2026-08-08T01:40,0.8212000131607056,0.8234000205993652,0.8212000131607056,0.823199987411499,216780
2026-08-08T01:45,0.8230000138282776,0.8230999708175659,0.8222000002861023,0.8223999738693237,100008
2026-08-08T01:50,0.8226000070571899,0.8233000040054321,0.8219000101089478,0.8222000002861023,47432
2026-08-08T01:55,0.8216999769210815,0.8216999769210815,0.8202000260353088,0.8202000260353088,4992
2026-08-08T02:00,0.8198999762535095,0.8203999996185303,0.8197000026702881,0.8202999830245972,304644
2026-08-08T02:05,0.8202999830245972,0.8202999830245972,0.8197000026702881,0.8199999928474426,85176
2026-08-08T02:10,0.8199999928474426,0.8202999830245972,0.8195000290870667,0.8195000290870667,155416
2026-08-08T02:15,0.8195000290870667,0.8202000260353088,0.8194000124931335,0.819599986076355,27116
2026-08-08T02:20,0.819599986076355,0.8203999996185303,0.8181999921798706,0.8181999921798706,0
2026-08-08T02:25,0.8181999921798706,0.8198999762535095,0.8181999921798706,0.8198999762535095,0
2026-08-08T02:30,0.8198999762535095,0.8199999928474426,0.8187999725341797,0.8187999725341797,219412
2026-08-08T02:35,0.8187999725341797,0.8194000124931335,0.8187999725341797,0.8190000057220459,0
2026-08-08T02:40,0.8185999989509583,0.8191999793052673,0.8185999989509583,0.8185999989509583,0
2026-08-08T02:45,0.8184000253677368,0.8185999989509583,0.8181999921798706,0.8184000253677368,0
2026-08-08T02:50,0.8184999823570251,0.8184999823570251,0.8181999921798706,0.8184000253677368,0
2026-08-08T02:55,0.8184999823570251,0.8184999823570251,0.8180999755859375,0.8180999755859375,0
2026-08-08T03:00,0.8180999755859375,0.8187999725341797,0.8180999755859375,0.8187999725341797,19812
2026-08-08T03:05,0.8187999725341797,0.8198000192642212,0.8187999725341797,0.8198000192642212,0
2026-08-08T03:10,0.8198000192642212,0.8198000192642212,0.8187999725341797,0.8187999725341797,30124
2026-08-08T03:15,0.8188999891281128,0.8198000192642212,0.8188999891281128,0.8194000124931335,0
2026-08-08T03:20,0.8194000124931335,0.8203999996185303,0.819100022315979,0.8203999996185303,40844
2026-08-08T03:25,0.8203999996185303,0.8208000063896179,0.8203999996185303,0.8208000063896179,41496
2026-08-08T03:30,0.8216000199317932,0.8252000212669373,0.8216000199317932,0.8251000046730042,0
2026-08-08T03:35,0.824999988079071,0.8251000046730042,0.8241999745368958,0.8242999911308289,259292
2026-08-08T03:40,0.8242999911308289,0.824400007724762,0.8241000175476074,0.8241999745368958,57440
2026-08-08T03:45,0.8242999911308289,0.8267999887466431,0.8242999911308289,0.8263999819755554,125764
2026-08-08T03:50,0.826200008392334,0.8263000249862671,0.8256000280380249,0.8259000182151794,245408
2026-08-08T03:55,0.8259999752044678,0.8263999819755554,0.8238000273704529,0.8238000273704529,59876
2026-08-08T04:00,0.8238000273704529,0.824400007724762,0.823199987411499,0.823199987411499,133724
2026-08-08T04:05,0.823199987411499,0.823199987411499,0.8217999935150146,0.8220000267028809,0
2026-08-08T04:10,0.8219000101089478,0.8230000138282776,0.8219000101089478,0.8220999836921692,0
2026-08-08T04:15,0.8220999836921692,0.8223999738693237,0.8220000267028809,0.8220000267028809,73476
2026-08-08T04:20,0.8220000267028809,0.8226000070571899,0.8220000267028809,0.8223999738693237,0
2026-08-08T04:25,0.8223999738693237,0.8224999904632568,0.8220000267028809,0.8220000267028809,31428
2026-08-08T04:30,0.8217999935150146,0.8222000002861023,0.8215000033378601,0.8215000033378601,0
2026-08-08T04:35,0.8216999769210815,0.8220999836921692,0.8216000199317932,0.8220999836921692,0
2026-08-08T04:40,0.8220999836921692,0.8224999904632568,0.8217999935150146,0.8217999935150146,0
2026-08-08T04:45,0.8220000267028809,0.8222000002861023,0.8219000101089478,0.8222000002861023,0
2026-08-08T04:50,0.8222000002861023,0.8222000002861023,0.8213000297546387,0.8220000267028809,0
2026-08-08T04:55,0.8220000267028809,0.8220000267028809,0.8212000131607056,0.8212000131607056,0
2026-08-08T05:00,0.8213000297546387,0.8216000199317932,0.8202999830245972,0.8202999830245972,0
2026-08-08T05:05,0.8202999830245972,0.8202999830245972,0.8198000192642212,0.8199999928474426,0
2026-08-08T05:10,0.8199999928474426,0.8208000063896179,0.8199999928474426,0.8206999897956848,0
2026-08-08T05:15,0.8206999897956848,0.820900022983551,0.8206999897956848,0.820900022983551,36040
2026-08-08T05:20,0.8206999897956848,0.8220000267028809,0.8206999897956848,0.8216999769210815,0
2026-08-08T05:25,0.8216999769210815,0.8219000101089478,0.8215000033378601,0.8215000033378601,0
2026-08-08T05:30,0.8215000033378601,0.8228999972343445,0.8215000033378601,0.8228999972343445,0
2026-08-08T05:35,0.8228999972343445,0.8228999972343445,0.8220000267028809,0.8220999836921692,0
2026-08-08T05:40,0.8220000267028809,0.8230000138282776,0.8220000267028809,0.8222000002861023,0
2026-08-08T05:45,0.8222000002861023,0.8223000168800354,0.8220000267028809,0.8223000168800354,0
2026-08-08T05:50,0.8220000267028809,0.8223000168800354,0.820900022983551,0.820900022983551,0
2026-08-08T05:55,0.8202999830245972,0.8203999996185303,0.8184000253677368,0.8184999823570251,0
2026-08-08T06:00,0.8180999755859375,0.8195000290870667,0.8180999755859375,0.8183000087738037,0
2026-08-08T06:05,0.8184000253677368,0.8184000253677368,0.8176000118255615,0.8176000118255615,0
2026-08-08T06:10,0.8180000185966492,0.8187999725341797,0.8179000020027161,0.8184000253677368,16512
2026-08-08T06:15,0.8181999921798706,0.8184999823570251,0.817799985408783,0.817799985408783,0
2026-08-08T06:20,0.8173999786376953,0.817799985408783,0.8173999786376953,0.8176000118255615,0
2026-08-08T06:25,0.8176000118255615,0.8181999921798706,0.817300021648407,0.8181999921798706,0
2026-08-08T06:30,0.8183000087738037,0.8185999989509583,0.8181999921798706,0.8183000087738037,0
2026-08-08T06:35,0.8183000087738037,0.8184000253677368,0.8183000087738037,0.8183000087738037,0
2026-08-08T06:40,0.8183000087738037,0.8199999928474426,0.8183000087738037,0.8199999928474426,0
2026-08-08T06:45,0.8199999928474426,0.8202999830245972,0.8191999793052673,0.8191999793052673,53288
2026-08-08T06:50,0.8191999793052673,0.8195000290870667,0.819100022315979,0.8191999793052673,0
2026-08-08T06:55,0.8194000124931335,0.8194000124931335,0.8187999725341797,0.8187999725341797,0
2026-08-08T07:00,0.8187000155448914,0.8194000124931335,0.8184000253677368,0.8184000253677368,0
2026-08-08T07:05,0.8184000253677368,0.8191999793052673,0.8184000253677368,0.8187000155448914,0
2026-08-08T07:10,0.8187000155448914,0.8190000057220459,0.8187000155448914,0.8188999891281128,0
2026-08-08T07:15,0.8185999989509583,0.8185999989509583,0.8180000185966492,0.8181999921798706,0
2026-08-08T07:20,0.8180000185966492,0.8181999921798706,0.8180000185966492,0.8181999921798706,0
2026-08-08T07:25,0.8180999755859375,0.8184000253677368,0.8166999816894531,0.8166999816894531,0
2026-08-08T07:30,0.8166999816894531,0.8172000050544739,0.8166999816894531,0.8169999718666077,20064
2026-08-08T07:35,0.8169999718666077,0.8174999952316284,0.8169999718666077,0.8172000050544739,112892
2026-08-08T07:40,0.8172000050544739,0.8180999755859375,0.8172000050544739,0.8180999755859375,0
2026-08-08T07:45,0.8180999755859375,0.8187999725341797,0.8180999755859375,0.8187999725341797,0
2026-08-08T07:50,0.8191999793052673,0.8191999793052673,0.8184000253677368,0.8190000057220459,0
2026-08-08T07:55,0.8190000057220459,0.8190000057220459,0.8184000253677368,0.8190000057220459,0
2026-08-08T08:00,0.8184000253677368,0.8194000124931335,0.8180000185966492,0.8180000185966492,0
2026-08-08T08:05,0.8180000185966492,0.8180000185966492,0.8176000118255615,0.8180000185966492,0
2026-08-08T08:10,0.8180000185966492,0.8187000155448914,0.8180000185966492,0.8187000155448914,0
2026-08-08T08:15,0.8187999725341797,0.8190000057220459,0.8184000253677368,0.8185999989509583,14988
2026-08-08T08:20,0.8187000155448914,0.8187999725341797,0.8185999989509583,0.8187999725341797,0
2026-08-08T08:25,0.8187999725341797,0.8191999793052673,0.8187999725341797,0.8191999793052673,0
2026-08-08T08:30,0.8194000124931335,0.819599986076355,0.819100022315979,0.819599986076355,0
2026-08-08T08:35,0.819599986076355,0.8199999928474426,0.8192999958992004,0.8195000290870667,0
2026-08-08T08:40,0.8195000290870667,0.819599986076355,0.8190000057220459,0.819599986076355,4672
2026-08-08T08:45,0.8191999793052673,0.8192999958992004,0.8183000087738037,0.8183000087738037,0
2026-08-08T08:50,0.8184000253677368,0.8185999989509583,0.8180000185966492,0.8180000185966492,0
2026-08-08T08:55,0.817799985408783,0.8180000185966492,0.8173999786376953,0.8177000284194946,31016
2026-08-08T09:00,0.8172000050544739,0.817799985408783,0.8167999982833862,0.8170999884605408,0
2026-08-08T09:05,0.8170999884605408,0.8181999921798706,0.8170999884605408,0.8181999921798706,0
2026-08-08T09:10,0.8173999786376953,0.817799985408783,0.8172000050544739,0.8172000050544739,0
2026-08-08T09:15,0.8172000050544739,0.8172000050544739,0.8170999884605408,0.8172000050544739,0
2026-08-08T09:20,0.8166000247001648,0.8166999816894531,0.8158000111579895,0.8158000111579895,0
2026-08-08T09:25,0.8159999847412109,0.8159999847412109,0.8158000111579895,0.8159999847412109,0
2026-08-08T09:30,0.816100001335144,0.8180000185966492,0.8159999847412109,0.8167999982833862,0
2026-08-08T09:35,0.8167999982833862,0.8169999718666077,0.8162999749183655,0.8163999915122986,30132
2026-08-08T09:40,0.8163999915122986,0.8163999915122986,0.8152999877929688,0.8152999877929688,0
2026-08-08T09:45,0.8152999877929688,0.8154000043869019,0.8145999908447266,0.8148000240325928,0
2026-08-08T09:50,0.8148000240325928,0.8155999779701233,0.8148000240325928,0.8155999779701233,42368
2026-08-08T09:55,0.8158000111579895,0.8162000179290771,0.8158000111579895,0.8162000179290771,33572
2026-08-08T10:00,0.8156999945640564,0.8173999786376953,0.8156999945640564,0.817300021648407,0
2026-08-08T10:05,0.817300021648407,0.817300021648407,0.8166000247001648,0.8167999982833862,8232
2026-08-08T10:10,0.8167999982833862,0.8169999718666077,0.8162999749183655,0.8166999816894531,0
2026-08-08T10:15,0.8166999816894531,0.8174999952316284,0.8166999816894531,0.8170999884605408,0
2026-08-08T10:20,0.8170999884605408,0.8173999786376953,0.8167999982833862,0.8173999786376953,0
2026-08-08T10:25,0.8173999786376953,0.8177000284194946,0.8173999786376953,0.8177000284194946,4284
2026-08-08T10:30,0.8177000284194946,0.8187000155448914,0.817300021648407,0.8187000155448914,316
2026-08-08T10:35,0.8185999989509583,0.8185999989509583,0.8181999921798706,0.8184999823570251,26888
2026-08-08T10:40,0.8187999725341797,0.8194000124931335,0.8187999725341797,0.819100022315979,37176
2026-08-08T10:45,0.8188999891281128,0.8190000057220459,0.8180999755859375,0.8183000087738037,0
2026-08-08T10:50,0.8183000087738037,0.819599986076355,0.8183000087738037,0.819100022315979,0
2026-08-08T10:55,0.819100022315979,0.8195000290870667,0.819100022315979,0.8194000124931335,0
2026-08-08T11:00,0.819100022315979,0.819100022315979,0.8181999921798706,0.8190000057220459,0
2026-08-08T11:05,0.8190000057220459,0.8190000057220459,0.8180000185966492,0.8181999921798706,0
2026-08-08T11:10,0.8181999921798706,0.8197000026702881,0.8181999921798706,0.8190000057220459,157052
2026-08-08T11:15,0.8190000057220459,0.8190000057220459,0.8181999921798706,0.8181999921798706,83168
2026-08-08T11:20,0.8181999921798706,0.8187999725341797,0.8181999921798706,0.8187999725341797,35772
2026-08-08T11:25,0.8187999725341797,0.819100022315979,0.8187000155448914,0.8188999891281128,0
2026-08-08T11:30,0.8188999891281128,0.8191999793052673,0.8187999725341797,0.8191999793052673,0
2026-08-08T11:35,0.8192999958992004,0.8194000124931335,0.8191999793052673,0.8194000124931335,0
2026-08-08T11:40,0.8191999793052673,0.8192999958992004,0.8188999891281128,0.8190000057220459,0
2026-08-08T11:45,0.8190000057220459,0.819100022315979,0.8187999725341797,0.8187999725341797,0
2026-08-08T11:50,0.8191999793052673,0.8191999793052673,0.8185999989509583,0.8185999989509583,0
2026-08-08T11:55,0.8185999989509583,0.8194000124931335,0.8184999823570251,0.8191999793052673,0
2026-08-08T12:00,0.8192999958992004,0.8216000199317932,0.8192999958992004,0.8216000199317932,0
2026-08-08T12:05,0.8217999935150146,0.8226000070571899,0.8206999897956848,0.8210999965667725,165188
2026-08-08T12:10,0.8210999965667725,0.8210999965667725,0.8192999958992004,0.820900022983551,66612
2026-08-08T12:15,0.8209999799728394,0.821399986743927,0.8205999732017517,0.8208000063896179,12760
2026-08-08T12:20,0.8208000063896179,0.8215000033378601,0.8208000063896179,0.821399986743927,0
2026-08-08T12:25,0.821399986743927,0.821399986743927,0.8210999965667725,0.8210999965667725,0
2026-08-08T12:30,0.820900022983551,0.8213000297546387,0.8205999732017517,0.8209999799728394,0
2026-08-08T12:35,0.8210999965667725,0.8213000297546387,0.8202000260353088,0.8208000063896179,0
2026-08-08T12:40,0.8209999799728394,0.8216999769210815,0.8206999897956848,0.8206999897956848,0
2026-08-08T12:45,0.8206999897956848,0.8206999897956848,0.8199999928474426,0.8202000260353088,0
2026-08-08T12:50,0.8202000260353088,0.8205999732017517,0.8202000260353088,0.8205000162124634,48924
2026-08-08T12:55,0.8205000162124634,0.8205000162124634,0.8187000155448914,0.8197000026702881,0
2026-08-08T13:00,0.8197000026702881,0.8197000026702881,0.8187000155448914,0.8190000057220459,0
2026-08-08T13:05,0.819599986076355,0.819599986076355,0.8184000253677368,0.8187000155448914,0
2026-08-08T13:10,0.8187000155448914,0.8187000155448914,0.8181999921798706,0.8181999921798706,82720
2026-08-08T13:15,0.8181999921798706,0.8185999989509583,0.8166000247001648,0.8170999884605408,0
2026-08-08T13:20,0.8167999982833862,0.8170999884605408,0.8166999816894531,0.8166999816894531,0
2026-08-08T13:25,0.8166999816894531,0.8172000050544739,0.8166000247001648,0.8166999816894531,0
2026-08-08T13:30,0.8162000179290771,0.8162999749183655,0.8158000111579895,0.8158000111579895,0
2026-08-08T13:35,0.816100001335144,0.816100001335144,0.8147000074386597,0.8147000074386597,0
2026-08-08T13:40,0.8151999711990356,0.8154000043869019,0.8133000135421753,0.8138999938964844,0
2026-08-08T13:45,0.8141999840736389,0.8147000074386597,0.8138999938964844,0.8147000074386597,0
2026-08-08T13:50,0.8147000074386597,0.8148000240325928,0.8144000172615051,0.8147000074386597,10816
2026-08-08T13:55,0.8147000074386597,0.8152999877929688,0.8147000074386597,0.8152999877929688,0
2026-08-08T14:00,0.8151999711990356,0.8155999779701233,0.8138999938964844,0.8144999742507935,0
2026-08-08T14:05,0.8147000074386597,0.8151000142097473,0.8144000172615051,0.8145999908447266,117364
2026-08-08T14:10,0.8145999908447266,0.8148000240325928,0.8133999705314636,0.814300000667572,0
2026-08-08T14:15,0.814300000667572,0.8147000074386597,0.814300000667572,0.8147000074386597,0
2026-08-08T14:20,0.8147000074386597,0.8162000179290771,0.8147000074386597,0.8158000111579895,0
2026-08-08T14:25,0.8162000179290771,0.8167999982833862,0.8162000179290771,0.8162999749183655,0
2026-08-08T14:30,0.8166000247001648,0.8184000253677368,0.8166000247001648,0.8184000253677368,0
2026-08-08T14:35,0.8187000155448914,0.8187999725341797,0.8170999884605408,0.8172000050544739,80596
2026-08-08T14:40,0.8172000050544739,0.817799985408783,0.8172000050544739,0.8176000118255615,0
2026-08-08T14:45,0.8173999786376953,0.8184000253677368,0.817300021648407,0.8179000020027161,0
2026-08-08T14:50,0.8179000020027161,0.8180999755859375,0.8174999952316284,0.817799985408783,0
2026-08-08T14:55,0.8180000185966492,0.8192999958992004,0.8177000284194946,0.8181999921798706,0
2026-08-08T15:00,0.8184000253677368,0.8185999989509583,0.8179000020027161,0.8179000020027161,0
2026-08-08T15:05,0.817799985408783,0.817799985408783,0.8170999884605408,0.8174999952316284,0
2026-08-08T15:10,0.8174999952316284,0.8185999989509583,0.8174999952316284,0.8180999755859375,0
2026-08-08T15:15,0.8184000253677368,0.8184000253677368,0.8173999786376953,0.8173999786376953,0
2026-08-08T15:20,0.8176000118255615,0.8176000118255615,0.8162999749183655,0.8169999718666077,0
2026-08-08T15:25,0.8166000247001648,0.8174999952316284,0.8162999749183655,0.8170999884605408,0
2026-08-08T15:30,0.8170999884605408,0.8179000020027161,0.8163999915122986,0.8179000020027161,117428
2026-08-08T15:35,0.8179000020027161,0.8179000020027161,0.8172000050544739,0.8173999786376953,41596
2026-08-08T15:40,0.8173999786376953,0.8176000118255615,0.8173999786376953,0.8176000118255615,119580
2026-08-08T15:45,0.8176000118255615,0.8176000118255615,0.8166999816894531,0.8172000050544739,0
2026-08-08T15:50,0.8173999786376953,0.8180000185966492,0.8173999786376953,0.8180000185966492,46616
2026-08-08T15:55,0.8180000185966492,0.8180000185966492,0.8172000050544739,0.817300021648407,0
2026-08-08T16:00,0.8170999884605408,0.8174999952316284,0.816100001335144,0.8165000081062317,0
2026-08-08T16:05,0.8163999915122986,0.817799985408783,0.8163999915122986,0.817799985408783,68344
2026-08-08T16:10,0.817799985408783,0.8179000020027161,0.8174999952316284,0.8174999952316284,34324
2026-08-08T16:15,0.8174999952316284,0.8180000185966492,0.817300021648407,0.8179000020027161,0
2026-08-08T16:20,0.8179000020027161,0.8179000020027161,0.8174999952316284,0.8174999952316284,0
2026-08-08T16:25,0.8174999952316284,0.8176000118255615,0.8172000050544739,0.8176000118255615,0
2026-08-08T16:30,0.8167999982833862,0.8167999982833862,0.8163999915122986,0.8167999982833862,0
2026-08-08T16:35,0.8169999718666077,0.8173999786376953,0.8166999816894531,0.8172000050544739,6516
2026-08-08T16:40,0.8172000050544739,0.8174999952316284,0.8166999816894531,0.8174999952316284,12432
2026-08-08T16:45,0.8174999952316284,0.8176000118255615,0.8170999884605408,0.8170999884605408,53360
2026-08-08T16:50,0.8170999884605408,0.8179000020027161,0.8162999749183655,0.8177000284194946,27768
2026-08-08T16:55,0.8174999952316284,0.8184000253677368,0.8173999786376953,0.8184000253677368,0
2026-08-08T17:00,0.8184000253677368,0.8184000253677368,0.8176000118255615,0.8177000284194946,0
2026-08-08T17:05,0.8180000185966492,0.8180000185966492,0.8174999952316284,0.8180000185966492,0
2026-08-08T17:10,0.8180000185966492,0.8180000185966492,0.8173999786376953,0.8173999786376953,0
2026-08-08T17:15,0.8177000284194946,0.8180000185966492,0.8170999884605408,0.8170999884605408,0
2026-08-08T17:20,0.817300021648407,0.817300021648407,0.8163999915122986,0.8166000247001648,0
2026-08-08T17:25,0.8169999718666077,0.8169999718666077,0.8167999982833862,0.8169999718666077,0
2026-08-08T17:30,0.8170999884605408,0.8170999884605408,0.8163999915122986,0.8163999915122986,0
2026-08-08T17:35,0.8163999915122986,0.8169999718666077,0.8163999915122986,0.8169000148773193,0
2026-08-08T17:40,0.8169000148773193,0.817300021648407,0.8163999915122986,0.817300021648407,0
2026-08-08T17:45,0.817300021648407,0.8176000118255615,0.8163999915122986,0.8163999915122986,17020
2026-08-08T17:50,0.8163999915122986,0.8166000247001648,0.816100001335144,0.8162999749183655,0
2026-08-08T17:55,0.8162000179290771,0.8166000247001648,0.8162000179290771,0.8166000247001648,0
2026-08-08T18:00,0.8166000247001648,0.8167999982833862,0.8155999779701233,0.8159999847412109,0
2026-08-08T18:05,0.8159999847412109,0.8162000179290771,0.8159999847412109,0.8162000179290771,0
2026-08-08T18:10,0.8162000179290771,0.8165000081062317,0.8159999847412109,0.8165000081062317,0
2026-08-08T18:15,0.8165000081062317,0.8172000050544739,0.8162000179290771,0.8166999816894531,0
2026-08-08T18:20,0.8166999816894531,0.8172000050544739,0.8166999816894531,0.8172000050544739,0
2026-08-08T18:25,0.8172000050544739,0.8172000050544739,0.8166999816894531,0.8172000050544739,0
2026-08-08T18:30,0.8172000050544739,0.817300021648407,0.8170999884605408,0.8170999884605408,0
2026-08-08T18:35,0.8170999884605408,0.8173999786376953,0.8169999718666077,0.8169999718666077,0
2026-08-08T18:40,0.8169999718666077,0.8176000118255615,0.8169999718666077,0.8176000118255615,0
2026-08-08T18:45,0.8176000118255615,0.8179000020027161,0.8176000118255615,0.817799985408783,0
2026-08-08T18:50,0.8176000118255615,0.8176000118255615,0.8170999884605408,0.8172000050544739,0
2026-08-08T18:55,0.8172000050544739,0.8172000050544739,0.8169999718666077,0.8172000050544739,0
2026-08-08T19:00,0.8169999718666077,0.8188999891281128,0.8169999718666077,0.817799985408783,0
2026-08-08T19:05,0.8180000185966492,0.8181999921798706,0.8180000185966492,0.8181999921798706,129420
2026-08-08T19:10,0.8181999921798706,0.8183000087738037,0.8180999755859375,0.8180999755859375,84624
2026-08-08T19:15,0.8180999755859375,0.8180999755859375,0.8169999718666077,0.8169999718666077,0
2026-08-08T19:20,0.8169999718666077,0.8170999884605408,0.8169000148773193,0.8169000148773193,0
2026-08-08T19:25,0.8169000148773193,0.8172000050544739,0.8167999982833862,0.8167999982833862,0
2026-08-08T19:30,0.8166000247001648,0.8169000148773193,0.8162000179290771,0.8169000148773193,0
2026-08-08T19:35,0.8166999816894531,0.8167999982833862,0.8163999915122986,0.8163999915122986,22348
2026-08-08T19:40,0.8163999915122986,0.8166000247001648,0.8163999915122986,0.8166000247001648,0
2026-08-08T19:45,0.8166000247001648,0.8166000247001648,0.8166000247001648,0.8166000247001648,0
2026-08-08T19:50,0.8166000247001648,0.8166000247001648,0.8162999749183655,0.8162999749183655,0
2026-08-08T19:55,0.8162999749183655,0.8165000081062317,0.8162999749183655,0.8165000081062317,0
2026-08-08T20:00,0.816100001335144,0.8162000179290771,0.816100001335144,0.8162000179290771,0
2026-08-08T20:05,0.8162000179290771,0.817799985408783,0.8159999847412109,0.8172000050544739,0
2026-08-08T20:10,0.8172000050544739,0.8172000050544739,0.8165000081062317,0.8165000081062317,45528
2026-08-08T20:15,0.8165000081062317,0.8167999982833862,0.8162999749183655,0.8165000081062317,0
2026-08-08T20:20,0.8165000081062317,0.8165000081062317,0.816100001335144,0.8162999749183655,0
2026-08-08T20:25,0.8166000247001648,0.8167999982833862,0.8166000247001648,0.8167999982833862,101112
2026-08-08T20:30,0.8172000050544739,0.8185999989509583,0.8172000050544739,0.8185999989509583,89500
2026-08-08T20:35,0.8185999989509583,0.8199999928474426,0.8185999989509583,0.8198000192642212,74060
2026-08-08T20:40,0.8197000026702881,0.8199999928474426,0.8197000026702881,0.8199999928474426,81224
2026-08-08T20:45,0.8197000026702881,0.8208000063896179,0.8187000155448914,0.8197000026702881,0
2026-08-08T20:50,0.8197000026702881,0.8198000192642212,0.8192999958992004,0.8195000290870667,229524
2026-08-08T20:55,0.8195000290870667,0.8205999732017517,0.8195000290870667,0.8202999830245972,13444
2026-08-08T21:00,0.8205999732017517,0.8205999732017517,0.8202000260353088,0.8202000260353088,0
2026-08-08T21:05,0.8202000260353088,0.8202000260353088,0.8194000124931335,0.8194000124931335,0
2026-08-08T21:10,0.8194000124931335,0.8202999830245972,0.8192999958992004,0.819599986076355,0
2026-08-08T21:15,0.8195000290870667,0.8195000290870667,0.8190000057220459,0.8195000290870667,0
2026-08-08T21:20,0.8190000057220459,0.8194000124931335,0.8190000057220459,0.8194000124931335,0
2026-08-08T21:25,0.8192999958992004,0.8192999958992004,0.8187000155448914,0.8187000155448914,112172
2026-08-08T21:30,0.8187000155448914,0.8190000057220459,0.8184000253677368,0.8185999989509583,114632
2026-08-08T21:35,0.8187000155448914,0.8190000057220459,0.8187000155448914,0.8190000057220459,2956
2026-08-08T21:40,0.8185999989509583,0.8185999989509583,0.8179000020027161,0.8183000087738037,39504
2026-08-08T21:45,0.8183000087738037,0.8183000087738037,0.8180000185966492,0.8180000185966492,0
2026-08-08T21:50,0.817799985408783,0.817799985408783,0.8170999884605408,0.817300021648407,0
2026-08-08T21:55,0.817300021648407,0.8181999921798706,0.817300021648407,0.8180000185966492,152816
2026-08-08T22:00,0.8185999989509583,0.8185999989509583,0.8174999952316284,0.8181999921798706,43044
2026-08-08T22:05,0.8176000118255615,0.8179000020027161,0.8172000050544739,0.8174999952316284,7040
2026-08-08T22:10,0.8174999952316284,0.817799985408783,0.8169999718666077,0.8170999884605408,0
2026-08-08T22:15,0.8170999884605408,0.8170999884605408,0.8169000148773193,0.8169999718666077,26104
2026-08-08T22:20,0.8169999718666077,0.817300021648407,0.8169999718666077,0.8172000050544739,0
2026-08-08T22:25,0.8172000050544739,0.8172000050544739,0.8170999884605408,0.8172000050544739,0
2026-08-08T22:30,0.8172000050544739,0.8172000050544739,0.8166999816894531,0.8166999816894531,0
2026-08-08T22:35,0.8166999816894531,0.8166999816894531,0.8162999749183655,0.8162999749183655,0
2026-08-08T22:40,0.8162999749183655,0.8162999749183655,0.8159999847412109,0.8159999847412109,0
2026-08-08T22:45,0.8159999847412109,0.8159999847412109,0.8158000111579895,0.8159000277519226,0
2026-08-08T22:50,0.8159999847412109,0.8159999847412109,0.8158000111579895,0.8159000277519226,0
2026-08-08T22:55,0.8159000277519226,0.8159000277519226,0.8137999773025513,0.8140000104904175,0
2026-08-08T23:00,0.8136000037193298,0.8136000037193298,0.8129000067710876,0.8130999803543091,64804
2026-08-08T23:05,0.8130999803543091,0.8130999803543091,0.8130000233650208,0.8130000233650208,0
2026-08-08T23:10,0.8130000233650208,0.8130999803543091,0.8130000233650208,0.8130999803543091,0
2026-08-08T23:15,0.8130999803543091,0.8131999969482422,0.8126000165939331,0.8130999803543091,0
2026-08-08T23:20,0.8131999969482422,0.8138999938964844,0.8131999969482422,0.8138999938964844,0
2026-08-08T23:25,0.8137999773025513,0.814300000667572,0.8137999773025513,0.814300000667572,0
2026-08-08T23:30,0.814300000667572,0.814300000667572,0.8141000270843506,0.8141000270843506,14152
2026-08-08T23:35,0.8141000270843506,0.8141999840736389,0.8140000104904175,0.8141999840736389,0
2026-08-08T23:40,0.8141999840736389,0.8149999976158142,0.8141999840736389,0.8145999908447266,0
2026-08-08T23:45,0.8144999742507935,0.8144999742507935,0.8144000172615051,0.8144999742507935,0
2026-08-08T23:50,0.8145999908447266,0.8147000074386597,0.814300000667572,0.814300000667572,0
2026-08-08T23:55,0.814300000667572,0.8145999908447266,0.814300000667572,0.8145999908447266,0
2026-08-09T00:00,0.8148999810218811,0.8149999976158142,0.8144999742507935,0.8149999976158142,0
2026-08-09T00:05,0.8144000172615051,0.8145999908447266,0.8141000270843506,0.8145999908447266,0
2026-08-09T00:10,0.8148000240325928,0.8154000043869019,0.8148000240325928,0.8148000240325928,0
2026-08-09T00:15,0.8145999908447266,0.8145999908447266,0.8141999840736389,0.8141999840736389,0
2026-08-09T00:20,0.8144999742507935,0.8144999742507935,0.8133999705314636,0.8136000037193298,0
2026-08-09T00:25,0.8134999871253967,0.8134999871253967,0.8131999969482422,0.8133000135421753,0
2026-08-09T00:30,0.8133000135421753,0.8137000203132629,0.8131999969482422,0.8136000037193298,0
2026-08-09T00:35,0.8136000037193298,0.8145999908447266,0.8136000037193298,0.8145999908447266,0
2026-08-09T00:40,0.8145999908447266,0.815500020980835,0.8145999908447266,0.8152999877929688,84416
2026-08-09T00:45,0.8152999877929688,0.815500020980835,0.8140000104904175,0.8140000104904175,0
2026-08-09T00:50,0.8140000104904175,0.8140000104904175,0.8136000037193298,0.8137000203132629,0
2026-08-09T00:55,0.8137000203132629,0.8144000172615051,0.8131999969482422,0.8144000172615051,0
2026-08-09T01:00,0.8141000270843506,0.8151999711990356,0.8141000270843506,0.8148999810218811,0
2026-08-09T01:05,0.8148999810218811,0.8148999810218811,0.8144000172615051,0.8144000172615051,0
2026-08-09T01:10,0.814300000667572,0.814300000667572,0.8136000037193298,0.8137999773025513,0
2026-08-09T01:15,0.8137999773025513,0.8140000104904175,0.8134999871253967,0.8136000037193298,0
2026-08-09T01:20,0.8136000037193298,0.8136000037193298,0.8136000037193298,0.8136000037193298,0
2026-08-09T01:25,0.8136000037193298,0.8140000104904175,0.8123999834060669,0.8123999834060669,0
2026-08-09T01:30,0.8123000264167786,0.8127999901771545,0.8122000098228455,0.8122000098228455,0
2026-08-09T01:35,0.8123000264167786,0.8126000165939331,0.8113999962806702,0.8126000165939331,0
2026-08-09T01:40,0.8127999901771545,0.8127999901771545,0.8123000264167786,0.8127999901771545,0
2026-08-09T01:45,0.8127999901771545,0.8141000270843506,0.8127999901771545,0.8138999938964844,0
2026-08-09T01:50,0.8138999938964844,0.8138999938964844,0.8133999705314636,0.8138999938964844,0
2026-08-09T01:55,0.8138999938964844,0.8151999711990356,0.8138999938964844,0.8145999908447266,27160
2026-08-09T02:00,0.8145999908447266,0.8147000074386597,0.8145999908447266,0.8147000074386597,0
2026-08-09T02:05,0.8147000074386597,0.8147000074386597,0.8141999840736389,0.814300000667572,0
2026-08-09T02:10,0.8147000074386597,0.8151999711990356,0.8137000203132629,0.8137000203132629,0
2026-08-09T02:15,0.8137999773025513,0.8137999773025513,0.8130000233650208,0.8131999969482422,0
2026-08-09T02:20,0.8131999969482422,0.8137999773025513,0.8131999969482422,0.8137999773025513,217172
2026-08-09T02:25,0.8137999773025513,0.8137999773025513,0.8137999773025513,0.8137999773025513,0
2026-08-09T02:30,0.8137000203132629,0.8137000203132629,0.8136000037193298,0.8136000037193298,0
2026-08-09T02:35,0.8136000037193298,0.8136000037193298,0.8133999705314636,0.8134999871253967,0
2026-08-09T02:40,0.8134999871253967,0.8144000172615051,0.8134999871253967,0.8138999938964844,0
2026-08-09T02:45,0.8138999938964844,0.8138999938964844,0.8133999705314636,0.8137000203132629,0
2026-08-09T02:50,0.8134999871253967,0.8141999840736389,0.8134999871253967,0.8141999840736389,0
2026-08-09T02:55,0.8141999840736389,0.814300000667572,0.8133000135421753,0.8133000135421753,0
2026-08-09T03:00,0.8133000135421753,0.8136000037193298,0.8126000165939331,0.8136000037193298,0
2026-08-09T03:05,0.8136000037193298,0.8136000037193298,0.8119999766349792,0.8119999766349792,19764
2026-08-09T03:10,0.8119000196456909,0.8120999932289124,0.8116000294685364,0.8119999766349792,0
2026-08-09T03:15,0.8119999766349792,0.8120999932289124,0.8119000196456909,0.8120999932289124,24412
2026-08-09T03:20,0.8120999932289124,0.8130999803543091,0.8120999932289124,0.8130999803543091,0
2026-08-09T03:25,0.8130999803543091,0.8144999742507935,0.8130000233650208,0.8144999742507935,25716
2026-08-09T03:30,0.8144999742507935,0.8144999742507935,0.814300000667572,0.814300000667572,292048
2026-08-09T03:35,0.8140000104904175,0.8140000104904175,0.8133999705314636,0.8137999773025513,0
2026-08-09T03:40,0.8137999773025513,0.8137999773025513,0.8125,0.8126000165939331,0
2026-08-09T03:45,0.8126000165939331,0.8126000165939331,0.8123999834060669,0.8123999834060669,0
2026-08-09T03:50,0.8123999834060669,0.8123999834060669,0.8119000196456909,0.8119999766349792,0
2026-08-09T03:55,0.8118000030517578,0.8118000030517578,0.8113999962806702,0.8116000294685364,0
2026-08-09T04:00,0.8112999796867371,0.8115000128746033,0.8112999796867371,0.8115000128746033,0
2026-08-09T04:05,0.8115000128746033,0.8115000128746033,0.8112000226974487,0.8113999962806702,0
2026-08-09T04:10,0.8113999962806702,0.8119999766349792,0.8113999962806702,0.8119999766349792,0
2026-08-09T04:15,0.8120999932289124,0.8126000165939331,0.8119999766349792,0.8125,0
2026-08-09T04:20,0.8125,0.8125,0.8116000294685364,0.8116999864578247,84060
2026-08-09T04:25,0.8119000196456909,0.8125,0.8119000196456909,0.8125,0
2026-08-09T04:30,0.8125,0.8125,0.8116000294685364,0.8116000294685364,217516
2026-08-09T04:35,0.8116000294685364,0.8119000196456909,0.8116000294685364,0.8116000294685364,0
2026-08-09T04:40,0.8116000294685364,0.8116000294685364,0.8108000159263611,0.8115000128746033,53420
2026-08-09T04:45,0.8112999796867371,0.8115000128746033,0.8112999796867371,0.8115000128746033,287228
2026-08-09T04:50,0.8115000128746033,0.8123000264167786,0.8112000226974487,0.8123000264167786,127076
2026-08-09T04:55,0.8123000264167786,0.8123000264167786,0.8119999766349792,0.8120999932289124,81008
2026-08-09T05:00,0.8118000030517578,0.8119000196456909,0.8116000294685364,0.8119000196456909,0
2026-08-09T05:05,0.8119000196456909,0.8125,0.8118000030517578,0.8119999766349792,0
2026-08-09T05:10,0.8118000030517578,0.8118000030517578,0.8105000257492065,0.8105000257492065,0
2026-08-09T05:15,0.8105000257492065,0.810699999332428,0.8101999759674072,0.8105000257492065,0
2026-08-09T05:20,0.8104000091552734,0.8104000091552734,0.8090000152587891,0.8098999857902527,70860
2026-08-09T05:25,0.8098999857902527,0.8098999857902527,0.8083999752998352,0.8086000084877014,289900
2026-08-09T05:30,0.8086000084877014,0.8090000152587891,0.8086000084877014,0.8087999820709229,280344
2026-08-09T05:35,0.8083999752998352,0.8083999752998352,0.8072999715805054,0.8073999881744385,192848
2026-08-09T05:40,0.8073999881744385,0.8073999881744385,0.8066999912261963,0.807200014591217,146364
2026-08-09T05:45,0.8073999881744385,0.807699978351593,0.8068000078201294,0.807200014591217,22160
2026-08-09T05:50,0.807200014591217,0.807200014591217,0.8059999942779541,0.8062999844551086,93020
2026-08-09T05:55,0.8065999746322632,0.8087999820709229,0.8065999746322632,0.8087999820709229,58160
2026-08-09T06:00,0.8086000084877014,0.8091999888420105,0.8080999851226807,0.8091999888420105,0
2026-08-09T06:05,0.809499979019165,0.8098999857902527,0.8091999888420105,0.8091999888420105,0
2026-08-09T06:10,0.8091999888420105,0.8104000091552734,0.8091999888420105,0.8104000091552734,34312
2026-08-09T06:15,0.8104000091552734,0.8104000091552734,0.8098000288009644,0.8101000189781189,5476
2026-08-09T06:20,0.8101000189781189,0.8113999962806702,0.8101000189781189,0.8113999962806702,31424
2026-08-09T06:25,0.8113999962806702,0.8119999766349792,0.8113999962806702,0.8116999864578247,55724
2026-08-09T06:30,0.8119999766349792,0.8126000165939331,0.8119999766349792,0.8125,25892
2026-08-09T06:35,0.8125,0.8125,0.8118000030517578,0.8123999834060669,3292
2026-08-09T06:40,0.8123999834060669,0.8125,0.8120999932289124,0.8120999932289124,13260
2026-08-09T06:45,0.8119999766349792,0.8119999766349792,0.8116000294685364,0.8116999864578247,0
2026-08-09T06:50,0.8116999864578247,0.8127999901771545,0.8116000294685364,0.8119999766349792,12704
2026-08-09T06:55,0.8120999932289124,0.8130999803543091,0.8120999932289124,0.8129000067710876,3220
2026-08-09T07:00,0.8129000067710876,0.8129000067710876,0.8119999766349792,0.8119999766349792,70408
2026-08-09T07:05,0.8119999766349792,0.8119999766349792,0.8108000159263611,0.8108000159263611,58884
2026-08-09T07:10,0.8108000159263611,0.8108000159263611,0.8091999888420105,0.8098999857902527,0
2026-08-09T07:15,0.8098999857902527,0.8102999925613403,0.8098000288009644,0.8102999925613403,134052
2026-08-09T07:20,0.8101999759674072,0.8104000091552734,0.8097000122070312,0.8104000091552734,85568
2026-08-09T07:25,0.8104000091552734,0.8113999962806702,0.8104000091552734,0.8113999962806702,93932
2026-08-09T07:30,0.8113999962806702,0.8113999962806702,0.8104000091552734,0.8105999827384949,0
2026-08-09T07:35,0.8105999827384949,0.8105999827384949,0.8100000023841858,0.8100000023841858,0
2026-08-09T07:40,0.8100000023841858,0.8101999759674072,0.8100000023841858,0.8101999759674072,0
2026-08-09T07:45,0.8101999759674072,0.8101999759674072,0.8093000054359436,0.809499979019165,17968
2026-08-09T07:50,0.809499979019165,0.8098000288009644,0.809499979019165,0.809499979019165,10144
2026-08-09T07:55,0.809499979019165,0.8097000122070312,0.809499979019165,0.8097000122070312,0
2026-08-09T08:00,0.8097000122070312,0.8122000098228455,0.8097000122070312,0.8122000098228455,0
2026-08-09T08:05,0.8119999766349792,0.8119999766349792,0.8094000220298767,0.8094000220298767,34884
2026-08-09T08:10,0.8100000023841858,0.8100000023841858,0.8091999888420105,0.8091999888420105,51896
2026-08-09T08:15,0.8091999888420105,0.8100000023841858,0.8091999888420105,0.8100000023841858,17576
2026-08-09T08:20,0.8098999857902527,0.8101999759674072,0.8094000220298767,0.8101999759674072,17272
2026-08-09T08:25,0.8101999759674072,0.8101999759674072,0.8101999759674072,0.8101999759674072,10664
2026-08-09T08:30,0.8101999759674072,0.8105000257492065,0.8101999759674072,0.8102999925613403,43852
2026-08-09T08:35,0.8102999925613403,0.8102999925613403,0.8090000152587891,0.8090000152587891,5808
2026-08-09T08:40,0.808899998664856,0.8094000220298767,0.8087999820709229,0.8087999820709229,0
2026-08-09T08:45,0.8087999820709229,0.8087999820709229,0.8080000281333923,0.8080999851226807,105660
2026-08-09T08:50,0.8080999851226807,0.8086000084877014,0.8080999851226807,0.8086000084877014,161460
2026-08-09T08:55,0.8086000084877014,0.8094000220298767,0.8084999918937683,0.8094000220298767,0
2026-08-09T09:00,0.8094000220298767,0.8094000220298767,0.8087999820709229,0.808899998664856,0
2026-08-09T09:05,0.808899998664856,0.808899998664856,0.8075000047683716,0.8077999949455261,0
2026-08-09T09:10,0.8077999949455261,0.8077999949455261,0.807200014591217,0.807699978351593,0
2026-08-09T09:15,0.807200014591217,0.807200014591217,0.8058000206947327,0.8062000274658203,60856
2026-08-09T09:20,0.8062000274658203,0.8062999844551086,0.805899977684021,0.8062000274658203,4808
2026-08-09T09:25,0.8062000274658203,0.8062000274658203,0.8041999936103821,0.8041999936103821,11616
2026-08-09T09:30,0.8046000003814697,0.805400013923645,0.8046000003814697,0.8051999807357788,87324
2026-08-09T09:35,0.8044000267982483,0.8055999875068665,0.8043000102043152,0.8055999875068665,0
2026-08-09T09:40,0.8052999973297119,0.8052999973297119,0.8050000071525574,0.8050000071525574,5120
2026-08-09T09:45,0.8050000071525574,0.8055999875068665,0.8050000071525574,0.8050000071525574,12964
2026-08-09T09:50,0.8050000071525574,0.8055999875068665,0.8050000071525574,0.8051999807357788,29908
2026-08-09T09:55,0.8051999807357788,0.8073999881744385,0.8051999807357788,0.8073999881744385,167132
2026-08-09T10:00,0.8069999814033508,0.8070999979972839,0.8061000108718872,0.8061000108718872,24456
2026-08-09T10:05,0.8061000108718872,0.8061000108718872,0.805400013923645,0.8059999942779541,0
2026-08-09T10:10,0.8055999875068665,0.8062999844551086,0.8055999875068665,0.8059999942779541,0
2026-08-09T10:15,0.8059999942779541,0.8064000010490417,0.8059999942779541,0.8059999942779541,2576
2026-08-09T10:20,0.8064000010490417,0.8064000010490417,0.8062999844551086,0.8062999844551086,10276
2026-08-09T10:25,0.8062999844551086,0.8068000078201294,0.8062999844551086,0.8066999912261963,0
2026-08-09T10:30,0.8066999912261963,0.8073999881744385,0.8066999912261963,0.8068000078201294,4556
2026-08-09T10:35,0.8068000078201294,0.8069000244140625,0.8065999746322632,0.8069000244140625,0
2026-08-09T10:40,0.8069000244140625,0.807200014591217,0.8069000244140625,0.807200014591217,30300
2026-08-09T10:45,0.807200014591217,0.807699978351593,0.8064000010490417,0.8065999746322632,0
2026-08-09T10:50,0.8064000010490417,0.8064000010490417,0.8061000108718872,0.8061000108718872,64616
2026-08-09T10:55,0.8062000274658203,0.8062000274658203,0.8052999973297119,0.8055999875068665,0
2026-08-09T11:00,0.805400013923645,0.8054999709129333,0.8051000237464905,0.8051000237464905,0
2026-08-09T11:05,0.8052999973297119,0.8062000274658203,0.8051999807357788,0.8062000274658203,0
2026-08-09T11:10,0.8062000274658203,0.8064000010490417,0.8062000274658203,0.8064000010490417,0
2026-08-09T11:15,0.8065999746322632,0.8065999746322632,0.8061000108718872,0.8061000108718872,0
2026-08-09T11:20,0.8061000108718872,0.8070999979972839,0.8061000108718872,0.8070999979972839,0
2026-08-09T11:25,0.8070999979972839,0.8070999979972839,0.8068000078201294,0.8068000078201294,55576
2026-08-09T11:30,0.8068000078201294,0.8069999814033508,0.8068000078201294,0.8069999814033508,0
2026-08-09T11:35,0.8068000078201294,0.8069999814033508,0.8064000010490417,0.8064000010490417,0
2026-08-09T11:40,0.8064000010490417,0.8070999979972839,0.8064000010490417,0.8070999979972839,29752
2026-08-09T11:45,0.8070999979972839,0.8073999881744385,0.8062999844551086,0.8062999844551086,21460
2026-08-09T11:50,0.8062999844551086,0.8068000078201294,0.8062999844551086,0.8068000078201294,0
2026-08-09T11:55,0.8069000244140625,0.8073999881744385,0.8066999912261963,0.8073999881744385,0
2026-08-09T12:00,0.807200014591217,0.807200014591217,0.8058000206947327,0.8064000010490417,0
2026-08-09T12:05,0.8064000010490417,0.8072999715805054,0.8064000010490417,0.8072999715805054,0
2026-08-09T12:10,0.8072999715805054,0.8076000213623047,0.8072999715805054,0.8076000213623047,0
2026-08-09T12:15,0.8077999949455261,0.8079000115394592,0.8077999949455261,0.8079000115394592,0
2026-08-09T12:20,0.8079000115394592,0.8083999752998352,0.8079000115394592,0.8083999752998352,4092
2026-08-09T12:25,0.8083999752998352,0.8086000084877014,0.8083999752998352,0.8086000084877014,14556
2026-08-09T12:30,0.8086000084877014,0.8091999888420105,0.8083000183105469,0.8083000183105469,66408
2026-08-09T12:35,0.8083000183105469,0.8083000183105469,0.8079000115394592,0.8079000115394592,0
2026-08-09T12:40,0.8079000115394592,0.8083000183105469,0.8079000115394592,0.8079000115394592,0
2026-08-09T12:45,0.8080000281333923,0.808899998664856,0.8080000281333923,0.8084999918937683,16224
2026-08-09T12:50,0.8084999918937683,0.8086000084877014,0.8080000281333923,0.8080000281333923,0
2026-08-09T12:55,0.8083999752998352,0.8090999722480774,0.8083999752998352,0.8090999722480774,45948
2026-08-09T13:00,0.8090000152587891,0.8108999729156494,0.8090000152587891,0.8105000257492065,0
2026-08-09T13:05,0.8105000257492065,0.8119999766349792,0.8105000257492065,0.8119999766349792,0
2026-08-09T13:10,0.8119999766349792,0.8126999735832214,0.8112000226974487,0.8112000226974487,70884
2026-08-09T13:15,0.8112000226974487,0.8126000165939331,0.8112000226974487,0.8122000098228455,29372
2026-08-09T13:20,0.8122000098228455,0.8123000264167786,0.8119000196456909,0.8123000264167786,68496
2026-08-09T13:25,0.8123000264167786,0.8123000264167786,0.810699999332428,0.8113999962806702,0
2026-08-09T13:30,0.8113999962806702,0.8113999962806702,0.8090000152587891,0.8090000152587891,132336
2026-08-09T13:35,0.8090000152587891,0.8090000152587891,0.8083000183105469,0.8084999918937683,13168
2026-08-09T13:40,0.8084999918937683,0.8087999820709229,0.8079000115394592,0.8079000115394592,0
2026-08-09T13:45,0.8079000115394592,0.8086000084877014,0.8077999949455261,0.8079000115394592,0
2026-08-09T13:50,0.8077999949455261,0.8077999949455261,0.807200014591217,0.8073999881744385,0
2026-08-09T13:55,0.8073999881744385,0.8091999888420105,0.8073999881744385,0.8091999888420105,0
2026-08-09T14:00,0.8094000220298767,0.8101000189781189,0.8090000152587891,0.8101000189781189,0
2026-08-09T14:05,0.8101000189781189,0.810699999332428,0.8101000189781189,0.810699999332428,0
2026-08-09T14:10,0.810699999332428,0.8113999962806702,0.810699999332428,0.8113999962806702,0
2026-08-09T14:15,0.8115000128746033,0.8115000128746033,0.8105000257492065,0.8105000257492065,0
2026-08-09T14:20,0.8105000257492065,0.8108000159263611,0.8094000220298767,0.8094000220298767,0
2026-08-09T14:25,0.8094000220298767,0.8100000023841858,0.8091999888420105,0.8094000220298767,0
2026-08-09T14:30,0.8094000220298767,0.8101000189781189,0.8094000220298767,0.8098999857902527,0
2026-08-09T14:35,0.8098999857902527,0.8098999857902527,0.8095999956130981,0.8098999857902527,208884
2026-08-09T14:40,0.8098999857902527,0.8100000023841858,0.8095999956130981,0.8098999857902527,3036
2026-08-09T14:45,0.8098999857902527,0.8101000189781189,0.8097000122070312,0.8101000189781189,220644
2026-08-09T14:50,0.8101000189781189,0.8101999759674072,0.8098000288009644,0.8101999759674072,10696
2026-08-09T14:55,0.8101999759674072,0.8119000196456909,0.8101999759674072,0.8119000196456909,0
2026-08-09T15:00,0.8119000196456909,0.8119999766349792,0.8108999729156494,0.8112999796867371,0
2026-08-09T15:05,0.8116000294685364,0.8116999864578247,0.8109999895095825,0.8112000226974487,0
2026-08-09T15:10,0.8112000226974487,0.8115000128746033,0.8112000226974487,0.8112000226974487,51628
2026-08-09T15:15,0.8112000226974487,0.8112999796867371,0.8109999895095825,0.8112999796867371,0
2026-08-09T15:20,0.8108000159263611,0.8108000159263611,0.8100000023841858,0.8101999759674072,0
2026-08-09T15:25,0.8101999759674072,0.810699999332428,0.8100000023841858,0.8100000023841858,52236
2026-08-09T15:30,0.8100000023841858,0.8104000091552734,0.8100000023841858,0.8104000091552734,0
2026-08-09T15:35,0.8101999759674072,0.8104000091552734,0.8101999759674072,0.8102999925613403,0
2026-08-09T15:40,0.8104000091552734,0.8105999827384949,0.8104000091552734,0.8105999827384949,0
2026-08-09T15:45,0.8108000159263611,0.8108000159263611,0.8098000288009644,0.8100000023841858,0
2026-08-09T15:50,0.8100000023841858,0.8105000257492065,0.8100000023841858,0.8100000023841858,0
2026-08-09T15:55,0.8100000023841858,0.8112000226974487,0.8100000023841858,0.8112000226974487,0
2026-08-09T16:00,0.8111000061035156,0.8112999796867371,0.8104000091552734,0.8112999796867371,0
2026-08-09T16:05,0.8112999796867371,0.8115000128746033,0.8104000091552734,0.8105000257492065,37108
2026-08-09T16:10,0.8105000257492065,0.8105000257492065,0.8098000288009644,0.8098999857902527,44552
2026-08-09T16:15,0.8098999857902527,0.8101999759674072,0.8091999888420105,0.8095999956130981,14172
2026-08-09T16:20,0.8095999956130981,0.8101999759674072,0.809499979019165,0.8101999759674072,50480
2026-08-09T16:25,0.8098000288009644,0.8098999857902527,0.8090999722480774,0.8091999888420105,0
2026-08-09T16:30,0.8091999888420105,0.8104000091552734,0.8091999888420105,0.8102999925613403,40484
2026-08-09T16:35,0.8102999925613403,0.8108999729156494,0.8102999925613403,0.810699999332428,0
2026-08-09T16:40,0.810699999332428,0.8112999796867371,0.810699999332428,0.8112000226974487,50564
2026-08-09T16:45,0.8113999962806702,0.8116999864578247,0.8105999827384949,0.8105999827384949,60464
2026-08-09T16:50,0.8104000091552734,0.8109999895095825,0.8104000091552734,0.8108000159263611,0
2026-08-09T16:55,0.8108000159263611,0.8108000159263611,0.8100000023841858,0.8105999827384949,16816
2026-08-09T17:00,0.8105999827384949,0.8105999827384949,0.809499979019165,0.8095999956130981,0
2026-08-09T17:05,0.8095999956130981,0.8095999956130981,0.8087999820709229,0.8087999820709229,16676
2026-08-09T17:10,0.808899998664856,0.8091999888420105,0.8087999820709229,0.808899998664856,98312
2026-08-09T17:15,0.8084999918937683,0.8090000152587891,0.8083000183105469,0.8087999820709229,6892
2026-08-09T17:20,0.8086000084877014,0.8086000084877014,0.8080000281333923,0.8083000183105469,22196
2026-08-09T17:25,0.8083000183105469,0.8086000084877014,0.8075000047683716,0.8077999949455261,81004
2026-08-09T17:30,0.8079000115394592,0.8080999851226807,0.807699978351593,0.807699978351593,72508
2026-08-09T17:35,0.807699978351593,0.8083000183105469,0.807699978351593,0.8080000281333923,23568
2026-08-09T17:40,0.8077999949455261,0.8080999851226807,0.8073999881744385,0.807699978351593,13884
2026-08-09T17:45,0.8075000047683716,0.807699978351593,0.8062999844551086,0.8064000010490417,0
2026-08-09T17:50,0.8064000010490417,0.8065000176429749,0.8057000041007996,0.8057000041007996,38536
2026-08-09T17:55,0.8057000041007996,0.8058000206947327,0.8050000071525574,0.8058000206947327,38628
2026-08-09T18:00,0.8054999709129333,0.8065999746322632,0.8054999709129333,0.8061000108718872,98860
2026-08-09T18:05,0.8061000108718872,0.8065999746322632,0.8061000108718872,0.8064000010490417,9124
2026-08-09T18:10,0.8065999746322632,0.8068000078201294,0.8062999844551086,0.8062999844551086,26880
2026-08-09T18:15,0.8062000274658203,0.8065999746322632,0.8059999942779541,0.8065999746322632,97604
2026-08-09T18:20,0.8065999746322632,0.8065999746322632,0.8062000274658203,0.8062000274658203,11040
2026-08-09T18:25,0.8059999942779541,0.8064000010490417,0.8055999875068665,0.8064000010490417,24312
2026-08-09T18:30,0.8064000010490417,0.8064000010490417,0.8059999942779541,0.8064000010490417,35588
2026-08-09T18:35,0.8062999844551086,0.8062999844551086,0.8047000169754028,0.8051000237464905,62096
2026-08-09T18:40,0.8051000237464905,0.805400013923645,0.8051000237464905,0.805400013923645,32116
2026-08-09T18:45,0.805400013923645,0.8062000274658203,0.805400013923645,0.8055999875068665,7076
2026-08-09T18:50,0.8058000206947327,0.8064000010490417,0.8058000206947327,0.8059999942779541,44592
2026-08-09T18:55,0.8059999942779541,0.8059999942779541,0.805899977684021,0.805899977684021,76456
2026-08-09T19:00,0.805400013923645,0.8064000010490417,0.805400013923645,0.8064000010490417,0
2026-08-09T19:05,0.8064000010490417,0.8068000078201294,0.8062999844551086,0.8068000078201294,0
2026-08-09T19:10,0.8068000078201294,0.8068000078201294,0.8062999844551086,0.8062999844551086,0
2026-08-09T19:15,0.8062999844551086,0.8066999912261963,0.8058000206947327,0.8064000010490417,0
2026-08-09T19:20,0.8065000176429749,0.8066999912261963,0.8064000010490417,0.8064000010490417,548
2026-08-09T19:25,0.8064000010490417,0.8068000078201294,0.8062999844551086,0.8068000078201294,0
2026-08-09T19:30,0.8066999912261963,0.8068000078201294,0.805899977684021,0.8062000274658203,25960
2026-08-09T19:35,0.8062000274658203,0.8066999912261963,0.8062000274658203,0.8066999912261963,0
2026-08-09T19:40,0.8064000010490417,0.8066999912261963,0.8064000010490417,0.8064000010490417,0
2026-08-09T19:45,0.8069999814033508,0.8075000047683716,0.8069000244140625,0.8073999881744385,6468
2026-08-09T19:50,0.8073999881744385,0.8075000047683716,0.807200014591217,0.8075000047683716,0
2026-08-09T19:55,0.8075000047683716,0.8077999949455261,0.8073999881744385,0.8077999949455261,24524
2026-08-09T20:00,0.8075000047683716,0.8079000115394592,0.8065999746322632,0.8069000244140625,0
2026-08-09T20:05,0.8069000244140625,0.8083999752998352,0.8068000078201294,0.8080999851226807,0
2026-08-09T20:10,0.8086000084877014,0.8087000250816345,0.807200014591217,0.8076000213623047,102756
2026-08-09T20:15,0.8076000213623047,0.8083999752998352,0.8076000213623047,0.8083999752998352,95012
2026-08-09T20:20,0.8083999752998352,0.8086000084877014,0.8083000183105469,0.8083000183105469,10352
2026-08-09T20:25,0.8082000017166138,0.8083000183105469,0.8082000017166138,0.8082000017166138,15312
2026-08-09T20:30,0.8082000017166138,0.8083000183105469,0.8077999949455261,0.8077999949455261,0
2026-08-09T20:35,0.8077999949455261,0.808899998664856,0.8077999949455261,0.8084999918937683,0
2026-08-09T20:40,0.8086000084877014,0.8090000152587891,0.8083999752998352,0.8090000152587891,191828
2026-08-09T20:45,0.8090000152587891,0.8090000152587891,0.8084999918937683,0.8084999918937683,140584
2026-08-09T20:50,0.8084999918937683,0.8087000250816345,0.8082000017166138,0.8087000250816345,0
2026-08-09T20:55,0.8083999752998352,0.8090999722480774,0.8083999752998352,0.8090000152587891,0
2026-08-09T21:00,0.8091999888420105,0.8091999888420105,0.8077999949455261,0.8079000115394592,0
2026-08-09T21:05,0.8080000281333923,0.8080999851226807,0.8070999979972839,0.8070999979972839,0
2026-08-09T21:10,0.8070999979972839,0.8073999881744385,0.8069000244140625,0.8072999715805054,54668
2026-08-09T21:15,0.8072999715805054,0.8072999715805054,0.8072999715805054,0.8072999715805054,4148
2026-08-09T21:20,0.8072999715805054,0.8072999715805054,0.8072999715805054,0.8072999715805054,0
2026-08-09T21:25,0.8077999949455261,0.8087999820709229,0.8077999949455261,0.8087999820709229,0
2026-08-09T21:30,0.8090000152587891,0.8104000091552734,0.8090000152587891,0.8101000189781189,0
2026-08-09T21:35,0.8101000189781189,0.8101999759674072,0.8098000288009644,0.8098999857902527,89288
2026-08-09T21:40,0.8104000091552734,0.8105999827384949,0.8100000023841858,0.8105000257492065,85340
2026-08-09T21:45,0.8105000257492065,0.8105999827384949,0.8100000023841858,0.8100000023841858,69980
2026-08-09T21:50,0.8097000122070312,0.8097000122070312,0.8087999820709229,0.8087999820709229,110728
2026-08-09T21:55,0.8084999918937683,0.8090000152587891,0.8084999918937683,0.8086000084877014,0
2026-08-09T22:00,0.8087999820709229,0.8095999956130981,0.8087999820709229,0.8090000152587891,15996
2026-08-09T22:05,0.8090000152587891,0.8100000023841858,0.8090000152587891,0.8098000288009644,0
2026-08-09T22:10,0.8098000288009644,0.8122000098228455,0.8090000152587891,0.8118000030517578,50452
2026-08-09T22:15,0.8126000165939331,0.8130000233650208,0.8109999895095825,0.8109999895095825,179792
2026-08-09T22:20,0.8112000226974487,0.8112999796867371,0.809499979019165,0.809499979019165,261004
2026-08-09T22:25,0.809499979019165,0.8098000288009644,0.809499979019165,0.8097000122070312,65800
2026-08-09T22:30,0.8095999956130981,0.8098000288009644,0.8068000078201294,0.8072999715805054,0
2026-08-09T22:35,0.8075000047683716,0.8075000047683716,0.8044999837875366,0.8047999739646912,213300
2026-08-09T22:40,0.8050000071525574,0.805400013923645,0.8047999739646912,0.8050000071525574,87964
2026-08-09T22:45,0.8050000071525574,0.8050000071525574,0.803600013256073,0.8036999702453613,199856
2026-08-09T22:50,0.8036999702453613,0.8036999702453613,0.7997999787330627,0.8014000058174133,403040
2026-08-09T22:55,0.8015999794006348,0.8019000291824341,0.8015999794006348,0.8016999959945679,899276
2026-08-09T23:00,0.8015000224113464,0.8022000193595886,0.8004999756813049,0.8022000193595886,243016
2026-08-09T23:05,0.8022000193595886,0.8022000193595886,0.7997999787330627,0.800000011920929,47756
2026-08-09T23:10,0.800000011920929,0.8008000254631042,0.7997000217437744,0.7997999787330627,212608
2026-08-09T23:15,0.7990999817848206,0.800599992275238,0.7986000180244446,0.800599992275238,187112
2026-08-09T23:20,0.8003000020980835,0.8004000186920166,0.7986000180244446,0.8004000186920166,449864
2026-08-09T23:25,0.8001000285148621,0.8001000285148621,0.7975000143051147,0.798799991607666,328788
2026-08-09T23:30,0.7982000112533569,0.7983999848365784,0.7965999841690063,0.7979000210762024,281352
2026-08-09T23:35,0.7978000044822693,0.7994999885559082,0.7975000143051147,0.7990000247955322,657888
2026-08-09T23:40,0.7986999750137329,0.798799991607666,0.7975000143051147,0.798799991607666,188600
2026-08-09T23:45,0.798799991607666,0.7989000082015991,0.7983999848365784,0.7985000014305115,109196
2026-08-09T23:50,0.7983999848365784,0.7986999750137329,0.7975999712944031,0.7986000180244446,47152
2026-08-09T23:55,0.7982000112533569,0.7990999817848206,0.7976999878883362,0.7986999750137329,50284
2026-08-10T00:00,0.7986999750137329,0.798799991607666,0.7965999841690063,0.7976999878883362,0
2026-08-10T00:05,0.7976999878883362,0.8001999855041504,0.7976999878883362,0.8001999855041504,12280
2026-08-10T00:10,0.800000011920929,0.8033000230789185,0.7997999787330627,0.8015999794006348,326088
2026-08-10T00:15,0.8011999726295471,0.8011999726295471,0.800000011920929,0.800000011920929,157732
2026-08-10T00:20,0.8001000285148621,0.8001000285148621,0.7983999848365784,0.7983999848365784,46484
2026-08-10T00:25,0.7986000180244446,0.7996000051498413,0.7982000112533569,0.7991999983787537,91300
2026-08-10T00:30,0.798799991607666,0.7993000149726868,0.798799991607666,0.7990999817848206,82380
2026-08-10T00:35,0.7990999817848206,0.7996000051498413,0.7979000210762024,0.7983999848365784,185888
2026-08-10T00:40,0.7982000112533569,0.7991999983787537,0.7968999743461609,0.7972000241279602,430540
2026-08-10T00:45,0.7972000241279602,0.798799991607666,0.7967000007629395,0.798799991607666,225636
2026-08-10T00:50,0.7990000247955322,0.7997999787330627,0.7989000082015991,0.7993000149726868,206052
2026-08-10T00:55,0.7996000051498413,0.7998999953269958,0.7979999780654907,0.7979999780654907,266088
2026-08-10T01:00,0.7979000210762024,0.7997000217437744,0.7979000210762024,0.7986000180244446,0
2026-08-10T01:05,0.798799991607666,0.8001999855041504,0.7982000112533569,0.800000011920929,397332
2026-08-10T01:10,0.8004000186920166,0.8011000156402588,0.800000011920929,0.8001999855041504,0
2026-08-10T01:15,0.8004000186920166,0.8008000254631042,0.7997999787330627,0.7998999953269958,954144
2026-08-10T01:20,0.7997000217437744,0.800000011920929,0.7990000247955322,0.7997999787330627,136916
2026-08-10T01:25,0.7998999953269958,0.800000011920929,0.7986000180244446,0.798799991607666,96036
2026-08-10T01:30,0.7983999848365784,0.798799991607666,0.7979000210762024,0.7979000210762024,0
2026-08-10T01:35,0.7979000210762024,0.7982000112533569,0.7968999743461609,0.7978000044822693,8672
2026-08-10T01:40,0.7979000210762024,0.7979999780654907,0.7975999712944031,0.7975999712944031,3624
2026-08-10T01:45,0.7975999712944031,0.8016999959945679,0.7975999712944031,0.8016999959945679,0
2026-08-10T01:50,0.8019999861717224,0.8032000064849854,0.8011999726295471,0.8015999794006348,83752
2026-08-10T01:55,0.8011999726295471,0.8015999794006348,0.8009999990463257,0.8015999794006348,60312
2026-08-10T02:00,0.8016999959945679,0.8019999861717224,0.8003000020980835,0.8014000058174133,203476
2026-08-10T02:05,0.8012999892234802,0.8026999831199646,0.8011999726295471,0.8026999831199646,51388
2026-08-10T02:10,0.8026999831199646,0.8027999997138977,0.8022000193595886,0.8022000193595886,71196
2026-08-10T02:15,0.8019999861717224,0.8019999861717224,0.7989000082015991,0.7991999983787537,31676
2026-08-10T02:20,0.7991999983787537,0.7996000051498413,0.7986000180244446,0.7986999750137329,0
2026-08-10T02:25,0.7986999750137329,0.7986999750137329,0.7978000044822693,0.7982000112533569,18140
2026-08-10T02:30,0.7982000112533569,0.7990000247955322,0.7982000112533569,0.7985000014305115,0
2026-08-10T02:35,0.798799991607666,0.8004999756813049,0.7982000112533569,0.8004000186920166,210028
2026-08-10T02:40,0.8008999824523926,0.8026000261306763,0.8003000020980835,0.8022000193595886,208156
2026-08-10T02:45,0.802299976348877,0.8026000261306763,0.8021000027656555,0.8021000027656555,269284
2026-08-10T02:50,0.8021000027656555,0.8025000095367432,0.8019999861717224,0.8021000027656555,117480
2026-08-10T02:55,0.802299976348877,0.8026000261306763,0.8022000193595886,0.8026000261306763,17576
2026-08-10T03:00,0.8026999831199646,0.8027999997138977,0.8015999794006348,0.8015999794006348,5672
2026-08-10T03:05,0.8015999794006348,0.8019999861717224,0.8011000156402588,0.8019999861717224,49384
2026-08-10T03:10,0.8019999861717224,0.8022000193595886,0.7996000051498413,0.7996000051498413,120184
2026-08-10T03:15,0.7993000149726868,0.8011999726295471,0.7985000014305115,0.8011999726295471,32044
2026-08-10T03:20,0.8014000058174133,0.8025000095367432,0.8008999824523926,0.8022000193595886,98816
2026-08-10T03:25,0.8021000027656555,0.8027999997138977,0.8007000088691711,0.8007000088691711,0
2026-08-10T03:30,0.8009999990463257,0.8011999726295471,0.7997999787330627,0.8011999726295471,0
2026-08-10T03:35,0.8011999726295471,0.8011999726295471,0.8004000186920166,0.800599992275238,0
2026-08-10T03:40,0.800599992275238,0.8008000254631042,0.7997999787330627,0.7997999787330627,0
2026-08-10T03:45,0.800000011920929,0.8001999855041504,0.7998999953269958,0.800000011920929,8828
2026-08-10T03:50,0.800000011920929,0.800000011920929,0.7990999817848206,0.7993000149726868,53636
2026-08-10T03:55,0.7993000149726868,0.7993000149726868,0.7979999780654907,0.7986000180244446,40872
2026-08-10T04:00,0.7986000180244446,0.7997999787330627,0.7983999848365784,0.7997000217437744,126952
2026-08-10T04:05,0.7998999953269958,0.7998999953269958,0.7994999885559082,0.7998999953269958,211804
2026-08-10T04:10,0.800000011920929,0.8003000020980835,0.7998999953269958,0.8003000020980835,263044
2026-08-10T04:15,0.8004000186920166,0.8019000291824341,0.8004000186920166,0.8016999959945679,6704
2026-08-10T04:20,0.8016999959945679,0.8019000291824341,0.8011000156402588,0.8011000156402588,5312
2026-08-10T04:25,0.8011000156402588,0.8019999861717224,0.8011000156402588,0.8016999959945679,35268
2026-08-10T04:30,0.8016999959945679,0.802299976348877,0.8015999794006348,0.802299976348877,0
2026-08-10T04:35,0.802299976348877,0.8027999997138977,0.8019999861717224,0.8019999861717224,0
2026-08-10T04:40,0.801800012588501,0.8019999861717224,0.8007000088691711,0.8019999861717224,75428
2026-08-10T04:45,0.8022000193595886,0.803600013256073,0.8022000193595886,0.8027999997138977,10620
2026-08-10T04:50,0.8029000163078308,0.8036999702453613,0.8029000163078308,0.803600013256073,163588
2026-08-10T04:55,0.803600013256073,0.8036999702453613,0.8029000163078308,0.803600013256073,204904
2026-08-10T05:00,0.8030999898910522,0.8061000108718872,0.8030999898910522,0.8061000108718872,0
2026-08-10T05:05,0.805899977684021,0.8076000213623047,0.805899977684021,0.8070999979972839,288860
2026-08-10T05:10,0.8070999979972839,0.807200014591217,0.8059999942779541,0.8066999912261963,497324
2026-08-10T05:15,0.8065999746322632,0.8069000244140625,0.8059999942779541,0.8059999942779541,286952
2026-08-10T05:20,0.8059999942779541,0.8070999979972839,0.8059999942779541,0.8070999979972839,97216
2026-08-10T05:25,0.8068000078201294,0.8069999814033508,0.8062999844551086,0.8068000078201294,0
2026-08-10T05:30,0.8075000047683716,0.807699978351593,0.8068000078201294,0.807699978351593,0
2026-08-10T05:35,0.807699978351593,0.8091999888420105,0.807699978351593,0.8091999888420105,8920
2026-08-10T05:40,0.8086000084877014,0.8101000189781189,0.8083000183105469,0.8095999956130981,0
2026-08-10T05:45,0.8097000122070312,0.8097000122070312,0.8090000152587891,0.8090999722480774,97592
2026-08-10T05:50,0.8090000152587891,0.8105999827384949,0.8090000152587891,0.8101000189781189,121616
2026-08-10T05:55,0.8101000189781189,0.8101000189781189,0.8097000122070312,0.8100000023841858,76516
2026-08-10T06:00,0.8095999956130981,0.8097000122070312,0.8090000152587891,0.8090000152587891,0
2026-08-10T06:05,0.8090000152587891,0.809499979019165,0.8080000281333923,0.8083000183105469,0
2026-08-10T06:10,0.8083000183105469,0.8086000084877014,0.8082000017166138,0.8086000084877014,0
2026-08-10T06:15,0.8084999918937683,0.8091999888420105,0.8080000281333923,0.8091999888420105,34104
2026-08-10T06:20,0.8091999888420105,0.8091999888420105,0.8080000281333923,0.8086000084877014,189544
2026-08-10T06:25,0.8084999918937683,0.8084999918937683,0.8080000281333923,0.8080000281333923,104184
2026-08-10T06:30,0.8080000281333923,0.8090999722480774,0.8079000115394592,0.8090999722480774,96000
2026-08-10T06:35,0.8087999820709229,0.8087999820709229,0.8082000017166138,0.8083000183105469,98336
2026-08-10T06:40,0.8080999851226807,0.8097000122070312,0.8080999851226807,0.8097000122070312,15496
2026-08-10T06:45,0.8097000122070312,0.8097000122070312,0.8094000220298767,0.809499979019165,0
2026-08-10T06:50,0.809499979019165,0.8095999956130981,0.8090000152587891,0.8094000220298767,149656
2026-08-10T06:55,0.8094000220298767,0.8105999827384949,0.8093000054359436,0.8105000257492065,0
2026-08-10T07:00,0.8108999729156494,0.8108999729156494,0.808899998664856,0.8090000152587891,27512
2026-08-10T07:05,0.8090000152587891,0.8095999956130981,0.8090000152587891,0.8093000054359436,60220
2026-08-10T07:10,0.809499979019165,0.8101000189781189,0.8090000152587891,0.8101000189781189,0
2026-08-10T07:15,0.8098999857902527,0.8102999925613403,0.8091999888420105,0.8100000023841858,31128
2026-08-10T07:20,0.8105000257492065,0.8115000128746033,0.8098999857902527,0.810699999332428,86116
2026-08-10T07:25,0.810699999332428,0.8109999895095825,0.810699999332428,0.8108999729156494,326300
2026-08-10T07:30,0.8108999729156494,0.8133999705314636,0.8108000159263611,0.8129000067710876,213824
2026-08-10T07:35,0.8133999705314636,0.8134999871253967,0.8123999834060669,0.8126000165939331,548608
2026-08-10T07:40,0.8126999735832214,0.8131999969482422,0.8120999932289124,0.8120999932289124,78108
2026-08-10T07:45,0.8119999766349792,0.8123999834060669,0.8116000294685364,0.8116000294685364,162116
2026-08-10T07:50,0.8116000294685364,0.8126000165939331,0.8116000294685364,0.8116000294685364,45376
2026-08-10T07:55,0.8118000030517578,0.8126000165939331,0.8118000030517578,0.8119000196456909,26616
2026-08-10T08:00,0.8120999932289124,0.8127999901771545,0.8116999864578247,0.8119999766349792,0
2026-08-10T08:05,0.8119999766349792,0.8122000098228455,0.8115000128746033,0.8119999766349792,16568
2026-08-10T08:10,0.8112999796867371,0.8112999796867371,0.8090999722480774,0.8095999956130981,161136
2026-08-10T08:15,0.8095999956130981,0.8098999857902527,0.8094000220298767,0.8098999857902527,1698784
2026-08-10T08:20,0.8098999857902527,0.8098999857902527,0.8093000054359436,0.8093000054359436,175080
2026-08-10T08:25,0.809499979019165,0.8104000091552734,0.8090000152587891,0.8104000091552734,66036
2026-08-10T08:30,0.8101000189781189,0.8101999759674072,0.8090999722480774,0.8091999888420105,211244
2026-08-10T08:35,0.8094000220298767,0.809499979019165,0.8086000084877014,0.8086000084877014,33512
2026-08-10T08:40,0.8086000084877014,0.8086000084877014,0.8062999844551086,0.8068000078201294,37952
2026-08-10T08:45,0.8068000078201294,0.8070999979972839,0.8065000176429749,0.8070999979972839,63088
2026-08-10T08:50,0.8070999979972839,0.8077999949455261,0.8068000078201294,0.8069999814033508,0
2026-08-10T08:55,0.8069999814033508,0.8075000047683716,0.8069999814033508,0.807200014591217,13104
2026-08-10T09:00,0.8073999881744385,0.8073999881744385,0.8069999814033508,0.8069999814033508,0
2026-08-10T09:05,0.8069999814033508,0.8069999814033508,0.8065000176429749,0.8065000176429749,0
2026-08-10T09:10,0.8065000176429749,0.8073999881744385,0.8064000010490417,0.807200014591217,0
2026-08-10T09:15,0.8072999715805054,0.8083999752998352,0.8072999715805054,0.8079000115394592,0
2026-08-10T09:20,0.8079000115394592,0.8086000084877014,0.807699978351593,0.8084999918937683,151388
2026-08-10T09:25,0.8083000183105469,0.8083000183105469,0.8076000213623047,0.8076000213623047,42056
2026-08-10T09:30,0.8068000078201294,0.8070999979972839,0.8057000041007996,0.8059999942779541,0
2026-08-10T09:35,0.8059999942779541,0.807200014591217,0.8055999875068665,0.8070999979972839,0
2026-08-10T09:40,0.8065999746322632,0.8076000213623047,0.8065999746322632,0.8076000213623047,28812
2026-08-10T09:45,0.8080000281333923,0.8082000017166138,0.8069000244140625,0.8082000017166138,0
2026-08-10T09:50,0.8082000017166138,0.8086000084877014,0.8072999715805054,0.8072999715805054,0
2026-08-10T09:55,0.8073999881744385,0.8073999881744385,0.8047999739646912,0.8047999739646912,0
2026-08-10T10:00,0.8044999837875366,0.805400013923645,0.8041999936103821,0.8051000237464905,0
2026-08-10T10:05,0.8051000237464905,0.8055999875068665,0.8050000071525574,0.8055999875068665,74660
2026-08-10T10:10,0.8055999875068665,0.8062000274658203,0.8055999875068665,0.8062000274658203,31532
2026-08-10T10:15,0.8062000274658203,0.8065000176429749,0.8057000041007996,0.8065000176429749,0
2026-08-10T10:20,0.8058000206947327,0.8065999746322632,0.8058000206947327,0.8065000176429749,24284
2026-08-10T10:25,0.8068000078201294,0.8073999881744385,0.8068000078201294,0.807200014591217,38708
2026-08-10T10:30,0.807200014591217,0.8072999715805054,0.8070999979972839,0.8072999715805054,0
2026-08-10T10:35,0.8072999715805054,0.8072999715805054,0.8065999746322632,0.8065999746322632,0
2026-08-10T10:40,0.8068000078201294,0.8075000047683716,0.8068000078201294,0.8075000047683716,0
2026-08-10T10:45,0.8072999715805054,0.8083000183105469,0.8069999814033508,0.8083000183105469,17420
2026-08-10T10:50,0.8083000183105469,0.8083000183105469,0.8080999851226807,0.8082000017166138,0
2026-08-10T10:55,0.8082000017166138,0.8082000017166138,0.8076000213623047,0.8077999949455261,0
2026-08-10T11:00,0.8077999949455261,0.8080999851226807,0.8073999881744385,0.807699978351593,11772
2026-08-10T11:05,0.8075000047683716,0.8076000213623047,0.8073999881744385,0.8076000213623047,113772
2026-08-10T11:10,0.8076000213623047,0.8080000281333923,0.8076000213623047,0.8080000281333923,0
2026-08-10T11:15,0.8080000281333923,0.8094000220298767,0.8080000281333923,0.8087000250816345,17712
2026-08-10T11:20,0.8087000250816345,0.8087999820709229,0.8080000281333923,0.8080000281333923,75060
2026-08-10T11:25,0.8080000281333923,0.8094000220298767,0.8080000281333923,0.8090999722480774,93128
2026-08-10T11:30,0.808899998664856,0.808899998664856,0.8080999851226807,0.8083000183105469,28668
2026-08-10T11:35,0.8083000183105469,0.8083000183105469,0.8079000115394592,0.8080000281333923,0
2026-08-10T11:40,0.8080000281333923,0.8084999918937683,0.8080000281333923,0.8082000017166138,14196
2026-08-10T11:45,0.8082000017166138,0.8084999918937683,0.8080999851226807,0.8080999851226807,63736
2026-08-10T11:50,0.8080999851226807,0.8086000084877014,0.8080999851226807,0.8084999918937683,200100
2026-08-10T11:55,0.8084999918937683,0.808899998664856,0.8083000183105469,0.8086000084877014,5560
2026-08-10T12:00,0.8086000084877014,0.8095999956130981,0.8080000281333923,0.8086000084877014,422680
2026-08-10T12:05,0.8086000084877014,0.8094000220298767,0.8083999752998352,0.8090999722480774,154932
2026-08-10T12:10,0.809499979019165,0.8145999908447266,0.809499979019165,0.8116000294685364,368716
2026-08-10T12:15,0.8113999962806702,0.8126000165939331,0.8112000226974487,0.8116000294685364,1143448
2026-08-10T12:20,0.8116999864578247,0.8122000098228455,0.8105999827384949,0.8105999827384949,717608
2026-08-10T12:25,0.810699999332428,0.8108999729156494,0.8095999956130981,0.8095999956130981,220804
2026-08-10T12:30,0.8091999888420105,0.8101000189781189,0.8084999918937683,0.8094000220298767,298336
2026-08-10T12:35,0.8094000220298767,0.8104000091552734,0.8094000220298767,0.8101000189781189,92664
2026-08-10T12:40,0.8101000189781189,0.8116000294685364,0.8101000189781189,0.8116000294685364,161164
2026-08-10T12:45,0.8116000294685364,0.8119000196456909,0.8112000226974487,0.8118000030517578,151760
2026-08-10T12:50,0.8118000030517578,0.8118000030517578,0.8105000257492065,0.8112999796867371,0
2026-08-10T12:55,0.8112999796867371,0.8119999766349792,0.8108000159263611,0.8111000061035156,559528
2026-08-10T13:00,0.8112000226974487,0.8141999840736389,0.8108999729156494,0.8141999840736389,113564
2026-08-10T13:05,0.8148000240325928,0.8176000118255615,0.8148000240325928,0.8155999779701233,172880
2026-08-10T13:10,0.8159999847412109,0.816100001335144,0.8148000240325928,0.8151000142097473,325188
2026-08-10T13:15,0.8151000142097473,0.8181999921798706,0.8148999810218811,0.817799985408783,540776
2026-08-10T13:20,0.817799985408783,0.8184000253677368,0.8167999982833862,0.8169000148773193,445896
2026-08-10T13:25,0.8167999982833862,0.8176000118255615,0.8166000247001648,0.8176000118255615,253768
2026-08-10T13:30,0.8170999884605408,0.8188999891281128,0.8158000111579895,0.816100001335144,180360
2026-08-10T13:35,0.8162000179290771,0.819100022315979,0.815500020980835,0.8187999725341797,344492
2026-08-10T13:40,0.8188999891281128,0.8194000124931335,0.8181999921798706,0.8192999958992004,717508
2026-08-10T13:45,0.819599986076355,0.8202000260353088,0.8167999982833862,0.8176000118255615,908992
2026-08-10T13:50,0.8172000050544739,0.8184000253677368,0.8172000050544739,0.8174999952316284,904408
2026-08-10T13:55,0.817799985408783,0.8183000087738037,0.816100001335144,0.817799985408783,466532
2026-08-10T14:00,0.8172000050544739,0.8194000124931335,0.8172000050544739,0.8180000185966492,352816
2026-08-10T14:05,0.8176000118255615,0.8177000284194946,0.8163999915122986,0.8172000050544739,354964
2026-08-10T14:10,0.8172000050544739,0.8180000185966492,0.8166999816894531,0.8180000185966492,36116
2026-08-10T14:15,0.817799985408783,0.8183000087738037,0.8155999779701233,0.8176000118255615,164884
2026-08-10T14:20,0.8172000050544739,0.8180000185966492,0.8162999749183655,0.8169000148773193,0
2026-08-10T14:25,0.8169000148773193,0.8185999989509583,0.8169000148773193,0.8177000284194946,494612
2026-08-10T14:30,0.8177000284194946,0.8180999755859375,0.8158000111579895,0.8158000111579895,210556
2026-08-10T14:35,0.8158000111579895,0.8172000050544739,0.8141000270843506,0.8145999908447266,47680
2026-08-10T14:40,0.8144999742507935,0.8156999945640564,0.8144999742507935,0.8149999976158142,0
2026-08-10T14:45,0.8149999976158142,0.8156999945640564,0.8144000172615051,0.8154000043869019,77128
2026-08-10T14:50,0.8154000043869019,0.8154000043869019,0.8131999969482422,0.8137999773025513,430852
2026-08-10T14:55,0.8137999773025513,0.8138999938964844,0.8123999834060669,0.8133999705314636,111116
2026-08-10T15:00,0.8134999871253967,0.8141000270843506,0.8113999962806702,0.8129000067710876,119676
2026-08-10T15:05,0.8127999901771545,0.8140000104904175,0.8127999901771545,0.8137000203132629,103092
2026-08-10T15:10,0.8133999705314636,0.8133999705314636,0.8069000244140625,0.807699978351593,260648
2026-08-10T15:15,0.807699978351593,0.8091999888420105,0.8075000047683716,0.8086000084877014,596076
2026-08-10T15:20,0.8086000084877014,0.808899998664856,0.8066999912261963,0.807200014591217,360616
2026-08-10T15:25,0.807200014591217,0.8073999881744385,0.8055999875068665,0.8073999881744385,142272
2026-08-10T15:30,0.8073999881744385,0.8073999881744385,0.8036999702453613,0.8036999702453613,319560
2026-08-10T15:35,0.8032000064849854,0.8039000034332275,0.8019999861717224,0.8036999702453613,415792
2026-08-10T15:40,0.8029000163078308,0.8044999837875366,0.8027999997138977,0.8040000200271606,108960
2026-08-10T15:45,0.8040000200271606,0.8044000267982483,0.8026000261306763,0.8029999732971191,249536
2026-08-10T15:50,0.8026999831199646,0.8041999936103821,0.8022000193595886,0.8022000193595886,116944
2026-08-10T15:55,0.8025000095367432,0.8032000064849854,0.801800012588501,0.8026000261306763,72312
2026-08-10T16:00,0.8023999929428101,0.8032000064849854,0.8011999726295471,0.8023999929428101,552832
2026-08-10T16:05,0.8023999929428101,0.8029999732971191,0.8012999892234802,0.8012999892234802,119472
2026-08-10T16:10,0.8015000224113464,0.8044000267982483,0.8015000224113464,0.8040000200271606,64616
2026-08-10T16:15,0.8040000200271606,0.8052999973297119,0.8027999997138977,0.8027999997138977,208008
2026-08-10T16:20,0.8027999997138977,0.8044000267982483,0.8012999892234802,0.8041999936103821,180192
2026-08-10T16:25,0.8046000003814697,0.8050000071525574,0.8027999997138977,0.8029999732971191,359848
2026-08-10T16:30,0.8027999997138977,0.803600013256073,0.8008000254631042,0.8008000254631042,272568
2026-08-10T16:35,0.8008000254631042,0.8044000267982483,0.8008000254631042,0.8044000267982483,718200
2026-08-10T16:40,0.804099977016449,0.804099977016449,0.7996000051498413,0.8001000285148621,252272
2026-08-10T16:45,0.8001000285148621,0.8001000285148621,0.7986000180244446,0.7990999817848206,246304
2026-08-10T16:50,0.7990000247955322,0.8001999855041504,0.798799991607666,0.8001999855041504,112136
2026-08-10T16:55,0.7997999787330627,0.7998999953269958,0.7985000014305115,0.7998999953269958,69120
2026-08-10T17:00,0.800000011920929,0.8001000285148621,0.79830002784729,0.7985000014305115,378424
2026-08-10T17:05,0.7990999817848206,0.8008999824523926,0.7985000014305115,0.7997999787330627,157200
2026-08-10T17:10,0.7997999787330627,0.8019000291824341,0.7997999787330627,0.8012999892234802,63448
2026-08-10T17:15,0.8011999726295471,0.8015000224113464,0.8007000088691711,0.8009999990463257,173400
2026-08-10T17:20,0.8009999990463257,0.8030999898910522,0.8009999990463257,0.8030999898910522,100144
2026-08-10T17:25,0.8032000064849854,0.8051999807357788,0.8032000064849854,0.8050000071525574,92720
2026-08-10T17:30,0.8050000071525574,0.8062999844551086,0.8044999837875366,0.8057000041007996,137104
2026-08-10T17:35,0.8057000041007996,0.8062999844551086,0.805400013923645,0.8061000108718872,327312
2026-08-10T17:40,0.8066999912261963,0.8066999912261963,0.8051999807357788,0.8051999807357788,58664
2026-08-10T17:45,0.8050000071525574,0.8052999973297119,0.8034999966621399,0.8051999807357788,154944
2026-08-10T17:50,0.8051999807357788,0.8064000010490417,0.8047999739646912,0.8064000010490417,60920
2026-08-10T17:55,0.8062999844551086,0.8068000078201294,0.805400013923645,0.8058000206947327,170672
2026-08-10T18:00,0.8061000108718872,0.8061000108718872,0.8030999898910522,0.8030999898910522,0
2026-08-10T18:05,0.8034999966621399,0.8034999966621399,0.8015999794006348,0.8023999929428101,64696
2026-08-10T18:10,0.8027999997138977,0.8032000064849854,0.8023999929428101,0.8023999929428101,175032
2026-08-10T18:15,0.8023999929428101,0.8029000163078308,0.8014000058174133,0.8014000058174133,71936
2026-08-10T18:20,0.8011999726295471,0.8021000027656555,0.8011999726295471,0.8021000027656555,12384
2026-08-10T18:25,0.8019000291824341,0.8021000027656555,0.8012999892234802,0.8014000058174133,22424
2026-08-10T18:30,0.8012999892234802,0.8012999892234802,0.8003000020980835,0.8004000186920166,0
2026-08-10T18:35,0.8008000254631042,0.8011000156402588,0.7993999719619751,0.8008999824523926,185936
2026-08-10T18:40,0.8008999824523926,0.8015000224113464,0.8004999756813049,0.8011000156402588,52304
2026-08-10T18:45,0.8009999990463257,0.8009999990463257,0.7989000082015991,0.8001999855041504,280992
2026-08-10T18:50,0.8001000285148621,0.8011000156402588,0.8001000285148621,0.8003000020980835,179624
2026-08-10T18:55,0.8003000020980835,0.8003000020980835,0.8003000020980835,0.8003000020980835,19472
2026-08-10T19:00,0.800000011920929,0.801800012588501,0.800000011920929,0.8011999726295471,86232
2026-08-10T19:05,0.8011999726295471,0.801800012588501,0.8011999726295471,0.8012999892234802,76632
2026-08-10T19:10,0.8012999892234802,0.805899977684021,0.8012999892234802,0.805899977684021,72512
2026-08-10T19:15,0.8062000274658203,0.8075000047683716,0.8061000108718872,0.8062000274658203,235336
2026-08-10T19:20,0.8062000274658203,0.8070999979972839,0.8062000274658203,0.8070999979972839,579520
2026-08-10T19:25,0.8070999979972839,0.8070999979972839,0.8065999746322632,0.8065999746322632,256048
2026-08-10T19:30,0.8065999746322632,0.8086000084877014,0.8065999746322632,0.807699978351593,172696
2026-08-10T19:35,0.807699978351593,0.807699978351593,0.8055999875068665,0.8064000010490417,110992
2026-08-10T19:40,0.8064000010490417,0.8064000010490417,0.8058000206947327,0.8058000206947327,40640
2026-08-10T19:45,0.8058000206947327,0.8070999979972839,0.8051000237464905,0.8051000237464905,84512
2026-08-10T19:50,0.8058000206947327,0.8058000206947327,0.8037999868392944,0.8039000034332275,62912
2026-08-10T19:55,0.8039000034332275,0.8044999837875366,0.8032000064849854,0.8040000200271606,89896
2026-08-10T20:00,0.804099977016449,0.8043000102043152,0.8033999800682068,0.8036999702453613,0
2026-08-10T20:05,0.8037999868392944,0.8047999739646912,0.8036999702453613,0.8047999739646912,0
2026-08-10T20:10,0.8047999739646912,0.8055999875068665,0.8047000169754028,0.805400013923645,0
2026-08-10T20:15,0.8051999807357788,0.805899977684021,0.8046000003814697,0.805899977684021,0
2026-08-10T20:20,0.805899977684021,0.805899977684021,0.8054999709129333,0.8054999709129333,52864
2026-08-10T20:25,0.805400013923645,0.805400013923645,0.8047999739646912,0.805400013923645,18632
2026-08-10T20:30,0.8051000237464905,0.8064000010490417,0.8051000237464905,0.8061000108718872,106048
2026-08-10T20:35,0.8061000108718872,0.8061000108718872,0.8044999837875366,0.8044999837875366,34712
2026-08-10T20:40,0.8044999837875366,0.8051000237464905,0.8044999837875366,0.8048999905586243,0
2026-08-10T20:45,0.8048999905586243,0.8048999905586243,0.8043000102043152,0.8043000102043152,0
2026-08-10T20:50,0.8043000102043152,0.8047999739646912,0.8043000102043152,0.8044000267982483,0
2026-08-10T20:55,0.8044000267982483,0.8044000267982483,0.8033999800682068,0.8033999800682068,0
2026-08-10T21:00,0.8030999898910522,0.8033999800682068,0.8026999831199646,0.8033999800682068,65104
2026-08-10T21:05,0.8037999868392944,0.8047000169754028,0.8037999868392944,0.8047000169754028,0
2026-08-10T21:10,0.8043000102043152,0.8051000237464905,0.8037999868392944,0.8051000237464905,91920
2026-08-10T21:15,0.8051000237464905,0.8057000041007996,0.8048999905586243,0.8057000041007996,46928
2026-08-10T21:20,0.8048999905586243,0.8064000010490417,0.8047999739646912,0.8047999739646912,133736
2026-08-10T21:25,0.8051000237464905,0.8069999814033508,0.8044999837875366,0.8069999814033508,35680
2026-08-10T21:30,0.8066999912261963,0.8091999888420105,0.8062999844551086,0.8087999820709229,207384
2026-08-10T21:35,0.8087999820709229,0.8095999956130981,0.8087999820709229,0.8091999888420105,157240
2026-08-10T21:40,0.8095999956130981,0.8100000023841858,0.8095999956130981,0.8098999857902527,79440
2026-08-10T21:45,0.8098999857902527,0.8101000189781189,0.809499979019165,0.809499979019165,0
2026-08-10T21:50,0.8095999956130981,0.8101999759674072,0.8090000152587891,0.8097000122070312,0
2026-08-10T21:55,0.8097000122070312,0.8104000091552734,0.8064000010490417,0.8065999746322632,150640
2026-08-10T22:00,0.8061000108718872,0.807200014591217,0.8061000108718872,0.8062000274658203,0
2026-08-10T22:05,0.8050000071525574,0.8061000108718872,0.8050000071525574,0.8061000108718872,0
2026-08-10T22:10,0.8061000108718872,0.8072999715805054,0.8061000108718872,0.8065999746322632,37360
2026-08-10T22:15,0.8065999746322632,0.8077999949455261,0.8065999746322632,0.8065999746322632,0
2026-08-10T22:20,0.8064000010490417,0.8064000010490417,0.8054999709129333,0.8054999709129333,0
2026-08-10T22:25,0.8052999973297119,0.8057000041007996,0.8051000237464905,0.8055999875068665,0
2026-08-10T22:30,0.8055999875068665,0.8059999942779541,0.8044999837875366,0.8047000169754028,0
2026-08-10T22:35,0.8047000169754028,0.8048999905586243,0.8041999936103821,0.8046000003814697,0
2026-08-10T22:40,0.8046000003814697,0.8047999739646912,0.8044000267982483,0.8047000169754028,0
2026-08-10T22:45,0.8047000169754028,0.805899977684021,0.8044999837875366,0.805899977684021,0
2026-08-10T22:50,0.8058000206947327,0.8065000176429749,0.8058000206947327,0.8058000206947327,0
2026-08-10T22:55,0.8055999875068665,0.8055999875068665,0.8054999709129333,0.8055999875068665,0
2026-08-10T23:00,0.8051999807357788,0.8059999942779541,0.8047999739646912,0.8051999807357788,0
2026-08-10T23:05,0.8051999807357788,0.8062000274658203,0.8050000071525574,0.8061000108718872,0
2026-08-10T23:10,0.8062000274658203,0.8066999912261963,0.8058000206947327,0.8066999912261963,0
2026-08-10T23:15,0.8066999912261963,0.8069000244140625,0.8055999875068665,0.8057000041007996,0
2026-08-10T23:20,0.8058000206947327,0.8058000206947327,0.8033999800682068,0.8044999837875366,0
2026-08-10T23:25,0.8046000003814697,0.8047000169754028,0.8043000102043152,0.8044999837875366,0
2026-08-10T23:30,0.8044999837875366,0.8044999837875366,0.8040000200271606,0.8044000267982483,0
2026-08-10T23:35,0.8044000267982483,0.8044000267982483,0.8040000200271606,0.8043000102043152,0
2026-08-10T23:40,0.8043000102043152,0.805400013923645,0.8043000102043152,0.805400013923645,0
2026-08-10T23:45,0.8052999973297119,0.8052999973297119,0.8043000102043152,0.8043000102043152,0
2026-08-10T23:50,0.8047000169754028,0.8048999905586243,0.8044999837875366,0.8047000169754028,0
2026-08-10T23:55,0.8047000169754028,0.8047999739646912,0.8044000267982483,0.8047999739646912,9040
2026-08-11T00:00,0.8047000169754028,0.8047000169754028,0.8037999868392944,0.8037999868392944,0
2026-08-11T00:05,0.8037999868392944,0.8044000267982483,0.8037999868392944,0.8044000267982483,0
2026-08-11T00:10,0.8041999936103821,0.8047999739646912,0.8036999702453613,0.8047999739646912,0
2026-08-11T00:15,0.8047000169754028,0.8047000169754028,0.8041999936103821,0.8046000003814697,0
2026-08-11T00:20,0.8046000003814697,0.8046000003814697,0.8037999868392944,0.8037999868392944,0
2026-08-11T00:25,0.8039000034332275,0.805400013923645,0.803600013256073,0.805400013923645,0
2026-08-11T00:30,0.8055999875068665,0.8058000206947327,0.8051000237464905,0.8051000237464905,0
2026-08-11T00:35,0.8050000071525574,0.8051999807357788,0.8043000102043152,0.8043000102043152,27248
2026-08-11T00:40,0.8043000102043152,0.805400013923645,0.804099977016449,0.8052999973297119,0
2026-08-11T00:45,0.8051000237464905,0.8051999807357788,0.8044999837875366,0.8047999739646912,0
2026-08-11T00:50,0.8047999739646912,0.8048999905586243,0.8040000200271606,0.8041999936103821,0
2026-08-11T00:55,0.8041999936103821,0.8041999936103821,0.8026000261306763,0.8027999997138977,0
2026-08-11T01:00,0.8026999831199646,0.8030999898910522,0.8019999861717224,0.802299976348877,74152
2026-08-11T01:05,0.802299976348877,0.8026000261306763,0.8016999959945679,0.8026000261306763,0
2026-08-11T01:10,0.8026999831199646,0.8061000108718872,0.8026999831199646,0.8058000206947327,0
2026-08-11T01:15,0.8064000010490417,0.8068000078201294,0.8055999875068665,0.8062999844551086,0
2026-08-11T01:20,0.8064000010490417,0.8076000213623047,0.8062000274658203,0.8076000213623047,66664
2026-08-11T01:25,0.8076000213623047,0.8076000213623047,0.8062999844551086,0.8072999715805054,10816
2026-08-11T01:30,0.8083999752998352,0.8083999752998352,0.8080999851226807,0.8083000183105469,22160
2026-08-11T01:35,0.8083000183105469,0.808899998664856,0.8080999851226807,0.8082000017166138,2168
2026-08-11T01:40,0.8080000281333923,0.8082000017166138,0.807200014591217,0.8082000017166138,0
2026-08-11T01:45,0.8083000183105469,0.8095999956130981,0.8083000183105469,0.8095999956130981,32672
2026-08-11T01:50,0.8098999857902527,0.8111000061035156,0.8098999857902527,0.8111000061035156,44176
2026-08-11T01:55,0.8112000226974487,0.8115000128746033,0.8087999820709229,0.8097000122070312,0
2026-08-11T02:00,0.8094000220298767,0.8122000098228455,0.8094000220298767,0.8095999956130981,159736
2026-08-11T02:05,0.8095999956130981,0.8095999956130981,0.8087999820709229,0.8093000054359436,3048
2026-08-11T02:10,0.8090999722480774,0.8090999722480774,0.807200014591217,0.807200014591217,119936
2026-08-11T02:15,0.807200014591217,0.8075000047683716,0.8068000078201294,0.807200014591217,0
2026-08-11T02:20,0.8070999979972839,0.8073999881744385,0.8069999814033508,0.8073999881744385,0
2026-08-11T02:25,0.8073999881744385,0.8073999881744385,0.8057000041007996,0.8064000010490417,37792
2026-08-11T02:30,0.8065999746322632,0.8077999949455261,0.8065999746322632,0.8072999715805054,30280
2026-08-11T02:35,0.8072999715805054,0.8075000047683716,0.8064000010490417,0.8064000010490417,0
2026-08-11T02:40,0.8065999746322632,0.8072999715805054,0.8065999746322632,0.8069999814033508,0
2026-08-11T02:45,0.8068000078201294,0.8070999979972839,0.8064000010490417,0.8064000010490417,0
2026-08-11T02:50,0.8064000010490417,0.8065999746322632,0.805899977684021,0.8065999746322632,0
2026-08-11T02:55,0.8065999746322632,0.8065999746322632,0.8055999875068665,0.8055999875068665,34824
2026-08-11T03:00,0.8052999973297119,0.8058000206947327,0.8051000237464905,0.8058000206947327,0
2026-08-11T03:05,0.8058000206947327,0.805899977684021,0.805400013923645,0.8057000041007996,0
2026-08-11T03:10,0.8055999875068665,0.8055999875068665,0.8047999739646912,0.8051000237464905,0
2026-08-11T03:15,0.8051000237464905,0.8051999807357788,0.804099977016449,0.804099977016449,0
2026-08-11T03:20,0.8037999868392944,0.8051999807357788,0.8037999868392944,0.8044000267982483,0
2026-08-11T03:25,0.8044999837875366,0.8047000169754028,0.8039000034332275,0.8043000102043152,11576
2026-08-11T03:30,0.8037999868392944,0.8041999936103821,0.8027999997138977,0.8032000064849854,76064
2026-08-11T03:35,0.8032000064849854,0.8036999702453613,0.8027999997138977,0.8036999702453613,0
2026-08-11T03:40,0.8036999702453613,0.8036999702453613,0.8029000163078308,0.8030999898910522,25336
2026-08-11T03:45,0.8027999997138977,0.8029000163078308,0.8019000291824341,0.8026000261306763,30232
2026-08-11T03:50,0.8026000261306763,0.8026000261306763,0.801800012588501,0.8022000193595886,7520
2026-08-11T03:55,0.8022000193595886,0.8023999929428101,0.801800012588501,0.802299976348877,20912
2026-08-11T04:00,0.8021000027656555,0.8021000027656555,0.8011999726295471,0.8014000058174133,0
2026-08-11T04:05,0.8014000058174133,0.801800012588501,0.8014000058174133,0.8016999959945679,0
2026-08-11T04:10,0.8016999959945679,0.8019000291824341,0.8014000058174133,0.8014000058174133,0
2026-08-11T04:15,0.8014000058174133,0.8015999794006348,0.8014000058174133,0.8014000058174133,0
2026-08-11T04:20,0.8014000058174133,0.8021000027656555,0.8008000254631042,0.801800012588501,283872
2026-08-11T04:25,0.801800012588501,0.8019000291824341,0.8015999794006348,0.801800012588501,104000
2026-08-11T04:30,0.801800012588501,0.801800012588501,0.8007000088691711,0.8015999794006348,20608
2026-08-11T04:35,0.8014000058174133,0.8014000058174133,0.8011000156402588,0.8011000156402588,104664
2026-08-11T04:40,0.8011000156402588,0.8011000156402588,0.8001000285148621,0.8004999756813049,0
2026-08-11T04:45,0.8004999756813049,0.8008999824523926,0.8004999756813049,0.8008000254631042,0
2026-08-11T04:50,0.8008000254631042,0.8011000156402588,0.8004000186920166,0.8011000156402588,0
2026-08-11T04:55,0.8008999824523926,0.8021000027656555,0.8008999824523926,0.8015999794006348,0
2026-08-11T05:00,0.8015000224113464,0.8015000224113464,0.8004000186920166,0.8008000254631042,0
2026-08-11T05:05,0.8008000254631042,0.8022000193595886,0.8008000254631042,0.8021000027656555,0
2026-08-11T05:10,0.8021000027656555,0.8027999997138977,0.8019000291824341,0.8027999997138977,0
2026-08-11T05:15,0.8029000163078308,0.8037999868392944,0.8027999997138977,0.8027999997138977,0
2026-08-11T05:20,0.8026999831199646,0.8032000064849854,0.8019000291824341,0.8029999732971191,0
2026-08-11T05:25,0.8029999732971191,0.8044999837875366,0.8029999732971191,0.804099977016449,58128
2026-08-11T05:30,0.804099977016449,0.8065000176429749,0.8040000200271606,0.8065000176429749,103856
2026-08-11T05:35,0.8065000176429749,0.8086000084877014,0.8065000176429749,0.8084999918937683,138448
2026-08-11T05:40,0.8084999918937683,0.8087999820709229,0.8080999851226807,0.8086000084877014,135904
2026-08-11T05:45,0.809499979019165,0.809499979019165,0.8083999752998352,0.8090000152587891,0
2026-08-11T05:50,0.8090000152587891,0.8091999888420105,0.8083999752998352,0.8084999918937683,44624
2026-08-11T05:55,0.8084999918937683,0.808899998664856,0.8054999709129333,0.8055999875068665,53656
2026-08-11T06:00,0.805400013923645,0.805400013923645,0.8027999997138977,0.8034999966621399,87544
2026-08-11T06:05,0.8034999966621399,0.805400013923645,0.8034999966621399,0.805400013923645,159688
2026-08-11T06:10,0.805400013923645,0.805400013923645,0.8047999739646912,0.8047999739646912,38216
2026-08-11T06:15,0.8047999739646912,0.8052999973297119,0.8044000267982483,0.8047000169754028,0
2026-08-11T06:20,0.8048999905586243,0.8048999905586243,0.8040000200271606,0.8044999837875366,416
2026-08-11T06:25,0.8041999936103821,0.8041999936103821,0.8023999929428101,0.8023999929428101,0
2026-08-11T06:30,0.8023999929428101,0.8025000095367432,0.8021000027656555,0.8021000027656555,0
2026-08-11T06:35,0.8023999929428101,0.8029999732971191,0.8023999929428101,0.8029000163078308,0
2026-08-11T06:40,0.8029000163078308,0.8034999966621399,0.8026999831199646,0.8032000064849854,23256
2026-08-11T06:45,0.8026000261306763,0.8044999837875366,0.8023999929428101,0.8044999837875366,10928
2026-08-11T06:50,0.8044999837875366,0.8044999837875366,0.8029999732971191,0.8030999898910522,201880
2026-08-11T06:55,0.8027999997138977,0.8041999936103821,0.8027999997138977,0.8040000200271606,35320
2026-08-11T07:00,0.8040000200271606,0.8051000237464905,0.8040000200271606,0.804099977016449,0
2026-08-11T07:05,0.804099977016449,0.804099977016449,0.8033999800682068,0.8039000034332275,0
2026-08-11T07:10,0.8039000034332275,0.8040000200271606,0.8034999966621399,0.8040000200271606,0
2026-08-11T07:15,0.8034999966621399,0.8034999966621399,0.8026000261306763,0.8027999997138977,0
2026-08-11T07:20,0.8023999929428101,0.8029000163078308,0.8023999929428101,0.8029000163078308,0
2026-08-11T07:25,0.8029000163078308,0.8029000163078308,0.8023999929428101,0.8029000163078308,0
2026-08-11T07:30,0.8029000163078308,0.8039000034332275,0.8029000163078308,0.8034999966621399,0
2026-08-11T07:35,0.8044000267982483,0.8047000169754028,0.8044000267982483,0.8047000169754028,0
2026-08-11T07:40,0.8047000169754028,0.8047000169754028,0.8043000102043152,0.8043000102043152,0
2026-08-11T07:45,0.8043000102043152,0.8069999814033508,0.8043000102043152,0.8064000010490417,75280
2026-08-11T07:50,0.8064000010490417,0.807200014591217,0.8064000010490417,0.8064000010490417,117352
2026-08-11T07:55,0.8064000010490417,0.8069000244140625,0.8064000010490417,0.8069000244140625,13944
2026-08-11T08:00,0.8065999746322632,0.8079000115394592,0.8065999746322632,0.8079000115394592,0
2026-08-11T08:05,0.8080000281333923,0.8082000017166138,0.8065999746322632,0.8065999746322632,0
2026-08-11T08:10,0.8065999746322632,0.8065999746322632,0.8057000041007996,0.8057000041007996,0
2026-08-11T08:15,0.8057000041007996,0.8066999912261963,0.8057000041007996,0.8066999912261963,0
2026-08-11T08:20,0.8066999912261963,0.807699978351593,0.8066999912261963,0.807699978351593,0
2026-08-11T08:25,0.807699978351593,0.8080000281333923,0.807200014591217,0.807200014591217,0
2026-08-11T08:30,0.8069999814033508,0.8069999814033508,0.8069999814033508,0.8069999814033508,0
2026-08-11T08:35,0.8069999814033508,0.8069999814033508,0.8065000176429749,0.8065000176429749,0
2026-08-11T08:40,0.8065000176429749,0.807699978351593,0.8065000176429749,0.8069000244140625,0
2026-08-11T08:45,0.8069000244140625,0.8069000244140625,0.8065999746322632,0.8068000078201294,0
2026-08-11T08:50,0.8068000078201294,0.8076000213623047,0.8066999912261963,0.8076000213623047,0
2026-08-11T08:55,0.8076000213623047,0.8076000213623047,0.8068000078201294,0.8068000078201294,0
2026-08-11T09:00,0.8065000176429749,0.8065000176429749,0.8032000064849854,0.8033999800682068,12952
2026-08-11T09:05,0.8033999800682068,0.8037999868392944,0.8032000064849854,0.8033000230789185,84492
2026-08-11T09:10,0.8037999868392944,0.8051999807357788,0.8037999868392944,0.8051999807357788,146648
2026-08-11T09:15,0.8051000237464905,0.8065000176429749,0.8051000237464905,0.8062999844551086,138564
2026-08-11T09:20,0.8057000041007996,0.8062000274658203,0.8051000237464905,0.805899977684021,0
2026-08-11T09:25,0.8062999844551086,0.807200014591217,0.8062000274658203,0.8069000244140625,91232
2026-08-11T09:30,0.8069000244140625,0.807200014591217,0.8065999746322632,0.8066999912261963,48068
2026-08-11T09:35,0.8066999912261963,0.8077999949455261,0.8066999912261963,0.8077999949455261,0
2026-08-11T09:40,0.8082000017166138,0.8098000288009644,0.8082000017166138,0.8098000288009644,29452
2026-08-11T09:45,0.8101999759674072,0.8104000091552734,0.809499979019165,0.8095999956130981,84724
2026-08-11T09:50,0.8091999888420105,0.8104000091552734,0.8087999820709229,0.8095999956130981,451848
2026-08-11T09:55,0.809499979019165,0.8098000288009644,0.8066999912261963,0.8069000244140625,125660
2026-08-11T10:00,0.8069000244140625,0.807200014591217,0.8051000237464905,0.8051999807357788,112780
2026-08-11T10:05,0.8047999739646912,0.8052999973297119,0.8047000169754028,0.8047999739646912,0
2026-08-11T10:10,0.8046000003814697,0.8046000003814697,0.8026000261306763,0.8026000261306763,272956
2026-08-11T10:15,0.8023999929428101,0.8033000230789185,0.8022000193595886,0.8026000261306763,125988
2026-08-11T10:20,0.8026999831199646,0.8029000163078308,0.8011999726295471,0.8015999794006348,237324
2026-08-11T10:25,0.8015999794006348,0.803600013256073,0.8015999794006348,0.803600013256073,464512
2026-08-11T10:30,0.803600013256073,0.803600013256073,0.8027999997138977,0.8029999732971191,123696
2026-08-11T10:35,0.8029999732971191,0.8029999732971191,0.8023999929428101,0.8027999997138977,161136
2026-08-11T10:40,0.8023999929428101,0.8023999929428101,0.8022000193595886,0.8023999929428101,7168
2026-08-11T10:45,0.8023999929428101,0.8037999868392944,0.8023999929428101,0.803600013256073,44560
2026-08-11T10:50,0.803600013256073,0.8036999702453613,0.8026000261306763,0.8026000261306763,93504
2026-08-11T10:55,0.8026000261306763,0.8026999831199646,0.8022000193595886,0.8022000193595886,59552
2026-08-11T11:00,0.8021000027656555,0.8036999702453613,0.8021000027656555,0.8027999997138977,0
2026-08-11T11:05,0.8030999898910522,0.8030999898910522,0.8011000156402588,0.8011000156402588,57408
2026-08-11T11:10,0.8011000156402588,0.8022000193595886,0.8007000088691711,0.8008000254631042,83032
2026-08-11T11:15,0.8008000254631042,0.8011999726295471,0.7991999983787537,0.7997999787330627,396264
2026-08-11T11:20,0.7997999787330627,0.7998999953269958,0.7993000149726868,0.7997999787330627,173728
2026-08-11T11:25,0.7997999787330627,0.7997999787330627,0.7993999719619751,0.7993999719619751,64232
2026-08-11T11:30,0.7993999719619751,0.7994999885559082,0.7979000210762024,0.7983999848365784,656
2026-08-11T11:35,0.7979999780654907,0.7979999780654907,0.7962999939918518,0.7962999939918518,141088
2026-08-11T11:40,0.7962999939918518,0.7989000082015991,0.7962999939918518,0.7989000082015991,216848
2026-08-11T11:45,0.7990000247955322,0.8011999726295471,0.7990000247955322,0.8011999726295471,280504
2026-08-11T11:50,0.8014000058174133,0.8014000058174133,0.7997999787330627,0.7997999787330627,180248
2026-08-11T11:55,0.7997999787330627,0.8004000186920166,0.7991999983787537,0.7991999983787537,0
2026-08-11T12:00,0.7986999750137329,0.7994999885559082,0.7986999750137329,0.7994999885559082,0
2026-08-11T12:05,0.7994999885559082,0.7996000051498413,0.7990999817848206,0.7996000051498413,0
2026-08-11T12:10,0.7996000051498413,0.7997000217437744,0.7991999983787537,0.7997000217437744,0
2026-08-11T12:15,0.7997000217437744,0.7997000217437744,0.7982000112533569,0.7982000112533569,0
2026-08-11T12:20,0.7982000112533569,0.79830002784729,0.7973999977111816,0.7975999712944031,0
2026-08-11T12:25,0.7975999712944031,0.7975999712944031,0.7965999841690063,0.7967000007629395,0
2026-08-11T12:30,0.7967000007629395,0.7971000075340271,0.7964000105857849,0.7971000075340271,0
2026-08-11T12:35,0.7975999712944031,0.7978000044822693,0.7964000105857849,0.7975000143051147,92944
2026-08-11T12:40,0.7976999878883362,0.7980999946594238,0.7971000075340271,0.7979000210762024,5304
2026-08-11T12:45,0.7979000210762024,0.7979000210762024,0.7965999841690063,0.7965999841690063,30264
2026-08-11T12:50,0.7965999841690063,0.7965999841690063,0.7942000031471252,0.7946000099182129,0
2026-08-11T12:55,0.7946000099182129,0.7958999872207642,0.7935000061988831,0.7935000061988831,143572
2026-08-11T13:00,0.7932999730110168,0.7940999865531921,0.7924000024795532,0.7928000092506409,0
2026-08-11T13:05,0.792900025844574,0.7936999797821045,0.7922000288963318,0.7936999797821045,220184
2026-08-11T13:10,0.7936999797821045,0.794700026512146,0.7936999797821045,0.7944999933242798,0
2026-08-11T13:15,0.7940000295639038,0.7940000295639038,0.7915999889373779,0.7924000024795532,0
2026-08-11T13:20,0.7922000288963318,0.7925000190734863,0.7918000221252441,0.7924000024795532,0
2026-08-11T13:25,0.7924000024795532,0.7947999835014343,0.7922999858856201,0.7947999835014343,0
2026-08-11T13:30,0.7947999835014343,0.7947999835014343,0.7936999797821045,0.7943999767303467,0
2026-08-11T13:35,0.7940999865531921,0.7949000000953674,0.7939000129699707,0.7943999767303467,0
2026-08-11T13:40,0.7946000099182129,0.7946000099182129,0.7936000227928162,0.7940000295639038,0
2026-08-11T13:45,0.7940000295639038,0.7942000031471252,0.7935000061988831,0.7940000295639038,0
2026-08-11T13:50,0.7940000295639038,0.7940000295639038,0.7926999926567078,0.7932999730110168,0
2026-08-11T13:55,0.7932999730110168,0.7939000129699707,0.7932000160217285,0.7932999730110168,0
2026-08-11T14:00,0.7932999730110168,0.79339998960495,0.7922999858856201,0.7924000024795532,0
2026-08-11T14:05,0.7922999858856201,0.7924000024795532,0.791100025177002,0.7918000221252441,0
2026-08-11T14:10,0.7918000221252441,0.7924000024795532,0.7918000221252441,0.7918999791145325,136608
2026-08-11T14:15,0.7919999957084656,0.792900025844574,0.7919999957084656,0.7924000024795532,0
2026-08-11T14:20,0.7924000024795532,0.7924000024795532,0.7878999710083008,0.7878999710083008,0
2026-08-11T14:25,0.7878999710083008,0.7892000079154968,0.7876999974250793,0.7886000275611877,0
2026-08-11T14:30,0.7883999943733215,0.7885000109672546,0.7878000140190125,0.7883999943733215,231128
2026-08-11T14:35,0.7886000275611877,0.7888000011444092,0.7867000102996826,0.7876999974250793,17180
2026-08-11T14:40,0.7878000140190125,0.7878999710083008,0.7871999740600586,0.7878999710083008,0
2026-08-11T14:45,0.7878999710083008,0.7878999710083008,0.7857999801635742,0.7857999801635742,109988
2026-08-11T14:50,0.7858999967575073,0.7858999967575073,0.7825999855995178,0.782800018787384,0
2026-08-11T14:55,0.7825999855995178,0.7825999855995178,0.7789999842643738,0.7806000113487244,669068
2026-08-11T15:00,0.779699981212616,0.7803999781608582,0.7773000001907349,0.77920001745224,536528
2026-08-11T15:05,0.77920001745224,0.781499981880188,0.7791000008583069,0.7809000015258789,130100
2026-08-11T15:10,0.7809000015258789,0.7809000015258789,0.7788000106811523,0.7789000272750854,85412
2026-08-11T15:15,0.7781000137329102,0.7820000052452087,0.7781000137329102,0.7820000052452087,0
2026-08-11T15:20,0.7820000052452087,0.7839000225067139,0.7815999984741211,0.7832000255584717,56556
2026-08-11T15:25,0.7832000255584717,0.7839999794960022,0.7829999923706055,0.7839999794960022,39956
2026-08-11T15:30,0.7839999794960022,0.7839999794960022,0.7820000052452087,0.7820000052452087,0
2026-08-11T15:35,0.7822999954223633,0.7822999954223633,0.779699981212616,0.7802000045776367,0
2026-08-11T15:40,0.7803999781608582,0.7809000015258789,0.7777000069618225,0.7809000015258789,0
2026-08-11T15:45,0.7807999849319458,0.7815999984741211,0.77920001745224,0.7797999978065491,296408
2026-08-11T15:50,0.7799000144004822,0.781000018119812,0.7796000242233276,0.7797999978065491,19956
2026-08-11T15:55,0.7797999978065491,0.7815999984741211,0.7793999910354614,0.7813000082969666,183252
2026-08-11T16:00,0.7807000279426575,0.7824000120162964,0.7797999978065491,0.7817999720573425,0
2026-08-11T16:05,0.7818999886512756,0.7820000052452087,0.7807000279426575,0.7817999720573425,0
2026-08-11T16:10,0.7818999886512756,0.7818999886512756,0.7804999947547913,0.7817000150680542,0
2026-08-11T16:15,0.7820000052452087,0.7835999727249146,0.7811999917030334,0.782800018787384,0
2026-08-11T16:20,0.782800018787384,0.782800018787384,0.7817000150680542,0.7825999855995178,0
2026-08-11T16:25,0.782800018787384,0.7831000089645386,0.7818999886512756,0.7821999788284302,0
2026-08-11T16:30,0.7822999954223633,0.7825000286102295,0.781499981880188,0.7824000120162964,0
2026-08-11T16:35,0.7824000120162964,0.7829999923706055,0.7818999886512756,0.7818999886512756,0
2026-08-11T16:40,0.7821999788284302,0.7825000286102295,0.7817000150680542,0.7818999886512756,0
2026-08-11T16:45,0.7822999954223633,0.7831000089645386,0.7813000082969666,0.7828999757766724,0
2026-08-11T16:50,0.7824000120162964,0.7829999923706055,0.7818999886512756,0.7828999757766724,0
2026-08-11T16:55,0.7828999757766724,0.7828999757766724,0.7821999788284302,0.7822999954223633,0
2026-08-11T17:00,0.7824000120162964,0.7839000225067139,0.7824000120162964,0.7825999855995178,0
2026-08-11T17:05,0.7825999855995178,0.782800018787384,0.7821999788284302,0.7824000120162964,9164
2026-08-11T17:10,0.7821999788284302,0.7832000255584717,0.7821999788284302,0.7825999855995178,0
2026-08-11T17:15,0.7825999855995178,0.7833999991416931,0.7824000120162964,0.7824000120162964,228736
2026-08-11T17:20,0.7825000286102295,0.7825999855995178,0.7822999954223633,0.7825999855995178,4484
2026-08-11T17:25,0.7825999855995178,0.7835999727249146,0.7824000120162964,0.7825999855995178,41796
2026-08-11T17:30,0.7825000286102295,0.7825000286102295,0.7818999886512756,0.7818999886512756,185348
2026-08-11T17:35,0.7818999886512756,0.7821000218391418,0.781499981880188,0.781499981880188,194692
2026-08-11T17:40,0.781499981880188,0.7817999720573425,0.781499981880188,0.7817999720573425,0
2026-08-11T17:45,0.7814000248908997,0.7817000150680542,0.7809000015258789,0.781000018119812,0
2026-08-11T17:50,0.7807999849319458,0.781499981880188,0.7807999849319458,0.7810999751091003,0
2026-08-11T17:55,0.7810999751091003,0.7825000286102295,0.7810999751091003,0.7821000218391418,0
2026-08-11T18:00,0.7818999886512756,0.7829999923706055,0.7817999720573425,0.782800018787384,0
2026-08-11T18:05,0.782800018787384,0.7835999727249146,0.782800018787384,0.7832000255584717,0
2026-08-11T18:10,0.7832000255584717,0.78329998254776,0.7821000218391418,0.78329998254776,0
2026-08-11T18:15,0.78329998254776,0.7839999794960022,0.7831000089645386,0.7835999727249146,124420
2026-08-11T18:20,0.7838000059127808,0.7840999960899353,0.7835999727249146,0.7839999794960022,76196
2026-08-11T18:25,0.7839999794960022,0.784500002861023,0.7817000150680542,0.7817000150680542,88956
2026-08-11T18:30,0.7818999886512756,0.7829999923706055,0.7809000015258789,0.7829999923706055,51420
2026-08-11T18:35,0.7832000255584717,0.7835000157356262,0.7821000218391418,0.7821000218391418,12940
2026-08-11T18:40,0.7821000218391418,0.7821000218391418,0.7803999781608582,0.7817999720573425,0
2026-08-11T18:45,0.7817999720573425,0.7822999954223633,0.7817999720573425,0.7822999954223633,0
2026-08-11T18:50,0.7822999954223633,0.7822999954223633,0.7817999720573425,0.7821999788284302,0
2026-08-11T18:55,0.7820000052452087,0.782800018787384,0.7820000052452087,0.782800018787384,0
2026-08-11T19:00,0.7825999855995178,0.7825999855995178,0.7821999788284302,0.7825999855995178,0
2026-08-11T19:05,0.7825999855995178,0.7835000157356262,0.7818999886512756,0.7824000120162964,0
2026-08-11T19:10,0.7824000120162964,0.7825000286102295,0.7817999720573425,0.7821999788284302,374196
2026-08-11T19:15,0.7821999788284302,0.7839000225067139,0.7821999788284302,0.7838000059127808,0
2026-08-11T19:20,0.7838000059127808,0.7847999930381775,0.7838000059127808,0.7840999960899353,0
2026-08-11T19:25,0.784500002861023,0.7851999998092651,0.784500002861023,0.7851999998092651,0
2026-08-11T19:30,0.7850000262260437,0.7860000133514404,0.7839000225067139,0.7839000225067139,0
2026-08-11T19:35,0.7839000225067139,0.7853999733924866,0.7839000225067139,0.7853999733924866,28384
2026-08-11T19:40,0.7854999899864197,0.7854999899864197,0.784600019454956,0.7851999998092651,0
2026-08-11T19:45,0.7853999733924866,0.7860999703407288,0.7847999930381775,0.7847999930381775,34700
2026-08-11T19:50,0.7843999862670898,0.7853999733924866,0.7843999862670898,0.7853999733924866,61552
2026-08-11T19:55,0.7850000262260437,0.7860999703407288,0.7850000262260437,0.7860000133514404,0
2026-08-11T20:00,0.7858999967575073,0.7865999937057495,0.7858999967575073,0.786300003528595,0
2026-08-11T20:05,0.7868000268936157,0.788100004196167,0.7868000268936157,0.7878000140190125,41008
2026-08-11T20:10,0.7878000140190125,0.7889000177383423,0.7874000072479248,0.7874000072479248,45252
2026-08-11T20:15,0.7875999808311462,0.7878000140190125,0.7865999937057495,0.7865999937057495,96240
2026-08-11T20:20,0.7865999937057495,0.7870000004768372,0.7858999967575073,0.7864999771118164,0
2026-08-11T20:25,0.7864999771118164,0.7868000268936157,0.7854999899864197,0.7868000268936157,118328
2026-08-11T20:30,0.7870000004768372,0.7870000004768372,0.7857999801635742,0.7857999801635742,34052
2026-08-11T20:35,0.7858999967575073,0.7870000004768372,0.7858999967575073,0.7870000004768372,0
2026-08-11T20:40,0.7870000004768372,0.7871000170707703,0.7867000102996826,0.7868000268936157,0
2026-08-11T20:45,0.7868000268936157,0.788100004196167,0.7868000268936157,0.7874000072479248,0
2026-08-11T20:50,0.7871999740600586,0.7875000238418579,0.7867000102996826,0.7875000238418579,26680
2026-08-11T20:55,0.7875000238418579,0.7879999876022339,0.7874000072479248,0.7874000072479248,29788
2026-08-11T21:00,0.7874000072479248,0.7888000011444092,0.7874000072479248,0.7883999943733215,0
2026-08-11T21:05,0.7883999943733215,0.7883999943733215,0.7875000238418579,0.7875000238418579,425552
2026-08-11T21:10,0.7874000072479248,0.7876999974250793,0.7874000072479248,0.7876999974250793,18492
2026-08-11T21:15,0.7876999974250793,0.7876999974250793,0.7865999937057495,0.7865999937057495,0
2026-08-11T21:20,0.7865999937057495,0.7868000268936157,0.7865999937057495,0.7868000268936157,0
2026-08-11T21:25,0.7868000268936157,0.7875999808311462,0.7864000201225281,0.7864000201225281,0
2026-08-11T21:30,0.7865999937057495,0.7868000268936157,0.7865999937057495,0.7867000102996826,0
2026-08-11T21:35,0.7867000102996826,0.7867000102996826,0.7860000133514404,0.7860000133514404,0
2026-08-11T21:40,0.7860000133514404,0.7864000201225281,0.7857999801635742,0.7857999801635742,0
2026-08-11T21:45,0.7861999869346619,0.7864000201225281,0.7856000065803528,0.7856000065803528,0
2026-08-11T21:50,0.7856000065803528,0.7864000201225281,0.7854999899864197,0.7857000231742859,0
2026-08-11T21:55,0.7854999899864197,0.7867000102996826,0.7853999733924866,0.7867000102996826,0
2026-08-11T22:00,0.7871999740600586,0.7893000245094299,0.7871000170707703,0.7892000079154968,0
2026-08-11T22:05,0.7892000079154968,0.7892000079154968,0.7872999906539917,0.7875000238418579,0
2026-08-11T22:10,0.7874000072479248,0.7885000109672546,0.7874000072479248,0.7883999943733215,0
2026-08-11T22:15,0.788100004196167,0.7889000177383423,0.788100004196167,0.7882000207901001,0
2026-08-11T22:20,0.7882000207901001,0.7882999777793884,0.7875999808311462,0.7882999777793884,17596
2026-08-11T22:25,0.7882999777793884,0.7882999777793884,0.7870000004768372,0.7875000238418579,61828
2026-08-11T22:30,0.7875999808311462,0.7875999808311462,0.7867000102996826,0.7875000238418579,111448
2026-08-11T22:35,0.7878000140190125,0.7878000140190125,0.7867000102996826,0.7867000102996826,65640
2026-08-11T22:40,0.7870000004768372,0.7871000170707703,0.7868000268936157,0.7868000268936157,86664
2026-08-11T22:45,0.7867000102996826,0.7871000170707703,0.7864999771118164,0.7871000170707703,0
2026-08-11T22:50,0.7871000170707703,0.7878000140190125,0.7870000004768372,0.7875000238418579,0
2026-08-11T22:55,0.7875000238418579,0.7876999974250793,0.7874000072479248,0.7876999974250793,0
2026-08-11T23:00,0.7875999808311462,0.7878000140190125,0.7870000004768372,0.7870000004768372,0
2026-08-11T23:05,0.7870000004768372,0.7872999906539917,0.786899983882904,0.7871999740600586,0
2026-08-11T23:10,0.7871000170707703,0.7871000170707703,0.7865999937057495,0.7865999937057495,0
2026-08-11T23:15,0.7864999771118164,0.7875999808311462,0.786300003528595,0.7875999808311462,0
2026-08-11T23:20,0.7878000140190125,0.7888000011444092,0.7878000140190125,0.7888000011444092,9180
2026-08-11T23:25,0.7889000177383423,0.7890999913215637,0.7886999845504761,0.7889999747276306,0
2026-08-11T23:30,0.7889999747276306,0.7897999882698059,0.7882999777793884,0.7896999716758728,0
2026-08-11T23:35,0.7897999882698059,0.7906000018119812,0.7897999882698059,0.7897999882698059,0
2026-08-11T23:40,0.7900000214576721,0.7907000184059143,0.7900000214576721,0.7900999784469604,76960
2026-08-11T23:45,0.789900004863739,0.789900004863739,0.7889999747276306,0.7889999747276306,26748
2026-08-11T23:50,0.7889999747276306,0.7903000116348267,0.7889999747276306,0.7901999950408936,5436
2026-08-11T23:55,0.7901999950408936,0.7901999950408936,0.7896000146865845,0.7897999882698059,337852
2026-08-12T00:00,0.7896000146865845,0.7900999784469604,0.7890999913215637,0.7900000214576721,0
2026-08-12T00:05,0.789900004863739,0.7900999784469604,0.7892000079154968,0.7896999716758728,0
2026-08-12T00:10,0.7897999882698059,0.7904000282287598,0.7897999882698059,0.7900999784469604,189748
2026-08-12T00:15,0.7897999882698059,0.7897999882698059,0.7886999845504761,0.7889000177383423,0
2026-08-12T00:20,0.7889999747276306,0.7897999882698059,0.7889999747276306,0.7896000146865845,70844
2026-08-12T00:25,0.7896000146865845,0.789900004863739,0.7889000177383423,0.7896999716758728,20288
2026-08-12T00:30,0.7900000214576721,0.7904999852180481,0.7897999882698059,0.7904000282287598,0
2026-08-12T00:35,0.7904000282287598,0.7907000184059143,0.789900004863739,0.7904000282287598,792
2026-08-12T00:40,0.7906000018119812,0.7907999753952026,0.7896999716758728,0.7900000214576721,79536
2026-08-12T00:45,0.7900000214576721,0.7908999919891357,0.789900004863739,0.7908999919891357,98148
2026-08-12T00:50,0.7908999919891357,0.7910000085830688,0.7904999852180481,0.7907000184059143,58040
2026-08-12T00:55,0.7907000184059143,0.7914999723434448,0.7904000282287598,0.7914000153541565,0
2026-08-12T01:00,0.7918000221252441,0.7918999791145325,0.7914000153541565,0.7915999889373779,0
2026-08-12T01:05,0.7915999889373779,0.7940000295639038,0.7915999889373779,0.7930999994277954,0
2026-08-12T01:10,0.7930999994277954,0.7949000000953674,0.7929999828338623,0.7949000000953674,307884
2026-08-12T01:15,0.7950000166893005,0.7950000166893005,0.7937999963760376,0.7942000031471252,0
2026-08-12T01:20,0.7940999865531921,0.7944999933242798,0.7935000061988831,0.7942000031471252,38528
2026-08-12T01:25,0.7940999865531921,0.7943000197410583,0.7939000129699707,0.7942000031471252,0
2026-08-12T01:30,0.7942000031471252,0.7944999933242798,0.7935000061988831,0.7943999767303467,0
2026-08-12T01:35,0.7943999767303467,0.7943999767303467,0.7937999963760376,0.7943000197410583,0
2026-08-12T01:40,0.7942000031471252,0.7953000068664551,0.7942000031471252,0.7949000000953674,47644
2026-08-12T01:45,0.7949000000953674,0.7954000234603882,0.7947999835014343,0.7953000068664551,308840
2026-08-12T01:50,0.7953000068664551,0.7954000234603882,0.7940000295639038,0.7940000295639038,0
2026-08-12T01:55,0.7940000295639038,0.7943000197410583,0.7937999963760376,0.7940000295639038,0
2026-08-12T02:00,0.7940000295639038,0.7942000031471252,0.7926999926567078,0.792900025844574,0
2026-08-12T02:05,0.7930999994277954,0.7936000227928162,0.7930999994277954,0.7936000227928162,0
2026-08-12T02:10,0.7936000227928162,0.7936999797821045,0.7929999828338623,0.7932999730110168,0
2026-08-12T02:15,0.7932999730110168,0.7937999963760376,0.7932999730110168,0.7936000227928162,0
2026-08-12T02:20,0.79339998960495,0.79339998960495,0.7922999858856201,0.7924000024795532,0
2026-08-12T02:25,0.7924000024795532,0.7936000227928162,0.7924000024795532,0.79339998960495,0
2026-08-12T02:30,0.79339998960495,0.79339998960495,0.7932000160217285,0.7932000160217285,0
2026-08-12T02:35,0.7932000160217285,0.79339998960495,0.7928000092506409,0.79339998960495,0
2026-08-12T02:40,0.7932999730110168,0.7940999865531921,0.7932999730110168,0.7940999865531921,0
2026-08-12T02:45,0.7940999865531921,0.7950999736785889,0.7940999865531921,0.7947999835014343,0
2026-08-12T02:50,0.7947999835014343,0.7950999736785889,0.7940000295639038,0.7940000295639038,0
2026-08-12T02:55,0.7940000295639038,0.7940000295639038,0.7922999858856201,0.7925000190734863,0
2026-08-12T03:00,0.7922999858856201,0.7936999797821045,0.7922999858856201,0.7935000061988831,246920
2026-08-12T03:05,0.7935000061988831,0.7942000031471252,0.7929999828338623,0.7929999828338623,15104
2026-08-12T03:10,0.7929999828338623,0.7940000295639038,0.7925000190734863,0.7939000129699707,186336
2026-08-12T03:15,0.7939000129699707,0.7946000099182129,0.7939000129699707,0.7943999767303467,0
2026-08-12T03:20,0.7943999767303467,0.7949000000953674,0.7940999865531921,0.7944999933242798,0
2026-08-12T03:25,0.7944999933242798,0.7950000166893005,0.7943999767303467,0.7943999767303467,0
2026-08-12T03:30,0.7942000031471252,0.7947999835014343,0.7942000031471252,0.7947999835014343,0
2026-08-12T03:35,0.7947999835014343,0.7950999736785889,0.7947999835014343,0.7950999736785889,0
2026-08-12T03:40,0.7950999736785889,0.7950999736785889,0.7946000099182129,0.7947999835014343,0
2026-08-12T03:45,0.7947999835014343,0.7949000000953674,0.7946000099182129,0.7947999835014343,0
2026-08-12T03:50,0.7947999835014343,0.7947999835014343,0.7936000227928162,0.7936000227928162,18292
2026-08-12T03:55,0.7940000295639038,0.794700026512146,0.7940000295639038,0.794700026512146,13808
2026-08-12T04:00,0.7944999933242798,0.7947999835014343,0.7937999963760376,0.7947999835014343,0
2026-08-12T04:05,0.7947999835014343,0.7947999835014343,0.7940999865531921,0.7940999865531921,67620
2026-08-12T04:10,0.7940999865531921,0.7943999767303467,0.7936999797821045,0.7943999767303467,0
2026-08-12T04:15,0.7943999767303467,0.7950000166893005,0.7942000031471252,0.7950000166893005,0
2026-08-12T04:20,0.7950000166893005,0.7950000166893005,0.7950000166893005,0.7950000166893005,0
2026-08-12T04:25,0.7950000166893005,0.7950000166893005,0.7939000129699707,0.7939000129699707,0
2026-08-12T04:30,0.7937999963760376,0.7937999963760376,0.7932000160217285,0.79339998960495,0
2026-08-12T04:35,0.79339998960495,0.79339998960495,0.7925999760627747,0.7930999994277954,0
2026-08-12T04:40,0.7930999994277954,0.7930999994277954,0.792900025844574,0.7930999994277954,0
2026-08-12T04:45,0.7930999994277954,0.7932999730110168,0.792900025844574,0.7932000160217285,0
2026-08-12T04:50,0.79339998960495,0.7936000227928162,0.7928000092506409,0.7929999828338623,0
2026-08-12T04:55,0.7930999994277954,0.7930999994277954,0.7921000123023987,0.7921000123023987,4272
2026-08-12T05:00,0.7919999957084656,0.7922999858856201,0.7918999791145325,0.7918999791145325,0
2026-08-12T05:05,0.7922000288963318,0.7942000031471252,0.7922000288963318,0.7937999963760376,0
2026-08-12T05:10,0.7937999963760376,0.7944999933242798,0.7937999963760376,0.7940999865531921,57332
2026-08-12T05:15,0.7940999865531921,0.7940999865531921,0.7937999963760376,0.7939000129699707,0
2026-08-12T05:20,0.7939000129699707,0.7943000197410583,0.7939000129699707,0.7940999865531921,0
2026-08-12T05:25,0.7940999865531921,0.7944999933242798,0.7940999865531921,0.7944999933242798,0
2026-08-12T05:30,0.7943000197410583,0.7949000000953674,0.7940999865531921,0.7943999767303467,0
2026-08-12T05:35,0.7943999767303467,0.7950000166893005,0.7940999865531921,0.7949000000953674,0
2026-08-12T05:40,0.7946000099182129,0.7946000099182129,0.7937999963760376,0.7937999963760376,0
2026-08-12T05:45,0.7937999963760376,0.7939000129699707,0.7936999797821045,0.7936999797821045,0
2026-08-12T05:50,0.7936999797821045,0.7943999767303467,0.7936999797821045,0.7943999767303467,0
2026-08-12T05:55,0.7944999933242798,0.7944999933242798,0.792900025844574,0.792900025844574,0
2026-08-12T06:00,0.7926999926567078,0.7926999926567078,0.7918999791145325,0.7918999791145325,0
2026-08-12T06:05,0.7918999791145325,0.7928000092506409,0.7918999791145325,0.7922999858856201,0
2026-08-12T06:10,0.7922999858856201,0.7925000190734863,0.7912999987602234,0.7912999987602234,4060
2026-08-12T06:15,0.7911999821662903,0.7911999821662903,0.7897999882698059,0.7897999882698059,39508
2026-08-12T06:20,0.7897999882698059,0.7897999882698059,0.7878999710083008,0.788100004196167,54224
2026-08-12T06:25,0.7878000140190125,0.7889000177383423,0.7878000140190125,0.7889000177383423,52592
2026-08-12T06:30,0.7889000177383423,0.7889000177383423,0.7879999876022339,0.788100004196167,134348
2026-08-12T06:35,0.7883999943733215,0.7888000011444092,0.7878999710083008,0.7878999710083008,54248
2026-08-12T06:40,0.7882000207901001,0.7886000275611877,0.7875000238418579,0.7875000238418579,178800
2026-08-12T06:45,0.7875000238418579,0.7886000275611877,0.7875000238418579,0.7886000275611877,0
2026-08-12T06:50,0.7886000275611877,0.7886000275611877,0.7875999808311462,0.7878999710083008,0
2026-08-12T06:55,0.7874000072479248,0.7882000207901001,0.7868000268936157,0.7871999740600586,0
2026-08-12T07:00,0.7875999808311462,0.7883999943733215,0.7875999808311462,0.7883999943733215,109928
2026-08-12T07:05,0.7883999943733215,0.7892000079154968,0.7883999943733215,0.7888000011444092,0
2026-08-12T07:10,0.7882999777793884,0.7886000275611877,0.7878999710083008,0.7878999710083008,0
2026-08-12T07:15,0.788100004196167,0.7885000109672546,0.7875000238418579,0.7875000238418579,76228
2026-08-12T07:20,0.7875000238418579,0.788100004196167,0.7875000238418579,0.7878000140190125,47644
2026-08-12T07:25,0.7878000140190125,0.7879999876022339,0.7867000102996826,0.7867000102996826,0
2026-08-12T07:30,0.7867000102996826,0.7874000072479248,0.7865999937057495,0.7874000072479248,0
2026-08-12T07:35,0.7868000268936157,0.7868000268936157,0.786300003528595,0.7864000201225281,4652
2026-08-12T07:40,0.7864999771118164,0.7864999771118164,0.7860000133514404,0.7861999869346619,9228
2026-08-12T07:45,0.7861999869346619,0.7864000201225281,0.7853999733924866,0.7860999703407288,0
2026-08-12T07:50,0.7858999967575073,0.7874000072479248,0.7858999967575073,0.7870000004768372,0
2026-08-12T07:55,0.7870000004768372,0.7871000170707703,0.7868000268936157,0.786899983882904,31420
2026-08-12T08:00,0.7865999937057495,0.7876999974250793,0.7860000133514404,0.7871999740600586,0
2026-08-12T08:05,0.7875999808311462,0.7878999710083008,0.7871000170707703,0.7874000072479248,0
2026-08-12T08:10,0.7874000072479248,0.7874000072479248,0.7867000102996826,0.7868000268936157,0
2026-08-12T08:15,0.7868000268936157,0.7876999974250793,0.7868000268936157,0.7876999974250793,0
2026-08-12T08:20,0.7875999808311462,0.7875999808311462,0.786899983882904,0.786899983882904,0
2026-08-12T08:25,0.786899983882904,0.7874000072479248,0.7868000268936157,0.7868000268936157,15404
2026-08-12T08:30,0.7864000201225281,0.7864000201225281,0.7861999869346619,0.7861999869346619,70420
2026-08-12T08:35,0.7861999869346619,0.7864000201225281,0.7857000231742859,0.7861999869346619,0
2026-08-12T08:40,0.7861999869346619,0.7861999869346619,0.7851999998092651,0.7851999998092651,41276
2026-08-12T08:45,0.7851999998092651,0.7856000065803528,0.7851999998092651,0.7856000065803528,0
2026-08-12T08:50,0.7856000065803528,0.7856000065803528,0.7846999764442444,0.7853999733924866,52888
2026-08-12T08:55,0.7853999733924866,0.7853999733924866,0.7843000292778015,0.7843999862670898,21404
2026-08-12T09:00,0.7843999862670898,0.7864000201225281,0.7843000292778015,0.7864000201225281,0
2026-08-12T09:05,0.7864000201225281,0.7870000004768372,0.7864000201225281,0.7870000004768372,0
2026-08-12T09:10,0.7871999740600586,0.7875000238418579,0.7871999740600586,0.7875000238418579,0
2026-08-12T09:15,0.7879999876022339,0.7890999913215637,0.7878999710083008,0.7889999747276306,0
2026-08-12T09:20,0.7888000011444092,0.7893999814987183,0.7878999710083008,0.7890999913215637,0
2026-08-12T09:25,0.7896000146865845,0.7903000116348267,0.7892000079154968,0.7892000079154968,0
2026-08-12T09:30,0.7896000146865845,0.7904000282287598,0.7894999980926514,0.7894999980926514,0
2026-08-12T09:35,0.7894999980926514,0.7896000146865845,0.7893999814987183,0.7893999814987183,83360
2026-08-12T09:40,0.7894999980926514,0.7894999980926514,0.7885000109672546,0.7889000177383423,6152
2026-08-12T09:45,0.7892000079154968,0.7896999716758728,0.7892000079154968,0.7892000079154968,0
2026-08-12T09:50,0.7892000079154968,0.789900004863739,0.7889999747276306,0.7897999882698059,0
2026-08-12T09:55,0.7897999882698059,0.7897999882698059,0.7893999814987183,0.7893999814987183,0
2026-08-12T10:00,0.7893000245094299,0.7914000153541565,0.7893000245094299,0.7907000184059143,0
2026-08-12T10:05,0.7897999882698059,0.7897999882698059,0.7890999913215637,0.7890999913215637,0
2026-08-12T10:10,0.7890999913215637,0.7906000018119812,0.7890999913215637,0.7904000282287598,0
2026-08-12T10:15,0.7904999852180481,0.7907000184059143,0.7893999814987183,0.7893999814987183,0
2026-08-12T10:20,0.7896999716758728,0.789900004863739,0.7893999814987183,0.7893999814987183,0
2026-08-12T10:25,0.7893999814987183,0.7893999814987183,0.7883999943733215,0.7885000109672546,4272
2026-08-12T10:30,0.7883999943733215,0.7886999845504761,0.7883999943733215,0.7886999845504761,0
2026-08-12T10:35,0.7886999845504761,0.7889999747276306,0.7883999943733215,0.7889999747276306,0
2026-08-12T10:40,0.7889999747276306,0.7896999716758728,0.7889999747276306,0.7894999980926514,13484
2026-08-12T10:45,0.7890999913215637,0.7896999716758728,0.7890999913215637,0.7893000245094299,8568
2026-08-12T10:50,0.7893000245094299,0.7903000116348267,0.7893000245094299,0.7903000116348267,31648
2026-08-12T10:55,0.7897999882698059,0.7897999882698059,0.7892000079154968,0.7894999980926514,27952
2026-08-12T11:00,0.7890999913215637,0.7904000282287598,0.7890999913215637,0.7893000245094299,21788
2026-08-12T11:05,0.7892000079154968,0.7896000146865845,0.7886000275611877,0.7889999747276306,7080
2026-08-12T11:10,0.7889999747276306,0.7889999747276306,0.7886000275611877,0.7888000011444092,16924
2026-08-12T11:15,0.7888000011444092,0.7896999716758728,0.7882999777793884,0.7896999716758728,0
2026-08-12T11:20,0.7896999716758728,0.7900999784469604,0.7896999716758728,0.7900999784469604,0
2026-08-12T11:25,0.7900999784469604,0.7900999784469604,0.7897999882698059,0.7900999784469604,652
2026-08-12T11:30,0.7904000282287598,0.7904000282287598,0.7897999882698059,0.7897999882698059,0
2026-08-12T11:35,0.789900004863739,0.789900004863739,0.7893000245094299,0.7893000245094299,0
2026-08-12T11:40,0.7893000245094299,0.7896000146865845,0.7893000245094299,0.7893999814987183,0
2026-08-12T11:45,0.7893999814987183,0.7900000214576721,0.7893999814987183,0.789900004863739,736
2026-08-12T11:50,0.789900004863739,0.7901999950408936,0.7896999716758728,0.7896999716758728,0
2026-08-12T11:55,0.7896000146865845,0.7907999753952026,0.7892000079154968,0.7906000018119812,121104
2026-08-12T12:00,0.7904999852180481,0.7914999723434448,0.7904999852180481,0.7911999821662903,277852
2026-08-12T12:05,0.7911999821662903,0.7914000153541565,0.7907999753952026,0.7914000153541565,38824
2026-08-12T12:10,0.791100025177002,0.791100025177002,0.7906000018119812,0.7908999919891357,19972
2026-08-12T12:15,0.7908999919891357,0.791700005531311,0.7907999753952026,0.7907999753952026,27212
2026-08-12T12:20,0.7904999852180481,0.7907999753952026,0.7897999882698059,0.7897999882698059,44372
2026-08-12T12:25,0.7893999814987183,0.7942000031471252,0.7892000079154968,0.79339998960495,0
2026-08-12T12:30,0.7940000295639038,0.7972999811172485,0.7896000146865845,0.796500027179718,1009048
2026-08-12T12:35,0.7967000007629395,0.7975999712944031,0.7947999835014343,0.7947999835014343,1353724
2026-08-12T12:40,0.7955999970436096,0.7957000136375427,0.7939000129699707,0.7939000129699707,259936
2026-08-12T12:45,0.7937999963760376,0.7940000295639038,0.7918000221252441,0.7918000221252441,138372
2026-08-12T12:50,0.7925000190734863,0.79339998960495,0.7918000221252441,0.7932000160217285,34644
2026-08-12T12:55,0.7932000160217285,0.7940999865531921,0.7932000160217285,0.79339998960495,0
2026-08-12T13:00,0.7932999730110168,0.7950000166893005,0.7932000160217285,0.7943999767303467,2664
2026-08-12T13:05,0.7943999767303467,0.7954000234603882,0.7943999767303467,0.7947999835014343,0
2026-08-12T13:10,0.7947999835014343,0.795199990272522,0.7925000190734863,0.7929999828338623,16440
2026-08-12T13:15,0.79339998960495,0.7943000197410583,0.79339998960495,0.7940999865531921,2732
2026-08-12T13:20,0.7937999963760376,0.7950000166893005,0.7937999963760376,0.7940000295639038,0
2026-08-12T13:25,0.7937999963760376,0.7937999963760376,0.7922000288963318,0.7928000092506409,0
2026-08-12T13:30,0.7929999828338623,0.7930999994277954,0.7915999889373779,0.7922000288963318,78096
2026-08-12T13:35,0.7925000190734863,0.7925999760627747,0.7914000153541565,0.791700005531311,56968
2026-08-12T13:40,0.7918000221252441,0.7925999760627747,0.7907999753952026,0.7915999889373779,15144
2026-08-12T13:45,0.7919999957084656,0.792900025844574,0.791700005531311,0.7918000221252441,0
2026-08-12T13:50,0.7918000221252441,0.7925999760627747,0.7915999889373779,0.7918000221252441,11276
2026-08-12T13:55,0.791100025177002,0.7915999889373779,0.7897999882698059,0.7907999753952026,103556
2026-08-12T14:00,0.7904000282287598,0.7907999753952026,0.7893000245094299,0.7896000146865845,155212
2026-08-12T14:05,0.7883999943733215,0.7883999943733215,0.7883999943733215,0.7883999943733215,0
