date,open,high,low,close,volume
2026-08-01T00:00,1860.9000244140625,1863.6099853515625,1860.4200439453125,1863.300048828125,0
2026-08-01T00:05,1863.300048828125,1863.4000244140625,1861.9000244140625,1862.81005859375,0
2026-08-01T00:10,1862.8299560546875,1863.5400390625,1862.7900390625,1863.0799560546875,70324224
2026-08-01T00:15,1863.0,1864.25,1862.3599853515625,1864.0699462890625,0
2026-08-01T00:20,1864.0899658203125,1864.0899658203125,1863.0799560546875,1863.989990234375,0
2026-08-01T00:25,1864.06005859375,1865.1600341796875,1863.9100341796875,1864.050048828125,0
2026-08-01T00:30,1864.0400390625,1864.68994140625,1863.030029296875,1864.68994140625,0
2026-08-01T00:35,1864.6500244140625,1864.780029296875,1864.1199951171875,1864.7099609375,0
2026-08-01T00:40,1864.72998046875,1865.31005859375,1864.4200439453125,1865.31005859375,76718080
2026-08-01T00:45,1865.5,1865.6600341796875,1864.8800048828125,1865.2099609375,0
2026-08-01T00:50,1865.260009765625,1865.5,1864.3199462890625,1864.56005859375,0
2026-08-01T00:55,1864.5,1864.5400390625,1862.510009765625,1862.8599853515625,0
2026-08-01T01:00,1862.8699951171875,1865.0799560546875,1862.8699951171875,1864.8199462890625,0
2026-08-01T01:05,1864.81005859375,1865.469970703125,1864.81005859375,1864.8900146484375,0
2026-08-01T01:10,1864.760009765625,1864.9100341796875,1864.4300537109375,1864.47998046875,0
2026-08-01T01:15,1864.7099609375,1865.0999755859375,1863.699951171875,1863.7099609375,17425408
2026-08-01T01:20,1863.8900146484375,1865.3599853515625,1863.8900146484375,1864.199951171875,0
2026-08-01T01:25,1864.239990234375,1865.56005859375,1863.6099853515625,1864.489990234375,3803136
2026-08-01T01:30,1864.6600341796875,1865.0899658203125,1864.06005859375,1864.199951171875,0
2026-08-01T01:35,1864.18994140625,1865.219970703125,1864.1800537109375,1865.2099609375,0
2026-08-01T01:40,1865.2099609375,1865.4000244140625,1864.8599853515625,1864.9000244140625,0
2026-08-01T01:45,1864.8699951171875,1865.5999755859375,1864.800048828125,1865.1500244140625,0
2026-08-01T01:50,1865.1400146484375,1865.199951171875,1863.9300537109375,1864.949951171875,0
2026-08-01T01:55,1864.949951171875,1865.1600341796875,1864.469970703125,1865.1600341796875,0
2026-08-01T02:00,1865.1500244140625,1865.949951171875,1865.1500244140625,1865.6400146484375,0
2026-08-01T02:05,1865.739990234375,1865.9300537109375,1865.0999755859375,1865.1099853515625,0
2026-08-01T02:10,1865.0999755859375,1866.5999755859375,1864.9200439453125,1866.0799560546875,0
2026-08-01T02:15,1866.25,1866.9000244140625,1866.0699462890625,1866.9000244140625,0
2026-08-01T02:20,1867.1199951171875,1868.199951171875,1867.010009765625,1867.010009765625,0
2026-08-01T02:25,1866.969970703125,1867.5699462890625,1866.8800048828125,1867.010009765625,65376256
2026-08-01T02:30,1867.0,1867.530029296875,1866.949951171875,1867.1099853515625,0
2026-08-01T02:35,1867.199951171875,1867.280029296875,1865.75,1865.8299560546875,0
2026-08-01T02:40,1865.8399658203125,1866.219970703125,1865.6500244140625,1866.219970703125,0
2026-08-01T02:45,1866.4300537109375,1867.760009765625,1866.31005859375,1866.7900390625,0
2026-08-01T02:50,1866.8399658203125,1867.27001953125,1866.25,1866.56005859375,0
2026-08-01T02:55,1866.510009765625,1866.7099609375,1866.1700439453125,1866.5,9649152
2026-08-01T03:00,1866.4200439453125,1866.81005859375,1866.010009765625,1866.010009765625,0
2026-08-01T03:05,1866.0,1866.6700439453125,1865.5,1866.3299560546875,0
2026-08-01T03:10,1866.3299560546875,1866.3299560546875,1864.8399658203125,1865.3399658203125,0
2026-08-01T03:15,1865.3299560546875,1866.0,1865.280029296875,1865.8199462890625,0
2026-08-01T03:20,1865.93994140625,1867.1300048828125,1865.9000244140625,1867.1300048828125,46513152
2026-08-01T03:25,1867.1199951171875,1867.1300048828125,1865.9300537109375,1866.02001953125,1937408
2026-08-01T03:30,1866.300048828125,1866.800048828125,1865.5400390625,1865.5400390625,0
2026-08-01T03:35,1865.7099609375,1867.199951171875,1865.7099609375,1866.3399658203125,0
2026-08-01T03:40,1866.3599853515625,1866.699951171875,1866.280029296875,1866.699951171875,7396352
2026-08-01T03:45,1866.75,1867.2099609375,1866.449951171875,1867.0899658203125,0
2026-08-01T03:50,1867.0899658203125,1867.7900390625,1867.0799560546875,1867.5400390625,0
2026-08-01T03:55,1867.6099853515625,1868.1199951171875,1867.18994140625,1868.0799560546875,0
2026-08-01T04:00,1868.0999755859375,1868.3499755859375,1867.300048828125,1867.4300537109375,0
2026-08-01T04:05,1867.4300537109375,1867.6300048828125,1866.1800537109375,1867.4200439453125,0
2026-08-01T04:10,1867.4200439453125,1868.31005859375,1867.3399658203125,1868.280029296875,24989696
2026-08-01T04:15,1868.280029296875,1868.31005859375,1867.8599853515625,1868.300048828125,0
2026-08-01T04:20,1868.31005859375,1868.7900390625,1868.0999755859375,1868.4300537109375,0
2026-08-01T04:25,1868.4200439453125,1868.4300537109375,1867.6600341796875,1867.6600341796875,89084928
2026-08-01T04:30,1867.81005859375,1868.31005859375,1867.469970703125,1867.469970703125,0
2026-08-01T04:35,1867.6600341796875,1867.8299560546875,1867.5999755859375,1867.800048828125,5409792
2026-08-01T04:40,1867.9300537109375,1868.5,1867.9100341796875,1868.489990234375,0
2026-08-01T04:45,1868.47998046875,1868.5,1867.6600341796875,1868.489990234375,15091712
2026-08-01T04:50,1868.489990234375,1868.75,1868.199951171875,1868.739990234375,0
2026-08-01T04:55,1868.75,1868.75,1867.9100341796875,1867.9100341796875,9512960
2026-08-01T05:00,1867.9000244140625,1868.5899658203125,1867.6300048828125,1868.5899658203125,0
2026-08-01T05:05,1868.6800537109375,1868.7099609375,1868.56005859375,1868.7099609375,0
2026-08-01T05:10,1868.8199462890625,1869.280029296875,1868.8199462890625,1869.199951171875,465920
2026-08-01T05:15,1869.1400146484375,1869.1400146484375,1867.5999755859375,1867.6099853515625,2185216
2026-08-01T05:20,1867.6099853515625,1867.6099853515625,1866.780029296875,1867.31005859375,8227840
2026-08-01T05:25,1867.4599609375,1867.5999755859375,1866.6300048828125,1866.8800048828125,0
2026-08-01T05:30,1866.8900146484375,1867.3800048828125,1866.699951171875,1866.699951171875,0
2026-08-01T05:35,1866.699951171875,1866.989990234375,1864.8399658203125,1864.8599853515625,0
2026-08-01T05:40,1864.8299560546875,1865.06005859375,1863.760009765625,1864.18994140625,19552256
2026-08-01T05:45,1864.25,1864.260009765625,1863.5799560546875,1863.6400146484375,0
2026-08-01T05:50,1863.739990234375,1865.2900390625,1863.739990234375,1865.2900390625,0
2026-08-01T05:55,1865.280029296875,1865.800048828125,1865.280029296875,1865.5799560546875,0
2026-08-01T06:00,1865.5799560546875,1865.9100341796875,1864.9200439453125,1865.0,0
2026-08-01T06:05,1864.7099609375,1865.02001953125,1864.68994140625,1864.780029296875,7092224
2026-08-01T06:10,1864.9000244140625,1865.72998046875,1864.7900390625,1865.72998046875,51709952
2026-08-01T06:15,1865.800048828125,1866.0799560546875,1865.0400390625,1865.5999755859375,13381632
2026-08-01T06:20,1865.800048828125,1867.9000244140625,1865.800048828125,1867.5799560546875,3461120
2026-08-01T06:25,1867.6400146484375,1868.5,1867.6400146484375,1868.239990234375,0
2026-08-01T06:30,1868.25,1868.550048828125,1867.81005859375,1868.010009765625,0
2026-08-01T06:35,1868.010009765625,1868.0699462890625,1867.719970703125,1868.0699462890625,4520960
2026-08-01T06:40,1868.0699462890625,1868.510009765625,1868.06005859375,1868.219970703125,0
2026-08-01T06:45,1868.219970703125,1868.5899658203125,1868.030029296875,1868.550048828125,0
2026-08-01T06:50,1868.1700439453125,1869.0999755859375,1867.97998046875,1868.7099609375,0
2026-08-01T06:55,1868.7099609375,1868.9000244140625,1868.4300537109375,1868.8900146484375,9877504
2026-08-01T07:00,1868.5999755859375,1868.8800048828125,1868.52001953125,1868.699951171875,0
2026-08-01T07:05,1868.5999755859375,1868.8900146484375,1868.56005859375,1868.8900146484375,0
2026-08-01T07:10,1868.9000244140625,1870.0799560546875,1868.9000244140625,1869.72998046875,0
2026-08-01T07:15,1869.72998046875,1869.989990234375,1867.719970703125,1867.800048828125,0
2026-08-01T07:20,1867.8599853515625,1868.4000244140625,1867.8499755859375,1868.0699462890625,0
2026-08-01T07:25,1868.0699462890625,1868.3499755859375,1867.3199462890625,1867.68994140625,0
2026-08-01T07:30,1867.68994140625,1867.699951171875,1866.5999755859375,1867.300048828125,0
2026-08-01T07:35,1867.300048828125,1867.550048828125,1867.1500244140625,1867.5,0
2026-08-01T07:40,1867.5,1868.22998046875,1867.489990234375,1868.22998046875,0
2026-08-01T07:45,1868.0899658203125,1868.0899658203125,1867.5999755859375,1868.02001953125,0
2026-08-01T07:50,1868.0,1868.2099609375,1867.6800537109375,1867.6800537109375,0
2026-08-01T07:55,1867.199951171875,1867.93994140625,1867.199951171875,1867.6800537109375,0
2026-08-01T08:00,1867.800048828125,1868.1199951171875,1867.3499755859375,1868.1199951171875,0
2026-08-01T08:05,1867.77001953125,1867.77001953125,1866.97998046875,1866.989990234375,0
2026-08-01T08:10,1866.97998046875,1867.4300537109375,1866.6300048828125,1867.4300537109375,0
2026-08-01T08:15,1867.4300537109375,1867.8299560546875,1867.3499755859375,1867.530029296875,0
2026-08-01T08:20,1866.97998046875,1867.81005859375,1866.949951171875,1867.6800537109375,0
2026-08-01T08:25,1867.75,1868.3900146484375,1867.0999755859375,1867.1700439453125,0
2026-08-01T08:30,1867.1700439453125,1867.300048828125,1867.010009765625,1867.010009765625,0
2026-08-01T08:35,1867.010009765625,1867.010009765625,1865.8699951171875,1866.02001953125,0
2026-08-01T08:40,1866.02001953125,1866.3900146484375,1865.800048828125,1866.3900146484375,0
2026-08-01T08:45,1866.3599853515625,1866.449951171875,1866.0999755859375,1866.0999755859375,0
2026-08-01T08:50,1866.18994140625,1867.1300048828125,1866.18994140625,1867.1300048828125,0
2026-08-01T08:55,1867.1300048828125,1867.93994140625,1867.1300048828125,1867.5999755859375,1166848
2026-08-01T09:00,1867.6300048828125,1868.280029296875,1867.050048828125,1867.199951171875,0
2026-08-01T09:05,1867.3800048828125,1867.3800048828125,1866.510009765625,1866.9100341796875,50744832
2026-08-01T09:10,1866.9599609375,1868.3699951171875,1866.9599609375,1868.260009765625,0
2026-08-01T09:15,1868.260009765625,1868.8900146484375,1868.1099853515625,1868.550048828125,0
2026-08-01T09:20,1868.550048828125,1868.800048828125,1868.239990234375,1868.4000244140625,0
2026-08-01T09:25,1868.25,1868.25,1867.9100341796875,1867.97998046875,0
2026-08-01T09:30,1867.989990234375,1868.4599609375,1867.97998046875,1868.4100341796875,0
2026-08-01T09:35,1868.3900146484375,1868.93994140625,1868.3800048828125,1868.7900390625,0
2026-08-01T09:40,1868.800048828125,1868.989990234375,1868.239990234375,1868.2900390625,0
2026-08-01T09:45,1868.2900390625,1868.300048828125,1866.6099853515625,1866.93994140625,0
2026-08-01T09:50,1866.949951171875,1867.31005859375,1866.1700439453125,1866.1700439453125,0
2026-08-01T09:55,1866.0799560546875,1867.0,1865.9300537109375,1866.199951171875,58900992
2026-08-01T10:00,1867.300048828125,1867.3399658203125,1861.4100341796875,1862.030029296875,0
2026-08-01T10:05,1862.02001953125,1862.8299560546875,1862.02001953125,1862.4300537109375,0
2026-08-01T10:10,1862.1400146484375,1863.0999755859375,1862.0999755859375,1862.9000244140625,1182720
2026-08-01T10:15,1862.8699951171875,1864.1400146484375,1862.550048828125,1864.1400146484375,0
2026-08-01T10:20,1864.1400146484375,1864.4000244140625,1863.4000244140625,1863.9000244140625,31714304
2026-08-01T10:25,1863.699951171875,1863.699951171875,1863.4300537109375,1863.47998046875,0
2026-08-01T10:30,1863.47998046875,1864.02001953125,1863.300048828125,1863.300048828125,0
2026-08-01T10:35,1863.280029296875,1863.280029296875,1862.4300537109375,1863.0999755859375,25910784
2026-08-01T10:40,1863.18994140625,1866.1500244140625,1863.1800537109375,1866.1500244140625,0
2026-08-01T10:45,1866.1600341796875,1866.5,1864.7900390625,1866.1300048828125,0
2026-08-01T10:50,1866.06005859375,1866.489990234375,1865.800048828125,1866.489990234375,57394176
2026-08-01T10:55,1866.1400146484375,1866.3399658203125,1865.0999755859375,1865.5799560546875,18571776
2026-08-01T11:00,1865.31005859375,1865.68994140625,1865.010009765625,1865.1500244140625,0
2026-08-01T11:05,1865.219970703125,1865.219970703125,1864.3299560546875,1864.7099609375,0
2026-08-01T11:10,1864.719970703125,1864.9599609375,1864.18994140625,1864.9599609375,0
2026-08-01T11:15,1864.8199462890625,1864.8900146484375,1864.1300048828125,1864.8900146484375,0
2026-08-01T11:20,1865.050048828125,1866.050048828125,1864.260009765625,1864.260009765625,0
2026-08-01T11:25,1864.9100341796875,1865.300048828125,1864.9100341796875,1865.2900390625,14210048
2026-08-01T11:30,1865.300048828125,1865.300048828125,1864.6400146484375,1865.2099609375,12216320
2026-08-01T11:35,1865.0699462890625,1865.300048828125,1864.9000244140625,1865.300048828125,0
2026-08-01T11:40,1865.300048828125,1865.300048828125,1864.800048828125,1864.81005859375,0
2026-08-01T11:45,1864.8199462890625,1864.8199462890625,1864.550048828125,1864.719970703125,159744
2026-08-01T11:50,1864.719970703125,1864.9599609375,1864.6600341796875,1864.8900146484375,0
2026-08-01T11:55,1864.9000244140625,1865.2099609375,1864.7900390625,1865.18994140625,0
2026-08-01T12:00,1866.1600341796875,1866.469970703125,1865.3499755859375,1866.469970703125,0
2026-08-01T12:05,1866.3900146484375,1866.6400146484375,1865.5,1865.52001953125,3465216
2026-08-01T12:10,1865.6300048828125,1866.56005859375,1865.6300048828125,1866.1099853515625,0
2026-08-01T12:15,1866.0999755859375,1866.1600341796875,1865.6800537109375,1866.1600341796875,0
2026-08-01T12:20,1866.1600341796875,1866.239990234375,1865.3499755859375,1866.0400390625,0
2026-08-01T12:25,1866.0400390625,1866.3199462890625,1865.8499755859375,1865.8599853515625,0
2026-08-01T12:30,1865.77001953125,1866.18994140625,1865.469970703125,1866.0899658203125,0
2026-08-01T12:35,1865.800048828125,1866.0799560546875,1865.56005859375,1865.6099853515625,0
2026-08-01T12:40,1865.6099853515625,1866.75,1865.4000244140625,1866.02001953125,0
2026-08-01T12:45,1866.010009765625,1867.469970703125,1866.0,1867.469970703125,0
2026-08-01T12:50,1867.6600341796875,1867.800048828125,1867.3699951171875,1867.47998046875,0
2026-08-01T12:55,1867.469970703125,1868.0999755859375,1867.1500244140625,1867.219970703125,0
2026-08-01T13:00,1867.0,1867.1600341796875,1867.0,1867.1400146484375,0
2026-08-01T13:05,1867.1500244140625,1867.4100341796875,1866.68994140625,1867.4100341796875,0
2026-08-01T13:10,1867.4000244140625,1867.780029296875,1867.4000244140625,1867.5999755859375,0
2026-08-01T13:15,1867.510009765625,1867.510009765625,1866.3900146484375,1866.989990234375,0
2026-08-01T13:20,1866.989990234375,1867.5,1866.8900146484375,1867.47998046875,0
2026-08-01T13:25,1867.4599609375,1867.4599609375,1866.4300537109375,1866.43994140625,0
2026-08-01T13:30,1866.43994140625,1867.550048828125,1866.43994140625,1867.4200439453125,0
2026-08-01T13:35,1867.4300537109375,1867.5899658203125,1866.800048828125,1866.800048828125,0
2026-08-01T13:40,1866.800048828125,1867.300048828125,1866.489990234375,1867.260009765625,0
2026-08-01T13:45,1867.27001953125,1867.27001953125,1865.969970703125,1866.1300048828125,0
2026-08-01T13:50,1866.0,1867.3499755859375,1866.0,1867.3499755859375,0
2026-08-01T13:55,1867.3499755859375,1867.77001953125,1867.0999755859375,1867.4100341796875,0
2026-08-01T14:00,1867.780029296875,1869.1800537109375,1867.489990234375,1868.989990234375,0
2026-08-01T14:05,1868.8499755859375,1871.4100341796875,1868.8499755859375,1869.06005859375,0
2026-08-01T14:10,1869.050048828125,1869.06005859375,1867.9300537109375,1868.1700439453125,0
2026-08-01T14:15,1868.1700439453125,1869.489990234375,1868.1700439453125,1869.489990234375,0
2026-08-01T14:20,1869.7099609375,1870.6800537109375,1869.7099609375,1870.4300537109375,0
2026-08-01T14:25,1870.4300537109375,1871.5,1870.4000244140625,1871.4000244140625,0
2026-08-01T14:30,1871.6300048828125,1872.5799560546875,1870.6300048828125,1870.6300048828125,0
2026-08-01T14:35,1870.6199951171875,1871.4200439453125,1870.1600341796875,1870.9000244140625,0
2026-08-01T14:40,1870.8900146484375,1871.0999755859375,1870.449951171875,1871.0999755859375,0
2026-08-01T14:45,1871.1199951171875,1871.1700439453125,1870.699951171875,1870.8699951171875,0
2026-08-01T14:50,1870.8699951171875,1870.949951171875,1870.5999755859375,1870.5999755859375,0
2026-08-01T14:55,1870.5899658203125,1873.43994140625,1870.5899658203125,1873.4100341796875,0
2026-08-01T15:00,1873.280029296875,1873.280029296875,1872.2099609375,1872.5799560546875,0
2026-08-01T15:05,1872.219970703125,1872.4100341796875,1871.8399658203125,1872.4100341796875,0
2026-08-01T15:10,1872.4100341796875,1873.4000244140625,1872.260009765625,1873.0999755859375,0
2026-08-01T15:15,1873.1099853515625,1873.699951171875,1870.8900146484375,1870.9200439453125,0
2026-08-01T15:20,1871.030029296875,1872.0,1870.9599609375,1870.969970703125,0
2026-08-01T15:25,1870.9599609375,1870.9599609375,1869.6800537109375,1870.0,0
2026-08-01T15:30,1870.1600341796875,1870.1600341796875,1869.469970703125,1870.0799560546875,0
2026-08-01T15:35,1870.0999755859375,1870.4000244140625,1869.3399658203125,1870.4000244140625,0
2026-08-01T15:40,1870.5899658203125,1871.0400390625,1869.3299560546875,1869.489990234375,0
2026-08-01T15:45,1869.489990234375,1869.52001953125,1868.5899658203125,1868.9200439453125,0
2026-08-01T15:50,1868.9300537109375,1869.4000244140625,1868.9200439453125,1869.4000244140625,0
2026-08-01T15:55,1869.449951171875,1869.449951171875,1868.43994140625,1868.43994140625,0
2026-08-01T16:00,1868.260009765625,1869.22998046875,1866.9000244140625,1868.8299560546875,0
2026-08-01T16:05,1868.8399658203125,1868.9599609375,1867.3499755859375,1867.3499755859375,0
2026-08-01T16:10,1867.3499755859375,1867.5999755859375,1866.949951171875,1866.97998046875,0
2026-08-01T16:15,1867.050048828125,1868.2099609375,1866.9200439453125,1867.489990234375,0
2026-08-01T16:20,1867.27001953125,1868.030029296875,1866.780029296875,1867.8499755859375,0
2026-08-01T16:25,1868.0799560546875,1869.2900390625,1867.97998046875,1868.8800048828125,22299648
2026-08-01T16:30,1868.8900146484375,1870.3599853515625,1868.5999755859375,1870.199951171875,0
2026-08-01T16:35,1870.18994140625,1871.7099609375,1870.0,1870.3900146484375,0
2026-08-01T16:40,1870.3800048828125,1870.5999755859375,1868.6099853515625,1868.68994140625,0
2026-08-01T16:45,1868.68994140625,1868.68994140625,1867.3199462890625,1867.510009765625,0
2026-08-01T16:50,1867.4000244140625,1867.4000244140625,1866.68994140625,1866.7900390625,0
2026-08-01T16:55,1866.7900390625,1867.22998046875,1864.7900390625,1867.18994140625,32768
2026-08-01T17:00,1867.1199951171875,1867.6500244140625,1866.1300048828125,1867.5,0
2026-08-01T17:05,1867.6199951171875,1868.5999755859375,1867.3800048828125,1867.52001953125,0
2026-08-01T17:10,1867.4000244140625,1867.4000244140625,1863.739990234375,1865.0999755859375,0
2026-08-01T17:15,1864.7099609375,1864.7099609375,1862.75,1863.949951171875,12232448
2026-08-01T17:20,1863.949951171875,1864.18994140625,1863.2099609375,1863.6099853515625,0
2026-08-01T17:25,1863.6500244140625,1863.6500244140625,1859.8699951171875,1861.9599609375,7029760
2026-08-01T17:30,1862.18994140625,1862.199951171875,1858.6400146484375,1858.7099609375,14770432
2026-08-01T17:35,1858.8900146484375,1860.25,1856.300048828125,1858.4200439453125,0
2026-08-01T17:40,1858.4599609375,1861.989990234375,1858.449951171875,1861.8199462890625,10015744
2026-08-01T17:45,1861.5,1861.5,1859.81005859375,1860.3299560546875,0
2026-08-01T17:50,1860.1800537109375,1860.6500244140625,1857.7900390625,1860.6500244140625,0
2026-08-01T17:55,1860.6500244140625,1860.719970703125,1859.6300048828125,1860.469970703125,0
2026-08-01T18:00,1860.239990234375,1860.3499755859375,1858.22998046875,1860.18994140625,0
2026-08-01T18:05,1860.3800048828125,1861.1099853515625,1859.5400390625,1861.1099853515625,9741312
2026-08-01T18:10,1861.1199951171875,1861.31005859375,1859.1500244140625,1859.4000244140625,15564032
2026-08-01T18:15,1859.25,1859.3699951171875,1856.2099609375,1857.75,0
2026-08-01T18:20,1857.75,1857.75,1850.489990234375,1850.489990234375,0
2026-08-01T18:25,1850.6600341796875,1854.5,1849.5799560546875,1851.800048828125,0
2026-08-01T18:30,1852.010009765625,1852.010009765625,1831.3699951171875,1838.1800537109375,183229952
2026-08-01T18:35,1838.3399658203125,1841.5999755859375,1838.199951171875,1838.4100341796875,191662592
2026-08-01T18:40,1838.2099609375,1839.1700439453125,1830.219970703125,1830.219970703125,0
2026-08-01T18:45,1830.9000244140625,1830.9000244140625,1821.300048828125,1821.739990234375,167385600
2026-08-01T18:50,1820.8900146484375,1828.0799560546875,1820.8900146484375,1827.1800537109375,54486528
2026-08-01T18:55,1827.0400390625,1835.5999755859375,1827.0400390625,1835.300048828125,61328896
2026-08-01T19:00,1834.5999755859375,1837.760009765625,1832.4599609375,1836.75,95741952
2026-08-01T19:05,1836.760009765625,1838.4100341796875,1834.949951171875,1836.5999755859375,89976832
2026-08-01T19:10,1836.699951171875,1837.5999755859375,1835.81005859375,1835.81005859375,47545856
2026-08-01T19:15,1835.9000244140625,1838.6500244140625,1835.510009765625,1837.1400146484375,28791808
2026-08-01T19:20,1837.2900390625,1837.3900146484375,1833.8299560546875,1834.8199462890625,24517632
2026-08-01T19:25,1834.8199462890625,1836.5699462890625,1834.5799560546875,1836.5699462890625,1665536
2026-08-01T19:30,1836.3199462890625,1838.0899658203125,1835.0999755859375,1835.739990234375,0
2026-08-01T19:35,1835.8499755859375,1836.780029296875,1833.4599609375,1834.280029296875,0
2026-08-01T19:40,1834.4000244140625,1834.5799560546875,1833.5999755859375,1834.1199951171875,0
2026-08-01T19:45,1834.1199951171875,1836.2900390625,1834.1099853515625,1836.2900390625,4798464
2026-08-01T19:50,1836.719970703125,1837.93994140625,1835.5999755859375,1836.0,0
2026-08-01T19:55,1835.8199462890625,1836.1800537109375,1834.800048828125,1835.550048828125,2956288
2026-08-01T20:00,1835.3199462890625,1837.2900390625,1834.1700439453125,1835.75,0
2026-08-01T20:05,1835.72998046875,1836.72998046875,1834.760009765625,1834.969970703125,0
2026-08-01T20:10,1835.4599609375,1836.4000244140625,1834.8199462890625,1836.1400146484375,0
2026-08-01T20:15,1836.0799560546875,1837.2099609375,1835.989990234375,1836.97998046875,58704384
2026-08-01T20:20,1837.0899658203125,1838.6199951171875,1836.800048828125,1836.8900146484375,0
2026-08-01T20:25,1836.5899658203125,1836.6400146484375,1835.3399658203125,1836.06005859375,58590208
2026-08-01T20:30,1835.6300048828125,1835.8399658203125,1833.6500244140625,1834.3699951171875,6808576
2026-08-01T20:35,1834.449951171875,1835.9000244140625,1831.7099609375,1831.9100341796875,0
2026-08-01T20:40,1832.280029296875,1833.0,1832.1199951171875,1832.989990234375,0
2026-08-01T20:45,1832.760009765625,1835.3199462890625,1832.3800048828125,1834.9000244140625,34028544
2026-08-01T20:50,1834.9100341796875,1836.06005859375,1834.010009765625,1835.449951171875,24340992
2026-08-01T20:55,1835.3499755859375,1836.719970703125,1835.219970703125,1836.6800537109375,0
2026-08-01T21:00,1836.5799560546875,1840.780029296875,1836.18994140625,1838.8199462890625,0
2026-08-01T21:05,1838.780029296875,1838.9000244140625,1837.4000244140625,1838.239990234375,0
2026-08-01T21:10,1837.800048828125,1837.969970703125,1835.1099853515625,1836.6300048828125,60613632
2026-08-01T21:15,1836.6300048828125,1841.3399658203125,1836.5,1840.6400146484375,6222336
2026-08-01T21:20,1840.8800048828125,1840.8800048828125,1839.4000244140625,1840.5699462890625,0
2026-08-01T21:25,1840.2900390625,1841.469970703125,1839.5999755859375,1841.4300537109375,63802368
2026-08-01T21:30,1841.4300537109375,1843.4000244140625,1840.5400390625,1843.4000244140625,0
2026-08-01T21:35,1843.3800048828125,1843.3800048828125,1841.510009765625,1841.9100341796875,8032256
2026-08-01T21:40,1841.739990234375,1843.1700439453125,1841.0,1842.949951171875,0
2026-08-01T21:45,1843.010009765625,1844.0,1842.72998046875,1843.199951171875,0
2026-08-01T21:50,1843.199951171875,1844.0,1842.4100341796875,1842.47998046875,0
2026-08-01T21:55,1842.47998046875,1844.1600341796875,1842.47998046875,1844.030029296875,25920000
2026-08-01T22:00,1844.75,1844.9300537109375,1842.93994140625,1844.9300537109375,0
2026-08-01T22:05,1844.719970703125,1845.8900146484375,1844.719970703125,1845.81005859375,0
2026-08-01T22:10,1845.1500244140625,1846.300048828125,1845.1500244140625,1846.1700439453125,0
2026-08-01T22:15,1846.1700439453125,1846.6099853515625,1845.510009765625,1846.1199951171875,91036160
2026-08-01T22:20,1846.1099853515625,1846.18994140625,1844.300048828125,1845.0699462890625,26386944
2026-08-01T22:25,1845.0899658203125,1847.489990234375,1845.0799560546875,1847.489990234375,20721664
2026-08-01T22:30,1847.4599609375,1847.47998046875,1846.219970703125,1846.219970703125,0
2026-08-01T22:35,1846.2099609375,1846.2099609375,1844.6199951171875,1845.6800537109375,0
2026-08-01T22:40,1845.780029296875,1846.5,1845.510009765625,1846.0,4877824
2026-08-01T22:45,1846.0,1846.5,1845.27001953125,1845.81005859375,0
2026-08-01T22:50,1845.7900390625,1846.3499755859375,1845.7099609375,1846.0,0
2026-08-01T22:55,1846.0,1846.18994140625,1845.469970703125,1845.5,0
2026-08-01T23:00,1845.949951171875,1847.300048828125,1845.7099609375,1846.0,2722304
2026-08-01T23:05,1846.0,1846.3399658203125,1845.1300048828125,1846.1099853515625,0
2026-08-01T23:10,1845.97998046875,1846.010009765625,1844.68994140625,1844.8599853515625,0
2026-08-01T23:15,1844.800048828125,1844.9200439453125,1843.050048828125,1843.219970703125,0
2026-08-01T23:20,1843.030029296875,1843.3900146484375,1842.6199951171875,1842.780029296875,0
2026-08-01T23:25,1842.8499755859375,1843.22998046875,1841.6099853515625,1841.780029296875,5150720
2026-08-01T23:30,1841.800048828125,1843.3499755859375,1841.800048828125,1842.3399658203125,846848
2026-08-01T23:35,1842.4100341796875,1844.800048828125,1842.4100341796875,1843.1800537109375,4289024
2026-08-01T23:40,1843.3900146484375,1844.27001953125,1842.4599609375,1843.4000244140625,3455488
2026-08-01T23:45,1843.7900390625,1844.1600341796875,1843.22998046875,1843.3199462890625,0
2026-08-01T23:50,1843.31005859375,1843.4000244140625,1842.68994140625,1843.3499755859375,0
2026-08-01T23:55,1843.260009765625,1844.06005859375,1842.81005859375,1843.1600341796875,15349760
2026-08-02T00:00,1843.2099609375,1846.489990234375,1843.2099609375,1846.3800048828125,0
2026-08-02T00:05,1846.5,1847.31005859375,1844.969970703125,1845.06005859375,0
2026-08-02T00:10,1845.25,1847.699951171875,1845.25,1845.949951171875,27411456
2026-08-02T00:15,1845.949951171875,1846.5400390625,1845.8199462890625,1846.2900390625,13692928
2026-08-02T00:20,1846.22998046875,1846.4100341796875,1845.5699462890625,1845.8599853515625,0
2026-08-02T00:25,1845.8599853515625,1845.8599853515625,1843.1199951171875,1843.530029296875,29283328
2026-08-02T00:30,1843.530029296875,1844.780029296875,1843.449951171875,1843.4599609375,0
2026-08-02T00:35,1843.3399658203125,1843.3399658203125,1842.3800048828125,1842.81005859375,38956544
2026-08-02T00:40,1842.81005859375,1844.300048828125,1842.81005859375,1843.719970703125,0
2026-08-02T00:45,1843.739990234375,1845.0999755859375,1843.4000244140625,1843.449951171875,50663936
2026-08-02T00:50,1843.4599609375,1843.47998046875,1842.010009765625,1842.0400390625,0
2026-08-02T00:55,1842.300048828125,1844.9599609375,1842.280029296875,1844.9599609375,14467072
2026-08-02T01:00,1845.4000244140625,1846.699951171875,1845.199951171875,1846.6099853515625,0
2026-08-02T01:05,1846.699951171875,1850.489990234375,1846.6700439453125,1850.300048828125,0
2026-08-02T01:10,1850.6099853515625,1854.4100341796875,1850.47998046875,1853.9100341796875,9207808
2026-08-02T01:15,1854.8599853515625,1857.31005859375,1853.510009765625,1853.800048828125,18797056
2026-08-02T01:20,1853.760009765625,1853.760009765625,1852.280029296875,1852.280029296875,93534208
2026-08-02T01:25,1852.280029296875,1853.27001953125,1852.280029296875,1852.77001953125,36181504
2026-08-02T01:30,1852.5999755859375,1854.52001953125,1852.010009765625,1854.2099609375,0
2026-08-02T01:35,1854.1400146484375,1855.3399658203125,1854.1400146484375,1855.06005859375,36860416
2026-08-02T01:40,1855.1300048828125,1856.0,1854.93994140625,1855.4200439453125,7282688
2026-08-02T01:45,1855.4200439453125,1855.4200439453125,1854.3599853515625,1854.3599853515625,0
2026-08-02T01:50,1854.3399658203125,1854.5799560546875,1854.1300048828125,1854.47998046875,0
2026-08-02T01:55,1854.9000244140625,1856.199951171875,1854.9000244140625,1855.1099853515625,39819264
2026-08-02T02:00,1855.1800537109375,1855.1800537109375,1854.3599853515625,1854.4000244140625,0
2026-08-02T02:05,1854.4000244140625,1878.1099853515625,1854.3900146484375,1871.550048828125,1024
2026-08-02T02:10,1871.780029296875,1875.0,1870.449951171875,1873.0799560546875,190635520
2026-08-02T02:15,1873.8199462890625,1880.77001953125,1871.1099853515625,1880.010009765625,783360
2026-08-02T02:20,1881.5699462890625,1881.5699462890625,1874.9000244140625,1877.6099853515625,133869056
2026-08-02T02:25,1877.800048828125,1878.260009765625,1873.77001953125,1873.81005859375,61591040
2026-08-02T02:30,1873.81005859375,1874.6800537109375,1872.510009765625,1872.8499755859375,45559808
2026-08-02T02:35,1872.1199951171875,1872.239990234375,1869.97998046875,1870.8900146484375,38920192
2026-08-02T02:40,1870.77001953125,1872.22998046875,1870.2099609375,1872.22998046875,30710784
2026-08-02T02:45,1872.0899658203125,1874.800048828125,1870.8599853515625,1874.5,0
2026-08-02T02:50,1874.489990234375,1876.050048828125,1873.010009765625,1875.800048828125,0
2026-08-02T02:55,1875.8900146484375,1875.8900146484375,1873.97998046875,1875.0,3496960
2026-08-02T03:00,1875.31005859375,1876.050048828125,1873.0999755859375,1873.1500244140625,8962560
2026-08-02T03:05,1873.2900390625,1874.8299560546875,1872.9200439453125,1872.9200439453125,48491520
2026-08-02T03:10,1872.9200439453125,1874.1199951171875,1872.800048828125,1873.780029296875,30807040
2026-08-02T03:15,1873.7900390625,1874.1199951171875,1872.699951171875,1873.56005859375,0
2026-08-02T03:20,1873.0,1877.030029296875,1872.81005859375,1875.4000244140625,20382208
2026-08-02T03:25,1875.52001953125,1875.5699462890625,1873.699951171875,1873.8199462890625,23828992
2026-08-02T03:30,1874.199951171875,1875.43994140625,1873.6099853515625,1875.1199951171875,39096832
2026-08-02T03:35,1875.1099853515625,1878.699951171875,1875.1099853515625,1876.489990234375,13443072
2026-08-02T03:40,1876.5,1877.3299560546875,1876.4100341796875,1876.5999755859375,0
2026-08-02T03:45,1877.43994140625,1877.5899658203125,1875.31005859375,1875.31005859375,32919040
2026-08-02T03:50,1875.3399658203125,1875.72998046875,1874.1099853515625,1874.699951171875,5164544
2026-08-02T03:55,1874.8299560546875,1875.72998046875,1874.280029296875,1875.56005859375,4342272
2026-08-02T04:00,1875.72998046875,1878.4200439453125,1875.72998046875,1878.1800537109375,0
2026-08-02T04:05,1878.5,1878.5999755859375,1877.0400390625,1877.800048828125,0
2026-08-02T04:10,1877.8699951171875,1878.7900390625,1877.239990234375,1878.3699951171875,39853056
2026-08-02T04:15,1878.3199462890625,1878.8800048828125,1877.0,1878.280029296875,0
2026-08-02T04:20,1878.449951171875,1879.4100341796875,1876.7099609375,1877.6500244140625,27519488
2026-08-02T04:25,1877.6700439453125,1878.800048828125,1877.1600341796875,1877.300048828125,13033472
2026-08-02T04:30,1877.3399658203125,1878.25,1876.949951171875,1877.81005859375,0
2026-08-02T04:35,1878.1199951171875,1878.6099853515625,1877.4200439453125,1877.77001953125,19027968
2026-08-02T04:40,1877.760009765625,1877.760009765625,1875.8800048828125,1876.2099609375,4175872
2026-08-02T04:45,1876.1099853515625,1876.969970703125,1876.1099853515625,1876.7900390625,0
2026-08-02T04:50,1876.8499755859375,1877.5999755859375,1876.8499755859375,1877.0999755859375,6316032
2026-08-02T04:55,1877.1099853515625,1880.199951171875,1877.1099853515625,1879.2099609375,14796288
2026-08-02T05:00,1879.010009765625,1880.739990234375,1875.6700439453125,1876.1199951171875,0
2026-08-02T05:05,1876.4000244140625,1876.9599609375,1875.699951171875,1876.8699951171875,19970048
2026-08-02T05:10,1876.8900146484375,1876.9000244140625,1875.699951171875,1876.280029296875,0
2026-08-02T05:15,1876.1600341796875,1876.1600341796875,1874.719970703125,1875.7900390625,20253696
2026-08-02T05:20,1875.719970703125,1876.4200439453125,1875.47998046875,1876.1800537109375,72563200
2026-08-02T05:25,1876.199951171875,1876.4000244140625,1875.75,1875.93994140625,14436864
2026-08-02T05:30,1875.969970703125,1876.2900390625,1875.0400390625,1876.030029296875,0
2026-08-02T05:35,1875.7099609375,1875.7099609375,1873.949951171875,1874.3499755859375,0
2026-08-02T05:40,1874.3499755859375,1874.699951171875,1873.3699951171875,1873.6300048828125,14897664
2026-08-02T05:45,1873.5,1874.5,1873.5,1873.6099853515625,61636096
2026-08-02T05:50,1873.72998046875,1874.699951171875,1873.6400146484375,1874.4200439453125,0
2026-08-02T05:55,1874.4599609375,1874.8699951171875,1874.4599609375,1874.56005859375,0
2026-08-02T06:00,1874.5999755859375,1875.8900146484375,1874.5999755859375,1875.8900146484375,11211776
2026-08-02T06:05,1875.969970703125,1876.1300048828125,1874.02001953125,1874.0699462890625,40768512
2026-08-02T06:10,1874.050048828125,1874.1500244140625,1873.550048828125,1874.010009765625,0
2026-08-02T06:15,1874.0,1874.300048828125,1873.1199951171875,1873.8399658203125,37383168
2026-08-02T06:20,1873.8399658203125,1875.5699462890625,1873.8399658203125,1875.510009765625,4967424
2026-08-02T06:25,1875.5899658203125,1876.1400146484375,1875.5899658203125,1875.719970703125,0
2026-08-02T06:30,1875.6400146484375,1876.800048828125,1874.7099609375,1874.9000244140625,28186624
2026-08-02T06:35,1874.9300537109375,1875.739990234375,1874.3399658203125,1874.699951171875,2447872
2026-08-02T06:40,1874.699951171875,1875.989990234375,1874.699951171875,1875.989990234375,0
2026-08-02T06:45,1875.4000244140625,1875.4300537109375,1874.8699951171875,1874.8699951171875,18988544
2026-08-02T06:50,1874.9000244140625,1875.030029296875,1874.5699462890625,1874.699951171875,0
2026-08-02T06:55,1875.0999755859375,1876.1800537109375,1875.06005859375,1875.6500244140625,3435008
2026-08-02T07:00,1875.550048828125,1875.800048828125,1874.8800048828125,1875.3399658203125,0
2026-08-02T07:05,1875.5899658203125,1876.5699462890625,1875.3299560546875,1876.3199462890625,0
2026-08-02T07:10,1876.3199462890625,1876.5899658203125,1876.0999755859375,1876.239990234375,22184960
2026-08-02T07:15,1876.239990234375,1876.260009765625,1876.0999755859375,1876.1700439453125,0
2026-08-02T07:20,1876.31005859375,1876.8599853515625,1876.280029296875,1876.68994140625,6896640
2026-08-02T07:25,1876.5,1876.5,1875.52001953125,1875.6199951171875,23431168
2026-08-02T07:30,1875.6199951171875,1875.6199951171875,1874.7900390625,1874.8299560546875,1519104
2026-08-02T07:35,1874.9000244140625,1875.489990234375,1874.72998046875,1875.1800537109375,0
2026-08-02T07:40,1875.0999755859375,1876.18994140625,1874.5,1875.8399658203125,0
2026-08-02T07:45,1875.8499755859375,1875.8499755859375,1874.199951171875,1874.760009765625,13301248
2026-08-02T07:50,1874.739990234375,1874.8199462890625,1874.4000244140625,1874.4100341796875,7426560
2026-08-02T07:55,1874.4000244140625,1874.4000244140625,1873.699951171875,1874.050048828125,0
2026-08-02T08:00,1874.219970703125,1875.489990234375,1873.800048828125,1874.6800537109375,3628032
2026-08-02T08:05,1874.6099853515625,1875.7900390625,1873.56005859375,1875.7900390625,0
2026-08-02T08:10,1875.81005859375,1877.0,1874.6199951171875,1874.760009765625,9038336
2026-08-02T08:15,1874.800048828125,1875.3399658203125,1874.4599609375,1875.02001953125,10555904
2026-08-02T08:20,1874.81005859375,1874.81005859375,1873.6300048828125,1873.6300048828125,0
2026-08-02T08:25,1873.6300048828125,1873.6300048828125,1871.280029296875,1871.3599853515625,30612992
2026-08-02T08:30,1871.3499755859375,1871.3800048828125,1870.3199462890625,1870.6400146484375,0
2026-08-02T08:35,1870.6400146484375,1870.9000244140625,1865.1700439453125,1865.43994140625,0
2026-08-02T08:40,1865.4300537109375,1868.4000244140625,1865.4300537109375,1867.4000244140625,2917888
2026-08-02T08:45,1867.31005859375,1868.300048828125,1866.969970703125,1867.6800537109375,38823424
2026-08-02T08:50,1867.52001953125,1868.2099609375,1866.800048828125,1867.8199462890625,63386112
2026-08-02T08:55,1867.8199462890625,1867.8900146484375,1865.800048828125,1866.2099609375,6649856
2026-08-02T09:00,1866.3399658203125,1867.25,1861.010009765625,1861.010009765625,5764608
2026-08-02T09:05,1861.0,1867.1500244140625,1861.0,1867.0799560546875,0
2026-08-02T09:10,1867.1199951171875,1868.6199951171875,1867.1199951171875,1868.4200439453125,39470080
2026-08-02T09:15,1868.4200439453125,1869.5,1868.22998046875,1868.5799560546875,0
2026-08-02T09:20,1868.5899658203125,1870.1199951171875,1867.9100341796875,1870.1199951171875,46380032
2026-08-02T09:25,1870.31005859375,1870.780029296875,1868.4100341796875,1868.52001953125,26102784
2026-08-02T09:30,1868.52001953125,1871.1400146484375,1868.52001953125,1870.1099853515625,0
2026-08-02T09:35,1870.1300048828125,1870.18994140625,1869.0,1869.0,35822592
2026-08-02T09:40,1868.93994140625,1869.3599853515625,1868.6300048828125,1868.6300048828125,1319936
2026-08-02T09:45,1868.5999755859375,1869.31005859375,1868.5799560546875,1869.06005859375,0
2026-08-02T09:50,1869.030029296875,1869.8499755859375,1868.800048828125,1869.6400146484375,43417088
2026-08-02T09:55,1869.6099853515625,1869.6099853515625,1869.1099853515625,1869.1099853515625,22661632
2026-08-02T10:00,1868.8800048828125,1868.8800048828125,1867.8900146484375,1868.5999755859375,0
2026-08-02T10:05,1868.5699462890625,1869.3199462890625,1868.4000244140625,1868.6199951171875,0
2026-08-02T10:10,1868.5999755859375,1868.5999755859375,1866.5799560546875,1867.300048828125,0
2026-08-02T10:15,1867.0,1869.0,1866.8499755859375,1868.75,0
2026-08-02T10:20,1868.7900390625,1868.7900390625,1864.0400390625,1864.5699462890625,0
2026-08-02T10:25,1864.6199951171875,1864.969970703125,1863.56005859375,1864.43994140625,0
2026-08-02T10:30,1864.5999755859375,1866.469970703125,1864.5999755859375,1866.3299560546875,0
2026-08-02T10:35,1866.02001953125,1867.7900390625,1865.97998046875,1867.300048828125,2176000
2026-08-02T10:40,1867.300048828125,1867.56005859375,1866.9000244140625,1867.199951171875,38261248
2026-08-02T10:45,1867.3599853515625,1867.6800537109375,1867.300048828125,1867.550048828125,0
2026-08-02T10:50,1867.449951171875,1867.6600341796875,1866.97998046875,1867.3399658203125,0
2026-08-02T10:55,1867.1600341796875,1867.3399658203125,1866.81005859375,1866.8499755859375,0
2026-08-02T11:00,1866.8299560546875,1867.0699462890625,1866.010009765625,1866.1800537109375,0
2026-08-02T11:05,1866.1700439453125,1867.699951171875,1866.0999755859375,1866.1700439453125,0
2026-08-02T11:10,1866.3299560546875,1866.3499755859375,1864.8499755859375,1865.800048828125,0
2026-08-02T11:15,1866.0,1867.7900390625,1865.7900390625,1865.81005859375,0
2026-08-02T11:20,1866.0899658203125,1866.5,1862.739990234375,1863.699951171875,0
2026-08-02T11:25,1863.5699462890625,1864.5999755859375,1862.9000244140625,1862.9000244140625,5467648
2026-08-02T11:30,1863.010009765625,1863.199951171875,1861.31005859375,1862.800048828125,0
2026-08-02T11:35,1862.8499755859375,1863.300048828125,1860.5999755859375,1861.7900390625,0
2026-08-02T11:40,1861.8199462890625,1862.0,1852.56005859375,1854.219970703125,84075520
2026-08-02T11:45,1854.9200439453125,1857.3699951171875,1853.52001953125,1854.199951171875,90094592
2026-08-02T11:50,1854.199951171875,1856.4300537109375,1848.22998046875,1850.300048828125,43964928
2026-08-02T11:55,1850.2099609375,1852.2900390625,1847.75,1850.800048828125,25471488
2026-08-02T12:00,1851.4000244140625,1854.0400390625,1851.1700439453125,1852.1099853515625,17317376
2026-08-02T12:05,1852.3900146484375,1853.780029296875,1852.2099609375,1853.780029296875,32833024
2026-08-02T12:10,1853.800048828125,1855.3399658203125,1852.4000244140625,1855.260009765625,57915904
2026-08-02T12:15,1855.469970703125,1857.300048828125,1854.06005859375,1856.02001953125,0
2026-08-02T12:20,1856.1800537109375,1858.4000244140625,1855.9000244140625,1856.510009765625,48662528
2026-08-02T12:25,1856.9000244140625,1857.4100341796875,1855.9100341796875,1856.5699462890625,828928
2026-08-02T12:30,1856.3299560546875,1857.6400146484375,1855.9000244140625,1856.489990234375,26014720
2026-08-02T12:35,1856.5999755859375,1857.6400146484375,1854.5,1855.699951171875,5312512
2026-08-02T12:40,1856.1400146484375,1856.3499755859375,1855.6199951171875,1856.0799560546875,0
2026-08-02T12:45,1856.0999755859375,1856.72998046875,1855.27001953125,1856.030029296875,8658944
2026-08-02T12:50,1856.02001953125,1856.0899658203125,1854.81005859375,1856.030029296875,0
2026-08-02T12:55,1856.2900390625,1856.2900390625,1854.52001953125,1855.3900146484375,0
2026-08-02T13:00,1854.760009765625,1856.199951171875,1854.1500244140625,1855.239990234375,0
2026-08-02T13:05,1854.9000244140625,1855.0999755859375,1853.800048828125,1854.949951171875,18227712
2026-08-02T13:10,1854.949951171875,1855.0999755859375,1854.1400146484375,1854.5,14977024
2026-08-02T13:15,1854.510009765625,1854.510009765625,1852.510009765625,1853.4000244140625,4453376
2026-08-02T13:20,1853.8900146484375,1854.6800537109375,1853.6099853515625,1853.989990234375,0
2026-08-02T13:25,1854.030029296875,1855.3399658203125,1854.030029296875,1854.239990234375,25297408
2026-08-02T13:30,1854.22998046875,1855.6199951171875,1853.989990234375,1854.3699951171875,0
2026-08-02T13:35,1854.0999755859375,1854.1199951171875,1851.0,1851.219970703125,2451456
2026-08-02T13:40,1851.219970703125,1854.0,1851.2099609375,1853.5999755859375,0
2026-08-02T13:45,1853.719970703125,1854.97998046875,1853.5799560546875,1854.5400390625,17577472
2026-08-02T13:50,1854.550048828125,1854.9000244140625,1853.1099853515625,1854.239990234375,0
2026-08-02T13:55,1854.0999755859375,1854.3599853515625,1852.8299560546875,1853.1300048828125,0
2026-08-02T14:00,1852.8499755859375,1853.1800537109375,1851.4100341796875,1852.510009765625,3698176
2026-08-02T14:05,1852.550048828125,1852.550048828125,1850.4599609375,1851.6300048828125,0
2026-08-02T14:10,1851.6300048828125,1853.68994140625,1851.6300048828125,1853.68994140625,17123840
2026-08-02T14:15,1853.719970703125,1856.4000244140625,1853.699951171875,1855.0,0
2026-08-02T14:20,1854.97998046875,1855.1199951171875,1853.699951171875,1854.0899658203125,0
2026-08-02T14:25,1854.5,1855.469970703125,1854.239990234375,1855.3699951171875,37638144
2026-08-02T14:30,1855.469970703125,1855.6600341796875,1853.8199462890625,1855.1099853515625,0
2026-08-02T14:35,1855.1800537109375,1856.6400146484375,1855.1800537109375,1856.199951171875,0
2026-08-02T14:40,1856.4000244140625,1856.9200439453125,1855.8499755859375,1856.9100341796875,0
2026-08-02T14:45,1856.81005859375,1856.9200439453125,1855.4300537109375,1855.43994140625,1741824
2026-08-02T14:50,1855.449951171875,1855.6400146484375,1852.989990234375,1852.989990234375,20426240
2026-08-02T14:55,1852.7099609375,1853.5899658203125,1852.7099609375,1853.02001953125,0
2026-08-02T15:00,1853.06005859375,1854.2099609375,1851.9599609375,1852.989990234375,0
2026-08-02T15:05,1853.4000244140625,1854.8299560546875,1853.4000244140625,1854.18994140625,37681152
2026-08-02T15:10,1854.0,1857.22998046875,1853.719970703125,1857.22998046875,0
2026-08-02T15:15,1856.8599853515625,1857.18994140625,1856.0,1856.030029296875,52079616
2026-08-02T15:20,1855.9200439453125,1856.739990234375,1855.9200439453125,1856.1300048828125,0
2026-08-02T15:25,1855.719970703125,1857.199951171875,1855.719970703125,1857.0799560546875,0
2026-08-02T15:30,1857.0899658203125,1859.9599609375,1856.5799560546875,1859.489990234375,4172800
2026-08-02T15:35,1858.5999755859375,1859.199951171875,1858.1199951171875,1858.2900390625,0
2026-08-02T15:40,1858.280029296875,1858.699951171875,1857.9000244140625,1858.3499755859375,47935488
2026-08-02T15:45,1858.3299560546875,1859.0,1857.8499755859375,1857.8499755859375,0
2026-08-02T15:50,1857.7099609375,1857.7099609375,1856.47998046875,1856.5899658203125,0
2026-08-02T15:55,1856.6300048828125,1857.1199951171875,1856.0999755859375,1856.989990234375,8760832
2026-08-02T16:00,1857.1800537109375,1857.1800537109375,1853.9599609375,1855.31005859375,0
2026-08-02T16:05,1855.31005859375,1856.5999755859375,1854.8599853515625,1856.3199462890625,0
2026-08-02T16:10,1856.1600341796875,1856.6400146484375,1855.6099853515625,1856.010009765625,0
2026-08-02T16:15,1856.0400390625,1856.6500244140625,1855.699951171875,1856.1199951171875,0
2026-08-02T16:20,1855.72998046875,1858.1199951171875,1855.72998046875,1857.699951171875,0
2026-08-02T16:25,1857.6199951171875,1857.6800537109375,1855.780029296875,1857.1099853515625,0
2026-08-02T16:30,1857.1199951171875,1860.0899658203125,1856.6099853515625,1859.6600341796875,0
2026-08-02T16:35,1859.5999755859375,1861.0,1859.0999755859375,1860.8199462890625,26657280
2026-08-02T16:40,1860.8699951171875,1863.8299560546875,1860.2099609375,1862.8199462890625,28667392
2026-08-02T16:45,1862.8900146484375,1863.47998046875,1862.02001953125,1862.6099853515625,30062592
2026-08-02T16:50,1862.449951171875,1862.8499755859375,1861.449951171875,1861.9000244140625,20514816
2026-08-02T16:55,1861.8699951171875,1862.530029296875,1861.1300048828125,1861.31005859375,0
2026-08-02T17:00,1861.22998046875,1862.510009765625,1860.4200439453125,1862.510009765625,0
2026-08-02T17:05,1862.43994140625,1862.43994140625,1860.68994140625,1861.06005859375,10221056
2026-08-02T17:10,1860.9100341796875,1864.27001953125,1860.9100341796875,1863.8499755859375,0
2026-08-02T17:15,1863.8900146484375,1864.0899658203125,1862.6500244140625,1863.0400390625,0
2026-08-02T17:20,1863.0,1868.3699951171875,1863.0,1868.3699951171875,0
2026-08-02T17:25,1867.0999755859375,1867.0999755859375,1864.4000244140625,1864.739990234375,0
2026-08-02T17:30,1864.800048828125,1866.1199951171875,1864.6600341796875,1865.3699951171875,0
2026-08-02T17:35,1865.3499755859375,1866.7099609375,1865.3499755859375,1866.25,23011840
2026-08-02T17:40,1866.3199462890625,1866.9200439453125,1865.3800048828125,1866.6099853515625,0
2026-08-02T17:45,1866.6099853515625,1867.8900146484375,1866.6099853515625,1867.52001953125,0
2026-08-02T17:50,1867.530029296875,1867.8599853515625,1866.800048828125,1867.739990234375,0
2026-08-02T17:55,1867.699951171875,1867.739990234375,1866.7099609375,1866.800048828125,0
2026-08-02T18:00,1866.739990234375,1869.0799560546875,1866.739990234375,1869.0799560546875,0
2026-08-02T18:05,1869.0699462890625,1869.3599853515625,1867.0,1867.010009765625,0
2026-08-02T18:10,1867.0,1868.5400390625,1867.0,1868.4000244140625,0
2026-08-02T18:15,1868.25,1868.27001953125,1866.6800537109375,1867.68994140625,0
2026-08-02T18:20,1867.68994140625,1868.0,1867.0699462890625,1867.199951171875,0
2026-08-02T18:25,1867.010009765625,1867.030029296875,1866.3900146484375,1866.9100341796875,0
2026-08-02T18:30,1867.1500244140625,1869.1199951171875,1866.800048828125,1868.7099609375,0
2026-08-02T18:35,1868.8900146484375,1874.699951171875,1868.8900146484375,1873.31005859375,0
2026-08-02T18:40,1873.239990234375,1884.22998046875,1873.219970703125,1878.3900146484375,0
2026-08-02T18:45,1879.8699951171875,1879.8699951171875,1875.0799560546875,1875.449951171875,17094656
2026-08-02T18:50,1875.2099609375,1875.2099609375,1872.81005859375,1873.3800048828125,0
2026-08-02T18:55,1873.3800048828125,1874.4000244140625,1873.3800048828125,1873.719970703125,19497984
2026-08-02T19:00,1873.6300048828125,1874.93994140625,1872.7099609375,1874.1600341796875,0
2026-08-02T19:05,1875.199951171875,1876.489990234375,1874.8699951171875,1875.300048828125,0
2026-08-02T19:10,1875.31005859375,1876.25,1874.4200439453125,1874.43994140625,0
2026-08-02T19:15,1874.43994140625,1876.06005859375,1874.25,1874.5999755859375,0
2026-08-02T19:20,1874.5999755859375,1876.0999755859375,1874.4000244140625,1874.8599853515625,0
2026-08-02T19:25,1874.6099853515625,1875.260009765625,1873.81005859375,1873.989990234375,0
2026-08-02T19:30,1873.8399658203125,1874.4000244140625,1873.6099853515625,1874.0999755859375,0
2026-08-02T19:35,1874.1199951171875,1876.4000244140625,1874.1199951171875,1876.4000244140625,22137856
2026-08-02T19:40,1876.1400146484375,1876.8800048828125,1876.0899658203125,1876.77001953125,0
2026-08-02T19:45,1876.77001953125,1881.199951171875,1876.77001953125,1881.199951171875,9164800
2026-08-02T19:50,1881.300048828125,1881.760009765625,1879.9000244140625,1880.219970703125,0
2026-08-02T19:55,1880.219970703125,1880.3399658203125,1879.72998046875,1880.06005859375,62841856
2026-08-02T20:00,1880.0799560546875,1881.1800537109375,1878.31005859375,1878.3299560546875,0
2026-08-02T20:05,1878.31005859375,1880.0,1878.300048828125,1879.5699462890625,0
2026-08-02T20:10,1879.5799560546875,1880.989990234375,1878.3599853515625,1880.9200439453125,0
2026-08-02T20:15,1880.81005859375,1882.06005859375,1879.739990234375,1880.3199462890625,0
2026-08-02T20:20,1880.3699951171875,1880.8900146484375,1878.489990234375,1878.800048828125,35868672
2026-08-02T20:25,1878.510009765625,1878.75,1877.68994140625,1878.0699462890625,0
2026-08-02T20:30,1878.2900390625,1880.3499755859375,1877.93994140625,1880.06005859375,100864
2026-08-02T20:35,1879.9599609375,1880.0999755859375,1878.8399658203125,1879.1600341796875,0
2026-08-02T20:40,1879.1300048828125,1879.5999755859375,1878.949951171875,1879.1400146484375,0
2026-08-02T20:45,1879.2099609375,1883.550048828125,1878.8599853515625,1882.43994140625,0
2026-08-02T20:50,1882.6300048828125,1882.6300048828125,1880.8199462890625,1881.1199951171875,0
2026-08-02T20:55,1881.1099853515625,1883.0699462890625,1881.1099853515625,1881.699951171875,50418688
2026-08-02T21:00,1881.81005859375,1884.25,1880.1199951171875,1884.25,0
2026-08-02T21:05,1884.5799560546875,1884.5799560546875,1881.739990234375,1882.489990234375,0
2026-08-02T21:10,1882.68994140625,1883.8800048828125,1882.510009765625,1883.3599853515625,4441600
2026-08-02T21:15,1883.449951171875,1884.8900146484375,1882.800048828125,1882.800048828125,0
2026-08-02T21:20,1882.760009765625,1884.22998046875,1882.760009765625,1883.3900146484375,0
2026-08-02T21:25,1883.3900146484375,1885.199951171875,1882.6099853515625,1884.97998046875,0
2026-08-02T21:30,1884.949951171875,1885.3399658203125,1883.81005859375,1884.9200439453125,1454592
2026-08-02T21:35,1884.9300537109375,1888.239990234375,1884.239990234375,1884.449951171875,30095872
2026-08-02T21:40,1884.43994140625,1895.0,1884.010009765625,1892.1099853515625,0
2026-08-02T21:45,1892.1400146484375,1896.1800537109375,1892.0999755859375,1892.199951171875,17585152
2026-08-02T21:50,1892.4000244140625,1892.4000244140625,1888.4300537109375,1888.6300048828125,88217600
2026-08-02T21:55,1888.8299560546875,1889.030029296875,1886.6099853515625,1888.3900146484375,0
2026-08-02T22:00,1890.93994140625,1895.56005859375,1890.93994140625,1893.3900146484375,58916352
2026-08-02T22:05,1893.5,1895.8499755859375,1890.9200439453125,1893.06005859375,19047936
2026-08-02T22:10,1893.989990234375,1895.530029296875,1891.7099609375,1891.7099609375,80909312
2026-08-02T22:15,1891.199951171875,1895.300048828125,1890.4100341796875,1891.0899658203125,19207680
2026-08-02T22:20,1891.4000244140625,1891.780029296875,1890.239990234375,1890.5999755859375,21001728
2026-08-02T22:25,1890.4100341796875,1891.68994140625,1886.9599609375,1887.989990234375,18896896
2026-08-02T22:30,1888.030029296875,1888.22998046875,1883.5,1883.8900146484375,0
2026-08-02T22:35,1883.510009765625,1884.3599853515625,1879.56005859375,1880.199951171875,40626688
2026-08-02T22:40,1880.4000244140625,1883.47998046875,1879.1500244140625,1883.2099609375,41994240
2026-08-02T22:45,1883.280029296875,1884.1700439453125,1881.31005859375,1881.5899658203125,47756288
2026-08-02T22:50,1881.68994140625,1881.699951171875,1879.260009765625,1879.6099853515625,34462720
2026-08-02T22:55,1879.550048828125,1880.3399658203125,1879.4100341796875,1879.9100341796875,0
2026-08-02T23:00,1879.6099853515625,1880.3900146484375,1878.3499755859375,1878.6099853515625,0
2026-08-02T23:05,1878.02001953125,1878.02001953125,1875.7099609375,1877.219970703125,17672192
2026-08-02T23:10,1877.199951171875,1877.989990234375,1874.300048828125,1875.93994140625,0
2026-08-02T23:15,1875.8900146484375,1881.6700439453125,1875.530029296875,1881.6700439453125,34274304
2026-08-02T23:20,1881.780029296875,1881.780029296875,1878.9100341796875,1880.1099853515625,93230592
2026-08-02T23:25,1880.0799560546875,1882.1199951171875,1880.0799560546875,1881.8199462890625,17175040
2026-08-02T23:30,1881.6099853515625,1882.800048828125,1880.9100341796875,1882.4100341796875,0
2026-08-02T23:35,1882.2099609375,1882.4100341796875,1880.3499755859375,1881.18994140625,48025600
2026-08-02T23:40,1880.97998046875,1882.239990234375,1880.2900390625,1882.239990234375,1259008
2026-08-02T23:45,1881.800048828125,1883.3299560546875,1880.81005859375,1882.4100341796875,4925952
2026-08-02T23:50,1882.0999755859375,1883.4000244140625,1881.81005859375,1881.97998046875,11766784
2026-08-02T23:55,1881.719970703125,1883.4000244140625,1880.81005859375,1883.3499755859375,0
2026-08-03T00:00,1883.1700439453125,1883.800048828125,1879.719970703125,1880.030029296875,0
2026-08-03T00:05,1879.81005859375,1879.8299560546875,1876.8599853515625,1877.780029296875,789504
2026-08-03T00:10,1877.93994140625,1877.93994140625,1875.9300537109375,1877.1700439453125,0
2026-08-03T00:15,1877.0999755859375,1878.6600341796875,1876.1600341796875,1876.1700439453125,44644352
2026-08-03T00:20,1876.25,1877.780029296875,1874.9100341796875,1875.5999755859375,0
2026-08-03T00:25,1875.5899658203125,1875.8599853515625,1871.2099609375,1871.75,6377984
2026-08-03T00:30,1871.9100341796875,1875.199951171875,1870.3199462890625,1874.9100341796875,0
2026-08-03T00:35,1874.5699462890625,1875.989990234375,1874.06005859375,1875.97998046875,5351424
2026-08-03T00:40,1876.0,1876.4000244140625,1871.6099853515625,1872.6600341796875,49587200
2026-08-03T00:45,1872.5799560546875,1873.1600341796875,1869.6600341796875,1871.699951171875,0
2026-08-03T00:50,1871.699951171875,1872.510009765625,1870.010009765625,1871.0899658203125,1460736
2026-08-03T00:55,1871.0999755859375,1872.0999755859375,1870.8699951171875,1872.0999755859375,1299456
2026-08-03T01:00,1871.0,1873.1700439453125,1869.9100341796875,1873.0899658203125,21160448
2026-08-03T01:05,1872.9000244140625,1873.3299560546875,1869.1400146484375,1871.300048828125,0
2026-08-03T01:10,1871.280029296875,1872.199951171875,1867.3599853515625,1869.3900146484375,0
2026-08-03T01:15,1869.3900146484375,1869.72998046875,1867.510009765625,1869.0799560546875,0
2026-08-03T01:20,1868.4599609375,1868.4599609375,1867.02001953125,1868.31005859375,0
2026-08-03T01:25,1868.5400390625,1870.780029296875,1866.4200439453125,1868.260009765625,0
2026-08-03T01:30,1867.8699951171875,1870.5,1867.81005859375,1869.5899658203125,50427904
2026-08-03T01:35,1869.3399658203125,1870.300048828125,1866.1300048828125,1866.9100341796875,571392
2026-08-03T01:40,1867.1199951171875,1868.550048828125,1866.6199951171875,1866.989990234375,0
2026-08-03T01:45,1866.81005859375,1867.5,1865.6700439453125,1865.77001953125,0
2026-08-03T01:50,1865.7900390625,1866.280029296875,1863.6099853515625,1863.6199951171875,0
2026-08-03T01:55,1863.760009765625,1866.239990234375,1863.6800537109375,1864.780029296875,66107392
2026-08-03T02:00,1864.8299560546875,1865.75,1863.2099609375,1865.18994140625,0
2026-08-03T02:05,1864.9000244140625,1865.3900146484375,1862.5999755859375,1863.9100341796875,8337408
2026-08-03T02:10,1864.0799560546875,1864.3299560546875,1862.3199462890625,1863.9000244140625,0
2026-08-03T02:15,1864.0699462890625,1867.4599609375,1863.52001953125,1867.4599609375,0
2026-08-03T02:20,1867.8900146484375,1869.5799560546875,1867.31005859375,1867.31005859375,0
2026-08-03T02:25,1867.5,1868.0999755859375,1862.1700439453125,1863.5699462890625,0
2026-08-03T02:30,1863.5,1865.5899658203125,1862.52001953125,1865.5699462890625,0
2026-08-03T02:35,1866.3399658203125,1866.6300048828125,1864.47998046875,1865.6099853515625,39827456
2026-08-03T02:40,1865.47998046875,1866.3800048828125,1864.6199951171875,1864.6199951171875,0
2026-08-03T02:45,1864.6099853515625,1865.31005859375,1863.9100341796875,1864.5400390625,0
2026-08-03T02:50,1864.5400390625,1864.760009765625,1862.1199951171875,1862.5799560546875,0
2026-08-03T02:55,1862.4599609375,1862.47998046875,1860.7099609375,1862.050048828125,3905536
2026-08-03T03:00,1861.199951171875,1862.949951171875,1860.9000244140625,1862.510009765625,0
2026-08-03T03:05,1862.199951171875,1863.280029296875,1860.1800537109375,1861.68994140625,0
2026-08-03T03:10,1861.8900146484375,1862.68994140625,1861.010009765625,1861.31005859375,9071104
2026-08-03T03:15,1861.3199462890625,1862.8800048828125,1860.010009765625,1861.2900390625,17435648
2026-08-03T03:20,1861.5999755859375,1861.8499755859375,1859.5,1860.199951171875,0
2026-08-03T03:25,1860.1199951171875,1860.5899658203125,1859.0,1860.2900390625,0
2026-08-03T03:30,1860.27001953125,1860.3599853515625,1858.550048828125,1860.030029296875,0
2026-08-03T03:35,1859.81005859375,1860.0999755859375,1858.760009765625,1859.280029296875,0
2026-08-03T03:40,1859.0999755859375,1859.5,1858.9100341796875,1859.3900146484375,0
2026-08-03T03:45,1858.6800537109375,1858.989990234375,1850.3399658203125,1855.56005859375,0
2026-08-03T03:50,1855.3699951171875,1858.0999755859375,1855.010009765625,1857.77001953125,60831744
2026-08-03T03:55,1857.81005859375,1857.8900146484375,1854.739990234375,1854.739990234375,0
2026-08-03T04:00,1854.77001953125,1858.3800048828125,1854.56005859375,1857.72998046875,15257088
2026-08-03T04:05,1857.27001953125,1858.0400390625,1855.5,1855.5,13414912
2026-08-03T04:10,1854.9000244140625,1856.3399658203125,1853.6700439453125,1855.18994140625,7911936
2026-08-03T04:15,1855.5,1857.489990234375,1855.5,1857.4000244140625,1953792
2026-08-03T04:20,1857.3499755859375,1859.3599853515625,1857.2099609375,1858.75,0
2026-08-03T04:25,1858.5999755859375,1859.6500244140625,1858.31005859375,1859.199951171875,31752192
2026-08-03T04:30,1859.2900390625,1860.699951171875,1859.2900390625,1860.0,0
2026-08-03T04:35,1859.9000244140625,1860.300048828125,1858.3599853515625,1860.300048828125,7246848
2026-08-03T04:40,1859.9100341796875,1860.4599609375,1858.719970703125,1859.5999755859375,0
2026-08-03T04:45,1859.300048828125,1859.300048828125,1858.0,1858.1199951171875,10109952
2026-08-03T04:50,1858.010009765625,1858.010009765625,1854.280029296875,1854.800048828125,4386304
2026-08-03T04:55,1854.8800048828125,1854.8800048828125,1852.4100341796875,1852.5799560546875,0
2026-08-03T05:00,1852.719970703125,1855.0,1852.719970703125,1853.300048828125,0
2026-08-03T05:05,1853.3499755859375,1854.6500244140625,1851.3199462890625,1854.3399658203125,29959168
2026-08-03T05:10,1854.3399658203125,1856.52001953125,1854.1099853515625,1855.9000244140625,0
2026-08-03T05:15,1855.780029296875,1855.780029296875,1853.9000244140625,1855.4599609375,0
2026-08-03T05:20,1855.489990234375,1855.8699951171875,1854.2099609375,1855.47998046875,0
2026-08-03T05:25,1855.260009765625,1856.0400390625,1854.5999755859375,1854.6099853515625,0
2026-08-03T05:30,1854.4100341796875,1855.4599609375,1853.6600341796875,1853.6600341796875,0
2026-08-03T05:35,1853.510009765625,1855.199951171875,1853.2099609375,1854.8800048828125,2373632
2026-08-03T05:40,1854.9599609375,1857.0,1854.8599853515625,1855.3599853515625,0
2026-08-03T05:45,1855.18994140625,1858.280029296875,1855.02001953125,1858.06005859375,2746368
2026-08-03T05:50,1857.9599609375,1858.489990234375,1857.010009765625,1857.1400146484375,0
2026-08-03T05:55,1857.5999755859375,1857.7900390625,1856.6400146484375,1857.530029296875,6970368
2026-08-03T06:00,1857.56005859375,1858.4000244140625,1857.1500244140625,1857.75,30787072
2026-08-03T06:05,1857.6099853515625,1858.5699462890625,1857.3199462890625,1857.5999755859375,0
2026-08-03T06:10,1857.7900390625,1857.7900390625,1856.43994140625,1857.0699462890625,0
2026-08-03T06:15,1856.9300537109375,1857.8900146484375,1856.0899658203125,1856.47998046875,0
2026-08-03T06:20,1855.800048828125,1856.6800537109375,1854.760009765625,1856.0799560546875,0
2026-08-03T06:25,1855.9599609375,1855.9599609375,1854.5699462890625,1854.7900390625,0
2026-08-03T06:30,1854.5699462890625,1855.800048828125,1854.4599609375,1854.5699462890625,4756480
2026-08-03T06:35,1854.5799560546875,1854.5799560546875,1850.699951171875,1851.0799560546875,3681280
2026-08-03T06:40,1850.8299560546875,1851.8499755859375,1845.780029296875,1845.780029296875,26987008
2026-08-03T06:45,1844.989990234375,1848.760009765625,1844.699951171875,1848.3499755859375,13388288
2026-08-03T06:50,1847.8399658203125,1849.949951171875,1847.8399658203125,1848.5400390625,0
2026-08-03T06:55,1848.47998046875,1848.47998046875,1846.260009765625,1846.72998046875,162471936
2026-08-03T07:00,1847.0799560546875,1847.68994140625,1843.1800537109375,1845.4300537109375,0
2026-08-03T07:05,1844.9000244140625,1845.97998046875,1843.300048828125,1843.300048828125,61188608
2026-08-03T07:10,1843.2099609375,1845.27001953125,1842.3499755859375,1842.3499755859375,19458560
2026-08-03T07:15,1841.510009765625,1841.510009765625,1838.31005859375,1840.5899658203125,14791168
2026-08-03T07:20,1840.3199462890625,1842.9000244140625,1839.780029296875,1842.5799560546875,30283264
2026-08-03T07:25,1842.5799560546875,1843.47998046875,1841.68994140625,1842.760009765625,34968576
2026-08-03T07:30,1842.0999755859375,1845.1099853515625,1842.0999755859375,1845.1099853515625,29364736
2026-08-03T07:35,1844.699951171875,1844.9000244140625,1841.1099853515625,1842.1099853515625,19092480
2026-08-03T07:40,1842.68994140625,1843.260009765625,1840.800048828125,1841.18994140625,0
2026-08-03T07:45,1841.010009765625,1842.8399658203125,1841.010009765625,1841.9100341796875,74705920
2026-08-03T07:50,1841.5999755859375,1843.239990234375,1841.31005859375,1843.010009765625,12723200
2026-08-03T07:55,1843.31005859375,1843.6099853515625,1840.300048828125,1841.56005859375,29447680
2026-08-03T08:00,1841.2099609375,1843.0999755859375,1839.81005859375,1840.760009765625,35032064
2026-08-03T08:05,1841.0999755859375,1841.6600341796875,1838.739990234375,1839.489990234375,0
2026-08-03T08:10,1839.5899658203125,1841.0899658203125,1838.699951171875,1841.0899658203125,0
2026-08-03T08:15,1841.0799560546875,1841.0799560546875,1835.449951171875,1835.449951171875,33806336
2026-08-03T08:20,1835.5699462890625,1835.989990234375,1829.300048828125,1832.7900390625,17086976
2026-08-03T08:25,1832.5,1832.5,1829.6500244140625,1829.989990234375,89323520
2026-08-03T08:30,1829.4000244140625,1830.5999755859375,1827.0,1829.5400390625,0
2026-08-03T08:35,1829.800048828125,1833.1600341796875,1829.1500244140625,1831.02001953125,122953728
2026-08-03T08:40,1831.31005859375,1834.469970703125,1831.31005859375,1834.469970703125,0
2026-08-03T08:45,1834.280029296875,1835.199951171875,1833.8900146484375,1834.8199462890625,25546752
2026-08-03T08:50,1834.800048828125,1837.18994140625,1834.56005859375,1837.1099853515625,1805824
2026-08-03T08:55,1837.1199951171875,1838.18994140625,1837.1099853515625,1837.81005859375,22372864
2026-08-03T09:00,1838.0,1838.18994140625,1836.800048828125,1837.8900146484375,0
2026-08-03T09:05,1837.5899658203125,1838.699951171875,1837.469970703125,1837.949951171875,47740416
2026-08-03T09:10,1837.8900146484375,1838.699951171875,1837.449951171875,1837.449951171875,0
2026-08-03T09:15,1837.4100341796875,1839.6199951171875,1837.4100341796875,1838.9100341796875,49597440
2026-08-03T09:20,1838.9100341796875,1840.9000244140625,1838.9100341796875,1839.6300048828125,39212544
2026-08-03T09:25,1839.31005859375,1840.489990234375,1839.010009765625,1840.489990234375,3505152
2026-08-03T09:30,1840.2900390625,1842.6800537109375,1839.93994140625,1841.0999755859375,0
2026-08-03T09:35,1841.3900146484375,1841.4599609375,1840.300048828125,1841.4000244140625,49460736
2026-08-03T09:40,1841.699951171875,1843.0999755859375,1841.5,1842.9000244140625,25835520
2026-08-03T09:45,1842.9200439453125,1844.9000244140625,1842.9200439453125,1844.3599853515625,0
2026-08-03T09:50,1844.699951171875,1846.199951171875,1844.699951171875,1846.199951171875,6500352
2026-08-03T09:55,1846.5899658203125,1851.3800048828125,1846.56005859375,1850.1099853515625,0
2026-08-03T10:00,1850.2099609375,1852.1300048828125,1848.3399658203125,1849.469970703125,15843328
2026-08-03T10:05,1849.0999755859375,1849.219970703125,1847.969970703125,1848.699951171875,42703360
2026-08-03T10:10,1848.47998046875,1849.449951171875,1848.1199951171875,1848.510009765625,22769664
2026-08-03T10:15,1848.510009765625,1849.449951171875,1847.4000244140625,1848.5,11796480
2026-08-03T10:20,1848.68994140625,1849.7900390625,1847.9599609375,1848.0,23957504
2026-08-03T10:25,1847.9599609375,1848.18994140625,1846.1099853515625,1846.300048828125,2020864
2026-08-03T10:30,1846.199951171875,1846.199951171875,1844.1199951171875,1844.800048828125,0
2026-08-03T10:35,1844.9000244140625,1845.4000244140625,1844.18994140625,1844.56005859375,0
2026-08-03T10:40,1844.5,1845.510009765625,1844.47998046875,1844.6600341796875,92167168
2026-08-03T10:45,1844.6600341796875,1844.9000244140625,1841.9000244140625,1841.9000244140625,1530880
2026-08-03T10:50,1841.52001953125,1842.800048828125,1839.4200439453125,1842.469970703125,35665920
2026-08-03T10:55,1842.449951171875,1844.4000244140625,1842.219970703125,1843.6700439453125,0
2026-08-03T11:00,1844.0999755859375,1844.3900146484375,1841.02001953125,1841.4100341796875,0
2026-08-03T11:05,1841.300048828125,1841.3900146484375,1837.5400390625,1837.9000244140625,15647744
2026-08-03T11:10,1838.199951171875,1839.699951171875,1837.8199462890625,1839.6199951171875,16433664
2026-08-03T11:15,1839.6199951171875,1843.68994140625,1839.300048828125,1843.06005859375,45559808
2026-08-03T11:20,1842.9200439453125,1845.3900146484375,1842.9200439453125,1844.280029296875,19569152
2026-08-03T11:25,1844.0799560546875,1844.0799560546875,1841.52001953125,1841.550048828125,9876992
2026-08-03T11:30,1841.280029296875,1844.489990234375,1841.280029296875,1844.010009765625,0
2026-08-03T11:35,1844.3299560546875,1844.8900146484375,1843.02001953125,1843.1099853515625,0
2026-08-03T11:40,1843.1099853515625,1843.1099853515625,1840.8399658203125,1841.6800537109375,6310912
2026-08-03T11:45,1841.699951171875,1841.8800048828125,1839.9000244140625,1840.4200439453125,0
2026-08-03T11:50,1840.3900146484375,1840.4599609375,1839.1199951171875,1839.4300537109375,0
2026-08-03T11:55,1839.3599853515625,1839.6500244140625,1836.0400390625,1837.4000244140625,0
2026-08-03T12:00,1837.1199951171875,1838.3499755859375,1835.3399658203125,1836.239990234375,0
2026-08-03T12:05,1836.4000244140625,1836.68994140625,1834.280029296875,1836.530029296875,0
2026-08-03T12:10,1836.010009765625,1838.6099853515625,1835.9100341796875,1838.47998046875,54654464
2026-08-03T12:15,1838.4599609375,1841.199951171875,1837.8900146484375,1840.1400146484375,0
2026-08-03T12:20,1840.5,1840.739990234375,1839.6099853515625,1840.489990234375,0
2026-08-03T12:25,1840.52001953125,1840.7900390625,1839.7099609375,1839.989990234375,106716160
2026-08-03T12:30,1840.0,1841.2900390625,1839.43994140625,1839.68994140625,0
2026-08-03T12:35,1839.6199951171875,1840.4000244140625,1839.010009765625,1839.5899658203125,34677760
2026-08-03T12:40,1840.0,1842.1800537109375,1839.9100341796875,1842.1800537109375,0
2026-08-03T12:45,1842.6400146484375,1843.0,1840.510009765625,1840.7099609375,0
2026-08-03T12:50,1840.7099609375,1841.81005859375,1839.8800048828125,1841.5999755859375,38924800
2026-08-03T12:55,1841.06005859375,1842.300048828125,1840.6300048828125,1841.22998046875,29586432
2026-08-03T13:00,1841.3299560546875,1842.699951171875,1840.6199951171875,1840.9599609375,2297344
2026-08-03T13:05,1840.6099853515625,1841.97998046875,1840.6099853515625,1841.5999755859375,5711360
2026-08-03T13:10,1841.5899658203125,1842.1800537109375,1841.010009765625,1842.1800537109375,25502208
2026-08-03T13:15,1842.1800537109375,1848.1800537109375,1842.1300048828125,1848.1800537109375,0
2026-08-03T13:20,1849.030029296875,1850.5699462890625,1846.81005859375,1847.0,0
2026-08-03T13:25,1846.9000244140625,1846.9000244140625,1840.1400146484375,1841.8800048828125,27869696
2026-08-03T13:30,1840.5999755859375,1842.989990234375,1836.18994140625,1841.2099609375,19661312
2026-08-03T13:35,1841.5,1848.9000244140625,1841.5,1846.219970703125,59259392
2026-08-03T13:40,1847.5999755859375,1848.199951171875,1845.300048828125,1847.0899658203125,50656256
2026-08-03T13:45,1847.22998046875,1848.5999755859375,1842.3299560546875,1846.800048828125,93782528
2026-08-03T13:50,1846.010009765625,1854.6199951171875,1845.8499755859375,1852.8800048828125,41037824
2026-08-03T13:55,1854.3299560546875,1857.800048828125,1852.8199462890625,1856.9200439453125,0
2026-08-03T14:00,1856.719970703125,1857.77001953125,1850.3699951171875,1853.199951171875,141081600
2026-08-03T14:05,1853.010009765625,1853.9000244140625,1850.510009765625,1852.25,99053056
2026-08-03T14:10,1853.0,1857.68994140625,1851.93994140625,1852.699951171875,47461376
2026-08-03T14:15,1853.199951171875,1857.8900146484375,1851.510009765625,1853.81005859375,53985280
2026-08-03T14:20,1853.699951171875,1855.010009765625,1849.199951171875,1854.0400390625,12431872
2026-08-03T14:25,1855.5,1865.949951171875,1855.5,1865.199951171875,0
2026-08-03T14:30,1865.5400390625,1867.31005859375,1861.72998046875,1863.1800537109375,116261376
2026-08-03T14:35,1863.0999755859375,1865.199951171875,1860.0999755859375,1864.9000244140625,87923712
2026-08-03T14:40,1864.6800537109375,1867.4000244140625,1861.9599609375,1863.699951171875,109439488
2026-08-03T14:45,1863.9599609375,1863.9599609375,1860.300048828125,1862.72998046875,86067200
2026-08-03T14:50,1863.300048828125,1867.199951171875,1863.22998046875,1867.0400390625,20319744
2026-08-03T14:55,1867.949951171875,1871.8699951171875,1867.949951171875,1871.800048828125,20222464
2026-08-03T15:00,1871.9300537109375,1871.9300537109375,1864.8699951171875,1865.9000244140625,0
2026-08-03T15:05,1865.5,1866.3599853515625,1862.969970703125,1864.4000244140625,213785088
2026-08-03T15:10,1864.4000244140625,1865.949951171875,1861.010009765625,1863.1300048828125,112574464
2026-08-03T15:15,1863.4000244140625,1864.9000244140625,1861.0999755859375,1864.9000244140625,16836096
2026-08-03T15:20,1865.6199951171875,1866.0999755859375,1862.9300537109375,1864.800048828125,0
2026-08-03T15:25,1864.81005859375,1864.81005859375,1860.0400390625,1861.1600341796875,207549952
2026-08-03T15:30,1861.02001953125,1864.300048828125,1860.199951171875,1860.199951171875,0
2026-08-03T15:35,1860.4100341796875,1864.199951171875,1860.4100341796875,1864.030029296875,94497280
2026-08-03T15:40,1864.199951171875,1864.719970703125,1859.6600341796875,1861.68994140625,10587136
2026-08-03T15:45,1862.030029296875,1864.0,1861.699951171875,1861.699951171875,0
2026-08-03T15:50,1861.6700439453125,1863.6199951171875,1861.6700439453125,1862.56005859375,235263488
2026-08-03T15:55,1862.3599853515625,1862.3599853515625,1858.4300537109375,1861.260009765625,10569728
2026-08-03T16:00,1861.9000244140625,1867.0,1860.2099609375,1863.9000244140625,0
2026-08-03T16:05,1863.56005859375,1865.25,1859.8299560546875,1861.3800048828125,0
2026-08-03T16:10,1861.489990234375,1863.3900146484375,1860.7099609375,1863.3800048828125,0
2026-08-03T16:15,1863.5,1867.1600341796875,1863.2099609375,1866.2099609375,55159808
2026-08-03T16:20,1866.27001953125,1870.02001953125,1865.6099853515625,1869.010009765625,200487424
2026-08-03T16:25,1869.989990234375,1870.489990234375,1866.8199462890625,1868.4100341796875,13381632
2026-08-03T16:30,1868.1099853515625,1868.1099853515625,1864.8499755859375,1867.2099609375,41117184
2026-08-03T16:35,1866.9000244140625,1866.9000244140625,1864.0,1864.219970703125,0
2026-08-03T16:40,1864.699951171875,1864.8599853515625,1861.3699951171875,1863.6199951171875,43357696
2026-08-03T16:45,1863.9100341796875,1867.9300537109375,1863.9100341796875,1867.3800048828125,51208704
2026-08-03T16:50,1867.280029296875,1867.280029296875,1864.0,1864.18994140625,0
2026-08-03T16:55,1864.1800537109375,1864.699951171875,1863.3399658203125,1864.3199462890625,87171584
2026-08-03T17:00,1864.2900390625,1864.72998046875,1861.6800537109375,1864.72998046875,0
2026-08-03T17:05,1864.719970703125,1866.7900390625,1864.719970703125,1865.75,0
2026-08-03T17:10,1865.739990234375,1868.56005859375,1865.52001953125,1867.81005859375,8322048
2026-08-03T17:15,1867.6199951171875,1869.1400146484375,1867.2099609375,1867.2099609375,3196416
2026-08-03T17:20,1867.2099609375,1872.6700439453125,1866.27001953125,1871.4000244140625,13605888
2026-08-03T17:25,1871.3800048828125,1871.3800048828125,1865.6199951171875,1866.199951171875,79490560
2026-08-03T17:30,1866.449951171875,1867.8399658203125,1865.3800048828125,1867.8399658203125,0
2026-08-03T17:35,1867.3599853515625,1870.0,1866.0400390625,1866.0999755859375,22460928
2026-08-03T17:40,1866.06005859375,1868.9599609375,1865.9599609375,1868.3499755859375,8544768
2026-08-03T17:45,1868.3499755859375,1869.7900390625,1867.699951171875,1868.75,16863744
2026-08-03T17:50,1868.1400146484375,1868.4300537109375,1865.97998046875,1865.989990234375,12814336
2026-08-03T17:55,1866.02001953125,1867.4599609375,1865.8599853515625,1867.1300048828125,0
2026-08-03T18:00,1867.1300048828125,1868.8900146484375,1866.8199462890625,1868.5799560546875,3077120
2026-08-03T18:05,1868.5899658203125,1869.22998046875,1867.719970703125,1869.06005859375,0
2026-08-03T18:10,1869.219970703125,1871.8199462890625,1867.800048828125,1871.06005859375,68166656
2026-08-03T18:15,1871.0400390625,1872.2900390625,1869.199951171875,1869.280029296875,31405056
2026-08-03T18:20,1869.3399658203125,1871.18994140625,1868.8800048828125,1869.3399658203125,7118848
2026-08-03T18:25,1869.199951171875,1869.989990234375,1866.0400390625,1867.4599609375,18565632
2026-08-03T18:30,1867.31005859375,1869.3800048828125,1867.030029296875,1868.0400390625,0
2026-08-03T18:35,1868.1400146484375,1868.77001953125,1866.93994140625,1867.550048828125,41126912
2026-08-03T18:40,1868.199951171875,1868.199951171875,1865.5899658203125,1867.219970703125,0
2026-08-03T18:45,1867.219970703125,1867.43994140625,1864.800048828125,1867.3599853515625,0
2026-08-03T18:50,1867.4300537109375,1868.510009765625,1866.27001953125,1868.489990234375,0
2026-08-03T18:55,1868.5899658203125,1868.9599609375,1866.97998046875,1867.0,0
2026-08-03T19:00,1867.550048828125,1869.18994140625,1866.9300537109375,1868.469970703125,0
2026-08-03T19:05,1869.1300048828125,1869.25,1866.5899658203125,1868.949951171875,14073856
2026-08-03T19:10,1868.9599609375,1870.199951171875,1868.1300048828125,1869.3399658203125,0
2026-08-03T19:15,1869.489990234375,1870.3399658203125,1868.8399658203125,1868.8800048828125,170658816
2026-08-03T19:20,1868.8699951171875,1871.3800048828125,1868.469970703125,1870.050048828125,12951040
2026-08-03T19:25,1870.27001953125,1872.699951171875,1869.3599853515625,1870.8699951171875,10347520
2026-08-03T19:30,1871.050048828125,1874.3599853515625,1871.050048828125,1874.219970703125,20255232
2026-08-03T19:35,1874.4000244140625,1874.4000244140625,1868.8599853515625,1868.8599853515625,25278464
2026-08-03T19:40,1868.6500244140625,1870.47998046875,1868.0899658203125,1870.1099853515625,0
2026-08-03T19:45,1870.6600341796875,1870.8699951171875,1869.3599853515625,1870.489990234375,13625856
2026-08-03T19:50,1870.3699951171875,1871.6800537109375,1870.3299560546875,1870.4300537109375,66542080
2026-08-03T19:55,1870.22998046875,1870.22998046875,1868.4599609375,1868.5699462890625,15749120
2026-08-03T20:00,1868.4599609375,1869.449951171875,1866.93994140625,1868.93994140625,6112256
2026-08-03T20:05,1869.6099853515625,1870.530029296875,1868.9100341796875,1870.3599853515625,0
2026-08-03T20:10,1870.8499755859375,1871.27001953125,1869.949951171875,1869.949951171875,0
2026-08-03T20:15,1869.949951171875,1873.1300048828125,1869.949951171875,1873.1300048828125,93254656
2026-08-03T20:20,1873.239990234375,1874.510009765625,1871.3199462890625,1871.47998046875,0
2026-08-03T20:25,1871.47998046875,1871.5799560546875,1870.239990234375,1870.7900390625,176250880
2026-08-03T20:30,1870.800048828125,1871.47998046875,1870.6199951171875,1870.8800048828125,0
2026-08-03T20:35,1871.4200439453125,1871.5400390625,1870.6199951171875,1870.7099609375,54189568
2026-08-03T20:40,1870.699951171875,1870.8800048828125,1869.8199462890625,1870.8699951171875,333824
2026-08-03T20:45,1870.8900146484375,1870.97998046875,1865.97998046875,1866.199951171875,22559232
2026-08-03T20:50,1866.239990234375,1866.93994140625,1865.2099609375,1866.22998046875,0
2026-08-03T20:55,1866.489990234375,1867.5400390625,1866.489990234375,1867.52001953125,123032064
2026-08-03T21:00,1867.5400390625,1867.68994140625,1865.06005859375,1865.260009765625,0
2026-08-03T21:05,1865.260009765625,1866.449951171875,1865.050048828125,1865.1600341796875,0
2026-08-03T21:10,1865.1700439453125,1865.8199462890625,1864.1300048828125,1864.93994140625,0
2026-08-03T21:15,1864.9300537109375,1865.4599609375,1863.2900390625,1863.5999755859375,67643904
2026-08-03T21:20,1863.5999755859375,1864.7099609375,1863.2900390625,1863.719970703125,3003904
2026-08-03T21:25,1863.6500244140625,1865.1400146484375,1863.56005859375,1865.030029296875,0
2026-08-03T21:30,1865.02001953125,1866.22998046875,1865.02001953125,1865.469970703125,11902464
2026-08-03T21:35,1865.5,1867.43994140625,1865.3399658203125,1867.239990234375,0
2026-08-03T21:40,1867.6400146484375,1867.6400146484375,1866.260009765625,1866.6600341796875,0
2026-08-03T21:45,1866.6600341796875,1866.8199462890625,1865.7900390625,1865.8699951171875,0
2026-08-03T21:50,1866.02001953125,1866.1800537109375,1862.780029296875,1862.989990234375,0
2026-08-03T21:55,1862.8499755859375,1862.9599609375,1861.9300537109375,1861.93994140625,0
2026-08-03T22:00,1862.1099853515625,1862.9300537109375,1857.1400146484375,1857.800048828125,0
2026-08-03T22:05,1857.469970703125,1857.469970703125,1851.3599853515625,1855.280029296875,58271744
2026-08-03T22:10,1855.300048828125,1857.6700439453125,1854.6199951171875,1857.56005859375,21132288
2026-08-03T22:15,1858.1199951171875,1864.2900390625,1858.1199951171875,1861.760009765625,10864640
2026-08-03T22:20,1862.0899658203125,1862.0899658203125,1858.3399658203125,1859.02001953125,0
2026-08-03T22:25,1859.219970703125,1859.449951171875,1857.0,1858.010009765625,60599296
2026-08-03T22:30,1857.47998046875,1857.6700439453125,1855.699951171875,1856.800048828125,0
2026-08-03T22:35,1856.47998046875,1856.6600341796875,1854.43994140625,1854.6800537109375,157095424
2026-08-03T22:40,1854.7099609375,1856.1400146484375,1854.5,1855.3800048828125,49592832
2026-08-03T22:45,1855.5799560546875,1857.8199462890625,1855.1800537109375,1857.25,0
2026-08-03T22:50,1857.5799560546875,1859.3499755859375,1857.030029296875,1859.1199951171875,0
2026-08-03T22:55,1859.1099853515625,1859.1199951171875,1858.27001953125,1858.6600341796875,0
2026-08-03T23:00,1858.6800537109375,1858.6800537109375,1855.7099609375,1857.5699462890625,65957376
2026-08-03T23:05,1857.43994140625,1857.43994140625,1855.1300048828125,1856.469970703125,0
2026-08-03T23:10,1856.4100341796875,1856.4100341796875,1854.4000244140625,1854.8699951171875,0
2026-08-03T23:15,1855.31005859375,1858.0699462890625,1855.31005859375,1856.0,14422016
2026-08-03T23:20,1856.219970703125,1857.4100341796875,1855.3800048828125,1856.969970703125,0
2026-08-03T23:25,1857.0400390625,1857.949951171875,1856.1600341796875,1857.949951171875,0
2026-08-03T23:30,1857.97998046875,1858.3199462890625,1856.699951171875,1857.199951171875,0
2026-08-03T23:35,1856.8199462890625,1856.97998046875,1855.4100341796875,1855.9200439453125,21346816
2026-08-03T23:40,1855.75,1857.22998046875,1855.47998046875,1857.0899658203125,0
2026-08-03T23:45,1856.0400390625,1858.0999755859375,1855.989990234375,1856.6199951171875,2874368
2026-08-03T23:50,1856.6199951171875,1857.8299560546875,1856.3599853515625,1857.800048828125,73962496
2026-08-03T23:55,1857.8299560546875,1858.8299560546875,1857.6099853515625,1858.6700439453125,18995200
2026-08-04T00:00,1858.9599609375,1860.06005859375,1856.4100341796875,1859.97998046875,0
2026-08-04T00:05,1859.5400390625,1860.949951171875,1857.800048828125,1860.3800048828125,0
2026-08-04T00:10,1860.6500244140625,1861.4300537109375,1857.4300537109375,1858.1800537109375,16848384
2026-08-04T00:15,1857.9100341796875,1858.1600341796875,1854.6300048828125,1856.0,0
2026-08-04T00:20,1856.0,1857.719970703125,1855.02001953125,1856.4300537109375,21039616
2026-08-04T00:25,1855.1800537109375,1856.6199951171875,1853.9100341796875,1855.3299560546875,0
2026-08-04T00:30,1854.9200439453125,1855.030029296875,1851.43994140625,1851.43994140625,67457024
2026-08-04T00:35,1850.6800537109375,1851.6400146484375,1847.5999755859375,1848.7900390625,0
2026-08-04T00:40,1848.8599853515625,1850.81005859375,1847.06005859375,1850.5400390625,144434688
2026-08-04T00:45,1851.1099853515625,1852.5999755859375,1848.22998046875,1852.5400390625,15468032
2026-08-04T00:50,1852.6500244140625,1854.5899658203125,1850.1800537109375,1850.8800048828125,6587392
2026-08-04T00:55,1850.9100341796875,1851.06005859375,1847.9000244140625,1848.93994140625,0
2026-08-04T01:00,1849.2900390625,1852.1700439453125,1847.6400146484375,1848.219970703125,0
2026-08-04T01:05,1848.550048828125,1852.3599853515625,1848.550048828125,1851.0999755859375,89419264
2026-08-04T01:10,1851.02001953125,1851.8499755859375,1850.2099609375,1851.030029296875,0
2026-08-04T01:15,1851.1199951171875,1853.0799560546875,1849.9200439453125,1852.9599609375,0
2026-08-04T01:20,1852.8199462890625,1855.5899658203125,1852.800048828125,1853.68994140625,0
2026-08-04T01:25,1853.0,1853.8900146484375,1851.6400146484375,1853.8900146484375,31478272
2026-08-04T01:30,1853.8900146484375,1861.530029296875,1853.800048828125,1860.8800048828125,0
2026-08-04T01:35,1861.199951171875,1862.3499755859375,1858.9100341796875,1859.9100341796875,47455744
2026-08-04T01:40,1860.7099609375,1867.68994140625,1860.7099609375,1863.5899658203125,8844288
2026-08-04T01:45,1864.0799560546875,1865.3199462890625,1861.739990234375,1863.239990234375,22066176
2026-08-04T01:50,1863.2099609375,1867.1199951171875,1861.5999755859375,1866.1500244140625,24298496
2026-08-04T01:55,1866.280029296875,1867.02001953125,1864.9599609375,1865.5999755859375,29914112
2026-08-04T02:00,1866.8499755859375,1866.8800048828125,1864.3199462890625,1864.6500244140625,44596736
2026-08-04T02:05,1864.1099853515625,1864.719970703125,1862.7900390625,1864.719970703125,0
2026-08-04T02:10,1864.77001953125,1864.949951171875,1862.6800537109375,1863.47998046875,0
2026-08-04T02:15,1863.4599609375,1864.3900146484375,1861.6400146484375,1862.9599609375,72572416
2026-08-04T02:20,1862.97998046875,1863.1700439453125,1860.739990234375,1861.8699951171875,22330880
2026-08-04T02:25,1861.68994140625,1862.510009765625,1860.739990234375,1860.739990234375,0
2026-08-04T02:30,1860.219970703125,1864.1700439453125,1860.219970703125,1864.1700439453125,68451840
2026-08-04T02:35,1864.719970703125,1869.9000244140625,1863.8699951171875,1865.72998046875,0
2026-08-04T02:40,1865.699951171875,1867.3900146484375,1865.300048828125,1866.760009765625,39350784
2026-08-04T02:45,1866.8599853515625,1867.9100341796875,1865.4000244140625,1865.8699951171875,0
2026-08-04T02:50,1865.5999755859375,1865.72998046875,1863.8499755859375,1864.0999755859375,101066240
2026-08-04T02:55,1864.1700439453125,1864.9200439453125,1863.4200439453125,1864.3399658203125,2581504
2026-08-04T03:00,1864.31005859375,1865.02001953125,1862.6600341796875,1863.5699462890625,0
2026-08-04T03:05,1864.1700439453125,1864.6099853515625,1862.43994140625,1863.280029296875,0
2026-08-04T03:10,1863.4100341796875,1863.449951171875,1858.1400146484375,1858.1400146484375,8509440
2026-08-04T03:15,1858.1400146484375,1859.5899658203125,1856.68994140625,1857.47998046875,0
2026-08-04T03:20,1857.3800048828125,1859.030029296875,1857.3800048828125,1857.47998046875,15021568
2026-08-04T03:25,1857.9200439453125,1860.550048828125,1857.5899658203125,1860.31005859375,15504896
2026-08-04T03:30,1860.4000244140625,1864.8299560546875,1860.4000244140625,1862.6199951171875,91288576
2026-08-04T03:35,1862.199951171875,1864.18994140625,1862.0999755859375,1864.18994140625,0
2026-08-04T03:40,1864.1800537109375,1864.47998046875,1862.9599609375,1863.280029296875,10187776
2026-08-04T03:45,1863.280029296875,1864.3900146484375,1862.5400390625,1863.8800048828125,0
2026-08-04T03:50,1863.8800048828125,1865.030029296875,1863.18994140625,1863.199951171875,0
2026-08-04T03:55,1863.1500244140625,1863.72998046875,1862.4599609375,1862.4599609375,0
2026-08-04T04:00,1862.5999755859375,1863.06005859375,1861.780029296875,1862.219970703125,0
2026-08-04T04:05,1862.2099609375,1862.2099609375,1860.3399658203125,1862.1500244140625,821760
2026-08-04T04:10,1862.6300048828125,1862.6300048828125,1861.0,1861.449951171875,0
2026-08-04T04:15,1861.43994140625,1865.3800048828125,1861.260009765625,1864.8900146484375,0
2026-08-04T04:20,1864.8299560546875,1865.8699951171875,1864.739990234375,1865.1199951171875,0
2026-08-04T04:25,1865.050048828125,1865.8800048828125,1864.300048828125,1864.3399658203125,2503168
2026-08-04T04:30,1864.699951171875,1866.68994140625,1864.699951171875,1866.6600341796875,7614976
2026-08-04T04:35,1866.3699951171875,1869.56005859375,1865.6199951171875,1869.56005859375,0
2026-08-04T04:40,1869.260009765625,1869.56005859375,1868.449951171875,1869.56005859375,33720320
2026-08-04T04:45,1869.4300537109375,1872.6800537109375,1868.97998046875,1870.1199951171875,74383872
2026-08-04T04:50,1870.949951171875,1870.969970703125,1868.68994140625,1869.1500244140625,0
2026-08-04T04:55,1869.22998046875,1869.8299560546875,1866.18994140625,1866.18994140625,28784640
2026-08-04T05:00,1866.4599609375,1868.3399658203125,1864.760009765625,1866.0699462890625,0
2026-08-04T05:05,1865.9599609375,1866.3399658203125,1863.9599609375,1864.6199951171875,53018112
2026-08-04T05:10,1864.1600341796875,1864.6700439453125,1862.9000244140625,1863.1800537109375,0
2026-08-04T05:15,1863.0,1864.050048828125,1863.0,1863.8599853515625,0
2026-08-04T05:20,1863.8800048828125,1865.050048828125,1863.75,1864.489990234375,0
2026-08-04T05:25,1864.25,1864.25,1863.030029296875,1863.280029296875,916992
2026-08-04T05:30,1863.4599609375,1864.050048828125,1862.6400146484375,1863.3699951171875,44087808
2026-08-04T05:35,1863.1800537109375,1864.1700439453125,1863.0799560546875,1863.56005859375,24371712
2026-08-04T05:40,1863.4000244140625,1864.3699951171875,1863.25,1863.9200439453125,0
2026-08-04T05:45,1864.010009765625,1864.010009765625,1862.760009765625,1863.1400146484375,67374080
2026-08-04T05:50,1863.1099853515625,1863.1199951171875,1862.3499755859375,1862.719970703125,0
2026-08-04T05:55,1862.6700439453125,1863.0999755859375,1862.3299560546875,1862.6600341796875,0
2026-08-04T06:00,1862.6400146484375,1863.1099853515625,1861.239990234375,1862.7900390625,0
2026-08-04T06:05,1862.6700439453125,1863.4000244140625,1862.0899658203125,1863.1199951171875,10349056
2026-08-04T06:10,1863.1300048828125,1863.5999755859375,1861.52001953125,1862.1800537109375,0
2026-08-04T06:15,1861.93994140625,1867.050048828125,1861.5699462890625,1866.239990234375,13702144
2026-08-04T06:20,1865.5999755859375,1865.68994140625,1863.469970703125,1863.469970703125,203850240
2026-08-04T06:25,1863.4000244140625,1863.43994140625,1860.52001953125,1860.969970703125,33846784
2026-08-04T06:30,1860.4000244140625,1861.780029296875,1860.3299560546875,1861.75,0
2026-08-04T06:35,1861.8699951171875,1861.8699951171875,1855.9200439453125,1855.9200439453125,0
2026-08-04T06:40,1855.97998046875,1856.5899658203125,1854.1199951171875,1854.77001953125,81699328
2026-08-04T06:45,1854.5999755859375,1854.9000244140625,1853.8599853515625,1854.0799560546875,0
2026-08-04T06:50,1853.4000244140625,1854.5799560546875,1853.2099609375,1854.43994140625,0
2026-08-04T06:55,1854.449951171875,1855.22998046875,1854.0999755859375,1855.22998046875,22392832
2026-08-04T07:00,1855.219970703125,1857.0,1854.199951171875,1857.0,0
2026-08-04T07:05,1856.5400390625,1857.1300048828125,1854.719970703125,1854.800048828125,0
2026-08-04T07:10,1854.8900146484375,1854.949951171875,1853.1099853515625,1853.5999755859375,0
2026-08-04T07:15,1853.5899658203125,1854.4100341796875,1852.2900390625,1852.300048828125,0
2026-08-04T07:20,1852.18994140625,1853.3199462890625,1851.43994140625,1853.3199462890625,0
2026-08-04T07:25,1853.6600341796875,1855.989990234375,1853.5699462890625,1855.989990234375,83317248
2026-08-04T07:30,1856.1400146484375,1861.989990234375,1856.1400146484375,1859.780029296875,0
2026-08-04T07:35,1860.0799560546875,1860.2099609375,1857.4300537109375,1857.6300048828125,23847424
2026-08-04T07:40,1857.6300048828125,1858.3699951171875,1857.56005859375,1857.739990234375,56401408
2026-08-04T07:45,1858.8599853515625,1862.5699462890625,1858.8599853515625,1862.030029296875,3586048
2026-08-04T07:50,1862.0,1862.52001953125,1861.18994140625,1861.3199462890625,0
2026-08-04T07:55,1861.3199462890625,1862.72998046875,1861.3199462890625,1862.010009765625,61157888
2026-08-04T08:00,1862.010009765625,1863.800048828125,1861.9000244140625,1862.31005859375,0
2026-08-04T08:05,1862.31005859375,1863.5999755859375,1860.4300537109375,1861.1400146484375,29696
2026-08-04T08:10,1861.1800537109375,1861.1800537109375,1859.800048828125,1860.8499755859375,0
2026-08-04T08:15,1860.8199462890625,1860.8199462890625,1858.1199951171875,1858.199951171875,0
2026-08-04T08:20,1858.219970703125,1858.68994140625,1857.8599853515625,1858.4200439453125,0
2026-08-04T08:25,1858.7099609375,1860.22998046875,1858.1600341796875,1858.449951171875,0
2026-08-04T08:30,1858.5400390625,1858.5400390625,1855.0400390625,1855.4599609375,22175232
2026-08-04T08:35,1855.4599609375,1857.010009765625,1855.3800048828125,1857.010009765625,0
2026-08-04T08:40,1856.9000244140625,1858.4599609375,1855.81005859375,1858.4599609375,42368512
2026-08-04T08:45,1858.43994140625,1858.43994140625,1855.699951171875,1856.719970703125,0
2026-08-04T08:50,1856.8699951171875,1857.1300048828125,1855.7900390625,1856.25,0
2026-08-04T08:55,1856.22998046875,1856.5,1855.6300048828125,1855.760009765625,0
2026-08-04T09:00,1855.530029296875,1856.2900390625,1854.9100341796875,1856.2900390625,0
2026-08-04T09:05,1856.0400390625,1856.0400390625,1854.030029296875,1854.06005859375,64582656
2026-08-04T09:10,1854.010009765625,1855.0799560546875,1853.050048828125,1854.1800537109375,12542464
2026-08-04T09:15,1854.280029296875,1854.47998046875,1851.530029296875,1851.8199462890625,8711680
2026-08-04T09:20,1851.6400146484375,1854.52001953125,1851.449951171875,1854.1300048828125,0
2026-08-04T09:25,1854.0999755859375,1854.68994140625,1854.0,1854.550048828125,0
2026-08-04T09:30,1854.1099853515625,1855.1099853515625,1852.8299560546875,1853.8499755859375,2670080
2026-08-04T09:35,1854.010009765625,1854.77001953125,1851.699951171875,1852.719970703125,62307328
2026-08-04T09:40,1852.8599853515625,1854.3399658203125,1852.8599853515625,1854.2099609375,0
2026-08-04T09:45,1854.2099609375,1854.8699951171875,1852.780029296875,1854.760009765625,0
2026-08-04T09:50,1854.780029296875,1856.199951171875,1854.68994140625,1856.0699462890625,0
2026-08-04T09:55,1856.5,1856.6800537109375,1855.510009765625,1856.6700439453125,0
2026-08-04T10:00,1856.4000244140625,1856.81005859375,1854.25,1854.300048828125,0
2026-08-04T10:05,1854.5,1855.8599853515625,1854.5,1854.9100341796875,0
2026-08-04T10:10,1854.780029296875,1855.030029296875,1852.7900390625,1852.7900390625,0
2026-08-04T10:15,1852.550048828125,1854.02001953125,1851.9000244140625,1853.949951171875,0
2026-08-04T10:20,1854.68994140625,1858.0400390625,1854.68994140625,1855.22998046875,10606592
2026-08-04T10:25,1855.280029296875,1856.0400390625,1853.449951171875,1853.8900146484375,0
2026-08-04T10:30,1854.3299560546875,1855.4300537109375,1853.4599609375,1855.02001953125,0
2026-08-04T10:35,1854.9000244140625,1855.02001953125,1853.6099853515625,1854.280029296875,13598720
2026-08-04T10:40,1854.2900390625,1861.800048828125,1854.2900390625,1861.4300537109375,0
2026-08-04T10:45,1861.489990234375,1870.719970703125,1861.489990234375,1866.25,0
2026-08-04T10:50,1866.260009765625,1867.7099609375,1864.199951171875,1864.780029296875,138307584
2026-08-04T10:55,1864.989990234375,1865.530029296875,1864.5999755859375,1864.9100341796875,14299648
2026-08-04T11:00,1865.18994140625,1867.780029296875,1865.18994140625,1867.780029296875,0
2026-08-04T11:05,1867.780029296875,1867.780029296875,1864.449951171875,1866.43994140625,0
2026-08-04T11:10,1866.4000244140625,1866.4000244140625,1864.5799560546875,1865.199951171875,490496
2026-08-04T11:15,1865.0400390625,1865.6700439453125,1864.2900390625,1865.199951171875,0
2026-08-04T11:20,1865.3900146484375,1869.3499755859375,1865.3499755859375,1865.5,22248448
2026-08-04T11:25,1865.5,1867.1300048828125,1865.3800048828125,1867.1199951171875,0
2026-08-04T11:30,1867.18994140625,1867.18994140625,1864.760009765625,1866.4300537109375,0
2026-08-04T11:35,1866.2099609375,1866.4100341796875,1865.219970703125,1866.300048828125,69268480
2026-08-04T11:40,1866.5999755859375,1871.3199462890625,1865.31005859375,1871.3199462890625,2644992
2026-08-04T11:45,1870.300048828125,1872.4000244140625,1868.800048828125,1871.7900390625,0
2026-08-04T11:50,1871.56005859375,1872.8299560546875,1870.699951171875,1870.7900390625,7096832
2026-08-04T11:55,1870.8699951171875,1872.199951171875,1870.469970703125,1870.9000244140625,26029568
2026-08-04T12:00,1870.9300537109375,1870.9300537109375,1868.199951171875,1869.0,57933312
2026-08-04T12:05,1869.1500244140625,1869.4000244140625,1867.6500244140625,1868.0400390625,0
2026-08-04T12:10,1867.5999755859375,1868.8499755859375,1867.31005859375,1867.3900146484375,0
2026-08-04T12:15,1867.3800048828125,1867.7099609375,1866.3499755859375,1866.9599609375,0
2026-08-04T12:20,1866.9000244140625,1870.0899658203125,1866.7099609375,1868.9100341796875,0
2026-08-04T12:25,1868.8900146484375,1870.3900146484375,1868.8900146484375,1870.0899658203125,73178112
2026-08-04T12:30,1870.6300048828125,1873.550048828125,1869.5999755859375,1873.550048828125,0
2026-08-04T12:35,1873.0999755859375,1879.8199462890625,1873.0999755859375,1878.7099609375,24539136
2026-08-04T12:40,1878.300048828125,1878.9599609375,1875.5799560546875,1876.5799560546875,8558080
2026-08-04T12:45,1876.52001953125,1876.699951171875,1874.2099609375,1874.2099609375,6875136
2026-08-04T12:50,1874.260009765625,1877.0,1874.199951171875,1874.56005859375,15670272
2026-08-04T12:55,1874.5400390625,1875.260009765625,1873.1400146484375,1873.510009765625,61045760
2026-08-04T13:00,1873.300048828125,1875.280029296875,1872.0699462890625,1873.969970703125,0
2026-08-04T13:05,1874.3399658203125,1875.7900390625,1874.1600341796875,1874.3800048828125,8961024
2026-08-04T13:10,1874.3699951171875,1875.1700439453125,1873.52001953125,1873.52001953125,15168512
2026-08-04T13:15,1872.9000244140625,1873.280029296875,1868.5999755859375,1868.8900146484375,0
2026-08-04T13:20,1869.1800537109375,1873.719970703125,1869.1800537109375,1869.6600341796875,0
2026-08-04T13:25,1868.3199462890625,1869.56005859375,1868.1300048828125,1868.4100341796875,0
2026-08-04T13:30,1866.550048828125,1872.699951171875,1866.550048828125,1870.9599609375,0
2026-08-04T13:35,1870.47998046875,1873.3399658203125,1869.0,1871.0899658203125,173373952
2026-08-04T13:40,1871.199951171875,1874.06005859375,1871.199951171875,1871.239990234375,16070656
2026-08-04T13:45,1871.219970703125,1871.3800048828125,1862.199951171875,1865.5899658203125,0
2026-08-04T13:50,1865.1500244140625,1867.4300537109375,1861.77001953125,1863.8399658203125,0
2026-08-04T13:55,1864.1700439453125,1864.1700439453125,1857.699951171875,1859.5899658203125,49748992
2026-08-04T14:00,1859.6300048828125,1862.280029296875,1856.530029296875,1862.18994140625,0
2026-08-04T14:05,1862.199951171875,1866.4000244140625,1859.7900390625,1859.9100341796875,5044224
2026-08-04T14:10,1859.8499755859375,1863.1199951171875,1858.31005859375,1862.02001953125,80986624
2026-08-04T14:15,1862.5799560546875,1863.800048828125,1857.719970703125,1858.8399658203125,0
2026-08-04T14:20,1859.0400390625,1860.9599609375,1856.56005859375,1858.6099853515625,0
2026-08-04T14:25,1858.9300537109375,1865.489990234375,1858.9300537109375,1865.4000244140625,8393216
2026-08-04T14:30,1865.9000244140625,1869.800048828125,1864.0899658203125,1867.9000244140625,0
2026-08-04T14:35,1868.5999755859375,1870.31005859375,1866.260009765625,1869.6099853515625,51834880
2026-08-04T14:40,1869.4000244140625,1873.8900146484375,1869.4000244140625,1872.0899658203125,0
2026-08-04T14:45,1872.3699951171875,1872.5,1869.7099609375,1869.7099609375,0
2026-08-04T14:50,1869.8699951171875,1871.8299560546875,1869.4200439453125,1871.1199951171875,1969152
2026-08-04T14:55,1870.7099609375,1872.9300537109375,1870.0999755859375,1871.1199951171875,42534912
2026-08-04T15:00,1871.6700439453125,1873.699951171875,1870.800048828125,1872.4000244140625,0
2026-08-04T15:05,1871.5,1871.6400146484375,1868.25,1868.4300537109375,40999936
2026-08-04T15:10,1868.699951171875,1868.780029296875,1865.56005859375,1868.5799560546875,0
2026-08-04T15:15,1868.199951171875,1868.780029296875,1865.8699951171875,1865.8800048828125,22160896
2026-08-04T15:20,1865.93994140625,1868.0,1865.5899658203125,1866.0400390625,29028352
2026-08-04T15:25,1866.3900146484375,1868.050048828125,1864.030029296875,1865.0,0
2026-08-04T15:30,1864.9300537109375,1866.1600341796875,1861.3299560546875,1862.510009765625,41546240
2026-08-04T15:35,1862.0999755859375,1864.300048828125,1860.2900390625,1863.280029296875,0
2026-08-04T15:40,1863.9000244140625,1870.3299560546875,1863.52001953125,1869.9200439453125,5768704
2026-08-04T15:45,1870.1199951171875,1875.699951171875,1868.9100341796875,1872.719970703125,1295872
2026-08-04T15:50,1872.5999755859375,1876.1199951171875,1871.81005859375,1873.6600341796875,42085888
2026-08-04T15:55,1872.719970703125,1874.199951171875,1871.4100341796875,1871.4100341796875,24766976
2026-08-04T16:00,1871.9000244140625,1871.9000244140625,1869.469970703125,1870.1400146484375,60945920
2026-08-04T16:05,1869.9599609375,1870.800048828125,1868.199951171875,1870.1300048828125,0
2026-08-04T16:10,1870.5899658203125,1871.010009765625,1868.3199462890625,1868.989990234375,26904064
2026-08-04T16:15,1869.0899658203125,1871.489990234375,1867.969970703125,1870.199951171875,76733952
2026-08-04T16:20,1870.3900146484375,1871.4000244140625,1868.760009765625,1870.77001953125,11109888
2026-08-04T16:25,1870.0999755859375,1871.6400146484375,1868.030029296875,1868.030029296875,0
2026-08-04T16:30,1867.949951171875,1869.97998046875,1867.300048828125,1869.0899658203125,0
2026-08-04T16:35,1868.550048828125,1869.4200439453125,1865.81005859375,1867.5699462890625,0
2026-08-04T16:40,1867.31005859375,1867.8900146484375,1864.010009765625,1865.0699462890625,0
2026-08-04T16:45,1865.510009765625,1868.050048828125,1865.0799560546875,1868.050048828125,66323456
2026-08-04T16:50,1868.1600341796875,1868.1600341796875,1865.5,1865.5,0
2026-08-04T16:55,1865.9200439453125,1868.3299560546875,1865.7900390625,1868.239990234375,0
2026-08-04T17:00,1868.780029296875,1874.4000244140625,1868.3499755859375,1873.469970703125,138476544
2026-08-04T17:05,1873.6600341796875,1876.300048828125,1872.3299560546875,1873.77001953125,0
2026-08-04T17:10,1873.5899658203125,1873.5899658203125,1871.030029296875,1872.75,10274304
2026-08-04T17:15,1872.760009765625,1873.030029296875,1870.5899658203125,1871.6800537109375,24521216
2026-08-04T17:20,1872.0,1873.6800537109375,1870.0799560546875,1870.3399658203125,50703360
2026-08-04T17:25,1870.3199462890625,1874.3499755859375,1870.199951171875,1873.9000244140625,54069760
2026-08-04T17:30,1873.949951171875,1875.050048828125,1872.27001953125,1874.3199462890625,13365760
2026-08-04T17:35,1874.8599853515625,1875.199951171875,1873.1199951171875,1874.8599853515625,0
2026-08-04T17:40,1874.77001953125,1875.8699951171875,1873.9200439453125,1874.3399658203125,159674368
2026-08-04T17:45,1874.8800048828125,1875.300048828125,1870.5699462890625,1870.6600341796875,5317120
2026-08-04T17:50,1870.4200439453125,1870.760009765625,1865.47998046875,1867.56005859375,1334272
2026-08-04T17:55,1866.530029296875,1868.6400146484375,1866.530029296875,1868.050048828125,0
2026-08-04T18:00,1868.0400390625,1872.510009765625,1868.0400390625,1871.3900146484375,62466048
2026-08-04T18:05,1871.469970703125,1874.7099609375,1871.469970703125,1872.449951171875,0
2026-08-04T18:10,1872.6300048828125,1875.8199462890625,1871.81005859375,1875.75,5220864
2026-08-04T18:15,1876.010009765625,1876.9300537109375,1873.530029296875,1876.6199951171875,0
2026-08-04T18:20,1877.31005859375,1879.5,1876.0999755859375,1877.719970703125,29275648
2026-08-04T18:25,1878.719970703125,1878.969970703125,1877.489990234375,1877.8699951171875,105556480
2026-08-04T18:30,1877.8699951171875,1877.8800048828125,1875.5,1875.949951171875,26767872
2026-08-04T18:35,1876.199951171875,1876.8599853515625,1873.0699462890625,1873.6800537109375,0
2026-08-04T18:40,1873.43994140625,1873.8900146484375,1872.1400146484375,1873.8199462890625,0
2026-08-04T18:45,1874.1700439453125,1875.1199951171875,1873.550048828125,1873.81005859375,13475840
2026-08-04T18:50,1873.6199951171875,1874.4200439453125,1873.5,1873.8900146484375,52701184
2026-08-04T18:55,1873.9599609375,1874.1300048828125,1872.9300537109375,1873.9000244140625,11889152
2026-08-04T19:00,1873.72998046875,1874.52001953125,1872.510009765625,1874.27001953125,0
2026-08-04T19:05,1873.949951171875,1876.56005859375,1873.449951171875,1876.56005859375,0
2026-08-04T19:10,1876.199951171875,1876.7900390625,1874.5799560546875,1876.7900390625,21892608
2026-08-04T19:15,1877.1500244140625,1877.1500244140625,1874.52001953125,1874.6400146484375,28135936
2026-08-04T19:20,1874.6400146484375,1875.4000244140625,1872.800048828125,1873.239990234375,2371072
2026-08-04T19:25,1873.25,1874.3900146484375,1872.97998046875,1873.52001953125,3190784
2026-08-04T19:30,1873.72998046875,1876.6400146484375,1873.0799560546875,1875.47998046875,0
2026-08-04T19:35,1875.5699462890625,1880.0799560546875,1874.800048828125,1877.3299560546875,0
2026-08-04T19:40,1876.780029296875,1879.4300537109375,1875.93994140625,1879.1400146484375,0
2026-08-04T19:45,1879.199951171875,1879.199951171875,1875.9599609375,1876.6500244140625,0
2026-08-04T19:50,1875.739990234375,1876.6800537109375,1874.800048828125,1875.989990234375,41374720
2026-08-04T19:55,1876.1600341796875,1877.43994140625,1873.52001953125,1873.52001953125,63950848
2026-08-04T20:00,1873.9000244140625,1873.9000244140625,1871.1600341796875,1871.449951171875,0
2026-08-04T20:05,1871.52001953125,1872.739990234375,1871.280029296875,1872.56005859375,0
2026-08-04T20:10,1872.47998046875,1872.9200439453125,1871.56005859375,1872.72998046875,84926464
2026-08-04T20:15,1871.300048828125,1871.300048828125,1865.0,1866.0999755859375,17968640
2026-08-04T20:20,1866.3800048828125,1869.6300048828125,1866.3800048828125,1869.239990234375,0
2026-08-04T20:25,1869.5999755859375,1870.3900146484375,1869.2900390625,1870.300048828125,25805824
2026-08-04T20:30,1870.3599853515625,1872.9200439453125,1870.3599853515625,1872.06005859375,0
2026-08-04T20:35,1871.8599853515625,1874.5699462890625,1871.8599853515625,1874.5699462890625,42044416
2026-08-04T20:40,1875.1300048828125,1878.449951171875,1875.1300048828125,1877.6099853515625,0
2026-08-04T20:45,1877.449951171875,1877.449951171875,1876.2099609375,1876.5,33200128
2026-08-04T20:50,1876.4599609375,1876.4599609375,1873.5799560546875,1874.0699462890625,34481152
2026-08-04T20:55,1873.8900146484375,1875.3499755859375,1873.81005859375,1875.199951171875,0
2026-08-04T21:00,1875.3499755859375,1875.3499755859375,1872.8699951171875,1873.8299560546875,0
2026-08-04T21:05,1873.5699462890625,1874.3499755859375,1873.199951171875,1873.31005859375,13120000
2026-08-04T21:10,1873.530029296875,1873.5899658203125,1871.219970703125,1871.56005859375,0
2026-08-04T21:15,1871.5799560546875,1871.989990234375,1870.97998046875,1870.97998046875,7205376
2026-08-04T21:20,1870.8299560546875,1874.22998046875,1870.780029296875,1873.8299560546875,0
2026-08-04T21:25,1874.5999755859375,1874.5999755859375,1872.3699951171875,1872.4200439453125,281600
2026-08-04T21:30,1872.3199462890625,1872.6099853515625,1871.3599853515625,1871.4000244140625,0
2026-08-04T21:35,1871.4000244140625,1872.1099853515625,1871.0899658203125,1871.8599853515625,0
2026-08-04T21:40,1871.8800048828125,1872.56005859375,1871.050048828125,1871.9300537109375,140755968
2026-08-04T21:45,1871.5699462890625,1872.1400146484375,1871.0,1871.6800537109375,14620672
2026-08-04T21:50,1871.5699462890625,1872.3399658203125,1870.3299560546875,1870.5999755859375,0
2026-08-04T21:55,1870.5999755859375,1871.1600341796875,1870.4300537109375,1870.68994140625,0
2026-08-04T22:00,1870.5799560546875,1871.52001953125,1867.2900390625,1869.47998046875,0
2026-08-04T22:05,1869.949951171875,1870.8499755859375,1869.010009765625,1870.3499755859375,48616960
2026-08-04T22:10,1870.68994140625,1872.1199951171875,1870.6500244140625,1872.06005859375,0
2026-08-04T22:15,1871.77001953125,1873.3399658203125,1871.2900390625,1872.780029296875,0
2026-08-04T22:20,1872.780029296875,1874.52001953125,1871.9599609375,1872.5999755859375,0
2026-08-04T22:25,1872.6199951171875,1875.5,1872.5799560546875,1874.6400146484375,0
2026-08-04T22:30,1874.7900390625,1875.5799560546875,1873.239990234375,1874.0899658203125,28791808
2026-08-04T22:35,1874.0799560546875,1874.7099609375,1873.449951171875,1873.8199462890625,16947200
2026-08-04T22:40,1873.8199462890625,1874.02001953125,1873.0899658203125,1873.4000244140625,29840896
2026-08-04T22:45,1873.5699462890625,1873.800048828125,1872.8900146484375,1872.8900146484375,0
2026-08-04T22:50,1872.9200439453125,1873.3599853515625,1871.4599609375,1873.0,2665984
2026-08-04T22:55,1873.010009765625,1874.3299560546875,1873.010009765625,1874.18994140625,893952
2026-08-04T23:00,1874.3499755859375,1874.3599853515625,1871.77001953125,1873.31005859375,0
2026-08-04T23:05,1873.4000244140625,1877.1600341796875,1873.4000244140625,1875.3699951171875,5276160
2026-08-04T23:10,1875.7099609375,1877.4000244140625,1875.050048828125,1876.6600341796875,0
2026-08-04T23:15,1876.2900390625,1879.6099853515625,1876.2099609375,1877.2099609375,79155712
2026-08-04T23:20,1877.1099853515625,1877.1099853515625,1872.0,1872.0,20694016
2026-08-04T23:25,1871.8800048828125,1872.530029296875,1868.510009765625,1868.5999755859375,0
2026-08-04T23:30,1868.1600341796875,1869.199951171875,1867.510009765625,1867.530029296875,24781312
2026-08-04T23:35,1867.8900146484375,1868.469970703125,1867.5899658203125,1868.4599609375,11853312
2026-08-04T23:40,1868.5,1871.4599609375,1868.5,1870.0,72781824
2026-08-04T23:45,1869.9200439453125,1870.52001953125,1868.6199951171875,1869.56005859375,16973312
2026-08-04T23:50,1869.7099609375,1869.989990234375,1868.3900146484375,1869.1199951171875,18003456
2026-08-04T23:55,1869.1099853515625,1869.1099853515625,1867.93994140625,1868.3900146484375,2814976
2026-08-05T00:00,1868.31005859375,1868.969970703125,1867.0400390625,1867.9000244140625,0
2026-08-05T00:05,1868.030029296875,1868.3800048828125,1866.8399658203125,1867.0799560546875,6200320
2026-08-05T00:10,1866.5999755859375,1868.219970703125,1866.239990234375,1866.239990234375,0
2026-08-05T00:15,1865.9599609375,1867.010009765625,1865.4000244140625,1866.43994140625,3717120
2026-08-05T00:20,1866.4200439453125,1866.489990234375,1864.530029296875,1865.93994140625,23956992
2026-08-05T00:25,1865.97998046875,1866.780029296875,1864.8900146484375,1866.449951171875,1371648
2026-08-05T00:30,1866.56005859375,1869.72998046875,1866.25,1869.1700439453125,0
2026-08-05T00:35,1869.1400146484375,1872.0,1867.8800048828125,1867.949951171875,23520256
2026-08-05T00:40,1868.050048828125,1868.050048828125,1864.5,1866.47998046875,0
2026-08-05T00:45,1866.4599609375,1866.4599609375,1863.010009765625,1863.22998046875,0
2026-08-05T00:50,1863.3299560546875,1864.489990234375,1862.2099609375,1863.1300048828125,0
2026-08-05T00:55,1863.4000244140625,1863.47998046875,1862.0999755859375,1862.469970703125,148006400
2026-08-05T01:00,1862.5899658203125,1862.5899658203125,1859.81005859375,1861.4100341796875,32502784
2026-08-05T01:05,1861.739990234375,1863.6199951171875,1861.6800537109375,1863.6199951171875,0
2026-08-05T01:10,1863.6500244140625,1864.3299560546875,1863.25,1863.5799560546875,0
2026-08-05T01:15,1863.800048828125,1863.9300537109375,1861.8199462890625,1863.6800537109375,65262592
2026-08-05T01:20,1863.47998046875,1866.18994140625,1863.47998046875,1865.5899658203125,0
2026-08-05T01:25,1865.5799560546875,1866.1400146484375,1863.6199951171875,1865.6300048828125,0
2026-08-05T01:30,1865.9000244140625,1868.260009765625,1865.8399658203125,1867.5999755859375,15414272
2026-08-05T01:35,1867.5699462890625,1871.1600341796875,1867.4300537109375,1871.1600341796875,0
2026-08-05T01:40,1872.25,1873.0,1868.800048828125,1868.800048828125,19609088
2026-08-05T01:45,1868.9300537109375,1871.1700439453125,1868.9300537109375,1871.1500244140625,0
2026-08-05T01:50,1871.800048828125,1872.8399658203125,1870.760009765625,1872.22998046875,0
2026-08-05T01:55,1872.1400146484375,1872.5899658203125,1871.4300537109375,1871.8800048828125,0
2026-08-05T02:00,1872.199951171875,1876.489990234375,1871.8199462890625,1873.969970703125,0
2026-08-05T02:05,1873.5699462890625,1874.3399658203125,1872.6500244140625,1873.5,3194368
2026-08-05T02:10,1873.6800537109375,1876.4100341796875,1872.31005859375,1875.22998046875,70226944
2026-08-05T02:15,1875.22998046875,1875.4599609375,1871.0899658203125,1871.300048828125,6023680
2026-08-05T02:20,1871.199951171875,1873.530029296875,1870.989990234375,1872.6199951171875,1718784
2026-08-05T02:25,1872.5799560546875,1874.3900146484375,1872.4000244140625,1872.5999755859375,1622016
2026-08-05T02:30,1872.47998046875,1874.9599609375,1871.9000244140625,1874.9599609375,20012544
2026-08-05T02:35,1874.949951171875,1874.949951171875,1873.3299560546875,1873.68994140625,0
2026-08-05T02:40,1873.5799560546875,1874.75,1873.0899658203125,1873.81005859375,4801536
2026-08-05T02:45,1874.4300537109375,1874.68994140625,1873.3299560546875,1873.9599609375,0
2026-08-05T02:50,1874.1199951171875,1874.3199462890625,1872.969970703125,1874.199951171875,0
2026-08-05T02:55,1873.9200439453125,1873.9200439453125,1872.75,1872.97998046875,0
2026-08-05T03:00,1872.9000244140625,1874.6700439453125,1871.8900146484375,1871.8900146484375,2348032
2026-08-05T03:05,1872.0699462890625,1874.4200439453125,1870.3199462890625,1870.6600341796875,8929280
2026-08-05T03:10,1870.449951171875,1871.4599609375,1869.25,1869.550048828125,0
2026-08-05T03:15,1869.6300048828125,1869.6300048828125,1863.030029296875,1863.3800048828125,1330688
2026-08-05T03:20,1863.25,1865.9200439453125,1863.0699462890625,1863.93994140625,1153536
2026-08-05T03:25,1863.72998046875,1864.800048828125,1863.0,1863.68994140625,0
2026-08-05T03:30,1863.47998046875,1865.1099853515625,1863.1400146484375,1864.77001953125,67311104
2026-08-05T03:35,1864.8399658203125,1866.3499755859375,1864.6400146484375,1865.4300537109375,8395776
2026-08-05T03:40,1865.3699951171875,1865.8399658203125,1864.489990234375,1865.0699462890625,60684800
2026-08-05T03:45,1865.06005859375,1866.5,1865.06005859375,1866.0999755859375,0
2026-08-05T03:50,1866.1300048828125,1866.6700439453125,1865.9100341796875,1866.3699951171875,37405696
2026-08-05T03:55,1866.6500244140625,1866.8499755859375,1866.1300048828125,1866.1400146484375,1948672
2026-08-05T04:00,1866.1400146484375,1866.3599853515625,1864.3699951171875,1864.9000244140625,0
2026-08-05T04:05,1864.6400146484375,1865.219970703125,1864.3399658203125,1864.8499755859375,0
2026-08-05T04:10,1864.8499755859375,1865.3699951171875,1864.3599853515625,1864.530029296875,79293440
2026-08-05T04:15,1864.4300537109375,1865.75,1863.469970703125,1865.5699462890625,0
2026-08-05T04:20,1865.949951171875,1866.800048828125,1865.06005859375,1865.3599853515625,0
2026-08-05T04:25,1865.3499755859375,1866.4000244140625,1865.27001953125,1866.2099609375,13353472
2026-08-05T04:30,1866.280029296875,1867.989990234375,1866.2099609375,1867.3699951171875,7387648
2026-08-05T04:35,1867.3699951171875,1867.4200439453125,1865.8299560546875,1865.9100341796875,0
2026-08-05T04:40,1865.9000244140625,1866.550048828125,1865.9000244140625,1865.989990234375,504832
2026-08-05T04:45,1865.8299560546875,1866.4100341796875,1865.47998046875,1865.5999755859375,0
2026-08-05T04:50,1865.5999755859375,1865.6099853515625,1864.0799560546875,1865.280029296875,0
2026-08-05T04:55,1865.2900390625,1866.0,1865.2099609375,1865.8199462890625,0
2026-08-05T05:00,1865.530029296875,1870.1500244140625,1865.530029296875,1870.1400146484375,0
2026-08-05T05:05,1870.3199462890625,1871.6300048828125,1869.5999755859375,1869.8900146484375,0
2026-08-05T05:10,1869.5999755859375,1870.949951171875,1869.5899658203125,1870.3699951171875,129284608
2026-08-05T05:15,1870.3699951171875,1870.56005859375,1869.5999755859375,1870.56005859375,82480640
2026-08-05T05:20,1870.6199951171875,1871.6300048828125,1870.0899658203125,1871.510009765625,7855104
2026-08-05T05:25,1871.300048828125,1875.77001953125,1871.239990234375,1872.8599853515625,1846272
2026-08-05T05:30,1872.8699951171875,1872.8699951171875,1870.68994140625,1870.760009765625,0
2026-08-05T05:35,1870.760009765625,1871.68994140625,1870.5,1871.68994140625,0
2026-08-05T05:40,1871.7099609375,1871.7099609375,1871.0799560546875,1871.5400390625,64546304
2026-08-05T05:45,1871.5400390625,1872.1300048828125,1871.300048828125,1871.4300537109375,23016448
2026-08-05T05:50,1870.8800048828125,1871.6500244140625,1870.77001953125,1871.469970703125,6982144
2026-08-05T05:55,1871.469970703125,1872.4599609375,1871.2900390625,1871.8800048828125,0
2026-08-05T06:00,1871.6400146484375,1872.0400390625,1870.22998046875,1871.3199462890625,0
2026-08-05T06:05,1870.8399658203125,1871.4300537109375,1870.1800537109375,1870.4100341796875,17400832
2026-08-05T06:10,1870.4200439453125,1871.5899658203125,1870.3800048828125,1870.47998046875,0
2026-08-05T06:15,1870.280029296875,1870.3299560546875,1869.3699951171875,1869.4200439453125,0
2026-08-05T06:20,1869.5799560546875,1869.800048828125,1867.5899658203125,1869.199951171875,0
2026-08-05T06:25,1868.9599609375,1868.9599609375,1868.0400390625,1868.1600341796875,0
2026-08-05T06:30,1868.0,1869.6800537109375,1867.949951171875,1869.5999755859375,0
2026-08-05T06:35,1869.68994140625,1871.0,1869.260009765625,1869.43994140625,0
2026-08-05T06:40,1869.4300537109375,1869.7900390625,1868.3399658203125,1868.780029296875,0
2026-08-05T06:45,1868.739990234375,1869.239990234375,1866.800048828125,1869.239990234375,0
2026-08-05T06:50,1868.6199951171875,1868.6199951171875,1866.5999755859375,1867.5799560546875,53664256
2026-08-05T06:55,1867.43994140625,1868.25,1866.719970703125,1868.25,24880640
2026-08-05T07:00,1868.27001953125,1868.6600341796875,1865.97998046875,1866.8499755859375,85147648
2026-08-05T07:05,1866.949951171875,1867.56005859375,1865.8399658203125,1865.8399658203125,26123776
2026-08-05T07:10,1865.81005859375,1866.0799560546875,1864.81005859375,1866.0799560546875,28436992
2026-08-05T07:15,1865.5899658203125,1865.760009765625,1864.43994140625,1864.510009765625,39548416
2026-08-05T07:20,1863.780029296875,1863.8199462890625,1861.7900390625,1862.8199462890625,11195904
2026-08-05T07:25,1862.8199462890625,1863.1500244140625,1862.0,1862.4000244140625,6939648
2026-08-05T07:30,1862.219970703125,1863.0799560546875,1862.010009765625,1862.47998046875,1980416
2026-08-05T07:35,1862.4100341796875,1862.9599609375,1862.0400390625,1862.52001953125,0
2026-08-05T07:40,1862.6099853515625,1863.5400390625,1862.1700439453125,1862.3800048828125,13920768
2026-08-05T07:45,1863.1700439453125,1865.1400146484375,1862.9000244140625,1864.9000244140625,0
2026-08-05T07:50,1864.81005859375,1865.5,1864.6500244140625,1864.8399658203125,0
2026-08-05T07:55,1865.1600341796875,1870.6099853515625,1865.0,1870.6099853515625,0
2026-08-05T08:00,1870.93994140625,1872.6700439453125,1870.4100341796875,1871.010009765625,0
2026-08-05T08:05,1870.4200439453125,1870.4200439453125,1868.199951171875,1869.3699951171875,305404928
2026-08-05T08:10,1869.0,1870.3599853515625,1867.800048828125,1867.800048828125,49015808
2026-08-05T08:15,1867.550048828125,1868.52001953125,1867.300048828125,1867.9200439453125,0
2026-08-05T08:20,1868.0999755859375,1868.6500244140625,1867.8599853515625,1868.0,0
2026-08-05T08:25,1868.1800537109375,1870.68994140625,1867.8499755859375,1870.3699951171875,88335872
2026-08-05T08:30,1870.3800048828125,1870.3800048828125,1869.18994140625,1869.4200439453125,0
2026-08-05T08:35,1869.699951171875,1870.239990234375,1869.050048828125,1869.1500244140625,54962688
2026-08-05T08:40,1869.1500244140625,1869.3399658203125,1867.1500244140625,1867.52001953125,19909632
2026-08-05T08:45,1867.5799560546875,1868.6800537109375,1866.0799560546875,1868.6800537109375,0
2026-08-05T08:50,1868.68994140625,1868.969970703125,1868.02001953125,1868.56005859375,85457920
2026-08-05T08:55,1868.699951171875,1869.5,1867.8399658203125,1868.0899658203125,0
2026-08-05T09:00,1868.0999755859375,1868.6700439453125,1867.02001953125,1868.6400146484375,0
2026-08-05T09:05,1868.699951171875,1869.6800537109375,1868.699951171875,1869.5400390625,63221760
2026-08-05T09:10,1869.5899658203125,1870.1500244140625,1869.2099609375,1869.800048828125,0
2026-08-05T09:15,1869.800048828125,1871.6300048828125,1869.5899658203125,1870.3900146484375,55628288
2026-08-05T09:20,1870.6400146484375,1873.0699462890625,1870.260009765625,1870.56005859375,0
2026-08-05T09:25,1870.68994140625,1870.969970703125,1869.7900390625,1870.6099853515625,11727872
2026-08-05T09:30,1870.969970703125,1871.97998046875,1870.969970703125,1871.97998046875,9041920
2026-08-05T09:35,1871.97998046875,1872.6099853515625,1871.97998046875,1872.6099853515625,614912
2026-08-05T09:40,1872.4000244140625,1872.4000244140625,1871.1099853515625,1871.4599609375,8569344
2026-08-05T09:45,1871.4599609375,1871.8299560546875,1871.260009765625,1871.489990234375,4554752
2026-08-05T09:50,1871.5999755859375,1872.1600341796875,1870.8599853515625,1870.9200439453125,9124864
2026-08-05T09:55,1870.9100341796875,1871.0999755859375,1870.0999755859375,1870.3299560546875,3078656
2026-08-05T10:00,1870.3299560546875,1870.780029296875,1869.6300048828125,1870.780029296875,0
2026-08-05T10:05,1870.8800048828125,1871.5899658203125,1870.6800537109375,1870.6800537109375,0
2026-08-05T10:10,1870.5,1870.5999755859375,1868.9100341796875,1870.02001953125,0
2026-08-05T10:15,1869.81005859375,1869.81005859375,1867.3499755859375,1869.030029296875,0
2026-08-05T10:20,1869.02001953125,1870.1099853515625,1868.699951171875,1870.1099853515625,0
2026-08-05T10:25,1870.199951171875,1872.6800537109375,1870.199951171875,1871.8499755859375,0
2026-08-05T10:30,1871.93994140625,1871.93994140625,1870.800048828125,1871.489990234375,0
2026-08-05T10:35,1871.199951171875,1872.699951171875,1871.0400390625,1872.56005859375,0
2026-08-05T10:40,1872.719970703125,1874.31005859375,1871.5,1871.969970703125,25562112
2026-08-05T10:45,1872.3599853515625,1872.3599853515625,1867.6700439453125,1868.2099609375,0
2026-08-05T10:50,1868.4200439453125,1869.0899658203125,1864.6099853515625,1865.449951171875,0
2026-08-05T10:55,1865.7900390625,1866.7900390625,1865.699951171875,1866.719970703125,0
2026-08-05T11:00,1866.56005859375,1868.199951171875,1866.56005859375,1867.7900390625,0
2026-08-05T11:05,1867.800048828125,1869.3900146484375,1867.3199462890625,1869.3900146484375,64821248
2026-08-05T11:10,1869.4100341796875,1869.4100341796875,1867.6300048828125,1868.199951171875,133686272
2026-08-05T11:15,1868.199951171875,1868.2099609375,1866.72998046875,1867.8399658203125,0
2026-08-05T11:20,1867.9000244140625,1868.3900146484375,1867.3199462890625,1867.9200439453125,0
2026-08-05T11:25,1867.7900390625,1867.7900390625,1866.6800537109375,1866.8299560546875,339968
2026-08-05T11:30,1866.81005859375,1869.0799560546875,1866.260009765625,1868.699951171875,998400
2026-08-05T11:35,1868.510009765625,1868.52001953125,1867.4000244140625,1867.5799560546875,9182720
2026-08-05T11:40,1867.8499755859375,1868.3900146484375,1866.699951171875,1866.8900146484375,8260096
2026-08-05T11:45,1866.719970703125,1867.6700439453125,1865.75,1867.6700439453125,0
2026-08-05T11:50,1867.6700439453125,1867.699951171875,1866.260009765625,1866.260009765625,9570816
2026-08-05T11:55,1866.4100341796875,1867.47998046875,1866.4000244140625,1867.1099853515625,0
2026-08-05T12:00,1866.93994140625,1868.1400146484375,1865.6199951171875,1867.6199951171875,0
2026-08-05T12:05,1867.31005859375,1870.0699462890625,1866.6400146484375,1869.9000244140625,0
2026-08-05T12:10,1869.8900146484375,1871.6800537109375,1869.7099609375,1870.43994140625,38320128
2026-08-05T12:15,1870.969970703125,1877.1800537109375,1870.0799560546875,1877.1800537109375,0
2026-08-05T12:20,1876.6700439453125,1881.3800048828125,1876.1099853515625,1878.5999755859375,36050944
2026-08-05T12:25,1878.1199951171875,1882.4000244140625,1878.1199951171875,1881.4000244140625,113152000
2026-08-05T12:30,1882.0,1883.18994140625,1876.68994140625,1877.1300048828125,99746816
2026-08-05T12:35,1877.4599609375,1879.5400390625,1877.1099853515625,1878.300048828125,16660480
2026-08-05T12:40,1878.25,1879.3900146484375,1877.81005859375,1878.300048828125,0
2026-08-05T12:45,1877.5999755859375,1878.2900390625,1876.030029296875,1877.56005859375,0
2026-08-05T12:50,1877.719970703125,1877.719970703125,1873.5400390625,1873.9200439453125,0
2026-08-05T12:55,1873.9200439453125,1875.5899658203125,1873.6099853515625,1874.5699462890625,11557888
2026-08-05T13:00,1875.3299560546875,1875.68994140625,1873.260009765625,1873.260009765625,0
2026-08-05T13:05,1873.3199462890625,1874.5899658203125,1873.31005859375,1873.739990234375,71667712
2026-08-05T13:10,1873.5999755859375,1873.5999755859375,1865.93994140625,1866.5999755859375,11032064
2026-08-05T13:15,1866.780029296875,1870.1199951171875,1866.2900390625,1869.47998046875,0
2026-08-05T13:20,1869.510009765625,1870.3199462890625,1869.0,1869.6099853515625,0
2026-08-05T13:25,1868.219970703125,1869.199951171875,1867.4300537109375,1868.010009765625,0
2026-08-05T13:30,1866.5400390625,1867.469970703125,1855.1199951171875,1857.0999755859375,64952832
2026-08-05T13:35,1856.780029296875,1868.4200439453125,1854.31005859375,1867.68994140625,28639232
2026-08-05T13:40,1867.5999755859375,1870.5999755859375,1865.760009765625,1868.27001953125,18504704
2026-08-05T13:45,1868.2900390625,1871.8900146484375,1864.77001953125,1871.739990234375,56762880
2026-08-05T13:50,1871.800048828125,1876.9100341796875,1869.1500244140625,1872.75,55737344
2026-08-05T13:55,1873.0,1878.030029296875,1872.219970703125,1878.030029296875,11001344
2026-08-05T14:00,1876.7900390625,1877.4000244140625,1872.1500244140625,1875.0699462890625,0
2026-08-05T14:05,1876.5400390625,1881.0,1876.5400390625,1877.8900146484375,68952064
2026-08-05T14:10,1878.0,1880.5,1877.1099853515625,1877.6400146484375,0
2026-08-05T14:15,1877.6199951171875,1879.780029296875,1877.6099853515625,1877.949951171875,65165824
2026-08-05T14:20,1877.5,1877.5,1869.739990234375,1871.199951171875,13669376
2026-08-05T14:25,1871.699951171875,1872.9000244140625,1869.699951171875,1870.1199951171875,0
2026-08-05T14:30,1870.050048828125,1873.8399658203125,1867.68994140625,1870.18994140625,11848704
2026-08-05T14:35,1869.9200439453125,1872.1800537109375,1869.8199462890625,1870.010009765625,41269248
2026-08-05T14:40,1870.0,1873.47998046875,1868.719970703125,1873.47998046875,14114816
2026-08-05T14:45,1873.699951171875,1875.2099609375,1873.4000244140625,1875.1400146484375,0
2026-08-05T14:50,1875.9000244140625,1876.4200439453125,1869.699951171875,1873.4300537109375,0
2026-08-05T14:55,1873.68994140625,1877.300048828125,1872.4300537109375,1874.510009765625,7569920
2026-08-05T15:00,1874.530029296875,1879.0,1873.6300048828125,1877.0400390625,79877120
2026-08-05T15:05,1877.5,1880.31005859375,1875.8599853515625,1880.31005859375,0
2026-08-05T15:10,1881.510009765625,1881.510009765625,1876.6500244140625,1876.6500244140625,4453376
2026-08-05T15:15,1876.1600341796875,1876.31005859375,1872.0999755859375,1875.239990234375,0
2026-08-05T15:20,1875.3599853515625,1875.800048828125,1873.47998046875,1874.7900390625,88309248
2026-08-05T15:25,1874.199951171875,1877.1400146484375,1873.9200439453125,1875.530029296875,9753088
2026-08-05T15:30,1875.5,1878.1400146484375,1875.489990234375,1877.52001953125,0
2026-08-05T15:35,1877.7900390625,1880.9000244140625,1876.5,1879.1700439453125,0
2026-08-05T15:40,1879.219970703125,1879.219970703125,1876.1300048828125,1876.3399658203125,0
2026-08-05T15:45,1876.3399658203125,1877.9300537109375,1875.0699462890625,1875.6500244140625,0
2026-08-05T15:50,1875.3900146484375,1875.6400146484375,1872.8399658203125,1873.3900146484375,0
2026-08-05T15:55,1873.1099853515625,1873.719970703125,1871.3199462890625,1872.4100341796875,0
2026-08-05T16:00,1872.280029296875,1875.280029296875,1872.06005859375,1874.3699951171875,24209408
2026-08-05T16:05,1874.9000244140625,1877.8699951171875,1874.719970703125,1877.719970703125,0
2026-08-05T16:10,1878.1199951171875,1880.8599853515625,1877.0,1880.8599853515625,29661696
2026-08-05T16:15,1881.0699462890625,1882.6500244140625,1879.030029296875,1880.5,0
2026-08-05T16:20,1880.7900390625,1889.9599609375,1880.7900390625,1886.6300048828125,22033920
2026-08-05T16:25,1887.0699462890625,1894.8199462890625,1887.02001953125,1894.510009765625,83725824
2026-08-05T16:30,1894.9300537109375,1895.06005859375,1890.0699462890625,1890.8599853515625,118963712
2026-08-05T16:35,1891.22998046875,1892.7099609375,1888.949951171875,1891.760009765625,135468032
2026-08-05T16:40,1891.7099609375,1893.47998046875,1890.699951171875,1890.9000244140625,32671744
2026-08-05T16:45,1890.7099609375,1890.7099609375,1887.7900390625,1888.1600341796875,9476096
2026-08-05T16:50,1888.1600341796875,1888.800048828125,1886.699951171875,1888.800048828125,0
2026-08-05T16:55,1888.7900390625,1894.0699462890625,1887.97998046875,1893.949951171875,13843968
2026-08-05T17:00,1894.43994140625,1896.780029296875,1893.9200439453125,1894.449951171875,93512704
2026-08-05T17:05,1894.3299560546875,1894.81005859375,1892.22998046875,1892.22998046875,12848640
2026-08-05T17:10,1892.4300537109375,1894.5,1891.68994140625,1892.2900390625,0
2026-08-05T17:15,1892.280029296875,1892.56005859375,1890.550048828125,1891.1300048828125,119826944
2026-08-05T17:20,1890.9599609375,1891.0,1889.4000244140625,1890.8599853515625,0
2026-08-05T17:25,1891.050048828125,1892.31005859375,1890.25,1890.81005859375,0
2026-08-05T17:30,1890.739990234375,1892.199951171875,1890.489990234375,1891.5999755859375,45535232
2026-08-05T17:35,1891.8800048828125,1905.4599609375,1891.8699951171875,1905.0,2779136
2026-08-05T17:40,1905.6800537109375,1909.3299560546875,1904.449951171875,1906.510009765625,3954688
2026-08-05T17:45,1906.4100341796875,1909.800048828125,1905.199951171875,1909.800048828125,130351104
2026-08-05T17:50,1909.6700439453125,1914.6099853515625,1909.1800537109375,1913.77001953125,29400064
2026-08-05T17:55,1913.25,1915.81005859375,1912.9000244140625,1914.5,180622336
2026-08-05T18:00,1914.5,1918.050048828125,1913.6199951171875,1918.050048828125,58063872
2026-08-05T18:05,1918.5899658203125,1918.5899658203125,1912.3800048828125,1912.5799560546875,137503744
2026-08-05T18:10,1912.760009765625,1918.8599853515625,1912.280029296875,1918.3800048828125,47417344
2026-08-05T18:15,1919.56005859375,1922.1700439453125,1916.93994140625,1917.7099609375,53062656
2026-08-05T18:20,1917.72998046875,1926.0999755859375,1917.489990234375,1917.949951171875,0
2026-08-05T18:25,1917.800048828125,1919.219970703125,1916.7900390625,1917.8299560546875,22743040
2026-08-05T18:30,1917.3499755859375,1917.3900146484375,1913.4000244140625,1913.6300048828125,37935104
2026-08-05T18:35,1914.239990234375,1918.5,1914.239990234375,1918.5,103180288
2026-08-05T18:40,1918.510009765625,1919.5400390625,1916.1800537109375,1919.1700439453125,0
2026-08-05T18:45,1919.4300537109375,1919.4300537109375,1916.0400390625,1916.050048828125,12021760
2026-08-05T18:50,1916.06005859375,1917.72998046875,1914.8499755859375,1915.1400146484375,108413952
2026-08-05T18:55,1915.3699951171875,1916.760009765625,1914.3499755859375,1916.760009765625,10024960
2026-08-05T19:00,1915.81005859375,1917.5,1914.0899658203125,1917.4200439453125,0
2026-08-05T19:05,1918.010009765625,1918.4200439453125,1915.6800537109375,1916.4000244140625,39409664
2026-08-05T19:10,1916.22998046875,1917.719970703125,1914.510009765625,1916.8900146484375,0
2026-08-05T19:15,1916.8599853515625,1917.18994140625,1915.68994140625,1915.719970703125,0
2026-08-05T19:20,1915.8399658203125,1918.4599609375,1915.8399658203125,1918.0,79735808
2026-08-05T19:25,1917.9300537109375,1919.510009765625,1917.75,1917.760009765625,15472640
2026-08-05T19:30,1917.6700439453125,1918.43994140625,1915.1400146484375,1915.1400146484375,0
2026-08-05T19:35,1914.6199951171875,1918.1800537109375,1914.3699951171875,1917.47998046875,51231744
2026-08-05T19:40,1917.81005859375,1918.739990234375,1917.3599853515625,1918.4100341796875,0
2026-08-05T19:45,1918.530029296875,1919.4300537109375,1917.3599853515625,1917.969970703125,41192448
2026-08-05T19:50,1917.780029296875,1919.75,1917.780029296875,1919.4100341796875,33169408
2026-08-05T19:55,1919.300048828125,1919.5,1915.6199951171875,1915.6199951171875,4113408
2026-08-05T20:00,1916.25,1917.27001953125,1915.25,1917.239990234375,0
2026-08-05T20:05,1917.2099609375,1917.2099609375,1915.449951171875,1915.8699951171875,0
2026-08-05T20:10,1916.6700439453125,1919.7900390625,1916.3900146484375,1919.530029296875,80136192
2026-08-05T20:15,1919.52001953125,1919.72998046875,1917.93994140625,1917.93994140625,12149760
2026-08-05T20:20,1917.6099853515625,1920.5699462890625,1917.239990234375,1919.52001953125,0
2026-08-05T20:25,1919.52001953125,1919.5999755859375,1917.6400146484375,1918.489990234375,0
2026-08-05T20:30,1918.4300537109375,1919.22998046875,1917.5799560546875,1917.6700439453125,147778560
2026-08-05T20:35,1917.6700439453125,1918.6199951171875,1917.02001953125,1918.219970703125,3622912
2026-08-05T20:40,1918.469970703125,1922.47998046875,1918.3800048828125,1921.9300537109375,0
2026-08-05T20:45,1922.5999755859375,1923.1600341796875,1919.199951171875,1919.52001953125,1928192
2026-08-05T20:50,1919.3199462890625,1919.8699951171875,1918.6400146484375,1919.4100341796875,0
2026-08-05T20:55,1919.0400390625,1919.0400390625,1915.25,1915.56005859375,0
2026-08-05T21:00,1915.6400146484375,1915.8900146484375,1908.4100341796875,1908.530029296875,0
2026-08-05T21:05,1908.199951171875,1910.6500244140625,1906.510009765625,1909.030029296875,3898368
2026-08-05T21:10,1908.8900146484375,1912.760009765625,1908.8699951171875,1912.3599853515625,111532032
2026-08-05T21:15,1912.4300537109375,1912.739990234375,1910.4300537109375,1910.6700439453125,31711232
2026-08-05T21:20,1910.47998046875,1910.75,1908.5999755859375,1909.3199462890625,21019648
2026-08-05T21:25,1909.9200439453125,1910.030029296875,1908.1300048828125,1908.8399658203125,8774656
2026-08-05T21:30,1908.8399658203125,1910.3199462890625,1907.4000244140625,1907.4000244140625,0
2026-08-05T21:35,1907.18994140625,1907.199951171875,1905.3299560546875,1906.4200439453125,78287872
2026-08-05T21:40,1906.77001953125,1907.800048828125,1906.4300537109375,1906.9599609375,0
2026-08-05T21:45,1906.8199462890625,1907.030029296875,1905.6099853515625,1906.489990234375,43176960
2026-08-05T21:50,1907.0799560546875,1908.6800537109375,1907.0799560546875,1907.8900146484375,37769216
2026-08-05T21:55,1907.9100341796875,1908.1700439453125,1906.8599853515625,1906.9200439453125,0
2026-08-05T22:00,1907.280029296875,1908.6500244140625,1904.989990234375,1906.27001953125,0
2026-08-05T22:05,1906.4100341796875,1908.8299560546875,1906.260009765625,1907.5999755859375,0
2026-08-05T22:10,1907.6500244140625,1911.22998046875,1907.6099853515625,1910.02001953125,0
2026-08-05T22:15,1910.1199951171875,1911.75,1909.9200439453125,1910.8299560546875,0
2026-08-05T22:20,1910.8800048828125,1911.1099853515625,1908.8900146484375,1909.760009765625,29348864
2026-08-05T22:25,1909.72998046875,1910.43994140625,1907.9000244140625,1910.3399658203125,0
2026-08-05T22:30,1910.4100341796875,1910.969970703125,1909.449951171875,1909.989990234375,11469824
2026-08-05T22:35,1909.989990234375,1910.1099853515625,1908.1700439453125,1908.449951171875,18424832
2026-08-05T22:40,1908.2099609375,1908.47998046875,1907.6500244140625,1907.7099609375,0
2026-08-05T22:45,1907.699951171875,1910.0699462890625,1907.699951171875,1907.989990234375,0
2026-08-05T22:50,1907.949951171875,1908.260009765625,1906.3900146484375,1906.3900146484375,36746240
2026-08-05T22:55,1906.3900146484375,1906.47998046875,1905.1600341796875,1905.27001953125,0
2026-08-05T23:00,1905.199951171875,1905.6800537109375,1903.0,1905.3399658203125,0
2026-08-05T23:05,1905.4200439453125,1907.699951171875,1904.530029296875,1907.489990234375,54672384
2026-08-05T23:10,1907.489990234375,1908.9200439453125,1907.489990234375,1907.760009765625,4504576
2026-08-05T23:15,1907.5799560546875,1908.1099853515625,1906.760009765625,1908.1099853515625,0
2026-08-05T23:20,1908.18994140625,1910.25,1908.18994140625,1910.030029296875,0
2026-08-05T23:25,1909.8800048828125,1910.4300537109375,1908.300048828125,1908.3399658203125,0
2026-08-05T23:30,1908.3399658203125,1908.6700439453125,1907.5400390625,1907.6800537109375,0
2026-08-05T23:35,1907.8800048828125,1909.010009765625,1907.800048828125,1908.760009765625,0
2026-08-05T23:40,1908.739990234375,1909.68994140625,1908.699951171875,1908.8399658203125,66478080
2026-08-05T23:45,1908.5,1909.3299560546875,1907.260009765625,1908.550048828125,0
2026-08-05T23:50,1908.56005859375,1909.18994140625,1907.800048828125,1907.9100341796875,0
2026-08-05T23:55,1907.6800537109375,1907.6800537109375,1906.3900146484375,1907.2900390625,0
2026-08-06T00:00,1907.75,1908.18994140625,1905.550048828125,1906.239990234375,0
2026-08-06T00:05,1906.02001953125,1909.0,1906.02001953125,1907.5,0
2026-08-06T00:10,1907.31005859375,1910.280029296875,1907.1400146484375,1908.5799560546875,15158272
2026-08-06T00:15,1908.6099853515625,1910.22998046875,1907.6600341796875,1910.0899658203125,0
2026-08-06T00:20,1910.3900146484375,1911.719970703125,1909.81005859375,1911.489990234375,0
2026-08-06T00:25,1911.3599853515625,1911.969970703125,1909.77001953125,1909.9300537109375,0
2026-08-06T00:30,1910.1500244140625,1910.8299560546875,1909.3599853515625,1909.5899658203125,72404992
2026-08-06T00:35,1909.4200439453125,1909.7099609375,1908.3699951171875,1908.7900390625,0
2026-08-06T00:40,1908.760009765625,1909.6800537109375,1907.6500244140625,1907.719970703125,0
2026-08-06T00:45,1907.7900390625,1909.199951171875,1906.780029296875,1908.010009765625,0
2026-08-06T00:50,1907.9200439453125,1910.27001953125,1907.6600341796875,1909.800048828125,2288640
2026-08-06T00:55,1910.43994140625,1910.550048828125,1908.550048828125,1908.550048828125,1649664
2026-08-06T01:00,1908.3699951171875,1909.3399658203125,1907.8599853515625,1908.8299560546875,0
2026-08-06T01:05,1908.530029296875,1908.93994140625,1906.8800048828125,1908.93994140625,0
2026-08-06T01:10,1909.2900390625,1909.4599609375,1906.27001953125,1907.6400146484375,0
2026-08-06T01:15,1907.739990234375,1908.6400146484375,1906.260009765625,1907.010009765625,11587584
2026-08-06T01:20,1906.9200439453125,1907.050048828125,1905.0699462890625,1905.219970703125,74308608
2026-08-06T01:25,1905.43994140625,1905.5799560546875,1903.1300048828125,1903.219970703125,0
2026-08-06T01:30,1902.6199951171875,1906.0899658203125,1901.27001953125,1905.280029296875,0
2026-08-06T01:35,1905.0,1907.050048828125,1904.5,1904.6600341796875,22853632
2026-08-06T01:40,1904.699951171875,1905.18994140625,1904.06005859375,1904.56005859375,66378752
2026-08-06T01:45,1904.4300537109375,1908.0,1904.4200439453125,1907.52001953125,0
2026-08-06T01:50,1907.52001953125,1908.0,1906.56005859375,1906.7099609375,0
2026-08-06T01:55,1906.510009765625,1906.9000244140625,1904.8800048828125,1904.93994140625,6640640
2026-08-06T02:00,1904.280029296875,1906.1099853515625,1903.8399658203125,1905.489990234375,0
2026-08-06T02:05,1905.4599609375,1906.1099853515625,1904.4100341796875,1906.0899658203125,60294144
2026-08-06T02:10,1906.0999755859375,1909.0,1902.699951171875,1902.719970703125,0
2026-08-06T02:15,1902.1500244140625,1904.1300048828125,1895.52001953125,1895.52001953125,70548480
2026-08-06T02:20,1895.8800048828125,1898.4599609375,1895.0,1897.9599609375,83491840
2026-08-06T02:25,1897.6600341796875,1898.2099609375,1894.97998046875,1896.7900390625,18873344
2026-08-06T02:30,1896.800048828125,1898.010009765625,1895.52001953125,1898.010009765625,0
2026-08-06T02:35,1898.3800048828125,1898.4000244140625,1893.2900390625,1896.0400390625,107830272
2026-08-06T02:40,1895.52001953125,1898.5699462890625,1895.52001953125,1898.5699462890625,6114304
2026-08-06T02:45,1898.56005859375,1899.81005859375,1896.7900390625,1898.030029296875,6791168
2026-08-06T02:50,1897.9000244140625,1897.949951171875,1896.760009765625,1897.02001953125,0
2026-08-06T02:55,1896.800048828125,1897.8900146484375,1896.4000244140625,1897.4100341796875,23977984
2026-08-06T03:00,1897.4000244140625,1897.4000244140625,1895.0,1896.3399658203125,2896896
2026-08-06T03:05,1896.280029296875,1897.0799560546875,1894.5899658203125,1895.52001953125,0
2026-08-06T03:10,1895.449951171875,1896.8399658203125,1895.4100341796875,1896.0,0
2026-08-06T03:15,1896.219970703125,1896.219970703125,1894.6300048828125,1895.0,0
2026-08-06T03:20,1895.0,1896.31005859375,1893.5400390625,1893.75,0
2026-08-06T03:25,1893.6800537109375,1895.6300048828125,1893.6800537109375,1895.02001953125,0
2026-08-06T03:30,1895.02001953125,1896.550048828125,1894.050048828125,1895.510009765625,0
2026-08-06T03:35,1895.0,1897.0,1894.780029296875,1896.2900390625,7622656
2026-08-06T03:40,1896.1700439453125,1896.6199951171875,1895.239990234375,1895.5999755859375,17939456
2026-08-06T03:45,1895.699951171875,1897.56005859375,1895.5899658203125,1897.2099609375,0
2026-08-06T03:50,1897.02001953125,1897.050048828125,1895.1800537109375,1895.510009765625,13250560
2026-08-06T03:55,1894.550048828125,1897.219970703125,1894.550048828125,1897.219970703125,2234368
2026-08-06T04:00,1896.8499755859375,1896.8499755859375,1894.0799560546875,1894.0799560546875,3142656
2026-08-06T04:05,1894.02001953125,1897.4599609375,1893.9599609375,1897.4599609375,9954304
2026-08-06T04:10,1897.239990234375,1898.3900146484375,1896.6099853515625,1898.06005859375,0
2026-08-06T04:15,1898.06005859375,1901.030029296875,1898.06005859375,1900.6300048828125,5753856
2026-08-06T04:20,1900.6300048828125,1903.6800537109375,1900.6300048828125,1902.8299560546875,23582720
2026-08-06T04:25,1903.18994140625,1904.6800537109375,1903.18994140625,1904.1500244140625,0
2026-08-06T04:30,1904.1500244140625,1906.3699951171875,1904.010009765625,1904.300048828125,206177280
2026-08-06T04:35,1904.239990234375,1906.0400390625,1903.239990234375,1903.239990234375,7991296
2026-08-06T04:40,1903.239990234375,1903.8800048828125,1902.97998046875,1903.7900390625,6370304
2026-08-06T04:45,1903.9000244140625,1904.1099853515625,1902.8800048828125,1903.4200439453125,12058624
2026-08-06T04:50,1903.6800537109375,1905.719970703125,1903.4599609375,1905.719970703125,0
2026-08-06T04:55,1906.1199951171875,1906.550048828125,1905.0,1906.0899658203125,8012800
2026-08-06T05:00,1906.2099609375,1907.77001953125,1905.5999755859375,1907.0999755859375,0
2026-08-06T05:05,1907.0,1915.449951171875,1907.0,1913.6300048828125,0
2026-08-06T05:10,1913.52001953125,1915.0699462890625,1912.0,1913.1099853515625,43139072
2026-08-06T05:15,1913.280029296875,1916.8199462890625,1911.800048828125,1912.5699462890625,114399232
2026-08-06T05:20,1912.6099853515625,1914.9100341796875,1910.9300537109375,1914.5999755859375,34041856
2026-08-06T05:25,1914.3599853515625,1914.3599853515625,1909.47998046875,1909.780029296875,8233984
2026-08-06T05:30,1909.43994140625,1910.969970703125,1908.7900390625,1909.9200439453125,3795968
2026-08-06T05:35,1909.9100341796875,1911.1099853515625,1908.97998046875,1909.9300537109375,0
2026-08-06T05:40,1909.9300537109375,1911.27001953125,1909.9200439453125,1911.1400146484375,67426304
2026-08-06T05:45,1911.1500244140625,1912.18994140625,1909.9300537109375,1910.18994140625,0
2026-08-06T05:50,1910.0699462890625,1910.449951171875,1909.5699462890625,1910.0,6843392
2026-08-06T05:55,1909.97998046875,1912.469970703125,1909.6600341796875,1912.469970703125,12209152
2026-08-06T06:00,1911.8800048828125,1912.530029296875,1909.8699951171875,1912.5,0
2026-08-06T06:05,1912.7900390625,1912.9200439453125,1909.8199462890625,1909.8199462890625,0
2026-08-06T06:10,1909.81005859375,1910.1600341796875,1907.9300537109375,1908.260009765625,16721920
2026-08-06T06:15,1908.6199951171875,1908.7900390625,1907.6600341796875,1908.050048828125,0
2026-08-06T06:20,1908.030029296875,1912.0699462890625,1908.030029296875,1911.800048828125,0
2026-08-06T06:25,1911.800048828125,1912.199951171875,1910.9000244140625,1911.1400146484375,79532032
2026-08-06T06:30,1911.1500244140625,1911.8699951171875,1909.9300537109375,1911.739990234375,0
2026-08-06T06:35,1911.93994140625,1912.2900390625,1910.3900146484375,1911.3800048828125,51963904
2026-08-06T06:40,1911.3699951171875,1911.8299560546875,1910.4300537109375,1911.8299560546875,1798144
2026-08-06T06:45,1911.8199462890625,1912.239990234375,1910.77001953125,1911.489990234375,0
2026-08-06T06:50,1911.760009765625,1911.8900146484375,1910.8900146484375,1911.06005859375,0
2026-08-06T06:55,1911.030029296875,1911.6700439453125,1910.5,1911.6700439453125,0
2026-08-06T07:00,1911.6800537109375,1911.6800537109375,1910.06005859375,1910.3599853515625,0
2026-08-06T07:05,1910.3699951171875,1911.0,1910.3599853515625,1910.780029296875,0
2026-08-06T07:10,1910.4000244140625,1912.510009765625,1910.239990234375,1912.510009765625,0
2026-08-06T07:15,1912.510009765625,1913.199951171875,1911.0799560546875,1911.9200439453125,0
2026-08-06T07:20,1912.260009765625,1912.4300537109375,1911.3199462890625,1911.6199951171875,0
2026-08-06T07:25,1911.3900146484375,1911.3900146484375,1910.3900146484375,1910.4000244140625,71362560
2026-08-06T07:30,1910.4000244140625,1910.6099853515625,1909.1500244140625,1909.8199462890625,0
2026-08-06T07:35,1909.7900390625,1909.7900390625,1908.1199951171875,1908.2099609375,0
2026-08-06T07:40,1908.030029296875,1908.0400390625,1905.3499755859375,1906.3199462890625,60146688
2026-08-06T07:45,1906.3199462890625,1907.18994140625,1906.3199462890625,1907.010009765625,0
2026-08-06T07:50,1907.0,1907.739990234375,1905.8599853515625,1907.739990234375,6789120
2026-08-06T07:55,1907.75,1909.4000244140625,1907.1199951171875,1907.1199951171875,6055936
2026-08-06T08:00,1907.969970703125,1909.1800537109375,1906.8399658203125,1907.6800537109375,0
2026-08-06T08:05,1907.550048828125,1909.5999755859375,1907.239990234375,1907.4599609375,0
2026-08-06T08:10,1907.27001953125,1908.300048828125,1907.27001953125,1907.9599609375,0
2026-08-06T08:15,1907.699951171875,1909.6099853515625,1907.5,1908.47998046875,4692992
2026-08-06T08:20,1908.9200439453125,1910.199951171875,1908.719970703125,1909.8199462890625,7496704
2026-08-06T08:25,1909.5699462890625,1911.800048828125,1909.3900146484375,1911.800048828125,6359040
2026-08-06T08:30,1911.8599853515625,1913.300048828125,1910.6199951171875,1911.530029296875,9980928
2026-08-06T08:35,1911.43994140625,1911.52001953125,1910.0,1910.969970703125,5309440
2026-08-06T08:40,1910.9100341796875,1912.699951171875,1910.7900390625,1911.300048828125,0
2026-08-06T08:45,1911.6500244140625,1912.2900390625,1911.3900146484375,1911.3900146484375,23913472
2026-08-06T08:50,1911.780029296875,1917.1700439453125,1911.780029296875,1915.030029296875,0
2026-08-06T08:55,1915.4599609375,1916.719970703125,1913.6300048828125,1914.199951171875,21730304
2026-08-06T09:00,1914.260009765625,1914.75,1911.5999755859375,1911.5999755859375,47437824
2026-08-06T09:05,1911.1300048828125,1912.300048828125,1908.6600341796875,1911.4100341796875,15975424
2026-08-06T09:10,1911.510009765625,1911.52001953125,1904.239990234375,1905.6500244140625,0
2026-08-06T09:15,1905.5,1906.8699951171875,1905.0,1906.8299560546875,120877056
2026-08-06T09:20,1906.9200439453125,1909.31005859375,1906.9100341796875,1908.27001953125,21377024
2026-08-06T09:25,1908.280029296875,1908.7900390625,1905.8399658203125,1906.6400146484375,458752
2026-08-06T09:30,1906.5899658203125,1906.8399658203125,1904.760009765625,1906.8399658203125,1859584
2026-08-06T09:35,1906.6500244140625,1907.0699462890625,1906.1600341796875,1906.199951171875,0
2026-08-06T09:40,1905.6199951171875,1906.530029296875,1904.27001953125,1904.43994140625,78359552
2026-08-06T09:45,1904.0,1905.5799560546875,1902.9100341796875,1905.5799560546875,0
2026-08-06T09:50,1905.68994140625,1906.3199462890625,1904.9599609375,1905.800048828125,8779776
2026-08-06T09:55,1905.81005859375,1906.1600341796875,1905.1600341796875,1905.6600341796875,0
2026-08-06T10:00,1905.6600341796875,1905.6600341796875,1902.3199462890625,1903.0,29335552
2026-08-06T10:05,1902.8299560546875,1903.06005859375,1901.7099609375,1902.5,0
2026-08-06T10:10,1902.52001953125,1902.52001953125,1901.02001953125,1901.1300048828125,53708800
2026-08-06T10:15,1900.9000244140625,1903.6500244140625,1899.469970703125,1903.6500244140625,0
2026-08-06T10:20,1903.8499755859375,1903.9599609375,1902.25,1902.949951171875,65426432
2026-08-06T10:25,1902.800048828125,1903.5,1902.469970703125,1903.5,7730176
2026-08-06T10:30,1903.510009765625,1903.7900390625,1902.7900390625,1902.8199462890625,5567488
2026-08-06T10:35,1902.8599853515625,1903.469970703125,1901.7900390625,1902.969970703125,15801344
2026-08-06T10:40,1903.1099853515625,1903.4300537109375,1901.8299560546875,1902.25,0
2026-08-06T10:45,1902.25,1903.0699462890625,1901.9100341796875,1902.52001953125,13807616
2026-08-06T10:50,1902.52001953125,1902.52001953125,1900.0799560546875,1900.3499755859375,0
2026-08-06T10:55,1900.3399658203125,1900.739990234375,1899.739990234375,1900.739990234375,0
2026-08-06T11:00,1900.52001953125,1900.52001953125,1896.1800537109375,1896.699951171875,0
2026-08-06T11:05,1896.699951171875,1898.52001953125,1894.8399658203125,1898.4599609375,16373760
2026-08-06T11:10,1898.469970703125,1900.550048828125,1898.469970703125,1900.1700439453125,92618752
2026-08-06T11:15,1900.3399658203125,1904.7099609375,1900.3399658203125,1904.6700439453125,0
2026-08-06T11:20,1904.56005859375,1905.260009765625,1903.780029296875,1903.780029296875,54686720
2026-08-06T11:25,1903.800048828125,1903.8599853515625,1903.3699951171875,1903.47998046875,73078784
2026-08-06T11:30,1903.3699951171875,1906.0,1903.3699951171875,1905.68994140625,0
2026-08-06T11:35,1905.6500244140625,1907.3399658203125,1905.4000244140625,1906.6500244140625,0
2026-08-06T11:40,1906.530029296875,1906.969970703125,1906.25,1906.7900390625,65349632
2026-08-06T11:45,1906.8599853515625,1906.8900146484375,1905.1199951171875,1905.4300537109375,60581888
2026-08-06T11:50,1905.239990234375,1906.0999755859375,1903.719970703125,1904.8499755859375,0
2026-08-06T11:55,1904.8299560546875,1905.8399658203125,1904.3399658203125,1905.8399658203125,84758528
2026-08-06T12:00,1905.8199462890625,1905.969970703125,1902.1199951171875,1902.7900390625,0
2026-08-06T12:05,1902.4000244140625,1902.4000244140625,1900.1400146484375,1900.260009765625,0
2026-08-06T12:10,1900.3699951171875,1900.8199462890625,1899.3599853515625,1899.719970703125,3746816
2026-08-06T12:15,1899.56005859375,1900.5999755859375,1899.199951171875,1900.5999755859375,76969984
2026-08-06T12:20,1900.7900390625,1904.030029296875,1900.43994140625,1903.4200439453125,0
2026-08-06T12:25,1903.1500244140625,1903.239990234375,1902.510009765625,1902.949951171875,0
2026-08-06T12:30,1902.9200439453125,1902.949951171875,1901.0699462890625,1901.699951171875,0
2026-08-06T12:35,1901.5,1904.22998046875,1901.5,1904.22998046875,0
2026-08-06T12:40,1904.1800537109375,1904.1800537109375,1901.6199951171875,1901.81005859375,0
2026-08-06T12:45,1901.9100341796875,1902.4599609375,1901.25,1902.199951171875,10274816
2026-08-06T12:50,1901.3900146484375,1901.780029296875,1899.1400146484375,1899.1400146484375,0
2026-08-06T12:55,1899.5699462890625,1900.27001953125,1896.43994140625,1896.75,49426432
2026-08-06T13:00,1896.8199462890625,1898.1099853515625,1896.1300048828125,1896.3900146484375,0
2026-08-06T13:05,1896.97998046875,1896.97998046875,1890.52001953125,1890.52001953125,77097984
2026-08-06T13:10,1891.0799560546875,1894.27001953125,1890.699951171875,1893.8800048828125,0
2026-08-06T13:15,1893.800048828125,1895.8800048828125,1893.1800537109375,1894.47998046875,21176320
2026-08-06T13:20,1894.6500244140625,1895.780029296875,1893.72998046875,1893.9000244140625,0
2026-08-06T13:25,1892.43994140625,1895.5699462890625,1892.43994140625,1895.5699462890625,48096256
2026-08-06T13:30,1894.719970703125,1895.4000244140625,1891.9300537109375,1895.1099853515625,0
2026-08-06T13:35,1896.31005859375,1901.8399658203125,1894.97998046875,1901.8399658203125,47045632
2026-08-06T13:40,1901.6099853515625,1906.030029296875,1901.5999755859375,1904.8399658203125,0
2026-08-06T13:45,1904.6300048828125,1906.81005859375,1903.3299560546875,1906.280029296875,0
2026-08-06T13:50,1906.0999755859375,1908.6400146484375,1904.969970703125,1906.3199462890625,0
2026-08-06T13:55,1906.31005859375,1909.199951171875,1905.72998046875,1905.8399658203125,70443008
2026-08-06T14:00,1905.6500244140625,1907.1800537109375,1903.1199951171875,1906.27001953125,0
2026-08-06T14:05,1906.969970703125,1908.3800048828125,1906.3499755859375,1906.5899658203125,7447552
2026-08-06T14:10,1907.5699462890625,1909.97998046875,1906.0400390625,1906.3399658203125,0
2026-08-06T14:15,1906.25,1908.3399658203125,1905.300048828125,1905.8399658203125,12864512
2026-08-06T14:20,1906.0699462890625,1910.5999755859375,1906.030029296875,1906.81005859375,64630784
2026-08-06T14:25,1906.9200439453125,1908.7099609375,1904.550048828125,1905.0999755859375,0
2026-08-06T14:30,1902.4200439453125,1909.1500244140625,1901.9100341796875,1908.9000244140625,41280512
2026-08-06T14:35,1908.9300537109375,1911.949951171875,1908.6099853515625,1909.1500244140625,0
2026-08-06T14:40,1908.9000244140625,1916.1600341796875,1908.8399658203125,1913.6400146484375,85429248
2026-08-06T14:45,1914.1199951171875,1914.3599853515625,1909.3900146484375,1909.6800537109375,43329536
2026-08-06T14:50,1909.4000244140625,1910.6300048828125,1908.5999755859375,1910.5899658203125,0
2026-08-06T14:55,1910.77001953125,1914.469970703125,1910.77001953125,1913.239990234375,0
2026-08-06T15:00,1913.530029296875,1914.949951171875,1911.31005859375,1912.3199462890625,0
2026-08-06T15:05,1912.300048828125,1916.4599609375,1911.1600341796875,1916.4599609375,63612928
2026-08-06T15:10,1916.6700439453125,1918.1099853515625,1913.489990234375,1913.6700439453125,10447872
2026-08-06T15:15,1913.260009765625,1915.699951171875,1910.81005859375,1911.030029296875,0
2026-08-06T15:20,1911.1099853515625,1915.1300048828125,1911.050048828125,1914.77001953125,0
2026-08-06T15:25,1914.949951171875,1916.1800537109375,1913.4000244140625,1915.6500244140625,31528960
2026-08-06T15:30,1915.9200439453125,1917.9000244140625,1912.4599609375,1912.4599609375,20937728
2026-08-06T15:35,1912.02001953125,1915.7099609375,1911.4200439453125,1914.9000244140625,27921408
2026-08-06T15:40,1915.1199951171875,1915.68994140625,1911.8699951171875,1911.8699951171875,63661056
2026-08-06T15:45,1911.9100341796875,1917.3499755859375,1911.72998046875,1915.9100341796875,0
2026-08-06T15:50,1915.8399658203125,1916.6300048828125,1910.8599853515625,1910.8599853515625,40824832
2026-08-06T15:55,1909.8800048828125,1911.4200439453125,1909.050048828125,1909.1099853515625,0
2026-08-06T16:00,1909.6199951171875,1910.260009765625,1907.47998046875,1909.7900390625,0
2026-08-06T16:05,1909.5999755859375,1909.800048828125,1907.1199951171875,1909.06005859375,68183040
2026-08-06T16:10,1909.300048828125,1910.030029296875,1906.93994140625,1908.25,11256832
2026-08-06T16:15,1908.0999755859375,1911.8399658203125,1907.81005859375,1911.489990234375,0
2026-08-06T16:20,1911.050048828125,1911.050048828125,1907.489990234375,1908.800048828125,19802112
2026-08-06T16:25,1908.969970703125,1910.0799560546875,1907.4100341796875,1909.9000244140625,0
2026-08-06T16:30,1909.969970703125,1911.260009765625,1908.489990234375,1910.800048828125,0
2026-08-06T16:35,1910.6600341796875,1912.5999755859375,1909.5899658203125,1912.0,0
2026-08-06T16:40,1912.25,1914.6500244140625,1912.1300048828125,1913.1099853515625,0
2026-08-06T16:45,1912.8199462890625,1913.47998046875,1911.0400390625,1913.239990234375,0
2026-08-06T16:50,1913.510009765625,1914.760009765625,1912.199951171875,1912.2099609375,21054464
2026-08-06T16:55,1912.030029296875,1914.5999755859375,1912.030029296875,1914.010009765625,22472704
2026-08-06T17:00,1914.510009765625,1916.72998046875,1914.300048828125,1915.2099609375,0
2026-08-06T17:05,1915.7099609375,1916.469970703125,1913.18994140625,1914.050048828125,0
2026-08-06T17:10,1913.5999755859375,1914.800048828125,1913.0,1913.1800537109375,0
2026-08-06T17:15,1913.06005859375,1914.699951171875,1911.8900146484375,1913.9100341796875,9640960
2026-08-06T17:20,1914.25,1915.0899658203125,1912.0400390625,1912.4000244140625,59702272
2026-08-06T17:25,1912.7900390625,1913.56005859375,1912.699951171875,1912.81005859375,0
2026-08-06T17:30,1912.4100341796875,1915.75,1912.4100341796875,1913.6800537109375,0
2026-08-06T17:35,1914.0,1914.8399658203125,1912.0,1912.06005859375,0
2026-08-06T17:40,1912.0799560546875,1912.5,1908.800048828125,1911.0699462890625,70244352
2026-08-06T17:45,1911.18994140625,1912.219970703125,1910.050048828125,1910.050048828125,0
2026-08-06T17:50,1909.4200439453125,1912.780029296875,1909.4200439453125,1912.449951171875,0
2026-08-06T17:55,1912.449951171875,1913.7900390625,1912.0699462890625,1912.43994140625,0
2026-08-06T18:00,1912.52001953125,1912.5799560546875,1908.6400146484375,1909.949951171875,0
2026-08-06T18:05,1910.0999755859375,1910.1400146484375,1907.300048828125,1908.5,0
2026-08-06T18:10,1908.8199462890625,1909.93994140625,1907.5,1909.8800048828125,16372224
2026-08-06T18:15,1909.9100341796875,1911.4100341796875,1908.219970703125,1910.6099853515625,0
2026-08-06T18:20,1910.739990234375,1912.5999755859375,1910.56005859375,1910.93994140625,0
2026-08-06T18:25,1910.9200439453125,1911.0699462890625,1909.699951171875,1909.8900146484375,0
2026-08-06T18:30,1909.9300537109375,1909.989990234375,1905.8499755859375,1905.8800048828125,22920704
2026-08-06T18:35,1906.1700439453125,1907.0899658203125,1904.1400146484375,1904.3599853515625,0
2026-08-06T18:40,1903.8499755859375,1904.719970703125,1903.8499755859375,1904.1099853515625,14811136
2026-08-06T18:45,1904.1800537109375,1905.9599609375,1903.8499755859375,1903.8499755859375,8486912
2026-08-06T18:50,1903.72998046875,1904.27001953125,1902.43994140625,1902.5,20580864
2026-08-06T18:55,1902.8900146484375,1905.050048828125,1902.43994140625,1904.4300537109375,0
2026-08-06T19:00,1904.800048828125,1906.56005859375,1904.239990234375,1906.280029296875,11004416
2026-08-06T19:05,1905.949951171875,1907.510009765625,1904.93994140625,1907.3800048828125,19084800
2026-08-06T19:10,1907.0799560546875,1907.9599609375,1906.9200439453125,1906.9200439453125,0
2026-08-06T19:15,1906.81005859375,1907.0,1905.5999755859375,1906.510009765625,32738304
2026-08-06T19:20,1906.6400146484375,1908.5699462890625,1906.0699462890625,1906.0999755859375,0
2026-08-06T19:25,1905.5699462890625,1907.0799560546875,1905.300048828125,1905.3299560546875,6640640
2026-08-06T19:30,1905.8199462890625,1906.239990234375,1904.9000244140625,1906.1300048828125,6500352
2026-08-06T19:35,1906.1199951171875,1907.969970703125,1905.8299560546875,1907.1600341796875,0
2026-08-06T19:40,1907.22998046875,1907.800048828125,1906.4100341796875,1907.02001953125,0
2026-08-06T19:45,1907.3599853515625,1907.5699462890625,1906.02001953125,1906.739990234375,69520896
2026-08-06T19:50,1906.0699462890625,1910.0,1906.030029296875,1908.8900146484375,0
2026-08-06T19:55,1908.8199462890625,1909.5400390625,1908.010009765625,1908.5699462890625,20957696
2026-08-06T20:00,1908.699951171875,1909.25,1907.9100341796875,1908.9599609375,0
2026-08-06T20:05,1909.1500244140625,1909.5,1907.949951171875,1907.949951171875,0
2026-08-06T20:10,1907.949951171875,1908.3900146484375,1907.5699462890625,1908.0999755859375,62124032
2026-08-06T20:15,1908.1600341796875,1908.4000244140625,1906.280029296875,1907.1199951171875,0
2026-08-06T20:20,1907.1400146484375,1907.3800048828125,1906.1500244140625,1906.1600341796875,0
2026-08-06T20:25,1906.3399658203125,1906.3399658203125,1904.719970703125,1905.77001953125,0
2026-08-06T20:30,1905.510009765625,1906.2900390625,1904.4300537109375,1906.2099609375,0
2026-08-06T20:35,1906.0899658203125,1906.9000244140625,1905.6099853515625,1906.0400390625,6639616
2026-08-06T20:40,1906.0400390625,1907.5699462890625,1906.02001953125,1906.3599853515625,0
2026-08-06T20:45,1906.1099853515625,1906.1099853515625,1905.3800048828125,1905.6199951171875,0
2026-08-06T20:50,1905.6300048828125,1906.4599609375,1905.4200439453125,1905.6099853515625,0
2026-08-06T20:55,1905.4200439453125,1906.52001953125,1905.3599853515625,1905.6600341796875,0
2026-08-06T21:00,1905.6500244140625,1907.8900146484375,1905.3699951171875,1905.800048828125,0
2026-08-06T21:05,1905.5899658203125,1907.1600341796875,1905.3199462890625,1905.800048828125,0
2026-08-06T21:10,1905.81005859375,1907.699951171875,1905.1099853515625,1906.8499755859375,0
2026-08-06T21:15,1906.800048828125,1908.0,1905.989990234375,1906.4599609375,3589120
2026-08-06T21:20,1906.4599609375,1906.780029296875,1905.6099853515625,1905.9599609375,0
2026-08-06T21:25,1905.949951171875,1906.1600341796875,1905.1500244140625,1905.739990234375,0
2026-08-06T21:30,1906.0,1906.43994140625,1905.8499755859375,1905.9300537109375,0
2026-08-06T21:35,1905.6099853515625,1905.9000244140625,1904.530029296875,1905.68994140625,0
2026-08-06T21:40,1905.68994140625,1907.02001953125,1905.2099609375,1905.9100341796875,0
2026-08-06T21:45,1905.9000244140625,1905.9000244140625,1904.6199951171875,1905.06005859375,13392896
2026-08-06T21:50,1904.989990234375,1906.010009765625,1904.739990234375,1904.8199462890625,0
2026-08-06T21:55,1904.8199462890625,1905.3900146484375,1904.3299560546875,1904.5799560546875,0
2026-08-06T22:00,1904.800048828125,1905.1500244140625,1902.1600341796875,1904.43994140625,0
2026-08-06T22:05,1904.8699951171875,1905.9000244140625,1903.8199462890625,1904.0999755859375,0
2026-08-06T22:10,1904.300048828125,1905.6700439453125,1904.18994140625,1905.5899658203125,0
2026-08-06T22:15,1905.6700439453125,1906.0,1903.699951171875,1903.7099609375,24097280
2026-08-06T22:20,1903.719970703125,1903.93994140625,1901.0999755859375,1902.8399658203125,30376448
2026-08-06T22:25,1902.68994140625,1903.199951171875,1902.199951171875,1902.699951171875,0
2026-08-06T22:30,1902.5999755859375,1903.2900390625,1901.3900146484375,1902.300048828125,27567616
2026-08-06T22:35,1902.4000244140625,1903.7099609375,1902.300048828125,1902.989990234375,0
2026-08-06T22:40,1902.9200439453125,1903.0400390625,1900.8900146484375,1901.9300537109375,0
2026-08-06T22:45,1901.989990234375,1903.3499755859375,1901.8900146484375,1902.8900146484375,0
2026-08-06T22:50,1902.8900146484375,1903.739990234375,1902.8399658203125,1903.239990234375,65263104
2026-08-06T22:55,1903.239990234375,1904.1500244140625,1903.1400146484375,1903.719970703125,0
2026-08-06T23:00,1903.3299560546875,1903.9000244140625,1902.469970703125,1903.6600341796875,0
2026-08-06T23:05,1903.719970703125,1904.3699951171875,1903.0,1903.77001953125,0
2026-08-06T23:10,1903.75,1904.300048828125,1903.3900146484375,1903.5999755859375,9780224
2026-08-06T23:15,1903.6099853515625,1903.72998046875,1900.8599853515625,1900.8599853515625,0
2026-08-06T23:20,1900.8800048828125,1901.469970703125,1898.5999755859375,1900.3199462890625,0
2026-08-06T23:25,1900.0,1900.699951171875,1899.06005859375,1900.5999755859375,3272192
2026-08-06T23:30,1899.699951171875,1900.780029296875,1899.550048828125,1900.550048828125,10933760
2026-08-06T23:35,1900.219970703125,1900.219970703125,1897.43994140625,1897.81005859375,22651904
2026-08-06T23:40,1897.8900146484375,1898.6400146484375,1897.1300048828125,1898.56005859375,0
2026-08-06T23:45,1898.56005859375,1899.93994140625,1897.760009765625,1899.1600341796875,64334336
2026-08-06T23:50,1899.1600341796875,1901.4200439453125,1898.9100341796875,1900.6600341796875,6518784
2026-08-06T23:55,1900.6199951171875,1902.5400390625,1900.6199951171875,1902.4200439453125,555008
2026-08-07T00:00,1902.030029296875,1902.800048828125,1900.2900390625,1902.800048828125,42270208
2026-08-07T00:05,1903.199951171875,1903.800048828125,1902.5,1902.5,0
2026-08-07T00:10,1902.6199951171875,1902.8399658203125,1899.1199951171875,1899.6099853515625,7876096
2026-08-07T00:15,1899.6199951171875,1900.8900146484375,1898.18994140625,1899.97998046875,0
2026-08-07T00:20,1900.1800537109375,1900.1800537109375,1898.219970703125,1899.699951171875,58212352
2026-08-07T00:25,1899.6400146484375,1901.1700439453125,1899.4300537109375,1900.56005859375,43442688
2026-08-07T00:30,1900.2099609375,1901.949951171875,1898.5899658203125,1901.9100341796875,0
2026-08-07T00:35,1902.0699462890625,1902.72998046875,1898.93994140625,1900.449951171875,10815488
2026-08-07T00:40,1900.43994140625,1902.0999755859375,1898.7099609375,1901.77001953125,3781632
2026-08-07T00:45,1902.0799560546875,1902.5899658203125,1900.2099609375,1900.239990234375,2933760
2026-08-07T00:50,1900.5,1902.699951171875,1900.1099853515625,1901.239990234375,0
2026-08-07T00:55,1901.239990234375,1902.18994140625,1900.260009765625,1902.18994140625,0
2026-08-07T01:00,1902.2900390625,1905.8199462890625,1902.2900390625,1904.1800537109375,56658944
2026-08-07T01:05,1903.81005859375,1904.489990234375,1902.4100341796875,1902.9000244140625,0
2026-08-07T01:10,1903.010009765625,1903.0999755859375,1901.6099853515625,1901.9100341796875,12151296
2026-08-07T01:15,1902.0899658203125,1902.5699462890625,1900.8900146484375,1902.02001953125,6272512
2026-08-07T01:20,1902.1099853515625,1902.550048828125,1901.02001953125,1901.8199462890625,36337664
2026-08-07T01:25,1901.8199462890625,1903.8499755859375,1901.760009765625,1903.6500244140625,20156416
2026-08-07T01:30,1903.510009765625,1904.52001953125,1903.1300048828125,1903.469970703125,0
2026-08-07T01:35,1903.239990234375,1903.800048828125,1899.280029296875,1899.280029296875,0
2026-08-07T01:40,1899.030029296875,1900.56005859375,1897.52001953125,1900.5400390625,0
2026-08-07T01:45,1900.31005859375,1902.5699462890625,1900.31005859375,1902.280029296875,0
2026-08-07T01:50,1902.5,1902.989990234375,1900.7099609375,1901.5999755859375,92101120
2026-08-07T01:55,1901.6199951171875,1902.47998046875,1900.5699462890625,1901.780029296875,0
2026-08-07T02:00,1901.4000244140625,1902.3900146484375,1900.699951171875,1901.5999755859375,23133696
2026-08-07T02:05,1901.6700439453125,1901.9200439453125,1899.06005859375,1899.1099853515625,0
2026-08-07T02:10,1899.0699462890625,1901.5400390625,1896.510009765625,1901.0799560546875,16603136
2026-08-07T02:15,1901.5999755859375,1906.8599853515625,1901.56005859375,1904.06005859375,0
2026-08-07T02:20,1903.7099609375,1903.7099609375,1899.3800048828125,1900.489990234375,0
2026-08-07T02:25,1900.3900146484375,1900.4000244140625,1898.72998046875,1898.760009765625,0
2026-08-07T02:30,1898.97998046875,1900.0799560546875,1898.02001953125,1899.0799560546875,16440320
2026-08-07T02:35,1898.9000244140625,1901.0400390625,1898.75,1898.9100341796875,0
2026-08-07T02:40,1898.760009765625,1901.1400146484375,1897.9300537109375,1900.9599609375,55355392
2026-08-07T02:45,1900.969970703125,1902.719970703125,1900.77001953125,1902.25,12274176
2026-08-07T02:50,1902.5999755859375,1903.300048828125,1902.219970703125,1902.31005859375,0
2026-08-07T02:55,1902.3299560546875,1902.43994140625,1900.6700439453125,1900.97998046875,0
2026-08-07T03:00,1900.8499755859375,1901.3800048828125,1899.010009765625,1899.72998046875,22274048
2026-08-07T03:05,1899.72998046875,1902.1300048828125,1899.719970703125,1901.3299560546875,0
2026-08-07T03:10,1901.3299560546875,1901.81005859375,1898.949951171875,1899.449951171875,73790464
2026-08-07T03:15,1899.43994140625,1899.8900146484375,1898.5999755859375,1899.27001953125,0
2026-08-07T03:20,1898.489990234375,1899.739990234375,1897.280029296875,1899.1600341796875,10662912
2026-08-07T03:25,1899.18994140625,1900.06005859375,1898.1099853515625,1898.3699951171875,0
2026-08-07T03:30,1898.31005859375,1900.5400390625,1898.31005859375,1898.5999755859375,48515584
2026-08-07T03:35,1898.6800537109375,1899.0799560546875,1897.72998046875,1897.9100341796875,6707712
2026-08-07T03:40,1898.6500244140625,1899.3199462890625,1897.9300537109375,1898.2900390625,14352896
2026-08-07T03:45,1898.199951171875,1898.2900390625,1896.8199462890625,1898.2900390625,28986880
2026-08-07T03:50,1898.1099853515625,1899.02001953125,1896.4300537109375,1897.050048828125,0
2026-08-07T03:55,1896.6400146484375,1896.7099609375,1895.1300048828125,1895.6800537109375,0
2026-08-07T04:00,1895.280029296875,1896.9000244140625,1894.3499755859375,1896.9000244140625,0
2026-08-07T04:05,1896.800048828125,1898.2099609375,1896.1400146484375,1897.6700439453125,92273664
2026-08-07T04:10,1897.8900146484375,1898.239990234375,1896.6199951171875,1897.2900390625,0
2026-08-07T04:15,1897.1099853515625,1898.6800537109375,1895.8699951171875,1898.6800537109375,0
2026-08-07T04:20,1898.5699462890625,1898.81005859375,1897.3800048828125,1898.0,36504064
2026-08-07T04:25,1897.780029296875,1897.969970703125,1897.010009765625,1897.219970703125,0
2026-08-07T04:30,1896.8599853515625,1898.6700439453125,1896.6600341796875,1898.1199951171875,0
2026-08-07T04:35,1898.300048828125,1899.0999755859375,1895.9300537109375,1897.0899658203125,65111040
2026-08-07T04:40,1897.1800537109375,1897.1800537109375,1896.4300537109375,1896.5400390625,0
2026-08-07T04:45,1896.530029296875,1896.75,1894.72998046875,1895.75,18085376
2026-08-07T04:50,1895.4000244140625,1895.4000244140625,1892.72998046875,1893.4599609375,3498496
2026-08-07T04:55,1893.6199951171875,1895.8299560546875,1893.510009765625,1895.6500244140625,0
2026-08-07T05:00,1895.6500244140625,1896.68994140625,1895.31005859375,1896.2900390625,0
2026-08-07T05:05,1895.5999755859375,1896.489990234375,1894.3199462890625,1896.280029296875,56559616
2026-08-07T05:10,1895.260009765625,1897.0799560546875,1895.260009765625,1896.1099853515625,0
2026-08-07T05:15,1896.0899658203125,1896.3399658203125,1895.0,1895.0999755859375,0
2026-08-07T05:20,1895.0400390625,1896.0699462890625,1894.5999755859375,1894.77001953125,0
2026-08-07T05:25,1894.5699462890625,1895.0999755859375,1894.300048828125,1894.8599853515625,0
2026-08-07T05:30,1894.8499755859375,1895.199951171875,1893.8699951171875,1894.030029296875,0
2026-08-07T05:35,1893.8900146484375,1895.43994140625,1893.8900146484375,1895.3599853515625,50659840
2026-08-07T05:40,1895.3699951171875,1897.27001953125,1894.97998046875,1896.3299560546875,11322880
2026-08-07T05:45,1896.52001953125,1898.3199462890625,1896.010009765625,1897.8699951171875,0
2026-08-07T05:50,1897.9599609375,1900.739990234375,1897.9599609375,1900.219970703125,4405760
2026-08-07T05:55,1900.5999755859375,1900.6300048828125,1899.9200439453125,1899.9200439453125,0
2026-08-07T06:00,1899.7099609375,1900.239990234375,1898.5999755859375,1899.3399658203125,6484480
2026-08-07T06:05,1899.6400146484375,1900.699951171875,1899.3399658203125,1899.4200439453125,32134144
2026-08-07T06:10,1899.780029296875,1902.3800048828125,1899.780029296875,1902.3299560546875,19498496
2026-08-07T06:15,1902.3599853515625,1902.97998046875,1901.8599853515625,1902.72998046875,0
2026-08-07T06:20,1902.8299560546875,1904.510009765625,1902.5999755859375,1904.510009765625,0
2026-08-07T06:25,1905.0999755859375,1906.06005859375,1903.7099609375,1903.77001953125,47049216
2026-08-07T06:30,1905.0999755859375,1905.0999755859375,1902.27001953125,1902.780029296875,0
2026-08-07T06:35,1902.8900146484375,1904.5999755859375,1902.81005859375,1903.5,70699008
2026-08-07T06:40,1903.449951171875,1903.5400390625,1902.219970703125,1903.0999755859375,23771648
2026-08-07T06:45,1903.1500244140625,1904.22998046875,1902.219970703125,1902.219970703125,0
2026-08-07T06:50,1902.2900390625,1902.7900390625,1901.3900146484375,1902.56005859375,0
2026-08-07T06:55,1902.739990234375,1903.6300048828125,1902.4000244140625,1903.0400390625,0
2026-08-07T07:00,1902.800048828125,1903.3399658203125,1901.2099609375,1902.81005859375,79646720
2026-08-07T07:05,1902.81005859375,1904.9300537109375,1902.6199951171875,1904.9300537109375,0
2026-08-07T07:10,1905.0699462890625,1905.780029296875,1904.3699951171875,1904.7900390625,0
2026-08-07T07:15,1905.0400390625,1905.4300537109375,1904.3800048828125,1904.6099853515625,52196864
2026-08-07T07:20,1904.5,1905.3800048828125,1903.8299560546875,1904.780029296875,0
2026-08-07T07:25,1904.5,1904.719970703125,1903.8499755859375,1904.030029296875,67134464
2026-08-07T07:30,1904.1500244140625,1904.25,1902.510009765625,1903.06005859375,50281984
2026-08-07T07:35,1902.8299560546875,1903.3199462890625,1902.199951171875,1902.199951171875,0
2026-08-07T07:40,1902.199951171875,1902.4300537109375,1901.4300537109375,1901.8399658203125,34614784
2026-08-07T07:45,1901.8299560546875,1902.0,1901.43994140625,1901.8599853515625,0
2026-08-07T07:50,1901.8599853515625,1902.2900390625,1901.510009765625,1902.0799560546875,0
2026-08-07T07:55,1902.1199951171875,1902.1199951171875,1900.9300537109375,1900.9300537109375,0
2026-08-07T08:00,1900.4599609375,1901.9599609375,1900.4599609375,1901.8900146484375,0
2026-08-07T08:05,1902.43994140625,1902.510009765625,1900.739990234375,1901.989990234375,0
2026-08-07T08:10,1901.800048828125,1904.989990234375,1901.780029296875,1904.9000244140625,0
2026-08-07T08:15,1904.9100341796875,1905.1300048828125,1903.31005859375,1904.4000244140625,26454528
2026-08-07T08:20,1904.4000244140625,1905.1099853515625,1903.7099609375,1905.1099853515625,0
2026-08-07T08:25,1905.0899658203125,1905.5999755859375,1904.260009765625,1904.72998046875,0
2026-08-07T08:30,1905.25,1906.989990234375,1904.8599853515625,1906.510009765625,37326848
2026-08-07T08:35,1906.5999755859375,1906.6500244140625,1904.4200439453125,1904.93994140625,21947904
2026-08-07T08:40,1904.949951171875,1912.4000244140625,1904.8399658203125,1911.5799560546875,14686720
2026-08-07T08:45,1911.5,1911.5,1908.0999755859375,1908.8299560546875,22972416
2026-08-07T08:50,1908.8199462890625,1909.3800048828125,1908.1800537109375,1908.4100341796875,52834816
2026-08-07T08:55,1908.4300537109375,1909.3599853515625,1908.4100341796875,1909.3599853515625,0
2026-08-07T09:00,1909.27001953125,1910.8800048828125,1909.27001953125,1910.4599609375,6356992
2026-08-07T09:05,1910.449951171875,1910.5799560546875,1909.6300048828125,1910.260009765625,0
2026-08-07T09:10,1910.25,1913.52001953125,1910.25,1911.0,0
2026-08-07T09:15,1911.010009765625,1911.25,1910.050048828125,1910.6600341796875,0
2026-08-07T09:20,1910.6600341796875,1911.1700439453125,1909.52001953125,1911.030029296875,55915520
2026-08-07T09:25,1911.1300048828125,1911.6500244140625,1909.22998046875,1909.8199462890625,234496
2026-08-07T09:30,1909.81005859375,1915.6199951171875,1909.0,1913.18994140625,97511936
2026-08-07T09:35,1913.3900146484375,1916.1199951171875,1913.3499755859375,1916.1199951171875,158120448
2026-08-07T09:40,1916.1500244140625,1916.260009765625,1914.199951171875,1914.5400390625,3633152
2026-08-07T09:45,1914.5999755859375,1914.72998046875,1912.6700439453125,1914.1400146484375,148194816
2026-08-07T09:50,1914.25,1914.25,1912.3199462890625,1912.7099609375,14087168
2026-08-07T09:55,1912.6800537109375,1912.81005859375,1911.6099853515625,1911.7900390625,0
2026-08-07T10:00,1912.300048828125,1913.43994140625,1911.31005859375,1913.3299560546875,186179584
2026-08-07T10:05,1913.1199951171875,1914.4599609375,1912.9000244140625,1913.31005859375,29039104
2026-08-07T10:10,1913.2900390625,1913.8900146484375,1912.75,1913.7900390625,3393536
2026-08-07T10:15,1913.6099853515625,1913.800048828125,1913.1099853515625,1913.7900390625,0
2026-08-07T10:20,1913.800048828125,1913.800048828125,1911.699951171875,1911.760009765625,0
2026-08-07T10:25,1911.77001953125,1913.3699951171875,1911.77001953125,1913.3599853515625,0
2026-08-07T10:30,1913.4000244140625,1913.5799560546875,1912.77001953125,1912.780029296875,0
2026-08-07T10:35,1912.780029296875,1912.969970703125,1912.0799560546875,1912.5,19894784
2026-08-07T10:40,1912.1199951171875,1912.8399658203125,1911.5999755859375,1912.18994140625,42552320
2026-08-07T10:45,1912.3399658203125,1913.3900146484375,1912.1400146484375,1912.1400146484375,42781696
2026-08-07T10:50,1912.22998046875,1912.969970703125,1911.6099853515625,1911.9100341796875,0
2026-08-07T10:55,1911.9200439453125,1912.0,1911.2900390625,1911.4300537109375,0
2026-08-07T11:00,1911.4200439453125,1914.2900390625,1911.4200439453125,1913.989990234375,681984
2026-08-07T11:05,1913.8800048828125,1915.3599853515625,1913.8800048828125,1915.1199951171875,0
2026-08-07T11:10,1915.1199951171875,1915.5,1914.31005859375,1914.56005859375,0
2026-08-07T11:15,1914.56005859375,1914.6800537109375,1913.4100341796875,1913.4200439453125,42218496
2026-08-07T11:20,1913.0999755859375,1919.449951171875,1913.0,1917.010009765625,13127680
2026-08-07T11:25,1917.2900390625,1917.5899658203125,1915.3199462890625,1915.550048828125,26988032
2026-08-07T11:30,1915.699951171875,1915.699951171875,1913.9000244140625,1914.5899658203125,26247168
2026-08-07T11:35,1914.260009765625,1916.010009765625,1914.0999755859375,1915.949951171875,6061568
2026-08-07T11:40,1915.969970703125,1916.31005859375,1914.9000244140625,1914.9100341796875,55551488
2026-08-07T11:45,1914.9100341796875,1915.3199462890625,1914.81005859375,1915.1400146484375,0
2026-08-07T11:50,1915.1400146484375,1915.199951171875,1913.260009765625,1914.6400146484375,33492480
2026-08-07T11:55,1914.6099853515625,1914.8900146484375,1914.43994140625,1914.8900146484375,13947392
2026-08-07T12:00,1914.9000244140625,1918.699951171875,1914.9000244140625,1917.8900146484375,0
2026-08-07T12:05,1918.47998046875,1931.2900390625,1918.0,1929.4100341796875,11147264
2026-08-07T12:10,1930.8900146484375,1936.6199951171875,1930.8900146484375,1932.530029296875,102508032
2026-08-07T12:15,1933.1199951171875,1933.1199951171875,1928.1099853515625,1928.2099609375,200045056
2026-08-07T12:20,1928.219970703125,1929.199951171875,1927.0799560546875,1928.3499755859375,23792640
2026-08-07T12:25,1928.0,1931.800048828125,1927.199951171875,1929.9000244140625,61873152
2026-08-07T12:30,1931.5999755859375,1938.8800048828125,1922.52001953125,1922.52001953125,0
2026-08-07T12:35,1922.25,1928.3499755859375,1921.0699462890625,1927.699951171875,338582016
2026-08-07T12:40,1927.510009765625,1929.4100341796875,1927.1500244140625,1927.6099853515625,48222208
2026-08-07T12:45,1928.300048828125,1931.219970703125,1928.300048828125,1929.260009765625,7025664
2026-08-07T12:50,1929.260009765625,1934.5,1929.260009765625,1933.97998046875,0
2026-08-07T12:55,1933.93994140625,1934.72998046875,1930.300048828125,1930.989990234375,26353664
2026-08-07T13:00,1931.4000244140625,1931.8599853515625,1928.510009765625,1930.699951171875,0
2026-08-07T13:05,1930.719970703125,1932.5899658203125,1929.300048828125,1929.3800048828125,27523072
2026-08-07T13:10,1929.2099609375,1929.25,1926.93994140625,1927.6500244140625,84342784
2026-08-07T13:15,1927.6800537109375,1929.9000244140625,1927.280029296875,1929.2099609375,0
2026-08-07T13:20,1929.5400390625,1930.0,1926.1199951171875,1926.1199951171875,10762240
2026-08-07T13:25,1925.030029296875,1927.5999755859375,1924.5400390625,1926.449951171875,2458624
2026-08-07T13:30,1926.52001953125,1931.739990234375,1924.6300048828125,1931.4000244140625,0
2026-08-07T13:35,1931.739990234375,1932.31005859375,1925.510009765625,1932.0999755859375,3303424
2026-08-07T13:40,1933.1099853515625,1933.5,1927.9100341796875,1931.4000244140625,47788032
2026-08-07T13:45,1931.030029296875,1931.56005859375,1924.469970703125,1928.530029296875,0
2026-08-07T13:50,1927.6099853515625,1930.050048828125,1925.1400146484375,1926.300048828125,0
2026-08-07T13:55,1926.7900390625,1926.7900390625,1920.3599853515625,1921.9000244140625,0
2026-08-07T14:00,1922.18994140625,1922.18994140625,1912.6099853515625,1913.699951171875,0
2026-08-07T14:05,1912.3499755859375,1913.4100341796875,1909.800048828125,1911.68994140625,157265920
2026-08-07T14:10,1911.43994140625,1914.68994140625,1910.199951171875,1911.5,49331200
2026-08-07T14:15,1910.2099609375,1916.9599609375,1909.4300537109375,1916.5899658203125,4334592
2026-08-07T14:20,1917.489990234375,1921.5,1917.0,1920.9100341796875,2625536
2026-08-07T14:25,1921.0,1924.0,1920.4000244140625,1922.31005859375,67036160
2026-08-07T14:30,1922.510009765625,1923.1199951171875,1918.8599853515625,1922.7099609375,0
2026-08-07T14:35,1922.5999755859375,1925.2099609375,1920.199951171875,1920.199951171875,0
2026-08-07T14:40,1919.800048828125,1923.199951171875,1916.4100341796875,1917.0799560546875,155551744
2026-08-07T14:45,1917.0899658203125,1919.5799560546875,1915.9000244140625,1917.3699951171875,0
2026-08-07T14:50,1917.300048828125,1918.5699462890625,1910.550048828125,1912.6800537109375,0
2026-08-07T14:55,1913.199951171875,1914.8900146484375,1911.5799560546875,1912.1099853515625,403456
2026-08-07T15:00,1911.760009765625,1913.6099853515625,1911.3499755859375,1911.699951171875,5451776
2026-08-07T15:05,1911.3499755859375,1916.949951171875,1911.3499755859375,1916.949951171875,30803968
2026-08-07T15:10,1917.199951171875,1918.3800048828125,1913.300048828125,1914.1500244140625,0
2026-08-07T15:15,1914.0,1915.6300048828125,1912.800048828125,1914.6500244140625,15258624
2026-08-07T15:20,1914.8900146484375,1916.469970703125,1913.6099853515625,1916.4000244140625,275456
2026-08-07T15:25,1916.050048828125,1917.3900146484375,1915.199951171875,1915.5899658203125,0
2026-08-07T15:30,1915.5899658203125,1919.4000244140625,1915.5899658203125,1916.0999755859375,0
2026-08-07T15:35,1916.3699951171875,1917.800048828125,1915.2099609375,1915.550048828125,0
2026-08-07T15:40,1915.719970703125,1919.68994140625,1915.719970703125,1919.199951171875,0
2026-08-07T15:45,1919.489990234375,1919.489990234375,1917.0,1918.81005859375,8390656
2026-08-07T15:50,1918.489990234375,1919.4000244140625,1915.969970703125,1917.199951171875,32071680
2026-08-07T15:55,1917.3699951171875,1917.8199462890625,1916.06005859375,1916.5899658203125,0
2026-08-07T16:00,1917.0799560546875,1919.22998046875,1917.0799560546875,1919.22998046875,0
2026-08-07T16:05,1919.239990234375,1921.0,1919.199951171875,1921.0,31932416
2026-08-07T16:10,1921.280029296875,1923.8699951171875,1919.010009765625,1922.300048828125,0
2026-08-07T16:15,1921.6099853515625,1922.5899658203125,1917.22998046875,1918.1600341796875,70969344
2026-08-07T16:20,1918.3299560546875,1920.1700439453125,1912.469970703125,1913.72998046875,0
2026-08-07T16:25,1913.5799560546875,1914.449951171875,1912.3399658203125,1913.510009765625,37593088
2026-08-07T16:30,1913.9000244140625,1914.449951171875,1910.6300048828125,1914.449951171875,0
2026-08-07T16:35,1914.43994140625,1914.800048828125,1913.0400390625,1913.9200439453125,64582656
2026-08-07T16:40,1913.9300537109375,1914.8800048828125,1913.510009765625,1914.0999755859375,6391808
2026-08-07T16:45,1914.2099609375,1914.6199951171875,1913.2900390625,1913.989990234375,0
2026-08-07T16:50,1913.8800048828125,1915.1700439453125,1911.31005859375,1911.31005859375,30801920
2026-08-07T16:55,1911.3299560546875,1911.4300537109375,1908.0899658203125,1908.0899658203125,0
2026-08-07T17:00,1908.1600341796875,1909.0699462890625,1905.0,1906.4599609375,40089600
2026-08-07T17:05,1906.1300048828125,1909.949951171875,1906.1300048828125,1908.52001953125,22416384
2026-08-07T17:10,1908.800048828125,1908.800048828125,1905.5,1905.8199462890625,1939456
2026-08-07T17:15,1905.9000244140625,1908.93994140625,1904.81005859375,1908.81005859375,38549504
2026-08-07T17:20,1908.75,1908.93994140625,1906.3499755859375,1906.3499755859375,0
2026-08-07T17:25,1906.3299560546875,1907.6099853515625,1906.0699462890625,1907.0,11056128
2026-08-07T17:30,1906.56005859375,1907.8900146484375,1904.739990234375,1907.31005859375,9545728
2026-08-07T17:35,1904.7099609375,1910.1300048828125,1904.6600341796875,1909.780029296875,18850816
2026-08-07T17:40,1909.800048828125,1910.989990234375,1909.31005859375,1910.6700439453125,8960000
2026-08-07T17:45,1910.6099853515625,1911.6700439453125,1908.7099609375,1908.77001953125,0
2026-08-07T17:50,1909.1099853515625,1910.31005859375,1906.010009765625,1908.2099609375,84246528
2026-08-07T17:55,1908.280029296875,1911.5799560546875,1908.280029296875,1911.2099609375,1470464
2026-08-07T18:00,1911.010009765625,1913.6500244140625,1910.7099609375,1912.6300048828125,0
2026-08-07T18:05,1912.31005859375,1913.5,1911.3199462890625,1913.4300537109375,3008512
2026-08-07T18:10,1913.4200439453125,1914.2900390625,1912.52001953125,1912.5999755859375,71127040
2026-08-07T18:15,1912.6099853515625,1913.800048828125,1912.0,1913.010009765625,0
2026-08-07T18:20,1913.010009765625,1913.1600341796875,1911.27001953125,1911.27001953125,0
2026-08-07T18:25,1911.27001953125,1911.93994140625,1911.1099853515625,1911.4200439453125,0
2026-08-07T18:30,1911.27001953125,1912.6099853515625,1910.68994140625,1910.699951171875,0
2026-08-07T18:35,1910.8199462890625,1910.8299560546875,1908.6700439453125,1908.8599853515625,0
2026-08-07T18:40,1908.9300537109375,1909.530029296875,1906.780029296875,1906.780029296875,0
2026-08-07T18:45,1906.77001953125,1907.739990234375,1906.0799560546875,1906.8699951171875,0
2026-08-07T18:50,1906.949951171875,1907.3900146484375,1904.8599853515625,1905.4100341796875,0
2026-08-07T18:55,1905.5699462890625,1908.8399658203125,1905.5699462890625,1908.8399658203125,0
2026-08-07T19:00,1909.3299560546875,1912.550048828125,1908.97998046875,1909.699951171875,0
2026-08-07T19:05,1909.550048828125,1912.02001953125,1909.550048828125,1912.02001953125,0
2026-08-07T19:10,1912.469970703125,1913.6199951171875,1911.8499755859375,1912.300048828125,0
2026-08-07T19:15,1912.3900146484375,1914.5699462890625,1912.3900146484375,1913.4300537109375,0
2026-08-07T19:20,1913.31005859375,1917.0799560546875,1913.2099609375,1915.3299560546875,37137408
2026-08-07T19:25,1915.2099609375,1917.2900390625,1915.1199951171875,1915.800048828125,13089792
2026-08-07T19:30,1915.81005859375,1917.27001953125,1915.81005859375,1916.93994140625,7611392
2026-08-07T19:35,1916.9300537109375,1917.4599609375,1916.27001953125,1916.3199462890625,76223488
2026-08-07T19:40,1917.0799560546875,1918.5400390625,1917.0,1917.699951171875,17846272
2026-08-07T19:45,1917.5999755859375,1919.27001953125,1917.5999755859375,1917.8299560546875,0
2026-08-07T19:50,1918.0,1919.0,1916.489990234375,1916.72998046875,0
2026-08-07T19:55,1916.7099609375,1918.3299560546875,1916.6500244140625,1917.8399658203125,0
2026-08-07T20:00,1918.1800537109375,1919.3800048828125,1916.81005859375,1917.7900390625,0
2026-08-07T20:05,1917.0999755859375,1917.6199951171875,1916.3299560546875,1917.6199951171875,5036032
2026-08-07T20:10,1917.010009765625,1917.72998046875,1916.5400390625,1917.510009765625,0
2026-08-07T20:15,1917.510009765625,1917.52001953125,1916.2900390625,1916.47998046875,0
2026-08-07T20:20,1916.7099609375,1916.7099609375,1915.27001953125,1916.3499755859375,0
2026-08-07T20:25,1916.5,1916.9100341796875,1915.800048828125,1915.81005859375,0
2026-08-07T20:30,1915.81005859375,1915.81005859375,1914.3499755859375,1914.47998046875,23888896
2026-08-07T20:35,1914.6199951171875,1915.0400390625,1914.550048828125,1914.56005859375,24942592
2026-08-07T20:40,1914.5799560546875,1915.0999755859375,1914.3800048828125,1914.4599609375,0
2026-08-07T20:45,1914.449951171875,1914.9000244140625,1914.1500244140625,1914.8599853515625,0
2026-08-07T20:50,1914.52001953125,1914.56005859375,1913.77001953125,1913.8299560546875,13056000
2026-08-07T20:55,1913.8299560546875,1913.949951171875,1913.2900390625,1913.8599853515625,15620096
2026-08-07T21:00,1913.7099609375,1914.0799560546875,1913.1500244140625,1913.1500244140625,0
2026-08-07T21:05,1913.1500244140625,1913.3599853515625,1913.0799560546875,1913.2900390625,21901312
2026-08-07T21:10,1913.280029296875,1914.6300048828125,1913.0799560546875,1913.77001953125,0
2026-08-07T21:15,1913.9599609375,1915.1500244140625,1912.8299560546875,1912.9200439453125,7546880
2026-08-07T21:20,1912.8800048828125,1913.3399658203125,1911.4000244140625,1913.300048828125,0
2026-08-07T21:25,1913.010009765625,1913.0899658203125,1912.0,1912.7900390625,0
2026-08-07T21:30,1912.7900390625,1914.1800537109375,1912.7900390625,1913.8900146484375,9913344
2026-08-07T21:35,1913.8900146484375,1914.4200439453125,1912.3800048828125,1912.9200439453125,0
2026-08-07T21:40,1912.6500244140625,1919.0,1912.6500244140625,1917.18994140625,0
2026-08-07T21:45,1917.0999755859375,1917.1700439453125,1915.949951171875,1916.4000244140625,53139456
2026-08-07T21:50,1916.4200439453125,1917.010009765625,1915.75,1915.760009765625,0
2026-08-07T21:55,1915.760009765625,1916.199951171875,1914.97998046875,1915.489990234375,12139520
2026-08-07T22:00,1915.0999755859375,1915.510009765625,1913.7099609375,1914.1199951171875,92610560
2026-08-07T22:05,1914.1600341796875,1915.1600341796875,1913.97998046875,1914.780029296875,13795328
2026-08-07T22:10,1914.8199462890625,1915.010009765625,1914.280029296875,1914.5899658203125,0
2026-08-07T22:15,1914.5999755859375,1915.6400146484375,1914.02001953125,1914.31005859375,27022336
2026-08-07T22:20,1914.31005859375,1914.739990234375,1914.06005859375,1914.72998046875,457728
2026-08-07T22:25,1914.72998046875,1914.739990234375,1914.3199462890625,1914.3900146484375,14089216
2026-08-07T22:30,1914.3800048828125,1914.739990234375,1913.5400390625,1913.8599853515625,15092736
2026-08-07T22:35,1913.8599853515625,1913.8599853515625,1912.989990234375,1913.3399658203125,0
2026-08-07T22:40,1913.3399658203125,1913.6199951171875,1913.3399658203125,1913.449951171875,0
2026-08-07T22:45,1913.4100341796875,1913.6500244140625,1913.2099609375,1913.219970703125,9873408
2026-08-07T22:50,1913.219970703125,1914.0400390625,1913.219970703125,1913.4000244140625,3013632
2026-08-07T22:55,1913.550048828125,1913.989990234375,1913.4100341796875,1913.989990234375,0
2026-08-07T23:00,1913.989990234375,1914.280029296875,1913.8199462890625,1914.280029296875,0
2026-08-07T23:05,1914.280029296875,1914.969970703125,1914.260009765625,1914.9599609375,4085760
2026-08-07T23:10,1914.969970703125,1915.260009765625,1914.8900146484375,1915.0799560546875,2976768
2026-08-07T23:15,1915.0799560546875,1915.22998046875,1914.31005859375,1914.6600341796875,0
2026-08-07T23:20,1914.5999755859375,1914.5999755859375,1914.280029296875,1914.3299560546875,23862272
2026-08-07T23:25,1914.3199462890625,1914.3299560546875,1913.780029296875,1914.1199951171875,0
2026-08-07T23:30,1914.1099853515625,1914.2900390625,1913.97998046875,1914.239990234375,0
2026-08-07T23:35,1914.22998046875,1914.280029296875,1913.969970703125,1914.280029296875,0
2026-08-07T23:40,1914.27001953125,1914.8900146484375,1914.27001953125,1914.8900146484375,16943104
2026-08-07T23:45,1914.9100341796875,1915.3299560546875,1914.5,1914.72998046875,11497472
2026-08-07T23:50,1914.3299560546875,1914.3299560546875,1913.3399658203125,1913.3800048828125,0
2026-08-07T23:55,1913.3699951171875,1913.7900390625,1913.02001953125,1913.1500244140625,0
2026-08-08T00:00,1913.1600341796875,1913.22998046875,1912.030029296875,1913.219970703125,0
2026-08-08T00:05,1913.25,1914.06005859375,1912.5400390625,1912.5400390625,0
2026-08-08T00:10,1912.550048828125,1913.6300048828125,1912.550048828125,1913.6199951171875,0
2026-08-08T00:15,1913.5899658203125,1913.5899658203125,1911.5899658203125,1912.1700439453125,11351040
2026-08-08T00:20,1912.1800537109375,1913.18994140625,1911.969970703125,1912.9200439453125,0
2026-08-08T00:25,1912.9200439453125,1913.4000244140625,1912.5400390625,1913.4000244140625,27207680
2026-08-08T00:30,1913.4000244140625,1913.8699951171875,1913.2900390625,1913.7099609375,0
2026-08-08T00:35,1913.6099853515625,1913.9599609375,1913.5999755859375,1913.75,40228864
2026-08-08T00:40,1913.75,1914.010009765625,1913.4100341796875,1913.9599609375,0
2026-08-08T00:45,1913.93994140625,1913.93994140625,1913.56005859375,1913.5699462890625,18555904
2026-08-08T00:50,1913.56005859375,1913.5699462890625,1913.1700439453125,1913.3399658203125,0
2026-08-08T00:55,1913.3299560546875,1913.780029296875,1913.219970703125,1913.5699462890625,12578816
2026-08-08T01:00,1913.3299560546875,1914.25,1913.280029296875,1914.0400390625,0
2026-08-08T01:05,1914.02001953125,1914.510009765625,1913.7900390625,1913.800048828125,21799936
2026-08-08T01:10,1913.699951171875,1914.5,1913.5799560546875,1914.0999755859375,0
2026-08-08T01:15,1913.9200439453125,1915.2900390625,1913.3900146484375,1914.5999755859375,10931200
2026-08-08T01:20,1914.5999755859375,1914.6700439453125,1913.989990234375,1914.5400390625,15551488
2026-08-08T01:25,1914.52001953125,1914.52001953125,1913.719970703125,1913.949951171875,13404160
2026-08-08T01:30,1913.9599609375,1914.1400146484375,1913.8599853515625,1913.8900146484375,0
2026-08-08T01:35,1913.9000244140625,1914.6500244140625,1913.9000244140625,1914.489990234375,2469888
2026-08-08T01:40,1914.489990234375,1914.6400146484375,1914.31005859375,1914.4599609375,0
2026-08-08T01:45,1914.3699951171875,1914.3699951171875,1913.5999755859375,1913.6300048828125,3049472
2026-08-08T01:50,1913.6400146484375,1913.8599853515625,1913.4599609375,1913.6400146484375,0
2026-08-08T01:55,1913.6300048828125,1913.9000244140625,1913.6300048828125,1913.719970703125,0
2026-08-08T02:00,1913.719970703125,1913.8299560546875,1913.3199462890625,1913.47998046875,0
2026-08-08T02:05,1913.5400390625,1913.5400390625,1913.4300537109375,1913.449951171875,0
2026-08-08T02:10,1913.449951171875,1913.4599609375,1912.550048828125,1912.6300048828125,29748224
2026-08-08T02:15,1912.6300048828125,1912.6300048828125,1912.1600341796875,1912.4000244140625,0
2026-08-08T02:20,1912.4000244140625,1912.56005859375,1911.6300048828125,1911.6300048828125,0
2026-08-08T02:25,1911.6400146484375,1912.52001953125,1911.6400146484375,1912.52001953125,0
2026-08-08T02:30,1912.510009765625,1913.550048828125,1912.3199462890625,1912.4200439453125,10593280
2026-08-08T02:35,1912.4200439453125,1912.949951171875,1912.4200439453125,1912.6800537109375,0
2026-08-08T02:40,1912.4200439453125,1912.6400146484375,1912.4200439453125,1912.5,0
2026-08-08T02:45,1912.5,1912.5,1912.0,1912.4100341796875,43218944
2026-08-08T02:50,1912.4000244140625,1912.739990234375,1912.010009765625,1912.4100341796875,525312
2026-08-08T02:55,1912.4100341796875,1912.469970703125,1912.199951171875,1912.4599609375,0
2026-08-08T03:00,1912.489990234375,1913.6600341796875,1912.489990234375,1913.469970703125,0
2026-08-08T03:05,1913.530029296875,1913.6500244140625,1913.530029296875,1913.6199951171875,0
2026-08-08T03:10,1913.6800537109375,1913.81005859375,1913.3299560546875,1913.449951171875,12959744
2026-08-08T03:15,1913.449951171875,1914.4000244140625,1913.449951171875,1914.4000244140625,0
2026-08-08T03:20,1914.47998046875,1915.0899658203125,1914.27001953125,1914.5899658203125,0
2026-08-08T03:25,1914.510009765625,1915.6099853515625,1914.510009765625,1915.6099853515625,0
2026-08-08T03:30,1915.6099853515625,1918.3900146484375,1915.6099853515625,1917.489990234375,55632896
2026-08-08T03:35,1917.72998046875,1918.219970703125,1916.7099609375,1916.800048828125,6770688
2026-08-08T03:40,1916.81005859375,1916.969970703125,1916.489990234375,1916.489990234375,0
2026-08-08T03:45,1916.5699462890625,1917.47998046875,1916.510009765625,1917.219970703125,0
2026-08-08T03:50,1917.0699462890625,1917.0699462890625,1915.8399658203125,1915.9100341796875,0
2026-08-08T03:55,1916.4100341796875,1917.5999755859375,1916.4100341796875,1917.1099853515625,24727552
2026-08-08T04:00,1917.1099853515625,1918.52001953125,1917.0,1917.31005859375,0
2026-08-08T04:05,1917.31005859375,1917.31005859375,1915.52001953125,1915.52001953125,6302720
2026-08-08T04:10,1915.52001953125,1916.199951171875,1915.2099609375,1915.9000244140625,0
2026-08-08T04:15,1915.9100341796875,1916.530029296875,1915.3499755859375,1916.530029296875,0
2026-08-08T04:20,1916.52001953125,1916.52001953125,1915.5400390625,1915.550048828125,0
2026-08-08T04:25,1915.6099853515625,1916.56005859375,1915.4000244140625,1916.3599853515625,38265856
2026-08-08T04:30,1916.219970703125,1917.0699462890625,1916.02001953125,1916.2900390625,0
2026-08-08T04:35,1916.260009765625,1916.9599609375,1916.260009765625,1916.9599609375,9003008
2026-08-08T04:40,1917.3499755859375,1917.97998046875,1916.97998046875,1916.97998046875,0
2026-08-08T04:45,1917.199951171875,1917.3199462890625,1916.77001953125,1916.77001953125,0
2026-08-08T04:50,1916.7900390625,1917.0,1915.989990234375,1916.219970703125,0
2026-08-08T04:55,1916.2099609375,1916.260009765625,1915.75,1916.2099609375,0
2026-08-08T05:00,1916.1800537109375,1916.27001953125,1915.9300537109375,1916.1600341796875,0
2026-08-08T05:05,1916.1600341796875,1916.489990234375,1916.0,1916.0,0
2026-08-08T05:10,1916.0,1916.219970703125,1915.719970703125,1915.9100341796875,0
2026-08-08T05:15,1915.9100341796875,1916.010009765625,1915.300048828125,1915.6099853515625,1581056
2026-08-08T05:20,1915.6199951171875,1916.5,1915.530029296875,1916.4599609375,0
2026-08-08T05:25,1916.5400390625,1916.56005859375,1915.9100341796875,1916.25,0
2026-08-08T05:30,1916.239990234375,1917.010009765625,1915.8199462890625,1916.9300537109375,0
2026-08-08T05:35,1917.18994140625,1917.949951171875,1916.8199462890625,1917.739990234375,627712
2026-08-08T05:40,1917.719970703125,1917.719970703125,1917.1099853515625,1917.1099853515625,0
2026-08-08T05:45,1917.1099853515625,1917.1800537109375,1916.0,1916.0899658203125,0
2026-08-08T05:50,1915.8299560546875,1916.02001953125,1914.81005859375,1915.27001953125,0
2026-08-08T05:55,1915.27001953125,1916.5699462890625,1915.27001953125,1916.5699462890625,0
2026-08-08T06:00,1916.739990234375,1917.0999755859375,1916.1300048828125,1916.1300048828125,0
2026-08-08T06:05,1916.1400146484375,1916.699951171875,1916.1099853515625,1916.699951171875,0
2026-08-08T06:10,1916.739990234375,1916.9000244140625,1916.3199462890625,1916.4000244140625,18276864
2026-08-08T06:15,1916.4000244140625,1916.4000244140625,1915.699951171875,1915.760009765625,0
2026-08-08T06:20,1915.760009765625,1915.9599609375,1915.52001953125,1915.9599609375,6308352
2026-08-08T06:25,1915.949951171875,1915.9599609375,1915.56005859375,1915.699951171875,0
2026-08-08T06:30,1915.93994140625,1915.93994140625,1915.3399658203125,1915.530029296875,0
2026-08-08T06:35,1915.52001953125,1916.0999755859375,1915.52001953125,1915.6099853515625,0
2026-08-08T06:40,1915.739990234375,1916.31005859375,1915.510009765625,1916.0999755859375,0
2026-08-08T06:45,1916.0999755859375,1916.68994140625,1916.0999755859375,1916.6700439453125,0
2026-08-08T06:50,1916.6700439453125,1916.9000244140625,1915.6500244140625,1915.6600341796875,0
2026-08-08T06:55,1915.6600341796875,1915.699951171875,1915.3299560546875,1915.550048828125,0
2026-08-08T07:00,1915.760009765625,1915.969970703125,1915.1400146484375,1915.18994140625,0
2026-08-08T07:05,1915.199951171875,1915.3900146484375,1915.1099853515625,1915.1400146484375,0
2026-08-08T07:10,1915.1400146484375,1915.1400146484375,1915.0699462890625,1915.0699462890625,0
2026-08-08T07:15,1915.06005859375,1915.0699462890625,1914.989990234375,1915.0,0
2026-08-08T07:20,1915.0,1915.0,1914.9300537109375,1914.93994140625,0
2026-08-08T07:25,1914.93994140625,1915.3599853515625,1914.6600341796875,1914.75,0
2026-08-08T07:30,1914.75,1914.81005859375,1914.2900390625,1914.489990234375,0
2026-08-08T07:35,1914.489990234375,1914.489990234375,1913.2099609375,1913.43994140625,0
2026-08-08T07:40,1913.43994140625,1913.8499755859375,1913.43994140625,1913.77001953125,0
2026-08-08T07:45,1913.77001953125,1913.8499755859375,1913.6099853515625,1913.6300048828125,0
2026-08-08T07:50,1913.6700439453125,1914.2900390625,1913.6700439453125,1914.280029296875,0
2026-08-08T07:55,1914.280029296875,1914.43994140625,1913.8599853515625,1914.27001953125,0
2026-08-08T08:00,1914.260009765625,1914.260009765625,1913.8800048828125,1913.8800048828125,0
2026-08-08T08:05,1913.8800048828125,1913.9100341796875,1913.6700439453125,1913.8800048828125,0
2026-08-08T08:10,1913.8800048828125,1914.699951171875,1913.8699951171875,1914.699951171875,0
2026-08-08T08:15,1914.699951171875,1914.780029296875,1914.25,1914.25,0
2026-08-08T08:20,1914.25,1914.5,1914.25,1914.5,0
2026-08-08T08:25,1914.5,1914.9300537109375,1914.5,1914.9300537109375,0
2026-08-08T08:30,1914.9300537109375,1916.010009765625,1914.9200439453125,1916.010009765625,0
2026-08-08T08:35,1916.0,1916.550048828125,1915.8900146484375,1916.31005859375,0
2026-08-08T08:40,1916.3199462890625,1916.8900146484375,1916.02001953125,1916.8900146484375,37343744
2026-08-08T08:45,1916.8900146484375,1916.8900146484375,1915.800048828125,1916.4000244140625,0
2026-08-08T08:50,1916.5,1916.9000244140625,1916.3599853515625,1916.3599853515625,0
2026-08-08T08:55,1916.3399658203125,1916.3399658203125,1915.72998046875,1915.8800048828125,0
2026-08-08T09:00,1915.989990234375,1916.6600341796875,1915.6099853515625,1916.1400146484375,0
2026-08-08T09:05,1916.1099853515625,1916.3800048828125,1915.530029296875,1915.5400390625,0
2026-08-08T09:10,1915.5400390625,1915.9100341796875,1915.530029296875,1915.9000244140625,0
2026-08-08T09:15,1915.9100341796875,1916.0,1915.72998046875,1915.72998046875,0
2026-08-08T09:20,1915.72998046875,1915.8699951171875,1915.0999755859375,1915.199951171875,0
2026-08-08T09:25,1915.18994140625,1915.5999755859375,1915.18994140625,1915.4599609375,0
2026-08-08T09:30,1915.56005859375,1921.8499755859375,1915.56005859375,1918.77001953125,0
2026-08-08T09:35,1918.780029296875,1919.0899658203125,1918.1099853515625,1918.1099853515625,0
2026-08-08T09:40,1918.0999755859375,1918.3599853515625,1918.0999755859375,1918.27001953125,0
2026-08-08T09:45,1918.280029296875,1919.0999755859375,1917.9100341796875,1917.9100341796875,0
2026-08-08T09:50,1917.9000244140625,1917.9000244140625,1917.699951171875,1917.8499755859375,0
2026-08-08T09:55,1917.8499755859375,1917.9599609375,1917.719970703125,1917.719970703125,0
2026-08-08T10:00,1917.72998046875,1918.18994140625,1917.719970703125,1918.18994140625,0
2026-08-08T10:05,1918.199951171875,1919.3399658203125,1918.1500244140625,1919.3399658203125,0
2026-08-08T10:10,1919.199951171875,1919.6400146484375,1918.81005859375,1919.300048828125,0
2026-08-08T10:15,1919.3199462890625,1919.699951171875,1919.0999755859375,1919.1500244140625,6444544
2026-08-08T10:20,1919.1500244140625,1920.300048828125,1919.1500244140625,1920.300048828125,0
2026-08-08T10:25,1920.3499755859375,1921.6600341796875,1919.9100341796875,1921.4200439453125,11193344
2026-08-08T10:30,1921.4100341796875,1921.4100341796875,1920.0,1920.0400390625,0
2026-08-08T10:35,1920.050048828125,1920.1199951171875,1919.9100341796875,1920.1199951171875,2565120
2026-08-08T10:40,1920.1199951171875,1920.1400146484375,1919.8299560546875,1919.97998046875,18361344
2026-08-08T10:45,1919.800048828125,1919.989990234375,1919.31005859375,1919.5999755859375,0
2026-08-08T10:50,1919.5899658203125,1919.969970703125,1919.5899658203125,1919.9000244140625,0
2026-08-08T10:55,1919.969970703125,1920.18994140625,1919.699951171875,1919.989990234375,0
2026-08-08T11:00,1920.0,1920.800048828125,1920.0,1920.3900146484375,0
2026-08-08T11:05,1920.4100341796875,1920.550048828125,1920.0899658203125,1920.219970703125,0
2026-08-08T11:10,1920.18994140625,1921.3299560546875,1920.18994140625,1920.8199462890625,11354112
2026-08-08T11:15,1920.81005859375,1920.8199462890625,1919.7099609375,1919.800048828125,0
2026-08-08T11:20,1919.6800537109375,1919.6800537109375,1918.77001953125,1918.780029296875,0
2026-08-08T11:25,1918.780029296875,1918.9000244140625,1918.489990234375,1918.77001953125,0
2026-08-08T11:30,1918.8599853515625,1918.9100341796875,1918.6800537109375,1918.8499755859375,0
2026-08-08T11:35,1918.8499755859375,1918.9000244140625,1918.3199462890625,1918.3599853515625,922112
2026-08-08T11:40,1918.3800048828125,1918.6500244140625,1918.300048828125,1918.52001953125,0
2026-08-08T11:45,1918.47998046875,1918.8299560546875,1918.199951171875,1918.75,0
2026-08-08T11:50,1918.780029296875,1919.4000244140625,1918.760009765625,1919.3900146484375,0
2026-08-08T11:55,1919.3800048828125,1919.9100341796875,1919.3800048828125,1919.6099853515625,0
2026-08-08T12:00,1919.6099853515625,1919.6700439453125,1919.199951171875,1919.6700439453125,0
2026-08-08T12:05,1919.6700439453125,1919.8399658203125,1917.6099853515625,1918.199951171875,0
2026-08-08T12:10,1918.199951171875,1919.9599609375,1918.199951171875,1919.9599609375,0
2026-08-08T12:15,1919.9100341796875,1921.0,1919.9100341796875,1920.260009765625,0
2026-08-08T12:20,1920.27001953125,1920.27001953125,1919.300048828125,1919.3900146484375,0
2026-08-08T12:25,1919.4300537109375,1919.43994140625,1918.5999755859375,1918.8699951171875,0
2026-08-08T12:30,1919.02001953125,1919.1500244140625,1918.6400146484375,1918.9000244140625,0
2026-08-08T12:35,1918.949951171875,1919.1500244140625,1918.8199462890625,1919.06005859375,0
2026-08-08T12:40,1919.010009765625,1919.8900146484375,1918.949951171875,1919.0,0
2026-08-08T12:45,1919.0,1919.1199951171875,1918.9000244140625,1919.0899658203125,0
2026-08-08T12:50,1919.0899658203125,1919.77001953125,1919.0799560546875,1919.4599609375,0
2026-08-08T12:55,1919.4300537109375,1919.4300537109375,1918.010009765625,1918.0999755859375,0
2026-08-08T13:00,1918.1800537109375,1919.0,1918.1800537109375,1918.9100341796875,0
2026-08-08T13:05,1918.9000244140625,1919.530029296875,1918.81005859375,1918.81005859375,0
2026-08-08T13:10,1918.7099609375,1918.81005859375,1918.3199462890625,1918.3299560546875,0
2026-08-08T13:15,1918.4000244140625,1918.989990234375,1918.3599853515625,1918.3599853515625,0
2026-08-08T13:20,1918.3499755859375,1918.4100341796875,1918.02001953125,1918.31005859375,0
2026-08-08T13:25,1918.31005859375,1918.31005859375,1918.010009765625,1918.27001953125,0
2026-08-08T13:30,1918.260009765625,1918.260009765625,1917.469970703125,1917.489990234375,0
2026-08-08T13:35,1917.449951171875,1918.010009765625,1917.43994140625,1917.9100341796875,0
2026-08-08T13:40,1917.9300537109375,1918.2900390625,1917.9300537109375,1918.030029296875,0
2026-08-08T13:45,1918.010009765625,1918.300048828125,1917.3900146484375,1918.300048828125,0
2026-08-08T13:50,1918.300048828125,1918.47998046875,1918.25,1918.4599609375,0
2026-08-08T13:55,1918.4599609375,1918.949951171875,1918.4599609375,1918.949951171875,0
2026-08-08T14:00,1918.9000244140625,1920.1400146484375,1918.9000244140625,1920.1400146484375,0
2026-08-08T14:05,1920.18994140625,1920.5,1919.6300048828125,1919.6700439453125,0
2026-08-08T14:10,1919.6700439453125,1920.3499755859375,1919.199951171875,1920.3499755859375,0
2026-08-08T14:15,1920.3599853515625,1920.3900146484375,1920.06005859375,1920.3900146484375,0
2026-08-08T14:20,1920.3800048828125,1922.6500244140625,1920.1300048828125,1922.010009765625,0
2026-08-08T14:25,1922.010009765625,1922.5,1921.0999755859375,1922.489990234375,0
2026-08-08T14:30,1922.8399658203125,1924.3199462890625,1922.0400390625,1924.260009765625,0
2026-08-08T14:35,1924.280029296875,1924.8399658203125,1921.93994140625,1922.199951171875,1893888
2026-08-08T14:40,1922.199951171875,1922.199951171875,1920.8699951171875,1921.0999755859375,0
2026-08-08T14:45,1921.18994140625,1923.18994140625,1921.18994140625,1923.1099853515625,0
2026-08-08T14:50,1923.1099853515625,1923.68994140625,1922.9599609375,1923.6199951171875,12023296
2026-08-08T14:55,1923.5899658203125,1923.8800048828125,1922.1099853515625,1922.5999755859375,0
2026-08-08T15:00,1922.6500244140625,1923.2900390625,1921.9599609375,1922.1800537109375,0
2026-08-08T15:05,1922.800048828125,1922.800048828125,1921.0699462890625,1921.6500244140625,6203904
2026-08-08T15:10,1921.6400146484375,1922.6400146484375,1921.6400146484375,1922.6400146484375,0
2026-08-08T15:15,1922.6300048828125,1922.969970703125,1921.75,1922.0,22224384
2026-08-08T15:20,1922.0,1922.2900390625,1921.030029296875,1921.699951171875,0
2026-08-08T15:25,1921.699951171875,1921.8900146484375,1921.22998046875,1921.5799560546875,17325056
2026-08-08T15:30,1921.5999755859375,1921.5999755859375,1920.239990234375,1920.3800048828125,0
2026-08-08T15:35,1920.3800048828125,1920.719970703125,1920.3199462890625,1920.6300048828125,2351616
2026-08-08T15:40,1920.52001953125,1921.1099853515625,1920.52001953125,1920.719970703125,0
2026-08-08T15:45,1920.6500244140625,1921.18994140625,1920.239990234375,1921.18994140625,0
2026-08-08T15:50,1921.31005859375,1922.1099853515625,1921.31005859375,1922.050048828125,0
2026-08-08T15:55,1922.0,1922.3599853515625,1921.22998046875,1921.239990234375,4717568
2026-08-08T16:00,1921.22998046875,1922.31005859375,1921.22998046875,1921.8299560546875,0
2026-08-08T16:05,1921.8299560546875,1923.5899658203125,1921.75,1922.1199951171875,0
2026-08-08T16:10,1922.010009765625,1922.6600341796875,1921.489990234375,1921.530029296875,12369920
2026-08-08T16:15,1921.530029296875,1922.3599853515625,1921.3199462890625,1921.3199462890625,0
2026-08-08T16:20,1921.239990234375,1922.02001953125,1921.1500244140625,1921.5999755859375,0
2026-08-08T16:25,1921.510009765625,1921.5400390625,1921.1800537109375,1921.25,0
2026-08-08T16:30,1921.25,1921.31005859375,1920.9300537109375,1920.93994140625,0
2026-08-08T16:35,1920.949951171875,1920.949951171875,1920.4300537109375,1920.6400146484375,0
2026-08-08T16:40,1920.6600341796875,1920.9100341796875,1920.56005859375,1920.6199951171875,0
2026-08-08T16:45,1920.6199951171875,1920.800048828125,1920.5799560546875,1920.7900390625,0
2026-08-08T16:50,1920.8599853515625,1921.4000244140625,1920.699951171875,1921.3900146484375,0
2026-08-08T16:55,1921.3900146484375,1921.6199951171875,1921.050048828125,1921.4200439453125,11036672
2026-08-08T17:00,1921.510009765625,1921.510009765625,1921.010009765625,1921.510009765625,0
2026-08-08T17:05,1921.3599853515625,1921.6300048828125,1920.9100341796875,1921.6199951171875,0
2026-08-08T17:10,1921.6199951171875,1922.22998046875,1921.6099853515625,1922.0,0
2026-08-08T17:15,1922.0,1922.18994140625,1921.3699951171875,1921.7099609375,0
2026-08-08T17:20,1921.68994140625,1921.93994140625,1921.4100341796875,1921.4100341796875,0
2026-08-08T17:25,1921.449951171875,1922.800048828125,1921.449951171875,1922.780029296875,0
2026-08-08T17:30,1922.5799560546875,1923.989990234375,1922.5799560546875,1923.989990234375,26766848
2026-08-08T17:35,1924.239990234375,1924.8900146484375,1924.010009765625,1924.1099853515625,0
2026-08-08T17:40,1924.0999755859375,1924.1099853515625,1923.699951171875,1923.7900390625,0
2026-08-08T17:45,1923.8299560546875,1923.8499755859375,1923.4000244140625,1923.4200439453125,3592704
2026-08-08T17:50,1923.47998046875,1923.969970703125,1923.0999755859375,1923.1099853515625,8346112
2026-08-08T17:55,1923.1099853515625,1923.1099853515625,1922.47998046875,1922.47998046875,0
2026-08-08T18:00,1922.47998046875,1922.47998046875,1922.0,1922.050048828125,0
2026-08-08T18:05,1922.1400146484375,1922.4599609375,1922.010009765625,1922.010009765625,0
2026-08-08T18:10,1922.010009765625,1922.0400390625,1921.2900390625,1921.300048828125,0
2026-08-08T18:15,1921.2900390625,1921.300048828125,1919.3299560546875,1919.3299560546875,0
2026-08-08T18:20,1919.280029296875,1920.4300537109375,1919.1500244140625,1919.219970703125,0
2026-08-08T18:25,1918.52001953125,1919.489990234375,1918.52001953125,1919.22998046875,22350336
2026-08-08T18:30,1919.0,1919.5899658203125,1918.8800048828125,1919.5899658203125,27696128
2026-08-08T18:35,1919.5799560546875,1920.22998046875,1919.5799560546875,1919.6600341796875,0
2026-08-08T18:40,1919.760009765625,1920.489990234375,1919.760009765625,1919.8399658203125,0
2026-08-08T18:45,1919.8800048828125,1920.1199951171875,1919.8699951171875,1920.1099853515625,1181184
2026-08-08T18:50,1920.0799560546875,1920.0899658203125,1919.6099853515625,1919.6099853515625,7468544
2026-08-08T18:55,1919.6199951171875,1920.1099853515625,1919.5999755859375,1920.1099853515625,0
2026-08-08T19:00,1920.0999755859375,1920.239990234375,1919.800048828125,1919.800048828125,0
2026-08-08T19:05,1919.800048828125,1920.280029296875,1919.75,1920.0,0
2026-08-08T19:10,1919.9200439453125,1920.06005859375,1919.7099609375,1919.9200439453125,5892096
2026-08-08T19:15,1919.97998046875,1920.219970703125,1919.5899658203125,1919.9100341796875,0
2026-08-08T19:20,1919.9000244140625,1919.97998046875,1919.3299560546875,1919.489990234375,0
2026-08-08T19:25,1919.550048828125,1919.6099853515625,1918.5,1918.5,0
2026-08-08T19:30,1918.5,1919.18994140625,1918.4000244140625,1918.6400146484375,0
2026-08-08T19:35,1918.6500244140625,1918.9599609375,1918.5,1918.9599609375,0
2026-08-08T19:40,1918.949951171875,1919.2900390625,1918.8199462890625,1918.8199462890625,0
2026-08-08T19:45,1918.8199462890625,1919.6500244140625,1918.6400146484375,1919.510009765625,0
2026-08-08T19:50,1919.5,1920.0,1919.239990234375,1919.989990234375,14629632
2026-08-08T19:55,1919.989990234375,1920.219970703125,1919.0999755859375,1919.1600341796875,0
2026-08-08T20:00,1918.6099853515625,1919.0699462890625,1918.6099853515625,1918.8499755859375,0
2026-08-08T20:05,1918.8299560546875,1919.0699462890625,1918.489990234375,1918.52001953125,0
2026-08-08T20:10,1918.530029296875,1919.0699462890625,1918.530029296875,1919.030029296875,0
2026-08-08T20:15,1919.02001953125,1919.3699951171875,1918.6199951171875,1918.6199951171875,6672384
2026-08-08T20:20,1918.6500244140625,1918.6700439453125,1918.550048828125,1918.550048828125,0
2026-08-08T20:25,1918.56005859375,1918.6500244140625,1918.4100341796875,1918.550048828125,0
2026-08-08T20:30,1918.72998046875,1919.8699951171875,1918.72998046875,1919.760009765625,5611776
2026-08-08T20:35,1919.6099853515625,1919.8699951171875,1919.31005859375,1919.43994140625,5074944
2026-08-08T20:40,1919.4300537109375,1919.6600341796875,1919.3599853515625,1919.469970703125,0
2026-08-08T20:45,1919.469970703125,1919.9100341796875,1919.0799560546875,1919.6199951171875,0
2026-08-08T20:50,1919.300048828125,1919.300048828125,1918.77001953125,1918.800048828125,16597504
2026-08-08T20:55,1918.800048828125,1918.8399658203125,1918.6199951171875,1918.8399658203125,0
2026-08-08T21:00,1918.77001953125,1919.2900390625,1918.6300048828125,1918.6300048828125,0
2026-08-08T21:05,1918.6800537109375,1919.199951171875,1918.6700439453125,1919.199951171875,0
2026-08-08T21:10,1919.199951171875,1919.3399658203125,1918.9200439453125,1918.9200439453125,0
2026-08-08T21:15,1918.81005859375,1919.3499755859375,1918.81005859375,1919.3399658203125,922368
2026-08-08T21:20,1919.3499755859375,1919.5799560546875,1918.9300537109375,1918.9300537109375,0
2026-08-08T21:25,1919.3299560546875,1920.0,1919.31005859375,1919.4599609375,6569984
2026-08-08T21:30,1919.300048828125,1919.8499755859375,1918.9300537109375,1919.800048828125,470016
2026-08-08T21:35,1919.7900390625,1920.8299560546875,1919.7900390625,1920.3199462890625,0
2026-08-08T21:40,1920.469970703125,1920.989990234375,1919.699951171875,1920.81005859375,0
2026-08-08T21:45,1920.77001953125,1920.77001953125,1919.760009765625,1920.0,0
2026-08-08T21:50,1919.8699951171875,1920.3599853515625,1919.1300048828125,1919.699951171875,0
2026-08-08T21:55,1919.6600341796875,1919.739990234375,1919.010009765625,1919.239990234375,1337344
2026-08-08T22:00,1919.719970703125,1919.9100341796875,1918.5400390625,1919.3199462890625,0
2026-08-08T22:05,1919.1099853515625,1919.1199951171875,1918.510009765625,1918.989990234375,0
2026-08-08T22:10,1918.7099609375,1918.8900146484375,1918.0,1918.010009765625,2926848
2026-08-08T22:15,1917.97998046875,1918.6800537109375,1917.8800048828125,1918.6600341796875,0
2026-08-08T22:20,1918.6700439453125,1919.1099853515625,1918.6600341796875,1919.1099853515625,0
2026-08-08T22:25,1919.1199951171875,1919.25,1918.9300537109375,1919.199951171875,0
2026-08-08T22:30,1919.18994140625,1919.199951171875,1918.02001953125,1918.0400390625,2321664
2026-08-08T22:35,1918.010009765625,1918.300048828125,1917.8800048828125,1918.300048828125,2563840
2026-08-08T22:40,1918.0799560546875,1918.0999755859375,1917.52001953125,1918.050048828125,0
2026-08-08T22:45,1918.1099853515625,1918.1099853515625,1917.449951171875,1917.75,0
2026-08-08T22:50,1917.8699951171875,1918.0,1917.0899658203125,1917.9000244140625,18585600
2026-08-08T22:55,1917.81005859375,1917.81005859375,1915.3199462890625,1915.43994140625,0
2026-08-08T23:00,1914.9300537109375,1915.56005859375,1914.219970703125,1914.6800537109375,18694656
2026-08-08T23:05,1914.68994140625,1914.9300537109375,1914.4000244140625,1914.52001953125,12762112
2026-08-08T23:10,1914.43994140625,1914.510009765625,1913.6600341796875,1914.31005859375,2261248
2026-08-08T23:15,1914.3199462890625,1914.989990234375,1913.3499755859375,1914.8900146484375,0
2026-08-08T23:20,1914.8900146484375,1916.02001953125,1914.8499755859375,1915.8199462890625,3158784
2026-08-08T23:25,1915.8199462890625,1916.02001953125,1915.3599853515625,1915.4000244140625,0
2026-08-08T23:30,1915.3800048828125,1916.2900390625,1915.3299560546875,1916.260009765625,1605632
2026-08-08T23:35,1916.219970703125,1917.3699951171875,1916.1600341796875,1916.989990234375,11290368
2026-08-08T23:40,1916.9100341796875,1917.4300537109375,1916.9100341796875,1916.969970703125,0
2026-08-08T23:45,1917.06005859375,1917.219970703125,1916.989990234375,1917.1800537109375,0
2026-08-08T23:50,1917.1600341796875,1917.199951171875,1916.77001953125,1917.0899658203125,11306752
2026-08-08T23:55,1917.0,1917.219970703125,1915.4200439453125,1915.4200439453125,16946944
2026-08-09T00:00,1915.3800048828125,1915.93994140625,1915.199951171875,1915.8499755859375,20609280
2026-08-09T00:05,1915.8399658203125,1915.8399658203125,1914.9200439453125,1914.9300537109375,25705728
2026-08-09T00:10,1914.9200439453125,1917.030029296875,1914.9200439453125,1916.949951171875,5627648
2026-08-09T00:15,1916.9599609375,1916.969970703125,1916.300048828125,1916.300048828125,0
2026-08-09T00:20,1916.2900390625,1916.6300048828125,1916.1800537109375,1916.6099853515625,18038016
2026-08-09T00:25,1916.6099853515625,1916.6199951171875,1915.93994140625,1915.93994140625,0
2026-08-09T00:30,1916.1300048828125,1916.2900390625,1915.9200439453125,1916.1400146484375,1116416
2026-08-09T00:35,1916.010009765625,1917.06005859375,1916.010009765625,1916.4300537109375,3321600
2026-08-09T00:40,1916.3699951171875,1916.7099609375,1916.22998046875,1916.5899658203125,2800640
2026-08-09T00:45,1916.5699462890625,1916.9200439453125,1915.6099853515625,1915.75,0
2026-08-09T00:50,1915.739990234375,1915.760009765625,1915.0,1915.260009765625,30208
2026-08-09T00:55,1915.5,1916.739990234375,1915.300048828125,1916.510009765625,25123840
2026-08-09T01:00,1916.199951171875,1918.6199951171875,1916.1099853515625,1918.4200439453125,0
2026-08-09T01:05,1918.260009765625,1918.260009765625,1917.31005859375,1917.4599609375,0
2026-08-09T01:10,1917.219970703125,1917.6300048828125,1917.010009765625,1917.6199951171875,0
2026-08-09T01:15,1917.5400390625,1917.6300048828125,1917.18994140625,1917.6300048828125,0
2026-08-09T01:20,1917.6199951171875,1917.6199951171875,1915.699951171875,1915.81005859375,0
2026-08-09T01:25,1915.8299560546875,1915.8399658203125,1913.0,1913.0,0
2026-08-09T01:30,1911.9000244140625,1914.8900146484375,1911.9000244140625,1914.1700439453125,13369088
2026-08-09T01:35,1914.1600341796875,1914.489990234375,1914.0999755859375,1914.4200439453125,6924032
2026-08-09T01:40,1914.3699951171875,1914.6500244140625,1914.030029296875,1914.6300048828125,34477056
2026-08-09T01:45,1914.6500244140625,1914.97998046875,1914.219970703125,1914.3699951171875,0
2026-08-09T01:50,1914.3299560546875,1914.3900146484375,1913.2099609375,1914.2900390625,232448
2026-08-09T01:55,1914.3800048828125,1915.0400390625,1914.0999755859375,1914.739990234375,14220288
2026-08-09T02:00,1914.6500244140625,1914.6500244140625,1913.530029296875,1914.22998046875,0
2026-08-09T02:05,1914.4200439453125,1914.8299560546875,1914.0,1914.780029296875,0
2026-08-09T02:10,1914.77001953125,1915.31005859375,1914.77001953125,1915.31005859375,20386304
2026-08-09T02:15,1915.1099853515625,1915.2099609375,1913.8499755859375,1914.56005859375,0
2026-08-09T02:20,1914.550048828125,1915.0899658203125,1914.550048828125,1914.969970703125,19286784
2026-08-09T02:25,1914.93994140625,1915.06005859375,1914.81005859375,1914.8699951171875,0
2026-08-09T02:30,1914.8699951171875,1914.93994140625,1914.5899658203125,1914.6700439453125,0
2026-08-09T02:35,1914.6500244140625,1914.6500244140625,1914.0999755859375,1914.0999755859375,0
2026-08-09T02:40,1914.0999755859375,1914.6199951171875,1913.0799560546875,1913.1700439453125,3976960
2026-08-09T02:45,1913.010009765625,1913.699951171875,1913.010009765625,1913.1600341796875,1966336
2026-08-09T02:50,1913.1400146484375,1913.280029296875,1912.3399658203125,1912.68994140625,13427712
2026-08-09T02:55,1912.699951171875,1913.949951171875,1912.68994140625,1913.4599609375,0
2026-08-09T03:00,1913.1600341796875,1913.4000244140625,1912.8499755859375,1913.3900146484375,0
2026-08-09T03:05,1913.4000244140625,1913.4100341796875,1911.8199462890625,1912.3499755859375,0
2026-08-09T03:10,1912.3900146484375,1912.489990234375,1911.300048828125,1911.5400390625,23107840
2026-08-09T03:15,1911.489990234375,1912.2900390625,1911.3199462890625,1912.010009765625,0
2026-08-09T03:20,1912.0799560546875,1912.3199462890625,1911.8199462890625,1912.0699462890625,0
2026-08-09T03:25,1912.0999755859375,1912.5,1911.9200439453125,1912.5,0
2026-08-09T03:30,1912.5,1913.1500244140625,1912.3399658203125,1913.1500244140625,16610048
2026-08-09T03:35,1912.97998046875,1913.06005859375,1912.6199951171875,1913.06005859375,3536896
2026-08-09T03:40,1913.06005859375,1913.06005859375,1912.52001953125,1912.77001953125,0
2026-08-09T03:45,1912.72998046875,1913.1700439453125,1912.72998046875,1912.97998046875,0
2026-08-09T03:50,1913.010009765625,1913.0400390625,1912.699951171875,1912.800048828125,0
2026-08-09T03:55,1912.7099609375,1912.7900390625,1912.510009765625,1912.699951171875,0
2026-08-09T04:00,1912.699951171875,1912.800048828125,1912.22998046875,1912.800048828125,5743360
2026-08-09T04:05,1912.780029296875,1913.02001953125,1912.6500244140625,1913.02001953125,0
2026-08-09T04:10,1912.8599853515625,1914.1099853515625,1912.72998046875,1913.6600341796875,0
2026-08-09T04:15,1913.739990234375,1914.260009765625,1913.2099609375,1913.2099609375,0
2026-08-09T04:20,1913.2099609375,1913.25,1912.7099609375,1912.7099609375,14493184
2026-08-09T04:25,1912.719970703125,1913.1099853515625,1912.3399658203125,1913.1099853515625,0
2026-08-09T04:30,1913.0899658203125,1913.0899658203125,1912.4599609375,1912.4599609375,8626432
2026-08-09T04:35,1912.4599609375,1912.469970703125,1912.25,1912.3800048828125,0
2026-08-09T04:40,1912.4300537109375,1912.43994140625,1911.9100341796875,1912.0,0
2026-08-09T04:45,1911.97998046875,1912.260009765625,1911.9100341796875,1912.260009765625,0
2026-08-09T04:50,1911.68994140625,1912.1099853515625,1911.6099853515625,1911.699951171875,4907264
2026-08-09T04:55,1911.6500244140625,1911.8699951171875,1911.52001953125,1911.8399658203125,6927104
2026-08-09T05:00,1911.7900390625,1912.2900390625,1911.68994140625,1912.1700439453125,0
2026-08-09T05:05,1912.1700439453125,1912.9100341796875,1912.010009765625,1912.8599853515625,17703168
2026-08-09T05:10,1912.800048828125,1912.969970703125,1912.4100341796875,1912.43994140625,8284672
2026-08-09T05:15,1912.489990234375,1913.699951171875,1912.219970703125,1913.1800537109375,0
2026-08-09T05:20,1913.2099609375,1913.3599853515625,1912.8599853515625,1913.0,6678272
2026-08-09T05:25,1912.8299560546875,1912.989990234375,1912.5999755859375,1912.6700439453125,0
2026-08-09T05:30,1912.6300048828125,1913.0,1912.5400390625,1912.989990234375,3187712
2026-08-09T05:35,1912.9599609375,1912.989990234375,1912.7099609375,1912.989990234375,0
2026-08-09T05:40,1912.989990234375,1913.06005859375,1912.6300048828125,1912.68994140625,23981312
2026-08-09T05:45,1912.6099853515625,1912.8199462890625,1912.510009765625,1912.8199462890625,0
2026-08-09T05:50,1912.6700439453125,1912.81005859375,1912.6099853515625,1912.739990234375,0
2026-08-09T05:55,1912.739990234375,1913.1500244140625,1912.739990234375,1913.1500244140625,11155712
2026-08-09T06:00,1913.1500244140625,1913.8199462890625,1913.030029296875,1913.8199462890625,8820736
2026-08-09T06:05,1913.81005859375,1913.97998046875,1912.72998046875,1913.22998046875,0
2026-08-09T06:10,1913.3299560546875,1914.22998046875,1913.18994140625,1914.1500244140625,41824512
2026-08-09T06:15,1914.02001953125,1915.280029296875,1914.02001953125,1915.1300048828125,167936
2026-08-09T06:20,1915.3299560546875,1915.6500244140625,1915.030029296875,1915.030029296875,31837696
2026-08-09T06:25,1915.02001953125,1915.550048828125,1915.02001953125,1915.550048828125,923648
2026-08-09T06:30,1915.550048828125,1916.3800048828125,1915.5400390625,1916.3800048828125,7892480
2026-08-09T06:35,1916.3399658203125,1916.5400390625,1915.9300537109375,1916.5,0
2026-08-09T06:40,1916.5,1916.5,1916.010009765625,1916.4599609375,9547520
2026-08-09T06:45,1916.47998046875,1917.3900146484375,1916.47998046875,1916.6800537109375,0
2026-08-09T06:50,1916.7099609375,1917.239990234375,1916.7099609375,1917.0,0
2026-08-09T06:55,1917.0899658203125,1918.02001953125,1917.0,1917.7099609375,9995008
2026-08-09T07:00,1917.6700439453125,1917.6700439453125,1917.219970703125,1917.3800048828125,10019328
2026-08-09T07:05,1917.3199462890625,1917.9000244140625,1917.27001953125,1917.6500244140625,0
2026-08-09T07:10,1917.6700439453125,1917.699951171875,1916.81005859375,1916.8199462890625,0
2026-08-09T07:15,1917.030029296875,1917.030029296875,1916.0,1916.0400390625,21890560
2026-08-09T07:20,1916.0400390625,1916.5,1915.6700439453125,1916.3900146484375,47030016
2026-08-09T07:25,1916.449951171875,1916.6400146484375,1916.1099853515625,1916.5,947456
2026-08-09T07:30,1916.449951171875,1916.6700439453125,1915.8199462890625,1915.93994140625,12792576
2026-08-09T07:35,1915.8399658203125,1916.0799560546875,1915.6199951171875,1915.8800048828125,0
2026-08-09T07:40,1915.9200439453125,1916.1500244140625,1915.5899658203125,1916.1199951171875,14611968
2026-08-09T07:45,1916.050048828125,1916.4000244140625,1915.8199462890625,1916.3399658203125,2728960
2026-08-09T07:50,1916.300048828125,1916.489990234375,1916.1400146484375,1916.3399658203125,2835712
2026-08-09T07:55,1916.3199462890625,1917.510009765625,1916.3199462890625,1917.5,0
2026-08-09T08:00,1917.6199951171875,1923.4000244140625,1917.6199951171875,1922.93994140625,34023680
2026-08-09T08:05,1922.5999755859375,1922.5999755859375,1921.010009765625,1921.5,18189056
2026-08-09T08:10,1921.489990234375,1921.8199462890625,1921.010009765625,1921.030029296875,0
2026-08-09T08:15,1921.030029296875,1921.800048828125,1920.3599853515625,1920.469970703125,35231744
2026-08-09T08:20,1920.489990234375,1920.489990234375,1919.530029296875,1919.699951171875,12292608
2026-08-09T08:25,1919.699951171875,1920.0,1919.510009765625,1920.0,0
2026-08-09T08:30,1920.0,1920.0799560546875,1919.760009765625,1919.760009765625,2850816
2026-08-09T08:35,1919.8699951171875,1919.9100341796875,1916.56005859375,1916.56005859375,9219840
2026-08-09T08:40,1916.56005859375,1916.56005859375,1912.8299560546875,1913.219970703125,0
2026-08-09T08:45,1913.219970703125,1914.4100341796875,1912.9200439453125,1914.260009765625,25232896
2026-08-09T08:50,1914.1700439453125,1914.27001953125,1913.18994140625,1913.9000244140625,0
2026-08-09T08:55,1913.9000244140625,1914.510009765625,1913.9000244140625,1914.47998046875,14424320
2026-08-09T09:00,1914.300048828125,1915.219970703125,1914.2099609375,1915.0999755859375,3217408
2026-08-09T09:05,1914.9000244140625,1914.9000244140625,1914.2099609375,1914.5,6041344
2026-08-09T09:10,1914.510009765625,1914.510009765625,1913.6199951171875,1913.81005859375,2528768
2026-08-09T09:15,1913.6099853515625,1914.0899658203125,1913.4100341796875,1913.4100341796875,0
2026-08-09T09:20,1913.4300537109375,1913.4300537109375,1912.81005859375,1912.81005859375,8739840
2026-08-09T09:25,1912.719970703125,1913.25,1912.010009765625,1912.7099609375,0
2026-08-09T09:30,1912.7900390625,1913.949951171875,1912.780029296875,1913.949951171875,0
2026-08-09T09:35,1913.9200439453125,1914.8699951171875,1913.9100341796875,1914.81005859375,0
2026-08-09T09:40,1914.8199462890625,1915.5899658203125,1914.8199462890625,1915.1099853515625,0
2026-08-09T09:45,1915.1300048828125,1915.52001953125,1915.1300048828125,1915.510009765625,0
2026-08-09T09:50,1915.52001953125,1919.22998046875,1915.4300537109375,1919.22998046875,0
2026-08-09T09:55,1919.22998046875,1919.9000244140625,1918.2099609375,1919.8299560546875,21884160
2026-08-09T10:00,1919.8399658203125,1921.0999755859375,1919.8399658203125,1920.1500244140625,0
2026-08-09T10:05,1920.219970703125,1920.3699951171875,1919.8800048828125,1920.3699951171875,16840192
2026-08-09T10:10,1920.219970703125,1920.7900390625,1920.219970703125,1920.5999755859375,37161984
2026-08-09T10:15,1920.5899658203125,1920.800048828125,1919.72998046875,1920.02001953125,817664
2026-08-09T10:20,1920.010009765625,1920.22998046875,1919.4300537109375,1919.4300537109375,7674112
2026-08-09T10:25,1919.3499755859375,1919.4200439453125,1918.989990234375,1919.239990234375,3308288
2026-08-09T10:30,1919.22998046875,1919.27001953125,1918.739990234375,1918.7900390625,0
2026-08-09T10:35,1918.780029296875,1918.780029296875,1918.199951171875,1918.719970703125,3164928
2026-08-09T10:40,1918.8399658203125,1918.8399658203125,1918.2900390625,1918.739990234375,8204544
2026-08-09T10:45,1918.739990234375,1919.4300537109375,1918.6099853515625,1919.239990234375,0
2026-08-09T10:50,1919.449951171875,1919.5,1918.97998046875,1918.97998046875,3052288
2026-08-09T10:55,1918.989990234375,1919.3199462890625,1918.530029296875,1918.719970703125,6795776
2026-08-09T11:00,1918.800048828125,1919.219970703125,1918.800048828125,1919.1500244140625,0
2026-08-09T11:05,1919.1500244140625,1919.4200439453125,1919.0899658203125,1919.280029296875,1749248
2026-08-09T11:10,1919.1700439453125,1919.510009765625,1919.1700439453125,1919.449951171875,0
2026-08-09T11:15,1919.510009765625,1919.52001953125,1919.239990234375,1919.52001953125,0
2026-08-09T11:20,1919.5999755859375,1919.8499755859375,1919.199951171875,1919.31005859375,16172800
2026-08-09T11:25,1919.300048828125,1919.5799560546875,1919.0799560546875,1919.4100341796875,0
2026-08-09T11:30,1919.6600341796875,1919.6800537109375,1919.2099609375,1919.2099609375,0
2026-08-09T11:35,1919.1700439453125,1919.8599853515625,1919.050048828125,1919.06005859375,5916160
2026-08-09T11:40,1919.0400390625,1919.3699951171875,1918.9000244140625,1919.199951171875,0
2026-08-09T11:45,1919.3499755859375,1919.4300537109375,1918.22998046875,1918.22998046875,21819392
2026-08-09T11:50,1918.43994140625,1918.6199951171875,1917.280029296875,1917.7900390625,0
2026-08-09T11:55,1917.9100341796875,1918.0899658203125,1917.1199951171875,1917.9300537109375,0
2026-08-09T12:00,1917.97998046875,1917.989990234375,1915.550048828125,1916.010009765625,0
2026-08-09T12:05,1916.010009765625,1916.06005859375,1915.280029296875,1916.050048828125,0
2026-08-09T12:10,1916.050048828125,1916.93994140625,1916.050048828125,1916.68994140625,19518208
2026-08-09T12:15,1916.510009765625,1916.5400390625,1916.0,1916.530029296875,8314112
2026-08-09T12:20,1916.530029296875,1916.7099609375,1916.3699951171875,1916.550048828125,0
2026-08-09T12:25,1916.5899658203125,1917.1199951171875,1916.5899658203125,1916.8699951171875,15415296
2026-08-09T12:30,1916.800048828125,1917.0999755859375,1916.7099609375,1916.719970703125,9635584
2026-08-09T12:35,1916.72998046875,1916.77001953125,1916.219970703125,1916.3800048828125,3422976
2026-08-09T12:40,1916.43994140625,1916.43994140625,1916.0999755859375,1916.0999755859375,11985408
2026-08-09T12:45,1916.1099853515625,1916.3599853515625,1915.9100341796875,1916.02001953125,0
2026-08-09T12:50,1915.97998046875,1916.4599609375,1915.97998046875,1916.3199462890625,1602048
2026-08-09T12:55,1916.3199462890625,1916.7099609375,1916.2099609375,1916.27001953125,1129728
2026-08-09T13:00,1916.280029296875,1917.5999755859375,1916.280029296875,1917.3199462890625,0
2026-08-09T13:05,1917.3199462890625,1918.3800048828125,1917.3199462890625,1917.969970703125,0
2026-08-09T13:10,1917.969970703125,1918.7099609375,1917.969970703125,1918.7099609375,0
2026-08-09T13:15,1918.699951171875,1923.050048828125,1918.699951171875,1921.8800048828125,20886784
2026-08-09T13:20,1921.8699951171875,1923.0799560546875,1921.6099853515625,1922.1300048828125,37788416
2026-08-09T13:25,1922.1199951171875,1924.280029296875,1921.719970703125,1923.81005859375,49494528
2026-08-09T13:30,1923.75,1923.8900146484375,1922.300048828125,1922.77001953125,0
2026-08-09T13:35,1922.760009765625,1922.8199462890625,1921.9000244140625,1922.3699951171875,65359360
2026-08-09T13:40,1922.6099853515625,1923.199951171875,1920.5400390625,1921.52001953125,13639168
2026-08-09T13:45,1921.52001953125,1921.81005859375,1921.4000244140625,1921.6400146484375,18779136
2026-08-09T13:50,1921.6400146484375,1922.3299560546875,1921.4000244140625,1921.75,4055808
2026-08-09T13:55,1921.75,1922.280029296875,1921.75,1921.989990234375,7293184
2026-08-09T14:00,1921.989990234375,1922.3699951171875,1921.1700439453125,1922.0699462890625,0
2026-08-09T14:05,1922.0799560546875,1924.0999755859375,1922.0699462890625,1923.1300048828125,18960384
2026-08-09T14:10,1923.1300048828125,1924.300048828125,1923.1199951171875,1924.0999755859375,0
2026-08-09T14:15,1924.1199951171875,1924.1199951171875,1922.530029296875,1922.9300537109375,11660288
2026-08-09T14:20,1922.9300537109375,1923.1300048828125,1921.72998046875,1921.72998046875,0
2026-08-09T14:25,1921.72998046875,1922.1600341796875,1921.7099609375,1922.1500244140625,397312
2026-08-09T14:30,1922.1800537109375,1924.0999755859375,1922.1800537109375,1923.719970703125,0
2026-08-09T14:35,1923.5,1923.6099853515625,1922.280029296875,1922.699951171875,0
2026-08-09T14:40,1922.6800537109375,1922.6800537109375,1921.9000244140625,1922.469970703125,0
2026-08-09T14:45,1922.469970703125,1922.5400390625,1922.280029296875,1922.449951171875,7041536
2026-08-09T14:50,1922.43994140625,1922.6099853515625,1922.3599853515625,1922.6099853515625,0
2026-08-09T14:55,1922.5999755859375,1924.8900146484375,1922.5999755859375,1923.489990234375,0
2026-08-09T15:00,1923.6700439453125,1924.1199951171875,1922.7099609375,1924.1199951171875,0
2026-08-09T15:05,1924.219970703125,1924.4000244140625,1923.7099609375,1924.06005859375,29345536
2026-08-09T15:10,1924.06005859375,1924.93994140625,1923.9100341796875,1924.93994140625,0
2026-08-09T15:15,1924.8599853515625,1924.93994140625,1924.699951171875,1924.699951171875,22697984
2026-08-09T15:20,1924.699951171875,1924.93994140625,1924.510009765625,1924.9300537109375,375040
2026-08-09T15:25,1924.9300537109375,1924.93994140625,1924.6199951171875,1924.72998046875,0
2026-08-09T15:30,1924.739990234375,1924.93994140625,1924.6099853515625,1924.6099853515625,0
2026-08-09T15:35,1924.510009765625,1924.75,1924.3699951171875,1924.75,11449856
2026-08-09T15:40,1924.739990234375,1924.93994140625,1924.4200439453125,1924.75,0
2026-08-09T15:45,1924.75,1925.0,1924.699951171875,1924.93994140625,19687680
2026-08-09T15:50,1924.9200439453125,1924.93994140625,1924.8199462890625,1924.93994140625,2179328
2026-08-09T15:55,1924.93994140625,1925.0,1924.6099853515625,1924.6400146484375,393216
2026-08-09T16:00,1924.8299560546875,1924.93994140625,1923.9100341796875,1924.2900390625,0
2026-08-09T16:05,1924.4300537109375,1924.93994140625,1924.2099609375,1924.8199462890625,15525376
2026-08-09T16:10,1924.6099853515625,1924.699951171875,1923.3900146484375,1923.5799560546875,0
2026-08-09T16:15,1923.5699462890625,1924.050048828125,1923.510009765625,1923.510009765625,1941248
2026-08-09T16:20,1923.5,1923.510009765625,1921.5999755859375,1921.5999755859375,6128128
2026-08-09T16:25,1921.6099853515625,1921.6099853515625,1920.2099609375,1921.0799560546875,0
2026-08-09T16:30,1921.0799560546875,1922.6099853515625,1921.0799560546875,1922.3299560546875,0
2026-08-09T16:35,1922.3399658203125,1922.989990234375,1922.3399658203125,1922.56005859375,25417984
2026-08-09T16:40,1922.5699462890625,1923.9100341796875,1922.56005859375,1923.43994140625,0
2026-08-09T16:45,1923.68994140625,1923.9000244140625,1922.97998046875,1922.97998046875,0
2026-08-09T16:50,1923.02001953125,1923.4000244140625,1923.02001953125,1923.1099853515625,241408
2026-08-09T16:55,1923.0699462890625,1923.239990234375,1922.52001953125,1922.719970703125,36720384
2026-08-09T17:00,1922.699951171875,1922.8800048828125,1921.9100341796875,1922.8800048828125,0
2026-08-09T17:05,1922.97998046875,1923.3800048828125,1922.800048828125,1922.800048828125,422144
2026-08-09T17:10,1922.699951171875,1923.760009765625,1922.699951171875,1923.31005859375,7333888
2026-08-09T17:15,1923.1300048828125,1923.25,1922.7099609375,1923.1700439453125,0
2026-08-09T17:20,1923.1700439453125,1923.4000244140625,1922.4000244140625,1923.1199951171875,0
2026-08-09T17:25,1923.1600341796875,1923.280029296875,1923.010009765625,1923.0799560546875,0
2026-08-09T17:30,1923.0699462890625,1923.280029296875,1922.6600341796875,1922.7099609375,10176256
2026-08-09T17:35,1922.699951171875,1923.25,1922.699951171875,1923.1800537109375,0
2026-08-09T17:40,1923.1600341796875,1923.1700439453125,1922.7099609375,1922.72998046875,18871040
2026-08-09T17:45,1922.739990234375,1922.739990234375,1921.9300537109375,1922.02001953125,0
2026-08-09T17:50,1922.02001953125,1922.199951171875,1921.780029296875,1921.7900390625,3428096
2026-08-09T17:55,1921.780029296875,1921.8599853515625,1921.6700439453125,1921.6700439453125,0
2026-08-09T18:00,1921.6700439453125,1922.449951171875,1921.6700439453125,1922.3599853515625,0
2026-08-09T18:05,1922.3599853515625,1922.5699462890625,1922.1099853515625,1922.1800537109375,0
2026-08-09T18:10,1922.1800537109375,1922.1800537109375,1921.300048828125,1921.31005859375,0
2026-08-09T18:15,1921.2099609375,1921.2099609375,1919.1800537109375,1920.1800537109375,1185536
2026-08-09T18:20,1920.4000244140625,1920.4599609375,1920.2099609375,1920.3199462890625,0
2026-08-09T18:25,1920.31005859375,1920.8900146484375,1920.260009765625,1920.8900146484375,0
2026-08-09T18:30,1920.8900146484375,1920.989990234375,1920.8800048828125,1920.8900146484375,0
2026-08-09T18:35,1920.8800048828125,1920.8900146484375,1919.8199462890625,1920.050048828125,22481408
2026-08-09T18:40,1920.06005859375,1920.06005859375,1919.800048828125,1919.9000244140625,0
2026-08-09T18:45,1919.8900146484375,1920.239990234375,1919.8499755859375,1919.9300537109375,0
2026-08-09T18:50,1919.9300537109375,1920.43994140625,1919.9200439453125,1920.4200439453125,0
2026-08-09T18:55,1920.4300537109375,1920.43994140625,1920.0,1920.0999755859375,22543360
2026-08-09T19:00,1920.1300048828125,1920.6800537109375,1919.81005859375,1920.6800537109375,0
2026-08-09T19:05,1920.6700439453125,1920.8699951171875,1920.6700439453125,1920.8199462890625,0
2026-08-09T19:10,1920.75,1920.75,1919.9000244140625,1920.1400146484375,4211200
2026-08-09T19:15,1920.1400146484375,1920.6099853515625,1920.1400146484375,1920.6099853515625,0
2026-08-09T19:20,1920.6099853515625,1921.0,1920.6099853515625,1920.8499755859375,0
2026-08-09T19:25,1920.93994140625,1920.949951171875,1920.550048828125,1920.550048828125,2105344
2026-08-09T19:30,1920.56005859375,1921.1300048828125,1920.550048828125,1921.0400390625,0
2026-08-09T19:35,1921.050048828125,1921.1800537109375,1921.0400390625,1921.0799560546875,0
2026-08-09T19:40,1921.0799560546875,1921.1199951171875,1920.9300537109375,1921.0999755859375,20602880
2026-08-09T19:45,1921.1099853515625,1921.22998046875,1920.280029296875,1920.68994140625,0
2026-08-09T19:50,1920.68994140625,1920.780029296875,1920.31005859375,1920.4599609375,10022144
2026-08-09T19:55,1920.449951171875,1920.93994140625,1920.449951171875,1920.5799560546875,0
2026-08-09T20:00,1920.5699462890625,1920.9300537109375,1920.31005859375,1920.31005859375,0
2026-08-09T20:05,1920.300048828125,1920.7900390625,1920.010009765625,1920.780029296875,0
2026-08-09T20:10,1920.780029296875,1920.7900390625,1917.800048828125,1917.81005859375,0
2026-08-09T20:15,1917.81005859375,1918.199951171875,1916.7099609375,1918.1500244140625,50537984
2026-08-09T20:20,1918.1500244140625,1919.3199462890625,1918.010009765625,1918.8800048828125,17871872
2026-08-09T20:25,1918.8800048828125,1919.4300537109375,1918.4000244140625,1918.9100341796875,5881600
2026-08-09T20:30,1919.2099609375,1920.0,1918.9000244140625,1919.510009765625,4977408
2026-08-09T20:35,1919.510009765625,1919.530029296875,1919.050048828125,1919.2099609375,0
2026-08-09T20:40,1919.199951171875,1919.510009765625,1919.030029296875,1919.1600341796875,13791488
2026-08-09T20:45,1919.1099853515625,1919.4000244140625,1919.1099853515625,1919.300048828125,4655872
2026-08-09T20:50,1919.31005859375,1919.800048828125,1919.300048828125,1919.7900390625,0
2026-08-09T20:55,1919.7900390625,1919.7900390625,1919.7099609375,1919.780029296875,0
2026-08-09T21:00,1919.7900390625,1919.7900390625,1919.199951171875,1919.5799560546875,9932544
2026-08-09T21:05,1919.489990234375,1919.56005859375,1918.5999755859375,1918.5999755859375,0
2026-08-09T21:10,1918.72998046875,1920.280029296875,1918.72998046875,1920.280029296875,16768512
2026-08-09T21:15,1920.0400390625,1920.280029296875,1920.0400390625,1920.27001953125,0
2026-08-09T21:20,1920.27001953125,1920.97998046875,1920.1600341796875,1920.97998046875,14615296
2026-08-09T21:25,1921.2900390625,1922.9000244140625,1921.2900390625,1922.8599853515625,0
2026-08-09T21:30,1922.8499755859375,1923.1600341796875,1922.5,1922.550048828125,0
2026-08-09T21:35,1922.550048828125,1924.3299560546875,1922.5400390625,1924.3299560546875,27048192
2026-08-09T21:40,1924.719970703125,1924.8599853515625,1922.969970703125,1924.050048828125,0
2026-08-09T21:45,1924.18994140625,1924.93994140625,1924.1400146484375,1924.6400146484375,21265408
2026-08-09T21:50,1924.6400146484375,1924.6400146484375,1923.1400146484375,1923.56005859375,1136128
2026-08-09T21:55,1923.469970703125,1923.8699951171875,1923.1099853515625,1923.219970703125,5384192
2026-08-09T22:00,1923.9599609375,1924.93994140625,1923.6199951171875,1924.06005859375,0
2026-08-09T22:05,1923.969970703125,1924.93994140625,1923.8900146484375,1924.93994140625,17729536
2026-08-09T22:10,1924.93994140625,1933.52001953125,1924.699951171875,1931.699951171875,7529984
2026-08-09T22:15,1933.489990234375,1935.9000244140625,1930.3299560546875,1930.4000244140625,50734080
2026-08-09T22:20,1931.280029296875,1932.0,1927.7099609375,1927.7099609375,95092224
2026-08-09T22:25,1927.719970703125,1928.780029296875,1927.3399658203125,1927.8199462890625,0
2026-08-09T22:30,1928.6600341796875,1928.989990234375,1919.97998046875,1922.4000244140625,95429888
2026-08-09T22:35,1922.4100341796875,1922.4100341796875,1915.5,1916.18994140625,43902720
2026-08-09T22:40,1915.6199951171875,1917.969970703125,1915.6199951171875,1917.969970703125,10014720
2026-08-09T22:45,1917.300048828125,1917.300048828125,1915.3299560546875,1916.4100341796875,0
2026-08-09T22:50,1916.31005859375,1917.1700439453125,1914.0,1917.1700439453125,61825792
2026-08-09T22:55,1917.3599853515625,1919.030029296875,1917.3599853515625,1918.280029296875,46081536
2026-08-09T23:00,1917.800048828125,1919.0899658203125,1916.3900146484375,1918.8599853515625,0
2026-08-09T23:05,1918.699951171875,1918.9000244140625,1915.449951171875,1915.72998046875,4224000
2026-08-09T23:10,1915.6600341796875,1917.699951171875,1915.6600341796875,1916.25,46482944
2026-08-09T23:15,1915.8599853515625,1917.0699462890625,1914.8599853515625,1916.030029296875,0
2026-08-09T23:20,1916.1400146484375,1916.2900390625,1913.2099609375,1916.010009765625,16815104
2026-08-09T23:25,1915.4000244140625,1915.5999755859375,1912.510009765625,1913.0899658203125,58637312
2026-08-09T23:30,1913.0400390625,1913.0400390625,1907.8399658203125,1907.9100341796875,0
2026-08-09T23:35,1908.010009765625,1912.0,1907.31005859375,1909.81005859375,100635648
2026-08-09T23:40,1909.7099609375,1910.699951171875,1909.1099853515625,1909.3599853515625,45456896
2026-08-09T23:45,1909.3599853515625,1910.9200439453125,1909.3599853515625,1910.6300048828125,0
2026-08-09T23:50,1909.800048828125,1909.800048828125,1908.8399658203125,1908.8399658203125,107571200
2026-08-09T23:55,1907.93994140625,1909.3800048828125,1906.4100341796875,1909.0899658203125,2078208
2026-08-10T00:00,1908.3499755859375,1910.0,1907.3599853515625,1909.3399658203125,0
2026-08-10T00:05,1909.2099609375,1915.030029296875,1909.2099609375,1914.5999755859375,0
2026-08-10T00:10,1914.510009765625,1924.8800048828125,1914.31005859375,1920.300048828125,22422528
2026-08-10T00:15,1920.300048828125,1921.18994140625,1917.760009765625,1917.760009765625,58150912
2026-08-10T00:20,1917.9200439453125,1918.22998046875,1912.56005859375,1912.9000244140625,46350336
2026-08-10T00:25,1913.300048828125,1914.25,1912.3599853515625,1912.3599853515625,63829504
2026-08-10T00:30,1912.199951171875,1914.699951171875,1911.989990234375,1913.739990234375,10146304
2026-08-10T00:35,1913.6700439453125,1913.6700439453125,1906.9200439453125,1906.9200439453125,0
2026-08-10T00:40,1906.9300537109375,1908.7900390625,1904.5999755859375,1905.7900390625,42577408
2026-08-10T00:45,1905.6600341796875,1910.550048828125,1905.5799560546875,1910.550048828125,38234112
2026-08-10T00:50,1910.530029296875,1915.699951171875,1910.3199462890625,1913.0699462890625,39117312
2026-08-10T00:55,1913.0400390625,1914.489990234375,1910.3900146484375,1911.0699462890625,0
2026-08-10T01:00,1911.31005859375,1913.3499755859375,1910.3199462890625,1911.4599609375,73517568
2026-08-10T01:05,1911.31005859375,1912.0799560546875,1906.530029296875,1911.8299560546875,16191488
2026-08-10T01:10,1911.9000244140625,1913.8299560546875,1911.4100341796875,1912.6600341796875,34949120
2026-08-10T01:15,1912.6700439453125,1916.5699462890625,1912.6600341796875,1914.9200439453125,18831872
2026-08-10T01:20,1915.5,1915.5799560546875,1913.530029296875,1915.3499755859375,9600512
2026-08-10T01:25,1915.3499755859375,1916.8199462890625,1913.4000244140625,1913.43994140625,0
2026-08-10T01:30,1912.780029296875,1914.969970703125,1912.6099853515625,1914.0,19092480
2026-08-10T01:35,1914.0,1914.0,1910.8900146484375,1913.199951171875,3325952
2026-08-10T01:40,1913.0999755859375,1913.780029296875,1912.3599853515625,1913.780029296875,14540800
2026-08-10T01:45,1913.81005859375,1923.489990234375,1913.489990234375,1923.489990234375,21211136
2026-08-10T01:50,1924.280029296875,1929.199951171875,1923.260009765625,1923.6300048828125,20645888
2026-08-10T01:55,1923.739990234375,1923.9200439453125,1922.6099853515625,1923.9200439453125,25246208
2026-08-10T02:00,1924.68994140625,1924.68994140625,1920.1199951171875,1921.949951171875,54728192
2026-08-10T02:05,1921.93994140625,1922.260009765625,1919.4599609375,1920.6099853515625,49630720
2026-08-10T02:10,1920.47998046875,1921.5999755859375,1919.81005859375,1920.2099609375,11136000
2026-08-10T02:15,1920.199951171875,1920.199951171875,1913.1400146484375,1913.18994140625,9671680
2026-08-10T02:20,1913.22998046875,1915.0999755859375,1912.2099609375,1913.1199951171875,10455040
2026-08-10T02:25,1913.06005859375,1914.4300537109375,1911.31005859375,1913.8399658203125,47513088
2026-08-10T02:30,1914.06005859375,1915.300048828125,1913.800048828125,1914.43994140625,4403200
2026-08-10T02:35,1914.47998046875,1916.4100341796875,1914.3599853515625,1916.4100341796875,0
2026-08-10T02:40,1916.7900390625,1924.800048828125,1916.7900390625,1924.219970703125,35572224
2026-08-10T02:45,1923.719970703125,1924.1400146484375,1921.25,1921.4200439453125,0
2026-08-10T02:50,1922.0,1923.56005859375,1921.4100341796875,1922.0999755859375,40521728
2026-08-10T02:55,1922.25,1922.6700439453125,1920.9000244140625,1920.9000244140625,3077120
2026-08-10T03:00,1922.5899658203125,1922.9300537109375,1920.93994140625,1921.52001953125,34223616
2026-08-10T03:05,1921.719970703125,1921.8800048828125,1920.0699462890625,1920.969970703125,10933760
2026-08-10T03:10,1921.050048828125,1921.050048828125,1913.719970703125,1914.2099609375,3305472
2026-08-10T03:15,1914.31005859375,1918.8399658203125,1912.1500244140625,1918.4200439453125,21110272
2026-08-10T03:20,1918.5799560546875,1922.5,1918.199951171875,1922.0,29860864
2026-08-10T03:25,1922.1300048828125,1923.0,1916.6700439453125,1916.6700439453125,4419072
2026-08-10T03:30,1916.8900146484375,1917.93994140625,1915.800048828125,1917.93994140625,0
2026-08-10T03:35,1917.9599609375,1919.0999755859375,1917.8199462890625,1918.52001953125,26089472
2026-08-10T03:40,1918.3499755859375,1919.1800537109375,1917.1400146484375,1917.699951171875,11772416
2026-08-10T03:45,1918.0999755859375,1919.1300048828125,1917.8900146484375,1918.6099853515625,95474688
2026-08-10T03:50,1918.4599609375,1918.6500244140625,1916.699951171875,1916.72998046875,0
2026-08-10T03:55,1916.9300537109375,1917.1199951171875,1915.010009765625,1915.8399658203125,0
2026-08-10T04:00,1915.510009765625,1918.5400390625,1915.3299560546875,1918.030029296875,2451968
2026-08-10T04:05,1918.4200439453125,1918.4200439453125,1916.6400146484375,1917.9000244140625,75446784
2026-08-10T04:10,1918.0400390625,1918.6099853515625,1916.9100341796875,1918.6099853515625,11715584
2026-08-10T04:15,1918.5799560546875,1919.47998046875,1917.6700439453125,1918.0999755859375,0
2026-08-10T04:20,1918.010009765625,1919.0699462890625,1917.449951171875,1917.449951171875,27942400
2026-08-10T04:25,1917.31005859375,1919.1800537109375,1917.1700439453125,1917.8699951171875,16769536
2026-08-10T04:30,1918.0899658203125,1918.800048828125,1917.260009765625,1918.199951171875,3515904
2026-08-10T04:35,1917.9599609375,1918.9599609375,1917.5999755859375,1917.5999755859375,8100864
2026-08-10T04:40,1917.56005859375,1917.56005859375,1911.3599853515625,1915.0400390625,9883648
2026-08-10T04:45,1915.3499755859375,1917.0899658203125,1915.1400146484375,1915.68994140625,43333632
2026-08-10T04:50,1915.699951171875,1916.6099853515625,1915.1400146484375,1915.3399658203125,11091968
2026-08-10T04:55,1915.4200439453125,1915.4200439453125,1912.9599609375,1914.1199951171875,46041600
2026-08-10T05:00,1913.760009765625,1916.68994140625,1913.760009765625,1916.25,0
2026-08-10T05:05,1916.219970703125,1917.2900390625,1916.1099853515625,1916.3499755859375,62426112
2026-08-10T05:10,1916.4000244140625,1916.68994140625,1913.8299560546875,1914.7900390625,11223552
2026-08-10T05:15,1914.9000244140625,1916.300048828125,1914.81005859375,1914.81005859375,2814464
2026-08-10T05:20,1915.0999755859375,1918.0,1915.0999755859375,1917.93994140625,9663488
2026-08-10T05:25,1917.9100341796875,1919.0,1917.760009765625,1918.699951171875,0
2026-08-10T05:30,1918.52001953125,1919.0,1918.1099853515625,1919.0,61807104
2026-08-10T05:35,1919.0999755859375,1920.8599853515625,1918.56005859375,1919.260009765625,10075648
2026-08-10T05:40,1919.1600341796875,1919.9200439453125,1918.8199462890625,1919.8599853515625,27612672
2026-08-10T05:45,1919.8599853515625,1919.9599609375,1919.2099609375,1919.52001953125,0
2026-08-10T05:50,1919.52001953125,1923.2900390625,1919.52001953125,1923.0,34569728
2026-08-10T05:55,1923.510009765625,1923.510009765625,1921.489990234375,1921.6300048828125,6595072
2026-08-10T06:00,1922.239990234375,1923.5,1921.6500244140625,1922.8699951171875,0
2026-08-10T06:05,1922.8800048828125,1926.0,1922.8699951171875,1923.1600341796875,24508416
2026-08-10T06:10,1923.4000244140625,1924.4300537109375,1923.1099853515625,1924.010009765625,0
2026-08-10T06:15,1924.06005859375,1927.5899658203125,1922.780029296875,1927.5899658203125,5706752
2026-08-10T06:20,1926.9000244140625,1927.199951171875,1924.5999755859375,1925.9100341796875,55347200
2026-08-10T06:25,1925.699951171875,1925.699951171875,1923.5899658203125,1923.949951171875,12757504
2026-08-10T06:30,1924.0999755859375,1925.0,1923.739990234375,1923.739990234375,0
2026-08-10T06:35,1923.800048828125,1924.5899658203125,1923.800048828125,1924.06005859375,54895616
2026-08-10T06:40,1923.9100341796875,1925.9000244140625,1923.4100341796875,1925.9000244140625,2468864
2026-08-10T06:45,1925.81005859375,1926.050048828125,1925.0699462890625,1925.52001953125,22496768
2026-08-10T06:50,1925.5699462890625,1926.699951171875,1924.780029296875,1925.97998046875,0
2026-08-10T06:55,1926.199951171875,1927.5899658203125,1925.719970703125,1926.489990234375,0
2026-08-10T07:00,1927.0,1927.0,1925.2099609375,1925.3199462890625,27267584
2026-08-10T07:05,1925.3199462890625,1925.56005859375,1924.800048828125,1924.9200439453125,33254400
2026-08-10T07:10,1925.1700439453125,1925.43994140625,1925.0400390625,1925.1400146484375,0
2026-08-10T07:15,1925.1400146484375,1926.050048828125,1924.4100341796875,1926.0400390625,14235136
2026-08-10T07:20,1926.239990234375,1927.8599853515625,1925.5799560546875,1927.8499755859375,4312576
2026-08-10T07:25,1927.8499755859375,1928.239990234375,1926.68994140625,1927.9100341796875,0
2026-08-10T07:30,1927.8199462890625,1929.27001953125,1927.81005859375,1928.510009765625,0
2026-08-10T07:35,1928.800048828125,1929.1500244140625,1926.68994140625,1926.81005859375,87308288
2026-08-10T07:40,1926.81005859375,1927.0999755859375,1926.0,1926.02001953125,0
2026-08-10T07:45,1926.02001953125,1926.5699462890625,1923.9100341796875,1923.9100341796875,20840960
2026-08-10T07:50,1923.8199462890625,1924.989990234375,1923.239990234375,1923.3599853515625,31472640
2026-08-10T07:55,1923.3599853515625,1923.97998046875,1923.260009765625,1923.97998046875,0
2026-08-10T08:00,1923.969970703125,1926.9200439453125,1923.969970703125,1926.1099853515625,0
2026-08-10T08:05,1926.0699462890625,1926.0799560546875,1924.5,1925.5400390625,12016640
2026-08-10T08:10,1925.43994140625,1926.0999755859375,1925.1099853515625,1925.8900146484375,0
2026-08-10T08:15,1925.8399658203125,1926.489990234375,1924.8800048828125,1926.0799560546875,0
2026-08-10T08:20,1926.0799560546875,1927.22998046875,1925.2099609375,1927.010009765625,53485568
2026-08-10T08:25,1927.1300048828125,1928.2099609375,1926.25,1926.7099609375,86016
2026-08-10T08:30,1926.5799560546875,1927.18994140625,1926.4000244140625,1926.739990234375,10272256
2026-08-10T08:35,1926.780029296875,1926.8399658203125,1924.510009765625,1924.510009765625,12786688
2026-08-10T08:40,1924.510009765625,1924.5899658203125,1921.760009765625,1923.7900390625,0
2026-08-10T08:45,1923.780029296875,1924.22998046875,1922.77001953125,1924.18994140625,0
2026-08-10T08:50,1924.239990234375,1925.949951171875,1923.8800048828125,1924.18994140625,0
2026-08-10T08:55,1924.199951171875,1925.739990234375,1924.199951171875,1925.199951171875,316416
2026-08-10T09:00,1924.800048828125,1925.0799560546875,1923.699951171875,1925.0799560546875,46702592
2026-08-10T09:05,1925.1700439453125,1925.5,1924.199951171875,1925.300048828125,3158016
2026-08-10T09:10,1925.010009765625,1925.56005859375,1924.0400390625,1925.1099853515625,0
2026-08-10T09:15,1925.0999755859375,1925.2900390625,1923.800048828125,1923.800048828125,0
2026-08-10T09:20,1923.4000244140625,1923.800048828125,1923.1199951171875,1923.43994140625,13379072
2026-08-10T09:25,1923.4300537109375,1923.4300537109375,1921.300048828125,1921.3199462890625,0
2026-08-10T09:30,1920.27001953125,1920.550048828125,1916.8399658203125,1918.3599853515625,0
2026-08-10T09:35,1918.3699951171875,1918.5999755859375,1916.280029296875,1916.9200439453125,0
2026-08-10T09:40,1916.8599853515625,1917.510009765625,1916.219970703125,1916.699951171875,0
2026-08-10T09:45,1916.699951171875,1916.760009765625,1915.1600341796875,1915.2099609375,24403968
2026-08-10T09:50,1915.2099609375,1916.3499755859375,1914.4000244140625,1914.9100341796875,70694912
2026-08-10T09:55,1915.010009765625,1916.0999755859375,1914.6600341796875,1914.9000244140625,7233536
2026-08-10T10:00,1914.7099609375,1917.739990234375,1914.3199462890625,1917.699951171875,24926720
2026-08-10T10:05,1917.5999755859375,1917.9300537109375,1917.0999755859375,1917.31005859375,0
2026-08-10T10:10,1917.2099609375,1917.8900146484375,1916.9599609375,1917.5,73197568
2026-08-10T10:15,1917.5,1917.800048828125,1917.4100341796875,1917.5400390625,15087616
2026-08-10T10:20,1917.550048828125,1919.1199951171875,1917.1099853515625,1918.6199951171875,0
2026-08-10T10:25,1918.6199951171875,1918.72998046875,1917.3199462890625,1917.8299560546875,13968384
2026-08-10T10:30,1917.8800048828125,1917.8800048828125,1916.510009765625,1916.9599609375,0
2026-08-10T10:35,1916.93994140625,1917.25,1915.0,1915.3900146484375,8349696
2026-08-10T10:40,1915.3900146484375,1916.239990234375,1914.9599609375,1915.9000244140625,5013504
2026-08-10T10:45,1915.9599609375,1917.0,1915.1500244140625,1916.81005859375,26243584
2026-08-10T10:50,1916.4100341796875,1916.4100341796875,1915.8699951171875,1915.93994140625,4752384
2026-08-10T10:55,1915.93994140625,1916.5400390625,1915.4000244140625,1915.989990234375,423936
2026-08-10T11:00,1916.06005859375,1916.1700439453125,1914.719970703125,1914.719970703125,0
2026-08-10T11:05,1914.6500244140625,1915.7099609375,1914.510009765625,1914.9000244140625,20124160
2026-08-10T11:10,1914.72998046875,1915.0699462890625,1912.9599609375,1914.9599609375,0
2026-08-10T11:15,1914.989990234375,1917.27001953125,1914.989990234375,1916.93994140625,18339328
2026-08-10T11:20,1916.93994140625,1918.1400146484375,1916.4000244140625,1916.4599609375,22070272
2026-08-10T11:25,1916.4599609375,1917.7900390625,1916.449951171875,1917.530029296875,5890048
2026-08-10T11:30,1917.9000244140625,1918.75,1917.52001953125,1918.75,0
2026-08-10T11:35,1918.75,1918.7900390625,1917.050048828125,1917.4200439453125,0
2026-08-10T11:40,1917.4200439453125,1917.5999755859375,1916.4200439453125,1916.699951171875,0
2026-08-10T11:45,1916.6400146484375,1917.800048828125,1916.6400146484375,1917.260009765625,22449152
2026-08-10T11:50,1916.9000244140625,1917.68994140625,1916.3699951171875,1917.6199951171875,0
2026-08-10T11:55,1917.56005859375,1919.300048828125,1917.2099609375,1918.5,12992000
2026-08-10T12:00,1918.489990234375,1921.4200439453125,1918.0400390625,1921.4200439453125,0
2026-08-10T12:05,1921.31005859375,1921.31005859375,1919.4599609375,1920.5899658203125,18587648
2026-08-10T12:10,1920.800048828125,1921.2900390625,1918.6099853515625,1919.010009765625,52798976
2026-08-10T12:15,1919.2099609375,1919.2099609375,1916.300048828125,1916.8900146484375,13005312
2026-08-10T12:20,1916.8800048828125,1917.739990234375,1916.1700439453125,1916.3199462890625,0
2026-08-10T12:25,1916.9000244140625,1916.9000244140625,1914.8599853515625,1915.25,0
2026-08-10T12:30,1914.8499755859375,1915.280029296875,1912.780029296875,1912.780029296875,191993856
2026-08-10T12:35,1912.22998046875,1913.3299560546875,1911.780029296875,1911.780029296875,6726656
2026-08-10T12:40,1911.780029296875,1914.1500244140625,1910.280029296875,1913.9000244140625,0
2026-08-10T12:45,1913.4000244140625,1913.56005859375,1910.93994140625,1910.93994140625,34234880
2026-08-10T12:50,1910.719970703125,1910.719970703125,1907.219970703125,1908.9599609375,18478080
2026-08-10T12:55,1908.9599609375,1908.9599609375,1903.5400390625,1904.6400146484375,47625216
2026-08-10T13:00,1904.0400390625,1906.739990234375,1903.510009765625,1905.699951171875,106784256
2026-08-10T13:05,1905.68994140625,1907.43994140625,1905.550048828125,1907.4000244140625,75065856
2026-08-10T13:10,1907.2099609375,1907.9599609375,1906.5,1907.219970703125,45270528
2026-08-10T13:15,1907.18994140625,1908.81005859375,1906.800048828125,1908.3699951171875,27556864
2026-08-10T13:20,1908.31005859375,1908.3299560546875,1906.199951171875,1906.739990234375,0
2026-08-10T13:25,1905.719970703125,1906.5,1904.8800048828125,1906.5,44960256
2026-08-10T13:30,1905.300048828125,1906.800048828125,1897.6500244140625,1897.6500244140625,0
2026-08-10T13:35,1897.4599609375,1904.800048828125,1897.219970703125,1899.5,40416256
2026-08-10T13:40,1900.1800537109375,1900.4100341796875,1898.0799560546875,1899.3900146484375,38789120
2026-08-10T13:45,1898.800048828125,1901.0,1893.9200439453125,1895.5899658203125,108285440
2026-08-10T13:50,1896.31005859375,1898.260009765625,1892.969970703125,1893.27001953125,96909824
2026-08-10T13:55,1894.300048828125,1897.77001953125,1894.1500244140625,1895.699951171875,0
2026-08-10T14:00,1895.1099853515625,1900.4100341796875,1895.1099853515625,1898.06005859375,102657536
2026-08-10T14:05,1897.489990234375,1898.449951171875,1894.5999755859375,1896.8800048828125,87298560
2026-08-10T14:10,1897.1500244140625,1899.219970703125,1895.2900390625,1899.219970703125,0
2026-08-10T14:15,1899.1800537109375,1900.5799560546875,1897.489990234375,1898.280029296875,67180544
2026-08-10T14:20,1897.68994140625,1898.550048828125,1895.469970703125,1895.5699462890625,0
2026-08-10T14:25,1895.6700439453125,1899.300048828125,1895.1199951171875,1897.5899658203125,49455104
2026-08-10T14:30,1897.199951171875,1897.6500244140625,1896.1099853515625,1897.469970703125,26964480
2026-08-10T14:35,1897.4599609375,1899.8199462890625,1895.81005859375,1897.260009765625,41139712
2026-08-10T14:40,1896.780029296875,1900.5999755859375,1896.780029296875,1898.27001953125,0
2026-08-10T14:45,1898.4000244140625,1899.4300537109375,1893.9599609375,1894.5,0
2026-08-10T14:50,1894.68994140625,1895.6700439453125,1891.3800048828125,1892.5999755859375,59499520
2026-08-10T14:55,1892.1800537109375,1892.7900390625,1890.25,1891.6199951171875,30014464
2026-08-10T15:00,1890.3499755859375,1890.530029296875,1885.719970703125,1888.5,51874304
2026-08-10T15:05,1888.8399658203125,1890.3900146484375,1887.780029296875,1889.72998046875,129174016
2026-08-10T15:10,1889.2099609375,1889.6099853515625,1874.260009765625,1874.3599853515625,31153152
2026-08-10T15:15,1873.8599853515625,1879.0999755859375,1873.77001953125,1875.199951171875,115281408
2026-08-10T15:20,1874.6500244140625,1876.949951171875,1872.489990234375,1873.489990234375,132830208
2026-08-10T15:25,1874.1300048828125,1875.3199462890625,1870.030029296875,1875.260009765625,63748096
2026-08-10T15:30,1874.72998046875,1877.4100341796875,1874.72998046875,1876.010009765625,144148992
2026-08-10T15:35,1874.9000244140625,1876.449951171875,1873.1099853515625,1875.27001953125,0
2026-08-10T15:40,1874.81005859375,1878.780029296875,1874.81005859375,1876.800048828125,54062080
2026-08-10T15:45,1876.18994140625,1877.0999755859375,1874.699951171875,1874.699951171875,100633088
2026-08-10T15:50,1874.989990234375,1878.5999755859375,1874.9200439453125,1875.530029296875,60918272
2026-08-10T15:55,1875.5999755859375,1875.93994140625,1874.56005859375,1875.02001953125,25028096
2026-08-10T16:00,1874.27001953125,1876.6400146484375,1873.239990234375,1876.3399658203125,0
2026-08-10T16:05,1876.510009765625,1877.0999755859375,1874.7099609375,1875.0899658203125,101394432
2026-08-10T16:10,1874.81005859375,1875.510009765625,1873.969970703125,1874.18994140625,43448320
2026-08-10T16:15,1874.0,1875.280029296875,1871.0,1871.800048828125,0
2026-08-10T16:20,1872.6199951171875,1874.510009765625,1868.6800537109375,1874.510009765625,21168640
2026-08-10T16:25,1874.719970703125,1874.719970703125,1873.199951171875,1873.3800048828125,0
2026-08-10T16:30,1873.3699951171875,1874.0799560546875,1871.3199462890625,1872.5899658203125,218950144
2026-08-10T16:35,1871.9000244140625,1874.9200439453125,1871.9000244140625,1874.9200439453125,81162240
2026-08-10T16:40,1875.1500244140625,1876.219970703125,1870.800048828125,1871.0899658203125,0
2026-08-10T16:45,1871.0899658203125,1871.3199462890625,1869.8399658203125,1870.93994140625,37131776
2026-08-10T16:50,1870.8800048828125,1871.3299560546875,1867.010009765625,1867.93994140625,48875008
2026-08-10T16:55,1867.8900146484375,1870.3399658203125,1867.8900146484375,1870.3399658203125,165376
2026-08-10T17:00,1870.3399658203125,1871.1300048828125,1867.8499755859375,1868.3299560546875,91345408
2026-08-10T17:05,1868.0799560546875,1872.25,1866.800048828125,1871.449951171875,54473728
2026-08-10T17:10,1871.5899658203125,1874.02001953125,1871.5899658203125,1872.8800048828125,0
2026-08-10T17:15,1872.6800537109375,1872.93994140625,1871.199951171875,1871.4000244140625,49990656
2026-08-10T17:20,1871.5999755859375,1872.8699951171875,1870.9200439453125,1872.3499755859375,75871232
2026-08-10T17:25,1872.300048828125,1874.8299560546875,1872.300048828125,1872.4100341796875,5649408
2026-08-10T17:30,1872.3199462890625,1874.5899658203125,1871.8499755859375,1874.27001953125,0
2026-08-10T17:35,1874.22998046875,1874.4000244140625,1872.81005859375,1873.8900146484375,86546432
2026-08-10T17:40,1873.8900146484375,1875.489990234375,1873.739990234375,1873.739990234375,17992704
2026-08-10T17:45,1873.510009765625,1873.510009765625,1872.0,1872.5899658203125,25749504
2026-08-10T17:50,1872.5899658203125,1873.8699951171875,1871.6300048828125,1872.0999755859375,0
2026-08-10T17:55,1872.3800048828125,1872.3800048828125,1871.0899658203125,1871.8699951171875,11188224
2026-08-10T18:00,1871.949951171875,1873.260009765625,1871.1099853515625,1871.1099853515625,96654336
2026-08-10T18:05,1871.449951171875,1872.4000244140625,1870.4599609375,1870.6099853515625,0
2026-08-10T18:10,1870.77001953125,1872.050048828125,1869.81005859375,1869.81005859375,26890240
2026-08-10T18:15,1869.300048828125,1870.9200439453125,1869.0400390625,1870.010009765625,0
2026-08-10T18:20,1869.550048828125,1872.0699462890625,1869.47998046875,1871.8699951171875,49507328
2026-08-10T18:25,1871.8499755859375,1872.530029296875,1869.9300537109375,1870.030029296875,22163456
2026-08-10T18:30,1869.780029296875,1871.0899658203125,1869.4000244140625,1870.9300537109375,40667136
2026-08-10T18:35,1870.800048828125,1870.800048828125,1867.75,1869.3599853515625,20198400
2026-08-10T18:40,1869.2099609375,1871.2099609375,1868.5,1871.1600341796875,24546304
2026-08-10T18:45,1870.1199951171875,1870.6199951171875,1866.199951171875,1870.6199951171875,19858432
2026-08-10T18:50,1870.3399658203125,1871.3299560546875,1869.72998046875,1869.9200439453125,38322176
2026-08-10T18:55,1870.0,1871.6500244140625,1870.0,1870.7099609375,0
2026-08-10T19:00,1870.739990234375,1872.699951171875,1870.739990234375,1871.9100341796875,11591680
2026-08-10T19:05,1871.9300537109375,1872.9000244140625,1871.5,1872.489990234375,38778880
2026-08-10T19:10,1872.52001953125,1873.3499755859375,1872.3800048828125,1873.300048828125,5726208
2026-08-10T19:15,1873.31005859375,1874.9100341796875,1873.22998046875,1874.469970703125,0
2026-08-10T19:20,1874.5999755859375,1876.300048828125,1874.5999755859375,1876.22998046875,6885376
2026-08-10T19:25,1876.22998046875,1876.6500244140625,1875.4100341796875,1876.6500244140625,0
2026-08-10T19:30,1877.1800537109375,1878.8199462890625,1877.1800537109375,1878.02001953125,29461504
2026-08-10T19:35,1878.010009765625,1878.199951171875,1874.800048828125,1876.18994140625,34164736
2026-08-10T19:40,1876.06005859375,1877.1199951171875,1875.239990234375,1877.010009765625,28717056
2026-08-10T19:45,1877.239990234375,1877.9200439453125,1876.0999755859375,1877.0,6315008
2026-08-10T19:50,1876.77001953125,1876.9200439453125,1875.239990234375,1875.6600341796875,0
2026-08-10T19:55,1876.0999755859375,1876.6400146484375,1874.9300537109375,1876.6400146484375,13812736
2026-08-10T20:00,1876.280029296875,1876.949951171875,1875.550048828125,1876.8299560546875,0
2026-08-10T20:05,1876.72998046875,1877.6199951171875,1876.449951171875,1877.030029296875,79973376
2026-08-10T20:10,1877.0999755859375,1877.510009765625,1876.22998046875,1876.5999755859375,0
2026-08-10T20:15,1876.5899658203125,1877.300048828125,1876.050048828125,1877.25,0
2026-08-10T20:20,1877.25,1877.25,1876.4200439453125,1876.72998046875,79032320
2026-08-10T20:25,1876.719970703125,1877.68994140625,1876.3299560546875,1877.6199951171875,11615232
2026-08-10T20:30,1877.6500244140625,1877.989990234375,1877.199951171875,1877.8299560546875,0
2026-08-10T20:35,1877.7099609375,1878.7900390625,1877.2099609375,1877.2099609375,8257536
2026-08-10T20:40,1877.0999755859375,1879.4100341796875,1877.06005859375,1878.530029296875,13667328
2026-08-10T20:45,1878.25,1878.3599853515625,1877.02001953125,1877.6600341796875,3443712
2026-08-10T20:50,1877.6500244140625,1878.9100341796875,1877.56005859375,1878.1600341796875,0
2026-08-10T20:55,1877.800048828125,1878.1400146484375,1877.31005859375,1877.81005859375,17591296
2026-08-10T21:00,1877.72998046875,1877.72998046875,1875.8199462890625,1876.18994140625,0
2026-08-10T21:05,1876.239990234375,1876.5699462890625,1875.56005859375,1876.52001953125,0
2026-08-10T21:10,1875.7099609375,1875.9200439453125,1874.1400146484375,1874.3399658203125,16231424
2026-08-10T21:15,1874.3399658203125,1874.43994140625,1874.010009765625,1874.4000244140625,0
2026-08-10T21:20,1874.2099609375,1874.2099609375,1873.22998046875,1873.22998046875,11992064
2026-08-10T21:25,1872.699951171875,1875.300048828125,1872.6099853515625,1875.300048828125,13320192
2026-08-10T21:30,1875.4100341796875,1875.6600341796875,1874.800048828125,1875.0699462890625,66339840
2026-08-10T21:35,1875.010009765625,1876.1099853515625,1874.6600341796875,1874.8800048828125,0
2026-08-10T21:40,1874.719970703125,1874.9300537109375,1873.4000244140625,1874.239990234375,1370112
2026-08-10T21:45,1874.300048828125,1874.300048828125,1872.5999755859375,1872.6199951171875,0
2026-08-10T21:50,1872.6400146484375,1872.9000244140625,1871.8800048828125,1872.5799560546875,2903040
2026-08-10T21:55,1872.5799560546875,1873.3499755859375,1872.4599609375,1872.5400390625,0
2026-08-10T22:00,1873.1199951171875,1873.989990234375,1871.300048828125,1872.050048828125,0
2026-08-10T22:05,1871.6400146484375,1873.7099609375,1871.0,1873.7099609375,0
2026-08-10T22:10,1873.6199951171875,1875.5799560546875,1873.6199951171875,1875.1199951171875,29500416
2026-08-10T22:15,1875.4000244140625,1876.449951171875,1875.3900146484375,1875.949951171875,4083712
2026-08-10T22:20,1875.8699951171875,1875.989990234375,1873.5799560546875,1873.8399658203125,0
2026-08-10T22:25,1873.56005859375,1875.3900146484375,1873.56005859375,1875.219970703125,42561536
2026-08-10T22:30,1875.2099609375,1875.3699951171875,1870.3299560546875,1870.510009765625,0
2026-08-10T22:35,1870.43994140625,1872.7900390625,1870.43994140625,1872.1800537109375,1233920
2026-08-10T22:40,1872.1800537109375,1872.699951171875,1872.0799560546875,1872.699951171875,0
2026-08-10T22:45,1872.800048828125,1873.9599609375,1872.4100341796875,1873.68994140625,0
2026-08-10T22:50,1873.8499755859375,1874.219970703125,1873.81005859375,1873.9000244140625,57835520
2026-08-10T22:55,1873.8199462890625,1874.5400390625,1873.7099609375,1874.530029296875,79190016
2026-08-10T23:00,1874.489990234375,1874.530029296875,1872.530029296875,1873.0,0
2026-08-10T23:05,1873.0,1873.8900146484375,1872.300048828125,1872.31005859375,0
2026-08-10T23:10,1872.5,1873.0899658203125,1872.239990234375,1872.800048828125,6678528
2026-08-10T23:15,1872.800048828125,1873.550048828125,1872.56005859375,1872.56005859375,5527552
2026-08-10T23:20,1872.800048828125,1872.800048828125,1871.1700439453125,1872.1099853515625,0
2026-08-10T23:25,1872.0999755859375,1872.3699951171875,1870.6099853515625,1871.989990234375,0
2026-08-10T23:30,1872.050048828125,1872.050048828125,1869.719970703125,1870.4000244140625,0
2026-08-10T23:35,1870.2900390625,1871.199951171875,1868.4599609375,1869.1600341796875,0
2026-08-10T23:40,1869.300048828125,1871.1700439453125,1869.300048828125,1871.1300048828125,23293952
2026-08-10T23:45,1870.72998046875,1871.0999755859375,1869.8900146484375,1869.8900146484375,7441408
2026-08-10T23:50,1870.6400146484375,1872.1099853515625,1870.510009765625,1871.3699951171875,0
2026-08-10T23:55,1871.280029296875,1871.780029296875,1871.0400390625,1871.260009765625,158903296
2026-08-11T00:00,1871.3399658203125,1871.75,1869.3599853515625,1870.7099609375,5908480
2026-08-11T00:05,1870.27001953125,1871.1400146484375,1869.25,1870.5699462890625,0
2026-08-11T00:10,1870.510009765625,1871.989990234375,1869.9300537109375,1871.9000244140625,0
2026-08-11T00:15,1872.02001953125,1872.02001953125,1870.31005859375,1871.0,0
2026-08-11T00:20,1871.0,1872.18994140625,1869.9100341796875,1871.469970703125,0
2026-08-11T00:25,1871.4599609375,1874.0,1871.4599609375,1874.0,1728512
2026-08-11T00:30,1874.0999755859375,1874.280029296875,1872.5699462890625,1872.7099609375,0
2026-08-11T00:35,1872.699951171875,1873.0,1870.800048828125,1872.31005859375,90356736
2026-08-11T00:40,1872.0999755859375,1872.43994140625,1870.9599609375,1872.219970703125,0
2026-08-11T00:45,1872.3800048828125,1872.760009765625,1871.489990234375,1871.719970703125,11756544
2026-08-11T00:50,1871.6500244140625,1873.1199951171875,1871.6500244140625,1872.6700439453125,0
2026-08-11T00:55,1872.6800537109375,1873.8599853515625,1872.6099853515625,1873.510009765625,0
2026-08-11T01:00,1873.300048828125,1873.8800048828125,1871.449951171875,1873.300048828125,84618240
2026-08-11T01:05,1873.1600341796875,1873.8800048828125,1871.8800048828125,1873.2900390625,0
2026-08-11T01:10,1873.4000244140625,1876.0799560546875,1873.4000244140625,1875.4000244140625,11485184
2026-08-11T01:15,1875.43994140625,1875.510009765625,1871.949951171875,1871.949951171875,0
2026-08-11T01:20,1872.050048828125,1876.7900390625,1872.02001953125,1876.52001953125,177094144
2026-08-11T01:25,1876.510009765625,1876.510009765625,1875.22998046875,1876.2099609375,2228736
2026-08-11T01:30,1876.18994140625,1876.2099609375,1874.8399658203125,1874.9200439453125,0
2026-08-11T01:35,1874.949951171875,1875.27001953125,1874.4000244140625,1874.530029296875,64970752
2026-08-11T01:40,1873.989990234375,1874.510009765625,1872.7099609375,1873.93994140625,0
2026-08-11T01:45,1873.7099609375,1876.1500244140625,1873.52001953125,1876.1099853515625,0
2026-08-11T01:50,1876.1199951171875,1876.8599853515625,1875.81005859375,1876.3399658203125,0
2026-08-11T01:55,1876.3399658203125,1876.68994140625,1875.6099853515625,1876.1500244140625,0
2026-08-11T02:00,1876.1500244140625,1877.3299560546875,1876.1400146484375,1877.199951171875,0
2026-08-11T02:05,1877.31005859375,1877.3299560546875,1876.010009765625,1876.949951171875,0
2026-08-11T02:10,1876.989990234375,1877.1300048828125,1876.1099853515625,1876.300048828125,0
2026-08-11T02:15,1876.280029296875,1876.9300537109375,1875.9200439453125,1876.0400390625,17638400
2026-08-11T02:20,1876.0699462890625,1876.0799560546875,1875.6500244140625,1875.6800537109375,0
2026-08-11T02:25,1875.6800537109375,1876.1300048828125,1875.4200439453125,1875.6199951171875,0
2026-08-11T02:30,1875.5400390625,1876.4100341796875,1875.510009765625,1876.0799560546875,0
2026-08-11T02:35,1876.1300048828125,1876.1300048828125,1875.47998046875,1875.6400146484375,0
2026-08-11T02:40,1875.6700439453125,1876.8800048828125,1875.5899658203125,1876.68994140625,1637376
2026-08-11T02:45,1876.760009765625,1877.0999755859375,1876.52001953125,1876.6500244140625,0
2026-08-11T02:50,1876.6099853515625,1877.010009765625,1875.93994140625,1877.010009765625,0
2026-08-11T02:55,1877.010009765625,1877.010009765625,1876.22998046875,1876.8199462890625,0
2026-08-11T03:00,1876.8299560546875,1878.510009765625,1876.8199462890625,1878.510009765625,0
2026-08-11T03:05,1878.510009765625,1878.510009765625,1877.469970703125,1877.93994140625,504320
2026-08-11T03:10,1878.18994140625,1878.7099609375,1878.1099853515625,1878.3299560546875,0
2026-08-11T03:15,1878.1099853515625,1879.3900146484375,1877.75,1878.5,0
2026-08-11T03:20,1878.56005859375,1879.3199462890625,1878.0,1879.050048828125,0
2026-08-11T03:25,1879.0400390625,1879.52001953125,1878.489990234375,1878.530029296875,0
2026-08-11T03:30,1878.4100341796875,1878.6199951171875,1878.2900390625,1878.550048828125,0
2026-08-11T03:35,1878.5699462890625,1879.6199951171875,1878.550048828125,1879.6199951171875,0
2026-08-11T03:40,1879.489990234375,1880.010009765625,1878.6800537109375,1878.75,14859264
2026-08-11T03:45,1878.739990234375,1879.02001953125,1878.47998046875,1879.0,0
2026-08-11T03:50,1879.010009765625,1879.050048828125,1878.260009765625,1879.050048828125,0
2026-08-11T03:55,1879.050048828125,1879.3399658203125,1878.8599853515625,1879.0799560546875,0
2026-08-11T04:00,1879.0899658203125,1880.1700439453125,1878.4200439453125,1878.4200439453125,13751296
2026-08-11T04:05,1878.4300537109375,1878.510009765625,1877.8699951171875,1877.8800048828125,0
2026-08-11T04:10,1877.9000244140625,1878.22998046875,1877.9000244140625,1878.1199951171875,0
2026-08-11T04:15,1878.1099853515625,1878.25,1877.969970703125,1878.0699462890625,0
2026-08-11T04:20,1878.06005859375,1878.699951171875,1877.9100341796875,1877.9200439453125,46736384
2026-08-11T04:25,1877.9200439453125,1878.260009765625,1877.8499755859375,1878.0999755859375,866304
2026-08-11T04:30,1878.1300048828125,1878.27001953125,1877.1600341796875,1877.27001953125,0
2026-08-11T04:35,1877.1099853515625,1877.300048828125,1875.9300537109375,1876.6600341796875,28365824
2026-08-11T04:40,1876.449951171875,1876.449951171875,1875.8299560546875,1876.0799560546875,0
2026-08-11T04:45,1876.0799560546875,1876.6600341796875,1875.6500244140625,1875.9100341796875,0
2026-08-11T04:50,1875.8299560546875,1875.9100341796875,1874.530029296875,1874.8900146484375,0
2026-08-11T04:55,1874.8800048828125,1874.8900146484375,1874.4300537109375,1874.4300537109375,0
2026-08-11T05:00,1874.18994140625,1874.8399658203125,1873.800048828125,1874.8399658203125,1676800
2026-08-11T05:05,1874.8699951171875,1875.1700439453125,1874.6700439453125,1875.1600341796875,0
2026-08-11T05:10,1875.1800537109375,1875.280029296875,1874.81005859375,1875.18994140625,0
2026-08-11T05:15,1874.969970703125,1875.1600341796875,1873.300048828125,1873.3199462890625,2303488
2026-08-11T05:20,1872.8299560546875,1872.8599853515625,1870.02001953125,1871.9000244140625,0
2026-08-11T05:25,1871.9599609375,1872.0999755859375,1871.719970703125,1872.0999755859375,0
2026-08-11T05:30,1871.550048828125,1873.969970703125,1871.550048828125,1873.969970703125,114362880
2026-08-11T05:35,1873.989990234375,1875.050048828125,1873.989990234375,1875.050048828125,50797568
2026-08-11T05:40,1875.0400390625,1875.050048828125,1874.530029296875,1874.8399658203125,6382080
2026-08-11T05:45,1874.8399658203125,1874.969970703125,1874.31005859375,1874.510009765625,61857792
2026-08-11T05:50,1874.6199951171875,1874.6300048828125,1873.2099609375,1873.2099609375,0
2026-08-11T05:55,1872.97998046875,1873.5699462890625,1872.1400146484375,1872.1400146484375,2922496
2026-08-11T06:00,1872.0699462890625,1872.3800048828125,1870.280029296875,1871.4000244140625,0
2026-08-11T06:05,1871.4000244140625,1873.25,1870.9000244140625,1873.25,7577600
2026-08-11T06:10,1873.25,1873.2900390625,1872.3299560546875,1872.5,0
2026-08-11T06:15,1872.5,1873.030029296875,1871.9100341796875,1872.300048828125,83412480
2026-08-11T06:20,1872.199951171875,1872.199951171875,1871.510009765625,1871.699951171875,0
2026-08-11T06:25,1871.7099609375,1871.7099609375,1870.47998046875,1870.75,0
2026-08-11T06:30,1870.8599853515625,1871.3699951171875,1870.0,1870.4000244140625,0
2026-08-11T06:35,1870.5,1872.949951171875,1870.5,1872.7900390625,0
2026-08-11T06:40,1872.6700439453125,1872.699951171875,1871.5899658203125,1871.5899658203125,106525184
2026-08-11T06:45,1871.739990234375,1872.5899658203125,1871.550048828125,1872.5,16433664
2026-08-11T06:50,1872.5,1872.5,1869.56005859375,1869.800048828125,5062144
2026-08-11T06:55,1870.030029296875,1872.510009765625,1870.030029296875,1872.5,14222848
2026-08-11T07:00,1872.510009765625,1873.5699462890625,1872.510009765625,1873.1300048828125,0
2026-08-11T07:05,1873.25,1873.699951171875,1872.6800537109375,1872.9100341796875,0
2026-08-11T07:10,1872.81005859375,1872.81005859375,1871.7099609375,1871.7099609375,69679104
2026-08-11T07:15,1871.699951171875,1871.699951171875,1869.5899658203125,1869.8900146484375,1814528
2026-08-11T07:20,1869.6600341796875,1869.9100341796875,1868.9000244140625,1869.780029296875,25177600
2026-08-11T07:25,1869.77001953125,1870.199951171875,1869.3299560546875,1870.0,2660864
2026-08-11T07:30,1870.06005859375,1873.8399658203125,1870.06005859375,1873.8399658203125,0
2026-08-11T07:35,1874.0,1877.489990234375,1874.0,1877.469970703125,0
2026-08-11T07:40,1877.469970703125,1877.469970703125,1875.1199951171875,1876.0999755859375,16303616
2026-08-11T07:45,1876.0699462890625,1876.6300048828125,1875.8399658203125,1875.9100341796875,98720256
2026-08-11T07:50,1875.9100341796875,1877.4100341796875,1875.0,1875.25,10710528
2026-08-11T07:55,1875.010009765625,1876.010009765625,1874.43994140625,1876.010009765625,30739456
2026-08-11T08:00,1876.1800537109375,1877.25,1875.8699951171875,1876.47998046875,4768256
2026-08-11T08:05,1876.47998046875,1876.8699951171875,1875.010009765625,1875.010009765625,0
2026-08-11T08:10,1875.010009765625,1875.5400390625,1873.9100341796875,1874.0799560546875,74928640
2026-08-11T08:15,1874.0799560546875,1874.5999755859375,1873.8299560546875,1874.030029296875,0
2026-08-11T08:20,1874.0,1875.1199951171875,1874.0,1875.1099853515625,0
2026-08-11T08:25,1875.199951171875,1875.9100341796875,1875.0,1875.0,11957248
2026-08-11T08:30,1875.0,1875.6199951171875,1874.6500244140625,1875.0,4997632
2026-08-11T08:35,1875.02001953125,1875.510009765625,1875.02001953125,1875.469970703125,16797696
2026-08-11T08:40,1875.31005859375,1877.280029296875,1875.199951171875,1876.5799560546875,14572032
2026-08-11T08:45,1876.5899658203125,1876.5899658203125,1875.68994140625,1875.699951171875,0
2026-08-11T08:50,1875.699951171875,1878.6300048828125,1875.5,1878.260009765625,18540032
2026-08-11T08:55,1878.2900390625,1878.56005859375,1877.4000244140625,1877.5799560546875,72642048
2026-08-11T09:00,1877.5699462890625,1877.7099609375,1876.5,1876.5,0
2026-08-11T09:05,1876.52001953125,1877.1700439453125,1875.719970703125,1875.719970703125,27512320
2026-08-11T09:10,1875.719970703125,1876.280029296875,1875.6400146484375,1875.72998046875,10447872
2026-08-11T09:15,1875.719970703125,1878.300048828125,1875.5999755859375,1878.2900390625,794112
2026-08-11T09:20,1878.219970703125,1878.3900146484375,1877.1199951171875,1878.199951171875,42086912
2026-08-11T09:25,1878.300048828125,1878.6300048828125,1877.800048828125,1877.81005859375,11006976
2026-08-11T09:30,1877.800048828125,1878.4000244140625,1877.22998046875,1877.22998046875,0
2026-08-11T09:35,1877.1099853515625,1877.1099853515625,1876.800048828125,1876.81005859375,0
2026-08-11T09:40,1876.800048828125,1878.5899658203125,1876.800048828125,1878.4100341796875,0
2026-08-11T09:45,1878.4100341796875,1879.1500244140625,1878.2099609375,1879.02001953125,0
2026-08-11T09:50,1878.9000244140625,1880.719970703125,1878.8299560546875,1880.4300537109375,0
2026-08-11T09:55,1880.4200439453125,1883.7900390625,1880.3199462890625,1883.7900390625,69711360
2026-08-11T10:00,1883.4300537109375,1884.8499755859375,1882.510009765625,1883.9100341796875,0
2026-08-11T10:05,1883.9100341796875,1887.0400390625,1883.9100341796875,1884.969970703125,35700224
2026-08-11T10:10,1885.0999755859375,1885.18994140625,1883.5,1883.5,44155904
2026-08-11T10:15,1883.31005859375,1883.4100341796875,1881.93994140625,1882.1500244140625,0
2026-08-11T10:20,1882.1500244140625,1883.2900390625,1881.510009765625,1882.239990234375,29519872
2026-08-11T10:25,1882.25,1886.56005859375,1882.25,1885.72998046875,10818560
2026-08-11T10:30,1885.72998046875,1886.489990234375,1884.010009765625,1884.9000244140625,54121472
2026-08-11T10:35,1884.4100341796875,1885.489990234375,1884.2099609375,1884.3399658203125,20561408
2026-08-11T10:40,1884.3399658203125,1885.0999755859375,1884.2099609375,1884.8399658203125,0
2026-08-11T10:45,1884.969970703125,1886.0,1884.3900146484375,1886.0,0
2026-08-11T10:50,1885.9200439453125,1886.550048828125,1884.9000244140625,1884.9000244140625,5365760
2026-08-11T10:55,1884.3699951171875,1885.0400390625,1884.1300048828125,1884.6099853515625,8904192
2026-08-11T11:00,1885.219970703125,1892.47998046875,1884.7099609375,1891.4100341796875,1873920
2026-08-11T11:05,1891.47998046875,1891.9200439453125,1890.1199951171875,1890.1199951171875,0
2026-08-11T11:10,1890.6199951171875,1893.97998046875,1890.6199951171875,1892.0999755859375,33360384
2026-08-11T11:15,1892.300048828125,1892.300048828125,1889.3599853515625,1890.3900146484375,115766784
2026-08-11T11:20,1890.4000244140625,1892.4599609375,1889.8199462890625,1890.02001953125,6090752
2026-08-11T11:25,1890.199951171875,1891.1800537109375,1890.030029296875,1890.1199951171875,7923712
2026-08-11T11:30,1890.050048828125,1891.1700439453125,1889.9100341796875,1890.260009765625,19307520
2026-08-11T11:35,1890.4200439453125,1891.22998046875,1889.9200439453125,1890.1600341796875,282624
2026-08-11T11:40,1890.1600341796875,1891.239990234375,1890.1600341796875,1890.5400390625,0
2026-08-11T11:45,1890.5699462890625,1892.239990234375,1890.5699462890625,1891.530029296875,7258112
2026-08-11T11:50,1891.7099609375,1892.18994140625,1891.199951171875,1891.9100341796875,5310976
2026-08-11T11:55,1891.5999755859375,1892.52001953125,1891.4200439453125,1891.4200439453125,3560960
2026-08-11T12:00,1891.800048828125,1893.9200439453125,1891.510009765625,1892.3800048828125,0
2026-08-11T12:05,1892.5,1895.6600341796875,1892.0,1895.6600341796875,35401216
2026-08-11T12:10,1895.8199462890625,1895.9200439453125,1892.699951171875,1893.8900146484375,4344832
2026-08-11T12:15,1893.8199462890625,1893.9599609375,1891.800048828125,1891.8499755859375,22588416
2026-08-11T12:20,1891.8199462890625,1891.93994140625,1889.1099853515625,1889.1099853515625,0
2026-08-11T12:25,1889.1099853515625,1889.260009765625,1887.739990234375,1888.4000244140625,28443136
2026-08-11T12:30,1888.510009765625,1889.97998046875,1887.5,1889.97998046875,190386688
2026-08-11T12:35,1890.0,1890.77001953125,1888.6099853515625,1890.3800048828125,0
2026-08-11T12:40,1890.5999755859375,1890.7900390625,1886.8399658203125,1887.06005859375,14398976
2026-08-11T12:45,1887.300048828125,1887.989990234375,1886.0999755859375,1886.1400146484375,63439872
2026-08-11T12:50,1886.219970703125,1886.9300537109375,1885.8499755859375,1885.8499755859375,0
2026-08-11T12:55,1885.9100341796875,1886.5999755859375,1885.6600341796875,1886.3199462890625,0
2026-08-11T13:00,1886.0,1887.2900390625,1885.6400146484375,1886.1600341796875,0
2026-08-11T13:05,1886.27001953125,1890.239990234375,1885.8199462890625,1890.0400390625,0
2026-08-11T13:10,1890.0400390625,1890.239990234375,1887.9000244140625,1888.3599853515625,0
2026-08-11T13:15,1887.9100341796875,1888.0,1884.8599853515625,1885.77001953125,1222144
2026-08-11T13:20,1885.8399658203125,1886.4000244140625,1885.1700439453125,1885.5400390625,0
2026-08-11T13:25,1884.739990234375,1885.4000244140625,1883.1400146484375,1885.3900146484375,0
2026-08-11T13:30,1885.2900390625,1886.6700439453125,1883.239990234375,1884.8299560546875,113021440
2026-08-11T13:35,1884.47998046875,1886.989990234375,1882.0400390625,1886.989990234375,0
2026-08-11T13:40,1887.9100341796875,1890.6300048828125,1887.510009765625,1888.77001953125,0
2026-08-11T13:45,1888.510009765625,1890.449951171875,1886.0999755859375,1890.3599853515625,18505216
2026-08-11T13:50,1889.5999755859375,1889.8199462890625,1886.0999755859375,1886.3800048828125,44314112
2026-08-11T13:55,1886.5899658203125,1889.1199951171875,1886.3199462890625,1888.31005859375,0
2026-08-11T14:00,1888.0999755859375,1889.1400146484375,1885.8399658203125,1887.6500244140625,0
2026-08-11T14:05,1887.6400146484375,1888.1600341796875,1884.5999755859375,1886.2099609375,0
2026-08-11T14:10,1886.5899658203125,1888.02001953125,1886.219970703125,1887.7099609375,8563200
2026-08-11T14:15,1888.199951171875,1889.7900390625,1885.81005859375,1885.93994140625,0
2026-08-11T14:20,1885.9200439453125,1886.68994140625,1876.3199462890625,1876.3199462890625,14261760
2026-08-11T14:25,1874.8900146484375,1879.97998046875,1874.8900146484375,1879.0799560546875,0
2026-08-11T14:30,1878.1500244140625,1878.219970703125,1876.199951171875,1878.219970703125,55347712
2026-08-11T14:35,1878.1600341796875,1879.550048828125,1873.5699462890625,1874.4599609375,65513984
2026-08-11T14:40,1874.469970703125,1876.1300048828125,1872.449951171875,1875.56005859375,0
2026-08-11T14:45,1875.6500244140625,1876.9000244140625,1875.0799560546875,1875.1500244140625,57807872
2026-08-11T14:50,1873.77001953125,1873.77001953125,1869.5799560546875,1871.9100341796875,0
2026-08-11T14:55,1871.239990234375,1872.5,1868.56005859375,1871.8599853515625,31179776
2026-08-11T15:00,1871.8900146484375,1874.3800048828125,1871.5799560546875,1873.4200439453125,0
2026-08-11T15:05,1873.7900390625,1875.97998046875,1873.3299560546875,1875.199951171875,0
2026-08-11T15:10,1875.030029296875,1875.4300537109375,1871.300048828125,1872.4000244140625,2810880
2026-08-11T15:15,1872.0999755859375,1872.1300048828125,1868.199951171875,1872.1300048828125,0
2026-08-11T15:20,1871.9000244140625,1875.2900390625,1870.5,1873.0799560546875,0
2026-08-11T15:25,1873.7099609375,1875.989990234375,1873.7099609375,1875.800048828125,4636672
2026-08-11T15:30,1875.8900146484375,1875.8900146484375,1870.06005859375,1870.1099853515625,0
2026-08-11T15:35,1869.699951171875,1870.6500244140625,1857.0,1858.469970703125,0
2026-08-11T15:40,1859.4300537109375,1859.4300537109375,1853.199951171875,1858.0699462890625,351232
2026-08-11T15:45,1857.6099853515625,1860.1400146484375,1855.9200439453125,1856.8199462890625,114951680
2026-08-11T15:50,1856.530029296875,1858.739990234375,1855.1099853515625,1855.8599853515625,29488640
2026-08-11T15:55,1855.0999755859375,1862.239990234375,1855.0999755859375,1861.199951171875,35850752
2026-08-11T16:00,1861.199951171875,1863.6600341796875,1859.3399658203125,1862.010009765625,0
2026-08-11T16:05,1862.3199462890625,1863.8399658203125,1858.25,1863.8399658203125,0
2026-08-11T16:10,1864.199951171875,1864.6600341796875,1861.4200439453125,1863.1600341796875,0
2026-08-11T16:15,1863.699951171875,1865.5899658203125,1861.510009765625,1864.6600341796875,53308416
2026-08-11T16:20,1864.9000244140625,1865.2900390625,1864.0,1864.8299560546875,0
2026-08-11T16:25,1864.77001953125,1864.77001953125,1862.050048828125,1862.5899658203125,0
2026-08-11T16:30,1862.3499755859375,1864.0999755859375,1861.199951171875,1861.8199462890625,472064
2026-08-11T16:35,1861.9100341796875,1864.510009765625,1860.9200439453125,1862.699951171875,0
2026-08-11T16:40,1862.8499755859375,1863.75,1861.72998046875,1861.800048828125,0
2026-08-11T16:45,1861.9300537109375,1863.739990234375,1861.25,1863.719970703125,34077184
2026-08-11T16:50,1863.7900390625,1863.97998046875,1862.5400390625,1863.219970703125,0
2026-08-11T16:55,1863.22998046875,1863.6800537109375,1863.02001953125,1863.18994140625,0
2026-08-11T17:00,1863.469970703125,1864.699951171875,1861.9100341796875,1861.97998046875,0
2026-08-11T17:05,1861.56005859375,1862.4000244140625,1861.1099853515625,1861.5,0
2026-08-11T17:10,1861.0799560546875,1863.8399658203125,1861.0799560546875,1862.31005859375,3143168
2026-08-11T17:15,1862.239990234375,1863.0,1861.2900390625,1862.0999755859375,0
2026-08-11T17:20,1862.010009765625,1864.31005859375,1861.1099853515625,1864.31005859375,18473472
2026-08-11T17:25,1864.4000244140625,1866.1199951171875,1862.6099853515625,1863.8699951171875,4979712
2026-08-11T17:30,1864.0799560546875,1864.5999755859375,1861.97998046875,1862.489990234375,0
2026-08-11T17:35,1862.5999755859375,1863.0999755859375,1861.3499755859375,1861.8900146484375,0
2026-08-11T17:40,1861.8499755859375,1863.5999755859375,1861.5,1862.9200439453125,0
2026-08-11T17:45,1862.489990234375,1863.5,1861.3199462890625,1861.3199462890625,28998656
2026-08-11T17:50,1861.3800048828125,1864.0400390625,1861.3800048828125,1864.0400390625,0
2026-08-11T17:55,1864.0400390625,1865.06005859375,1862.739990234375,1862.739990234375,3856384
2026-08-11T18:00,1862.6099853515625,1863.6700439453125,1862.3900146484375,1862.4200439453125,0
2026-08-11T18:05,1862.4599609375,1863.18994140625,1861.43994140625,1863.1099853515625,25201664
2026-08-11T18:10,1863.3900146484375,1863.5,1862.280029296875,1862.280029296875,0
2026-08-11T18:15,1861.9300537109375,1863.2900390625,1861.9300537109375,1863.18994140625,62450176
2026-08-11T18:20,1863.18994140625,1864.1600341796875,1862.7900390625,1863.77001953125,11699200
2026-08-11T18:25,1863.780029296875,1864.02001953125,1860.1800537109375,1860.1800537109375,0
2026-08-11T18:30,1860.550048828125,1862.989990234375,1859.31005859375,1862.989990234375,6647296
2026-08-11T18:35,1863.199951171875,1864.93994140625,1861.3599853515625,1861.550048828125,44880384
2026-08-11T18:40,1861.3800048828125,1862.239990234375,1859.6099853515625,1862.0899658203125,0
2026-08-11T18:45,1861.93994140625,1863.1800537109375,1861.699951171875,1863.0,0
2026-08-11T18:50,1862.77001953125,1864.300048828125,1862.3800048828125,1863.030029296875,0
2026-08-11T18:55,1863.030029296875,1864.4100341796875,1862.5999755859375,1864.3900146484375,77946368
2026-08-11T19:00,1864.4200439453125,1864.68994140625,1862.449951171875,1862.8900146484375,0
2026-08-11T19:05,1862.9300537109375,1863.469970703125,1861.4200439453125,1862.1400146484375,22040576
2026-08-11T19:10,1861.9200439453125,1862.550048828125,1861.0799560546875,1861.0799560546875,0
2026-08-11T19:15,1861.050048828125,1864.8199462890625,1861.050048828125,1864.18994140625,6431744
2026-08-11T19:20,1864.3399658203125,1866.5,1864.3399658203125,1865.739990234375,0
2026-08-11T19:25,1866.0899658203125,1868.3299560546875,1865.780029296875,1868.1800537109375,14020096
2026-08-11T19:30,1868.5799560546875,1870.8699951171875,1867.0,1867.0,0
2026-08-11T19:35,1866.949951171875,1869.3900146484375,1866.6500244140625,1869.1600341796875,76070400
2026-08-11T19:40,1869.3900146484375,1870.239990234375,1868.0,1869.77001953125,0
2026-08-11T19:45,1870.550048828125,1874.4200439453125,1869.4100341796875,1872.9100341796875,0
2026-08-11T19:50,1872.300048828125,1878.75,1871.81005859375,1878.719970703125,19464704
2026-08-11T19:55,1878.699951171875,1882.43994140625,1877.6199951171875,1879.68994140625,2441728
2026-08-11T20:00,1880.5999755859375,1881.3599853515625,1879.2099609375,1880.0899658203125,107471872
2026-08-11T20:05,1879.949951171875,1883.8800048828125,1879.949951171875,1882.9000244140625,38115328
2026-08-11T20:10,1883.3399658203125,1883.3399658203125,1880.6400146484375,1880.93994140625,9671168
2026-08-11T20:15,1880.2099609375,1880.2099609375,1877.81005859375,1878.1300048828125,109306368
2026-08-11T20:20,1878.2900390625,1879.6700439453125,1878.010009765625,1878.2900390625,9477632
2026-08-11T20:25,1878.1800537109375,1879.6800537109375,1877.4100341796875,1879.4100341796875,0
2026-08-11T20:30,1879.7900390625,1882.22998046875,1878.31005859375,1878.8699951171875,0
2026-08-11T20:35,1878.8699951171875,1879.199951171875,1878.3399658203125,1879.010009765625,68444672
2026-08-11T20:40,1879.06005859375,1880.0699462890625,1876.8900146484375,1876.8900146484375,5103616
2026-08-11T20:45,1878.0,1880.530029296875,1878.0,1878.8199462890625,0
2026-08-11T20:50,1878.8199462890625,1879.31005859375,1877.800048828125,1879.300048828125,3888640
2026-08-11T20:55,1879.31005859375,1880.489990234375,1879.1800537109375,1880.47998046875,25996288
2026-08-11T21:00,1880.3299560546875,1881.6300048828125,1879.5999755859375,1879.8800048828125,0
2026-08-11T21:05,1880.030029296875,1880.3900146484375,1879.6700439453125,1880.3199462890625,81277952
2026-08-11T21:10,1880.31005859375,1883.6300048828125,1880.0,1882.3199462890625,0
2026-08-11T21:15,1882.3399658203125,1882.719970703125,1879.9300537109375,1880.4000244140625,6580736
2026-08-11T21:20,1880.4000244140625,1880.4000244140625,1878.81005859375,1879.8199462890625,34873856
2026-08-11T21:25,1879.8900146484375,1881.300048828125,1879.52001953125,1879.52001953125,16235520
2026-08-11T21:30,1879.52001953125,1879.68994140625,1879.010009765625,1879.0899658203125,1058816
2026-08-11T21:35,1879.0999755859375,1880.31005859375,1878.6700439453125,1879.1099853515625,0
2026-08-11T21:40,1879.1099853515625,1881.0899658203125,1879.1099853515625,1880.8800048828125,75718144
2026-08-11T21:45,1880.8599853515625,1882.4000244140625,1880.56005859375,1880.8900146484375,53874176
2026-08-11T21:50,1880.5999755859375,1881.0999755859375,1880.239990234375,1881.0999755859375,0
2026-08-11T21:55,1881.1500244140625,1883.4000244140625,1880.56005859375,1883.0,0
2026-08-11T22:00,1883.199951171875,1885.6600341796875,1881.989990234375,1883.1800537109375,0
2026-08-11T22:05,1883.050048828125,1883.050048828125,1881.030029296875,1881.030029296875,16529408
2026-08-11T22:10,1881.199951171875,1883.260009765625,1880.969970703125,1882.3900146484375,45606912
2026-08-11T22:15,1882.4300537109375,1883.699951171875,1881.510009765625,1881.7099609375,60298752
2026-08-11T22:20,1881.68994140625,1882.3599853515625,1881.3800048828125,1882.1400146484375,0
2026-08-11T22:25,1881.9100341796875,1882.300048828125,1881.25,1882.0999755859375,0
2026-08-11T22:30,1882.1300048828125,1883.199951171875,1880.9200439453125,1882.56005859375,11250176
2026-08-11T22:35,1882.56005859375,1882.6199951171875,1881.2099609375,1881.489990234375,13971968
2026-08-11T22:40,1881.489990234375,1881.5799560546875,1878.7099609375,1878.8800048828125,0
2026-08-11T22:45,1878.93994140625,1879.030029296875,1877.800048828125,1878.4000244140625,0
2026-08-11T22:50,1878.3800048828125,1881.5,1878.3800048828125,1880.68994140625,31181824
2026-08-11T22:55,1880.6800537109375,1881.1800537109375,1880.43994140625,1880.6300048828125,15604224
2026-08-11T23:00,1880.4000244140625,1880.4000244140625,1878.3299560546875,1878.5699462890625,55056896
2026-08-11T23:05,1878.219970703125,1878.4000244140625,1877.72998046875,1878.02001953125,0
2026-08-11T23:10,1878.02001953125,1878.5,1877.6199951171875,1877.6199951171875,0
2026-08-11T23:15,1877.5,1877.9200439453125,1877.219970703125,1877.72998046875,14897152
2026-08-11T23:20,1877.7900390625,1878.5799560546875,1877.6800537109375,1878.5799560546875,75841024
2026-08-11T23:25,1878.5799560546875,1879.2900390625,1878.5400390625,1879.27001953125,0
2026-08-11T23:30,1879.280029296875,1880.7900390625,1878.800048828125,1880.6500244140625,13846528
2026-08-11T23:35,1880.6600341796875,1882.199951171875,1880.6600341796875,1881.199951171875,0
2026-08-11T23:40,1881.8499755859375,1882.75,1881.8499755859375,1882.719970703125,0
2026-08-11T23:45,1882.72998046875,1882.72998046875,1881.7099609375,1881.7099609375,13700096
2026-08-11T23:50,1881.699951171875,1882.5899658203125,1881.1400146484375,1881.8900146484375,2853376
2026-08-11T23:55,1881.6199951171875,1881.6199951171875,1880.719970703125,1880.719970703125,4781568
2026-08-12T00:00,1880.6099853515625,1880.6099853515625,1879.31005859375,1879.6700439453125,1367552
2026-08-12T00:05,1879.6199951171875,1880.8900146484375,1879.31005859375,1880.300048828125,18851328
2026-08-12T00:10,1880.0,1880.699951171875,1879.3199462890625,1880.5999755859375,40880128
2026-08-12T00:15,1880.300048828125,1880.300048828125,1878.9200439453125,1878.9200439453125,0
2026-08-12T00:20,1878.93994140625,1881.4000244140625,1878.93994140625,1881.4000244140625,0
2026-08-12T00:25,1881.5999755859375,1881.75,1880.3199462890625,1880.3299560546875,3347456
2026-08-12T00:30,1880.3399658203125,1881.8399658203125,1880.3399658203125,1881.8399658203125,0
2026-08-12T00:35,1881.8699951171875,1881.8699951171875,1879.7099609375,1879.8499755859375,59308544
2026-08-12T00:40,1880.2900390625,1880.2900390625,1879.6199951171875,1879.97998046875,0
2026-08-12T00:45,1879.9000244140625,1881.72998046875,1879.9000244140625,1880.7900390625,54784
2026-08-12T00:50,1881.0,1881.2099609375,1880.7099609375,1880.989990234375,668672
2026-08-12T00:55,1881.0,1881.0,1880.0400390625,1880.760009765625,0
2026-08-12T01:00,1880.800048828125,1882.3499755859375,1880.72998046875,1881.8599853515625,42968064
2026-08-12T01:05,1882.0400390625,1882.739990234375,1881.2099609375,1881.300048828125,0
2026-08-12T01:10,1881.5,1884.22998046875,1881.5,1883.989990234375,0
2026-08-12T01:15,1884.0,1884.9599609375,1880.43994140625,1881.5,17170944
2026-08-12T01:20,1881.5999755859375,1881.9300537109375,1880.510009765625,1881.6800537109375,31654912
2026-08-12T01:25,1881.56005859375,1881.9599609375,1881.1300048828125,1881.219970703125,16352768
2026-08-12T01:30,1881.0999755859375,1881.0999755859375,1879.52001953125,1881.0799560546875,0
2026-08-12T01:35,1881.0899658203125,1881.199951171875,1880.199951171875,1881.199951171875,0
2026-08-12T01:40,1881.6199951171875,1884.3199462890625,1881.5999755859375,1883.6199951171875,0
2026-08-12T01:45,1883.5999755859375,1884.6800537109375,1882.4100341796875,1884.6300048828125,2033152
2026-08-12T01:50,1884.6500244140625,1884.75,1882.489990234375,1882.489990234375,0
2026-08-12T01:55,1882.2900390625,1883.280029296875,1881.7099609375,1882.9200439453125,7671296
2026-08-12T02:00,1883.5,1885.0,1883.1199951171875,1883.300048828125,21121536
2026-08-12T02:05,1883.2900390625,1885.5699462890625,1883.2900390625,1885.3699951171875,0
2026-08-12T02:10,1885.8499755859375,1886.260009765625,1883.52001953125,1884.1800537109375,16732672
2026-08-12T02:15,1884.1500244140625,1885.2099609375,1884.1500244140625,1884.52001953125,0
2026-08-12T02:20,1884.4000244140625,1884.4000244140625,1882.469970703125,1882.780029296875,0
2026-08-12T02:25,1882.780029296875,1885.1099853515625,1882.280029296875,1885.1099853515625,5101056
2026-08-12T02:30,1885.18994140625,1885.5,1883.31005859375,1883.5899658203125,0
2026-08-12T02:35,1883.6099853515625,1884.300048828125,1882.2099609375,1882.2099609375,0
2026-08-12T02:40,1882.219970703125,1883.4000244140625,1882.219970703125,1883.1600341796875,13889024
2026-08-12T02:45,1883.31005859375,1883.989990234375,1883.1400146484375,1883.3599853515625,0
2026-08-12T02:50,1883.199951171875,1883.56005859375,1882.7099609375,1883.47998046875,2372096
2026-08-12T02:55,1883.47998046875,1883.47998046875,1881.7900390625,1882.77001953125,17037312
2026-08-12T03:00,1882.81005859375,1884.06005859375,1882.81005859375,1883.3699951171875,435712
2026-08-12T03:05,1883.489990234375,1883.489990234375,1882.1600341796875,1882.1600341796875,0
2026-08-12T03:10,1882.1700439453125,1882.469970703125,1881.0799560546875,1881.3900146484375,0
2026-08-12T03:15,1881.3900146484375,1882.1600341796875,1881.1099853515625,1881.3199462890625,0
2026-08-12T03:20,1881.3199462890625,1882.300048828125,1881.0999755859375,1882.1400146484375,0
2026-08-12T03:25,1882.1400146484375,1882.760009765625,1881.3199462890625,1882.22998046875,14582784
2026-08-12T03:30,1882.2099609375,1883.1400146484375,1881.6099853515625,1883.010009765625,53112320
2026-08-12T03:35,1883.5999755859375,1885.6400146484375,1883.5999755859375,1885.219970703125,17025536
2026-08-12T03:40,1885.300048828125,1885.3900146484375,1884.469970703125,1884.5699462890625,0
2026-08-12T03:45,1884.47998046875,1885.3800048828125,1884.4000244140625,1885.3800048828125,55028736
2026-08-12T03:50,1884.8499755859375,1885.4000244140625,1884.1199951171875,1884.280029296875,4488192
2026-08-12T03:55,1884.27001953125,1885.18994140625,1884.0,1884.9599609375,0
2026-08-12T04:00,1885.1300048828125,1886.0999755859375,1885.1300048828125,1886.0999755859375,0
2026-08-12T04:05,1885.9100341796875,1886.0699462890625,1884.3299560546875,1884.5999755859375,13672448
2026-08-12T04:10,1884.5999755859375,1885.7900390625,1883.6400146484375,1885.780029296875,0
2026-08-12T04:15,1885.9200439453125,1887.219970703125,1885.5,1887.010009765625,0
2026-08-12T04:20,1886.9000244140625,1891.3599853515625,1886.72998046875,1890.3599853515625,0
2026-08-12T04:25,1890.0799560546875,1890.199951171875,1887.5400390625,1887.760009765625,0
2026-08-12T04:30,1887.760009765625,1887.760009765625,1885.739990234375,1886.2099609375,123760128
2026-08-12T04:35,1886.199951171875,1887.1300048828125,1886.1099853515625,1886.7099609375,0
2026-08-12T04:40,1886.5999755859375,1887.199951171875,1886.1700439453125,1887.030029296875,72565248
2026-08-12T04:45,1886.81005859375,1889.22998046875,1886.5899658203125,1889.22998046875,26636288
2026-08-12T04:50,1889.6099853515625,1889.6099853515625,1887.739990234375,1888.260009765625,0
2026-08-12T04:55,1888.27001953125,1888.300048828125,1887.4000244140625,1887.800048828125,0
2026-08-12T05:00,1887.800048828125,1887.800048828125,1885.9599609375,1885.9599609375,54803456
2026-08-12T05:05,1885.97998046875,1887.030029296875,1885.02001953125,1887.030029296875,0
2026-08-12T05:10,1886.93994140625,1889.0699462890625,1886.8900146484375,1888.7099609375,67879936
2026-08-12T05:15,1888.47998046875,1889.0999755859375,1888.47998046875,1888.81005859375,0
2026-08-12T05:20,1888.81005859375,1889.2900390625,1888.0999755859375,1888.18994140625,14107648
2026-08-12T05:25,1888.18994140625,1888.800048828125,1888.18994140625,1888.56005859375,0
2026-08-12T05:30,1888.530029296875,1889.8499755859375,1888.530029296875,1889.8499755859375,33779712
2026-08-12T05:35,1889.77001953125,1890.0999755859375,1889.4599609375,1889.719970703125,0
2026-08-12T05:40,1889.719970703125,1890.1400146484375,1888.8699951171875,1890.1400146484375,18034176
2026-08-12T05:45,1890.199951171875,1890.5,1889.800048828125,1889.800048828125,39436288
2026-08-12T05:50,1889.81005859375,1890.8199462890625,1889.4100341796875,1889.510009765625,0
2026-08-12T05:55,1889.510009765625,1890.5699462890625,1889.5,1890.199951171875,85295616
2026-08-12T06:00,1889.949951171875,1889.949951171875,1887.719970703125,1887.949951171875,0
2026-08-12T06:05,1888.0999755859375,1888.5400390625,1887.06005859375,1887.0699462890625,0
2026-08-12T06:10,1886.7900390625,1886.81005859375,1885.8199462890625,1885.8199462890625,17403904
2026-08-12T06:15,1885.800048828125,1888.0999755859375,1885.31005859375,1886.5999755859375,0
2026-08-12T06:20,1887.199951171875,1887.199951171875,1884.510009765625,1884.7900390625,44877312
2026-08-12T06:25,1884.4000244140625,1885.5,1884.1400146484375,1884.68994140625,0
2026-08-12T06:30,1884.68994140625,1884.68994140625,1883.6800537109375,1884.5999755859375,0
2026-08-12T06:35,1884.4100341796875,1885.1400146484375,1883.81005859375,1884.8299560546875,34812928
2026-08-12T06:40,1884.760009765625,1885.1300048828125,1884.0,1884.010009765625,0
2026-08-12T06:45,1884.0400390625,1885.81005859375,1883.8499755859375,1885.300048828125,0
2026-08-12T06:50,1885.260009765625,1885.699951171875,1884.219970703125,1884.530029296875,0
2026-08-12T06:55,1884.0,1885.9000244140625,1884.0,1885.9000244140625,0
2026-08-12T07:00,1886.25,1888.68994140625,1885.760009765625,1888.68994140625,0
2026-08-12T07:05,1888.699951171875,1889.4000244140625,1887.8800048828125,1887.8800048828125,0
2026-08-12T07:10,1887.760009765625,1888.56005859375,1887.6700439453125,1888.0999755859375,56529408
2026-08-12T07:15,1887.9000244140625,1888.9599609375,1887.9000244140625,1888.5699462890625,2569728
2026-08-12T07:20,1888.56005859375,1888.8599853515625,1888.31005859375,1888.43994140625,0
2026-08-12T07:25,1888.43994140625,1888.8199462890625,1887.6099853515625,1887.6199951171875,0
2026-08-12T07:30,1887.6099853515625,1889.9300537109375,1887.6099853515625,1889.4000244140625,0
2026-08-12T07:35,1888.97998046875,1889.0999755859375,1886.77001953125,1887.3499755859375,0
2026-08-12T07:40,1887.3599853515625,1887.47998046875,1886.8299560546875,1886.8900146484375,0
2026-08-12T07:45,1886.6400146484375,1886.6400146484375,1884.6800537109375,1885.949951171875,34283520
2026-08-12T07:50,1885.8299560546875,1888.47998046875,1885.8299560546875,1888.219970703125,11912704
2026-08-12T07:55,1888.4599609375,1890.0799560546875,1888.4599609375,1890.010009765625,0
2026-08-12T08:00,1889.8900146484375,1891.489990234375,1888.9100341796875,1890.9100341796875,0
2026-08-12T08:05,1890.8299560546875,1894.31005859375,1890.8299560546875,1892.56005859375,57772544
2026-08-12T08:10,1892.1600341796875,1892.8399658203125,1890.6099853515625,1890.8900146484375,11110400
2026-08-12T08:15,1890.8900146484375,1892.5699462890625,1890.7099609375,1892.219970703125,14828544
2026-08-12T08:20,1892.2099609375,1893.3399658203125,1891.1300048828125,1892.0999755859375,0
2026-08-12T08:25,1892.0999755859375,1892.0999755859375,1890.8499755859375,1891.1199951171875,12878848
2026-08-12T08:30,1890.780029296875,1890.780029296875,1889.68994140625,1890.3800048828125,0
2026-08-12T08:35,1890.3800048828125,1890.7099609375,1889.8900146484375,1890.3800048828125,0
2026-08-12T08:40,1890.3599853515625,1890.3599853515625,1889.27001953125,1889.3499755859375,6361600
2026-08-12T08:45,1889.3199462890625,1890.72998046875,1889.280029296875,1890.1199951171875,0
2026-08-12T08:50,1890.25,1890.47998046875,1889.43994140625,1889.800048828125,0
2026-08-12T08:55,1889.6600341796875,1889.8299560546875,1888.9300537109375,1889.1199951171875,0
2026-08-12T09:00,1889.1099853515625,1890.3299560546875,1888.1500244140625,1890.0999755859375,0
2026-08-12T09:05,1890.18994140625,1890.949951171875,1890.18994140625,1890.93994140625,0
2026-08-12T09:10,1890.949951171875,1891.530029296875,1890.4300537109375,1891.1500244140625,0
2026-08-12T09:15,1891.199951171875,1895.5899658203125,1891.199951171875,1895.4599609375,0
2026-08-12T09:20,1895.739990234375,1897.77001953125,1892.530029296875,1897.0899658203125,8179200
2026-08-12T09:25,1898.6400146484375,1903.300048828125,1898.6400146484375,1901.93994140625,39257600
2026-08-12T09:30,1903.25,1907.800048828125,1902.22998046875,1902.8900146484375,133941248
2026-08-12T09:35,1902.8800048828125,1905.3499755859375,1902.8800048828125,1903.5,38315008
2026-08-12T09:40,1903.2099609375,1903.3199462890625,1900.8199462890625,1903.1600341796875,146388992
2026-08-12T09:45,1903.2900390625,1904.280029296875,1902.27001953125,1902.760009765625,19228672
2026-08-12T09:50,1902.949951171875,1904.0999755859375,1901.2900390625,1902.0,40006656
2026-08-12T09:55,1901.8800048828125,1904.199951171875,1901.8800048828125,1904.1500244140625,1140736
2026-08-12T10:00,1904.6300048828125,1913.239990234375,1904.199951171875,1908.8399658203125,22166528
2026-08-12T10:05,1908.75,1909.9200439453125,1907.469970703125,1908.800048828125,293676032
2026-08-12T10:10,1908.489990234375,1911.1800537109375,1908.4200439453125,1909.8199462890625,51993088
2026-08-12T10:15,1910.4200439453125,1912.81005859375,1909.81005859375,1910.1600341796875,19727872
2026-08-12T10:20,1910.5799560546875,1913.2900390625,1910.5799560546875,1910.989990234375,47537152
2026-08-12T10:25,1911.0400390625,1911.5799560546875,1909.3299560546875,1909.3299560546875,13777920
2026-08-12T10:30,1909.3199462890625,1911.5899658203125,1908.949951171875,1910.1600341796875,23528448
2026-08-12T10:35,1910.300048828125,1910.9300537109375,1908.489990234375,1909.5799560546875,27109888
2026-08-12T10:40,1909.5899658203125,1911.8299560546875,1909.56005859375,1909.9000244140625,60709888
2026-08-12T10:45,1910.31005859375,1910.4300537109375,1906.0799560546875,1907.0400390625,1495040
2026-08-12T10:50,1907.010009765625,1908.5799560546875,1907.0,1908.530029296875,38238720
2026-08-12T10:55,1908.4599609375,1908.5799560546875,1906.969970703125,1907.5,26877440
2026-08-12T11:00,1907.47998046875,1909.8499755859375,1906.1700439453125,1906.1700439453125,15116288
2026-08-12T11:05,1906.1600341796875,1907.760009765625,1905.8399658203125,1906.9300537109375,15406080
2026-08-12T11:10,1906.5799560546875,1909.43994140625,1906.5799560546875,1907.300048828125,249344
2026-08-12T11:15,1907.6400146484375,1909.5400390625,1907.530029296875,1909.3800048828125,16487936
2026-08-12T11:20,1909.6500244140625,1910.780029296875,1909.300048828125,1910.31005859375,17165312
2026-08-12T11:25,1910.31005859375,1911.969970703125,1910.2900390625,1911.8199462890625,90546688
2026-08-12T11:30,1913.1300048828125,1913.6099853515625,1910.760009765625,1911.1199951171875,20698112
2026-08-12T11:35,1911.1199951171875,1912.1300048828125,1909.8499755859375,1912.1300048828125,161188352
2026-08-12T11:40,1912.4100341796875,1912.6800537109375,1911.5,1911.6700439453125,15547904
2026-08-12T11:45,1911.75,1912.8199462890625,1911.510009765625,1912.6199951171875,6650368
2026-08-12T11:50,1912.800048828125,1914.3599853515625,1912.5699462890625,1912.6400146484375,39230464
2026-08-12T11:55,1912.9200439453125,1913.9100341796875,1912.5699462890625,1913.9100341796875,15417344
2026-08-12T12:00,1914.6199951171875,1916.0,1913.780029296875,1915.3299560546875,68003328
2026-08-12T12:05,1915.1300048828125,1915.550048828125,1913.4200439453125,1914.72998046875,16304128
2026-08-12T12:10,1914.239990234375,1914.239990234375,1912.1099853515625,1912.1099853515625,0
2026-08-12T12:15,1913.530029296875,1917.1400146484375,1913.1099853515625,1914.199951171875,66533888
2026-08-12T12:20,1914.1199951171875,1915.5799560546875,1912.2099609375,1912.8299560546875,14002688
2026-08-12T12:25,1912.4000244140625,1921.1400146484375,1912.030029296875,1921.1400146484375,36422656
2026-08-12T12:30,1921.9300537109375,1921.9300537109375,1906.47998046875,1912.6300048828125,163816960
2026-08-12T12:35,1912.3199462890625,1913.52001953125,1906.8399658203125,1908.3599853515625,275416064
2026-08-12T12:40,1908.239990234375,1909.280029296875,1905.8800048828125,1907.6600341796875,13326336
2026-08-12T12:45,1908.1600341796875,1908.239990234375,1903.989990234375,1904.449951171875,103450624
2026-08-12T12:50,1904.52001953125,1912.06005859375,1904.300048828125,1910.2099609375,242861056
2026-08-12T12:55,1910.0999755859375,1910.6400146484375,1908.6099853515625,1909.8299560546875,27191808
2026-08-12T13:00,1909.8699951171875,1910.43994140625,1906.7099609375,1907.97998046875,29107200
2026-08-12T13:05,1907.9200439453125,1908.9599609375,1906.199951171875,1908.7900390625,12589568
2026-08-12T13:10,1909.010009765625,1909.68994140625,1904.3199462890625,1907.0999755859375,27598848
2026-08-12T13:15,1907.0899658203125,1909.1500244140625,1906.6199951171875,1907.1600341796875,52950016
2026-08-12T13:20,1907.52001953125,1907.8599853515625,1906.3499755859375,1906.8299560546875,91616256
2026-08-12T13:25,1906.0699462890625,1906.0699462890625,1904.010009765625,1905.699951171875,6180352
2026-08-12T13:30,1905.06005859375,1906.52001953125,1901.6099853515625,1902.8399658203125,15719424
2026-08-12T13:35,1903.3199462890625,1905.1500244140625,1901.4100341796875,1903.43994140625,35281408
2026-08-12T13:40,1903.300048828125,1903.800048828125,1899.5,1902.9300537109375,72483328
2026-08-12T13:45,1903.030029296875,1905.7099609375,1902.489990234375,1903.4200439453125,0
2026-08-12T13:50,1903.6700439453125,1904.0,1899.6600341796875,1901.1800537109375,0
2026-08-12T13:55,1900.6600341796875,1902.56005859375,1898.6600341796875,1899.5400390625,29292032
2026-08-12T14:00,1898.989990234375,1898.989990234375,1890.4000244140625,1890.9100341796875,6839808
2026-08-12T14:05,1889.18994140625,1889.18994140625,1889.18994140625,1889.18994140625,0
