date,open,high,low,close,volume
2026-08-01T00:00,1.0609999895095825,1.0628000497817993,1.0609999895095825,1.062399983406067,0
2026-08-01T00:05,1.0622999668121338,1.0625,1.0616999864578247,1.0621000528335571,0
2026-08-01T00:10,1.0621000528335571,1.062399983406067,1.061900019645691,1.062000036239624,0
2026-08-01T00:15,1.062000036239624,1.062399983406067,1.0615999698638916,1.0622999668121338,0
2026-08-01T00:20,1.062399983406067,1.062399983406067,1.0615999698638916,1.0616999864578247,0
2026-08-01T00:25,1.0616999864578247,1.0628000497817993,1.0615999698638916,1.0621999502182007,0
2026-08-01T00:30,1.062000036239624,1.0627000331878662,1.0616999864578247,1.062600016593933,0
2026-08-01T00:35,1.0627000331878662,1.0627000331878662,1.061900019645691,1.0625,0
2026-08-01T00:40,1.062600016593933,1.0628000497817993,1.062399983406067,1.0625,0
2026-08-01T00:45,1.0625,1.0628000497817993,1.0622999668121338,1.0628000497817993,0
2026-08-01T00:50,1.0627000331878662,1.062999963760376,1.0621999502182007,1.062399983406067,0
2026-08-01T00:55,1.062399983406067,1.062399983406067,1.0612000226974487,1.0621999502182007,0
2026-08-01T01:00,1.0621999502182007,1.0633000135421753,1.0621999502182007,1.0631999969482422,0
2026-08-01T01:05,1.0631999969482422,1.063599944114685,1.0628000497817993,1.0633000135421753,0
2026-08-01T01:10,1.063099980354309,1.0637999773025513,1.0628999471664429,1.0635000467300415,0
2026-08-01T01:15,1.063599944114685,1.0641000270843506,1.062999963760376,1.063099980354309,0
2026-08-01T01:20,1.0631999969482422,1.063599944114685,1.063099980354309,1.063099980354309,0
2026-08-01T01:25,1.0631999969482422,1.0636999607086182,1.062999963760376,1.0636999607086182,0
2026-08-01T01:30,1.0637999773025513,1.0642000436782837,1.063599944114685,1.0638999938964844,0
2026-08-01T01:35,1.0638999938964844,1.0642000436782837,1.0637999773025513,1.0642000436782837,0
2026-08-01T01:40,1.0642000436782837,1.0643999576568604,1.0636999607086182,1.0638999938964844,0
2026-08-01T01:45,1.0638999938964844,1.0642000436782837,1.0636999607086182,1.0636999607086182,0
2026-08-01T01:50,1.0636999607086182,1.0643999576568604,1.0634000301361084,1.0640000104904175,0
2026-08-01T01:55,1.0641000270843506,1.0641000270843506,1.063599944114685,1.0640000104904175,0
2026-08-01T02:00,1.0640000104904175,1.0647000074386597,1.0640000104904175,1.0647000074386597,0
2026-08-01T02:05,1.0647000074386597,1.0648000240325928,1.0642999410629272,1.0647000074386597,0
2026-08-01T02:10,1.0647000074386597,1.0652999877929688,1.0643999576568604,1.065000057220459,0
2026-08-01T02:15,1.065000057220459,1.0650999546051025,1.0647000074386597,1.0650999546051025,0
2026-08-01T02:20,1.0651999711990356,1.0657999515533447,1.0650999546051025,1.0650999546051025,0
2026-08-01T02:25,1.0650999546051025,1.0654000043869019,1.0648000240325928,1.0652999877929688,0
2026-08-01T02:30,1.0652999877929688,1.0654000043869019,1.0650999546051025,1.0651999711990356,0
2026-08-01T02:35,1.0651999711990356,1.0651999711990356,1.0644999742507935,1.0645999908447266,0
2026-08-01T02:40,1.0645999908447266,1.0645999908447266,1.0642000436782837,1.0642999410629272,0
2026-08-01T02:45,1.0642999410629272,1.0651999711990356,1.0642999410629272,1.0648000240325928,0
2026-08-01T02:50,1.0649000406265259,1.0649000406265259,1.0643999576568604,1.0647000074386597,0
2026-08-01T02:55,1.0647000074386597,1.0649000406265259,1.0643999576568604,1.0647000074386597,0
2026-08-01T03:00,1.0649000406265259,1.0650999546051025,1.0647000074386597,1.0649000406265259,0
2026-08-01T03:05,1.0649000406265259,1.0657000541687012,1.0648000240325928,1.065500020980835,0
2026-08-01T03:10,1.065500020980835,1.065500020980835,1.0641000270843506,1.0643999576568604,0
2026-08-01T03:15,1.0642999410629272,1.0642999410629272,1.0641000270843506,1.0642000436782837,0
2026-08-01T03:20,1.0642000436782837,1.0647000074386597,1.0640000104904175,1.0645999908447266,0
2026-08-01T03:25,1.0647000074386597,1.0647000074386597,1.0638999938964844,1.0640000104904175,0
2026-08-01T03:30,1.0640000104904175,1.0644999742507935,1.063599944114685,1.063599944114685,0
2026-08-01T03:35,1.063599944114685,1.0642999410629272,1.0635000467300415,1.0638999938964844,0
2026-08-01T03:40,1.0641000270843506,1.0642000436782837,1.0637999773025513,1.0640000104904175,0
2026-08-01T03:45,1.0641000270843506,1.0647000074386597,1.0640000104904175,1.0642000436782837,0
2026-08-01T03:50,1.0642000436782837,1.065000057220459,1.0641000270843506,1.0648000240325928,0
2026-08-01T03:55,1.0645999908447266,1.0650999546051025,1.0645999908447266,1.0650999546051025,0
2026-08-01T04:00,1.0650999546051025,1.065500020980835,1.0650999546051025,1.0651999711990356,0
2026-08-01T04:05,1.0651999711990356,1.0651999711990356,1.0643999576568604,1.0647000074386597,0
2026-08-01T04:10,1.0647000074386597,1.0652999877929688,1.0647000074386597,1.0652999877929688,0
2026-08-01T04:15,1.0649000406265259,1.0650999546051025,1.0644999742507935,1.0649000406265259,0
2026-08-01T04:20,1.0648000240325928,1.0652999877929688,1.0647000074386597,1.0651999711990356,0
2026-08-01T04:25,1.065000057220459,1.0652999877929688,1.065000057220459,1.065000057220459,0
2026-08-01T04:30,1.065000057220459,1.0650999546051025,1.0645999908447266,1.0648000240325928,0
2026-08-01T04:35,1.0648000240325928,1.0648000240325928,1.0645999908447266,1.0648000240325928,0
2026-08-01T04:40,1.0648000240325928,1.0652999877929688,1.0644999742507935,1.0651999711990356,0
2026-08-01T04:45,1.0652999877929688,1.0657000541687012,1.0651999711990356,1.065500020980835,0
2026-08-01T04:50,1.065600037574768,1.0662000179290771,1.065600037574768,1.065999984741211,0
2026-08-01T04:55,1.065999984741211,1.0662000179290771,1.0657000541687012,1.0658999681472778,0
2026-08-01T05:00,1.0658999681472778,1.065999984741211,1.0650999546051025,1.0657999515533447,0
2026-08-01T05:05,1.0658999681472778,1.0658999681472778,1.065600037574768,1.0657000541687012,0
2026-08-01T05:10,1.0657000541687012,1.0658999681472778,1.065600037574768,1.0657000541687012,0
2026-08-01T05:15,1.065600037574768,1.065600037574768,1.0642000436782837,1.0642999410629272,0
2026-08-01T05:20,1.0642999410629272,1.0643999576568604,1.0641000270843506,1.0642999410629272,0
2026-08-01T05:25,1.0643999576568604,1.0643999576568604,1.0635000467300415,1.0636999607086182,0
2026-08-01T05:30,1.0636999607086182,1.0643999576568604,1.0635000467300415,1.0638999938964844,0
2026-08-01T05:35,1.0637999773025513,1.0640000104904175,1.0628999471664429,1.0628999471664429,0
2026-08-01T05:40,1.0628000497817993,1.0628999471664429,1.0621999502182007,1.0622999668121338,0
2026-08-01T05:45,1.0622999668121338,1.062399983406067,1.0615999698638916,1.0618000030517578,0
2026-08-01T05:50,1.0618000030517578,1.0628000497817993,1.0618000030517578,1.0628000497817993,0
2026-08-01T05:55,1.0628000497817993,1.0631999969482422,1.0625,1.0631999969482422,0
2026-08-01T06:00,1.0633000135421753,1.0634000301361084,1.0625,1.0625,0
2026-08-01T06:05,1.0622999668121338,1.0628000497817993,1.0622999668121338,1.062399983406067,0
2026-08-01T06:10,1.0622999668121338,1.062999963760376,1.0622999668121338,1.0628999471664429,0
2026-08-01T06:15,1.0628999471664429,1.063099980354309,1.0625,1.063099980354309,0
2026-08-01T06:20,1.0631999969482422,1.0638999938964844,1.0631999969482422,1.063599944114685,0
2026-08-01T06:25,1.063599944114685,1.0643999576568604,1.063599944114685,1.0636999607086182,0
2026-08-01T06:30,1.0637999773025513,1.0642000436782837,1.0635000467300415,1.0636999607086182,0
2026-08-01T06:35,1.0636999607086182,1.0637999773025513,1.0635000467300415,1.063599944114685,0
2026-08-01T06:40,1.063599944114685,1.063599944114685,1.0634000301361084,1.063599944114685,0
2026-08-01T06:45,1.063599944114685,1.0637999773025513,1.0633000135421753,1.063599944114685,0
2026-08-01T06:50,1.0635000467300415,1.0638999938964844,1.0635000467300415,1.0636999607086182,0
2026-08-01T06:55,1.063599944114685,1.063599944114685,1.063099980354309,1.063099980354309,0
2026-08-01T07:00,1.062999963760376,1.0633000135421753,1.0627000331878662,1.0627000331878662,0
2026-08-01T07:05,1.0627000331878662,1.0628000497817993,1.062399983406067,1.0627000331878662,0
2026-08-01T07:10,1.0628000497817993,1.0633000135421753,1.0628000497817993,1.0628000497817993,0
2026-08-01T07:15,1.0628000497817993,1.0628000497817993,1.0618000030517578,1.062000036239624,0
2026-08-01T07:20,1.0621000528335571,1.0622999668121338,1.061900019645691,1.062000036239624,0
2026-08-01T07:25,1.062000036239624,1.062000036239624,1.0611000061035156,1.0611000061035156,0
2026-08-01T07:30,1.0611000061035156,1.0614999532699585,1.0606000423431396,1.0614999532699585,0
2026-08-01T07:35,1.0614999532699585,1.0615999698638916,1.0611000061035156,1.0613000392913818,0
2026-08-01T07:40,1.0612000226974487,1.0614999532699585,1.0612000226974487,1.061400055885315,0
2026-08-01T07:45,1.0615999698638916,1.0615999698638916,1.061400055885315,1.0615999698638916,0
2026-08-01T07:50,1.0615999698638916,1.0621000528335571,1.0613000392913818,1.0618000030517578,0
2026-08-01T07:55,1.0614999532699585,1.0618000030517578,1.0611000061035156,1.0611000061035156,0
2026-08-01T08:00,1.0613000392913818,1.0613000392913818,1.0605000257492065,1.0607999563217163,0
2026-08-01T08:05,1.0607000589370728,1.0607999563217163,1.0606000423431396,1.0606000423431396,0
2026-08-01T08:10,1.0606000423431396,1.0611000061035156,1.0606000423431396,1.0611000061035156,0
2026-08-01T08:15,1.0611000061035156,1.0613000392913818,1.0609999895095825,1.0609999895095825,0
2026-08-01T08:20,1.0609999895095825,1.0612000226974487,1.0607999563217163,1.0612000226974487,0
2026-08-01T08:25,1.0611000061035156,1.061900019645691,1.0611000061035156,1.061400055885315,0
2026-08-01T08:30,1.0614999532699585,1.062000036239624,1.061400055885315,1.062000036239624,0
2026-08-01T08:35,1.062000036239624,1.062000036239624,1.061400055885315,1.061400055885315,0
2026-08-01T08:40,1.061400055885315,1.0615999698638916,1.0611000061035156,1.0613000392913818,0
2026-08-01T08:45,1.0613000392913818,1.0613000392913818,1.0608999729156494,1.0609999895095825,9280
2026-08-01T08:50,1.0612000226974487,1.0618000030517578,1.0612000226974487,1.0616999864578247,0
2026-08-01T08:55,1.0616999864578247,1.062000036239624,1.0614999532699585,1.0614999532699585,0
2026-08-01T09:00,1.0615999698638916,1.0616999864578247,1.0612000226974487,1.0613000392913818,0
2026-08-01T09:05,1.0613000392913818,1.0613000392913818,1.0608999729156494,1.0613000392913818,0
2026-08-01T09:10,1.061400055885315,1.061900019645691,1.0613000392913818,1.061900019645691,0
2026-08-01T09:15,1.062000036239624,1.062399983406067,1.0614999532699585,1.0615999698638916,0
2026-08-01T09:20,1.0615999698638916,1.0616999864578247,1.0613000392913818,1.0613000392913818,0
2026-08-01T09:25,1.0611000061035156,1.0612000226974487,1.0607999563217163,1.0607999563217163,0
2026-08-01T09:30,1.0607999563217163,1.0609999895095825,1.0601999759674072,1.0608999729156494,0
2026-08-01T09:35,1.0609999895095825,1.0613000392913818,1.0608999729156494,1.0613000392913818,0
2026-08-01T09:40,1.0613000392913818,1.0613000392913818,1.0611000061035156,1.0613000392913818,0
2026-08-01T09:45,1.0612000226974487,1.0613000392913818,1.0607999563217163,1.0608999729156494,0
2026-08-01T09:50,1.0608999729156494,1.0608999729156494,1.0604000091552734,1.0605000257492065,0
2026-08-01T09:55,1.0606000423431396,1.0611000061035156,1.0604000091552734,1.0604000091552734,0
2026-08-01T10:00,1.0605000257492065,1.0609999895095825,1.0592000484466553,1.0592999458312988,0
2026-08-01T10:05,1.0591000318527222,1.0601999759674072,1.0591000318527222,1.0601999759674072,0
2026-08-01T10:10,1.0600999593734741,1.0608999729156494,1.0600999593734741,1.0608999729156494,0
2026-08-01T10:15,1.0606000423431396,1.062399983406067,1.0606000423431396,1.062399983406067,0
2026-08-01T10:20,1.0625,1.0627000331878662,1.061900019645691,1.062000036239624,0
2026-08-01T10:25,1.062000036239624,1.0622999668121338,1.061900019645691,1.0621000528335571,0
2026-08-01T10:30,1.062000036239624,1.0621000528335571,1.0618000030517578,1.061900019645691,0
2026-08-01T10:35,1.061900019645691,1.0621999502182007,1.0616999864578247,1.0621999502182007,0
2026-08-01T10:40,1.0621999502182007,1.0628999471664429,1.062000036239624,1.0628999471664429,0
2026-08-01T10:45,1.0628999471664429,1.0628999471664429,1.0614999532699585,1.0618000030517578,0
2026-08-01T10:50,1.0616999864578247,1.061900019645691,1.0614999532699585,1.0618000030517578,0
2026-08-01T10:55,1.0618000030517578,1.061900019645691,1.061400055885315,1.061900019645691,0
2026-08-01T11:00,1.0618000030517578,1.062000036239624,1.0614999532699585,1.0618000030517578,0
2026-08-01T11:05,1.0618000030517578,1.0618000030517578,1.0614999532699585,1.0618000030517578,0
2026-08-01T11:10,1.0618000030517578,1.0621000528335571,1.0614999532699585,1.0621000528335571,0
2026-08-01T11:15,1.0622999668121338,1.0622999668121338,1.0611000061035156,1.0612000226974487,0
2026-08-01T11:20,1.0614999532699585,1.0621000528335571,1.0614999532699585,1.0615999698638916,0
2026-08-01T11:25,1.0615999698638916,1.061900019645691,1.0615999698638916,1.061900019645691,0
2026-08-01T11:30,1.061900019645691,1.0621999502182007,1.0615999698638916,1.0621000528335571,0
2026-08-01T11:35,1.0621000528335571,1.062600016593933,1.062000036239624,1.062600016593933,0
2026-08-01T11:40,1.0627000331878662,1.0627000331878662,1.0622999668121338,1.062600016593933,0
2026-08-01T11:45,1.062600016593933,1.0628000497817993,1.0622999668121338,1.062399983406067,0
2026-08-01T11:50,1.062399983406067,1.0628999471664429,1.0622999668121338,1.0628000497817993,0
2026-08-01T11:55,1.0628000497817993,1.062999963760376,1.0628000497817993,1.062999963760376,0
2026-08-01T12:00,1.0631999969482422,1.0637999773025513,1.0631999969482422,1.063599944114685,0
2026-08-01T12:05,1.0637999773025513,1.0637999773025513,1.062600016593933,1.062600016593933,0
2026-08-01T12:10,1.062600016593933,1.062999963760376,1.062600016593933,1.062600016593933,0
2026-08-01T12:15,1.0625,1.062600016593933,1.0622999668121338,1.062600016593933,0
2026-08-01T12:20,1.0625,1.0628999471664429,1.0625,1.0628000497817993,0
2026-08-01T12:25,1.0628000497817993,1.063099980354309,1.0628000497817993,1.0628000497817993,0
2026-08-01T12:30,1.0627000331878662,1.0628999471664429,1.0625,1.0628999471664429,0
2026-08-01T12:35,1.062600016593933,1.0633000135421753,1.0625,1.0628999471664429,0
2026-08-01T12:40,1.0628999471664429,1.0635000467300415,1.0628000497817993,1.0628999471664429,0
2026-08-01T12:45,1.0628999471664429,1.0635000467300415,1.0628999471664429,1.0635000467300415,0
2026-08-01T12:50,1.0635000467300415,1.0636999607086182,1.0635000467300415,1.0636999607086182,0
2026-08-01T12:55,1.0636999607086182,1.0641000270843506,1.0635000467300415,1.0636999607086182,0
2026-08-01T13:00,1.0636999607086182,1.0638999938964844,1.0636999607086182,1.0638999938964844,0
2026-08-01T13:05,1.0638999938964844,1.0638999938964844,1.0635000467300415,1.0637999773025513,1166720
2026-08-01T13:10,1.0637999773025513,1.0638999938964844,1.0635000467300415,1.063599944114685,0
2026-08-01T13:15,1.0634000301361084,1.0635000467300415,1.0631999969482422,1.0635000467300415,0
2026-08-01T13:20,1.0635000467300415,1.063599944114685,1.0633000135421753,1.0634000301361084,0
2026-08-01T13:25,1.0633000135421753,1.0634000301361084,1.063099980354309,1.0633000135421753,0
2026-08-01T13:30,1.0633000135421753,1.0636999607086182,1.0633000135421753,1.063599944114685,0
2026-08-01T13:35,1.0636999607086182,1.0641000270843506,1.0634000301361084,1.0634000301361084,0
2026-08-01T13:40,1.0634000301361084,1.0635000467300415,1.0633000135421753,1.0634000301361084,0
2026-08-01T13:45,1.0634000301361084,1.0635000467300415,1.0622999668121338,1.0622999668121338,0
2026-08-01T13:50,1.0625,1.0628999471664429,1.0625,1.0628000497817993,0
2026-08-01T13:55,1.0628000497817993,1.0628999471664429,1.062399983406067,1.0628999471664429,0
2026-08-01T14:00,1.0628999471664429,1.0633000135421753,1.0627000331878662,1.0633000135421753,0
2026-08-01T14:05,1.0633000135421753,1.0642000436782837,1.0633000135421753,1.0633000135421753,0
2026-08-01T14:10,1.0633000135421753,1.0635000467300415,1.0633000135421753,1.0635000467300415,0
2026-08-01T14:15,1.0635000467300415,1.0640000104904175,1.0635000467300415,1.0636999607086182,0
2026-08-01T14:20,1.0636999607086182,1.0642000436782837,1.0636999607086182,1.0642000436782837,0
2026-08-01T14:25,1.0642000436782837,1.0642999410629272,1.0640000104904175,1.0642999410629272,0
2026-08-01T14:30,1.0642999410629272,1.0644999742507935,1.0642000436782837,1.0642999410629272,0
2026-08-01T14:35,1.0642999410629272,1.0644999742507935,1.0642000436782837,1.0642999410629272,0
2026-08-01T14:40,1.0642999410629272,1.0643999576568604,1.0642000436782837,1.0643999576568604,0
2026-08-01T14:45,1.0643999576568604,1.0643999576568604,1.0641000270843506,1.0643999576568604,0
2026-08-01T14:50,1.0643999576568604,1.0643999576568604,1.0640000104904175,1.0642000436782837,0
2026-08-01T14:55,1.0642999410629272,1.0654000043869019,1.0642000436782837,1.0654000043869019,0
2026-08-01T15:00,1.065600037574768,1.065600037574768,1.0644999742507935,1.0644999742507935,0
2026-08-01T15:05,1.0642999410629272,1.0648000240325928,1.0642000436782837,1.0648000240325928,0
2026-08-01T15:10,1.0648000240325928,1.065000057220459,1.0642999410629272,1.0643999576568604,0
2026-08-01T15:15,1.0643999576568604,1.0643999576568604,1.0633000135421753,1.0635000467300415,0
2026-08-01T15:20,1.063599944114685,1.0637999773025513,1.063599944114685,1.0636999607086182,0
2026-08-01T15:25,1.0635000467300415,1.0635000467300415,1.0631999969482422,1.0634000301361084,0
2026-08-01T15:30,1.0634000301361084,1.0634000301361084,1.062999963760376,1.0631999969482422,0
2026-08-01T15:35,1.0631999969482422,1.0634000301361084,1.063099980354309,1.0633000135421753,0
2026-08-01T15:40,1.0633000135421753,1.063599944114685,1.0628999471664429,1.062999963760376,0
2026-08-01T15:45,1.062999963760376,1.0631999969482422,1.062999963760376,1.063099980354309,0
2026-08-01T15:50,1.0631999969482422,1.0633000135421753,1.0628999471664429,1.062999963760376,0
2026-08-01T15:55,1.063099980354309,1.0633000135421753,1.0621000528335571,1.0621000528335571,0
2026-08-01T16:00,1.0621000528335571,1.063099980354309,1.0618000030517578,1.0625,0
2026-08-01T16:05,1.0625,1.062600016593933,1.0618000030517578,1.061900019645691,0
2026-08-01T16:10,1.061900019645691,1.0622999668121338,1.0615999698638916,1.061900019645691,0
2026-08-01T16:15,1.061900019645691,1.0625,1.061900019645691,1.062000036239624,0
2026-08-01T16:20,1.062000036239624,1.062600016593933,1.061900019645691,1.062600016593933,0
2026-08-01T16:25,1.062600016593933,1.062999963760376,1.0625,1.0625,0
2026-08-01T16:30,1.0627000331878662,1.063599944114685,1.062600016593933,1.063599944114685,0
2026-08-01T16:35,1.0635000467300415,1.0636999607086182,1.062999963760376,1.062999963760376,0
2026-08-01T16:40,1.063099980354309,1.063099980354309,1.0613000392913818,1.0613000392913818,0
2026-08-01T16:45,1.0613000392913818,1.0613000392913818,1.0607999563217163,1.0608999729156494,0
2026-08-01T16:50,1.0608999729156494,1.0609999895095825,1.0600999593734741,1.0605000257492065,0
2026-08-01T16:55,1.0607000589370728,1.0607000589370728,1.059000015258789,1.0602999925613403,0
2026-08-01T17:00,1.0601999759674072,1.0607999563217163,1.0595999956130981,1.0606000423431396,0
2026-08-01T17:05,1.0607000589370728,1.0612000226974487,1.0606000423431396,1.0606000423431396,0
2026-08-01T17:10,1.0605000257492065,1.0605000257492065,1.0585999488830566,1.0586999654769897,0
2026-08-01T17:15,1.0586999654769897,1.058899998664856,1.0577000379562378,1.058899998664856,0
2026-08-01T17:20,1.0587999820709229,1.0597000122070312,1.0587999820709229,1.0597000122070312,0
2026-08-01T17:25,1.059499979019165,1.059499979019165,1.0570000410079956,1.0582000017166138,0
2026-08-01T17:30,1.0582000017166138,1.0583000183105469,1.0569000244140625,1.0569000244140625,0
2026-08-01T17:35,1.0569000244140625,1.0580999851226807,1.0565999746322632,1.0579999685287476,0
2026-08-01T17:40,1.0579999685287476,1.0592000484466553,1.0579999685287476,1.0592000484466553,0
2026-08-01T17:45,1.0591000318527222,1.0591000318527222,1.0577000379562378,1.0579999685287476,0
2026-08-01T17:50,1.0579999685287476,1.0580999851226807,1.05649995803833,1.0580999851226807,0
2026-08-01T17:55,1.0579999685287476,1.0582000017166138,1.0579999685287476,1.0582000017166138,0
2026-08-01T18:00,1.0580999851226807,1.058500051498413,1.0569000244140625,1.058500051498413,0
2026-08-01T18:05,1.0583000183105469,1.058899998664856,1.0582000017166138,1.058500051498413,0
2026-08-01T18:10,1.0585999488830566,1.0587999820709229,1.0579999685287476,1.0580999851226807,0
2026-08-01T18:15,1.0582000017166138,1.0582000017166138,1.056399941444397,1.0571999549865723,118528
2026-08-01T18:20,1.0573999881744385,1.057800054550171,1.0563000440597534,1.056399941444397,548768
2026-08-01T18:25,1.05649995803833,1.0576000213623047,1.05649995803833,1.0572999715805054,611456
2026-08-01T18:30,1.0571999549865723,1.0572999715805054,1.05239999294281,1.0543999671936035,4806144
2026-08-01T18:35,1.0549999475479126,1.0572999715805054,1.0549999475479126,1.055899977684021,11670848
2026-08-01T18:40,1.055999994277954,1.0563000440597534,1.0532000064849854,1.0535000562667847,2719360
2026-08-01T18:45,1.0540000200271606,1.0540000200271606,1.0492000579833984,1.0492000579833984,2295168
2026-08-01T18:50,1.0479999780654907,1.0513999462127686,1.0473999977111816,1.0506999492645264,15109056
2026-08-01T18:55,1.0506999492645264,1.0528000593185425,1.0506999492645264,1.0526000261306763,6013632
2026-08-01T19:00,1.052299976348877,1.0534000396728516,1.0514999628067017,1.0530999898910522,0
2026-08-01T19:05,1.0530999898910522,1.0537999868392944,1.052899956703186,1.0530999898910522,7725184
2026-08-01T19:10,1.0534000396728516,1.0536999702453613,1.052899956703186,1.052899956703186,595968
2026-08-01T19:15,1.0525000095367432,1.0534000396728516,1.0520000457763672,1.0527000427246094,338240
2026-08-01T19:20,1.0527000427246094,1.0527000427246094,1.0506000518798828,1.051200032234192,673600
2026-08-01T19:25,1.051200032234192,1.0520000457763672,1.0507999658584595,1.0520000457763672,242560
2026-08-01T19:30,1.0520000457763672,1.0532000064849854,1.0514999628067017,1.0520999431610107,288960
2026-08-01T19:35,1.052299976348877,1.05239999294281,1.0509999990463257,1.051300048828125,0
2026-08-01T19:40,1.051300048828125,1.0514999628067017,1.0507999658584595,1.0509999990463257,0
2026-08-01T19:45,1.0508999824523926,1.052299976348877,1.0508999824523926,1.0521999597549438,0
2026-08-01T19:50,1.0520999431610107,1.0527000427246094,1.0516999959945679,1.0520999431610107,0
2026-08-01T19:55,1.0520000457763672,1.05239999294281,1.0515999794006348,1.0516999959945679,0
2026-08-01T20:00,1.0515999794006348,1.05239999294281,1.0509999990463257,1.0520999431610107,0
2026-08-01T20:05,1.0521999597549438,1.052899956703186,1.0521999597549438,1.052299976348877,0
2026-08-01T20:10,1.05239999294281,1.0534000396728516,1.0521999597549438,1.0533000230789185,348800
2026-08-01T20:15,1.0533000230789185,1.0541000366210938,1.0533000230789185,1.0541000366210938,318080
2026-08-01T20:20,1.0543999671936035,1.0551999807357788,1.0542000532150269,1.0542999505996704,1353728
2026-08-01T20:25,1.0542000532150269,1.0542999505996704,1.0535999536514282,1.0539000034332275,1151744
2026-08-01T20:30,1.0535999536514282,1.0540000200271606,1.0528000593185425,1.0539000034332275,410368
2026-08-01T20:35,1.0539000034332275,1.0542999505996704,1.0526000261306763,1.0528000593185425,912960
2026-08-01T20:40,1.0530999898910522,1.0542999505996704,1.0530999898910522,1.0542000532150269,583616
2026-08-01T20:45,1.0542000532150269,1.054900050163269,1.0539000034332275,1.054800033569336,3407232
2026-08-01T20:50,1.054800033569336,1.0555000305175781,1.0542000532150269,1.0544999837875366,2002560
2026-08-01T20:55,1.0544999837875366,1.054900050163269,1.0543999671936035,1.054800033569336,0
2026-08-01T21:00,1.0546000003814697,1.0583000183105469,1.0546000003814697,1.0571000576019287,370560
2026-08-01T21:05,1.0571999549865723,1.0572999715805054,1.05649995803833,1.0566999912261963,2257024
2026-08-01T21:10,1.0565999746322632,1.0571999549865723,1.0556999444961548,1.0571999549865723,364096
2026-08-01T21:15,1.0571000576019287,1.058500051498413,1.0571000576019287,1.058500051498413,822400
2026-08-01T21:20,1.058500051498413,1.0586999654769897,1.0576000213623047,1.0576000213623047,635840
2026-08-01T21:25,1.0576000213623047,1.0577000379562378,1.0568000078201294,1.0576000213623047,2118656
2026-08-01T21:30,1.0577000379562378,1.0585999488830566,1.0573999881744385,1.0585999488830566,385152
2026-08-01T21:35,1.0585999488830566,1.0585999488830566,1.0578999519348145,1.0582000017166138,687040
2026-08-01T21:40,1.0578999519348145,1.059999942779541,1.0577000379562378,1.059999942779541,20480
2026-08-01T21:45,1.0599000453948975,1.059999942779541,1.0595999956130981,1.0599000453948975,3321728
2026-08-01T21:50,1.0599000453948975,1.059999942779541,1.057800054550171,1.0585999488830566,781056
2026-08-01T21:55,1.0587999820709229,1.0595999956130981,1.0585999488830566,1.059499979019165,0
2026-08-01T22:00,1.0597000122070312,1.0598000288009644,1.058899998664856,1.0598000288009644,0
2026-08-01T22:05,1.0597000122070312,1.0605000257492065,1.0595999956130981,1.0600999593734741,0
2026-08-01T22:10,1.0600999593734741,1.0606000423431396,1.0598000288009644,1.0600999593734741,0
2026-08-01T22:15,1.0600999593734741,1.0602999925613403,1.0595999956130981,1.059999942779541,45504
2026-08-01T22:20,1.059999942779541,1.059999942779541,1.0591000318527222,1.0592999458312988,0
2026-08-01T22:25,1.0592999458312988,1.0599000453948975,1.0592000484466553,1.0598000288009644,542720
2026-08-01T22:30,1.0598000288009644,1.059999942779541,1.0597000122070312,1.0598000288009644,0
2026-08-01T22:35,1.0598000288009644,1.0605000257492065,1.059399962425232,1.0601999759674072,0
2026-08-01T22:40,1.0600999593734741,1.0604000091552734,1.0600999593734741,1.0602999925613403,0
2026-08-01T22:45,1.0601999759674072,1.0614999532699585,1.0601999759674072,1.0607999563217163,0
2026-08-01T22:50,1.0607000589370728,1.0609999895095825,1.0600999593734741,1.0601999759674072,557184
2026-08-01T22:55,1.0601999759674072,1.0602999925613403,1.0599000453948975,1.0599000453948975,0
2026-08-01T23:00,1.0601999759674072,1.0611000061035156,1.0601999759674072,1.0611000061035156,0
2026-08-01T23:05,1.0611000061035156,1.0612000226974487,1.0604000091552734,1.0607000589370728,0
2026-08-01T23:10,1.0607000589370728,1.0607999563217163,1.0599000453948975,1.0599000453948975,0
2026-08-01T23:15,1.059999942779541,1.059999942779541,1.059499979019165,1.0595999956130981,183488
2026-08-01T23:20,1.059399962425232,1.059399962425232,1.0591000318527222,1.0592000484466553,680768
2026-08-01T23:25,1.0592000484466553,1.0592999458312988,1.0585999488830566,1.0592999458312988,0
2026-08-01T23:30,1.0592999458312988,1.0598000288009644,1.0592000484466553,1.059399962425232,818112
2026-08-01T23:35,1.059399962425232,1.059499979019165,1.058899998664856,1.0592000484466553,825792
2026-08-01T23:40,1.0592000484466553,1.059999942779541,1.0591000318527222,1.059999942779541,1014592
2026-08-01T23:45,1.059999942779541,1.0602999925613403,1.0598000288009644,1.0599000453948975,918464
2026-08-01T23:50,1.0599000453948975,1.0600999593734741,1.0597000122070312,1.0597000122070312,0
2026-08-01T23:55,1.059499979019165,1.0599000453948975,1.059499979019165,1.0597000122070312,792832
2026-08-02T00:00,1.0597000122070312,1.0614999532699585,1.0597000122070312,1.0612000226974487,0
2026-08-02T00:05,1.0613000392913818,1.0618000030517578,1.0607999563217163,1.0609999895095825,1340544
2026-08-02T00:10,1.0609999895095825,1.061900019645691,1.0609999895095825,1.0613000392913818,493888
2026-08-02T00:15,1.0612000226974487,1.061900019645691,1.0612000226974487,1.0615999698638916,139456
2026-08-02T00:20,1.0615999698638916,1.0616999864578247,1.0611000061035156,1.0612000226974487,2492352
2026-08-02T00:25,1.0612000226974487,1.061400055885315,1.0606000423431396,1.0606000423431396,1392064
2026-08-02T00:30,1.0607000589370728,1.0611000061035156,1.0605000257492065,1.0606000423431396,122752
2026-08-02T00:35,1.0606000423431396,1.0606000423431396,1.0600999593734741,1.0602999925613403,0
2026-08-02T00:40,1.0604000091552734,1.0607000589370728,1.0604000091552734,1.0604000091552734,1155328
2026-08-02T00:45,1.0604000091552734,1.0609999895095825,1.0602999925613403,1.0602999925613403,787840
2026-08-02T00:50,1.0602999925613403,1.0608999729156494,1.0600999593734741,1.0607999563217163,893504
2026-08-02T00:55,1.0612000226974487,1.0616999864578247,1.0612000226974487,1.0616999864578247,837696
2026-08-02T01:00,1.0618000030517578,1.0640000104904175,1.0618000030517578,1.0638999938964844,0
2026-08-02T01:05,1.0638999938964844,1.0658999681472778,1.0638999938964844,1.0654000043869019,5491968
2026-08-02T01:10,1.0654000043869019,1.065600037574768,1.0648000240325928,1.0654000043869019,2588160
2026-08-02T01:15,1.065500020980835,1.0670000314712524,1.0644999742507935,1.0664000511169434,1914624
2026-08-02T01:20,1.06659996509552,1.0667999982833862,1.0657999515533447,1.065999984741211,6388800
2026-08-02T01:25,1.065999984741211,1.0666999816894531,1.0657999515533447,1.0666999816894531,5512576
2026-08-02T01:30,1.0667999982833862,1.0667999982833862,1.065999984741211,1.0667999982833862,852608
2026-08-02T01:35,1.0666999816894531,1.0671000480651855,1.066100001335144,1.0662000179290771,2372416
2026-08-02T01:40,1.0662000179290771,1.0662000179290771,1.0657000541687012,1.0658999681472778,895616
2026-08-02T01:45,1.0658999681472778,1.0658999681472778,1.065500020980835,1.065600037574768,1515968
2026-08-02T01:50,1.0657000541687012,1.0662000179290771,1.065500020980835,1.065500020980835,1033152
2026-08-02T01:55,1.0657000541687012,1.066100001335144,1.0652999877929688,1.065500020980835,1603456
2026-08-02T02:00,1.065500020980835,1.066100001335144,1.0654000043869019,1.065600037574768,0
2026-08-02T02:05,1.065600037574768,1.073799967765808,1.065600037574768,1.0719000101089478,6001152
2026-08-02T02:10,1.0719000101089478,1.0735000371932983,1.0717999935150146,1.0729000568389893,12904896
2026-08-02T02:15,1.0729999542236328,1.0741000175476074,1.0714000463485718,1.0738999843597412,2965696
2026-08-02T02:20,1.0743000507354736,1.0743000507354736,1.072100043296814,1.0735000371932983,5062272
2026-08-02T02:25,1.0735000371932983,1.0735000371932983,1.072100043296814,1.0723999738693237,1825152
2026-08-02T02:30,1.07260000705719,1.07260000705719,1.0715999603271484,1.0715999603271484,3353152
2026-08-02T02:35,1.0714999437332153,1.0720000267028809,1.0707999467849731,1.0710999965667725,1337216
2026-08-02T02:40,1.0710999965667725,1.0716999769210815,1.0707999467849731,1.0716999769210815,2740992
2026-08-02T02:45,1.0716999769210815,1.0736000537872314,1.0716999769210815,1.0736000537872314,2314944
2026-08-02T02:50,1.0729000568389893,1.0740000009536743,1.0724999904632568,1.0740000009536743,4134144
2026-08-02T02:55,1.0738999843597412,1.0751999616622925,1.073799967765808,1.0751999616622925,1791104
2026-08-02T03:00,1.0751999616622925,1.0751999616622925,1.073799967765808,1.0740000009536743,2989632
2026-08-02T03:05,1.0740000009536743,1.0752999782562256,1.0740000009536743,1.0744999647140503,4935552
2026-08-02T03:10,1.0745999813079834,1.0748000144958496,1.0741000175476074,1.0744999647140503,594304
2026-08-02T03:15,1.0744999647140503,1.0746999979019165,1.0741000175476074,1.0745999813079834,961152
2026-08-02T03:20,1.0743999481201172,1.076300024986267,1.0743000507354736,1.0757999420166016,1657728
2026-08-02T03:25,1.0757999420166016,1.0758999586105347,1.0750999450683594,1.0751999616622925,3395648
2026-08-02T03:30,1.0755000114440918,1.0760999917984009,1.0755000114440918,1.0759999752044678,1019520
2026-08-02T03:35,1.0759999752044678,1.0793999433517456,1.0759999752044678,1.0785000324249268,957888
2026-08-02T03:40,1.0785000324249268,1.0789999961853027,1.0773999691009521,1.0773999691009521,4325312
2026-08-02T03:45,1.0773999691009521,1.0779000520706177,1.077299952507019,1.0773999691009521,1387520
2026-08-02T03:50,1.0773999691009521,1.0773999691009521,1.076300024986267,1.0764000415802002,1335168
2026-08-02T03:55,1.076300024986267,1.0765999555587769,1.0757999420166016,1.0764000415802002,168256
2026-08-02T04:00,1.0770000219345093,1.0785000324249268,1.0769000053405762,1.0773999691009521,605184
2026-08-02T04:05,1.0773999691009521,1.0774999856948853,1.0760999917984009,1.0765999555587769,3643456
2026-08-02T04:10,1.0765999555587769,1.0785000324249268,1.0765999555587769,1.0779000520706177,1766528
2026-08-02T04:15,1.0778000354766846,1.0809999704360962,1.0778000354766846,1.0809999704360962,2317952
2026-08-02T04:20,1.0809999704360962,1.0817999839782715,1.0808000564575195,1.0813000202178955,5527168
2026-08-02T04:25,1.0813000202178955,1.0813000202178955,1.0793999433517456,1.0795999765396118,3274624
2026-08-02T04:30,1.079699993133545,1.0815000534057617,1.079699993133545,1.080899953842163,2195136
2026-08-02T04:35,1.0806000232696533,1.0812000036239624,1.0795999765396118,1.0812000036239624,3684032
2026-08-02T04:40,1.0807000398635864,1.0817999839782715,1.0806000232696533,1.080899953842163,4453312
2026-08-02T04:45,1.080899953842163,1.0820000171661377,1.0807000398635864,1.0816999673843384,2104832
2026-08-02T04:50,1.0817999839782715,1.0827000141143799,1.0810999870300293,1.0814000368118286,3062528
2026-08-02T04:55,1.0814000368118286,1.0819000005722046,1.080899953842163,1.0809999704360962,2776960
2026-08-02T05:00,1.0812000036239624,1.083400011062622,1.0812000036239624,1.0817999839782715,393088
2026-08-02T05:05,1.0821000337600708,1.0825999975204468,1.0813000202178955,1.0815999507904053,4396928
2026-08-02T05:10,1.0813000202178955,1.0814000368118286,1.0795999765396118,1.079800009727478,4494144
2026-08-02T05:15,1.080299973487854,1.080899953842163,1.0794999599456787,1.080399990081787,978944
2026-08-02T05:20,1.0805000066757202,1.0821000337600708,1.0805000066757202,1.0817999839782715,2451072
2026-08-02T05:25,1.0820000171661377,1.0821000337600708,1.0807000398635864,1.080899953842163,1495360
2026-08-02T05:30,1.0810999870300293,1.0824999809265137,1.0810999870300293,1.0810999870300293,1495360
2026-08-02T05:35,1.0810999870300293,1.0813000202178955,1.080399990081787,1.0807000398635864,2159936
2026-08-02T05:40,1.0808000564575195,1.0812000036239624,1.0805000066757202,1.0808000564575195,547968
2026-08-02T05:45,1.0808000564575195,1.0817999839782715,1.0805000066757202,1.0815999507904053,2167872
2026-08-02T05:50,1.0815999507904053,1.0827000141143799,1.0814000368118286,1.0825999975204468,2596736
2026-08-02T05:55,1.0823999643325806,1.0825999975204468,1.0817999839782715,1.0821000337600708,2799872
2026-08-02T06:00,1.0822999477386475,1.0846999883651733,1.0821000337600708,1.0841000080108643,0
2026-08-02T06:05,1.0841000080108643,1.0841000080108643,1.0814000368118286,1.0814000368118286,7087680
2026-08-02T06:10,1.0814000368118286,1.0817999839782715,1.0808000564575195,1.0810999870300293,4779264
2026-08-02T06:15,1.0812000036239624,1.0812000036239624,1.080299973487854,1.080399990081787,459712
2026-08-02T06:20,1.0805000066757202,1.0814000368118286,1.0805000066757202,1.080899953842163,1452544
2026-08-02T06:25,1.0809999704360962,1.0821000337600708,1.0809999704360962,1.0815999507904053,525120
2026-08-02T06:30,1.0809999704360962,1.0819000005722046,1.0805000066757202,1.080899953842163,725440
2026-08-02T06:35,1.080899953842163,1.0829999446868896,1.0808000564575195,1.082200050354004,239552
2026-08-02T06:40,1.0821000337600708,1.082800030708313,1.0819000005722046,1.082800030708313,2892544
2026-08-02T06:45,1.0823999643325806,1.0831999778747559,1.0821000337600708,1.0824999809265137,1662592
2026-08-02T06:50,1.0823999643325806,1.0825999975204468,1.0821000337600708,1.082200050354004,576960
2026-08-02T06:55,1.082200050354004,1.0823999643325806,1.0815000534057617,1.0815000534057617,824896
2026-08-02T07:00,1.0815999507904053,1.0817999839782715,1.0809999704360962,1.0817999839782715,0
2026-08-02T07:05,1.0817999839782715,1.0819000005722046,1.0812000036239624,1.0816999673843384,0
2026-08-02T07:10,1.0816999673843384,1.0821000337600708,1.0814000368118286,1.0820000171661377,0
2026-08-02T07:15,1.0816999673843384,1.0821000337600708,1.0816999673843384,1.0820000171661377,0
2026-08-02T07:20,1.0819000005722046,1.0829999446868896,1.0819000005722046,1.0825999975204468,483584
2026-08-02T07:25,1.0824999809265137,1.0827000141143799,1.0823999643325806,1.0825999975204468,396672
2026-08-02T07:30,1.0825999975204468,1.083899974822998,1.0825999975204468,1.083299994468689,540160
2026-08-02T07:35,1.083299994468689,1.0842000246047974,1.082800030708313,1.082900047302246,1325248
2026-08-02T07:40,1.082900047302246,1.083400011062622,1.0825999975204468,1.0830999612808228,3329600
2026-08-02T07:45,1.0830999612808228,1.0830999612808228,1.0822999477386475,1.0825999975204468,1448128
2026-08-02T07:50,1.0825999975204468,1.083899974822998,1.0825999975204468,1.0836000442504883,2087232
2026-08-02T07:55,1.0836000442504883,1.083799958229065,1.0824999809265137,1.0827000141143799,1206592
2026-08-02T08:00,1.082900047302246,1.083299994468689,1.082200050354004,1.0824999809265137,953856
2026-08-02T08:05,1.0822999477386475,1.0822999477386475,1.0814000368118286,1.0821000337600708,1139200
2026-08-02T08:10,1.0821000337600708,1.082900047302246,1.0821000337600708,1.082200050354004,2342784
2026-08-02T08:15,1.082200050354004,1.0824999809265137,1.0815999507904053,1.0815999507904053,1012992
2026-08-02T08:20,1.0815999507904053,1.0820000171661377,1.0810999870300293,1.0810999870300293,74560
2026-08-02T08:25,1.0810999870300293,1.0812000036239624,1.079800009727478,1.0799000263214111,1302272
2026-08-02T08:30,1.0800000429153442,1.080299973487854,1.079800009727478,1.079800009727478,2356544
2026-08-02T08:35,1.0799000263214111,1.0807000398635864,1.0778000354766846,1.0779000520706177,2752320
2026-08-02T08:40,1.0778000354766846,1.079200029373169,1.0778000354766846,1.0791000127792358,3338368
2026-08-02T08:45,1.0788999795913696,1.0800000429153442,1.0785000324249268,1.0793999433517456,4172160
2026-08-02T08:50,1.0794999599456787,1.079699993133545,1.0789999961853027,1.079200029373169,2766912
2026-08-02T08:55,1.079200029373169,1.0793999433517456,1.0787999629974365,1.0791000127792358,1891136
2026-08-02T09:00,1.0793999433517456,1.0795999765396118,1.075600028038025,1.075600028038025,1559616
2026-08-02T09:05,1.0755000114440918,1.0784000158309937,1.0755000114440918,1.0784000158309937,7787392
2026-08-02T09:10,1.0785000324249268,1.079300045967102,1.0785000324249268,1.079200029373169,3094592
2026-08-02T09:15,1.079200029373169,1.0807000398635864,1.079200029373169,1.0799000263214111,1091072
2026-08-02T09:20,1.0799000263214111,1.080199956893921,1.0791000127792358,1.080199956893921,1515008
2026-08-02T09:25,1.080299973487854,1.080399990081787,1.0788999795913696,1.079300045967102,2434048
2026-08-02T09:30,1.079300045967102,1.0813000202178955,1.079300045967102,1.0809999704360962,1086080
2026-08-02T09:35,1.0812000036239624,1.0814000368118286,1.080899953842163,1.080899953842163,1971264
2026-08-02T09:40,1.0809999704360962,1.0817999839782715,1.0806000232696533,1.0816999673843384,749440
2026-08-02T09:45,1.0816999673843384,1.082200050354004,1.0809999704360962,1.0809999704360962,2366272
2026-08-02T09:50,1.0809999704360962,1.0824999809265137,1.0809999704360962,1.0824999809265137,4079488
2026-08-02T09:55,1.0824999809265137,1.0825999975204468,1.0817999839782715,1.0819000005722046,1447168
2026-08-02T10:00,1.0816999673843384,1.0816999673843384,1.0805000066757202,1.0806000232696533,0
2026-08-02T10:05,1.0808000564575195,1.0813000202178955,1.0805000066757202,1.0806000232696533,1703168
2026-08-02T10:10,1.0806000232696533,1.0806000232696533,1.0801000595092773,1.080299973487854,702272
2026-08-02T10:15,1.0800000429153442,1.0810999870300293,1.0799000263214111,1.0809999704360962,546304
2026-08-02T10:20,1.0809999704360962,1.0809999704360962,1.0785000324249268,1.0787999629974365,0
2026-08-02T10:25,1.0787999629974365,1.0787999629974365,1.0785000324249268,1.0787999629974365,2102592
2026-08-02T10:30,1.0788999795913696,1.0795999765396118,1.0787999629974365,1.0795999765396118,675904
2026-08-02T10:35,1.079200029373169,1.0800000429153442,1.0791000127792358,1.0795999765396118,1427520
2026-08-02T10:40,1.0793999433517456,1.079800009727478,1.0793999433517456,1.0795999765396118,669312
2026-08-02T10:45,1.079699993133545,1.0801000595092773,1.079699993133545,1.079699993133545,114048
2026-08-02T10:50,1.079800009727478,1.0799000263214111,1.079200029373169,1.0795999765396118,419072
2026-08-02T10:55,1.079699993133545,1.0800000429153442,1.079699993133545,1.0800000429153442,648320
2026-08-02T11:00,1.0801000595092773,1.080299973487854,1.0793999433517456,1.0799000263214111,0
2026-08-02T11:05,1.0800000429153442,1.0812000036239624,1.079800009727478,1.079800009727478,1168384
2026-08-02T11:10,1.0800000429153442,1.080299973487854,1.0794999599456787,1.080199956893921,798784
2026-08-02T11:15,1.080299973487854,1.0815000534057617,1.080299973487854,1.0806000232696533,975744
2026-08-02T11:20,1.080299973487854,1.0807000398635864,1.079699993133545,1.080299973487854,68160
2026-08-02T11:25,1.080299973487854,1.0808000564575195,1.0801000595092773,1.0801000595092773,1018496
2026-08-02T11:30,1.0801000595092773,1.080299973487854,1.0795999765396118,1.080199956893921,199360
2026-08-02T11:35,1.080299973487854,1.0807000398635864,1.079800009727478,1.080399990081787,814528
2026-08-02T11:40,1.0805000066757202,1.0807000398635864,1.0785000324249268,1.079300045967102,697984
2026-08-02T11:45,1.079300045967102,1.0805000066757202,1.0789999961853027,1.079300045967102,948544
2026-08-02T11:50,1.079300045967102,1.080299973487854,1.0779999494552612,1.0780999660491943,3000000
2026-08-02T11:55,1.0779999494552612,1.0787999629974365,1.077299952507019,1.0784000158309937,2373184
2026-08-02T12:00,1.0784000158309937,1.079800009727478,1.0784000158309937,1.0788999795913696,2945408
2026-08-02T12:05,1.079200029373169,1.079300045967102,1.0786999464035034,1.0787999629974365,3644416
2026-08-02T12:10,1.0786999464035034,1.0801000595092773,1.0782999992370605,1.0800000429153442,633536
2026-08-02T12:15,1.080199956893921,1.0805000066757202,1.0791000127792358,1.079300045967102,673152
2026-08-02T12:20,1.0789999961853027,1.079800009727478,1.0786000490188599,1.0787999629974365,1302336
2026-08-02T12:25,1.0789999961853027,1.079800009727478,1.0786000490188599,1.0786000490188599,1448064
2026-08-02T12:30,1.0786000490188599,1.079200029373169,1.0770000219345093,1.0770000219345093,137600
2026-08-02T12:35,1.0771000385284424,1.0778000354766846,1.0765999555587769,1.0769000053405762,3034752
2026-08-02T12:40,1.0770000219345093,1.0772000551223755,1.076799988746643,1.0771000385284424,642048
2026-08-02T12:45,1.0771000385284424,1.0774999856948853,1.076799988746643,1.0774999856948853,0
2026-08-02T12:50,1.0773999691009521,1.0776000022888184,1.07669997215271,1.0769000053405762,920064
2026-08-02T12:55,1.0772000551223755,1.0772000551223755,1.0765000581741333,1.0765999555587769,517632
2026-08-02T13:00,1.0765000581741333,1.077299952507019,1.0764000415802002,1.07669997215271,0
2026-08-02T13:05,1.0765999555587769,1.0776000022888184,1.076300024986267,1.0774999856948853,0
2026-08-02T13:10,1.0774999856948853,1.079200029373169,1.0774999856948853,1.0788999795913696,749120
2026-08-02T13:15,1.0788999795913696,1.0788999795913696,1.0779000520706177,1.0782999992370605,656448
2026-08-02T13:20,1.0785000324249268,1.0799000263214111,1.0785000324249268,1.0793999433517456,1020352
2026-08-02T13:25,1.0793999433517456,1.079800009727478,1.0791000127792358,1.0791000127792358,779840
2026-08-02T13:30,1.0789999961853027,1.080199956893921,1.0787999629974365,1.079200029373169,1126016
2026-08-02T13:35,1.0791000127792358,1.0791000127792358,1.0777000188827515,1.0778000354766846,824384
2026-08-02T13:40,1.0779000520706177,1.079300045967102,1.0778000354766846,1.079300045967102,1869568
2026-08-02T13:45,1.0793999433517456,1.080199956893921,1.079200029373169,1.080199956893921,1141824
2026-08-02T13:50,1.080199956893921,1.080199956893921,1.079699993133545,1.0801000595092773,537536
2026-08-02T13:55,1.0800000429153442,1.0801000595092773,1.079699993133545,1.079800009727478,787072
2026-08-02T14:00,1.0799000263214111,1.0801000595092773,1.0791000127792358,1.0795999765396118,0
2026-08-02T14:05,1.0795999765396118,1.079699993133545,1.0787999629974365,1.0791000127792358,345664
2026-08-02T14:10,1.0791000127792358,1.0801000595092773,1.0791000127792358,1.0800000429153442,115200
2026-08-02T14:15,1.0800000429153442,1.0809999704360962,1.0799000263214111,1.0805000066757202,516096
2026-08-02T14:20,1.0807000398635864,1.0812000036239624,1.080399990081787,1.0810999870300293,720704
2026-08-02T14:25,1.0810999870300293,1.0814000368118286,1.080399990081787,1.0814000368118286,734976
2026-08-02T14:30,1.0814000368118286,1.0817999839782715,1.080299973487854,1.0812000036239624,280000
2026-08-02T14:35,1.0809999704360962,1.0817999839782715,1.080899953842163,1.0815999507904053,196672
2026-08-02T14:40,1.0815999507904053,1.0819000005722046,1.0810999870300293,1.0816999673843384,757504
2026-08-02T14:45,1.0816999673843384,1.0821000337600708,1.0816999673843384,1.0817999839782715,0
2026-08-02T14:50,1.0817999839782715,1.0817999839782715,1.0805000066757202,1.0805000066757202,0
2026-08-02T14:55,1.080299973487854,1.0806000232696533,1.080199956893921,1.0806000232696533,30464
2026-08-02T15:00,1.0807000398635864,1.080899953842163,1.0795999765396118,1.080199956893921,0
2026-08-02T15:05,1.080399990081787,1.080899953842163,1.080399990081787,1.0807000398635864,0
2026-08-02T15:10,1.0807000398635864,1.0817999839782715,1.0806000232696533,1.0815000534057617,7417280
2026-08-02T15:15,1.0813000202178955,1.0813000202178955,1.0807000398635864,1.0809999704360962,70336
2026-08-02T15:20,1.0809999704360962,1.0812000036239624,1.0806000232696533,1.0808000564575195,208448
2026-08-02T15:25,1.0806000232696533,1.0806000232696533,1.0799000263214111,1.080299973487854,198720
2026-08-02T15:30,1.080299973487854,1.0812000036239624,1.0801000595092773,1.0812000036239624,86400
2026-08-02T15:35,1.0807000398635864,1.0807000398635864,1.079800009727478,1.079800009727478,609792
2026-08-02T15:40,1.079800009727478,1.0800000429153442,1.079300045967102,1.0799000263214111,109888
2026-08-02T15:45,1.0799000263214111,1.080199956893921,1.0795999765396118,1.0795999765396118,0
2026-08-02T15:50,1.0794999599456787,1.0794999599456787,1.0787999629974365,1.079300045967102,257152
2026-08-02T15:55,1.0793999433517456,1.0793999433517456,1.0787999629974365,1.079200029373169,384960
2026-08-02T16:00,1.079300045967102,1.079300045967102,1.0765000581741333,1.0771000385284424,0
2026-08-02T16:05,1.0772000551223755,1.0780999660491943,1.0771000385284424,1.0779000520706177,957120
2026-08-02T16:10,1.0778000354766846,1.0782999992370605,1.077299952507019,1.077299952507019,455040
2026-08-02T16:15,1.077299952507019,1.0773999691009521,1.0771000385284424,1.0773999691009521,335936
2026-08-02T16:20,1.0770000219345093,1.0782999992370605,1.0770000219345093,1.0781999826431274,0
2026-08-02T16:25,1.0782999992370605,1.0782999992370605,1.0769000053405762,1.0778000354766846,539136
2026-08-02T16:30,1.0778000354766846,1.079200029373169,1.0777000188827515,1.0791000127792358,0
2026-08-02T16:35,1.0791000127792358,1.079800009727478,1.0786000490188599,1.079800009727478,54464
2026-08-02T16:40,1.079800009727478,1.080899953842163,1.0794999599456787,1.0800000429153442,0
2026-08-02T16:45,1.0800000429153442,1.080199956893921,1.0794999599456787,1.0799000263214111,0
2026-08-02T16:50,1.079800009727478,1.0800000429153442,1.0794999599456787,1.079800009727478,222656
2026-08-02T16:55,1.0799000263214111,1.0805000066757202,1.079699993133545,1.079800009727478,0
2026-08-02T17:00,1.079699993133545,1.080299973487854,1.0791000127792358,1.080299973487854,0
2026-08-02T17:05,1.080299973487854,1.080299973487854,1.0795999765396118,1.0795999765396118,0
2026-08-02T17:10,1.0793999433517456,1.0806000232696533,1.0793999433517456,1.080299973487854,0
2026-08-02T17:15,1.080199956893921,1.0805000066757202,1.0800000429153442,1.080199956893921,0
2026-08-02T17:20,1.0801000595092773,1.0822999477386475,1.0801000595092773,1.0822999477386475,0
2026-08-02T17:25,1.0813000202178955,1.0813000202178955,1.0806000232696533,1.0810999870300293,0
2026-08-02T17:30,1.0810999870300293,1.0815000534057617,1.0807000398635864,1.0807000398635864,0
2026-08-02T17:35,1.0805000066757202,1.0813000202178955,1.0805000066757202,1.0809999704360962,0
2026-08-02T17:40,1.0810999870300293,1.0815999507904053,1.0807000398635864,1.0815999507904053,0
2026-08-02T17:45,1.0815999507904053,1.0816999673843384,1.0813000202178955,1.0815999507904053,0
2026-08-02T17:50,1.0815000534057617,1.0816999673843384,1.0813000202178955,1.0815999507904053,0
2026-08-02T17:55,1.0816999673843384,1.0816999673843384,1.0809999704360962,1.0809999704360962,0
2026-08-02T18:00,1.0808000564575195,1.0816999673843384,1.0808000564575195,1.0814000368118286,0
2026-08-02T18:05,1.0814000368118286,1.0815000534057617,1.0807000398635864,1.0809999704360962,0
2026-08-02T18:10,1.0810999870300293,1.0820000171661377,1.0809999704360962,1.0817999839782715,0
2026-08-02T18:15,1.0817999839782715,1.082200050354004,1.0815999507904053,1.0821000337600708,0
2026-08-02T18:20,1.0821000337600708,1.0823999643325806,1.0814000368118286,1.0816999673843384,0
2026-08-02T18:25,1.0815000534057617,1.0815000534057617,1.080299973487854,1.080299973487854,0
2026-08-02T18:30,1.0805000066757202,1.0812000036239624,1.0801000595092773,1.080899953842163,0
2026-08-02T18:35,1.0813000202178955,1.0823999643325806,1.0809999704360962,1.082200050354004,0
2026-08-02T18:40,1.0820000171661377,1.0850000381469727,1.0820000171661377,1.0821000337600708,3972224
2026-08-02T18:45,1.0827000141143799,1.0827000141143799,1.0808000564575195,1.0808000564575195,0
2026-08-02T18:50,1.0807000398635864,1.0808000564575195,1.079800009727478,1.080399990081787,0
2026-08-02T18:55,1.0806000232696533,1.0808000564575195,1.080399990081787,1.0805000066757202,0
2026-08-02T19:00,1.080199956893921,1.0809999704360962,1.0800000429153442,1.0805000066757202,0
2026-08-02T19:05,1.0808000564575195,1.0813000202178955,1.0805000066757202,1.080899953842163,0
2026-08-02T19:10,1.0809999704360962,1.0810999870300293,1.0801000595092773,1.0801000595092773,0
2026-08-02T19:15,1.0801000595092773,1.0808000564575195,1.0800000429153442,1.080199956893921,0
2026-08-02T19:20,1.0801000595092773,1.080199956893921,1.079699993133545,1.0800000429153442,0
2026-08-02T19:25,1.0800000429153442,1.080299973487854,1.079699993133545,1.079699993133545,0
2026-08-02T19:30,1.0795999765396118,1.079800009727478,1.0788999795913696,1.0795999765396118,457728
2026-08-02T19:35,1.079699993133545,1.0801000595092773,1.0795999765396118,1.0799000263214111,256000
2026-08-02T19:40,1.0799000263214111,1.080199956893921,1.0794999599456787,1.080199956893921,221504
2026-08-02T19:45,1.080299973487854,1.0812000036239624,1.079300045967102,1.0812000036239624,149120
2026-08-02T19:50,1.0812000036239624,1.0817999839782715,1.0809999704360962,1.0809999704360962,838464
2026-08-02T19:55,1.0809999704360962,1.0810999870300293,1.0808000564575195,1.0809999704360962,482944
2026-08-02T20:00,1.0810999870300293,1.0810999870300293,1.080199956893921,1.080199956893921,0
2026-08-02T20:05,1.080199956893921,1.0810999870300293,1.0801000595092773,1.080899953842163,0
2026-08-02T20:10,1.0808000564575195,1.0809999704360962,1.0801000595092773,1.0809999704360962,0
2026-08-02T20:15,1.0808000564575195,1.0812000036239624,1.080299973487854,1.0806000232696533,0
2026-08-02T20:20,1.0807000398635864,1.0807000398635864,1.0795999765396118,1.079699993133545,0
2026-08-02T20:25,1.0795999765396118,1.0795999765396118,1.079200029373169,1.0794999599456787,0
2026-08-02T20:30,1.0794999599456787,1.0805000066757202,1.0794999599456787,1.080199956893921,0
2026-08-02T20:35,1.080199956893921,1.080299973487854,1.079800009727478,1.0800000429153442,0
2026-08-02T20:40,1.0799000263214111,1.080299973487854,1.0799000263214111,1.080199956893921,0
2026-08-02T20:45,1.0801000595092773,1.080899953842163,1.079800009727478,1.0805000066757202,0
2026-08-02T20:50,1.0806000232696533,1.0806000232696533,1.0799000263214111,1.080199956893921,0
2026-08-02T20:55,1.080199956893921,1.080899953842163,1.080199956893921,1.080299973487854,0
2026-08-02T21:00,1.080399990081787,1.0819000005722046,1.080299973487854,1.0819000005722046,0
2026-08-02T21:05,1.0816999673843384,1.0820000171661377,1.0809999704360962,1.0813000202178955,0
2026-08-02T21:10,1.0813000202178955,1.0827000141143799,1.0813000202178955,1.0822999477386475,0
2026-08-02T21:15,1.082200050354004,1.0827000141143799,1.0816999673843384,1.082200050354004,0
2026-08-02T21:20,1.0822999477386475,1.0831999778747559,1.0822999477386475,1.0831999778747559,267136
2026-08-02T21:25,1.0831999778747559,1.083899974822998,1.082900047302246,1.083799958229065,7100992
2026-08-02T21:30,1.083799958229065,1.0844000577926636,1.083400011062622,1.0841000080108643,456960
2026-08-02T21:35,1.083799958229065,1.0852999687194824,1.083799958229065,1.0844000577926636,1658944
2026-08-02T21:40,1.0842000246047974,1.0887000560760498,1.0839999914169312,1.0861999988555908,1576320
2026-08-02T21:45,1.0861999988555908,1.0886000394821167,1.0861999988555908,1.086899995803833,2734336
2026-08-02T21:50,1.086899995803833,1.0871000289916992,1.0848000049591064,1.0850000381469727,3222592
2026-08-02T21:55,1.0858999490737915,1.0858999490737915,1.083799958229065,1.0856000185012817,0
2026-08-02T22:00,1.0861999988555908,1.0880999565124512,1.0859999656677246,1.0877000093460083,3432320
2026-08-02T22:05,1.0877000093460083,1.0887999534606934,1.0872999429702759,1.0887999534606934,3625152
2026-08-02T22:10,1.0898000001907349,1.0908000469207764,1.0893000364303589,1.0895999670028687,7535808
2026-08-02T22:15,1.0891000032424927,1.0917999744415283,1.0885000228881836,1.0886000394821167,2416256
2026-08-02T22:20,1.0888999700546265,1.089900016784668,1.0888999700546265,1.0892000198364258,3714624
2026-08-02T22:25,1.0891000032424927,1.089400053024292,1.0880000591278076,1.0886000394821167,1032960
2026-08-02T22:30,1.0885000228881836,1.0887999534606934,1.0867999792099,1.0872000455856323,1211136
2026-08-02T22:35,1.0871000289916992,1.0872999429702759,1.0850000381469727,1.0856000185012817,525952
2026-08-02T22:40,1.0856000185012817,1.0872000455856323,1.0846999883651733,1.0872000455856323,3328000
2026-08-02T22:45,1.0872999429702759,1.087399959564209,1.0865999460220337,1.0865999460220337,1136384
2026-08-02T22:50,1.0865999460220337,1.0865999460220337,1.0855000019073486,1.0856000185012817,702848
2026-08-02T22:55,1.0856000185012817,1.0856000185012817,1.0844000577926636,1.0844000577926636,0
2026-08-02T23:00,1.0842000246047974,1.0846999883651733,1.0835000276565552,1.0835000276565552,0
2026-08-02T23:05,1.083400011062622,1.083400011062622,1.0820000171661377,1.082800030708313,2696576
2026-08-02T23:10,1.082800030708313,1.083299994468689,1.0817999839782715,1.0823999643325806,1788288
2026-08-02T23:15,1.0821000337600708,1.0842000246047974,1.0821000337600708,1.0839999914169312,1178176
2026-08-02T23:20,1.0839999914169312,1.0841000080108643,1.0829999446868896,1.0829999446868896,3361920
2026-08-02T23:25,1.0830999612808228,1.083799958229065,1.0829999446868896,1.083400011062622,1272896
2026-08-02T23:30,1.083299994468689,1.0836000442504883,1.082800030708313,1.083299994468689,1265728
2026-08-02T23:35,1.083299994468689,1.0835000276565552,1.0824999809265137,1.082800030708313,0
2026-08-02T23:40,1.082800030708313,1.0829999446868896,1.0823999643325806,1.0829999446868896,0
2026-08-02T23:45,1.0829999446868896,1.0844000577926636,1.0825999975204468,1.0836999416351318,401472
2026-08-02T23:50,1.0836999416351318,1.0846999883651733,1.0836999416351318,1.0843000411987305,1171008
2026-08-02T23:55,1.0844000577926636,1.085800051689148,1.0843000411987305,1.085800051689148,563712
2026-08-03T00:00,1.0858999490737915,1.0866999626159668,1.0844000577926636,1.0844000577926636,0
2026-08-03T00:05,1.0842000246047974,1.0844000577926636,1.083299994468689,1.0843000411987305,2647296
2026-08-03T00:10,1.0843000411987305,1.0844000577926636,1.0823999643325806,1.082900047302246,741184
2026-08-03T00:15,1.082800030708313,1.083899974822998,1.082800030708313,1.0830999612808228,436032
2026-08-03T00:20,1.0829999446868896,1.0830999612808228,1.0819000005722046,1.0824999809265137,195008
2026-08-03T00:25,1.0822999477386475,1.0822999477386475,1.0800000429153442,1.080899953842163,678592
2026-08-03T00:30,1.0807000398635864,1.0808000564575195,1.0795999765396118,1.0805000066757202,1574016
2026-08-03T00:35,1.080399990081787,1.0813000202178955,1.0799000263214111,1.0813000202178955,1377408
2026-08-03T00:40,1.0813000202178955,1.0819000005722046,1.0799000263214111,1.080299973487854,1626240
2026-08-03T00:45,1.080199956893921,1.080399990081787,1.0789999961853027,1.080299973487854,1069248
2026-08-03T00:50,1.080199956893921,1.080299973487854,1.0794999599456787,1.080299973487854,1640320
2026-08-03T00:55,1.080299973487854,1.0805000066757202,1.0799000263214111,1.0800000429153442,862592
2026-08-03T01:00,1.0794999599456787,1.080399990081787,1.0786000490188599,1.080299973487854,0
2026-08-03T01:05,1.080199956893921,1.080399990081787,1.0781999826431274,1.0791000127792358,0
2026-08-03T01:10,1.0787999629974365,1.079300045967102,1.0765999555587769,1.077299952507019,0
2026-08-03T01:15,1.077299952507019,1.077299952507019,1.0752999782562256,1.0759999752044678,0
2026-08-03T01:20,1.0759999752044678,1.0759999752044678,1.0750999450683594,1.075700044631958,0
2026-08-03T01:25,1.075700044631958,1.0765999555587769,1.0745999813079834,1.0750999450683594,0
2026-08-03T01:30,1.0749000310897827,1.0758999586105347,1.0746999979019165,1.0752999782562256,382976
2026-08-03T01:35,1.0752999782562256,1.075600028038025,1.0738999843597412,1.0743999481201172,939456
2026-08-03T01:40,1.0745999813079834,1.0753999948501587,1.0743000507354736,1.0750999450683594,1416640
2026-08-03T01:45,1.0750999450683594,1.0752999782562256,1.0744999647140503,1.0749000310897827,114752
2026-08-03T01:50,1.0749000310897827,1.0749000310897827,1.0736000537872314,1.073699951171875,347008
2026-08-03T01:55,1.073699951171875,1.0748000144958496,1.0736000537872314,1.0743999481201172,125376
2026-08-03T02:00,1.0742000341415405,1.0742000341415405,1.0729999542236328,1.0740000009536743,0
2026-08-03T02:05,1.0734000205993652,1.0740000009536743,1.073199987411499,1.073199987411499,0
2026-08-03T02:10,1.073199987411499,1.073199987411499,1.0720000267028809,1.073199987411499,0
2026-08-03T02:15,1.073199987411499,1.0750999450683594,1.072700023651123,1.0750999450683594,0
2026-08-03T02:20,1.075600028038025,1.0758999586105347,1.0745999813079834,1.0745999813079834,0
2026-08-03T02:25,1.0745999813079834,1.0750999450683594,1.0724999904632568,1.0729000568389893,0
2026-08-03T02:30,1.0729000568389893,1.0740000009536743,1.072700023651123,1.0740000009536743,0
2026-08-03T02:35,1.0745999813079834,1.0751999616622925,1.0738999843597412,1.0746999979019165,0
2026-08-03T02:40,1.0746999979019165,1.0750999450683594,1.0741000175476074,1.0743000507354736,0
2026-08-03T02:45,1.0741000175476074,1.0743999481201172,1.073699951171875,1.0743000507354736,0
2026-08-03T02:50,1.0743999481201172,1.0743999481201172,1.0728000402450562,1.0728000402450562,0
2026-08-03T02:55,1.0729000568389893,1.073099970817566,1.0722999572753906,1.0729999542236328,0
2026-08-03T03:00,1.0724999904632568,1.073099970817566,1.0722999572753906,1.0728000402450562,0
2026-08-03T03:05,1.07260000705719,1.073099970817566,1.0719000101089478,1.0720000267028809,0
2026-08-03T03:10,1.0717999935150146,1.0719000101089478,1.0707999467849731,1.0707999467849731,33792
2026-08-03T03:15,1.0708999633789062,1.0720000267028809,1.0705000162124634,1.0709999799728394,493568
2026-08-03T03:20,1.0710999965667725,1.0713000297546387,1.0707000494003296,1.0707000494003296,335488
2026-08-03T03:25,1.0708999633789062,1.0714999437332153,1.0706000328063965,1.0714000463485718,0
2026-08-03T03:30,1.0714000463485718,1.0715999603271484,1.0707000494003296,1.0715999603271484,73024
2026-08-03T03:35,1.0714000463485718,1.0719000101089478,1.0710999965667725,1.0714000463485718,334272
2026-08-03T03:40,1.0712000131607056,1.0716999769210815,1.0712000131607056,1.0716999769210815,0
2026-08-03T03:45,1.0715999603271484,1.0715999603271484,1.0679999589920044,1.0706000328063965,0
2026-08-03T03:50,1.0703999996185303,1.072100043296814,1.0702999830245972,1.0712000131607056,5842432
2026-08-03T03:55,1.0712000131607056,1.0713000297546387,1.0700000524520874,1.0700000524520874,635840
2026-08-03T04:00,1.0699000358581543,1.0709999799728394,1.0698000192642212,1.0707999467849731,0
2026-08-03T04:05,1.0706000328063965,1.0710999965667725,1.070199966430664,1.070199966430664,0
2026-08-03T04:10,1.0698000192642212,1.0698000192642212,1.0688999891281128,1.0698000192642212,541824
2026-08-03T04:15,1.0700000524520874,1.0710999965667725,1.0700000524520874,1.0709999799728394,807872
2026-08-03T04:20,1.0712000131607056,1.072100043296814,1.0709999799728394,1.0713000297546387,0
2026-08-03T04:25,1.0713000297546387,1.0714999437332153,1.0710999965667725,1.0710999965667725,0
2026-08-03T04:30,1.0710999965667725,1.072100043296814,1.0710999965667725,1.0720000267028809,0
2026-08-03T04:35,1.0720000267028809,1.0721999406814575,1.0710999965667725,1.072100043296814,0
2026-08-03T04:40,1.0721999406814575,1.0721999406814575,1.0714999437332153,1.0717999935150146,0
2026-08-03T04:45,1.072100043296814,1.072100043296814,1.0707000494003296,1.0707000494003296,0
2026-08-03T04:50,1.0707000494003296,1.0707000494003296,1.0693000555038452,1.0693999528884888,0
2026-08-03T04:55,1.069599986076355,1.069599986076355,1.0687999725341797,1.069000005722046,0
2026-08-03T05:00,1.069000005722046,1.0698000192642212,1.0688999891281128,1.0693000555038452,0
2026-08-03T05:05,1.0693999528884888,1.0707000494003296,1.0687999725341797,1.0707000494003296,0
2026-08-03T05:10,1.0707000494003296,1.0715999603271484,1.0707000494003296,1.0714000463485718,0
2026-08-03T05:15,1.0714000463485718,1.0714000463485718,1.0693000555038452,1.0700000524520874,0
2026-08-03T05:20,1.0700000524520874,1.070199966430664,1.0693000555038452,1.0699000358581543,446720
2026-08-03T05:25,1.0698000192642212,1.0705000162124634,1.069599986076355,1.0699000358581543,0
2026-08-03T05:30,1.0699000358581543,1.0703999996185303,1.0693000555038452,1.0693000555038452,23808
2026-08-03T05:35,1.069200038909912,1.0702999830245972,1.069200038909912,1.070199966430664,888832
2026-08-03T05:40,1.0700000524520874,1.0707999467849731,1.0699000358581543,1.0699000358581543,93120
2026-08-03T05:45,1.0699000358581543,1.0714000463485718,1.0698000192642212,1.0712000131607056,0
2026-08-03T05:50,1.0712000131607056,1.0714000463485718,1.0707000494003296,1.0709999799728394,282624
2026-08-03T05:55,1.0709999799728394,1.0712000131607056,1.0708999633789062,1.0709999799728394,0
2026-08-03T06:00,1.0709999799728394,1.0715999603271484,1.0709999799728394,1.0713000297546387,0
2026-08-03T06:05,1.0712000131607056,1.0716999769210815,1.0710999965667725,1.0710999965667725,0
2026-08-03T06:10,1.0712000131607056,1.0713000297546387,1.0707000494003296,1.0710999965667725,0
2026-08-03T06:15,1.0709999799728394,1.0713000297546387,1.0707999467849731,1.0707999467849731,0
2026-08-03T06:20,1.0707000494003296,1.0707000494003296,1.0699000358581543,1.0705000162124634,655168
2026-08-03T06:25,1.0702999830245972,1.0702999830245972,1.069100022315979,1.0693999528884888,1403520
2026-08-03T06:30,1.069200038909912,1.0700000524520874,1.069100022315979,1.069100022315979,15232
2026-08-03T06:35,1.069000005722046,1.0693000555038452,1.0678999423980713,1.0679999589920044,1198720
2026-08-03T06:40,1.0678000450134277,1.0679999589920044,1.0667999982833862,1.0669000148773193,2198528
2026-08-03T06:45,1.0667999982833862,1.0686999559402466,1.0667999982833862,1.0678000450134277,161984
2026-08-03T06:50,1.0681999921798706,1.0688999891281128,1.0677000284194946,1.0680999755859375,4099328
2026-08-03T06:55,1.0676000118255615,1.0678000450134277,1.0667999982833862,1.0670000314712524,1081408
2026-08-03T07:00,1.0671000480651855,1.067199945449829,1.0658999681472778,1.0671000480651855,65600
2026-08-03T07:05,1.0669000148773193,1.0680999755859375,1.0667999982833862,1.0672999620437622,915392
2026-08-03T07:10,1.0673999786376953,1.0679999589920044,1.0667999982833862,1.0667999982833862,3080320
2026-08-03T07:15,1.0664000511169434,1.0669000148773193,1.0650999546051025,1.0654000043869019,2290624
2026-08-03T07:20,1.0652999877929688,1.0669000148773193,1.0652999877929688,1.0667999982833862,6091712
2026-08-03T07:25,1.06659996509552,1.0674999952316284,1.06659996509552,1.0673999786376953,2682752
2026-08-03T07:30,1.0670000314712524,1.0684000253677368,1.0670000314712524,1.0680999755859375,2316480
2026-08-03T07:35,1.0683000087738037,1.0684000253677368,1.0676000118255615,1.0676000118255615,1598400
2026-08-03T07:40,1.0677000284194946,1.0677000284194946,1.0664000511169434,1.0664000511169434,263232
2026-08-03T07:45,1.0667999982833862,1.0677000284194946,1.0667999982833862,1.067199945449829,0
2026-08-03T07:50,1.067199945449829,1.067199945449829,1.0666999816894531,1.0671000480651855,0
2026-08-03T07:55,1.0672999620437622,1.0676000118255615,1.066499948501587,1.0669000148773193,0
2026-08-03T08:00,1.0667999982833862,1.0674999952316284,1.0663000345230103,1.0669000148773193,0
2026-08-03T08:05,1.0671000480651855,1.067199945449829,1.066100001335144,1.0662000179290771,0
2026-08-03T08:10,1.0663000345230103,1.0663000345230103,1.065600037574768,1.0662000179290771,189120
2026-08-03T08:15,1.066100001335144,1.066499948501587,1.0651999711990356,1.0654000043869019,0
2026-08-03T08:20,1.0650999546051025,1.0652999877929688,1.0631999969482422,1.0644999742507935,837568
2026-08-03T08:25,1.0642000436782837,1.0642999410629272,1.062399983406067,1.062399983406067,4520896
2026-08-03T08:30,1.0621999502182007,1.0633000135421753,1.0616999864578247,1.0628000497817993,1816768
2026-08-03T08:35,1.0628999471664429,1.0640000104904175,1.062399983406067,1.0636999607086182,1059904
2026-08-03T08:40,1.0637999773025513,1.0648000240325928,1.0637999773025513,1.0647000074386597,0
2026-08-03T08:45,1.0644999742507935,1.0652999877929688,1.0642999410629272,1.0651999711990356,0
2026-08-03T08:50,1.0654000043869019,1.0663000345230103,1.0650999546051025,1.0663000345230103,0
2026-08-03T08:55,1.0663000345230103,1.0667999982833862,1.0662000179290771,1.0663000345230103,972608
2026-08-03T09:00,1.066499948501587,1.06659996509552,1.0657000541687012,1.0657000541687012,0
2026-08-03T09:05,1.065600037574768,1.065999984741211,1.065500020980835,1.0658999681472778,0
2026-08-03T09:10,1.0657999515533447,1.066499948501587,1.0657000541687012,1.0663000345230103,0
2026-08-03T09:15,1.0663000345230103,1.0671000480651855,1.0663000345230103,1.0663000345230103,0
2026-08-03T09:20,1.0663000345230103,1.0667999982833862,1.065999984741211,1.065999984741211,1016448
2026-08-03T09:25,1.065999984741211,1.06659996509552,1.065999984741211,1.06659996509552,0
2026-08-03T09:30,1.06659996509552,1.0678000450134277,1.0664000511169434,1.0671000480651855,0
2026-08-03T09:35,1.0671000480651855,1.0671000480651855,1.066499948501587,1.0669000148773193,1358976
2026-08-03T09:40,1.0669000148773193,1.0677000284194946,1.0669000148773193,1.0677000284194946,1786048
2026-08-03T09:45,1.0677000284194946,1.0680999755859375,1.0676000118255615,1.0677000284194946,0
2026-08-03T09:50,1.0678999423980713,1.0686999559402466,1.0677000284194946,1.0686999559402466,0
2026-08-03T09:55,1.0687999725341797,1.0707000494003296,1.0686999559402466,1.0702999830245972,708608
2026-08-03T10:00,1.070199966430664,1.0707999467849731,1.069599986076355,1.0699000358581543,2399552
2026-08-03T10:05,1.0694999694824219,1.069700002670288,1.069100022315979,1.069100022315979,0
2026-08-03T10:10,1.069100022315979,1.069200038909912,1.0687999725341797,1.0688999891281128,720960
2026-08-03T10:15,1.0686999559402466,1.069100022315979,1.0680999755859375,1.06850004196167,40320
2026-08-03T10:20,1.06850004196167,1.0687999725341797,1.0681999921798706,1.0681999921798706,222208
2026-08-03T10:25,1.0680999755859375,1.0683000087738037,1.0676000118255615,1.0676000118255615,0
2026-08-03T10:30,1.0676000118255615,1.0676000118255615,1.0670000314712524,1.0673999786376953,561472
2026-08-03T10:35,1.0677000284194946,1.0679999589920044,1.0673999786376953,1.0678999423980713,0
2026-08-03T10:40,1.0677000284194946,1.0678999423980713,1.0673999786376953,1.0678000450134277,503360
2026-08-03T10:45,1.0678000450134277,1.0681999921798706,1.0672999620437622,1.0681999921798706,293056
2026-08-03T10:50,1.0678000450134277,1.068600058555603,1.0677000284194946,1.06850004196167,2826368
2026-08-03T10:55,1.06850004196167,1.069200038909912,1.0681999921798706,1.0687999725341797,1275392
2026-08-03T11:00,1.0687999725341797,1.069100022315979,1.0672999620437622,1.0677000284194946,0
2026-08-03T11:05,1.0677000284194946,1.0677000284194946,1.0669000148773193,1.0670000314712524,148992
2026-08-03T11:10,1.0670000314712524,1.0674999952316284,1.0669000148773193,1.0674999952316284,478592
2026-08-03T11:15,1.0672999620437622,1.0676000118255615,1.0658999681472778,1.0658999681472778,48320
2026-08-03T11:20,1.0658999681472778,1.065999984741211,1.0650999546051025,1.065500020980835,6228352
2026-08-03T11:25,1.065500020980835,1.065500020980835,1.0637999773025513,1.0644999742507935,8334592
2026-08-03T11:30,1.0642000436782837,1.065500020980835,1.0642000436782837,1.065500020980835,10115584
2026-08-03T11:35,1.0657000541687012,1.0662000179290771,1.065600037574768,1.065999984741211,1704448
2026-08-03T11:40,1.065999984741211,1.065999984741211,1.0652999877929688,1.0658999681472778,2557184
2026-08-03T11:45,1.065999984741211,1.065999984741211,1.0651999711990356,1.065500020980835,0
2026-08-03T11:50,1.0657000541687012,1.0657000541687012,1.0641000270843506,1.0641000270843506,0
2026-08-03T11:55,1.0640000104904175,1.0641000270843506,1.0622999668121338,1.063099980354309,0
2026-08-03T12:00,1.063099980354309,1.0637999773025513,1.0628999471664429,1.0633000135421753,0
2026-08-03T12:05,1.0635000467300415,1.0636999607086182,1.0628999471664429,1.063599944114685,1588096
2026-08-03T12:10,1.0633000135421753,1.0642000436782837,1.0633000135421753,1.0642000436782837,2455680
2026-08-03T12:15,1.0642000436782837,1.0651999711990356,1.0637999773025513,1.0648000240325928,1803072
2026-08-03T12:20,1.0649000406265259,1.0649000406265259,1.0643999576568604,1.0647000074386597,844224
2026-08-03T12:25,1.0644999742507935,1.0644999742507935,1.063599944114685,1.063599944114685,0
2026-08-03T12:30,1.0636999607086182,1.0641000270843506,1.0635000467300415,1.0637999773025513,640192
2026-08-03T12:35,1.063599944114685,1.0638999938964844,1.0635000467300415,1.0636999607086182,0
2026-08-03T12:40,1.0638999938964844,1.0645999908447266,1.0636999607086182,1.0643999576568604,385408
2026-08-03T12:45,1.0647000074386597,1.0647000074386597,1.0641000270843506,1.0645999908447266,1896640
2026-08-03T12:50,1.0645999908447266,1.0649000406265259,1.0642000436782837,1.0647000074386597,509056
2026-08-03T12:55,1.0647000074386597,1.0650999546051025,1.0644999742507935,1.0645999908447266,1168896
2026-08-03T13:00,1.0647000074386597,1.0654000043869019,1.0643999576568604,1.0645999908447266,0
2026-08-03T13:05,1.0644999742507935,1.0648000240325928,1.0641000270843506,1.0641000270843506,0
2026-08-03T13:10,1.0641000270843506,1.0651999711990356,1.0641000270843506,1.0651999711990356,320768
2026-08-03T13:15,1.065000057220459,1.0681999921798706,1.065000057220459,1.0681999921798706,1482432
2026-08-03T13:20,1.068600058555603,1.0705000162124634,1.068600058555603,1.069599986076355,1960320
2026-08-03T13:25,1.0693000555038452,1.0693999528884888,1.06659996509552,1.0673999786376953,5254912
2026-08-03T13:30,1.0664000511169434,1.0670000314712524,1.0642999410629272,1.065600037574768,2651584
2026-08-03T13:35,1.0652999877929688,1.069700002670288,1.0652999877929688,1.069700002670288,3517632
2026-08-03T13:40,1.0699000358581543,1.070099949836731,1.0680999755859375,1.069700002670288,4278912
2026-08-03T13:45,1.0699000358581543,1.0707999467849731,1.0678999423980713,1.0693999528884888,1549568
2026-08-03T13:50,1.069100022315979,1.0733000040054321,1.0686999559402466,1.0728000402450562,4019712
2026-08-03T13:55,1.0729999542236328,1.0750000476837158,1.0729000568389893,1.0748000144958496,8987776
2026-08-03T14:00,1.0758999586105347,1.0758999586105347,1.072700023651123,1.0750000476837158,2719360
2026-08-03T14:05,1.0745999813079834,1.075700044631958,1.073699951171875,1.0740000009536743,7771200
2026-08-03T14:10,1.0738999843597412,1.0757999420166016,1.0733000040054321,1.0736000537872314,2870080
2026-08-03T14:15,1.0736000537872314,1.075600028038025,1.0722999572753906,1.0743999481201172,4046912
2026-08-03T14:20,1.073799967765808,1.0744999647140503,1.0714999437332153,1.0741000175476074,5448960
2026-08-03T14:25,1.0746999979019165,1.0815000534057617,1.0746999979019165,1.0810999870300293,8588608
2026-08-03T14:30,1.080899953842163,1.0816999673843384,1.0789999961853027,1.0806000232696533,16991232
2026-08-03T14:35,1.0807000398635864,1.0820000171661377,1.079300045967102,1.0806000232696533,19235392
2026-08-03T14:40,1.080399990081787,1.0815999507904053,1.0785000324249268,1.079200029373169,7194816
2026-08-03T14:45,1.079300045967102,1.0795999765396118,1.0778000354766846,1.0786999464035034,4955520
2026-08-03T14:50,1.0787999629974365,1.0807000398635864,1.0787999629974365,1.0807000398635864,2931392
2026-08-03T14:55,1.0807000398635864,1.0823999643325806,1.080399990081787,1.0817999839782715,5297600
2026-08-03T15:00,1.0819000005722046,1.0819000005722046,1.0788999795913696,1.0794999599456787,3008128
2026-08-03T15:05,1.0793999433517456,1.0795999765396118,1.0779000520706177,1.0785000324249268,9678400
2026-08-03T15:10,1.0786999464035034,1.079200029373169,1.0772000551223755,1.079200029373169,5736512
2026-08-03T15:15,1.0795999765396118,1.0807000398635864,1.0785000324249268,1.0801000595092773,2446784
2026-08-03T15:20,1.080299973487854,1.0815999507904053,1.0795999765396118,1.080899953842163,3392384
2026-08-03T15:25,1.080899953842163,1.0831999778747559,1.0799000263214111,1.0805000066757202,9510592
2026-08-03T15:30,1.0805000066757202,1.0825999975204468,1.0805000066757202,1.0809999704360962,3644480
2026-08-03T15:35,1.0808000564575195,1.0844999551773071,1.0808000564575195,1.0842000246047974,3991424
2026-08-03T15:40,1.0844000577926636,1.0844999551773071,1.0819000005722046,1.0836999416351318,5915200
2026-08-03T15:45,1.083899974822998,1.0860999822616577,1.083899974822998,1.0839999914169312,4521536
2026-08-03T15:50,1.0843000411987305,1.0851000547409058,1.0836999416351318,1.0842000246047974,5151808
2026-08-03T15:55,1.0841000080108643,1.0841000080108643,1.0815000534057617,1.0827000141143799,2439552
2026-08-03T16:00,1.082900047302246,1.0841000080108643,1.0817999839782715,1.0821000337600708,0
2026-08-03T16:05,1.0820000171661377,1.0825999975204468,1.0799000263214111,1.0813000202178955,5955200
2026-08-03T16:10,1.0812000036239624,1.0825999975204468,1.0805000066757202,1.0821000337600708,2273920
2026-08-03T16:15,1.082200050354004,1.0836999416351318,1.0820000171661377,1.0831999778747559,2016256
2026-08-03T16:20,1.083299994468689,1.083799958229065,1.0824999809265137,1.082800030708313,1472832
2026-08-03T16:25,1.0831999778747559,1.083400011062622,1.0815000534057617,1.0823999643325806,2623040
2026-08-03T16:30,1.0822999477386475,1.0822999477386475,1.0805000066757202,1.0817999839782715,2212288
2026-08-03T16:35,1.0814000368118286,1.0815999507904053,1.0801000595092773,1.080199956893921,1076352
2026-08-03T16:40,1.080199956893921,1.0805000066757202,1.0779999494552612,1.0789999961853027,1510336
2026-08-03T16:45,1.079200029373169,1.0810999870300293,1.079200029373169,1.0809999704360962,3492928
2026-08-03T16:50,1.080899953842163,1.080899953842163,1.079699993133545,1.0800000429153442,2634688
2026-08-03T16:55,1.0801000595092773,1.080899953842163,1.0795999765396118,1.080899953842163,1720384
2026-08-03T17:00,1.080899953842163,1.080899953842163,1.079200029373169,1.0795999765396118,2400320
2026-08-03T17:05,1.0794999599456787,1.0810999870300293,1.0794999599456787,1.0800000429153442,2591936
2026-08-03T17:10,1.0799000263214111,1.0821000337600708,1.0799000263214111,1.0819000005722046,2208320
2026-08-03T17:15,1.0820000171661377,1.0823999643325806,1.080899953842163,1.080899953842163,1509952
2026-08-03T17:20,1.0808000564575195,1.083400011062622,1.080399990081787,1.0830999612808228,1760640
2026-08-03T17:25,1.0831999778747559,1.0831999778747559,1.0808000564575195,1.0809999704360962,3483264
2026-08-03T17:30,1.0810999870300293,1.0810999870300293,1.080199956893921,1.080899953842163,2014272
2026-08-03T17:35,1.0806000232696533,1.082800030708313,1.080399990081787,1.0810999870300293,2235200
2026-08-03T17:40,1.0809999704360962,1.0817999839782715,1.0809999704360962,1.0814000368118286,3367552
2026-08-03T17:45,1.0814000368118286,1.0827000141143799,1.0809999704360962,1.0812000036239624,1423360
2026-08-03T17:50,1.0812000036239624,1.0812000036239624,1.0791000127792358,1.079300045967102,1133056
2026-08-03T17:55,1.079200029373169,1.0808000564575195,1.0791000127792358,1.080199956893921,1627776
2026-08-03T18:00,1.080199956893921,1.0809999704360962,1.0800000429153442,1.080899953842163,0
2026-08-03T18:05,1.080899953842163,1.0820000171661377,1.080899953842163,1.0816999673843384,4074624
2026-08-03T18:10,1.0816999673843384,1.0829999446868896,1.0806000232696533,1.082800030708313,3195648
2026-08-03T18:15,1.0825999975204468,1.083400011062622,1.0813000202178955,1.0814000368118286,1777920
2026-08-03T18:20,1.0812000036239624,1.0816999673843384,1.0807000398635864,1.0808000564575195,1462656
2026-08-03T18:25,1.0808000564575195,1.080899953842163,1.079699993133545,1.080399990081787,296576
2026-08-03T18:30,1.080399990081787,1.0814000368118286,1.080199956893921,1.0814000368118286,594304
2026-08-03T18:35,1.0815000534057617,1.0815999507904053,1.0807000398635864,1.0807000398635864,382848
2026-08-03T18:40,1.0799000263214111,1.0805000066757202,1.0799000263214111,1.0805000066757202,0
2026-08-03T18:45,1.0805000066757202,1.0809999704360962,1.079800009727478,1.0808000564575195,0
2026-08-03T18:50,1.080899953842163,1.0815999507904053,1.0805000066757202,1.0815999507904053,0
2026-08-03T18:55,1.0814000368118286,1.0815999507904053,1.0808000564575195,1.0808000564575195,914304
2026-08-03T19:00,1.0812000036239624,1.0815999507904053,1.0808000564575195,1.0810999870300293,0
2026-08-03T19:05,1.0812000036239624,1.0815000534057617,1.0799000263214111,1.0807000398635864,0
2026-08-03T19:10,1.080399990081787,1.0808000564575195,1.080199956893921,1.0805000066757202,0
2026-08-03T19:15,1.0806000232696533,1.0815999507904053,1.0806000232696533,1.080899953842163,0
2026-08-03T19:20,1.080899953842163,1.0814000368118286,1.080299973487854,1.0810999870300293,599808
2026-08-03T19:25,1.0810999870300293,1.0816999673843384,1.0806000232696533,1.0810999870300293,493696
2026-08-03T19:30,1.0812000036239624,1.0821000337600708,1.080899953842163,1.0821000337600708,0
2026-08-03T19:35,1.082200050354004,1.082200050354004,1.0794999599456787,1.0794999599456787,1243264
2026-08-03T19:40,1.079300045967102,1.079800009727478,1.0789999961853027,1.0793999433517456,776064
2026-08-03T19:45,1.0793999433517456,1.079699993133545,1.0788999795913696,1.0789999961853027,0
2026-08-03T19:50,1.0791000127792358,1.0793999433517456,1.0788999795913696,1.0788999795913696,0
2026-08-03T19:55,1.0787999629974365,1.0799000263214111,1.0781999826431274,1.0789999961853027,648320
2026-08-03T20:00,1.079200029373169,1.0794999599456787,1.0782999992370605,1.079200029373169,2356096
2026-08-03T20:05,1.0791000127792358,1.0800000429153442,1.0791000127792358,1.0800000429153442,1146880
2026-08-03T20:10,1.0800000429153442,1.0806000232696533,1.0800000429153442,1.0801000595092773,922752
2026-08-03T20:15,1.0801000595092773,1.0813000202178955,1.0801000595092773,1.0808000564575195,8960
2026-08-03T20:20,1.0807000398635864,1.0810999870300293,1.080199956893921,1.080199956893921,1849600
2026-08-03T20:25,1.080299973487854,1.080399990081787,1.079699993133545,1.079800009727478,147712
2026-08-03T20:30,1.079800009727478,1.0805000066757202,1.079699993133545,1.080399990081787,602368
2026-08-03T20:35,1.080399990081787,1.0814000368118286,1.080399990081787,1.0813000202178955,3649408
2026-08-03T20:40,1.0813000202178955,1.0814000368118286,1.0806000232696533,1.0813000202178955,4076928
2026-08-03T20:45,1.0812000036239624,1.0813000202178955,1.0800000429153442,1.0807000398635864,2628480
2026-08-03T20:50,1.0807000398635864,1.0819000005722046,1.0807000398635864,1.0817999839782715,1220992
2026-08-03T20:55,1.0819000005722046,1.0830999612808228,1.0817999839782715,1.0830999612808228,1633024
2026-08-03T21:00,1.0830999612808228,1.083299994468689,1.0823999643325806,1.0824999809265137,0
2026-08-03T21:05,1.0822999477386475,1.0824999809265137,1.0819000005722046,1.0820000171661377,742400
2026-08-03T21:10,1.0820000171661377,1.0820000171661377,1.080299973487854,1.080299973487854,18048
2026-08-03T21:15,1.080399990081787,1.0808000564575195,1.0794999599456787,1.079699993133545,0
2026-08-03T21:20,1.079800009727478,1.0808000564575195,1.0794999599456787,1.080299973487854,426496
2026-08-03T21:25,1.0801000595092773,1.0807000398635864,1.0799000263214111,1.0805000066757202,0
2026-08-03T21:30,1.0806000232696533,1.0806000232696533,1.0801000595092773,1.0805000066757202,0
2026-08-03T21:35,1.0801000595092773,1.0809999704360962,1.0801000595092773,1.0809999704360962,0
2026-08-03T21:40,1.0812000036239624,1.0812000036239624,1.0807000398635864,1.0808000564575195,0
2026-08-03T21:45,1.0808000564575195,1.0808000564575195,1.0799000263214111,1.0799000263214111,0
2026-08-03T21:50,1.080299973487854,1.0805000066757202,1.0795999765396118,1.0799000263214111,0
2026-08-03T21:55,1.0799000263214111,1.0799000263214111,1.0789999961853027,1.079200029373169,0
2026-08-03T22:00,1.0793999433517456,1.0793999433517456,1.0765000581741333,1.0765000581741333,0
2026-08-03T22:05,1.0760999917984009,1.0760999917984009,1.0736000537872314,1.0744999647140503,0
2026-08-03T22:10,1.0746999979019165,1.0755000114440918,1.0744999647140503,1.0750999450683594,0
2026-08-03T22:15,1.0751999616622925,1.077299952507019,1.0751999616622925,1.076200008392334,0
2026-08-03T22:20,1.076300024986267,1.0764000415802002,1.0750000476837158,1.0752999782562256,0
2026-08-03T22:25,1.0753999948501587,1.0753999948501587,1.0748000144958496,1.0751999616622925,0
2026-08-03T22:30,1.0750000476837158,1.0750999450683594,1.0743000507354736,1.0745999813079834,0
2026-08-03T22:35,1.0745999813079834,1.0745999813079834,1.0734000205993652,1.0735000371932983,2250752
2026-08-03T22:40,1.0735000371932983,1.0740000009536743,1.0734000205993652,1.0740000009536743,103936
2026-08-03T22:45,1.0740000009536743,1.0750999450683594,1.0736000537872314,1.0749000310897827,0
2026-08-03T22:50,1.0750000476837158,1.075600028038025,1.0748000144958496,1.075600028038025,603392
2026-08-03T22:55,1.075600028038025,1.075700044631958,1.0750000476837158,1.0750000476837158,0
2026-08-03T23:00,1.0750000476837158,1.0750000476837158,1.073699951171875,1.0740000009536743,0
2026-08-03T23:05,1.0740000009536743,1.0743999481201172,1.0735000371932983,1.0741000175476074,0
2026-08-03T23:10,1.0743000507354736,1.0743000507354736,1.0733000040054321,1.073799967765808,0
2026-08-03T23:15,1.073699951171875,1.0748000144958496,1.073699951171875,1.073699951171875,0
2026-08-03T23:20,1.0736000537872314,1.0741000175476074,1.0736000537872314,1.0740000009536743,0
2026-08-03T23:25,1.073799967765808,1.0743999481201172,1.0736000537872314,1.0743999481201172,0
2026-08-03T23:30,1.0743999481201172,1.0744999647140503,1.073699951171875,1.073699951171875,0
2026-08-03T23:35,1.0736000537872314,1.073799967765808,1.0724999904632568,1.072700023651123,476608
2026-08-03T23:40,1.07260000705719,1.073799967765808,1.0721999406814575,1.0735000371932983,1768576
2026-08-03T23:45,1.073199987411499,1.0748000144958496,1.073199987411499,1.0742000341415405,1182080
2026-08-03T23:50,1.0741000175476074,1.0745999813079834,1.0738999843597412,1.0743000507354736,0
2026-08-03T23:55,1.0743000507354736,1.0749000310897827,1.0743000507354736,1.0748000144958496,468608
2026-08-04T00:00,1.0749000310897827,1.075600028038025,1.0741000175476074,1.0753999948501587,0
2026-08-04T00:05,1.0751999616622925,1.0751999616622925,1.0743000507354736,1.0744999647140503,0
2026-08-04T00:10,1.0744999647140503,1.0748000144958496,1.0733000040054321,1.0745999813079834,0
2026-08-04T00:15,1.0745999813079834,1.0745999813079834,1.073799967765808,1.0743999481201172,1211072
2026-08-04T00:20,1.0743999481201172,1.0746999979019165,1.073099970817566,1.0734000205993652,0
2026-08-04T00:25,1.073099970817566,1.0733000040054321,1.0715999603271484,1.0724999904632568,0
2026-08-04T00:30,1.0722999572753906,1.0724999904632568,1.0707999467849731,1.0707999467849731,0
2026-08-04T00:35,1.0707000494003296,1.0709999799728394,1.0700000524520874,1.0703999996185303,789120
2026-08-04T00:40,1.0705000162124634,1.0707999467849731,1.0694999694824219,1.0707999467849731,376896
2026-08-04T00:45,1.0707999467849731,1.0708999633789062,1.069200038909912,1.0708999633789062,844928
2026-08-04T00:50,1.0706000328063965,1.0713000297546387,1.0698000192642212,1.0700000524520874,0
2026-08-04T00:55,1.0699000358581543,1.070199966430664,1.069100022315979,1.069599986076355,0
2026-08-04T01:00,1.069700002670288,1.0709999799728394,1.0694999694824219,1.069700002670288,0
2026-08-04T01:05,1.0698000192642212,1.0707999467849731,1.0694999694824219,1.070199966430664,0
2026-08-04T01:10,1.070199966430664,1.0706000328063965,1.0700000524520874,1.070099949836731,0
2026-08-04T01:15,1.0700000524520874,1.0708999633789062,1.069000005722046,1.0706000328063965,0
2026-08-04T01:20,1.0705000162124634,1.0719000101089478,1.0705000162124634,1.0708999633789062,0
2026-08-04T01:25,1.0710999965667725,1.0714000463485718,1.070099949836731,1.0714000463485718,0
2026-08-04T01:30,1.0714000463485718,1.0753999948501587,1.0714000463485718,1.0750999450683594,165184
2026-08-04T01:35,1.0755000114440918,1.0758999586105347,1.0741000175476074,1.0744999647140503,3042560
2026-08-04T01:40,1.0748000144958496,1.0776000022888184,1.0748000144958496,1.0770000219345093,1395776
2026-08-04T01:45,1.0771000385284424,1.0777000188827515,1.0752999782562256,1.0760999917984009,1685888
2026-08-04T01:50,1.0759999752044678,1.0779999494552612,1.0755000114440918,1.0772000551223755,2433024
2026-08-04T01:55,1.0769000053405762,1.077299952507019,1.0764000415802002,1.0772000551223755,3717440
2026-08-04T02:00,1.0776000022888184,1.0776000022888184,1.0765000581741333,1.07669997215271,0
2026-08-04T02:05,1.0764000415802002,1.0765999555587769,1.075700044631958,1.0765000581741333,462912
2026-08-04T02:10,1.07669997215271,1.07669997215271,1.0755000114440918,1.0755000114440918,0
2026-08-04T02:15,1.075700044631958,1.0758999586105347,1.0750000476837158,1.0750999450683594,0
2026-08-04T02:20,1.0750999450683594,1.0755000114440918,1.0741000175476074,1.0755000114440918,0
2026-08-04T02:25,1.0753999948501587,1.0758999586105347,1.0750999450683594,1.0752999782562256,0
2026-08-04T02:30,1.0752999782562256,1.0773999691009521,1.0752999782562256,1.0773999691009521,0
2026-08-04T02:35,1.0774999856948853,1.0791000127792358,1.0773999691009521,1.0782999992370605,1078592
2026-08-04T02:40,1.0781999826431274,1.0782999992370605,1.0773999691009521,1.0780999660491943,1311872
2026-08-04T02:45,1.0780999660491943,1.0784000158309937,1.0776000022888184,1.0778000354766846,0
2026-08-04T02:50,1.0776000022888184,1.0776000022888184,1.0771000385284424,1.0776000022888184,104320
2026-08-04T02:55,1.0776000022888184,1.0776000022888184,1.0770000219345093,1.0771000385284424,0
2026-08-04T03:00,1.0772000551223755,1.0776000022888184,1.076799988746643,1.077299952507019,0
2026-08-04T03:05,1.0777000188827515,1.0777000188827515,1.0765999555587769,1.076799988746643,561216
2026-08-04T03:10,1.0769000053405762,1.0769000053405762,1.0742000341415405,1.0745999813079834,0
2026-08-04T03:15,1.0744999647140503,1.0748000144958496,1.0733000040054321,1.0735000371932983,95168
2026-08-04T03:20,1.0736000537872314,1.0750000476837158,1.0736000537872314,1.0741000175476074,0
2026-08-04T03:25,1.0742000341415405,1.0752999782562256,1.0741000175476074,1.0750000476837158,293696
2026-08-04T03:30,1.0751999616622925,1.07669997215271,1.0751999616622925,1.0755000114440918,624704
2026-08-04T03:35,1.0755000114440918,1.0759999752044678,1.0755000114440918,1.0759999752044678,0
2026-08-04T03:40,1.0760999917984009,1.0764000415802002,1.0758999586105347,1.0764000415802002,0
2026-08-04T03:45,1.0765999555587769,1.0774999856948853,1.0764000415802002,1.076799988746643,0
2026-08-04T03:50,1.0770000219345093,1.0777000188827515,1.07669997215271,1.07669997215271,0
2026-08-04T03:55,1.07669997215271,1.076799988746643,1.076300024986267,1.0765000581741333,0
2026-08-04T04:00,1.0764000415802002,1.0770000219345093,1.076200008392334,1.076200008392334,0
2026-08-04T04:05,1.0764000415802002,1.0764000415802002,1.0751999616622925,1.076200008392334,0
2026-08-04T04:10,1.0760999917984009,1.07669997215271,1.0758999586105347,1.076200008392334,0
2026-08-04T04:15,1.076200008392334,1.0777000188827515,1.075600028038025,1.0774999856948853,0
2026-08-04T04:20,1.0774999856948853,1.0781999826431274,1.0773999691009521,1.0776000022888184,273408
2026-08-04T04:25,1.0777000188827515,1.0777000188827515,1.07669997215271,1.07669997215271,1450624
2026-08-04T04:30,1.0765000581741333,1.0772000551223755,1.076300024986267,1.0769000053405762,0
2026-08-04T04:35,1.076799988746643,1.0786000490188599,1.076200008392334,1.0786000490188599,0
2026-08-04T04:40,1.0785000324249268,1.0787999629974365,1.0780999660491943,1.0787999629974365,1217088
2026-08-04T04:45,1.0787999629974365,1.0809999704360962,1.0780999660491943,1.0807000398635864,1005568
2026-08-04T04:50,1.0808000564575195,1.0809999704360962,1.0799000263214111,1.080199956893921,5020224
2026-08-04T04:55,1.080199956893921,1.080299973487854,1.0781999826431274,1.0782999992370605,508544
2026-08-04T05:00,1.0782999992370605,1.0791000127792358,1.0773999691009521,1.0774999856948853,118208
2026-08-04T05:05,1.0774999856948853,1.0776000022888184,1.07669997215271,1.07669997215271,1184192
2026-08-04T05:10,1.07669997215271,1.076799988746643,1.0758999586105347,1.0758999586105347,0
2026-08-04T05:15,1.0758999586105347,1.0765999555587769,1.0758999586105347,1.0765000581741333,213184
2026-08-04T05:20,1.0765000581741333,1.0772000551223755,1.0764000415802002,1.0771000385284424,0
2026-08-04T05:25,1.0770000219345093,1.0770000219345093,1.076200008392334,1.0764000415802002,3354880
2026-08-04T05:30,1.0764000415802002,1.0765000581741333,1.0757999420166016,1.076200008392334,0
2026-08-04T05:35,1.0759999752044678,1.076200008392334,1.0759999752044678,1.0759999752044678,0
2026-08-04T05:40,1.0758999586105347,1.076200008392334,1.0758999586105347,1.076200008392334,0
2026-08-04T05:45,1.076200008392334,1.076200008392334,1.0753999948501587,1.0755000114440918,0
2026-08-04T05:50,1.075600028038025,1.075600028038025,1.0752999782562256,1.0752999782562256,0
2026-08-04T05:55,1.0752999782562256,1.075600028038025,1.0750999450683594,1.0753999948501587,0
2026-08-04T06:00,1.0752999782562256,1.0755000114440918,1.0743000507354736,1.0755000114440918,0
2026-08-04T06:05,1.0755000114440918,1.0755000114440918,1.0748000144958496,1.0752999782562256,2832000
2026-08-04T06:10,1.0755000114440918,1.075700044631958,1.0746999979019165,1.0750000476837158,164032
2026-08-04T06:15,1.0749000310897827,1.076200008392334,1.0749000310897827,1.0759999752044678,0
2026-08-04T06:20,1.0758999586105347,1.0759999752044678,1.0752999782562256,1.0752999782562256,716928
2026-08-04T06:25,1.0752999782562256,1.0755000114440918,1.0743000507354736,1.0744999647140503,0
2026-08-04T06:30,1.0743000507354736,1.0749000310897827,1.0742000341415405,1.0745999813079834,0
2026-08-04T06:35,1.0745999813079834,1.0745999813079834,1.0722999572753906,1.0722999572753906,0
2026-08-04T06:40,1.0721999406814575,1.0728000402450562,1.0719000101089478,1.0721999406814575,0
2026-08-04T06:45,1.072100043296814,1.07260000705719,1.072100043296814,1.0724999904632568,0
2026-08-04T06:50,1.072100043296814,1.0724999904632568,1.0719000101089478,1.0723999738693237,0
2026-08-04T06:55,1.0723999738693237,1.0729000568389893,1.0722999572753906,1.0729000568389893,0
2026-08-04T07:00,1.0729999542236328,1.0736000537872314,1.0723999738693237,1.0735000371932983,0
2026-08-04T07:05,1.0734000205993652,1.0734000205993652,1.072700023651123,1.0729999542236328,0
2026-08-04T07:10,1.0728000402450562,1.0729999542236328,1.0723999738693237,1.072700023651123,0
2026-08-04T07:15,1.07260000705719,1.072700023651123,1.0715999603271484,1.0715999603271484,0
2026-08-04T07:20,1.0714999437332153,1.0719000101089478,1.0707999467849731,1.0719000101089478,0
2026-08-04T07:25,1.0721999406814575,1.0736000537872314,1.0721999406814575,1.0735000371932983,0
2026-08-04T07:30,1.0736000537872314,1.0760999917984009,1.0735000371932983,1.0749000310897827,862016
2026-08-04T07:35,1.0752999782562256,1.0753999948501587,1.0745999813079834,1.0745999813079834,0
2026-08-04T07:40,1.0750000476837158,1.0750999450683594,1.0744999647140503,1.0745999813079834,0
2026-08-04T07:45,1.0748000144958496,1.0757999420166016,1.0746999979019165,1.075700044631958,0
2026-08-04T07:50,1.075700044631958,1.0759999752044678,1.0755000114440918,1.0755000114440918,429568
2026-08-04T07:55,1.0757999420166016,1.0784000158309937,1.075600028038025,1.0777000188827515,2832704
2026-08-04T08:00,1.0777000188827515,1.0786000490188599,1.0773999691009521,1.0774999856948853,0
2026-08-04T08:05,1.0773999691009521,1.0779999494552612,1.0765000581741333,1.07669997215271,10056576
2026-08-04T08:10,1.07669997215271,1.0769000053405762,1.0757999420166016,1.0760999917984009,0
2026-08-04T08:15,1.0758999586105347,1.0758999586105347,1.0744999647140503,1.0744999647140503,268608
2026-08-04T08:20,1.0745999813079834,1.0746999979019165,1.0741000175476074,1.0744999647140503,0
2026-08-04T08:25,1.0745999813079834,1.0752999782562256,1.0744999647140503,1.0744999647140503,0
2026-08-04T08:30,1.0744999647140503,1.0744999647140503,1.0729999542236328,1.073699951171875,0
2026-08-04T08:35,1.073699951171875,1.0744999647140503,1.0736000537872314,1.0744999647140503,0
2026-08-04T08:40,1.0741000175476074,1.0748000144958496,1.0735000371932983,1.0748000144958496,0
2026-08-04T08:45,1.0743999481201172,1.0743999481201172,1.0734000205993652,1.0740000009536743,0
2026-08-04T08:50,1.0738999843597412,1.0741000175476074,1.073799967765808,1.0740000009536743,0
2026-08-04T08:55,1.0742000341415405,1.0742000341415405,1.073699951171875,1.0740000009536743,0
2026-08-04T09:00,1.073699951171875,1.073799967765808,1.0735000371932983,1.073799967765808,0
2026-08-04T09:05,1.073799967765808,1.073799967765808,1.0724999904632568,1.072700023651123,0
2026-08-04T09:10,1.072700023651123,1.0729999542236328,1.0724999904632568,1.07260000705719,0
2026-08-04T09:15,1.07260000705719,1.0728000402450562,1.0714999437332153,1.0714999437332153,21248
2026-08-04T09:20,1.0714000463485718,1.0729000568389893,1.0714000463485718,1.0728000402450562,0
2026-08-04T09:25,1.0729000568389893,1.0729000568389893,1.0728000402450562,1.0729000568389893,120064
2026-08-04T09:30,1.0729000568389893,1.073099970817566,1.072100043296814,1.073099970817566,0
2026-08-04T09:35,1.0733000040054321,1.0733000040054321,1.07260000705719,1.07260000705719,0
2026-08-04T09:40,1.0729000568389893,1.0729999542236328,1.0728000402450562,1.0728000402450562,0
2026-08-04T09:45,1.072700023651123,1.072700023651123,1.0720000267028809,1.0721999406814575,0
2026-08-04T09:50,1.0721999406814575,1.07260000705719,1.0720000267028809,1.0724999904632568,17216
2026-08-04T09:55,1.0724999904632568,1.0724999904632568,1.0719000101089478,1.072100043296814,0
2026-08-04T10:00,1.0722999572753906,1.0722999572753906,1.0715999603271484,1.0719000101089478,0
2026-08-04T10:05,1.0719000101089478,1.0721999406814575,1.0717999935150146,1.0717999935150146,0
2026-08-04T10:10,1.0719000101089478,1.0720000267028809,1.0703999996185303,1.0703999996185303,920192
2026-08-04T10:15,1.0698000192642212,1.0699000358581543,1.0693000555038452,1.0698000192642212,3706752
2026-08-04T10:20,1.0699000358581543,1.0708999633789062,1.0698000192642212,1.0699000358581543,2077952
2026-08-04T10:25,1.0699000358581543,1.070199966430664,1.0694999694824219,1.0694999694824219,824192
2026-08-04T10:30,1.069599986076355,1.0703999996185303,1.069599986076355,1.0700000524520874,1082944
2026-08-04T10:35,1.0700000524520874,1.0705000162124634,1.069700002670288,1.0702999830245972,1753280
2026-08-04T10:40,1.0703999996185303,1.072700023651123,1.0703999996185303,1.072700023651123,2244096
2026-08-04T10:45,1.0722999572753906,1.0759999752044678,1.0722999572753906,1.0744999647140503,4974272
2026-08-04T10:50,1.0743000507354736,1.0751999616622925,1.0740000009536743,1.0742000341415405,4431040
2026-08-04T10:55,1.0742000341415405,1.0752999782562256,1.0742000341415405,1.0742000341415405,1089152
2026-08-04T11:00,1.0742000341415405,1.0748000144958496,1.0738999843597412,1.0745999813079834,0
2026-08-04T11:05,1.0746999979019165,1.0746999979019165,1.073199987411499,1.0735000371932983,4014144
2026-08-04T11:10,1.0736000537872314,1.073799967765808,1.0733000040054321,1.0734000205993652,2123200
2026-08-04T11:15,1.073099970817566,1.0734000205993652,1.0729000568389893,1.0733000040054321,484736
2026-08-04T11:20,1.0733000040054321,1.0743000507354736,1.073199987411499,1.0736000537872314,0
2026-08-04T11:25,1.0736000537872314,1.0742000341415405,1.0735000371932983,1.0742000341415405,0
2026-08-04T11:30,1.0743000507354736,1.0743000507354736,1.073199987411499,1.0734000205993652,0
2026-08-04T11:35,1.073199987411499,1.0736000537872314,1.073099970817566,1.0736000537872314,0
2026-08-04T11:40,1.0734000205993652,1.0750000476837158,1.0729999542236328,1.0750000476837158,439040
2026-08-04T11:45,1.0749000310897827,1.076300024986267,1.0748000144958496,1.076200008392334,2717504
2026-08-04T11:50,1.0764000415802002,1.077299952507019,1.076200008392334,1.077299952507019,4078144
2026-08-04T11:55,1.077299952507019,1.0782999992370605,1.0772000551223755,1.0782999992370605,1248064
2026-08-04T12:00,1.0780999660491943,1.0780999660491943,1.0764000415802002,1.0765000581741333,0
2026-08-04T12:05,1.0764000415802002,1.0765000581741333,1.075700044631958,1.076300024986267,557632
2026-08-04T12:10,1.076300024986267,1.076300024986267,1.0752999782562256,1.0752999782562256,0
2026-08-04T12:15,1.0752999782562256,1.0752999782562256,1.0743999481201172,1.0745999813079834,600896
2026-08-04T12:20,1.0744999647140503,1.0755000114440918,1.0743999481201172,1.0749000310897827,0
2026-08-04T12:25,1.0748000144958496,1.0755000114440918,1.0748000144958496,1.0752999782562256,38400
2026-08-04T12:30,1.075600028038025,1.0765999555587769,1.0749000310897827,1.0765999555587769,0
2026-08-04T12:35,1.0765000581741333,1.0782999992370605,1.0765000581741333,1.0779000520706177,1329088
2026-08-04T12:40,1.0777000188827515,1.0779000520706177,1.076799988746643,1.0769000053405762,2090048
2026-08-04T12:45,1.0770000219345093,1.0770000219345093,1.075600028038025,1.075600028038025,0
2026-08-04T12:50,1.0757999420166016,1.0764000415802002,1.0755000114440918,1.0757999420166016,63104
2026-08-04T12:55,1.0758999586105347,1.07669997215271,1.0753999948501587,1.0755000114440918,911040
2026-08-04T13:00,1.0753999948501587,1.0764000415802002,1.0742000341415405,1.0759999752044678,0
2026-08-04T13:05,1.0759999752044678,1.076300024986267,1.0753999948501587,1.075600028038025,436992
2026-08-04T13:10,1.075700044631958,1.076200008392334,1.0753999948501587,1.0755000114440918,166656
2026-08-04T13:15,1.0753999948501587,1.0753999948501587,1.0740000009536743,1.0741000175476074,0
2026-08-04T13:20,1.0741000175476074,1.0760999917984009,1.073699951171875,1.073699951171875,3539136
2026-08-04T13:25,1.0735000371932983,1.0749000310897827,1.0734000205993652,1.0749000310897827,270336
2026-08-04T13:30,1.0743999481201172,1.076799988746643,1.073799967765808,1.0765999555587769,707584
2026-08-04T13:35,1.0765999555587769,1.0779000520706177,1.0758999586105347,1.0772000551223755,1261952
2026-08-04T13:40,1.0773999691009521,1.0777000188827515,1.0760999917984009,1.076200008392334,436864
2026-08-04T13:45,1.076200008392334,1.076200008392334,1.0729000568389893,1.0738999843597412,0
2026-08-04T13:50,1.0738999843597412,1.0746999979019165,1.0724999904632568,1.073199987411499,942336
2026-08-04T13:55,1.073199987411499,1.073199987411499,1.0706000328063965,1.0709999799728394,1301696
2026-08-04T14:00,1.0713000297546387,1.0724999904632568,1.070099949836731,1.0724999904632568,0
2026-08-04T14:05,1.0723999738693237,1.073199987411499,1.0717999935150146,1.0719000101089478,1616960
2026-08-04T14:10,1.0717999935150146,1.073199987411499,1.0713000297546387,1.07260000705719,92160
2026-08-04T14:15,1.07260000705719,1.0729999542236328,1.070199966430664,1.0707000494003296,0
2026-08-04T14:20,1.0707999467849731,1.0719000101089478,1.0700000524520874,1.0713000297546387,0
2026-08-04T14:25,1.0714000463485718,1.073199987411499,1.0712000131607056,1.073099970817566,0
2026-08-04T14:30,1.073099970817566,1.0735000371932983,1.0715999603271484,1.0721999406814575,0
2026-08-04T14:35,1.0722999572753906,1.0738999843597412,1.0721999406814575,1.073699951171875,0
2026-08-04T14:40,1.0736000537872314,1.0757999420166016,1.0736000537872314,1.0751999616622925,0
2026-08-04T14:45,1.0752999782562256,1.0760999917984009,1.0742000341415405,1.0743999481201172,6832832
2026-08-04T14:50,1.0743000507354736,1.0750000476837158,1.0738999843597412,1.0748000144958496,0
2026-08-04T14:55,1.0743000507354736,1.0757999420166016,1.0743000507354736,1.0751999616622925,0
2026-08-04T15:00,1.0752999782562256,1.0765000581741333,1.0749000310897827,1.075600028038025,0
2026-08-04T15:05,1.0750999450683594,1.0759999752044678,1.0744999647140503,1.0750999450683594,0
2026-08-04T15:10,1.0750999450683594,1.0753999948501587,1.0738999843597412,1.0743000507354736,0
2026-08-04T15:15,1.0741000175476074,1.0750999450683594,1.0740000009536743,1.0743999481201172,0
2026-08-04T15:20,1.0744999647140503,1.0752999782562256,1.0743999481201172,1.0744999647140503,0
2026-08-04T15:25,1.0746999979019165,1.0750000476837158,1.0721999406814575,1.0723999738693237,0
2026-08-04T15:30,1.072700023651123,1.0736000537872314,1.0717999935150146,1.0719000101089478,0
2026-08-04T15:35,1.0720000267028809,1.0736000537872314,1.0714000463485718,1.07260000705719,0
2026-08-04T15:40,1.0728000402450562,1.0760999917984009,1.07260000705719,1.0758999586105347,0
2026-08-04T15:45,1.0759999752044678,1.079200029373169,1.0752999782562256,1.0778000354766846,0
2026-08-04T15:50,1.0776000022888184,1.0780999660491943,1.076799988746643,1.0769000053405762,1876992
2026-08-04T15:55,1.07669997215271,1.0772000551223755,1.0764000415802002,1.0764000415802002,147392
2026-08-04T16:00,1.0765999555587769,1.07669997215271,1.0749000310897827,1.0751999616622925,0
2026-08-04T16:05,1.0751999616622925,1.0751999616622925,1.0738999843597412,1.0749000310897827,0
2026-08-04T16:10,1.0746999979019165,1.0755000114440918,1.0745999813079834,1.0750999450683594,0
2026-08-04T16:15,1.0750999450683594,1.076200008392334,1.0745999813079834,1.0757999420166016,0
2026-08-04T16:20,1.0758999586105347,1.076300024986267,1.0753999948501587,1.0760999917984009,0
2026-08-04T16:25,1.0758999586105347,1.0765999555587769,1.0751999616622925,1.0753999948501587,0
2026-08-04T16:30,1.0750000476837158,1.075600028038025,1.0748000144958496,1.0752999782562256,0
2026-08-04T16:35,1.0750999450683594,1.075700044631958,1.0736000537872314,1.0744999647140503,280384
2026-08-04T16:40,1.0743000507354736,1.0744999647140503,1.0729999542236328,1.073799967765808,0
2026-08-04T16:45,1.073799967765808,1.0745999813079834,1.0735000371932983,1.0743000507354736,0
2026-08-04T16:50,1.0743000507354736,1.0745999813079834,1.0728000402450562,1.0728000402450562,0
2026-08-04T16:55,1.0728000402450562,1.0738999843597412,1.0728000402450562,1.073699951171875,0
2026-08-04T17:00,1.073699951171875,1.0764000415802002,1.073699951171875,1.075700044631958,0
2026-08-04T17:05,1.0758999586105347,1.0773999691009521,1.075700044631958,1.0765999555587769,107648
2026-08-04T17:10,1.076200008392334,1.076300024986267,1.0752999782562256,1.075700044631958,1160128
2026-08-04T17:15,1.075700044631958,1.0757999420166016,1.0748000144958496,1.0751999616622925,0
2026-08-04T17:20,1.0752999782562256,1.0760999917984009,1.0743000507354736,1.0743999481201172,0
2026-08-04T17:25,1.0744999647140503,1.0764000415802002,1.0743999481201172,1.0759999752044678,0
2026-08-04T17:30,1.0760999917984009,1.0760999917984009,1.0750999450683594,1.0757999420166016,0
2026-08-04T17:35,1.0759999752044678,1.076300024986267,1.0755000114440918,1.0759999752044678,0
2026-08-04T17:40,1.0760999917984009,1.07669997215271,1.0757999420166016,1.0759999752044678,0
2026-08-04T17:45,1.0760999917984009,1.076200008392334,1.0742000341415405,1.0742000341415405,312320
2026-08-04T17:50,1.0741000175476074,1.0743000507354736,1.072100043296814,1.0733000040054321,0
2026-08-04T17:55,1.0728000402450562,1.073199987411499,1.0722999572753906,1.0729999542236328,644224
2026-08-04T18:00,1.0729999542236328,1.0750000476837158,1.0729999542236328,1.0748000144958496,0
2026-08-04T18:05,1.0746999979019165,1.076799988746643,1.0746999979019165,1.0755000114440918,0
2026-08-04T18:10,1.075600028038025,1.0773999691009521,1.0749000310897827,1.0773999691009521,0
2026-08-04T18:15,1.0776000022888184,1.0785000324249268,1.0764000415802002,1.0779999494552612,1251968
2026-08-04T18:20,1.0781999826431274,1.0791000127792358,1.0778000354766846,1.0787999629974365,3360192
2026-08-04T18:25,1.0791000127792358,1.0791000127792358,1.0781999826431274,1.0785000324249268,1748992
2026-08-04T18:30,1.0786999464035034,1.0786999464035034,1.077299952507019,1.077299952507019,219328
2026-08-04T18:35,1.077299952507019,1.0774999856948853,1.0760999917984009,1.0765000581741333,487424
2026-08-04T18:40,1.076300024986267,1.076300024986267,1.075600028038025,1.076300024986267,0
2026-08-04T18:45,1.076300024986267,1.0765999555587769,1.0758999586105347,1.0765000581741333,52928
2026-08-04T18:50,1.0764000415802002,1.076799988746643,1.0760999917984009,1.076799988746643,0
2026-08-04T18:55,1.07669997215271,1.0769000053405762,1.0759999752044678,1.0764000415802002,0
2026-08-04T19:00,1.076200008392334,1.0765999555587769,1.0757999420166016,1.076300024986267,0
2026-08-04T19:05,1.0760999917984009,1.0760999917984009,1.0755000114440918,1.0760999917984009,0
2026-08-04T19:10,1.076300024986267,1.0772000551223755,1.0758999586105347,1.0772000551223755,112384
2026-08-04T19:15,1.0776000022888184,1.0776000022888184,1.0759999752044678,1.076300024986267,1715392
2026-08-04T19:20,1.076300024986267,1.0765000581741333,1.0753999948501587,1.075600028038025,379200
2026-08-04T19:25,1.0757999420166016,1.0765000581741333,1.0757999420166016,1.0759999752044678,286720
2026-08-04T19:30,1.0760999917984009,1.080899953842163,1.0760999917984009,1.079300045967102,767936
2026-08-04T19:35,1.079200029373169,1.080299973487854,1.0779000520706177,1.079200029373169,7484992
2026-08-04T19:40,1.0787999629974365,1.079800009727478,1.0784000158309937,1.079699993133545,4556544
2026-08-04T19:45,1.079699993133545,1.079800009727478,1.0786000490188599,1.079300045967102,1703360
2026-08-04T19:50,1.0787999629974365,1.0791000127792358,1.0785000324249268,1.0788999795913696,5568
2026-08-04T19:55,1.0786999464035034,1.0820000171661377,1.0786999464035034,1.0794999599456787,75904
2026-08-04T20:00,1.0788999795913696,1.0795999765396118,1.0778000354766846,1.0779000520706177,3552960
2026-08-04T20:05,1.0780999660491943,1.0791000127792358,1.0779000520706177,1.0791000127792358,3234112
2026-08-04T20:10,1.0789999961853027,1.0789999961853027,1.0779000520706177,1.0784000158309937,1241920
2026-08-04T20:15,1.0779000520706177,1.0779000520706177,1.073699951171875,1.0740000009536743,1345728
2026-08-04T20:20,1.0743000507354736,1.0757999420166016,1.0743000507354736,1.075700044631958,8651392
2026-08-04T20:25,1.075700044631958,1.0757999420166016,1.0749000310897827,1.0757999420166016,4242176
2026-08-04T20:30,1.0758999586105347,1.0765999555587769,1.0755000114440918,1.0757999420166016,1715712
2026-08-04T20:35,1.0757999420166016,1.0771000385284424,1.0757999420166016,1.0771000385284424,0
2026-08-04T20:40,1.0774999856948853,1.0793999433517456,1.0774999856948853,1.0791000127792358,460288
2026-08-04T20:45,1.0789999961853027,1.0789999961853027,1.0778000354766846,1.0781999826431274,0
2026-08-04T20:50,1.0780999660491943,1.0780999660491943,1.0770000219345093,1.0771000385284424,0
2026-08-04T20:55,1.0770000219345093,1.0774999856948853,1.07669997215271,1.077299952507019,0
2026-08-04T21:00,1.0773999691009521,1.0776000022888184,1.0765999555587769,1.077299952507019,0
2026-08-04T21:05,1.0772000551223755,1.0773999691009521,1.0765999555587769,1.0772000551223755,1352576
2026-08-04T21:10,1.0772000551223755,1.0776000022888184,1.076300024986267,1.0764000415802002,0
2026-08-04T21:15,1.0765999555587769,1.0769000053405762,1.076200008392334,1.076300024986267,0
2026-08-04T21:20,1.076300024986267,1.077299952507019,1.076300024986267,1.0772000551223755,0
2026-08-04T21:25,1.0773999691009521,1.0773999691009521,1.0765000581741333,1.0765999555587769,0
2026-08-04T21:30,1.0765000581741333,1.07669997215271,1.0760999917984009,1.0760999917984009,1674688
2026-08-04T21:35,1.0760999917984009,1.076799988746643,1.0760999917984009,1.0764000415802002,0
2026-08-04T21:40,1.0765000581741333,1.0765999555587769,1.076200008392334,1.0764000415802002,196160
2026-08-04T21:45,1.076300024986267,1.0764000415802002,1.075700044631958,1.0760999917984009,0
2026-08-04T21:50,1.076200008392334,1.076200008392334,1.0751999616622925,1.0751999616622925,0
2026-08-04T21:55,1.0751999616622925,1.0759999752044678,1.0751999616622925,1.0753999948501587,0
2026-08-04T22:00,1.0752999782562256,1.0755000114440918,1.073699951171875,1.0745999813079834,0
2026-08-04T22:05,1.0746999979019165,1.0751999616622925,1.0746999979019165,1.0750999450683594,0
2026-08-04T22:10,1.0750999450683594,1.0753999948501587,1.0750000476837158,1.0750999450683594,0
2026-08-04T22:15,1.0750999450683594,1.0753999948501587,1.0745999813079834,1.0752999782562256,0
2026-08-04T22:20,1.0752999782562256,1.0764000415802002,1.0750999450683594,1.0753999948501587,0
2026-08-04T22:25,1.075600028038025,1.076200008392334,1.0750999450683594,1.0758999586105347,14528
2026-08-04T22:30,1.0758999586105347,1.07669997215271,1.075600028038025,1.075600028038025,0
2026-08-04T22:35,1.075600028038025,1.075600028038025,1.0749000310897827,1.0750000476837158,0
2026-08-04T22:40,1.0750000476837158,1.0753999948501587,1.0748000144958496,1.0749000310897827,0
2026-08-04T22:45,1.0750000476837158,1.0751999616622925,1.0746999979019165,1.0748000144958496,0
2026-08-04T22:50,1.0748000144958496,1.0748000144958496,1.0743999481201172,1.0748000144958496,0
2026-08-04T22:55,1.0748000144958496,1.0753999948501587,1.0746999979019165,1.0753999948501587,1009024
2026-08-04T23:00,1.0755000114440918,1.0755000114440918,1.0746999979019165,1.0755000114440918,0
2026-08-04T23:05,1.075600028038025,1.0776000022888184,1.075600028038025,1.076799988746643,0
2026-08-04T23:10,1.0769000053405762,1.0778000354766846,1.0769000053405762,1.0774999856948853,1742720
2026-08-04T23:15,1.0773999691009521,1.0781999826431274,1.077299952507019,1.0776000022888184,1561216
2026-08-04T23:20,1.0774999856948853,1.0774999856948853,1.0753999948501587,1.0753999948501587,1178176
2026-08-04T23:25,1.0750999450683594,1.075600028038025,1.0735000371932983,1.0736000537872314,886656
2026-08-04T23:30,1.0733000040054321,1.0738999843597412,1.0729000568389893,1.0729000568389893,2867776
2026-08-04T23:35,1.073099970817566,1.0735000371932983,1.072700023651123,1.0734000205993652,606528
2026-08-04T23:40,1.0734000205993652,1.0750999450683594,1.0734000205993652,1.0742000341415405,902272
2026-08-04T23:45,1.0742000341415405,1.0743000507354736,1.0729999542236328,1.073799967765808,0
2026-08-04T23:50,1.0738999843597412,1.0738999843597412,1.073199987411499,1.0734000205993652,441984
2026-08-04T23:55,1.0733000040054321,1.0733000040054321,1.0729000568389893,1.073099970817566,507328
2026-08-05T00:00,1.0729999542236328,1.0729999542236328,1.0721999406814575,1.0722999572753906,0
2026-08-05T00:05,1.0723999738693237,1.0724999904632568,1.0712000131607056,1.0714999437332153,304832
2026-08-05T00:10,1.0713000297546387,1.0716999769210815,1.0709999799728394,1.0716999769210815,0
2026-08-05T00:15,1.0715999603271484,1.0719000101089478,1.0710999965667725,1.0714000463485718,160192
2026-08-05T00:20,1.0714000463485718,1.0714000463485718,1.0707000494003296,1.0712000131607056,0
2026-08-05T00:25,1.0713000297546387,1.0713000297546387,1.0703999996185303,1.0712000131607056,238784
2026-08-05T00:30,1.0713000297546387,1.0724999904632568,1.0713000297546387,1.0722999572753906,726528
2026-08-05T00:35,1.0723999738693237,1.0736000537872314,1.0719000101089478,1.0720000267028809,2276736
2026-08-05T00:40,1.0717999935150146,1.0719000101089478,1.070199966430664,1.0709999799728394,1090240
2026-08-05T00:45,1.0708999633789062,1.0710999965667725,1.0693999528884888,1.0694999694824219,218112
2026-08-05T00:50,1.0694999694824219,1.0700000524520874,1.068600058555603,1.0693000555038452,2388288
2026-08-05T00:55,1.0693999528884888,1.069599986076355,1.0693000555038452,1.069599986076355,2405248
2026-08-05T01:00,1.0694999694824219,1.0694999694824219,1.0677000284194946,1.0683000087738037,0
2026-08-05T01:05,1.0683000087738037,1.069000005722046,1.0681999921798706,1.069000005722046,2437568
2026-08-05T01:10,1.0688999891281128,1.069200038909912,1.068600058555603,1.0687999725341797,1293760
2026-08-05T01:15,1.0688999891281128,1.0688999891281128,1.0676000118255615,1.0683000087738037,1085952
2026-08-05T01:20,1.0683000087738037,1.0693999528884888,1.0683000087738037,1.0693999528884888,1616960
2026-08-05T01:25,1.0693000555038452,1.0699000358581543,1.0684000253677368,1.0699000358581543,0
2026-08-05T01:30,1.0699000358581543,1.0707999467849731,1.0694999694824219,1.0700000524520874,820864
2026-08-05T01:35,1.0699000358581543,1.0721999406814575,1.0699000358581543,1.0721999406814575,0
2026-08-05T01:40,1.07260000705719,1.072700023651123,1.0706000328063965,1.0706000328063965,0
2026-08-05T01:45,1.0706000328063965,1.0716999769210815,1.0706000328063965,1.0716999769210815,0
2026-08-05T01:50,1.072100043296814,1.072700023651123,1.0713000297546387,1.0724999904632568,0
2026-08-05T01:55,1.0724999904632568,1.0728000402450562,1.0717999935150146,1.0723999738693237,0
2026-08-05T02:00,1.0724999904632568,1.075600028038025,1.0721999406814575,1.0742000341415405,0
2026-08-05T02:05,1.0740000009536743,1.0744999647140503,1.0736000537872314,1.0740000009536743,424640
2026-08-05T02:10,1.073799967765808,1.0745999813079834,1.0733000040054321,1.0742000341415405,1451456
2026-08-05T02:15,1.0741000175476074,1.0741000175476074,1.0719000101089478,1.0720000267028809,968576
2026-08-05T02:20,1.0720000267028809,1.0735000371932983,1.0720000267028809,1.0729000568389893,2031936
2026-08-05T02:25,1.0729000568389893,1.0742000341415405,1.0729000568389893,1.0735000371932983,2405184
2026-08-05T02:30,1.0735000371932983,1.0749000310897827,1.073099970817566,1.0749000310897827,1190016
2026-08-05T02:35,1.0746999979019165,1.0750000476837158,1.073699951171875,1.0741000175476074,441024
2026-08-05T02:40,1.0743000507354736,1.0751999616622925,1.0743000507354736,1.0751999616622925,0
2026-08-05T02:45,1.0753999948501587,1.0759999752044678,1.0748000144958496,1.0752999782562256,1735360
2026-08-05T02:50,1.0753999948501587,1.075600028038025,1.0743000507354736,1.0748000144958496,975936
2026-08-05T02:55,1.0746999979019165,1.0746999979019165,1.073099970817566,1.0733000040054321,1448832
2026-08-05T03:00,1.073099970817566,1.0741000175476074,1.0712000131607056,1.0712000131607056,0
2026-08-05T03:05,1.0714000463485718,1.0717999935150146,1.070199966430664,1.070199966430664,2485952
2026-08-05T03:10,1.0702999830245972,1.0713000297546387,1.070199966430664,1.070199966430664,1381376
2026-08-05T03:15,1.070199966430664,1.070199966430664,1.065999984741211,1.0664000511169434,1380480
2026-08-05T03:20,1.0664000511169434,1.0676000118255615,1.0662000179290771,1.0667999982833862,11050624
2026-08-05T03:25,1.0667999982833862,1.0667999982833862,1.0652999877929688,1.0658999681472778,5260160
2026-08-05T03:30,1.065500020980835,1.0666999816894531,1.0654000043869019,1.0666999816894531,1556864
2026-08-05T03:35,1.06659996509552,1.0674999952316284,1.06659996509552,1.0674999952316284,1391680
2026-08-05T03:40,1.0672999620437622,1.0673999786376953,1.06659996509552,1.06659996509552,980096
2026-08-05T03:45,1.0667999982833862,1.067199945449829,1.0666999816894531,1.0667999982833862,0
2026-08-05T03:50,1.0670000314712524,1.0674999952316284,1.06659996509552,1.067199945449829,845568
2026-08-05T03:55,1.067199945449829,1.0673999786376953,1.0666999816894531,1.0667999982833862,1017088
2026-08-05T04:00,1.0669000148773193,1.0670000314712524,1.0662000179290771,1.0663000345230103,0
2026-08-05T04:05,1.0664000511169434,1.0671000480651855,1.066100001335144,1.0670000314712524,5343616
2026-08-05T04:10,1.0670000314712524,1.067199945449829,1.0664000511169434,1.066499948501587,43456
2026-08-05T04:15,1.0663000345230103,1.0669000148773193,1.0657000541687012,1.0667999982833862,1671616
2026-08-05T04:20,1.0667999982833862,1.0671000480651855,1.0663000345230103,1.0664000511169434,0
2026-08-05T04:25,1.0663000345230103,1.066499948501587,1.0658999681472778,1.066499948501587,0
2026-08-05T04:30,1.06659996509552,1.0672999620437622,1.0663000345230103,1.0670000314712524,447296
2026-08-05T04:35,1.0670000314712524,1.067199945449829,1.0663000345230103,1.0663000345230103,521856
2026-08-05T04:40,1.0663000345230103,1.06659996509552,1.0662000179290771,1.0663000345230103,0
2026-08-05T04:45,1.0663000345230103,1.0667999982833862,1.0662000179290771,1.06659996509552,0
2026-08-05T04:50,1.0666999816894531,1.0666999816894531,1.065999984741211,1.0663000345230103,0
2026-08-05T04:55,1.0663000345230103,1.0667999982833862,1.0663000345230103,1.0664000511169434,0
2026-08-05T05:00,1.066100001335144,1.0676000118255615,1.066100001335144,1.0674999952316284,0
2026-08-05T05:05,1.0676000118255615,1.06850004196167,1.0676000118255615,1.0678000450134277,0
2026-08-05T05:10,1.0678000450134277,1.0683000087738037,1.0677000284194946,1.0678000450134277,0
2026-08-05T05:15,1.0677000284194946,1.0684000253677368,1.0677000284194946,1.0684000253677368,0
2026-08-05T05:20,1.0686999559402466,1.069599986076355,1.068600058555603,1.0693999528884888,0
2026-08-05T05:25,1.069599986076355,1.0720000267028809,1.0694999694824219,1.0707000494003296,1402240
2026-08-05T05:30,1.0706000328063965,1.0706000328063965,1.069200038909912,1.069200038909912,0
2026-08-05T05:35,1.069200038909912,1.069599986076355,1.0688999891281128,1.069599986076355,449984
2026-08-05T05:40,1.069599986076355,1.069700002670288,1.0688999891281128,1.0694999694824219,802496
2026-08-05T05:45,1.069599986076355,1.0700000524520874,1.0694999694824219,1.0694999694824219,539776
2026-08-05T05:50,1.0694999694824219,1.070099949836731,1.069000005722046,1.069000005722046,1219840
2026-08-05T05:55,1.069100022315979,1.0693000555038452,1.0688999891281128,1.069000005722046,404608
2026-08-05T06:00,1.0688999891281128,1.069100022315979,1.0679999589920044,1.069000005722046,0
2026-08-05T06:05,1.0687999725341797,1.069000005722046,1.0679999589920044,1.069000005722046,0
2026-08-05T06:10,1.0687999725341797,1.0693000555038452,1.068600058555603,1.068600058555603,0
2026-08-05T06:15,1.06850004196167,1.0686999559402466,1.0680999755859375,1.0684000253677368,0
2026-08-05T06:20,1.06850004196167,1.068600058555603,1.0678000450134277,1.06850004196167,0
2026-08-05T06:25,1.0684000253677368,1.068600058555603,1.0678999423980713,1.0680999755859375,157632
2026-08-05T06:30,1.0680999755859375,1.069100022315979,1.0679999589920044,1.069100022315979,10624
2026-08-05T06:35,1.069200038909912,1.0699000358581543,1.069000005722046,1.069200038909912,833792
2026-08-05T06:40,1.0693000555038452,1.0693999528884888,1.068600058555603,1.0686999559402466,0
2026-08-05T06:45,1.06850004196167,1.068600058555603,1.0678000450134277,1.06850004196167,0
2026-08-05T06:50,1.06850004196167,1.06850004196167,1.0674999952316284,1.0678999423980713,0
2026-08-05T06:55,1.0678999423980713,1.0679999589920044,1.0676000118255615,1.0679999589920044,0
2026-08-05T07:00,1.0679999589920044,1.0683000087738037,1.0671000480651855,1.0672999620437622,0
2026-08-05T07:05,1.067199945449829,1.0673999786376953,1.066499948501587,1.066499948501587,0
2026-08-05T07:10,1.0664000511169434,1.0664000511169434,1.065600037574768,1.066100001335144,0
2026-08-05T07:15,1.0658999681472778,1.0658999681472778,1.0648000240325928,1.0650999546051025,320320
2026-08-05T07:20,1.0642000436782837,1.0642999410629272,1.062999963760376,1.0640000104904175,3639872
2026-08-05T07:25,1.0640000104904175,1.0642000436782837,1.063599944114685,1.0640000104904175,401024
2026-08-05T07:30,1.0637999773025513,1.0643999576568604,1.0635000467300415,1.0638999938964844,216640
2026-08-05T07:35,1.0640000104904175,1.0644999742507935,1.0637999773025513,1.0642999410629272,301952
2026-08-05T07:40,1.0642999410629272,1.0647000074386597,1.0640000104904175,1.0642000436782837,0
2026-08-05T07:45,1.0642999410629272,1.0648000240325928,1.0642000436782837,1.0643999576568604,308352
2026-08-05T07:50,1.0644999742507935,1.0645999908447266,1.0641000270843506,1.0642000436782837,0
2026-08-05T07:55,1.0643999576568604,1.0663000345230103,1.0643999576568604,1.0663000345230103,0
2026-08-05T08:00,1.0664000511169434,1.0669000148773193,1.0658999681472778,1.0663000345230103,0
2026-08-05T08:05,1.065999984741211,1.065999984741211,1.0649000406265259,1.065600037574768,0
2026-08-05T08:10,1.065600037574768,1.0664000511169434,1.0652999877929688,1.0652999877929688,0
2026-08-05T08:15,1.0649000406265259,1.0654000043869019,1.0647000074386597,1.0654000043869019,0
2026-08-05T08:20,1.065500020980835,1.0657000541687012,1.0649000406265259,1.0657000541687012,79744
2026-08-05T08:25,1.065600037574768,1.0664000511169434,1.065500020980835,1.0663000345230103,1398592
2026-08-05T08:30,1.066499948501587,1.066499948501587,1.065500020980835,1.065600037574768,322624
2026-08-05T08:35,1.0657000541687012,1.066100001335144,1.065500020980835,1.065600037574768,0
2026-08-05T08:40,1.065600037574768,1.0657000541687012,1.0645999908447266,1.0648000240325928,64384
2026-08-05T08:45,1.0649000406265259,1.0649000406265259,1.0642999410629272,1.0647000074386597,9600
2026-08-05T08:50,1.0647000074386597,1.065000057220459,1.0645999908447266,1.0645999908447266,689024
2026-08-05T08:55,1.0647000074386597,1.065000057220459,1.0644999742507935,1.0649000406265259,259136
2026-08-05T09:00,1.0649000406265259,1.0649000406265259,1.0640000104904175,1.0648000240325928,0
2026-08-05T09:05,1.0648000240325928,1.0652999877929688,1.0648000240325928,1.0650999546051025,0
2026-08-05T09:10,1.0650999546051025,1.0650999546051025,1.0645999908447266,1.0647000074386597,0
2026-08-05T09:15,1.0647000074386597,1.065600037574768,1.0645999908447266,1.0650999546051025,0
2026-08-05T09:20,1.0650999546051025,1.0657999515533447,1.0649000406265259,1.0650999546051025,348224
2026-08-05T09:25,1.065000057220459,1.0652999877929688,1.0647000074386597,1.0652999877929688,336320
2026-08-05T09:30,1.0654000043869019,1.065600037574768,1.0654000043869019,1.065600037574768,391808
2026-08-05T09:35,1.065500020980835,1.066100001335144,1.065500020980835,1.0657999515533447,218816
2026-08-05T09:40,1.0657000541687012,1.0657000541687012,1.0650999546051025,1.0652999877929688,1025536
2026-08-05T09:45,1.0654000043869019,1.0654000043869019,1.065000057220459,1.065000057220459,267712
2026-08-05T09:50,1.065000057220459,1.065000057220459,1.0642000436782837,1.0642000436782837,182080
2026-08-05T09:55,1.0642000436782837,1.0643999576568604,1.0636999607086182,1.0637999773025513,1831552
2026-08-05T10:00,1.063599944114685,1.0640000104904175,1.0631999969482422,1.0636999607086182,0
2026-08-05T10:05,1.0638999938964844,1.0638999938964844,1.0627000331878662,1.0627000331878662,3103808
2026-08-05T10:10,1.0625,1.0625,1.0611000061035156,1.0613000392913818,4796288
2026-08-05T10:15,1.0613000392913818,1.0613000392913818,1.0604000091552734,1.0609999895095825,335872
2026-08-05T10:20,1.0609999895095825,1.0613000392913818,1.0607000589370728,1.0613000392913818,2708224
2026-08-05T10:25,1.0613000392913818,1.0627000331878662,1.0613000392913818,1.0621999502182007,2103232
2026-08-05T10:30,1.0621000528335571,1.0621000528335571,1.061400055885315,1.0621000528335571,840832
2026-08-05T10:35,1.0621000528335571,1.0628000497817993,1.0621000528335571,1.0627000331878662,459200
2026-08-05T10:40,1.0628000497817993,1.063099980354309,1.0622999668121338,1.0625,0
2026-08-05T10:45,1.0628999471664429,1.0628999471664429,1.0607999563217163,1.0614999532699585,0
2026-08-05T10:50,1.0614999532699585,1.0621000528335571,1.0607999563217163,1.0607999563217163,0
2026-08-05T10:55,1.0607999563217163,1.0613000392913818,1.0607999563217163,1.0607999563217163,0
2026-08-05T11:00,1.0609999895095825,1.0614999532699585,1.0608999729156494,1.0608999729156494,0
2026-08-05T11:05,1.0608999729156494,1.061900019645691,1.0608999729156494,1.0618000030517578,2037568
2026-08-05T11:10,1.0618000030517578,1.0618000030517578,1.0598000288009644,1.0605000257492065,0
2026-08-05T11:15,1.0605000257492065,1.0605000257492065,1.0598000288009644,1.0601999759674072,4161792
2026-08-05T11:20,1.0601999759674072,1.0607999563217163,1.0600999593734741,1.0607999563217163,3049600
2026-08-05T11:25,1.0606000423431396,1.0606000423431396,1.0598000288009644,1.0598000288009644,432512
2026-08-05T11:30,1.0597000122070312,1.0604000091552734,1.0592999458312988,1.0600999593734741,1340544
2026-08-05T11:35,1.0599000453948975,1.0601999759674072,1.059399962425232,1.0600999593734741,1828608
2026-08-05T11:40,1.0600999593734741,1.0604000091552734,1.0595999956130981,1.0597000122070312,326336
2026-08-05T11:45,1.0597000122070312,1.0607999563217163,1.059499979019165,1.0607000589370728,0
2026-08-05T11:50,1.0607999563217163,1.0607999563217163,1.0597000122070312,1.0599000453948975,0
2026-08-05T11:55,1.0599000453948975,1.0602999925613403,1.0599000453948975,1.0602999925613403,0
2026-08-05T12:00,1.0601999759674072,1.0606000423431396,1.059999942779541,1.0602999925613403,0
2026-08-05T12:05,1.0600999593734741,1.0614999532699585,1.0598000288009644,1.0614999532699585,0
2026-08-05T12:10,1.062000036239624,1.062399983406067,1.0616999864578247,1.0621999502182007,508736
2026-08-05T12:15,1.062000036239624,1.0650999546051025,1.0616999864578247,1.0650999546051025,69440
2026-08-05T12:20,1.065000057220459,1.0669000148773193,1.0642999410629272,1.066100001335144,5990528
2026-08-05T12:25,1.0658999681472778,1.0679999589920044,1.0658999681472778,1.0670000314712524,5041024
2026-08-05T12:30,1.067199945449829,1.0672999620437622,1.065600037574768,1.066100001335144,7277120
2026-08-05T12:35,1.0662000179290771,1.0662000179290771,1.0654000043869019,1.0657000541687012,2807232
2026-08-05T12:40,1.065600037574768,1.065600037574768,1.0648000240325928,1.0651999711990356,1216640
2026-08-05T12:45,1.0649000406265259,1.0649000406265259,1.0643999576568604,1.0644999742507935,1526400
2026-08-05T12:50,1.0644999742507935,1.0645999908447266,1.0633000135421753,1.0633000135421753,457664
2026-08-05T12:55,1.0633000135421753,1.0636999607086182,1.0628000497817993,1.0628999471664429,0
2026-08-05T13:00,1.062999963760376,1.0635000467300415,1.0621999502182007,1.0625,0
2026-08-05T13:05,1.062399983406067,1.0628000497817993,1.061900019645691,1.0621000528335571,1606272
2026-08-05T13:10,1.0625,1.0625,1.0598000288009644,1.0601999759674072,2037632
2026-08-05T13:15,1.0601999759674072,1.0621000528335571,1.0599000453948975,1.0616999864578247,4808960
2026-08-05T13:20,1.0618000030517578,1.061900019645691,1.0606000423431396,1.0608999729156494,449408
2026-08-05T13:25,1.0602999925613403,1.0607999563217163,1.0600999593734741,1.0601999759674072,0
2026-08-05T13:30,1.0592000484466553,1.0592999458312988,1.0547000169754028,1.0556000471115112,3406528
2026-08-05T13:35,1.055400013923645,1.0591000318527222,1.0537999868392944,1.058899998664856,9536640
2026-08-05T13:40,1.058899998664856,1.0600999593734741,1.057800054550171,1.0580999851226807,7508736
2026-08-05T13:45,1.0582000017166138,1.0585999488830566,1.05649995803833,1.0585999488830566,1085504
2026-08-05T13:50,1.0582000017166138,1.0607000589370728,1.0575000047683716,1.0591000318527222,0
2026-08-05T13:55,1.0591000318527222,1.0609999895095825,1.0587999820709229,1.0609999895095825,2649024
2026-08-05T14:00,1.0609999895095825,1.0614999532699585,1.059999942779541,1.0614999532699585,0
2026-08-05T14:05,1.0621000528335571,1.0636999607086182,1.0621000528335571,1.062399983406067,2653504
2026-08-05T14:10,1.0625,1.0637999773025513,1.062399983406067,1.0633000135421753,0
2026-08-05T14:15,1.0633000135421753,1.0642000436782837,1.0628999471664429,1.0631999969482422,1780032
2026-08-05T14:20,1.0628999471664429,1.0628999471664429,1.0608999729156494,1.0613000392913818,717888
2026-08-05T14:25,1.0612000226974487,1.0625,1.0605000257492065,1.061400055885315,368896
2026-08-05T14:30,1.061400055885315,1.061400055885315,1.059499979019165,1.0597000122070312,1312640
2026-08-05T14:35,1.0598000288009644,1.0605000257492065,1.059399962425232,1.059399962425232,2860608
2026-08-05T14:40,1.0592999458312988,1.0613000392913818,1.058899998664856,1.0612000226974487,0
2026-08-05T14:45,1.0618000030517578,1.0625,1.061400055885315,1.0625,0
2026-08-05T14:50,1.0628999471664429,1.0633000135421753,1.0601999759674072,1.061900019645691,0
2026-08-05T14:55,1.062000036239624,1.0649000406265259,1.0618000030517578,1.0644999742507935,3324096
2026-08-05T15:00,1.0645999908447266,1.0657000541687012,1.0636999607086182,1.0643999576568604,0
2026-08-05T15:05,1.0647000074386597,1.0648000240325928,1.063599944114685,1.0648000240325928,0
2026-08-05T15:10,1.066100001335144,1.0664000511169434,1.0636999607086182,1.0636999607086182,1171264
2026-08-05T15:15,1.063599944114685,1.0642000436782837,1.0621999502182007,1.0642000436782837,2067072
2026-08-05T15:20,1.0642999410629272,1.0645999908447266,1.0628999471664429,1.063599944114685,5952320
2026-08-05T15:25,1.0635000467300415,1.0645999908447266,1.063099980354309,1.0635000467300415,2305216
2026-08-05T15:30,1.0637999773025513,1.0651999711990356,1.0637999773025513,1.0645999908447266,160960
2026-08-05T15:35,1.0648000240325928,1.065600037574768,1.0642999410629272,1.0652999877929688,401472
2026-08-05T15:40,1.0654000043869019,1.0654000043869019,1.0634000301361084,1.0635000467300415,0
2026-08-05T15:45,1.063599944114685,1.0636999607086182,1.062600016593933,1.0628000497817993,0
2026-08-05T15:50,1.0627000331878662,1.0627000331878662,1.0601999759674072,1.0605000257492065,0
2026-08-05T15:55,1.0602999925613403,1.0605000257492065,1.0595999956130981,1.0599000453948975,0
2026-08-05T16:00,1.0599000453948975,1.0612000226974487,1.0597000122070312,1.0607999563217163,0
2026-08-05T16:05,1.0609999895095825,1.0621999502182007,1.0608999729156494,1.061900019645691,1654848
2026-08-05T16:10,1.0621999502182007,1.0636999607086182,1.0616999864578247,1.0636999607086182,1473920
2026-08-05T16:15,1.0640000104904175,1.0644999742507935,1.0634000301361084,1.0642999410629272,927680
2026-08-05T16:20,1.0642999410629272,1.0678000450134277,1.0642999410629272,1.0662000179290771,2746432
2026-08-05T16:25,1.0663000345230103,1.0680999755859375,1.0663000345230103,1.0673999786376953,4915648
2026-08-05T16:30,1.0673999786376953,1.0676000118255615,1.066499948501587,1.0669000148773193,2697664
2026-08-05T16:35,1.0670000314712524,1.0670000314712524,1.0658999681472778,1.0666999816894531,2248832
2026-08-05T16:40,1.0666999816894531,1.0672999620437622,1.066100001335144,1.0667999982833862,1451008
2026-08-05T16:45,1.0666999816894531,1.0667999982833862,1.0657000541687012,1.0658999681472778,946624
2026-08-05T16:50,1.0657999515533447,1.0658999681472778,1.0651999711990356,1.0658999681472778,0
2026-08-05T16:55,1.0657000541687012,1.0670000314712524,1.0657000541687012,1.0664000511169434,0
2026-08-05T17:00,1.06659996509552,1.0687999725341797,1.0657999515533447,1.0674999952316284,0
2026-08-05T17:05,1.0672999620437622,1.0676000118255615,1.0664000511169434,1.0664000511169434,1483456
2026-08-05T17:10,1.0664000511169434,1.0673999786376953,1.065999984741211,1.0667999982833862,0
2026-08-05T17:15,1.066499948501587,1.0672999620437622,1.0662000179290771,1.0671000480651855,0
2026-08-05T17:20,1.0667999982833862,1.0671000480651855,1.0657999515533447,1.0670000314712524,107520
2026-08-05T17:25,1.0670000314712524,1.0672999620437622,1.0666999816894531,1.0666999816894531,0
2026-08-05T17:30,1.0666999816894531,1.0669000148773193,1.0663000345230103,1.06659996509552,0
2026-08-05T17:35,1.0666999816894531,1.0707000494003296,1.0666999816894531,1.0703999996185303,87424
2026-08-05T17:40,1.0703999996185303,1.0707000494003296,1.069599986076355,1.069599986076355,3604736
2026-08-05T17:45,1.069599986076355,1.070099949836731,1.069200038909912,1.069599986076355,1499264
2026-08-05T17:50,1.069599986076355,1.0707999467849731,1.0693000555038452,1.0698000192642212,2532800
2026-08-05T17:55,1.069599986076355,1.069700002670288,1.069100022315979,1.069200038909912,70528
2026-08-05T18:00,1.069200038909912,1.0693000555038452,1.0683000087738037,1.069200038909912,0
2026-08-05T18:05,1.069100022315979,1.0694999694824219,1.0684000253677368,1.0684000253677368,1663104
2026-08-05T18:10,1.068600058555603,1.0705000162124634,1.0684000253677368,1.0703999996185303,1748608
2026-08-05T18:15,1.0706000328063965,1.0709999799728394,1.0693999528884888,1.069700002670288,356096
2026-08-05T18:20,1.0698000192642212,1.0722999572753906,1.0698000192642212,1.0699000358581543,151168
2026-08-05T18:25,1.0698000192642212,1.0705000162124634,1.0693999528884888,1.070099949836731,224512
2026-08-05T18:30,1.069599986076355,1.069599986076355,1.0681999921798706,1.0687999725341797,1017920
2026-08-05T18:35,1.0688999891281128,1.070099949836731,1.0684000253677368,1.070099949836731,875712
2026-08-05T18:40,1.0700000524520874,1.0700000524520874,1.069000005722046,1.0700000524520874,768320
2026-08-05T18:45,1.0699000358581543,1.070199966430664,1.068600058555603,1.0686999559402466,608320
2026-08-05T18:50,1.0686999559402466,1.069000005722046,1.0676000118255615,1.0677000284194946,932992
2026-08-05T18:55,1.0677000284194946,1.06850004196167,1.0676000118255615,1.06850004196167,0
2026-08-05T19:00,1.0681999921798706,1.069000005722046,1.0673999786376953,1.069000005722046,0
2026-08-05T19:05,1.0693999528884888,1.0698000192642212,1.06850004196167,1.069200038909912,1093376
2026-08-05T19:10,1.069100022315979,1.069100022315979,1.0679999589920044,1.06850004196167,815744
2026-08-05T19:15,1.0686999559402466,1.0687999725341797,1.0679999589920044,1.0680999755859375,35840
2026-08-05T19:20,1.0680999755859375,1.0694999694824219,1.0680999755859375,1.0693000555038452,51904
2026-08-05T19:25,1.069200038909912,1.0702999830245972,1.069200038909912,1.0693000555038452,1007616
2026-08-05T19:30,1.0693000555038452,1.0707999467849731,1.069000005722046,1.069599986076355,1346624
2026-08-05T19:35,1.069200038909912,1.0708999633789062,1.069200038909912,1.0703999996185303,0
2026-08-05T19:40,1.0707000494003296,1.0712000131607056,1.0703999996185303,1.0706000328063965,0
2026-08-05T19:45,1.0706000328063965,1.0706000328063965,1.0698000192642212,1.070199966430664,0
2026-08-05T19:50,1.070099949836731,1.0708999633789062,1.069599986076355,1.070199966430664,0
2026-08-05T19:55,1.0700000524520874,1.0707999467849731,1.069200038909912,1.069200038909912,2064448
2026-08-05T20:00,1.069100022315979,1.069599986076355,1.0678000450134277,1.0678999423980713,0
2026-08-05T20:05,1.0678000450134277,1.0678000450134277,1.0669000148773193,1.0673999786376953,1761536
2026-08-05T20:10,1.0676000118255615,1.069599986076355,1.0676000118255615,1.0694999694824219,110784
2026-08-05T20:15,1.0694999694824219,1.070199966430664,1.0694999694824219,1.0698000192642212,0
2026-08-05T20:20,1.069700002670288,1.0710999965667725,1.0693999528884888,1.0705000162124634,0
2026-08-05T20:25,1.0703999996185303,1.0707000494003296,1.0698000192642212,1.070099949836731,0
2026-08-05T20:30,1.0700000524520874,1.070099949836731,1.069599986076355,1.070099949836731,0
2026-08-05T20:35,1.070199966430664,1.070199966430664,1.069599986076355,1.0699000358581543,0
2026-08-05T20:40,1.0700000524520874,1.0716999769210815,1.0700000524520874,1.0716999769210815,0
2026-08-05T20:45,1.0715999603271484,1.0715999603271484,1.0702999830245972,1.0703999996185303,0
2026-08-05T20:50,1.0703999996185303,1.0706000328063965,1.070199966430664,1.0706000328063965,0
2026-08-05T20:55,1.0705000162124634,1.0705000162124634,1.0687999725341797,1.0687999725341797,0
2026-08-05T21:00,1.0688999891281128,1.069000005722046,1.0669000148773193,1.0677000284194946,0
2026-08-05T21:05,1.0676000118255615,1.0676000118255615,1.066499948501587,1.06659996509552,913216
2026-08-05T21:10,1.066499948501587,1.0680999755859375,1.066499948501587,1.0678999423980713,402496
2026-08-05T21:15,1.0679999589920044,1.0679999589920044,1.067199945449829,1.0674999952316284,1180416
2026-08-05T21:20,1.0674999952316284,1.0674999952316284,1.0662000179290771,1.0663000345230103,2559552
2026-08-05T21:25,1.0664000511169434,1.06659996509552,1.0631999969482422,1.0637999773025513,373376
2026-08-05T21:30,1.0637999773025513,1.0645999908447266,1.063599944114685,1.0645999908447266,5865216
2026-08-05T21:35,1.0645999908447266,1.0645999908447266,1.0635000467300415,1.0642999410629272,1918144
2026-08-05T21:40,1.0642999410629272,1.065000057220459,1.0640000104904175,1.0643999576568604,1660416
2026-08-05T21:45,1.0642999410629272,1.0642999410629272,1.0637999773025513,1.0641000270843506,417216
2026-08-05T21:50,1.0642000436782837,1.0644999742507935,1.0640000104904175,1.0644999742507935,777280
2026-08-05T21:55,1.0640000104904175,1.0647000074386597,1.0638999938964844,1.0640000104904175,350976
2026-08-05T22:00,1.0642000436782837,1.0645999908447266,1.0621999502182007,1.063099980354309,0
2026-08-05T22:05,1.063099980354309,1.0641000270843506,1.0628999471664429,1.0633000135421753,219200
2026-08-05T22:10,1.063099980354309,1.0643999576568604,1.0628999471664429,1.062999963760376,707072
2026-08-05T22:15,1.062999963760376,1.0640000104904175,1.0628999471664429,1.0640000104904175,904832
2026-08-05T22:20,1.0640000104904175,1.0641000270843506,1.0633000135421753,1.063599944114685,399488
2026-08-05T22:25,1.063599944114685,1.0638999938964844,1.0631999969482422,1.0637999773025513,1041664
2026-08-05T22:30,1.0638999938964844,1.0644999742507935,1.0637999773025513,1.0642999410629272,377984
2026-08-05T22:35,1.0643999576568604,1.0643999576568604,1.062999963760376,1.0631999969482422,22336
2026-08-05T22:40,1.063099980354309,1.063099980354309,1.0628000497817993,1.0628999471664429,190912
2026-08-05T22:45,1.0628999471664429,1.0634000301361084,1.062399983406067,1.0627000331878662,873216
2026-08-05T22:50,1.0627000331878662,1.0628999471664429,1.0621000528335571,1.0621000528335571,563968
2026-08-05T22:55,1.0621000528335571,1.0621000528335571,1.0613000392913818,1.0613000392913818,1275584
2026-08-05T23:00,1.0605000257492065,1.0607000589370728,1.0595999956130981,1.0604000091552734,0
2026-08-05T23:05,1.0600999593734741,1.0612000226974487,1.0598000288009644,1.0611000061035156,2981312
2026-08-05T23:10,1.0611000061035156,1.0618000030517578,1.0611000061035156,1.061400055885315,561152
2026-08-05T23:15,1.061400055885315,1.0616999864578247,1.0604000091552734,1.0616999864578247,1240448
2026-08-05T23:20,1.0616999864578247,1.062399983406067,1.0615999698638916,1.062000036239624,125696
2026-08-05T23:25,1.062000036239624,1.062600016593933,1.0611000061035156,1.0611000061035156,1616640
2026-08-05T23:30,1.0611000061035156,1.061400055885315,1.0608999729156494,1.0608999729156494,0
2026-08-05T23:35,1.0612000226974487,1.0616999864578247,1.0609999895095825,1.061400055885315,0
2026-08-05T23:40,1.061400055885315,1.0616999864578247,1.0607999563217163,1.0607999563217163,0
2026-08-05T23:45,1.0608999729156494,1.0608999729156494,1.0597000122070312,1.0607999563217163,0
2026-08-05T23:50,1.0607000589370728,1.0615999698638916,1.0607000589370728,1.061400055885315,309888
2026-08-05T23:55,1.061400055885315,1.061400055885315,1.0607999563217163,1.0612000226974487,656384
2026-08-06T00:00,1.061400055885315,1.061400055885315,1.0602999925613403,1.0609999895095825,0
2026-08-06T00:05,1.0612000226974487,1.061900019645691,1.0612000226974487,1.061400055885315,0
2026-08-06T00:10,1.0609999895095825,1.0614999532699585,1.0607999563217163,1.0611000061035156,0
2026-08-06T00:15,1.0609999895095825,1.062000036239624,1.0608999729156494,1.062000036239624,0
2026-08-06T00:20,1.062000036239624,1.062600016593933,1.0612000226974487,1.062600016593933,0
2026-08-06T00:25,1.062600016593933,1.062600016593933,1.062000036239624,1.0621000528335571,0
2026-08-06T00:30,1.0621000528335571,1.0622999668121338,1.0616999864578247,1.061900019645691,0
2026-08-06T00:35,1.061900019645691,1.062000036239624,1.0611000061035156,1.0613000392913818,0
2026-08-06T00:40,1.0612000226974487,1.0616999864578247,1.0607999563217163,1.0607999563217163,0
2026-08-06T00:45,1.0607999563217163,1.062000036239624,1.0606000423431396,1.0614999532699585,172928
2026-08-06T00:50,1.0613000392913818,1.0622999668121338,1.0612000226974487,1.0622999668121338,0
2026-08-06T00:55,1.0621999502182007,1.0622999668121338,1.0616999864578247,1.0616999864578247,0
2026-08-06T01:00,1.0615999698638916,1.0616999864578247,1.0609999895095825,1.061400055885315,0
2026-08-06T01:05,1.0611000061035156,1.0613000392913818,1.0604000091552734,1.0613000392913818,0
2026-08-06T01:10,1.0613000392913818,1.0613000392913818,1.0601999759674072,1.0607999563217163,515520
2026-08-06T01:15,1.0607000589370728,1.0608999729156494,1.059999942779541,1.0601999759674072,0
2026-08-06T01:20,1.0600999593734741,1.0602999925613403,1.059399962425232,1.0597000122070312,0
2026-08-06T01:25,1.059999942779541,1.059999942779541,1.0580999851226807,1.059000015258789,362816
2026-08-06T01:30,1.058899998664856,1.0591000318527222,1.0570000410079956,1.058500051498413,4918208
2026-08-06T01:35,1.0580999851226807,1.059000015258789,1.057800054550171,1.0579999685287476,8081088
2026-08-06T01:40,1.0579999685287476,1.0579999685287476,1.055999994277954,1.055999994277954,2341504
2026-08-06T01:45,1.055799961090088,1.0579999685287476,1.055799961090088,1.057800054550171,3905920
2026-08-06T01:50,1.057800054550171,1.0578999519348145,1.0563000440597534,1.0568000078201294,2458944
2026-08-06T01:55,1.05649995803833,1.0565999746322632,1.0527000427246094,1.0529999732971191,845952
2026-08-06T02:00,1.0520000457763672,1.0539000034332275,1.0499000549316406,1.0509999990463257,4146304
2026-08-06T02:05,1.0506999492645264,1.0507999658584595,1.0470999479293823,1.0484999418258667,15768832
2026-08-06T02:10,1.048799991607666,1.0509999990463257,1.048799991607666,1.0496000051498413,19306752
2026-08-06T02:15,1.0494999885559082,1.0496000051498413,1.0418000221252441,1.0436999797821045,6172416
2026-08-06T02:20,1.0434999465942383,1.0441999435424805,1.0420000553131104,1.0432000160217285,27848832
2026-08-06T02:25,1.0427000522613525,1.044100046157837,1.0422999858856201,1.0435999631881714,6086272
2026-08-06T02:30,1.0432000160217285,1.0470999479293823,1.0428999662399292,1.0470999479293823,11511680
2026-08-06T02:35,1.0471999645233154,1.0471999645233154,1.0450999736785889,1.0469000339508057,6921728
2026-08-06T02:40,1.0465999841690063,1.0476000308990479,1.0462000370025635,1.0476000308990479,2161024
2026-08-06T02:45,1.0476000308990479,1.048799991607666,1.0465999841690063,1.0473999977111816,1167360
2026-08-06T02:50,1.0469000339508057,1.0470999479293823,1.0460000038146973,1.0464999675750732,441216
2026-08-06T02:55,1.0464999675750732,1.0468000173568726,1.0458999872207642,1.0463000535964966,660224
2026-08-06T03:00,1.0462000370025635,1.0462000370025635,1.0442999601364136,1.045699954032898,0
2026-08-06T03:05,1.045799970626831,1.0463000535964966,1.0454000234603882,1.0463000535964966,11406208
2026-08-06T03:10,1.0463999509811401,1.0469000339508057,1.0462000370025635,1.0464999675750732,1910784
2026-08-06T03:15,1.0464999675750732,1.0464999675750732,1.045199990272522,1.0458999872207642,0
2026-08-06T03:20,1.0458999872207642,1.0464999675750732,1.045300006866455,1.0456000566482544,0
2026-08-06T03:25,1.0456000566482544,1.0464999675750732,1.0455000400543213,1.0460000038146973,0
2026-08-06T03:30,1.0460000038146973,1.0460000038146973,1.0439000129699707,1.0444999933242798,0
2026-08-06T03:35,1.0441999435424805,1.044800043106079,1.0433000326156616,1.0443999767303467,3388928
2026-08-06T03:40,1.0442999601364136,1.044600009918213,1.0422999858856201,1.0424000024795532,2441728
2026-08-06T03:45,1.0426000356674194,1.0442999601364136,1.0426000356674194,1.0435999631881714,2822656
2026-08-06T03:50,1.0435999631881714,1.0442999601364136,1.0425000190734863,1.0426000356674194,911744
2026-08-06T03:55,1.0422999858856201,1.0425000190734863,1.0407999753952026,1.0425000190734863,1612928
2026-08-06T04:00,1.0426000356674194,1.0427000522613525,1.0392999649047852,1.0393999814987183,6642560
2026-08-06T04:05,1.0393999814987183,1.0432000160217285,1.0393999814987183,1.0432000160217285,14164480
2026-08-06T04:10,1.0429999828338623,1.044100046157837,1.042799949645996,1.044100046157837,4824064
2026-08-06T04:15,1.044100046157837,1.045199990272522,1.044100046157837,1.0449999570846558,1981824
2026-08-06T04:20,1.0449999570846558,1.0467000007629395,1.0449999570846558,1.0463999509811401,2973824
2026-08-06T04:25,1.0463999509811401,1.0470999479293823,1.0463000535964966,1.0464999675750732,1492480
2026-08-06T04:30,1.0463999509811401,1.0472999811172485,1.0462000370025635,1.0463999509811401,2547328
2026-08-06T04:35,1.0463999509811401,1.0468000173568726,1.0455000400543213,1.0455000400543213,2857216
2026-08-06T04:40,1.0454000234603882,1.0460000038146973,1.045199990272522,1.0455000400543213,2434560
2026-08-06T04:45,1.0450999736785889,1.0450999736785889,1.0442999601364136,1.0444999933242798,3264256
2026-08-06T04:50,1.0444999933242798,1.045699954032898,1.0444999933242798,1.045699954032898,1648896
2026-08-06T04:55,1.0460000038146973,1.0470999479293823,1.0456000566482544,1.0470999479293823,2041216
2026-08-06T05:00,1.0473999977111816,1.0479999780654907,1.0471999645233154,1.0478999614715576,829696
2026-08-06T05:05,1.0480999946594238,1.0511000156402588,1.0480999946594238,1.0500999689102173,9172096
2026-08-06T05:10,1.0499000549316406,1.0503000020980835,1.0491000413894653,1.0494999885559082,6105344
2026-08-06T05:15,1.0497000217437744,1.0511000156402588,1.0490000247955322,1.0500999689102173,2741632
2026-08-06T05:20,1.0496000051498413,1.0506999492645264,1.0492000579833984,1.0506000518798828,5549568
2026-08-06T05:25,1.0506000518798828,1.0506000518798828,1.0484999418258667,1.0490000247955322,2757632
2026-08-06T05:30,1.048699975013733,1.0491000413894653,1.0484000444412231,1.0490000247955322,3165312
2026-08-06T05:35,1.048799991607666,1.049399971961975,1.0485999584197998,1.0489000082015991,2491520
2026-08-06T05:40,1.0489000082015991,1.0498000383377075,1.048799991607666,1.0494999885559082,2727168
2026-08-06T05:45,1.0497000217437744,1.0498000383377075,1.048699975013733,1.0492000579833984,767872
2026-08-06T05:50,1.0491000413894653,1.0503000020980835,1.0490000247955322,1.0501999855041504,1015680
2026-08-06T05:55,1.0500999689102173,1.051300048828125,1.0499000549316406,1.051300048828125,4769280
2026-08-06T06:00,1.0507999658584595,1.051200032234192,1.0503000020980835,1.0511000156402588,90112
2026-08-06T06:05,1.0511000156402588,1.0511000156402588,1.0499999523162842,1.0504000186920166,3026432
2026-08-06T06:10,1.0505000352859497,1.0506000518798828,1.048799991607666,1.0489000082015991,829312
2026-08-06T06:15,1.0490000247955322,1.0498000383377075,1.048699975013733,1.0491000413894653,864640
2026-08-06T06:20,1.0492000579833984,1.0511000156402588,1.0491000413894653,1.0509999990463257,4436224
2026-08-06T06:25,1.0509999990463257,1.0511000156402588,1.0501999855041504,1.0506999492645264,1618944
2026-08-06T06:30,1.0506000518798828,1.0507999658584595,1.0497000217437744,1.0504000186920166,1388288
2026-08-06T06:35,1.0505000352859497,1.0505000352859497,1.0497000217437744,1.0499999523162842,1156992
2026-08-06T06:40,1.0499999523162842,1.0506000518798828,1.0499000549316406,1.0506000518798828,385920
2026-08-06T06:45,1.0505000352859497,1.0508999824523926,1.0500999689102173,1.0503000020980835,437376
2026-08-06T06:50,1.0501999855041504,1.0505000352859497,1.0498000383377075,1.0499000549316406,0
2026-08-06T06:55,1.0499000549316406,1.0508999824523926,1.0498000383377075,1.0508999824523926,2140672
2026-08-06T07:00,1.0506000518798828,1.0506000518798828,1.0499999523162842,1.0499999523162842,0
2026-08-06T07:05,1.0499999523162842,1.0503000020980835,1.0496000051498413,1.0497000217437744,2091648
2026-08-06T07:10,1.049299955368042,1.0506999492645264,1.049299955368042,1.0506999492645264,1437568
2026-08-06T07:15,1.0506999492645264,1.0507999658584595,1.049399971961975,1.0499999523162842,1414656
2026-08-06T07:20,1.0500999689102173,1.0507999658584595,1.0496000051498413,1.0506999492645264,0
2026-08-06T07:25,1.0504000186920166,1.0504000186920166,1.0496000051498413,1.0499000549316406,419200
2026-08-06T07:30,1.0497000217437744,1.0499999523162842,1.0490000247955322,1.0494999885559082,42752
2026-08-06T07:35,1.0492000579833984,1.0494999885559082,1.0480999946594238,1.0480999946594238,698112
2026-08-06T07:40,1.0480999946594238,1.0480999946594238,1.0471999645233154,1.0476000308990479,442112
2026-08-06T07:45,1.0476000308990479,1.048200011253357,1.0476000308990479,1.0480999946594238,1041280
2026-08-06T07:50,1.0480999946594238,1.0484000444412231,1.0476000308990479,1.048200011253357,658944
2026-08-06T07:55,1.0484999418258667,1.0490000247955322,1.0479999780654907,1.048200011253357,1497984
2026-08-06T08:00,1.04830002784729,1.048699975013733,1.0475000143051147,1.0485999584197998,0
2026-08-06T08:05,1.0484000444412231,1.049399971961975,1.048200011253357,1.0484000444412231,257152
2026-08-06T08:10,1.0484000444412231,1.048799991607666,1.0479999780654907,1.0480999946594238,3354496
2026-08-06T08:15,1.0478999614715576,1.0479999780654907,1.0473999977111816,1.0478999614715576,126848
2026-08-06T08:20,1.0480999946594238,1.048699975013733,1.0480999946594238,1.048699975013733,1348480
2026-08-06T08:25,1.048699975013733,1.0500999689102173,1.048699975013733,1.0500999689102173,1962368
2026-08-06T08:30,1.0500999689102173,1.0507999658584595,1.0498000383377075,1.0504000186920166,2795776
2026-08-06T08:35,1.0504000186920166,1.0504000186920166,1.0497000217437744,1.0504000186920166,3196672
2026-08-06T08:40,1.0505000352859497,1.055999994277954,1.0505000352859497,1.0543999671936035,13496064
2026-08-06T08:45,1.0543999671936035,1.0551999807357788,1.0535000562667847,1.0543999671936035,2658176
2026-08-06T08:50,1.0541000366210938,1.055899977684021,1.0539000034332275,1.0551999807357788,5743232
2026-08-06T08:55,1.055400013923645,1.0556000471115112,1.0547000169754028,1.054800033569336,3626752
2026-08-06T09:00,1.054800033569336,1.0555000305175781,1.0539000034332275,1.0541000366210938,1081472
2026-08-06T09:05,1.0539000034332275,1.0541000366210938,1.0496000051498413,1.0497000217437744,6511744
2026-08-06T09:10,1.0499999523162842,1.0505000352859497,1.0479999780654907,1.04830002784729,5238400
2026-08-06T09:15,1.0479999780654907,1.0484999418258667,1.0477999448776245,1.048200011253357,9305728
2026-08-06T09:20,1.0484999418258667,1.0485999584197998,1.0465999841690063,1.0469000339508057,5488640
2026-08-06T09:25,1.0469000339508057,1.0478999614715576,1.0463000535964966,1.0463000535964966,3124608
2026-08-06T09:30,1.0458999872207642,1.0465999841690063,1.0450999736785889,1.0462000370025635,5387008
2026-08-06T09:35,1.0463999509811401,1.0469000339508057,1.0460000038146973,1.0469000339508057,3054208
2026-08-06T09:40,1.0468000173568726,1.0468000173568726,1.0425000190734863,1.0427000522613525,6465408
2026-08-06T09:45,1.0427000522613525,1.0436999797821045,1.041200041770935,1.0436999797821045,6011264
2026-08-06T09:50,1.0435999631881714,1.0444999933242798,1.0435999631881714,1.0441999435424805,4645888
2026-08-06T09:55,1.0441999435424805,1.044700026512146,1.0440000295639038,1.0442999601364136,1708928
2026-08-06T10:00,1.044100046157837,1.0441999435424805,1.0427000522613525,1.0434999465942383,0
2026-08-06T10:05,1.0433000326156616,1.0433000326156616,1.0425000190734863,1.0429999828338623,3997312
2026-08-06T10:10,1.0429999828338623,1.0429999828338623,1.0419000387191772,1.0419000387191772,0
2026-08-06T10:15,1.041700005531311,1.0437999963760376,1.0414999723434448,1.0437999963760376,0
2026-08-06T10:20,1.0439000129699707,1.0443999767303467,1.0434999465942383,1.0441999435424805,0
2026-08-06T10:25,1.0441999435424805,1.045300006866455,1.0440000295639038,1.045300006866455,1174784
2026-08-06T10:30,1.045300006866455,1.0460000038146973,1.0449999570846558,1.0456000566482544,0
2026-08-06T10:35,1.0456000566482544,1.045799970626831,1.0450999736785889,1.045799970626831,0
2026-08-06T10:40,1.0458999872207642,1.0460000038146973,1.0454000234603882,1.0458999872207642,590464
2026-08-06T10:45,1.0458999872207642,1.0463999509811401,1.045699954032898,1.0461000204086304,0
2026-08-06T10:50,1.0461000204086304,1.0463999509811401,1.0458999872207642,1.0458999872207642,0
2026-08-06T10:55,1.0458999872207642,1.0463000535964966,1.0458999872207642,1.0462000370025635,0
2026-08-06T11:00,1.0465999841690063,1.0465999841690063,1.0450999736785889,1.045199990272522,0
2026-08-06T11:05,1.045199990272522,1.0463999509811401,1.044700026512146,1.0463999509811401,0
2026-08-06T11:10,1.0463999509811401,1.0472999811172485,1.0463999509811401,1.0470999479293823,777856
2026-08-06T11:15,1.0471999645233154,1.04830002784729,1.0470999479293823,1.0477999448776245,0
2026-08-06T11:20,1.047700047492981,1.0489000082015991,1.047700047492981,1.04830002784729,0
2026-08-06T11:25,1.04830002784729,1.0485999584197998,1.0480999946594238,1.0480999946594238,0
2026-08-06T11:30,1.0480999946594238,1.0498000383377075,1.0480999946594238,1.049399971961975,0
2026-08-06T11:35,1.049299955368042,1.0506000518798828,1.049299955368042,1.049299955368042,0
2026-08-06T11:40,1.049399971961975,1.0499000549316406,1.049399971961975,1.0494999885559082,583936
2026-08-06T11:45,1.0494999885559082,1.0496000051498413,1.048699975013733,1.049299955368042,0
2026-08-06T11:50,1.049299955368042,1.0500999689102173,1.048699975013733,1.0491000413894653,578432
2026-08-06T11:55,1.0491000413894653,1.0497000217437744,1.0490000247955322,1.0494999885559082,921216
2026-08-06T12:00,1.049399971961975,1.049399971961975,1.0480999946594238,1.0480999946594238,0
2026-08-06T12:05,1.0478999614715576,1.0478999614715576,1.0464999675750732,1.0468000173568726,0
2026-08-06T12:10,1.0469000339508057,1.0471999645233154,1.0461000204086304,1.0461000204086304,0
2026-08-06T12:15,1.0463000535964966,1.0468000173568726,1.0461000204086304,1.0463999509811401,831744
2026-08-06T12:20,1.0464999675750732,1.0475000143051147,1.0464999675750732,1.0475000143051147,0
2026-08-06T12:25,1.0476000308990479,1.0479999780654907,1.0475000143051147,1.0477999448776245,0
2026-08-06T12:30,1.047700047492981,1.0479999780654907,1.0469000339508057,1.0469000339508057,0
2026-08-06T12:35,1.0470999479293823,1.048699975013733,1.0470999479293823,1.048699975013733,0
2026-08-06T12:40,1.0485999584197998,1.0485999584197998,1.0475000143051147,1.0476000308990479,0
2026-08-06T12:45,1.047700047492981,1.047700047492981,1.0465999841690063,1.0470999479293823,0
2026-08-06T12:50,1.0470999479293823,1.0470999479293823,1.045699954032898,1.045699954032898,0
2026-08-06T12:55,1.0455000400543213,1.0458999872207642,1.045199990272522,1.0456000566482544,214912
2026-08-06T13:00,1.0455000400543213,1.0463000535964966,1.045300006866455,1.045300006866455,0
2026-08-06T13:05,1.045199990272522,1.0455000400543213,1.0434000492095947,1.0435999631881714,1524608
2026-08-06T13:10,1.0437999963760376,1.0450999736785889,1.0437999963760376,1.0444999933242798,795648
2026-08-06T13:15,1.0443999767303467,1.045300006866455,1.0442999601364136,1.044700026512146,0
2026-08-06T13:20,1.044600009918213,1.0454000234603882,1.044100046157837,1.0441999435424805,1516672
2026-08-06T13:25,1.0435999631881714,1.0439000129699707,1.0429999828338623,1.0432000160217285,1299072
2026-08-06T13:30,1.0428999662399292,1.0436999797821045,1.041700005531311,1.0427000522613525,0
2026-08-06T13:35,1.042799949645996,1.044600009918213,1.0424000024795532,1.0443999767303467,0
2026-08-06T13:40,1.0441999435424805,1.0456000566482544,1.0441999435424805,1.0448999404907227,0
2026-08-06T13:45,1.0449999570846558,1.045699954032898,1.0442999601364136,1.0454000234603882,0
2026-08-06T13:50,1.045300006866455,1.045799970626831,1.044600009918213,1.0449999570846558,0
2026-08-06T13:55,1.0449999570846558,1.045799970626831,1.044600009918213,1.044600009918213,0
2026-08-06T14:00,1.044700026512146,1.0450999736785889,1.0435999631881714,1.0450999736785889,0
2026-08-06T14:05,1.045300006866455,1.0456000566482544,1.0440000295639038,1.0441999435424805,0
2026-08-06T14:10,1.0444999933242798,1.0454000234603882,1.0434999465942383,1.0434999465942383,5888384
2026-08-06T14:15,1.0434000492095947,1.0443999767303467,1.0430999994277954,1.0433000326156616,2513664
2026-08-06T14:20,1.0433000326156616,1.045799970626831,1.0433000326156616,1.0439000129699707,3774208
2026-08-06T14:25,1.0439000129699707,1.0444999933242798,1.042799949645996,1.0432000160217285,1199360
2026-08-06T14:30,1.0428999662399292,1.0443999767303467,1.0413999557495117,1.044100046157837,0
2026-08-06T14:35,1.0442999601364136,1.0456000566482544,1.0435999631881714,1.0441999435424805,4024960
2026-08-06T14:40,1.0439000129699707,1.0471999645233154,1.0437999963760376,1.0462000370025635,0
2026-08-06T14:45,1.0461000204086304,1.0465999841690063,1.0440000295639038,1.044100046157837,4161664
2026-08-06T14:50,1.0440000295639038,1.045199990272522,1.0440000295639038,1.045199990272522,2275328
2026-08-06T14:55,1.045300006866455,1.0471999645233154,1.045300006866455,1.0468000173568726,0
2026-08-06T15:00,1.0467000007629395,1.0479999780654907,1.0464999675750732,1.0472999811172485,0
2026-08-06T15:05,1.0473999977111816,1.0489000082015991,1.0469000339508057,1.0485999584197998,182784
2026-08-06T15:10,1.0489000082015991,1.0497000217437744,1.0489000082015991,1.0494999885559082,45952
2026-08-06T15:15,1.0496000051498413,1.0506000518798828,1.0478999614715576,1.0478999614715576,104704
2026-08-06T15:20,1.0479999780654907,1.0491000413894653,1.0470000505447388,1.0489000082015991,0
2026-08-06T15:25,1.0490000247955322,1.0496000051498413,1.0484000444412231,1.049299955368042,0
2026-08-06T15:30,1.0494999885559082,1.0506000518798828,1.0484999418258667,1.0484999418258667,758016
2026-08-06T15:35,1.0484000444412231,1.0496000051498413,1.047700047492981,1.049299955368042,3284864
2026-08-06T15:40,1.049299955368042,1.0497000217437744,1.048200011253357,1.0484999418258667,413824
2026-08-06T15:45,1.0484999418258667,1.0534000396728516,1.04830002784729,1.0516999959945679,2193280
2026-08-06T15:50,1.051800012588501,1.0520999431610107,1.049399971961975,1.049399971961975,7475968
2026-08-06T15:55,1.0491000413894653,1.0500999689102173,1.04830002784729,1.04830002784729,773504
2026-08-06T16:00,1.0485999584197998,1.0491000413894653,1.0475000143051147,1.0484999418258667,0
2026-08-06T16:05,1.0484999418258667,1.0484999418258667,1.0463999509811401,1.0467000007629395,3669888
2026-08-06T16:10,1.0468000173568726,1.0469000339508057,1.0424000024795532,1.0428999662399292,2730240
2026-08-06T16:15,1.0430999994277954,1.0449999570846558,1.0430999994277954,1.0448999404907227,3408640
2026-08-06T16:20,1.044700026512146,1.044700026512146,1.0435999631881714,1.0444999933242798,2032000
2026-08-06T16:25,1.044600009918213,1.044600009918213,1.0435999631881714,1.044100046157837,0
2026-08-06T16:30,1.0441999435424805,1.0450999736785889,1.0429999828338623,1.0437999963760376,0
2026-08-06T16:35,1.0436999797821045,1.0443999767303467,1.0428999662399292,1.0443999767303467,627968
2026-08-06T16:40,1.044600009918213,1.0472999811172485,1.044600009918213,1.0463999509811401,2534144
2026-08-06T16:45,1.0465999841690063,1.0467000007629395,1.0442999601364136,1.0456000566482544,768384
2026-08-06T16:50,1.045699954032898,1.0462000370025635,1.044800043106079,1.0448999404907227,2219904
2026-08-06T16:55,1.0448999404907227,1.0455000400543213,1.044800043106079,1.0450999736785889,1909120
2026-08-06T17:00,1.0454000234603882,1.0469000339508057,1.0449999570846558,1.0467000007629395,0
2026-08-06T17:05,1.0467000007629395,1.0479999780654907,1.0463000535964966,1.0464999675750732,1962624
2026-08-06T17:10,1.0463000535964966,1.0470999479293823,1.0462000370025635,1.0463000535964966,1489792
2026-08-06T17:15,1.0460000038146973,1.0460000038146973,1.0442999601364136,1.0442999601364136,1347840
2026-08-06T17:20,1.044700026512146,1.0450999736785889,1.0434999465942383,1.0435999631881714,1260032
2026-08-06T17:25,1.0436999797821045,1.0444999933242798,1.0436999797821045,1.0439000129699707,363904
2026-08-06T17:30,1.0439000129699707,1.044600009918213,1.0426000356674194,1.042799949645996,1392384
2026-08-06T17:35,1.042799949645996,1.042799949645996,1.0413999557495117,1.041599988937378,2126464
2026-08-06T17:40,1.0414999723434448,1.041700005531311,1.0394999980926514,1.041200041770935,3094656
2026-08-06T17:45,1.041200041770935,1.042099952697754,1.0400999784469604,1.0400999784469604,2024704
2026-08-06T17:50,1.0401999950408936,1.041200041770935,1.0401999950408936,1.0405999422073364,0
2026-08-06T17:55,1.0406999588012695,1.041200041770935,1.0403000116348267,1.0406999588012695,396032
2026-08-06T18:00,1.0405999422073364,1.0405999422073364,1.0374000072479248,1.0383000373840332,256000
2026-08-06T18:05,1.0384000539779663,1.0396000146865845,1.037600040435791,1.0396000146865845,7503232
2026-08-06T18:10,1.0396000146865845,1.0405000448226929,1.0388000011444092,1.0405000448226929,1962496
2026-08-06T18:15,1.0405000448226929,1.0413999557495117,1.0397000312805176,1.0410000085830688,3485312
2026-08-06T18:20,1.0408999919891357,1.0420000553131104,1.0408999919891357,1.0410000085830688,2707968
2026-08-06T18:25,1.041100025177002,1.041100025177002,1.0400999784469604,1.0405000448226929,917248
2026-08-06T18:30,1.0405000448226929,1.0405000448226929,1.0371999740600586,1.0378999710083008,981760
2026-08-06T18:35,1.0378999710083008,1.0383000373840332,1.0357999801635742,1.0358999967575073,4040704
2026-08-06T18:40,1.0357999801635742,1.0363999605178833,1.034500002861023,1.035599946975708,4821632
2026-08-06T18:45,1.0356999635696411,1.0367000102996826,1.0351999998092651,1.0351999998092651,7420288
2026-08-06T18:50,1.0351999998092651,1.0358999967575073,1.0339000225067139,1.0339000225067139,2316928
2026-08-06T18:55,1.0338000059127808,1.0353000164031982,1.0334999561309814,1.035099983215332,3998464
2026-08-06T19:00,1.0348999500274658,1.0348999500274658,1.033400058746338,1.0339000225067139,1140992
2026-08-06T19:05,1.0339000225067139,1.03410005569458,1.0321999788284302,1.034000039100647,9832832
2026-08-06T19:10,1.034000039100647,1.0342999696731567,1.0336999893188477,1.0336999893188477,6460032
2026-08-06T19:15,1.0335999727249146,1.0336999893188477,1.0321999788284302,1.0329999923706055,1473536
2026-08-06T19:20,1.0329999923706055,1.0356999635696411,1.0329999923706055,1.0347000360488892,3682816
2026-08-06T19:25,1.034600019454956,1.034600019454956,1.031999945640564,1.0327999591827393,4070912
2026-08-06T19:30,1.0335999727249146,1.034500002861023,1.0326999425888062,1.0342999696731567,3028864
2026-08-06T19:35,1.0342999696731567,1.034999966621399,1.0342999696731567,1.034600019454956,1513856
2026-08-06T19:40,1.034600019454956,1.035099983215332,1.034000039100647,1.035099983215332,2608256
2026-08-06T19:45,1.0351999998092651,1.0361000299453735,1.034999966621399,1.0356999635696411,1709696
2026-08-06T19:50,1.035599946975708,1.0372999906539917,1.0348000526428223,1.0370999574661255,3516800
2026-08-06T19:55,1.0371999740600586,1.0379999876022339,1.0343999862670898,1.0343999862670898,3638784
2026-08-06T20:00,1.0348999500274658,1.0365999937057495,1.0348999500274658,1.0362999439239502,1978368
2026-08-06T20:05,1.0362999439239502,1.0363999605178833,1.034600019454956,1.034600019454956,1358464
2026-08-06T20:10,1.034600019454956,1.0356999635696411,1.034500002861023,1.0348000526428223,1578240
2026-08-06T20:15,1.0347000360488892,1.034999966621399,1.0335999727249146,1.0343999862670898,171776
2026-08-06T20:20,1.0343999862670898,1.0347000360488892,1.0333000421524048,1.033400058746338,0
2026-08-06T20:25,1.0333000421524048,1.033400058746338,1.0326000452041626,1.0333000421524048,1908480
2026-08-06T20:30,1.0333000421524048,1.0343999862670898,1.0328999757766724,1.0339000225067139,1797760
2026-08-06T20:35,1.0338000059127808,1.034600019454956,1.033400058746338,1.0342999696731567,2021120
2026-08-06T20:40,1.0342999696731567,1.0348000526428223,1.0333000421524048,1.0333000421524048,2134784
2026-08-06T20:45,1.0333000421524048,1.0333000421524048,1.032099962234497,1.0328999757766724,563840
2026-08-06T20:50,1.0328999757766724,1.033400058746338,1.0319000482559204,1.0321999788284302,2788608
2026-08-06T20:55,1.0319000482559204,1.0328999757766724,1.0319000482559204,1.0321999788284302,2734592
2026-08-06T21:00,1.0324000120162964,1.0338000059127808,1.0324000120162964,1.0327999591827393,0
2026-08-06T21:05,1.0326000452041626,1.034000039100647,1.0322999954223633,1.0329999923706055,3135744
2026-08-06T21:10,1.0329999923706055,1.0343999862670898,1.0329999923706055,1.0341999530792236,2917376
2026-08-06T21:15,1.034000039100647,1.0343999862670898,1.0326999425888062,1.0338000059127808,2685184
2026-08-06T21:20,1.0339000225067139,1.0355000495910645,1.0339000225067139,1.0355000495910645,2306944
2026-08-06T21:25,1.0355000495910645,1.0357999801635742,1.0348000526428223,1.0348000526428223,0
2026-08-06T21:30,1.034600019454956,1.034600019454956,1.0333000421524048,1.0333000421524048,0
2026-08-06T21:35,1.0332000255584717,1.034600019454956,1.031999945640564,1.034600019454956,1052288
2026-08-06T21:40,1.0347000360488892,1.0357999801635742,1.0338000059127808,1.035599946975708,1819392
2026-08-06T21:45,1.035599946975708,1.035599946975708,1.0342999696731567,1.0342999696731567,854400
2026-08-06T21:50,1.034500002861023,1.0355000495910645,1.034500002861023,1.034999966621399,327808
2026-08-06T21:55,1.034999966621399,1.0353000164031982,1.0348000526428223,1.0351999998092651,422272
2026-08-06T22:00,1.0355000495910645,1.0361000299453735,1.0341999530792236,1.0355000495910645,0
2026-08-06T22:05,1.035599946975708,1.0358999967575073,1.034600019454956,1.0348999500274658,1054080
2026-08-06T22:10,1.0351999998092651,1.0362999439239502,1.034999966621399,1.0358999967575073,0
2026-08-06T22:15,1.0357999801635742,1.0363999605178833,1.0354000329971313,1.0358999967575073,951296
2026-08-06T22:20,1.0358999967575073,1.0358999967575073,1.0341999530792236,1.0348999500274658,281088
2026-08-06T22:25,1.034999966621399,1.0353000164031982,1.0347000360488892,1.0353000164031982,589568
2026-08-06T22:30,1.0353000164031982,1.0361000299453735,1.0348000526428223,1.0360000133514404,0
2026-08-06T22:35,1.0356999635696411,1.0358999967575073,1.035599946975708,1.0357999801635742,180352
2026-08-06T22:40,1.0357999801635742,1.0362999439239502,1.034999966621399,1.0353000164031982,190976
2026-08-06T22:45,1.0354000329971313,1.0362000465393066,1.0353000164031982,1.0362000465393066,0
2026-08-06T22:50,1.0361000299453735,1.0365999937057495,1.0361000299453735,1.0362000465393066,695936
2026-08-06T22:55,1.0362999439239502,1.0367000102996826,1.0362999439239502,1.0365999937057495,0
2026-08-06T23:00,1.0362999439239502,1.0364999771118164,1.034999966621399,1.035099983215332,0
2026-08-06T23:05,1.0353000164031982,1.0353000164031982,1.03410005569458,1.0348000526428223,0
2026-08-06T23:10,1.0348000526428223,1.0351999998092651,1.0339000225067139,1.034000039100647,0
2026-08-06T23:15,1.034000039100647,1.0343999862670898,1.0324000120162964,1.0324000120162964,0
2026-08-06T23:20,1.0325000286102295,1.0328999757766724,1.0313999652862549,1.0325000286102295,257536
2026-08-06T23:25,1.0324000120162964,1.0327999591827393,1.031599998474121,1.0319000482559204,1324288
2026-08-06T23:30,1.0318000316619873,1.0322999954223633,1.0305999517440796,1.0305999517440796,256
2026-08-06T23:35,1.030500054359436,1.0311000347137451,1.0295000076293945,1.0302000045776367,5488128
2026-08-06T23:40,1.0302000045776367,1.0312999486923218,1.0299999713897705,1.0312000513076782,4278272
2026-08-06T23:45,1.0312000513076782,1.0325000286102295,1.030900001525879,1.0317000150680542,2696320
2026-08-06T23:50,1.0318000316619873,1.0335999727249146,1.031599998474121,1.0334999561309814,2048128
2026-08-06T23:55,1.0334999561309814,1.0341999530792236,1.0334999561309814,1.0341999530792236,2137472
2026-08-07T00:00,1.03410005569458,1.0348999500274658,1.0332000255584717,1.0347000360488892,1303296
2026-08-07T00:05,1.0347000360488892,1.0351999998092651,1.034500002861023,1.034500002861023,4032896
2026-08-07T00:10,1.0343999862670898,1.034600019454956,1.0318000316619873,1.0318000316619873,1974016
2026-08-07T00:15,1.0319000482559204,1.0322999954223633,1.031000018119812,1.0312000513076782,1522176
2026-08-07T00:20,1.0312000513076782,1.0325000286102295,1.0305999517440796,1.0325000286102295,2865792
2026-08-07T00:25,1.0322999954223633,1.0336999893188477,1.031999945640564,1.0335999727249146,1677056
2026-08-07T00:30,1.0335999727249146,1.0351999998092651,1.0328999757766724,1.035099983215332,2247424
2026-08-07T00:35,1.0348999500274658,1.0348999500274658,1.0334999561309814,1.0341999530792236,2183296
2026-08-07T00:40,1.0342999696731567,1.0348000526428223,1.0331000089645386,1.0347000360488892,239616
2026-08-07T00:45,1.0348000526428223,1.0351999998092651,1.0342999696731567,1.0343999862670898,156288
2026-08-07T00:50,1.034500002861023,1.0361000299453735,1.0341999530792236,1.0351999998092651,477440
2026-08-07T00:55,1.0354000329971313,1.035599946975708,1.034500002861023,1.0353000164031982,376192
2026-08-07T01:00,1.035599946975708,1.037500023841858,1.035599946975708,1.0371999740600586,0
2026-08-07T01:05,1.0369000434875488,1.037600040435791,1.0362000465393066,1.0362999439239502,1344640
2026-08-07T01:10,1.0364999771118164,1.0364999771118164,1.0354000329971313,1.0363999605178833,0
2026-08-07T01:15,1.0363999605178833,1.0374000072479248,1.0356999635696411,1.0374000072479248,0
2026-08-07T01:20,1.0374000072479248,1.037600040435791,1.0362999439239502,1.0362999439239502,828032
2026-08-07T01:25,1.0363999605178833,1.0377999544143677,1.0361000299453735,1.0377999544143677,0
2026-08-07T01:30,1.0378999710083008,1.0384999513626099,1.037500023841858,1.037600040435791,0
2026-08-07T01:35,1.0374000072479248,1.0377000570297241,1.0355000495910645,1.0355000495910645,0
2026-08-07T01:40,1.035099983215332,1.0362000465393066,1.034600019454956,1.0362000465393066,0
2026-08-07T01:45,1.0360000133514404,1.037500023841858,1.0360000133514404,1.0370999574661255,0
2026-08-07T01:50,1.0371999740600586,1.0377999544143677,1.0362000465393066,1.0369000434875488,0
2026-08-07T01:55,1.0368000268936157,1.0372999906539917,1.0360000133514404,1.0369999408721924,0
2026-08-07T02:00,1.0369999408721924,1.0371999740600586,1.0361000299453735,1.0361000299453735,0
2026-08-07T02:05,1.0361000299453735,1.0362000465393066,1.034600019454956,1.034600019454956,0
2026-08-07T02:10,1.034600019454956,1.035599946975708,1.0331000089645386,1.0354000329971313,0
2026-08-07T02:15,1.0354000329971313,1.0371999740600586,1.0354000329971313,1.0355000495910645,0
2026-08-07T02:20,1.0354000329971313,1.0355000495910645,1.0325000286102295,1.0327999591827393,0
2026-08-07T02:25,1.0321999788284302,1.0321999788284302,1.030500054359436,1.030900001525879,0
2026-08-07T02:30,1.0307999849319458,1.0312999486923218,1.0303000211715698,1.0303000211715698,0
2026-08-07T02:35,1.0302000045776367,1.031000018119812,1.027400016784668,1.0276000499725342,0
2026-08-07T02:40,1.027400016784668,1.029099941253662,1.0268000364303589,1.0289000272750854,6829440
2026-08-07T02:45,1.0289000272750854,1.030500054359436,1.0288000106811523,1.0302000045776367,6734208
2026-08-07T02:50,1.030400037765503,1.031599998474121,1.0302000045776367,1.030500054359436,1822720
2026-08-07T02:55,1.030400037765503,1.0305999517440796,1.0295000076293945,1.0295000076293945,2517376
2026-08-07T03:00,1.0295000076293945,1.0296000242233276,1.027999997138977,1.0282000303268433,0
2026-08-07T03:05,1.0282000303268433,1.0302000045776367,1.0282000303268433,1.0297000408172607,0
2026-08-07T03:10,1.0298000574111938,1.0303000211715698,1.0281000137329102,1.0286999940872192,2080256
2026-08-07T03:15,1.0285999774932861,1.0289000272750854,1.0270999670028687,1.0277999639511108,0
2026-08-07T03:20,1.027500033378601,1.02839994430542,1.0262999534606934,1.027999997138977,1079552
2026-08-07T03:25,1.0283000469207764,1.0283000469207764,1.027400016784668,1.0276999473571777,1853568
2026-08-07T03:30,1.0276999473571777,1.0286999940872192,1.0269999504089355,1.0269999504089355,736640
2026-08-07T03:35,1.0269999504089355,1.027400016784668,1.0259000062942505,1.0259000062942505,0
2026-08-07T03:40,1.0262000560760498,1.0268000364303589,1.0240000486373901,1.0247999429702759,1470080
2026-08-07T03:45,1.0247000455856323,1.0247999429702759,1.0240000486373901,1.0247000455856323,4285312
2026-08-07T03:50,1.0245000123977661,1.0245000123977661,1.020900011062622,1.021399974822998,9210112
2026-08-07T03:55,1.020799994468689,1.0210000276565552,1.0189000368118286,1.0202000141143799,13941888
2026-08-07T04:00,1.0202000141143799,1.0202000141143799,1.017300009727478,1.0189000368118286,4714880
2026-08-07T04:05,1.0190999507904053,1.0221999883651733,1.018399953842163,1.0216000080108643,0
2026-08-07T04:10,1.0218000411987305,1.0218000411987305,1.0188000202178955,1.0190000534057617,795136
2026-08-07T04:15,1.0190999507904053,1.021399974822998,1.0190000534057617,1.0211999416351318,2083584
2026-08-07T04:20,1.0214999914169312,1.0214999914169312,1.019700050354004,1.0199999809265137,2815232
2026-08-07T04:25,1.0199999809265137,1.0211000442504883,1.0195000171661377,1.0210000276565552,1979648
2026-08-07T04:30,1.020799994468689,1.0224000215530396,1.0204999446868896,1.0220999717712402,3654144
2026-08-07T04:35,1.0223000049591064,1.0226999521255493,1.0210000276565552,1.0219999551773071,0
2026-08-07T04:40,1.0219000577926636,1.0225000381469727,1.0219000577926636,1.0220999717712402,0
2026-08-07T04:45,1.0219000577926636,1.0226999521255493,1.020300030708313,1.0205999612808228,1987456
2026-08-07T04:50,1.0198999643325806,1.020900011062622,1.0188000202178955,1.020900011062622,1264384
2026-08-07T04:55,1.0210000276565552,1.0217000246047974,1.0196000337600708,1.019700050354004,3905536
2026-08-07T05:00,1.019700050354004,1.0218000411987305,1.0196000337600708,1.020400047302246,0
2026-08-07T05:05,1.020400047302246,1.0204999446868896,1.0191999673843384,1.0191999673843384,1301376
2026-08-07T05:10,1.0184999704360962,1.0190000534057617,1.0175000429153442,1.0175000429153442,0
2026-08-07T05:15,1.0175000429153442,1.0184999704360962,1.016700029373169,1.017699956893921,4535936
2026-08-07T05:20,1.017899990081787,1.0183000564575195,1.0152000188827515,1.0152000188827515,12175616
2026-08-07T05:25,1.0154999494552612,1.017699956893921,1.0152000188827515,1.0161999464035034,3932928
2026-08-07T05:30,1.0161999464035034,1.0168999433517456,1.014299988746643,1.0146000385284424,1127680
2026-08-07T05:35,1.0145000219345093,1.018399953842163,1.0144000053405762,1.017899990081787,3540224
2026-08-07T05:40,1.017799973487854,1.017799973487854,1.0166000127792358,1.017300009727478,3838848
2026-08-07T05:45,1.017300009727478,1.0187000036239624,1.017300009727478,1.0181000232696533,2964864
2026-08-07T05:50,1.0185999870300293,1.020400047302246,1.0185999870300293,1.0198999643325806,2813696
2026-08-07T05:55,1.0198999643325806,1.020900011062622,1.0198999643325806,1.020400047302246,901760
2026-08-07T06:00,1.0200999975204468,1.0211000442504883,1.0197999477386475,1.0211000442504883,0
2026-08-07T06:05,1.021299958229065,1.0224000215530396,1.0211999416351318,1.0224000215530396,2691200
2026-08-07T06:10,1.0225000381469727,1.024399995803833,1.0225000381469727,1.024399995803833,2605824
2026-08-07T06:15,1.024399995803833,1.0264999866485596,1.0236999988555908,1.0255000591278076,664832
2026-08-07T06:20,1.0255000591278076,1.0263999700546265,1.0247999429702759,1.0262999534606934,2165120
2026-08-07T06:25,1.0264999866485596,1.0271999835968018,1.0261000394821167,1.0271999835968018,3192192
2026-08-07T06:30,1.027500033378601,1.027500033378601,1.0255999565124512,1.0260000228881836,3127680
2026-08-07T06:35,1.0260000228881836,1.027999997138977,1.0260000228881836,1.027500033378601,3096448
2026-08-07T06:40,1.0276000499725342,1.0276000499725342,1.0269999504089355,1.0273000001907349,2679808
2026-08-07T06:45,1.0273000001907349,1.0273000001907349,1.0261000394821167,1.0261000394821167,505088
2026-08-07T06:50,1.0261000394821167,1.0267000198364258,1.0255000591278076,1.0262000560760498,331136
2026-08-07T06:55,1.0262999534606934,1.026900053024292,1.0253000259399414,1.0253000259399414,0
2026-08-07T07:00,1.0254000425338745,1.0254000425338745,1.0240999460220337,1.0252000093460083,0
2026-08-07T07:05,1.0252000093460083,1.0266000032424927,1.024899959564209,1.0264999866485596,949760
2026-08-07T07:10,1.0264999866485596,1.027500033378601,1.0264999866485596,1.0271999835968018,3297792
2026-08-07T07:15,1.0270999670028687,1.0276999473571777,1.026900053024292,1.026900053024292,345344
2026-08-07T07:20,1.026900053024292,1.027500033378601,1.0262999534606934,1.0268000364303589,0
2026-08-07T07:25,1.0268000364303589,1.027400016784668,1.0267000198364258,1.0269999504089355,214144
2026-08-07T07:30,1.0269999504089355,1.027500033378601,1.0268000364303589,1.0270999670028687,963200
2026-08-07T07:35,1.0269999504089355,1.0276000499725342,1.0262999534606934,1.0262999534606934,0
2026-08-07T07:40,1.0262999534606934,1.0266000032424927,1.0262000560760498,1.0262999534606934,0
2026-08-07T07:45,1.0262999534606934,1.0271999835968018,1.0262000560760498,1.0271999835968018,0
2026-08-07T07:50,1.0269999504089355,1.0281000137329102,1.0269999504089355,1.0281000137329102,456576
2026-08-07T07:55,1.0281000137329102,1.0283000469207764,1.0276000499725342,1.0276999473571777,2157184
2026-08-07T08:00,1.027500033378601,1.027899980545044,1.0269999504089355,1.027899980545044,0
2026-08-07T08:05,1.0283000469207764,1.0283000469207764,1.0264999866485596,1.0264999866485596,0
2026-08-07T08:10,1.0268000364303589,1.0277999639511108,1.0266000032424927,1.0276999473571777,76032
2026-08-07T08:15,1.0276000499725342,1.0276000499725342,1.0267000198364258,1.0271999835968018,1755648
2026-08-07T08:20,1.0270999670028687,1.0273000001907349,1.0262999534606934,1.0267000198364258,0
2026-08-07T08:25,1.026900053024292,1.027999997138977,1.026900053024292,1.0277999639511108,0
2026-08-07T08:30,1.027999997138977,1.0289000272750854,1.0276000499725342,1.0283000469207764,0
2026-08-07T08:35,1.0282000303268433,1.0283000469207764,1.0270999670028687,1.027400016784668,0
2026-08-07T08:40,1.027500033378601,1.031000018119812,1.027400016784668,1.0302000045776367,0
2026-08-07T08:45,1.0303000211715698,1.0303000211715698,1.0298999547958374,1.0303000211715698,1549184
2026-08-07T08:50,1.0303000211715698,1.0303000211715698,1.0293999910354614,1.0299999713897705,0
2026-08-07T08:55,1.0300999879837036,1.030400037765503,1.0298999547958374,1.030400037765503,0
2026-08-07T09:00,1.030400037765503,1.0341999530792236,1.030400037765503,1.0329999923706055,0
2026-08-07T09:05,1.0327999591827393,1.0328999757766724,1.0322999954223633,1.0327999591827393,0
2026-08-07T09:10,1.0327999591827393,1.033400058746338,1.0324000120162964,1.0328999757766724,0
2026-08-07T09:15,1.0328999757766724,1.0342999696731567,1.0326999425888062,1.0342999696731567,0
2026-08-07T09:20,1.0342999696731567,1.034999966621399,1.0339000225067139,1.0347000360488892,3542912
2026-08-07T09:25,1.0348000526428223,1.0353000164031982,1.03410005569458,1.0341999530792236,0
2026-08-07T09:30,1.0341999530792236,1.0367000102996826,1.0341999530792236,1.035599946975708,507520
2026-08-07T09:35,1.035599946975708,1.0364999771118164,1.035599946975708,1.0358999967575073,4338944
2026-08-07T09:40,1.0361000299453735,1.0362000465393066,1.0351999998092651,1.0353000164031982,0
2026-08-07T09:45,1.0354000329971313,1.0354000329971313,1.0342999696731567,1.0354000329971313,0
2026-08-07T09:50,1.0354000329971313,1.0356999635696411,1.0347000360488892,1.0348999500274658,0
2026-08-07T09:55,1.0348000526428223,1.0351999998092651,1.0343999862670898,1.0351999998092651,0
2026-08-07T10:00,1.035599946975708,1.0356999635696411,1.0342999696731567,1.0355000495910645,0
2026-08-07T10:05,1.0355000495910645,1.0357999801635742,1.034999966621399,1.034999966621399,0
2026-08-07T10:10,1.034999966621399,1.0351999998092651,1.0348999500274658,1.035099983215332,2203392
2026-08-07T10:15,1.034999966621399,1.0364999771118164,1.0347000360488892,1.0357999801635742,0
2026-08-07T10:20,1.0357999801635742,1.0357999801635742,1.0348000526428223,1.0348999500274658,6043904
2026-08-07T10:25,1.0348999500274658,1.0357999801635742,1.034500002861023,1.0357999801635742,1191168
2026-08-07T10:30,1.035599946975708,1.0358999967575073,1.034999966621399,1.035099983215332,256768
2026-08-07T10:35,1.0351999998092651,1.0351999998092651,1.0342999696731567,1.034600019454956,994944
2026-08-07T10:40,1.034500002861023,1.0348999500274658,1.0342999696731567,1.0348999500274658,3997696
2026-08-07T10:45,1.0348999500274658,1.0355000495910645,1.0347000360488892,1.034999966621399,2126592
2026-08-07T10:50,1.034999966621399,1.0355000495910645,1.034500002861023,1.034500002861023,1600896
2026-08-07T10:55,1.0343999862670898,1.0343999862670898,1.0336999893188477,1.034000039100647,7548928
2026-08-07T11:00,1.03410005569458,1.0348999500274658,1.034000039100647,1.0347000360488892,0
2026-08-07T11:05,1.0347000360488892,1.0348999500274658,1.0339000225067139,1.03410005569458,1249920
2026-08-07T11:10,1.03410005569458,1.0343999862670898,1.0335999727249146,1.0336999893188477,0
2026-08-07T11:15,1.0336999893188477,1.0342999696731567,1.033400058746338,1.0334999561309814,0
2026-08-07T11:20,1.0332000255584717,1.0362000465393066,1.0332000255584717,1.0355000495910645,3152128
2026-08-07T11:25,1.0356999635696411,1.0357999801635742,1.034600019454956,1.0347000360488892,5103744
2026-08-07T11:30,1.0348000526428223,1.0348000526428223,1.0334999561309814,1.0334999561309814,2945152
2026-08-07T11:35,1.0334999561309814,1.0335999727249146,1.0324000120162964,1.0326999425888062,4381824
2026-08-07T11:40,1.0328999757766724,1.0331000089645386,1.032099962234497,1.032099962234497,3539456
2026-08-07T11:45,1.0325000286102295,1.0329999923706055,1.0324000120162964,1.0325000286102295,4002816
2026-08-07T11:50,1.0325000286102295,1.0325000286102295,1.0313999652862549,1.0318000316619873,1308416
2026-08-07T11:55,1.0318000316619873,1.0332000255584717,1.0317000150680542,1.0331000089645386,2955776
2026-08-07T12:00,1.0332000255584717,1.034600019454956,1.0327999591827393,1.0339000225067139,0
2026-08-07T12:05,1.034000039100647,1.035599946975708,1.0339000225067139,1.0354000329971313,2430720
2026-08-07T12:10,1.0360000133514404,1.0382000207901,1.0357999801635742,1.0377000570297241,4302592
2026-08-07T12:15,1.0377999544143677,1.0379999876022339,1.0368000268936157,1.0369000434875488,6922752
2026-08-07T12:20,1.0368000268936157,1.0374000072479248,1.0361000299453735,1.0362000465393066,5001600
2026-08-07T12:25,1.0362000465393066,1.0369999408721924,1.0351999998092651,1.0365999937057495,3892864
2026-08-07T12:30,1.039199948310852,1.0400999784469604,1.0343999862670898,1.0343999862670898,3488256
2026-08-07T12:35,1.0342999696731567,1.035599946975708,1.0339000225067139,1.034999966621399,39393664
2026-08-07T12:40,1.0348999500274658,1.0358999967575073,1.034600019454956,1.0348999500274658,11720192
2026-08-07T12:45,1.034999966621399,1.0362999439239502,1.034999966621399,1.0362999439239502,4224512
2026-08-07T12:50,1.0362000465393066,1.0384000539779663,1.0362000465393066,1.0384000539779663,1302144
2026-08-07T12:55,1.0384000539779663,1.038599967956543,1.0364999771118164,1.0372999906539917,12090240
2026-08-07T13:00,1.0372999906539917,1.037500023841858,1.0353000164031982,1.0368000268936157,0
2026-08-07T13:05,1.0368000268936157,1.0377000570297241,1.0362000465393066,1.037500023841858,8556032
2026-08-07T13:10,1.037600040435791,1.0390000343322754,1.0362999439239502,1.0365999937057495,0
2026-08-07T13:15,1.0369000434875488,1.038599967956543,1.0368000268936157,1.0384000539779663,2800128
2026-08-07T13:20,1.038599967956543,1.0391000509262085,1.0377000570297241,1.0377000570297241,1500672
2026-08-07T13:25,1.0371999740600586,1.0384999513626099,1.0369999408721924,1.0384999513626099,173440
2026-08-07T13:30,1.0384999513626099,1.0404000282287598,1.0377000570297241,1.0397000312805176,104064
2026-08-07T13:35,1.0397000312805176,1.0403000116348267,1.0369999408721924,1.0400999784469604,1580544
2026-08-07T13:40,1.0403000116348267,1.0405999422073364,1.0384999513626099,1.0399999618530273,32384
2026-08-07T13:45,1.0398000478744507,1.0398999452590942,1.0364999771118164,1.0371999740600586,1015424
2026-08-07T13:50,1.0374000072479248,1.0383000373840332,1.0367000102996826,1.0369999408721924,2965120
2026-08-07T13:55,1.0369999408721924,1.0370999574661255,1.034999966621399,1.0354000329971313,2401408
2026-08-07T14:00,1.0351999998092651,1.0356999635696411,1.030500054359436,1.030900001525879,0
2026-08-07T14:05,1.0306999683380127,1.0313999652862549,1.0285999774932861,1.0290000438690186,4087296
2026-08-07T14:10,1.029099941253662,1.0292999744415283,1.0255999565124512,1.0255999565124512,2437632
2026-08-07T14:15,1.024999976158142,1.0283000469207764,1.024999976158142,1.0281000137329102,7234304
2026-08-07T14:20,1.02839994430542,1.0297000408172607,1.0282000303268433,1.0295000076293945,5129472
2026-08-07T14:25,1.0297000408172607,1.0313999652862549,1.0297000408172607,1.0313999652862549,4184064
2026-08-07T14:30,1.0325000286102295,1.0328999757766724,1.0312999486923218,1.0322999954223633,2965120
2026-08-07T14:35,1.0321999788284302,1.033400058746338,1.0311000347137451,1.031599998474121,2171264
2026-08-07T14:40,1.0312000513076782,1.0322999954223633,1.0293999910354614,1.0295000076293945,1385600
2026-08-07T14:45,1.0291999578475952,1.0302000045776367,1.0285999774932861,1.0289000272750854,0
2026-08-07T14:50,1.0290000438690186,1.0291999578475952,1.0252000093460083,1.0262999534606934,0
2026-08-07T14:55,1.0264999866485596,1.027500033378601,1.0259000062942505,1.0263999700546265,4291328
2026-08-07T15:00,1.0261000394821167,1.0267000198364258,1.0255000591278076,1.0255000591278076,0
2026-08-07T15:05,1.0255000591278076,1.0292999744415283,1.0255000591278076,1.0291999578475952,7640960
2026-08-07T15:10,1.0296000242233276,1.0296000242233276,1.0270999670028687,1.027500033378601,584192
2026-08-07T15:15,1.027500033378601,1.027999997138977,1.0263999700546265,1.027500033378601,1205504
2026-08-07T15:20,1.0276000499725342,1.0288000106811523,1.0268000364303589,1.0281000137329102,0
2026-08-07T15:25,1.0277999639511108,1.027999997138977,1.0263999700546265,1.026900053024292,338688
2026-08-07T15:30,1.0269999504089355,1.029099941253662,1.0264999866485596,1.0270999670028687,1306880
2026-08-07T15:35,1.0270999670028687,1.027500033378601,1.0262999534606934,1.0263999700546265,0
2026-08-07T15:40,1.0268000364303589,1.0273000001907349,1.0261000394821167,1.0266000032424927,210944
2026-08-07T15:45,1.0268000364303589,1.027500033378601,1.0262000560760498,1.027500033378601,0
2026-08-07T15:50,1.027500033378601,1.027999997138977,1.0262999534606934,1.0267000198364258,0
2026-08-07T15:55,1.0268000364303589,1.0271999835968018,1.0262999534606934,1.0269999504089355,0
2026-08-07T16:00,1.0273000001907349,1.0276000499725342,1.0262999534606934,1.0267000198364258,0
2026-08-07T16:05,1.026900053024292,1.0276999473571777,1.0266000032424927,1.0270999670028687,0
2026-08-07T16:10,1.0270999670028687,1.0298999547958374,1.0264999866485596,1.029099941253662,0
2026-08-07T16:15,1.0290000438690186,1.0292999744415283,1.027999997138977,1.0283000469207764,0
2026-08-07T16:20,1.02839994430542,1.0295000076293945,1.0267000198364258,1.0270999670028687,1625088
2026-08-07T16:25,1.0269999504089355,1.027400016784668,1.0257999897003174,1.0260000228881836,1064704
2026-08-07T16:30,1.0262000560760498,1.0263999700546265,1.0241999626159668,1.0259000062942505,3064832
2026-08-07T16:35,1.0260000228881836,1.0260000228881836,1.023900032043457,1.0240999460220337,3218688
2026-08-07T16:40,1.0241999626159668,1.024399995803833,1.023300051689148,1.0233999490737915,600576
2026-08-07T16:45,1.0233999490737915,1.0233999490737915,1.0206999778747559,1.021299958229065,3913984
2026-08-07T16:50,1.021299958229065,1.021399974822998,1.0197999477386475,1.0206999778747559,4550784
2026-08-07T16:55,1.0206999778747559,1.0211000442504883,1.0149999856948853,1.0149999856948853,2952960
2026-08-07T17:00,1.013100028038025,1.0163999795913696,1.0125000476837158,1.0163999795913696,8157824
2026-08-07T17:05,1.0164999961853027,1.0182000398635864,1.0159000158309937,1.0175000429153442,16198272
2026-08-07T17:10,1.017699956893921,1.017799973487854,1.0160000324249268,1.0161999464035034,4369408
2026-08-07T17:15,1.0156999826431274,1.0174000263214111,1.0149999856948853,1.017199993133545,2008320
2026-08-07T17:20,1.0170999765396118,1.0170999765396118,1.0156999826431274,1.0156999826431274,2122112
2026-08-07T17:25,1.0155999660491943,1.0169999599456787,1.0154999494552612,1.016700029373169,3447168
2026-08-07T17:30,1.0163999795913696,1.0164999961853027,1.0134999752044678,1.0149999856948853,882560
2026-08-07T17:35,1.014299988746643,1.0162999629974365,1.0140999555587769,1.0161999464035034,1846016
2026-08-07T17:40,1.0160000324249268,1.0164999961853027,1.0146000385284424,1.0147000551223755,494848
2026-08-07T17:45,1.014799952507019,1.0152000188827515,1.0135999917984009,1.013700008392334,697728
2026-08-07T17:50,1.0135999917984009,1.0154000520706177,1.0132999420166016,1.0153000354766846,3396352
2026-08-07T17:55,1.0154000520706177,1.0160000324249268,1.0148999691009521,1.0159000158309937,3866112
2026-08-07T18:00,1.0159000158309937,1.0170999765396118,1.0159000158309937,1.0168999433517456,0
2026-08-07T18:05,1.016800045967102,1.0189000368118286,1.0164999961853027,1.0189000368118286,1318144
2026-08-07T18:10,1.0189000368118286,1.020900011062622,1.0189000368118286,1.020300030708313,248960
2026-08-07T18:15,1.0204999446868896,1.0206999778747559,1.0196000337600708,1.0204999446868896,220032
2026-08-07T18:20,1.0204999446868896,1.0210000276565552,1.0196000337600708,1.0196000337600708,0
2026-08-07T18:25,1.019700050354004,1.0204999446868896,1.019700050354004,1.0199999809265137,0
2026-08-07T18:30,1.0198999643325806,1.020799994468689,1.0182000398635864,1.0182000398635864,0
2026-08-07T18:35,1.0181000232696533,1.0181000232696533,1.0163999795913696,1.0168999433517456,0
2026-08-07T18:40,1.0169999599456787,1.0169999599456787,1.013800024986267,1.0145000219345093,0
2026-08-07T18:45,1.0146000385284424,1.0153000354766846,1.0140000581741333,1.0152000188827515,0
2026-08-07T18:50,1.0153000354766846,1.0154000520706177,1.0145000219345093,1.0148999691009521,0
2026-08-07T18:55,1.0148999691009521,1.017899990081787,1.0148999691009521,1.017899990081787,0
2026-08-07T19:00,1.017799973487854,1.0204999446868896,1.0175000429153442,1.0184999704360962,0
2026-08-07T19:05,1.018399953842163,1.0210000276565552,1.0183000564575195,1.0210000276565552,0
2026-08-07T19:10,1.0216000080108643,1.0217000246047974,1.0206999778747559,1.0211000442504883,0
2026-08-07T19:15,1.0211000442504883,1.0225000381469727,1.020900011062622,1.0221999883651733,0
2026-08-07T19:20,1.0219999551773071,1.0235999822616577,1.0219000577926636,1.0226999521255493,0
2026-08-07T19:25,1.0228999853134155,1.0233999490737915,1.0226000547409058,1.0232000350952148,0
2026-08-07T19:30,1.0245000123977661,1.0246000289916992,1.0235999822616577,1.0242999792099,2493568
2026-08-07T19:35,1.0242999792099,1.0242999792099,1.0226999521255493,1.0226999521255493,1201664
2026-08-07T19:40,1.0233999490737915,1.0246000289916992,1.0233999490737915,1.0241999626159668,2099456
2026-08-07T19:45,1.0240999460220337,1.0247999429702759,1.0236999988555908,1.0236999988555908,0
2026-08-07T19:50,1.0235999822616577,1.0246000289916992,1.0235999822616577,1.0242999792099,0
2026-08-07T19:55,1.0242999792099,1.024899959564209,1.0223000049591064,1.0227999687194824,0
2026-08-07T20:00,1.0232000350952148,1.0236999988555908,1.0226000547409058,1.0232000350952148,0
2026-08-07T20:05,1.0230000019073486,1.0236999988555908,1.0227999687194824,1.0236999988555908,0
2026-08-07T20:10,1.0234999656677246,1.024399995803833,1.0232000350952148,1.023900032043457,0
2026-08-07T20:15,1.023900032043457,1.0240000486373901,1.0234999656677246,1.0240000486373901,0
2026-08-07T20:20,1.0240000486373901,1.0245000123977661,1.0232000350952148,1.0245000123977661,0
2026-08-07T20:25,1.024899959564209,1.0259000062942505,1.024899959564209,1.0250999927520752,1147136
2026-08-07T20:30,1.024999976158142,1.0253000259399414,1.0247000455856323,1.0247999429702759,297472
2026-08-07T20:35,1.0247000455856323,1.0247999429702759,1.0240999460220337,1.0246000289916992,2105856
2026-08-07T20:40,1.0245000123977661,1.024999976158142,1.024399995803833,1.024399995803833,0
2026-08-07T20:45,1.024399995803833,1.0247999429702759,1.0234999656677246,1.0247999429702759,0
2026-08-07T20:50,1.0246000289916992,1.0246000289916992,1.023900032043457,1.024399995803833,0
2026-08-07T20:55,1.024399995803833,1.024999976158142,1.0240999460220337,1.024999976158142,0
2026-08-07T21:00,1.024899959564209,1.0254000425338745,1.0242999792099,1.0242999792099,0
2026-08-07T21:05,1.024399995803833,1.0247999429702759,1.024399995803833,1.0247000455856323,0
2026-08-07T21:10,1.0247000455856323,1.0263999700546265,1.0247000455856323,1.0263999700546265,0
2026-08-07T21:15,1.0263999700546265,1.0270999670028687,1.0247999429702759,1.024899959564209,0
2026-08-07T21:20,1.024899959564209,1.024899959564209,1.0230000019073486,1.0247999429702759,0
2026-08-07T21:25,1.0247999429702759,1.0250999927520752,1.0240999460220337,1.024899959564209,1385856
2026-08-07T21:30,1.0247999429702759,1.0253000259399414,1.0226000547409058,1.0233999490737915,0
2026-08-07T21:35,1.0233999490737915,1.0234999656677246,1.0221999883651733,1.0225000381469727,1774848
2026-08-07T21:40,1.0225000381469727,1.0235999822616577,1.0216000080108643,1.0225000381469727,0
2026-08-07T21:45,1.0225000381469727,1.0230000019073486,1.0220999717712402,1.0223000049591064,0
2026-08-07T21:50,1.0223000049591064,1.0226999521255493,1.0219000577926636,1.0219000577926636,0
2026-08-07T21:55,1.0219000577926636,1.0227999687194824,1.0218000411987305,1.0226999521255493,0
2026-08-07T22:00,1.0226999521255493,1.0227999687194824,1.0220999717712402,1.0220999717712402,0
2026-08-07T22:05,1.0220999717712402,1.0231000185012817,1.0219000577926636,1.0231000185012817,0
2026-08-07T22:10,1.0231000185012817,1.0232000350952148,1.0224000215530396,1.0227999687194824,200192
2026-08-07T22:15,1.0227999687194824,1.0231000185012817,1.0217000246047974,1.0218000411987305,0
2026-08-07T22:20,1.0217000246047974,1.0217000246047974,1.0195000171661377,1.020400047302246,0
2026-08-07T22:25,1.020400047302246,1.020400047302246,1.0194000005722046,1.020300030708313,847104
2026-08-07T22:30,1.020300030708313,1.020300030708313,1.0190000534057617,1.0194000005722046,682752
2026-08-07T22:35,1.0194000005722046,1.0195000171661377,1.0184999704360962,1.0187000036239624,867840
2026-08-07T22:40,1.0185999870300293,1.0194000005722046,1.018399953842163,1.0194000005722046,541184
2026-08-07T22:45,1.0192999839782715,1.0194000005722046,1.0190999507904053,1.0192999839782715,847488
2026-08-07T22:50,1.0192999839782715,1.020400047302246,1.0192999839782715,1.0198999643325806,599808
2026-08-07T22:55,1.0198999643325806,1.0202000141143799,1.0195000171661377,1.0198999643325806,101632
2026-08-07T23:00,1.0199999809265137,1.0216000080108643,1.0199999809265137,1.0214999914169312,0
2026-08-07T23:05,1.0214999914169312,1.0220999717712402,1.0214999914169312,1.0220999717712402,2011392
2026-08-07T23:10,1.0219999551773071,1.0221999883651733,1.0214999914169312,1.0221999883651733,0
2026-08-07T23:15,1.0221999883651733,1.0223000049591064,1.0217000246047974,1.0219000577926636,0
2026-08-07T23:20,1.0217000246047974,1.0217000246047974,1.020900011062622,1.021299958229065,0
2026-08-07T23:25,1.021299958229065,1.021299958229065,1.0210000276565552,1.0211000442504883,0
2026-08-07T23:30,1.0210000276565552,1.0219000577926636,1.0210000276565552,1.0218000411987305,0
2026-08-07T23:35,1.0219000577926636,1.0228999853134155,1.0219000577926636,1.0228999853134155,0
2026-08-07T23:40,1.0228999853134155,1.0232000350952148,1.0227999687194824,1.0232000350952148,0
2026-08-07T23:45,1.0232000350952148,1.023300051689148,1.0219000577926636,1.0219999551773071,0
2026-08-07T23:50,1.0219999551773071,1.0219999551773071,1.020900011062622,1.020900011062622,0
2026-08-07T23:55,1.020900011062622,1.021299958229065,1.0205999612808228,1.0205999612808228,0
2026-08-08T00:00,1.0202000141143799,1.021399974822998,1.019700050354004,1.021299958229065,0
2026-08-08T00:05,1.021299958229065,1.0228999853134155,1.0211999416351318,1.0225000381469727,0
2026-08-08T00:10,1.0224000215530396,1.0228999853134155,1.0223000049591064,1.0226999521255493,0
2026-08-08T00:15,1.0228999853134155,1.0232000350952148,1.0218000411987305,1.0223000049591064,0
2026-08-08T00:20,1.0223000049591064,1.0230000019073486,1.0223000049591064,1.0230000019073486,0
2026-08-08T00:25,1.0230000019073486,1.023800015449524,1.0228999853134155,1.0234999656677246,0
2026-08-08T00:30,1.0234999656677246,1.0235999822616577,1.0230000019073486,1.0230000019073486,722560
2026-08-08T00:35,1.0228999853134155,1.0240000486373901,1.0228999853134155,1.0240000486373901,0
2026-08-08T00:40,1.0240000486373901,1.024399995803833,1.0240000486373901,1.024399995803833,0
2026-08-08T00:45,1.024399995803833,1.024399995803833,1.0236999988555908,1.023800015449524,0
2026-08-08T00:50,1.023800015449524,1.0247000455856323,1.0236999988555908,1.0246000289916992,0
2026-08-08T00:55,1.0246000289916992,1.0252000093460083,1.024399995803833,1.0245000123977661,0
2026-08-08T01:00,1.024399995803833,1.0257999897003174,1.0242999792099,1.0255000591278076,0
2026-08-08T01:05,1.0255000591278076,1.0255999565124512,1.0253000259399414,1.0255000591278076,0
2026-08-08T01:10,1.0255000591278076,1.0261000394821167,1.024999976158142,1.0255000591278076,0
2026-08-08T01:15,1.0255000591278076,1.0268000364303589,1.0250999927520752,1.0266000032424927,0
2026-08-08T01:20,1.0266000032424927,1.026900053024292,1.0262999534606934,1.026900053024292,0
2026-08-08T01:25,1.0269999504089355,1.0271999835968018,1.0263999700546265,1.0263999700546265,0
2026-08-08T01:30,1.0268000364303589,1.0269999504089355,1.0262999534606934,1.0268000364303589,0
2026-08-08T01:35,1.0268000364303589,1.0298000574111938,1.0268000364303589,1.0295000076293945,2294016
2026-08-08T01:40,1.0295000076293945,1.030900001525879,1.0292999744415283,1.030400037765503,1955968
2026-08-08T01:45,1.030400037765503,1.030400037765503,1.0289000272750854,1.0292999744415283,1575936
2026-08-08T01:50,1.0291999578475952,1.0295000076293945,1.029099941253662,1.0291999578475952,0
2026-08-08T01:55,1.0291999578475952,1.0299999713897705,1.0291999578475952,1.0295000076293945,0
2026-08-08T02:00,1.0295000076293945,1.030400037765503,1.0291999578475952,1.0295000076293945,0
2026-08-08T02:05,1.0298999547958374,1.0312999486923218,1.0298999547958374,1.0302000045776367,5099776
2026-08-08T02:10,1.0302000045776367,1.0305999517440796,1.0298999547958374,1.0303000211715698,8005376
2026-08-08T02:15,1.030400037765503,1.030500054359436,1.0299999713897705,1.0299999713897705,7584768
2026-08-08T02:20,1.0299999713897705,1.030500054359436,1.0298000574111938,1.0298000574111938,1128832
2026-08-08T02:25,1.0298000574111938,1.0303000211715698,1.0293999910354614,1.0298999547958374,0
2026-08-08T02:30,1.0298999547958374,1.030500054359436,1.029099941253662,1.0295000076293945,124928
2026-08-08T02:35,1.0295000076293945,1.0300999879837036,1.0295000076293945,1.0299999713897705,0
2026-08-08T02:40,1.0299999713897705,1.0307999849319458,1.0299999713897705,1.0306999683380127,0
2026-08-08T02:45,1.0306999683380127,1.030900001525879,1.0298999547958374,1.0303000211715698,0
2026-08-08T02:50,1.0302000045776367,1.0303000211715698,1.0297000408172607,1.0300999879837036,0
2026-08-08T02:55,1.0300999879837036,1.0307999849319458,1.0300999879837036,1.030400037765503,0
2026-08-08T03:00,1.030400037765503,1.0321999788284302,1.030400037765503,1.0321999788284302,0
2026-08-08T03:05,1.0321999788284302,1.0326999425888062,1.0319000482559204,1.0319000482559204,0
2026-08-08T03:10,1.0318000316619873,1.0321999788284302,1.0312999486923218,1.031499981880188,0
2026-08-08T03:15,1.031599998474121,1.0332000255584717,1.031599998474121,1.0328999757766724,0
2026-08-08T03:20,1.0328999757766724,1.0328999757766724,1.0321999788284302,1.0325000286102295,0
2026-08-08T03:25,1.0325000286102295,1.0351999998092651,1.0324000120162964,1.0351999998092651,0
2026-08-08T03:30,1.0355000495910645,1.0377999544143677,1.0355000495910645,1.0377999544143677,3366528
2026-08-08T03:35,1.037600040435791,1.0379999876022339,1.0362999439239502,1.0363999605178833,46592
2026-08-08T03:40,1.0363999605178833,1.0371999740600586,1.0362000465393066,1.0362999439239502,0
2026-08-08T03:45,1.0362999439239502,1.0369999408721924,1.0361000299453735,1.0363999605178833,0
2026-08-08T03:50,1.0362999439239502,1.0365999937057495,1.0356999635696411,1.0362999439239502,0
2026-08-08T03:55,1.0370999574661255,1.0383000373840332,1.0365999937057495,1.0365999937057495,0
2026-08-08T04:00,1.0369000434875488,1.0388000011444092,1.0369000434875488,1.037500023841858,0
2026-08-08T04:05,1.0371999740600586,1.0372999906539917,1.0351999998092651,1.0354000329971313,0
2026-08-08T04:10,1.0354000329971313,1.0362000465393066,1.034999966621399,1.0357999801635742,0
2026-08-08T04:15,1.0357999801635742,1.0367000102996826,1.035599946975708,1.0358999967575073,0
2026-08-08T04:20,1.0357999801635742,1.0357999801635742,1.0353000164031982,1.0353000164031982,0
2026-08-08T04:25,1.0353000164031982,1.0356999635696411,1.0348999500274658,1.0351999998092651,0
2026-08-08T04:30,1.035099983215332,1.0360000133514404,1.035099983215332,1.0353000164031982,0
2026-08-08T04:35,1.0353000164031982,1.0356999635696411,1.034999966621399,1.0353000164031982,0
2026-08-08T04:40,1.0354000329971313,1.0355000495910645,1.0338000059127808,1.0338000059127808,0
2026-08-08T04:45,1.0341999530792236,1.0348999500274658,1.0341999530792236,1.034500002861023,925184
2026-08-08T04:50,1.034500002861023,1.034600019454956,1.03410005569458,1.034600019454956,0
2026-08-08T04:55,1.0348000526428223,1.034999966621399,1.0342999696731567,1.034500002861023,0
2026-08-08T05:00,1.0348999500274658,1.034999966621399,1.034000039100647,1.034600019454956,0
2026-08-08T05:05,1.034600019454956,1.0348999500274658,1.0341999530792236,1.0341999530792236,0
2026-08-08T05:10,1.034500002861023,1.034600019454956,1.0341999530792236,1.0341999530792236,0
2026-08-08T05:15,1.0343999862670898,1.034500002861023,1.0339000225067139,1.03410005569458,0
2026-08-08T05:20,1.03410005569458,1.034500002861023,1.03410005569458,1.034500002861023,0
2026-08-08T05:25,1.034500002861023,1.034600019454956,1.0331000089645386,1.033400058746338,0
2026-08-08T05:30,1.0329999923706055,1.0334999561309814,1.0326000452041626,1.0333000421524048,0
2026-08-08T05:35,1.0334999561309814,1.035099983215332,1.0334999561309814,1.034000039100647,0
2026-08-08T05:40,1.0339000225067139,1.0339000225067139,1.0328999757766724,1.0329999923706055,0
2026-08-08T05:45,1.0329999923706055,1.0331000089645386,1.0325000286102295,1.0326000452041626,0
2026-08-08T05:50,1.0326000452041626,1.0326999425888062,1.031499981880188,1.0317000150680542,0
2026-08-08T05:55,1.031599998474121,1.0327999591827393,1.031499981880188,1.0326999425888062,0
2026-08-08T06:00,1.0327999591827393,1.033400058746338,1.0324000120162964,1.0329999923706055,0
2026-08-08T06:05,1.0331000089645386,1.0341999530792236,1.0329999923706055,1.0341999530792236,0
2026-08-08T06:10,1.0341999530792236,1.0341999530792236,1.0338000059127808,1.0339000225067139,0
2026-08-08T06:15,1.0339000225067139,1.0339000225067139,1.0328999757766724,1.0328999757766724,0
2026-08-08T06:20,1.0327999591827393,1.033400058746338,1.0326999425888062,1.0329999923706055,0
2026-08-08T06:25,1.0329999923706055,1.0335999727249146,1.0324000120162964,1.0335999727249146,0
2026-08-08T06:30,1.0336999893188477,1.034500002861023,1.0334999561309814,1.034500002861023,0
2026-08-08T06:35,1.0347000360488892,1.0348999500274658,1.034000039100647,1.0341999530792236,0
2026-08-08T06:40,1.0343999862670898,1.0351999998092651,1.03410005569458,1.0348999500274658,0
2026-08-08T06:45,1.0348999500274658,1.0354000329971313,1.0343999862670898,1.0354000329971313,0
2026-08-08T06:50,1.0355000495910645,1.0355000495910645,1.034600019454956,1.0348000526428223,0
2026-08-08T06:55,1.0348000526428223,1.034999966621399,1.0341999530792236,1.0342999696731567,0
2026-08-08T07:00,1.0342999696731567,1.034600019454956,1.0335999727249146,1.0336999893188477,0
2026-08-08T07:05,1.0336999893188477,1.0338000059127808,1.033400058746338,1.0335999727249146,0
2026-08-08T07:10,1.0334999561309814,1.0335999727249146,1.0329999923706055,1.033400058746338,0
2026-08-08T07:15,1.033400058746338,1.0334999561309814,1.0332000255584717,1.0333000421524048,0
2026-08-08T07:20,1.033400058746338,1.0347000360488892,1.033400058746338,1.0342999696731567,0
2026-08-08T07:25,1.0343999862670898,1.034500002861023,1.0339000225067139,1.03410005569458,0
2026-08-08T07:30,1.034000039100647,1.0343999862670898,1.0336999893188477,1.0338000059127808,0
2026-08-08T07:35,1.0338000059127808,1.03410005569458,1.0328999757766724,1.0328999757766724,0
2026-08-08T07:40,1.0326000452041626,1.0332000255584717,1.0326000452041626,1.0331000089645386,0
2026-08-08T07:45,1.0331000089645386,1.0334999561309814,1.0327999591827393,1.0328999757766724,2542976
2026-08-08T07:50,1.0328999757766724,1.0331000089645386,1.0326000452041626,1.0327999591827393,0
2026-08-08T07:55,1.0327999591827393,1.034500002861023,1.0327999591827393,1.0341999530792236,0
2026-08-08T08:00,1.03410005569458,1.0347000360488892,1.0338000059127808,1.0343999862670898,0
2026-08-08T08:05,1.0343999862670898,1.0343999862670898,1.0336999893188477,1.0341999530792236,0
2026-08-08T08:10,1.0341999530792236,1.0348000526428223,1.03410005569458,1.0341999530792236,0
2026-08-08T08:15,1.0341999530792236,1.0348000526428223,1.0334999561309814,1.0335999727249146,0
2026-08-08T08:20,1.0335999727249146,1.0336999893188477,1.0334999561309814,1.0336999893188477,0
2026-08-08T08:25,1.0336999893188477,1.0348000526428223,1.0336999893188477,1.034500002861023,0
2026-08-08T08:30,1.034500002861023,1.0348000526428223,1.034000039100647,1.034600019454956,0
2026-08-08T08:35,1.0342999696731567,1.0347000360488892,1.0342999696731567,1.0343999862670898,0
2026-08-08T08:40,1.0343999862670898,1.0343999862670898,1.033400058746338,1.034000039100647,0
2026-08-08T08:45,1.034000039100647,1.034000039100647,1.0329999923706055,1.034000039100647,0
2026-08-08T08:50,1.034000039100647,1.0348000526428223,1.034000039100647,1.0348000526428223,0
2026-08-08T08:55,1.034600019454956,1.035599946975708,1.034600019454956,1.0355000495910645,0
2026-08-08T09:00,1.0355000495910645,1.0368000268936157,1.0347000360488892,1.034999966621399,0
2026-08-08T09:05,1.035099983215332,1.0353000164031982,1.0348000526428223,1.0348999500274658,0
2026-08-08T09:10,1.034999966621399,1.035599946975708,1.034999966621399,1.035099983215332,0
2026-08-08T09:15,1.0353000164031982,1.0356999635696411,1.0353000164031982,1.0355000495910645,0
2026-08-08T09:20,1.0355000495910645,1.0356999635696411,1.035099983215332,1.0353000164031982,0
2026-08-08T09:25,1.0351999998092651,1.0357999801635742,1.0351999998092651,1.0356999635696411,0
2026-08-08T09:30,1.0356999635696411,1.0371999740600586,1.0356999635696411,1.0358999967575073,2068352
2026-08-08T09:35,1.0358999967575073,1.0361000299453735,1.0353000164031982,1.0355000495910645,0
2026-08-08T09:40,1.0354000329971313,1.0357999801635742,1.0354000329971313,1.0354000329971313,0
2026-08-08T09:45,1.0354000329971313,1.0362000465393066,1.0353000164031982,1.0354000329971313,0
2026-08-08T09:50,1.0351999998092651,1.035599946975708,1.0351999998092651,1.035599946975708,0
2026-08-08T09:55,1.0355000495910645,1.0355000495910645,1.0351999998092651,1.0354000329971313,0
2026-08-08T10:00,1.0351999998092651,1.0362000465393066,1.035099983215332,1.0362000465393066,0
2026-08-08T10:05,1.0358999967575073,1.0358999967575073,1.035099983215332,1.0357999801635742,0
2026-08-08T10:10,1.0357999801635742,1.0357999801635742,1.035099983215332,1.0353000164031982,0
2026-08-08T10:15,1.0351999998092651,1.0354000329971313,1.035099983215332,1.0351999998092651,0
2026-08-08T10:20,1.0353000164031982,1.0362000465393066,1.0353000164031982,1.0362000465393066,0
2026-08-08T10:25,1.0363999605178833,1.0369000434875488,1.0363999605178833,1.0364999771118164,0
2026-08-08T10:30,1.0367000102996826,1.0369999408721924,1.0364999771118164,1.0369999408721924,0
2026-08-08T10:35,1.0369999408721924,1.0372999906539917,1.0369000434875488,1.0371999740600586,0
2026-08-08T10:40,1.0371999740600586,1.0371999740600586,1.0363999605178833,1.0363999605178833,0
2026-08-08T10:45,1.0364999771118164,1.0382000207901,1.0364999771118164,1.0382000207901,0
2026-08-08T10:50,1.0382000207901,1.0384999513626099,1.038100004196167,1.0384000539779663,1530496
2026-08-08T10:55,1.0384000539779663,1.0398000478744507,1.0382000207901,1.038699984550476,0
2026-08-08T11:00,1.038699984550476,1.0389000177383423,1.038100004196167,1.0384999513626099,0
2026-08-08T11:05,1.0384999513626099,1.0384999513626099,1.0377999544143677,1.0379999876022339,0
2026-08-08T11:10,1.038100004196167,1.0396000146865845,1.0378999710083008,1.0383000373840332,0
2026-08-08T11:15,1.0384000539779663,1.0384000539779663,1.0374000072479248,1.037600040435791,456960
2026-08-08T11:20,1.037500023841858,1.037500023841858,1.0369999408721924,1.0370999574661255,0
2026-08-08T11:25,1.0370999574661255,1.0372999906539917,1.0369000434875488,1.0372999906539917,0
2026-08-08T11:30,1.0372999906539917,1.0374000072479248,1.0372999906539917,1.0372999906539917,0
2026-08-08T11:35,1.0372999906539917,1.0372999906539917,1.0368000268936157,1.0371999740600586,0
2026-08-08T11:40,1.0371999740600586,1.0371999740600586,1.0362000465393066,1.0362000465393066,0
2026-08-08T11:45,1.0362000465393066,1.0369000434875488,1.0360000133514404,1.0369000434875488,0
2026-08-08T11:50,1.0369000434875488,1.0377000570297241,1.0369000434875488,1.037600040435791,0
2026-08-08T11:55,1.037500023841858,1.0377999544143677,1.0371999740600586,1.0371999740600586,0
2026-08-08T12:00,1.0371999740600586,1.037500023841858,1.0368000268936157,1.0372999906539917,0
2026-08-08T12:05,1.0372999906539917,1.0377000570297241,1.0365999937057495,1.0370999574661255,0
2026-08-08T12:10,1.0370999574661255,1.0384999513626099,1.0370999574661255,1.0384999513626099,0
2026-08-08T12:15,1.0383000373840332,1.0384999513626099,1.0379999876022339,1.0382000207901,0
2026-08-08T12:20,1.0379999876022339,1.0384999513626099,1.0377999544143677,1.0384999513626099,0
2026-08-08T12:25,1.0384999513626099,1.038699984550476,1.038100004196167,1.038100004196167,0
2026-08-08T12:30,1.038100004196167,1.0391000509262085,1.0379999876022339,1.0389000177383423,0
2026-08-08T12:35,1.0390000343322754,1.0401999950408936,1.0390000343322754,1.0398999452590942,0
2026-08-08T12:40,1.0398999452590942,1.0419000387191772,1.0398999452590942,1.041200041770935,0
2026-08-08T12:45,1.041200041770935,1.0414999723434448,1.0410000085830688,1.041200041770935,0
2026-08-08T12:50,1.0413999557495117,1.0427000522613525,1.041100025177002,1.0427000522613525,0
2026-08-08T12:55,1.042199969291687,1.042199969291687,1.0405000448226929,1.0405999422073364,0
2026-08-08T13:00,1.0405999422073364,1.042199969291687,1.0405000448226929,1.042199969291687,0
2026-08-08T13:05,1.0420000553131104,1.0426000356674194,1.041100025177002,1.0414999723434448,0
2026-08-08T13:10,1.041200041770935,1.041200041770935,1.0399999618530273,1.0400999784469604,0
2026-08-08T13:15,1.0398999452590942,1.0413000583648682,1.0398999452590942,1.0408999919891357,0
2026-08-08T13:20,1.0407999753952026,1.0418000221252441,1.0407999753952026,1.0413000583648682,0
2026-08-08T13:25,1.041200041770935,1.0413999557495117,1.0407999753952026,1.041200041770935,0
2026-08-08T13:30,1.041100025177002,1.041100025177002,1.0405000448226929,1.0405999422073364,0
2026-08-08T13:35,1.0405000448226929,1.0414999723434448,1.0404000282287598,1.0405999422073364,0
2026-08-08T13:40,1.0408999919891357,1.0413999557495117,1.0407999753952026,1.0413999557495117,0
2026-08-08T13:45,1.0413000583648682,1.041700005531311,1.0406999588012695,1.041100025177002,0
2026-08-08T13:50,1.041100025177002,1.0413000583648682,1.0406999588012695,1.0407999753952026,0
2026-08-08T13:55,1.0407999753952026,1.0413000583648682,1.0405000448226929,1.0410000085830688,0
2026-08-08T14:00,1.0413000583648682,1.0419000387191772,1.0413000583648682,1.041599988937378,0
2026-08-08T14:05,1.0414999723434448,1.0422999858856201,1.041200041770935,1.041599988937378,0
2026-08-08T14:10,1.041599988937378,1.0434999465942383,1.0413000583648682,1.0427000522613525,0
2026-08-08T14:15,1.0425000190734863,1.0427000522613525,1.041700005531311,1.0418000221252441,0
2026-08-08T14:20,1.0418000221252441,1.0422999858856201,1.041599988937378,1.0419000387191772,0
2026-08-08T14:25,1.0420000553131104,1.0425000190734863,1.0413999557495117,1.0419000387191772,0
2026-08-08T14:30,1.0420000553131104,1.0429999828338623,1.0413999557495117,1.0429999828338623,0
2026-08-08T14:35,1.0429999828338623,1.0437999963760376,1.0422999858856201,1.0424000024795532,0
2026-08-08T14:40,1.0422999858856201,1.0426000356674194,1.042099952697754,1.0424000024795532,0
2026-08-08T14:45,1.0426000356674194,1.044100046157837,1.0426000356674194,1.0440000295639038,0
2026-08-08T14:50,1.0444999933242798,1.0449999570846558,1.0440000295639038,1.0448999404907227,0
2026-08-08T14:55,1.0448999404907227,1.0450999736785889,1.0436999797821045,1.044100046157837,0
2026-08-08T15:00,1.0443999767303467,1.044700026512146,1.0434000492095947,1.0440000295639038,0
2026-08-08T15:05,1.0440000295639038,1.0440000295639038,1.0427000522613525,1.0434000492095947,0
2026-08-08T15:10,1.0433000326156616,1.044100046157837,1.0432000160217285,1.0436999797821045,0
2026-08-08T15:15,1.0436999797821045,1.0437999963760376,1.0430999994277954,1.0432000160217285,0
2026-08-08T15:20,1.0432000160217285,1.0433000326156616,1.041599988937378,1.042099952697754,0
2026-08-08T15:25,1.042099952697754,1.0432000160217285,1.042099952697754,1.0426000356674194,766592
2026-08-08T15:30,1.0426000356674194,1.0426000356674194,1.0419000387191772,1.0425000190734863,268672
2026-08-08T15:35,1.0425000190734863,1.042799949645996,1.0420000553131104,1.0426000356674194,261568
2026-08-08T15:40,1.0426000356674194,1.0429999828338623,1.0422999858856201,1.042799949645996,0
2026-08-08T15:45,1.042799949645996,1.0432000160217285,1.0422999858856201,1.0432000160217285,0
2026-08-08T15:50,1.0435999631881714,1.0450999736785889,1.0434999465942383,1.0448999404907227,0
2026-08-08T15:55,1.0448999404907227,1.0460000038146973,1.0444999933242798,1.044700026512146,0
2026-08-08T16:00,1.0448999404907227,1.045699954032898,1.0448999404907227,1.045699954032898,0
2026-08-08T16:05,1.045699954032898,1.0463000535964966,1.0454000234603882,1.0455000400543213,1410240
2026-08-08T16:10,1.0455000400543213,1.0479999780654907,1.0454000234603882,1.0471999645233154,0
2026-08-08T16:15,1.0473999977111816,1.0478999614715576,1.0464999675750732,1.0464999675750732,0
2026-08-08T16:20,1.0463999509811401,1.0478999614715576,1.0461000204086304,1.0461000204086304,0
2026-08-08T16:25,1.0461000204086304,1.0467000007629395,1.0456000566482544,1.0461000204086304,0
2026-08-08T16:30,1.0462000370025635,1.0468000173568726,1.0460000038146973,1.0465999841690063,0
2026-08-08T16:35,1.0465999841690063,1.0470000505447388,1.0463000535964966,1.0467000007629395,0
2026-08-08T16:40,1.0467000007629395,1.0476000308990479,1.0467000007629395,1.0471999645233154,0
2026-08-08T16:45,1.0471999645233154,1.0471999645233154,1.0462000370025635,1.0464999675750732,0
2026-08-08T16:50,1.0467000007629395,1.0472999811172485,1.0464999675750732,1.0472999811172485,0
2026-08-08T16:55,1.0472999811172485,1.0472999811172485,1.0464999675750732,1.0468000173568726,0
2026-08-08T17:00,1.0464999675750732,1.0467000007629395,1.045799970626831,1.0458999872207642,0
2026-08-08T17:05,1.045799970626831,1.0460000038146973,1.044800043106079,1.0460000038146973,0
2026-08-08T17:10,1.0458999872207642,1.0464999675750732,1.045699954032898,1.0464999675750732,0
2026-08-08T17:15,1.0464999675750732,1.0467000007629395,1.045699954032898,1.0460000038146973,0
2026-08-08T17:20,1.0460000038146973,1.0462000370025635,1.0455000400543213,1.0456000566482544,0
2026-08-08T17:25,1.0456000566482544,1.0469000339508057,1.0456000566482544,1.0468000173568726,0
2026-08-08T17:30,1.0463999509811401,1.0468000173568726,1.0461000204086304,1.0468000173568726,0
2026-08-08T17:35,1.0470000505447388,1.0471999645233154,1.0463000535964966,1.0463999509811401,0
2026-08-08T17:40,1.0463999509811401,1.0468000173568726,1.0461000204086304,1.0463000535964966,0
2026-08-08T17:45,1.0460000038146973,1.0462000370025635,1.045799970626831,1.0462000370025635,0
2026-08-08T17:50,1.0462000370025635,1.0467000007629395,1.045699954032898,1.0458999872207642,0
2026-08-08T17:55,1.045699954032898,1.045699954032898,1.045199990272522,1.045300006866455,0
2026-08-08T18:00,1.045300006866455,1.045300006866455,1.0440000295639038,1.0441999435424805,0
2026-08-08T18:05,1.0441999435424805,1.0441999435424805,1.0433000326156616,1.0435999631881714,0
2026-08-08T18:10,1.0435999631881714,1.0436999797821045,1.042799949645996,1.0433000326156616,0
2026-08-08T18:15,1.0429999828338623,1.0429999828338623,1.042099952697754,1.042099952697754,0
2026-08-08T18:20,1.042099952697754,1.042799949645996,1.0414999723434448,1.0414999723434448,0
2026-08-08T18:25,1.0414999723434448,1.0418000221252441,1.041200041770935,1.0413999557495117,0
2026-08-08T18:30,1.0413999557495117,1.042099952697754,1.041100025177002,1.0419000387191772,126080
2026-08-08T18:35,1.0420000553131104,1.0427000522613525,1.0420000553131104,1.0424000024795532,0
2026-08-08T18:40,1.0424000024795532,1.0428999662399292,1.0424000024795532,1.0426000356674194,0
2026-08-08T18:45,1.0426000356674194,1.0426000356674194,1.0418000221252441,1.042099952697754,0
2026-08-08T18:50,1.0422999858856201,1.0422999858856201,1.0410000085830688,1.0413000583648682,0
2026-08-08T18:55,1.0413000583648682,1.0413999557495117,1.0410000085830688,1.0413999557495117,0
2026-08-08T19:00,1.0413999557495117,1.0413999557495117,1.0407999753952026,1.0407999753952026,0
2026-08-08T19:05,1.0407999753952026,1.0408999919891357,1.0405000448226929,1.0406999588012695,0
2026-08-08T19:10,1.0407999753952026,1.041200041770935,1.0405000448226929,1.041200041770935,0
2026-08-08T19:15,1.041200041770935,1.0413000583648682,1.0405000448226929,1.0405999422073364,0
2026-08-08T19:20,1.0404000282287598,1.0407999753952026,1.0404000282287598,1.0405999422073364,0
2026-08-08T19:25,1.0405999422073364,1.0407999753952026,1.0398999452590942,1.0399999618530273,0
2026-08-08T19:30,1.0399999618530273,1.0405000448226929,1.0394999980926514,1.0405000448226929,0
2026-08-08T19:35,1.0404000282287598,1.0408999919891357,1.0404000282287598,1.0408999919891357,0
2026-08-08T19:40,1.041100025177002,1.041599988937378,1.0410000085830688,1.0414999723434448,0
2026-08-08T19:45,1.0414999723434448,1.0424000024795532,1.0414999723434448,1.0424000024795532,0
2026-08-08T19:50,1.0425000190734863,1.042799949645996,1.0422999858856201,1.0427000522613525,0
2026-08-08T19:55,1.0427000522613525,1.042799949645996,1.041599988937378,1.0418000221252441,0
2026-08-08T20:00,1.041599988937378,1.042099952697754,1.0413000583648682,1.0419000387191772,0
2026-08-08T20:05,1.0419000387191772,1.042199969291687,1.0418000221252441,1.0418000221252441,0
2026-08-08T20:10,1.0418000221252441,1.0425000190734863,1.041700005531311,1.0424000024795532,0
2026-08-08T20:15,1.0424000024795532,1.0429999828338623,1.0420000553131104,1.042099952697754,0
2026-08-08T20:20,1.042099952697754,1.0422999858856201,1.0419000387191772,1.0422999858856201,0
2026-08-08T20:25,1.0422999858856201,1.0424000024795532,1.0418000221252441,1.0420000553131104,0
2026-08-08T20:30,1.0420000553131104,1.0425000190734863,1.0420000553131104,1.0422999858856201,0
2026-08-08T20:35,1.0420000553131104,1.0425000190734863,1.041599988937378,1.0418000221252441,0
2026-08-08T20:40,1.0418000221252441,1.0420000553131104,1.041700005531311,1.0420000553131104,0
2026-08-08T20:45,1.0419000387191772,1.042199969291687,1.0413000583648682,1.0419000387191772,0
2026-08-08T20:50,1.0418000221252441,1.0418000221252441,1.0414999723434448,1.041700005531311,64064
2026-08-08T20:55,1.041700005531311,1.0418000221252441,1.0414999723434448,1.041700005531311,34560
2026-08-08T21:00,1.0418000221252441,1.042199969291687,1.0418000221252441,1.042199969291687,0
2026-08-08T21:05,1.042199969291687,1.0426000356674194,1.042099952697754,1.042199969291687,0
2026-08-08T21:10,1.042199969291687,1.0425000190734863,1.041599988937378,1.0418000221252441,126080
2026-08-08T21:15,1.041599988937378,1.0427000522613525,1.041599988937378,1.0427000522613525,0
2026-08-08T21:20,1.0426000356674194,1.0427000522613525,1.0425000190734863,1.0425000190734863,0
2026-08-08T21:25,1.0427000522613525,1.0430999994277954,1.0425000190734863,1.0425000190734863,0
2026-08-08T21:30,1.0425000190734863,1.0427000522613525,1.042199969291687,1.0427000522613525,0
2026-08-08T21:35,1.0426000356674194,1.042799949645996,1.042099952697754,1.0426000356674194,0
2026-08-08T21:40,1.0424000024795532,1.0430999994277954,1.0422999858856201,1.0428999662399292,0
2026-08-08T21:45,1.0428999662399292,1.0428999662399292,1.042199969291687,1.042799949645996,0
2026-08-08T21:50,1.042799949645996,1.0429999828338623,1.042199969291687,1.0422999858856201,0
2026-08-08T21:55,1.042199969291687,1.0426000356674194,1.0420000553131104,1.0424000024795532,359424
2026-08-08T22:00,1.0426000356674194,1.0429999828338623,1.0419000387191772,1.042199969291687,0
2026-08-08T22:05,1.042099952697754,1.042099952697754,1.0413999557495117,1.0414999723434448,0
2026-08-08T22:10,1.0413999557495117,1.041700005531311,1.041200041770935,1.041200041770935,0
2026-08-08T22:15,1.041200041770935,1.0414999723434448,1.041100025177002,1.0413999557495117,472576
2026-08-08T22:20,1.0413999557495117,1.0413999557495117,1.0406999588012695,1.0413999557495117,0
2026-08-08T22:25,1.0413000583648682,1.0413999557495117,1.0404000282287598,1.0405000448226929,0
2026-08-08T22:30,1.0405999422073364,1.0406999588012695,1.0397000312805176,1.0399999618530273,0
2026-08-08T22:35,1.0399999618530273,1.0399999618530273,1.0392999649047852,1.0396000146865845,0
2026-08-08T22:40,1.0394999980926514,1.0396000146865845,1.0389000177383423,1.0391000509262085,0
2026-08-08T22:45,1.0390000343322754,1.0392999649047852,1.0389000177383423,1.0389000177383423,0
2026-08-08T22:50,1.038699984550476,1.0389000177383423,1.0384000539779663,1.0389000177383423,104704
2026-08-08T22:55,1.0389000177383423,1.0389000177383423,1.0377999544143677,1.0377999544143677,488320
2026-08-08T23:00,1.0377999544143677,1.0377999544143677,1.0372999906539917,1.0372999906539917,0
2026-08-08T23:05,1.037600040435791,1.0378999710083008,1.0374000072479248,1.0374000072479248,0
2026-08-08T23:10,1.0374000072479248,1.0374000072479248,1.0369000434875488,1.0371999740600586,534080
2026-08-08T23:15,1.0371999740600586,1.0374000072479248,1.0362999439239502,1.0372999906539917,502080
2026-08-08T23:20,1.0372999906539917,1.0377000570297241,1.0372999906539917,1.037500023841858,0
2026-08-08T23:25,1.037500023841858,1.037500023841858,1.0374000072479248,1.0374000072479248,0
2026-08-08T23:30,1.037500023841858,1.0378999710083008,1.0374000072479248,1.0378999710083008,563904
2026-08-08T23:35,1.0378999710083008,1.0383000373840332,1.0377999544143677,1.0383000373840332,41088
2026-08-08T23:40,1.0384000539779663,1.0388000011444092,1.0383000373840332,1.038599967956543,0
2026-08-08T23:45,1.038599967956543,1.038599967956543,1.0382000207901,1.038599967956543,345024
2026-08-08T23:50,1.038599967956543,1.0388000011444092,1.0384000539779663,1.0388000011444092,57792
2026-08-08T23:55,1.038699984550476,1.0389000177383423,1.0384999513626099,1.0388000011444092,0
2026-08-09T00:00,1.0389000177383423,1.0398000478744507,1.0389000177383423,1.0398000478744507,0
2026-08-09T00:05,1.0398000478744507,1.0398000478744507,1.038699984550476,1.038699984550476,0
2026-08-09T00:10,1.038599967956543,1.0393999814987183,1.038599967956543,1.039199948310852,0
2026-08-09T00:15,1.039199948310852,1.039199948310852,1.038599967956543,1.038699984550476,211392
2026-08-09T00:20,1.0384999513626099,1.038599967956543,1.0378999710083008,1.0379999876022339,0
2026-08-09T00:25,1.0379999876022339,1.038100004196167,1.0377000570297241,1.0377999544143677,0
2026-08-09T00:30,1.0377999544143677,1.0384000539779663,1.0377000570297241,1.0382000207901,0
2026-08-09T00:35,1.0382000207901,1.0389000177383423,1.0379999876022339,1.038699984550476,396672
2026-08-09T00:40,1.038699984550476,1.039199948310852,1.038699984550476,1.039199948310852,637248
2026-08-09T00:45,1.039199948310852,1.039199948310852,1.0369999408721924,1.0369999408721924,379968
2026-08-09T00:50,1.0369999408721924,1.037500023841858,1.0368000268936157,1.0374000072479248,342208
2026-08-09T00:55,1.0374000072479248,1.0388000011444092,1.0374000072479248,1.0388000011444092,1086016
2026-08-09T01:00,1.0389000177383423,1.0398999452590942,1.0384000539779663,1.038699984550476,0
2026-08-09T01:05,1.038699984550476,1.038699984550476,1.0379999876022339,1.038599967956543,0
2026-08-09T01:10,1.0384999513626099,1.0389000177383423,1.0384000539779663,1.038599967956543,0
2026-08-09T01:15,1.038699984550476,1.0391000509262085,1.0384999513626099,1.0388000011444092,0
2026-08-09T01:20,1.0384999513626099,1.0384999513626099,1.0377000570297241,1.0378999710083008,0
2026-08-09T01:25,1.0378999710083008,1.0378999710083008,1.0348000526428223,1.034999966621399,949504
2026-08-09T01:30,1.0348000526428223,1.0363999605178833,1.0348000526428223,1.0360000133514404,2005504
2026-08-09T01:35,1.0358999967575073,1.0361000299453735,1.0354000329971313,1.0358999967575073,0
2026-08-09T01:40,1.0360000133514404,1.0360000133514404,1.0356999635696411,1.0357999801635742,0
2026-08-09T01:45,1.0357999801635742,1.0362999439239502,1.0356999635696411,1.0358999967575073,0
2026-08-09T01:50,1.0358999967575073,1.0358999967575073,1.034999966621399,1.0351999998092651,0
2026-08-09T01:55,1.0351999998092651,1.035599946975708,1.035099983215332,1.035099983215332,0
2026-08-09T02:00,1.035099983215332,1.035099983215332,1.0341999530792236,1.0348000526428223,0
2026-08-09T02:05,1.0348000526428223,1.034999966621399,1.0342999696731567,1.034600019454956,0
2026-08-09T02:10,1.034600019454956,1.035599946975708,1.034600019454956,1.035599946975708,0
2026-08-09T02:15,1.0355000495910645,1.035599946975708,1.0348000526428223,1.035099983215332,0
2026-08-09T02:20,1.034999966621399,1.035599946975708,1.034999966621399,1.035599946975708,0
2026-08-09T02:25,1.0356999635696411,1.0360000133514404,1.0354000329971313,1.0356999635696411,0
2026-08-09T02:30,1.0356999635696411,1.0356999635696411,1.0351999998092651,1.0351999998092651,0
2026-08-09T02:35,1.0351999998092651,1.0351999998092651,1.0348999500274658,1.034999966621399,0
2026-08-09T02:40,1.0351999998092651,1.0353000164031982,1.0342999696731567,1.0342999696731567,0
2026-08-09T02:45,1.0341999530792236,1.034999966621399,1.0339000225067139,1.0339000225067139,0
2026-08-09T02:50,1.0339000225067139,1.03410005569458,1.0333000421524048,1.0334999561309814,932352
2026-08-09T02:55,1.0334999561309814,1.0343999862670898,1.0334999561309814,1.0343999862670898,804672
2026-08-09T03:00,1.0342999696731567,1.0342999696731567,1.0336999893188477,1.03410005569458,0
2026-08-09T03:05,1.03410005569458,1.03410005569458,1.0333000421524048,1.0338000059127808,0
2026-08-09T03:10,1.0338000059127808,1.0342999696731567,1.0338000059127808,1.034000039100647,0
2026-08-09T03:15,1.034000039100647,1.0342999696731567,1.0339000225067139,1.0342999696731567,0
2026-08-09T03:20,1.0342999696731567,1.0365999937057495,1.0342999696731567,1.0364999771118164,0
2026-08-09T03:25,1.0364999771118164,1.0369000434875488,1.0357999801635742,1.0362999439239502,562496
2026-08-09T03:30,1.0362000465393066,1.0371999740600586,1.0358999967575073,1.0368000268936157,0
2026-08-09T03:35,1.0367000102996826,1.0371999740600586,1.0364999771118164,1.0370999574661255,0
2026-08-09T03:40,1.0370999574661255,1.0370999574661255,1.0365999937057495,1.0367000102996826,0
2026-08-09T03:45,1.0367000102996826,1.0371999740600586,1.0365999937057495,1.0365999937057495,0
2026-08-09T03:50,1.0365999937057495,1.0369999408721924,1.0365999937057495,1.0368000268936157,0
2026-08-09T03:55,1.0368000268936157,1.0368000268936157,1.0362000465393066,1.0362000465393066,0
2026-08-09T04:00,1.0361000299453735,1.0371999740600586,1.0360000133514404,1.0371999740600586,0
2026-08-09T04:05,1.0371999740600586,1.0372999906539917,1.0368000268936157,1.0372999906539917,0
2026-08-09T04:10,1.0371999740600586,1.0383000373840332,1.0371999740600586,1.0382000207901,0
2026-08-09T04:15,1.0383000373840332,1.0384000539779663,1.037600040435791,1.037600040435791,0
2026-08-09T04:20,1.037600040435791,1.0382000207901,1.037600040435791,1.038100004196167,0
2026-08-09T04:25,1.038100004196167,1.038100004196167,1.0377000570297241,1.0379999876022339,0
2026-08-09T04:30,1.0379999876022339,1.0379999876022339,1.0372999906539917,1.0372999906539917,0
2026-08-09T04:35,1.0371999740600586,1.0377000570297241,1.0368000268936157,1.037600040435791,107392
2026-08-09T04:40,1.037600040435791,1.0377000570297241,1.0371999740600586,1.037500023841858,0
2026-08-09T04:45,1.037500023841858,1.037500023841858,1.0369999408721924,1.0370999574661255,0
2026-08-09T04:50,1.0369999408721924,1.0370999574661255,1.0365999937057495,1.0367000102996826,0
2026-08-09T04:55,1.0367000102996826,1.0369000434875488,1.0364999771118164,1.0369000434875488,48832
2026-08-09T05:00,1.0368000268936157,1.0374000072479248,1.0365999937057495,1.0372999906539917,0
2026-08-09T05:05,1.0372999906539917,1.0377000570297241,1.0369999408721924,1.0371999740600586,0
2026-08-09T05:10,1.0370999574661255,1.0374000072479248,1.0367000102996826,1.0368000268936157,0
2026-08-09T05:15,1.0365999937057495,1.0369000434875488,1.0364999771118164,1.0365999937057495,0
2026-08-09T05:20,1.0365999937057495,1.0367000102996826,1.035599946975708,1.035599946975708,0
2026-08-09T05:25,1.035599946975708,1.035599946975708,1.034500002861023,1.034500002861023,980928
2026-08-09T05:30,1.0347000360488892,1.0348000526428223,1.0338000059127808,1.034500002861023,43456
2026-08-09T05:35,1.0341999530792236,1.0341999530792236,1.0335999727249146,1.03410005569458,0
2026-08-09T05:40,1.03410005569458,1.034500002861023,1.034000039100647,1.034500002861023,0
2026-08-09T05:45,1.034500002861023,1.034999966621399,1.0343999862670898,1.034999966621399,0
2026-08-09T05:50,1.034999966621399,1.034999966621399,1.0348000526428223,1.034999966621399,0
2026-08-09T05:55,1.034999966621399,1.0356999635696411,1.034999966621399,1.0356999635696411,0
2026-08-09T06:00,1.0356999635696411,1.0357999801635742,1.0354000329971313,1.0355000495910645,0
2026-08-09T06:05,1.0355000495910645,1.0374000072479248,1.0355000495910645,1.0369999408721924,0
2026-08-09T06:10,1.0369000434875488,1.037500023841858,1.0365999937057495,1.0374000072479248,1649856
2026-08-09T06:15,1.0374000072479248,1.0377000570297241,1.0374000072479248,1.037500023841858,658048
2026-08-09T06:20,1.0377000570297241,1.0382000207901,1.0377000570297241,1.0379999876022339,477184
2026-08-09T06:25,1.0378999710083008,1.0384999513626099,1.0378999710083008,1.0384999513626099,246080
2026-08-09T06:30,1.0384999513626099,1.0391000509262085,1.0384000539779663,1.0391000509262085,47360
2026-08-09T06:35,1.0388000011444092,1.0388000011444092,1.0384999513626099,1.0388000011444092,405504
2026-08-09T06:40,1.0388000011444092,1.0403000116348267,1.0384000539779663,1.0398000478744507,0
2026-08-09T06:45,1.0398000478744507,1.0400999784469604,1.0396000146865845,1.0397000312805176,98176
2026-08-09T06:50,1.0397000312805176,1.0404000282287598,1.0396000146865845,1.0398000478744507,0
2026-08-09T06:55,1.0398000478744507,1.0405000448226929,1.0398000478744507,1.0401999950408936,0
2026-08-09T07:00,1.0400999784469604,1.0405999422073364,1.0398999452590942,1.0403000116348267,0
2026-08-09T07:05,1.0405000448226929,1.0405000448226929,1.0379999876022339,1.0384000539779663,106496
2026-08-09T07:10,1.0382000207901,1.038699984550476,1.0374000072479248,1.0384999513626099,11375808
2026-08-09T07:15,1.0384000539779663,1.0384000539779663,1.0372999906539917,1.037500023841858,2617280
2026-08-09T07:20,1.037500023841858,1.037500023841858,1.0365999937057495,1.0369999408721924,1650688
2026-08-09T07:25,1.0371999740600586,1.0374000072479248,1.0368000268936157,1.0369000434875488,2281280
2026-08-09T07:30,1.0370999574661255,1.0372999906539917,1.0365999937057495,1.0368000268936157,781824
2026-08-09T07:35,1.0368000268936157,1.0368000268936157,1.0357999801635742,1.0360000133514404,1030976
2026-08-09T07:40,1.0360000133514404,1.0362999439239502,1.0358999967575073,1.0362999439239502,0
2026-08-09T07:45,1.0363999605178833,1.0363999605178833,1.0360000133514404,1.0361000299453735,0
2026-08-09T07:50,1.0361000299453735,1.0361000299453735,1.0356999635696411,1.0361000299453735,56320
2026-08-09T07:55,1.0362000465393066,1.0367000102996826,1.0362000465393066,1.0363999605178833,360192
2026-08-09T08:00,1.0362999439239502,1.0383000373840332,1.0362999439239502,1.0377999544143677,0
2026-08-09T08:05,1.0377999544143677,1.0377999544143677,1.0363999605178833,1.0369000434875488,1725056
2026-08-09T08:10,1.0368000268936157,1.0369000434875488,1.0363999605178833,1.0364999771118164,1471488
2026-08-09T08:15,1.0362999439239502,1.0365999937057495,1.0361000299453735,1.0361000299453735,0
2026-08-09T08:20,1.0361000299453735,1.0361000299453735,1.034999966621399,1.034999966621399,612928
2026-08-09T08:25,1.0348000526428223,1.034999966621399,1.0343999862670898,1.034999966621399,360640
2026-08-09T08:30,1.034999966621399,1.034999966621399,1.034500002861023,1.034500002861023,490624
2026-08-09T08:35,1.034500002861023,1.034600019454956,1.0328999757766724,1.0328999757766724,0
2026-08-09T08:40,1.0328999757766724,1.0329999923706055,1.0306999683380127,1.0306999683380127,896
2026-08-09T08:45,1.0307999849319458,1.0324000120162964,1.030500054359436,1.032099962234497,4726272
2026-08-09T08:50,1.031999945640564,1.0325000286102295,1.0313999652862549,1.0325000286102295,3094080
2026-08-09T08:55,1.0325000286102295,1.0328999757766724,1.0321999788284302,1.0327999591827393,693184
2026-08-09T09:00,1.0326999425888062,1.0334999561309814,1.0322999954223633,1.0334999561309814,0
2026-08-09T09:05,1.0335999727249146,1.0335999727249146,1.0327999591827393,1.0332000255584717,0
2026-08-09T09:10,1.0331000089645386,1.0336999893188477,1.0326999425888062,1.033400058746338,604416
2026-08-09T09:15,1.033400058746338,1.0335999727249146,1.0328999757766724,1.0329999923706055,0
2026-08-09T09:20,1.0329999923706055,1.0329999923706055,1.0325000286102295,1.0325000286102295,0
2026-08-09T09:25,1.0325000286102295,1.0325000286102295,1.0318000316619873,1.0318000316619873,66368
2026-08-09T09:30,1.0318000316619873,1.0336999893188477,1.0318000316619873,1.0333000421524048,0
2026-08-09T09:35,1.0333000421524048,1.0334999561309814,1.0328999757766724,1.0334999561309814,214208
2026-08-09T09:40,1.0334999561309814,1.0338000059127808,1.0333000421524048,1.0335999727249146,0
2026-08-09T09:45,1.0334999561309814,1.034000039100647,1.033400058746338,1.034000039100647,0
2026-08-09T09:50,1.034000039100647,1.034999966621399,1.0338000059127808,1.034999966621399,238976
2026-08-09T09:55,1.0348999500274658,1.034999966621399,1.0343999862670898,1.0348999500274658,949632
2026-08-09T10:00,1.034999966621399,1.0355000495910645,1.0348999500274658,1.035099983215332,0
2026-08-09T10:05,1.035099983215332,1.0351999998092651,1.0348999500274658,1.034999966621399,0
2026-08-09T10:10,1.034999966621399,1.0364999771118164,1.034999966621399,1.0364999771118164,0
2026-08-09T10:15,1.0364999771118164,1.0370999574661255,1.0363999605178833,1.0368000268936157,820864
2026-08-09T10:20,1.0368000268936157,1.0370999574661255,1.0367000102996826,1.0370999574661255,1628288
2026-08-09T10:25,1.0367000102996826,1.0369000434875488,1.0364999771118164,1.0367000102996826,102016
2026-08-09T10:30,1.0365999937057495,1.0365999937057495,1.0358999967575073,1.0360000133514404,177600
2026-08-09T10:35,1.0358999967575073,1.0363999605178833,1.0356999635696411,1.0357999801635742,444608
2026-08-09T10:40,1.0357999801635742,1.0358999967575073,1.0355000495910645,1.035599946975708,296000
2026-08-09T10:45,1.0353000164031982,1.0357999801635742,1.0353000164031982,1.0356999635696411,0
2026-08-09T10:50,1.0358999967575073,1.0361000299453735,1.0356999635696411,1.0357999801635742,0
2026-08-09T10:55,1.0356999635696411,1.0361000299453735,1.0356999635696411,1.0361000299453735,0
2026-08-09T11:00,1.0356999635696411,1.0358999967575073,1.0348999500274658,1.034999966621399,0
2026-08-09T11:05,1.0348999500274658,1.0353000164031982,1.0348000526428223,1.0353000164031982,0
2026-08-09T11:10,1.0351999998092651,1.0353000164031982,1.034999966621399,1.034999966621399,0
2026-08-09T11:15,1.034999966621399,1.0354000329971313,1.034600019454956,1.034999966621399,0
2026-08-09T11:20,1.034999966621399,1.0354000329971313,1.0347000360488892,1.0347000360488892,0
2026-08-09T11:25,1.0348999500274658,1.0353000164031982,1.0348000526428223,1.034999966621399,0
2026-08-09T11:30,1.034999966621399,1.0354000329971313,1.0348999500274658,1.0353000164031982,0
2026-08-09T11:35,1.0353000164031982,1.0362999439239502,1.0353000164031982,1.035599946975708,8704
2026-08-09T11:40,1.035599946975708,1.0360000133514404,1.035599946975708,1.0360000133514404,105856
2026-08-09T11:45,1.0360000133514404,1.0362999439239502,1.0358999967575073,1.0358999967575073,0
2026-08-09T11:50,1.0360000133514404,1.0362999439239502,1.0356999635696411,1.0357999801635742,0
2026-08-09T11:55,1.0360000133514404,1.0362999439239502,1.0357999801635742,1.0361000299453735,0
2026-08-09T12:00,1.0360000133514404,1.0361000299453735,1.034999966621399,1.0351999998092651,0
2026-08-09T12:05,1.035099983215332,1.0354000329971313,1.034500002861023,1.034999966621399,0
2026-08-09T12:10,1.035099983215332,1.0355000495910645,1.0348999500274658,1.0354000329971313,0
2026-08-09T12:15,1.0353000164031982,1.0356999635696411,1.035099983215332,1.035099983215332,462336
2026-08-09T12:20,1.035099983215332,1.0357999801635742,1.035099983215332,1.0356999635696411,1159296
2026-08-09T12:25,1.0356999635696411,1.0361000299453735,1.035599946975708,1.0357999801635742,0
2026-08-09T12:30,1.0357999801635742,1.0360000133514404,1.0357999801635742,1.0357999801635742,52352
2026-08-09T12:35,1.0357999801635742,1.0358999967575073,1.0353000164031982,1.0357999801635742,0
2026-08-09T12:40,1.0357999801635742,1.0360000133514404,1.0357999801635742,1.0358999967575073,0
2026-08-09T12:45,1.0358999967575073,1.0364999771118164,1.0358999967575073,1.0363999605178833,0
2026-08-09T12:50,1.0362999439239502,1.0367000102996826,1.0362999439239502,1.0367000102996826,0
2026-08-09T12:55,1.0367000102996826,1.0369000434875488,1.0363999605178833,1.0363999605178833,0
2026-08-09T13:00,1.0362000465393066,1.0369999408721924,1.0362000465393066,1.0369999408721924,0
2026-08-09T13:05,1.0369999408721924,1.0377000570297241,1.0369999408721924,1.0377000570297241,0
2026-08-09T13:10,1.0377000570297241,1.0384000539779663,1.0377000570297241,1.038100004196167,0
2026-08-09T13:15,1.0382000207901,1.0398999452590942,1.038100004196167,1.0389000177383423,326016
2026-08-09T13:20,1.0389000177383423,1.0391000509262085,1.0382000207901,1.0384999513626099,1732352
2026-08-09T13:25,1.038599967956543,1.039199948310852,1.0384000539779663,1.0389000177383423,134528
2026-08-09T13:30,1.0389000177383423,1.0392999649047852,1.0383000373840332,1.0389000177383423,343744
2026-08-09T13:35,1.039199948310852,1.0397000312805176,1.0388000011444092,1.039199948310852,234432
2026-08-09T13:40,1.0391000509262085,1.0396000146865845,1.0390000343322754,1.039199948310852,0
2026-08-09T13:45,1.039199948310852,1.039199948310852,1.0388000011444092,1.0389000177383423,75712
2026-08-09T13:50,1.0388000011444092,1.0388000011444092,1.0377999544143677,1.0378999710083008,0
2026-08-09T13:55,1.0378999710083008,1.0379999876022339,1.037600040435791,1.0377999544143677,11776
2026-08-09T14:00,1.0378999710083008,1.0379999876022339,1.0374000072479248,1.0379999876022339,0
2026-08-09T14:05,1.0377999544143677,1.0391000509262085,1.0377999544143677,1.0391000509262085,0
2026-08-09T14:10,1.0391000509262085,1.0394999980926514,1.0389000177383423,1.0394999980926514,0
2026-08-09T14:15,1.0394999980926514,1.0394999980926514,1.038699984550476,1.0388000011444092,0
2026-08-09T14:20,1.0388000011444092,1.0389000177383423,1.0378999710083008,1.0378999710083008,0
2026-08-09T14:25,1.0378999710083008,1.0383000373840332,1.0377000570297241,1.0379999876022339,0
2026-08-09T14:30,1.038100004196167,1.0390000343322754,1.038100004196167,1.0388000011444092,0
2026-08-09T14:35,1.0388000011444092,1.0391000509262085,1.0384999513626099,1.0388000011444092,0
2026-08-09T14:40,1.0390000343322754,1.0390000343322754,1.038699984550476,1.0388000011444092,0
2026-08-09T14:45,1.038699984550476,1.039199948310852,1.038699984550476,1.039199948310852,0
2026-08-09T14:50,1.039199948310852,1.0403000116348267,1.039199948310852,1.0403000116348267,0
2026-08-09T14:55,1.0403000116348267,1.042199969291687,1.0401999950408936,1.041599988937378,353408
2026-08-09T15:00,1.0418000221252441,1.0424000024795532,1.041100025177002,1.0424000024795532,0
2026-08-09T15:05,1.0425000190734863,1.0425000190734863,1.0408999919891357,1.0413000583648682,54464
2026-08-09T15:10,1.0413000583648682,1.0413999557495117,1.0403000116348267,1.0408999919891357,190720
2026-08-09T15:15,1.0408999919891357,1.041700005531311,1.0407999753952026,1.0413000583648682,153088
2026-08-09T15:20,1.0413000583648682,1.0413000583648682,1.0407999753952026,1.0413000583648682,0
2026-08-09T15:25,1.0413000583648682,1.0425000190734863,1.041200041770935,1.042199969291687,0
2026-08-09T15:30,1.042199969291687,1.042199969291687,1.0413000583648682,1.0420000553131104,0
2026-08-09T15:35,1.0419000387191772,1.042799949645996,1.0419000387191772,1.0424000024795532,61760
2026-08-09T15:40,1.0425000190734863,1.0433000326156616,1.0424000024795532,1.0433000326156616,519808
2026-08-09T15:45,1.0432000160217285,1.0432000160217285,1.0425000190734863,1.0427000522613525,443328
2026-08-09T15:50,1.0425000190734863,1.0426000356674194,1.0420000553131104,1.0426000356674194,0
2026-08-09T15:55,1.0426000356674194,1.0428999662399292,1.0422999858856201,1.0425000190734863,0
2026-08-09T16:00,1.0433000326156616,1.0433000326156616,1.0419000387191772,1.0432000160217285,0
2026-08-09T16:05,1.0432000160217285,1.0434999465942383,1.042799949645996,1.0429999828338623,0
2026-08-09T16:10,1.0429999828338623,1.0430999994277954,1.042099952697754,1.0424000024795532,0
2026-08-09T16:15,1.0424000024795532,1.042799949645996,1.042199969291687,1.0422999858856201,0
2026-08-09T16:20,1.0422999858856201,1.0422999858856201,1.041599988937378,1.0418000221252441,0
2026-08-09T16:25,1.041599988937378,1.0419000387191772,1.0413999557495117,1.0419000387191772,0
2026-08-09T16:30,1.0419000387191772,1.0432000160217285,1.0418000221252441,1.0432000160217285,0
2026-08-09T16:35,1.0432000160217285,1.0439000129699707,1.0430999994277954,1.0434999465942383,76416
2026-08-09T16:40,1.0434999465942383,1.0443999767303467,1.0434999465942383,1.0440000295639038,0
2026-08-09T16:45,1.044100046157837,1.0448999404907227,1.042799949645996,1.0428999662399292,0
2026-08-09T16:50,1.0428999662399292,1.0430999994277954,1.0427000522613525,1.0429999828338623,77248
2026-08-09T16:55,1.0429999828338623,1.0435999631881714,1.0425000190734863,1.0433000326156616,0
2026-08-09T17:00,1.0432000160217285,1.0435999631881714,1.0427000522613525,1.0433000326156616,0
2026-08-09T17:05,1.0433000326156616,1.0434000492095947,1.0427000522613525,1.0429999828338623,0
2026-08-09T17:10,1.0428999662399292,1.0432000160217285,1.0428999662399292,1.0430999994277954,0
2026-08-09T17:15,1.042799949645996,1.0436999797821045,1.0427000522613525,1.0434000492095947,10752
2026-08-09T17:20,1.0434000492095947,1.0434000492095947,1.0427000522613525,1.0433000326156616,449984
2026-08-09T17:25,1.0433000326156616,1.0434999465942383,1.0424000024795532,1.0425000190734863,689216
2026-08-09T17:30,1.0426000356674194,1.0426000356674194,1.041599988937378,1.041700005531311,0
2026-08-09T17:35,1.041700005531311,1.0427000522613525,1.0414999723434448,1.041700005531311,130304
2026-08-09T17:40,1.0420000553131104,1.042099952697754,1.041599988937378,1.041700005531311,934592
2026-08-09T17:45,1.041700005531311,1.0418000221252441,1.0408999919891357,1.0408999919891357,0
2026-08-09T17:50,1.0408999919891357,1.0410000085830688,1.0405999422073364,1.0408999919891357,0
2026-08-09T17:55,1.041200041770935,1.041200041770935,1.0404000282287598,1.0405000448226929,17024
2026-08-09T18:00,1.0405000448226929,1.0413999557495117,1.0404000282287598,1.0405999422073364,0
2026-08-09T18:05,1.041200041770935,1.041700005531311,1.041200041770935,1.041599988937378,974208
2026-08-09T18:10,1.041599988937378,1.041700005531311,1.0408999919891357,1.0408999919891357,0
2026-08-09T18:15,1.0407999753952026,1.0414999723434448,1.0401999950408936,1.0404000282287598,0
2026-08-09T18:20,1.0401999950408936,1.041100025177002,1.0398999452590942,1.0404000282287598,601472
2026-08-09T18:25,1.0404000282287598,1.0407999753952026,1.0399999618530273,1.0406999588012695,895552
2026-08-09T18:30,1.0406999588012695,1.0408999919891357,1.0404000282287598,1.0404000282287598,0
2026-08-09T18:35,1.0404000282287598,1.0404000282287598,1.0392999649047852,1.0392999649047852,16832
2026-08-09T18:40,1.0392999649047852,1.0392999649047852,1.0389000177383423,1.0392999649047852,613568
2026-08-09T18:45,1.0392999649047852,1.0398999452590942,1.0390000343322754,1.0390000343322754,0
2026-08-09T18:50,1.0390000343322754,1.0393999814987183,1.038699984550476,1.038699984550476,0
2026-08-09T18:55,1.0391000509262085,1.0394999980926514,1.0390000343322754,1.0392999649047852,327552
2026-08-09T19:00,1.0392999649047852,1.0401999950408936,1.0390000343322754,1.0401999950408936,0
2026-08-09T19:05,1.0401999950408936,1.0404000282287598,1.0397000312805176,1.0401999950408936,185792
2026-08-09T19:10,1.0403000116348267,1.0403000116348267,1.0396000146865845,1.0400999784469604,143616
2026-08-09T19:15,1.0399999618530273,1.0406999588012695,1.0399999618530273,1.0406999588012695,178496
2026-08-09T19:20,1.0405999422073364,1.0406999588012695,1.0401999950408936,1.0406999588012695,0
2026-08-09T19:25,1.0406999588012695,1.0410000085830688,1.0405000448226929,1.0405000448226929,34048
2026-08-09T19:30,1.0405000448226929,1.0405999422073364,1.0401999950408936,1.0401999950408936,0
2026-08-09T19:35,1.0401999950408936,1.0405999422073364,1.0398999452590942,1.0405999422073364,0
2026-08-09T19:40,1.0405999422073364,1.041100025177002,1.0405000448226929,1.0408999919891357,0
2026-08-09T19:45,1.0410000085830688,1.0413999557495117,1.0406999588012695,1.0413000583648682,0
2026-08-09T19:50,1.0413000583648682,1.0413999557495117,1.041100025177002,1.041100025177002,9152
2026-08-09T19:55,1.041200041770935,1.0413999557495117,1.041100025177002,1.041100025177002,0
2026-08-09T20:00,1.041100025177002,1.041200041770935,1.0405999422073364,1.0405999422073364,0
2026-08-09T20:05,1.0405999422073364,1.0408999919891357,1.0405000448226929,1.0408999919891357,0
2026-08-09T20:10,1.0408999919891357,1.041100025177002,1.0399999618530273,1.0399999618530273,126080
2026-08-09T20:15,1.0398000478744507,1.0404000282287598,1.0391000509262085,1.0394999980926514,470720
2026-08-09T20:20,1.0394999980926514,1.0401999950408936,1.0394999980926514,1.0400999784469604,749056
2026-08-09T20:25,1.0401999950408936,1.0403000116348267,1.0399999618530273,1.0401999950408936,236864
2026-08-09T20:30,1.0401999950408936,1.0407999753952026,1.0399999618530273,1.0405999422073364,28800
2026-08-09T20:35,1.0405999422073364,1.0405999422073364,1.0404000282287598,1.0404000282287598,0
2026-08-09T20:40,1.0405000448226929,1.0408999919891357,1.0399999618530273,1.0399999618530273,0
2026-08-09T20:45,1.041100025177002,1.0413000583648682,1.0405000448226929,1.041100025177002,1748800
2026-08-09T20:50,1.0410000085830688,1.0413999557495117,1.0407999753952026,1.0413999557495117,0
2026-08-09T20:55,1.041200041770935,1.041700005531311,1.041100025177002,1.0413999557495117,4160
2026-08-09T21:00,1.0413999557495117,1.0413999557495117,1.0408999919891357,1.041200041770935,0
2026-08-09T21:05,1.041200041770935,1.041200041770935,1.0406999588012695,1.0410000085830688,0
2026-08-09T21:10,1.0410000085830688,1.042199969291687,1.0405000448226929,1.0405000448226929,0
2026-08-09T21:15,1.0406999588012695,1.041599988937378,1.0406999588012695,1.041599988937378,2164416
2026-08-09T21:20,1.041700005531311,1.042099952697754,1.041599988937378,1.0419000387191772,2210752
2026-08-09T21:25,1.042099952697754,1.0435999631881714,1.042099952697754,1.0435999631881714,1083904
2026-08-09T21:30,1.0436999797821045,1.0440000295639038,1.0434000492095947,1.0437999963760376,1057344
2026-08-09T21:35,1.0435999631881714,1.0442999601364136,1.0434999465942383,1.0442999601364136,10065152
2026-08-09T21:40,1.0442999601364136,1.0443999767303467,1.0435999631881714,1.0439000129699707,3957120
2026-08-09T21:45,1.0439000129699707,1.044100046157837,1.0428999662399292,1.0428999662399292,6490496
2026-08-09T21:50,1.042799949645996,1.0428999662399292,1.0419000387191772,1.0420000553131104,6351104
2026-08-09T21:55,1.0420000553131104,1.0426000356674194,1.0419000387191772,1.042199969291687,6470464
2026-08-09T22:00,1.0425000190734863,1.0427000522613525,1.0407999753952026,1.041599988937378,648512
2026-08-09T22:05,1.041599988937378,1.0426000356674194,1.0413999557495117,1.0426000356674194,16187456
2026-08-09T22:10,1.0427000522613525,1.0450999736785889,1.0424000024795532,1.0449999570846558,2808704
2026-08-09T22:15,1.0454000234603882,1.0468000173568726,1.0440000295639038,1.0440000295639038,6371008
2026-08-09T22:20,1.0443999767303467,1.044700026512146,1.0422999858856201,1.0422999858856201,5586880
2026-08-09T22:25,1.0422999858856201,1.042799949645996,1.0419000387191772,1.0420000553131104,1538688
2026-08-09T22:30,1.0420000553131104,1.0424000024795532,1.0384000539779663,1.0390000343322754,603264
2026-08-09T22:35,1.039199948310852,1.039199948310852,1.0362999439239502,1.0363999605178833,880512
2026-08-09T22:40,1.0367000102996826,1.0377999544143677,1.0364999771118164,1.0377999544143677,3142400
2026-08-09T22:45,1.037600040435791,1.037600040435791,1.0364999771118164,1.0367000102996826,2706112
2026-08-09T22:50,1.0368000268936157,1.0368000268936157,1.0348999500274658,1.0365999937057495,1102400
2026-08-09T22:55,1.0365999937057495,1.0372999906539917,1.0362999439239502,1.0367000102996826,1204352
2026-08-09T23:00,1.0363999605178833,1.037500023841858,1.0355000495910645,1.0374000072479248,0
2026-08-09T23:05,1.0372999906539917,1.0377000570297241,1.0357999801635742,1.0357999801635742,1932352
2026-08-09T23:10,1.0360000133514404,1.0365999937057495,1.0356999635696411,1.0356999635696411,0
2026-08-09T23:15,1.0355000495910645,1.0355000495910645,1.0328999757766724,1.0336999893188477,713408
2026-08-09T23:20,1.0336999893188477,1.0336999893188477,1.031599998474121,1.0328999757766724,4856960
2026-08-09T23:25,1.0326000452041626,1.0326000452041626,1.0307999849319458,1.031499981880188,2773696
2026-08-09T23:30,1.030900001525879,1.030900001525879,1.0277999639511108,1.0286999940872192,9903488
2026-08-09T23:35,1.028499960899353,1.030500054359436,1.0281000137329102,1.0296000242233276,6533440
2026-08-09T23:40,1.0295000076293945,1.0298999547958374,1.0291999578475952,1.0296000242233276,4830656
2026-08-09T23:45,1.0296000242233276,1.0303000211715698,1.0295000076293945,1.0300999879837036,1354432
2026-08-09T23:50,1.0298000574111938,1.0298999547958374,1.0290000438690186,1.0296000242233276,1737472
2026-08-09T23:55,1.0293999910354614,1.0293999910354614,1.0283000469207764,1.0291999578475952,984576
2026-08-10T00:00,1.0286999940872192,1.0292999744415283,1.0282000303268433,1.0289000272750854,390592
2026-08-10T00:05,1.0286999940872192,1.0312000513076782,1.0286999940872192,1.0311000347137451,2981440
2026-08-10T00:10,1.031000018119812,1.0364999771118164,1.031000018119812,1.0347000360488892,6941312
2026-08-10T00:15,1.034600019454956,1.0347000360488892,1.0331000089645386,1.0332000255584717,2609984
2026-08-10T00:20,1.0334999561309814,1.0334999561309814,1.030900001525879,1.0311000347137451,3991360
2026-08-10T00:25,1.0312999486923218,1.032099962234497,1.030900001525879,1.031000018119812,834048
2026-08-10T00:30,1.0306999683380127,1.0319000482559204,1.0305999517440796,1.0317000150680542,714304
2026-08-10T00:35,1.0318000316619873,1.0318000316619873,1.0277999639511108,1.0281000137329102,2646016
2026-08-10T00:40,1.027400016784668,1.0286999940872192,1.0270999670028687,1.0270999670028687,5020928
2026-08-10T00:45,1.0271999835968018,1.0311000347137451,1.0271999835968018,1.0311000347137451,354880
2026-08-10T00:50,1.0311000347137451,1.0329999923706055,1.0307999849319458,1.0325000286102295,5483008
2026-08-10T00:55,1.0325000286102295,1.0331000089645386,1.0302000045776367,1.030500054359436,1500672
2026-08-10T01:00,1.0303000211715698,1.0325000286102295,1.0303000211715698,1.0312999486923218,0
2026-08-10T01:05,1.0312999486923218,1.0319000482559204,1.0298000574111938,1.0319000482559204,2985536
2026-08-10T01:10,1.0318000316619873,1.0329999923706055,1.0313999652862549,1.0324000120162964,2300416
2026-08-10T01:15,1.0324000120162964,1.0338000059127808,1.0324000120162964,1.0333000421524048,820352
2026-08-10T01:20,1.0335999727249146,1.0335999727249146,1.0325000286102295,1.0333000421524048,1377664
2026-08-10T01:25,1.0332000255584717,1.034000039100647,1.0321999788284302,1.0321999788284302,0
2026-08-10T01:30,1.0318000316619873,1.0319000482559204,1.0303000211715698,1.0306999683380127,0
2026-08-10T01:35,1.0305999517440796,1.0305999517440796,1.0277999639511108,1.0299999713897705,340928
2026-08-10T01:40,1.0298999547958374,1.0307999849319458,1.0297000408172607,1.0306999683380127,1391808
2026-08-10T01:45,1.0306999683380127,1.0370999574661255,1.0303000211715698,1.0365999937057495,529728
2026-08-10T01:50,1.0377000570297241,1.0398000478744507,1.0372999906539917,1.0377000570297241,9017728
2026-08-10T01:55,1.0378999710083008,1.0378999710083008,1.0364999771118164,1.0369999408721924,8573696
2026-08-10T02:00,1.0372999906539917,1.0374000072479248,1.0336999893188477,1.0356999635696411,1334336
2026-08-10T02:05,1.0356999635696411,1.0364999771118164,1.0338000059127808,1.034500002861023,5070144
2026-08-10T02:10,1.0343999862670898,1.0355000495910645,1.034000039100647,1.034000039100647,2375808
2026-08-10T02:15,1.034000039100647,1.034000039100647,1.0293999910354614,1.0297000408172607,261696
2026-08-10T02:20,1.0291999578475952,1.030400037765503,1.0288000106811523,1.0290000438690186,953600
2026-08-10T02:25,1.0289000272750854,1.0293999910354614,1.0276999473571777,1.0293999910354614,7449856
2026-08-10T02:30,1.0295000076293945,1.031000018119812,1.0293999910354614,1.0302000045776367,2182144
2026-08-10T02:35,1.0303000211715698,1.031599998474121,1.0300999879837036,1.031599998474121,1802560
2026-08-10T02:40,1.031599998474121,1.0357999801635742,1.031599998474121,1.035099983215332,1191808
2026-08-10T02:45,1.034999966621399,1.034999966621399,1.0335999727249146,1.0335999727249146,3555520
2026-08-10T02:50,1.0336999893188477,1.0347000360488892,1.0336999893188477,1.0339000225067139,1121856
2026-08-10T02:55,1.034000039100647,1.0341999530792236,1.0333000421524048,1.034000039100647,0
2026-08-10T03:00,1.034000039100647,1.034000039100647,1.0325000286102295,1.0328999757766724,0
2026-08-10T03:05,1.0332000255584717,1.033400058746338,1.0321999788284302,1.0333000421524048,2728448
2026-08-10T03:10,1.0333000421524048,1.033400058746338,1.029099941253662,1.0292999744415283,385728
2026-08-10T03:15,1.029099941253662,1.0327999591827393,1.0276999473571777,1.0327999591827393,2291584
2026-08-10T03:20,1.0328999757766724,1.0355000495910645,1.0328999757766724,1.0348999500274658,4253952
2026-08-10T03:25,1.0348999500274658,1.0353000164031982,1.0302000045776367,1.0302000045776367,0
2026-08-10T03:30,1.030500054359436,1.0317000150680542,1.0300999879837036,1.0317000150680542,6838016
2026-08-10T03:35,1.0317000150680542,1.0328999757766724,1.031499981880188,1.031999945640564,1958656
2026-08-10T03:40,1.0319000482559204,1.0328999757766724,1.0312000513076782,1.0313999652862549,200192
2026-08-10T03:45,1.031499981880188,1.0321999788284302,1.0312999486923218,1.0313999652862549,521024
2026-08-10T03:50,1.0312999486923218,1.031599998474121,1.0303000211715698,1.030400037765503,508160
2026-08-10T03:55,1.030400037765503,1.0306999683380127,1.0295000076293945,1.0306999683380127,869568
2026-08-10T04:00,1.030400037765503,1.0313999652862549,1.0300999879837036,1.0311000347137451,554432
2026-08-10T04:05,1.0312000513076782,1.0313999652862549,1.030400037765503,1.0313999652862549,3609728
2026-08-10T04:10,1.031499981880188,1.031599998474121,1.0306999683380127,1.031599998474121,1127552
2026-08-10T04:15,1.031599998474121,1.0335999727249146,1.031599998474121,1.0321999788284302,101056
2026-08-10T04:20,1.031999945640564,1.0327999591827393,1.031000018119812,1.031000018119812,961728
2026-08-10T04:25,1.030900001525879,1.0325000286102295,1.030900001525879,1.0317000150680542,512320
2026-08-10T04:30,1.0317000150680542,1.032099962234497,1.0307999849319458,1.031599998474121,287104
2026-08-10T04:35,1.0313999652862549,1.0319000482559204,1.031000018119812,1.031000018119812,0
2026-08-10T04:40,1.030900001525879,1.030900001525879,1.028499960899353,1.0303000211715698,495616
2026-08-10T04:45,1.0305999517440796,1.0321999788284302,1.0305999517440796,1.0311000347137451,591168
2026-08-10T04:50,1.0312999486923218,1.0318000316619873,1.0305999517440796,1.0306999683380127,1595968
2026-08-10T04:55,1.0305999517440796,1.030900001525879,1.0297000408172607,1.030900001525879,5248
2026-08-10T05:00,1.030900001525879,1.0319000482559204,1.030900001525879,1.0317000150680542,0
2026-08-10T05:05,1.0317000150680542,1.0326999425888062,1.031599998474121,1.0324000120162964,1912192
2026-08-10T05:10,1.0324000120162964,1.0326000452041626,1.0305999517440796,1.030900001525879,549440
2026-08-10T05:15,1.031000018119812,1.0321999788284302,1.031000018119812,1.0313999652862549,304064
2026-08-10T05:20,1.031499981880188,1.0335999727249146,1.031499981880188,1.0331000089645386,517056
2026-08-10T05:25,1.0329999923706055,1.0335999727249146,1.0325000286102295,1.0333000421524048,1222208
2026-08-10T05:30,1.0329999923706055,1.0334999561309814,1.0326000452041626,1.0334999561309814,220032
2026-08-10T05:35,1.0335999727249146,1.034000039100647,1.0333000421524048,1.0334999561309814,436224
2026-08-10T05:40,1.033400058746338,1.0335999727249146,1.0332000255584717,1.0334999561309814,809920
2026-08-10T05:45,1.0336999893188477,1.035099983215332,1.033400058746338,1.0342999696731567,1046784
2026-08-10T05:50,1.0341999530792236,1.0355000495910645,1.0339000225067139,1.0354000329971313,806080
2026-08-10T05:55,1.0355000495910645,1.0355000495910645,1.0342999696731567,1.034600019454956,3451584
2026-08-10T06:00,1.0348000526428223,1.0357999801635742,1.0343999862670898,1.0354000329971313,0
2026-08-10T06:05,1.0354000329971313,1.0367000102996826,1.0348000526428223,1.0348000526428223,2078528
2026-08-10T06:10,1.0348999500274658,1.035099983215332,1.0347000360488892,1.034999966621399,0
2026-08-10T06:15,1.0348999500274658,1.0360000133514404,1.0341999530792236,1.0360000133514404,0
2026-08-10T06:20,1.035599946975708,1.0358999967575073,1.034999966621399,1.0355000495910645,478656
2026-08-10T06:25,1.035599946975708,1.035599946975708,1.0343999862670898,1.0348000526428223,82112
2026-08-10T06:30,1.0348999500274658,1.0355000495910645,1.0347000360488892,1.0351999998092651,0
2026-08-10T06:35,1.0354000329971313,1.0355000495910645,1.034999966621399,1.034999966621399,0
2026-08-10T06:40,1.034999966621399,1.0365999937057495,1.0347000360488892,1.0365999937057495,403328
2026-08-10T06:45,1.0363999605178833,1.0367000102996826,1.0360000133514404,1.0367000102996826,76032
2026-08-10T06:50,1.0367000102996826,1.037500023841858,1.0360000133514404,1.0367000102996826,2681664
2026-08-10T06:55,1.0367000102996826,1.0377999544143677,1.0367000102996826,1.0377000570297241,552768
2026-08-10T07:00,1.0377999544143677,1.0377999544143677,1.0367000102996826,1.0369999408721924,726272
2026-08-10T07:05,1.0369999408721924,1.0372999906539917,1.0369000434875488,1.0369999408721924,0
2026-08-10T07:10,1.0370999574661255,1.0371999740600586,1.0364999771118164,1.0364999771118164,0
2026-08-10T07:15,1.0364999771118164,1.037500023841858,1.0360000133514404,1.037500023841858,0
2026-08-10T07:20,1.0374000072479248,1.0379999876022339,1.0370999574661255,1.0377999544143677,0
2026-08-10T07:25,1.0378999710083008,1.0378999710083008,1.0369999408721924,1.037500023841858,815360
2026-08-10T07:30,1.0378999710083008,1.0384999513626099,1.0374000072479248,1.0382000207901,0
2026-08-10T07:35,1.0383000373840332,1.0393999814987183,1.0377000570297241,1.0383000373840332,2890432
2026-08-10T07:40,1.0384999513626099,1.038699984550476,1.0384000539779663,1.038599967956543,1324864
2026-08-10T07:45,1.0383000373840332,1.0384999513626099,1.0368000268936157,1.0368000268936157,592960
2026-08-10T07:50,1.0368000268936157,1.0374000072479248,1.0360000133514404,1.0362000465393066,395008
2026-08-10T07:55,1.0362000465393066,1.0369999408721924,1.0362000465393066,1.0367000102996826,154176
2026-08-10T08:00,1.0367000102996826,1.0378999710083008,1.0362999439239502,1.0374000072479248,0
2026-08-10T08:05,1.0372999906539917,1.0374000072479248,1.0354000329971313,1.0356999635696411,0
2026-08-10T08:10,1.035599946975708,1.0358999967575073,1.0355000495910645,1.0357999801635742,0
2026-08-10T08:15,1.0356999635696411,1.0360000133514404,1.0348000526428223,1.0360000133514404,0
2026-08-10T08:20,1.0361000299453735,1.0371999740600586,1.0358999967575073,1.0369000434875488,1335040
2026-08-10T08:25,1.0369000434875488,1.037500023841858,1.0342999696731567,1.034999966621399,2114368
2026-08-10T08:30,1.0348000526428223,1.0348999500274658,1.0338000059127808,1.034000039100647,3352832
2026-08-10T08:35,1.0338000059127808,1.0341999530792236,1.0332000255584717,1.0332000255584717,3296192
2026-08-10T08:40,1.0328999757766724,1.0332000255584717,1.0312000513076782,1.0324000120162964,0
2026-08-10T08:45,1.031999945640564,1.031999945640564,1.0312999486923218,1.0319000482559204,4884096
2026-08-10T08:50,1.0318000316619873,1.033400058746338,1.0313999652862549,1.0324000120162964,0
2026-08-10T08:55,1.0324000120162964,1.0335999727249146,1.0324000120162964,1.0333000421524048,1312960
2026-08-10T09:00,1.0332000255584717,1.0338000059127808,1.0326000452041626,1.0338000059127808,0
2026-08-10T09:05,1.0335999727249146,1.0338000059127808,1.0332000255584717,1.033400058746338,925120
2026-08-10T09:10,1.0332000255584717,1.0339000225067139,1.0328999757766724,1.033400058746338,1544704
2026-08-10T09:15,1.033400058746338,1.0339000225067139,1.0332000255584717,1.0332000255584717,521856
2026-08-10T09:20,1.0328999757766724,1.0328999757766724,1.031999945640564,1.032099962234497,1043520
2026-08-10T09:25,1.0321999788284302,1.0321999788284302,1.0312000513076782,1.0312000513076782,2245568
2026-08-10T09:30,1.0312000513076782,1.0312000513076782,1.0295000076293945,1.0306999683380127,71232
2026-08-10T09:35,1.030400037765503,1.030900001525879,1.0298000574111938,1.0305999517440796,5173312
2026-08-10T09:40,1.030500054359436,1.0311000347137451,1.030400037765503,1.0306999683380127,4614912
2026-08-10T09:45,1.0306999683380127,1.030900001525879,1.0296000242233276,1.0299999713897705,1326720
2026-08-10T09:50,1.0298000574111938,1.0303000211715698,1.0293999910354614,1.0296000242233276,2685824
2026-08-10T09:55,1.0296000242233276,1.030400037765503,1.0295000076293945,1.0298000574111938,1068864
2026-08-10T10:00,1.0295000076293945,1.0311000347137451,1.0293999910354614,1.0311000347137451,151104
2026-08-10T10:05,1.0311000347137451,1.0311000347137451,1.0300999879837036,1.030400037765503,2902592
2026-08-10T10:10,1.0299999713897705,1.0300999879837036,1.0293999910354614,1.0295000076293945,1161344
2026-08-10T10:15,1.0292999744415283,1.0303000211715698,1.0292999744415283,1.0300999879837036,2529280
2026-08-10T10:20,1.0299999713897705,1.031499981880188,1.0299999713897705,1.0312999486923218,2346496
2026-08-10T10:25,1.0313999652862549,1.031599998474121,1.0306999683380127,1.031000018119812,903296
2026-08-10T10:30,1.031000018119812,1.0311000347137451,1.0305999517440796,1.031000018119812,1765568
2026-08-10T10:35,1.0307999849319458,1.031499981880188,1.0305999517440796,1.0311000347137451,1393472
2026-08-10T10:40,1.0311000347137451,1.0313999652862549,1.030900001525879,1.0312000513076782,990912
2026-08-10T10:45,1.0312000513076782,1.0319000482559204,1.0305999517440796,1.0317000150680542,1285376
2026-08-10T10:50,1.031599998474121,1.031999945640564,1.031499981880188,1.0317000150680542,1152896
2026-08-10T10:55,1.031599998474121,1.0319000482559204,1.0312000513076782,1.031499981880188,172224
2026-08-10T11:00,1.031499981880188,1.031599998474121,1.0305999517440796,1.0306999683380127,0
2026-08-10T11:05,1.0305999517440796,1.030900001525879,1.030400037765503,1.030900001525879,1245120
2026-08-10T11:10,1.030900001525879,1.030900001525879,1.0303000211715698,1.030900001525879,1159680
2026-08-10T11:15,1.031000018119812,1.0322999954223633,1.031000018119812,1.032099962234497,672704
2026-08-10T11:20,1.032099962234497,1.0325000286102295,1.0319000482559204,1.031999945640564,827392
2026-08-10T11:25,1.0319000482559204,1.0326999425888062,1.0319000482559204,1.0326999425888062,2160576
2026-08-10T11:30,1.033400058746338,1.0335999727249146,1.0326999425888062,1.0335999727249146,1866176
2026-08-10T11:35,1.0336999893188477,1.0336999893188477,1.0324000120162964,1.0326000452041626,1151616
2026-08-10T11:40,1.0326000452041626,1.0326000452041626,1.0318000316619873,1.0321999788284302,297600
2026-08-10T11:45,1.0326000452041626,1.0329999923706055,1.0321999788284302,1.0325000286102295,1208832
2026-08-10T11:50,1.0324000120162964,1.0328999757766724,1.0321999788284302,1.0328999757766724,1499456
2026-08-10T11:55,1.0328999757766724,1.0338000059127808,1.0328999757766724,1.0338000059127808,1597696
2026-08-10T12:00,1.0338000059127808,1.0347000360488892,1.0329999923706055,1.0342999696731567,0
2026-08-10T12:05,1.0342999696731567,1.0348000526428223,1.0335999727249146,1.0348000526428223,4796800
2026-08-10T12:10,1.0348999500274658,1.0348999500274658,1.0335999727249146,1.0336999893188477,2170880
2026-08-10T12:15,1.0332000255584717,1.0333000421524048,1.0326000452041626,1.0332000255584717,114944
2026-08-10T12:20,1.0333000421524048,1.0336999893188477,1.0328999757766724,1.0331000089645386,455552
2026-08-10T12:25,1.0332000255584717,1.0332000255584717,1.031599998474121,1.0317000150680542,805632
2026-08-10T12:30,1.031599998474121,1.032099962234497,1.0307999849319458,1.0307999849319458,1776384
2026-08-10T12:35,1.0306999683380127,1.0312000513076782,1.0298999547958374,1.030400037765503,2045568
2026-08-10T12:40,1.0300999879837036,1.0311000347137451,1.0296000242233276,1.0311000347137451,0
2026-08-10T12:45,1.030900001525879,1.0311000347137451,1.0295000076293945,1.0296000242233276,3271488
2026-08-10T12:50,1.0296000242233276,1.0296000242233276,1.02839994430542,1.0292999744415283,3597120
2026-08-10T12:55,1.029099941253662,1.029099941253662,1.0273000001907349,1.0281000137329102,2215424
2026-08-10T13:00,1.0276999473571777,1.028499960899353,1.027400016784668,1.0277999639511108,2007488
2026-08-10T13:05,1.0276999473571777,1.028499960899353,1.027400016784668,1.0283000469207764,3916992
2026-08-10T13:10,1.0282000303268433,1.0285999774932861,1.027999997138977,1.027999997138977,1618880
2026-08-10T13:15,1.027899980545044,1.0288000106811523,1.027500033378601,1.0286999940872192,1304064
2026-08-10T13:20,1.0285999774932861,1.0286999940872192,1.0267000198364258,1.027899980545044,0
2026-08-10T13:25,1.0276000499725342,1.0276000499725342,1.0263999700546265,1.027500033378601,4487808
2026-08-10T13:30,1.0277999639511108,1.0277999639511108,1.0234999656677246,1.0234999656677246,1237632
2026-08-10T13:35,1.0235999822616577,1.0266000032424927,1.023300051689148,1.0242999792099,9599616
2026-08-10T13:40,1.024399995803833,1.0254000425338745,1.023800015449524,1.024999976158142,7790976
2026-08-10T13:45,1.024899959564209,1.0257999897003174,1.0227999687194824,1.023300051689148,2110464
2026-08-10T13:50,1.0233999490737915,1.0246000289916992,1.0230000019073486,1.0233999490737915,7680320
2026-08-10T13:55,1.0234999656677246,1.0253000259399414,1.0226999521255493,1.024999976158142,7592000
2026-08-10T14:00,1.024899959564209,1.0276999473571777,1.024899959564209,1.0269999504089355,3569408
2026-08-10T14:05,1.026900053024292,1.0286999940872192,1.0264999866485596,1.0281000137329102,9699072
2026-08-10T14:10,1.027999997138977,1.0296000242233276,1.0276000499725342,1.0292999744415283,11266944
2026-08-10T14:15,1.0290000438690186,1.0296000242233276,1.02839994430542,1.0291999578475952,3757120
2026-08-10T14:20,1.0289000272750854,1.0296000242233276,1.027999997138977,1.0281000137329102,0
2026-08-10T14:25,1.027999997138977,1.0298000574111938,1.0277999639511108,1.0289000272750854,2334528
2026-08-10T14:30,1.0286999940872192,1.0290000438690186,1.028499960899353,1.0288000106811523,848640
2026-08-10T14:35,1.0289000272750854,1.0299999713897705,1.0289000272750854,1.0298999547958374,3736576
2026-08-10T14:40,1.0298999547958374,1.031599998474121,1.0298999547958374,1.0307999849319458,1706496
2026-08-10T14:45,1.0311000347137451,1.031599998474121,1.0293999910354614,1.0293999910354614,2377984
2026-08-10T14:50,1.0292999744415283,1.0295000076293945,1.0268000364303589,1.027500033378601,2978368
2026-08-10T14:55,1.027500033378601,1.0276000499725342,1.0257999897003174,1.0261000394821167,668352
2026-08-10T15:00,1.0254000425338745,1.0262999534606934,1.0247000455856323,1.0259000062942505,0
2026-08-10T15:05,1.0257999897003174,1.0262999534606934,1.0252000093460083,1.0259000062942505,13078464
2026-08-10T15:10,1.0260000228881836,1.0261000394821167,1.0221999883651733,1.0227999687194824,3154432
2026-08-10T15:15,1.0227999687194824,1.0253000259399414,1.0227999687194824,1.0234999656677246,8279168
2026-08-10T15:20,1.0234999656677246,1.0235999822616577,1.0210000276565552,1.0214999914169312,5657344
2026-08-10T15:25,1.0217000246047974,1.0226000547409058,1.0204999446868896,1.0225000381469727,5453312
2026-08-10T15:30,1.0224000215530396,1.0231000185012817,1.0216000080108643,1.0224000215530396,2804928
2026-08-10T15:35,1.0217000246047974,1.0226000547409058,1.0210000276565552,1.0211000442504883,1246272
2026-08-10T15:40,1.020400047302246,1.0219999551773071,1.020400047302246,1.0216000080108643,5588480
2026-08-10T15:45,1.0217000246047974,1.0217000246047974,1.0206999778747559,1.020799994468689,1194816
2026-08-10T15:50,1.020900011062622,1.0232000350952148,1.020799994468689,1.0216000080108643,4068672
2026-08-10T15:55,1.0217000246047974,1.0226000547409058,1.0214999914169312,1.0221999883651733,1128448
2026-08-10T16:00,1.0214999914169312,1.0241999626159668,1.0211999416351318,1.0241999626159668,1161216
2026-08-10T16:05,1.0241999626159668,1.0245000123977661,1.0190999507904053,1.019700050354004,9047680
2026-08-10T16:10,1.020400047302246,1.0206999778747559,1.0190999507904053,1.0205999612808228,23387392
2026-08-10T16:15,1.0205999612808228,1.021299958229065,1.0195000171661377,1.0200999975204468,6483392
2026-08-10T16:20,1.0200999975204468,1.0214999914169312,1.018399953842163,1.021399974822998,3306752
2026-08-10T16:25,1.0216000080108643,1.0216000080108643,1.0198999643325806,1.0198999643325806,5615744
2026-08-10T16:30,1.0199999809265137,1.0205999612808228,1.0196000337600708,1.0196000337600708,1101056
2026-08-10T16:35,1.0198999643325806,1.0218000411987305,1.0198999643325806,1.0218000411987305,9226368
2026-08-10T16:40,1.0219000577926636,1.0220999717712402,1.0187000036239624,1.0190000534057617,2007808
2026-08-10T16:45,1.0190000534057617,1.0190000534057617,1.017199993133545,1.017699956893921,1991424
2026-08-10T16:50,1.017899990081787,1.0183000564575195,1.0159000158309937,1.017199993133545,2457600
2026-08-10T16:55,1.017300009727478,1.018399953842163,1.0170999765396118,1.0175000429153442,14657280
2026-08-10T17:00,1.017899990081787,1.0180000066757202,1.0166000127792358,1.0175000429153442,1956736
2026-08-10T17:05,1.0175000429153442,1.0189000368118286,1.0168999433517456,1.0185999870300293,12502528
2026-08-10T17:10,1.0188000202178955,1.0206999778747559,1.0188000202178955,1.020300030708313,3865344
2026-08-10T17:15,1.0204999446868896,1.020900011062622,1.0198999643325806,1.0199999809265137,2162048
2026-08-10T17:20,1.0199999809265137,1.020799994468689,1.0197999477386475,1.020300030708313,1590912
2026-08-10T17:25,1.020300030708313,1.0211999416351318,1.0197999477386475,1.0197999477386475,569344
2026-08-10T17:30,1.0197999477386475,1.0211999416351318,1.019700050354004,1.020799994468689,56192
2026-08-10T17:35,1.020799994468689,1.020799994468689,1.0198999643325806,1.0202000141143799,2124160
2026-08-10T17:40,1.020300030708313,1.0206999778747559,1.0190999507904053,1.0191999673843384,531712
2026-08-10T17:45,1.0190999507904053,1.0190999507904053,1.0182000398635864,1.0185999870300293,1114496
2026-08-10T17:50,1.0187000036239624,1.0192999839782715,1.018399953842163,1.0188000202178955,3128576
2026-08-10T17:55,1.0188000202178955,1.0191999673843384,1.0184999704360962,1.0190000534057617,437376
2026-08-10T18:00,1.0190000534057617,1.0197999477386475,1.0185999870300293,1.0189000368118286,0
2026-08-10T18:05,1.0189000368118286,1.0194000005722046,1.0185999870300293,1.0190000534057617,208384
2026-08-10T18:10,1.0190999507904053,1.0194000005722046,1.0183000564575195,1.018399953842163,1232768
2026-08-10T18:15,1.018399953842163,1.0188000202178955,1.017899990081787,1.0187000036239624,256384
2026-08-10T18:20,1.0184999704360962,1.0190000534057617,1.0183000564575195,1.0190000534057617,0
2026-08-10T18:25,1.0189000368118286,1.0190999507904053,1.018399953842163,1.0184999704360962,0
2026-08-10T18:30,1.0184999704360962,1.0185999870300293,1.0170999765396118,1.0170999765396118,244224
2026-08-10T18:35,1.0174000263214111,1.0174000263214111,1.0161999464035034,1.0168999433517456,1957888
2026-08-10T18:40,1.0169999599456787,1.0170999765396118,1.0163999795913696,1.0170999765396118,2081920
2026-08-10T18:45,1.016800045967102,1.0168999433517456,1.0152000188827515,1.0168999433517456,1695104
2026-08-10T18:50,1.0168999433517456,1.0170999765396118,1.0157999992370605,1.0160000324249268,1779840
2026-08-10T18:55,1.0161999464035034,1.0170999765396118,1.0161999464035034,1.0164999961853027,186880
2026-08-10T19:00,1.0162999629974365,1.017799973487854,1.0162999629974365,1.017300009727478,0
2026-08-10T19:05,1.0175000429153442,1.0181000232696533,1.0169999599456787,1.0174000263214111,1571840
2026-08-10T19:10,1.017300009727478,1.017899990081787,1.017199993133545,1.017899990081787,702208
2026-08-10T19:15,1.017799973487854,1.0183000564575195,1.0176000595092773,1.017799973487854,1186560
2026-08-10T19:20,1.0180000066757202,1.0192999839782715,1.0180000066757202,1.0191999673843384,1171072
2026-08-10T19:25,1.0191999673843384,1.0194000005722046,1.0188000202178955,1.0194000005722046,1689216
2026-08-10T19:30,1.0199999809265137,1.0226000547409058,1.0199999809265137,1.0225000381469727,4841856
2026-08-10T19:35,1.0225000381469727,1.0225000381469727,1.0205999612808228,1.0211999416351318,3288576
2026-08-10T19:40,1.021299958229065,1.0218000411987305,1.0210000276565552,1.0210000276565552,2169984
2026-08-10T19:45,1.0210000276565552,1.0211999416351318,1.0205999612808228,1.0206999778747559,1326208
2026-08-10T19:50,1.0204999446868896,1.0205999612808228,1.0190999507904053,1.0191999673843384,217216
2026-08-10T19:55,1.0191999673843384,1.019700050354004,1.0190999507904053,1.0192999839782715,262144
2026-08-10T20:00,1.0196000337600708,1.0196000337600708,1.0187000036239624,1.0189000368118286,25984
2026-08-10T20:05,1.0189000368118286,1.0190999507904053,1.0182000398635864,1.0189000368118286,2068608
2026-08-10T20:10,1.0189000368118286,1.0189000368118286,1.0182000398635864,1.0184999704360962,1262720
2026-08-10T20:15,1.018399953842163,1.0194000005722046,1.018399953842163,1.0192999839782715,0
2026-08-10T20:20,1.0192999839782715,1.0192999839782715,1.0185999870300293,1.0190000534057617,48256
2026-08-10T20:25,1.0190000534057617,1.0199999809265137,1.0188000202178955,1.0197999477386475,715264
2026-08-10T20:30,1.0197999477386475,1.0199999809265137,1.0194000005722046,1.0199999809265137,1233792
2026-08-10T20:35,1.019700050354004,1.0202000141143799,1.0194000005722046,1.0195000171661377,1211520
2026-08-10T20:40,1.0195000171661377,1.0200999975204468,1.0195000171661377,1.0196000337600708,1006848
2026-08-10T20:45,1.0195000171661377,1.0195000171661377,1.0182000398635864,1.018399953842163,0
2026-08-10T20:50,1.018399953842163,1.0189000368118286,1.018399953842163,1.018399953842163,416128
2026-08-10T20:55,1.0183000564575195,1.0188000202178955,1.0182000398635864,1.0188000202178955,759552
2026-08-10T21:00,1.0187000036239624,1.0188000202178955,1.0175000429153442,1.0188000202178955,0
2026-08-10T21:05,1.0188000202178955,1.020300030708313,1.0188000202178955,1.0195000171661377,1123584
2026-08-10T21:10,1.0190999507904053,1.0192999839782715,1.0176000595092773,1.0182000398635864,1038592
2026-08-10T21:15,1.0180000066757202,1.0188000202178955,1.0175000429153442,1.0183000564575195,0
2026-08-10T21:20,1.0181000232696533,1.0189000368118286,1.017899990081787,1.0188000202178955,116992
2026-08-10T21:25,1.0185999870300293,1.020300030708313,1.0185999870300293,1.0202000141143799,46848
2026-08-10T21:30,1.020300030708313,1.020799994468689,1.0196000337600708,1.0205999612808228,0
2026-08-10T21:35,1.020400047302246,1.0205999612808228,1.019700050354004,1.019700050354004,0
2026-08-10T21:40,1.0192999839782715,1.0196000337600708,1.0187000036239624,1.0191999673843384,0
2026-08-10T21:45,1.0191999673843384,1.0191999673843384,1.0162999629974365,1.0163999795913696,118656
2026-08-10T21:50,1.0163999795913696,1.016800045967102,1.0156999826431274,1.0163999795913696,0
2026-08-10T21:55,1.0163999795913696,1.0168999433517456,1.0160000324249268,1.0161000490188599,0
2026-08-10T22:00,1.0161999464035034,1.0164999961853027,1.0089000463485718,1.0089000463485718,0
2026-08-10T22:05,1.0049999952316284,1.0098999738693237,1.0049999952316284,1.009600043296814,28718720
2026-08-10T22:10,1.0091999769210815,1.0109000205993652,1.0087000131607056,1.0104999542236328,9391872
2026-08-10T22:15,1.0109000205993652,1.011299967765808,1.0099999904632568,1.0110000371932983,0
2026-08-10T22:20,1.0110000371932983,1.0111000537872314,1.0096999406814575,1.0096999406814575,0
2026-08-10T22:25,1.0096999406814575,1.0111000537872314,1.0096999406814575,1.0111000537872314,387584
2026-08-10T22:30,1.010699987411499,1.011199951171875,1.0085999965667725,1.0088000297546387,542592
2026-08-10T22:35,1.0088000297546387,1.0091999769210815,1.0081000328063965,1.0085999965667725,295168
2026-08-10T22:40,1.0085999965667725,1.0089999437332153,1.0082000494003296,1.0089000463485718,0
2026-08-10T22:45,1.0087000131607056,1.010200023651123,1.0084999799728394,1.0098999738693237,153728
2026-08-10T22:50,1.0098999738693237,1.0099999904632568,1.0096999406814575,1.0099999904632568,1355008
2026-08-10T22:55,1.0099999904632568,1.0110000371932983,1.0099999904632568,1.0110000371932983,307584
2026-08-10T23:00,1.0109000205993652,1.0109000205993652,1.0097999572753906,1.0098999738693237,0
2026-08-10T23:05,1.0096999406814575,1.0120999813079834,1.0096999406814575,1.0119999647140503,7309696
2026-08-10T23:10,1.0118000507354736,1.0128999948501587,1.0118000507354736,1.0124000310897827,198400
2026-08-10T23:15,1.0124000310897827,1.0125999450683594,1.0116000175476074,1.0116000175476074,543488
2026-08-10T23:20,1.0116000175476074,1.0117000341415405,1.0099999904632568,1.0111000537872314,0
2026-08-10T23:25,1.0111000537872314,1.0119999647140503,1.0108000040054321,1.0118999481201172,0
2026-08-10T23:30,1.0118000507354736,1.0118000507354736,1.0108000040054321,1.011299967765808,0
2026-08-10T23:35,1.011199951171875,1.0119999647140503,1.010699987411499,1.0118999481201172,0
2026-08-10T23:40,1.0119999647140503,1.0124000310897827,1.0118999481201172,1.0119999647140503,0
2026-08-10T23:45,1.0116000175476074,1.0121999979019165,1.010200023651123,1.010200023651123,0
2026-08-10T23:50,1.0110000371932983,1.0113999843597412,1.0108000040054321,1.0111000537872314,2762624
2026-08-10T23:55,1.0108000040054321,1.0118000507354736,1.010599970817566,1.0113999843597412,1234304
2026-08-11T00:00,1.0115000009536743,1.0116000175476074,1.0099999904632568,1.0104000568389893,1709824
2026-08-11T00:05,1.0104000568389893,1.0110000371932983,1.0094000101089478,1.0094000101089478,1575808
2026-08-11T00:10,1.0094000101089478,1.0104000568389893,1.0091999769210815,1.0104000568389893,54784
2026-08-11T00:15,1.0103000402450562,1.0104999542236328,1.0094000101089478,1.0104000568389893,0
2026-08-11T00:20,1.0104000568389893,1.011199951171875,1.0096999406814575,1.010599970817566,0
2026-08-11T00:25,1.0108000040054321,1.0116000175476074,1.010699987411499,1.0113999843597412,0
2026-08-11T00:30,1.0116000175476074,1.0116000175476074,1.010699987411499,1.0109000205993652,0
2026-08-11T00:35,1.0108000040054321,1.0113999843597412,1.0104999542236328,1.011299967765808,0
2026-08-11T00:40,1.011199951171875,1.011199951171875,1.0097999572753906,1.0098999738693237,0
2026-08-11T00:45,1.01010000705719,1.010599970817566,1.0097999572753906,1.0104999542236328,0
2026-08-11T00:50,1.0104999542236328,1.0113999843597412,1.0104000568389893,1.0109000205993652,0
2026-08-11T00:55,1.0108000040054321,1.0124000310897827,1.0108000040054321,1.0120999813079834,175232
2026-08-11T01:00,1.0118000507354736,1.0119999647140503,1.01010000705719,1.010599970817566,0
2026-08-11T01:05,1.010599970817566,1.0111000537872314,1.0104999542236328,1.0110000371932983,466816
2026-08-11T01:10,1.0110000371932983,1.013100028038025,1.0110000371932983,1.0128999948501587,996352
2026-08-11T01:15,1.0130000114440918,1.0133999586105347,1.0119999647140503,1.0120999813079834,487936
2026-08-11T01:20,1.0120999813079834,1.0140999555587769,1.0119999647140503,1.0139000415802002,798976
2026-08-11T01:25,1.0140000581741333,1.0140999555587769,1.0128999948501587,1.0139000415802002,1220736
2026-08-11T01:30,1.013700008392334,1.013800024986267,1.0132999420166016,1.0132999420166016,11520
2026-08-11T01:35,1.0132999420166016,1.0132999420166016,1.0125999450683594,1.0126999616622925,0
2026-08-11T01:40,1.0124000310897827,1.013200044631958,1.0116000175476074,1.0130000114440918,0
2026-08-11T01:45,1.0128999948501587,1.0147000551223755,1.0127999782562256,1.0147000551223755,226944
2026-08-11T01:50,1.0145000219345093,1.0154000520706177,1.0145000219345093,1.014799952507019,0
2026-08-11T01:55,1.0148999691009521,1.0149999856948853,1.0145000219345093,1.0148999691009521,0
2026-08-11T02:00,1.014799952507019,1.0157999992370605,1.0147000551223755,1.0157999992370605,0
2026-08-11T02:05,1.0154999494552612,1.0154999494552612,1.0146000385284424,1.0152000188827515,0
2026-08-11T02:10,1.0152000188827515,1.0153000354766846,1.01419997215271,1.0144000053405762,0
2026-08-11T02:15,1.0144000053405762,1.0147000551223755,1.0140000581741333,1.0140000581741333,0
2026-08-11T02:20,1.0140999555587769,1.0140999555587769,1.013200044631958,1.0133999586105347,0
2026-08-11T02:25,1.0133999586105347,1.0133999586105347,1.0130000114440918,1.013200044631958,0
2026-08-11T02:30,1.013100028038025,1.0135999917984009,1.013100028038025,1.013200044631958,0
2026-08-11T02:35,1.0133999586105347,1.0133999586105347,1.0125000476837158,1.0125999450683594,0
2026-08-11T02:40,1.0125999450683594,1.0134999752044678,1.0125999450683594,1.0132999420166016,250112
2026-08-11T02:45,1.0132999420166016,1.0133999586105347,1.0130000114440918,1.013200044631958,0
2026-08-11T02:50,1.013200044631958,1.013200044631958,1.0120999813079834,1.0126999616622925,0
2026-08-11T02:55,1.0126999616622925,1.0127999782562256,1.0123000144958496,1.0124000310897827,190080
2026-08-11T03:00,1.0125999450683594,1.013700008392334,1.0124000310897827,1.013700008392334,0
2026-08-11T03:05,1.013800024986267,1.0139000415802002,1.0128999948501587,1.0134999752044678,0
2026-08-11T03:10,1.0135999917984009,1.0135999917984009,1.0124000310897827,1.0124000310897827,835456
2026-08-11T03:15,1.0123000144958496,1.013800024986267,1.0121999979019165,1.013200044631958,0
2026-08-11T03:20,1.0130000114440918,1.0135999917984009,1.0128999948501587,1.0133999586105347,0
2026-08-11T03:25,1.0133999586105347,1.0140999555587769,1.013200044631958,1.013200044631958,0
2026-08-11T03:30,1.0130000114440918,1.0130000114440918,1.0120999813079834,1.0124000310897827,0
2026-08-11T03:35,1.0124000310897827,1.0134999752044678,1.0123000144958496,1.0134999752044678,0
2026-08-11T03:40,1.0135999917984009,1.0139000415802002,1.0127999782562256,1.013100028038025,2004864
2026-08-11T03:45,1.013100028038025,1.013200044631958,1.0127999782562256,1.013200044631958,523136
2026-08-11T03:50,1.013200044631958,1.0135999917984009,1.0130000114440918,1.0132999420166016,0
2026-08-11T03:55,1.0132999420166016,1.0139000415802002,1.013200044631958,1.013800024986267,77568
2026-08-11T04:00,1.013700008392334,1.0144000053405762,1.0135999917984009,1.013700008392334,0
2026-08-11T04:05,1.013700008392334,1.0140999555587769,1.013700008392334,1.013800024986267,0
2026-08-11T04:10,1.013800024986267,1.0139000415802002,1.0134999752044678,1.013800024986267,0
2026-08-11T04:15,1.0139000415802002,1.0140000581741333,1.0132999420166016,1.0133999586105347,0
2026-08-11T04:20,1.0133999586105347,1.0139000415802002,1.013200044631958,1.013200044631958,0
2026-08-11T04:25,1.0132999420166016,1.0132999420166016,1.013100028038025,1.013100028038025,189952
2026-08-11T04:30,1.013100028038025,1.0132999420166016,1.0126999616622925,1.0128999948501587,0
2026-08-11T04:35,1.0127999782562256,1.013200044631958,1.0125999450683594,1.0127999782562256,175232
2026-08-11T04:40,1.0126999616622925,1.0127999782562256,1.0125000476837158,1.0126999616622925,0
2026-08-11T04:45,1.0125999450683594,1.0130000114440918,1.0125999450683594,1.0128999948501587,0
2026-08-11T04:50,1.0128999948501587,1.0130000114440918,1.0120999813079834,1.0125999450683594,0
2026-08-11T04:55,1.0125999450683594,1.0125999450683594,1.0120999813079834,1.0120999813079834,0
2026-08-11T05:00,1.0119999647140503,1.0121999979019165,1.0116000175476074,1.0120999813079834,0
2026-08-11T05:05,1.0119999647140503,1.0128999948501587,1.0117000341415405,1.0123000144958496,0
2026-08-11T05:10,1.0123000144958496,1.0123000144958496,1.0118000507354736,1.0118999481201172,660096
2026-08-11T05:15,1.0118999481201172,1.0121999979019165,1.0111000537872314,1.011299967765808,0
2026-08-11T05:20,1.0111000537872314,1.0111000537872314,1.010200023651123,1.0104000568389893,1169664
2026-08-11T05:25,1.0104000568389893,1.0108000040054321,1.0104000568389893,1.0108000040054321,0
2026-08-11T05:30,1.010599970817566,1.0119999647140503,1.0104999542236328,1.0118000507354736,0
2026-08-11T05:35,1.0118999481201172,1.0126999616622925,1.0118999481201172,1.0125000476837158,1956736
2026-08-11T05:40,1.0125000476837158,1.0128999948501587,1.0124000310897827,1.0127999782562256,0
2026-08-11T05:45,1.0127999782562256,1.0127999782562256,1.0111000537872314,1.0111000537872314,0
2026-08-11T05:50,1.0111000537872314,1.011199951171875,1.0096999406814575,1.0098999738693237,0
2026-08-11T05:55,1.0097999572753906,1.0103000402450562,1.0089999437332153,1.0089999437332153,3676160
2026-08-11T06:00,1.0089999437332153,1.0092999935150146,1.0078999996185303,1.0091999769210815,234368
2026-08-11T06:05,1.0091999769210815,1.0108000040054321,1.0091999769210815,1.010599970817566,2952320
2026-08-11T06:10,1.0108000040054321,1.0109000205993652,1.0103000402450562,1.0104999542236328,1169536
2026-08-11T06:15,1.0104000568389893,1.0104999542236328,1.0099999904632568,1.0099999904632568,641024
2026-08-11T06:20,1.0096999406814575,1.0096999406814575,1.0080000162124634,1.0084999799728394,0
2026-08-11T06:25,1.0084999799728394,1.0084999799728394,1.0069999694824219,1.0082999467849731,1585536
2026-08-11T06:30,1.0084999799728394,1.0085999965667725,1.0063999891281128,1.0069999694824219,3924480
2026-08-11T06:35,1.0069999694824219,1.007099986076355,1.0017999410629272,1.0055999755859375,3554176
2026-08-11T06:40,1.0052000284194946,1.0056999921798706,1.00409996509552,1.00409996509552,21590784
2026-08-11T06:45,1.0046000480651855,1.0049999952316284,1.00409996509552,1.0041999816894531,6759552
2026-08-11T06:50,1.0045000314712524,1.0046000480651855,1.002500057220459,1.0032999515533447,3302400
2026-08-11T06:55,1.0032999515533447,1.0054999589920044,1.0032999515533447,1.0054999589920044,999424
2026-08-11T07:00,1.0054999589920044,1.006100058555603,1.0048999786376953,1.0058000087738037,2456320
2026-08-11T07:05,1.0059000253677368,1.0063999891281128,1.0044000148773193,1.0045000314712524,8072832
2026-08-11T07:10,1.0045000314712524,1.0053999423980713,1.0042999982833862,1.0049999952316284,3007872
2026-08-11T07:15,1.0046000480651855,1.0054999589920044,1.0039000511169434,1.0047999620437622,3867392
2026-08-11T07:20,1.00409996509552,1.00409996509552,1.0032999515533447,1.0032999515533447,3212416
2026-08-11T07:25,1.0033999681472778,1.0037000179290771,1.0023000240325928,1.0024000406265259,950912
2026-08-11T07:30,1.002500057220459,1.0039000511169434,1.0023000240325928,1.0032999515533447,6183168
2026-08-11T07:35,1.0033999681472778,1.004699945449829,1.0033999681472778,1.0045000314712524,2216064
2026-08-11T07:40,1.0045000314712524,1.0046000480651855,1.0038000345230103,1.0046000480651855,1104896
2026-08-11T07:45,1.0045000314712524,1.0053000450134277,1.0037000179290771,1.0037000179290771,676608
2026-08-11T07:50,1.0039000511169434,1.0045000314712524,1.003100037574768,1.003100037574768,193408
2026-08-11T07:55,1.003000020980835,1.0039000511169434,1.0029000043869019,1.0039000511169434,484224
2026-08-11T08:00,1.00409996509552,1.0055999755859375,1.0037000179290771,1.0037000179290771,0
2026-08-11T08:05,1.0045000314712524,1.004699945449829,1.0033999681472778,1.0033999681472778,3068288
2026-08-11T08:10,1.003499984741211,1.0039000511169434,1.0032999515533447,1.003499984741211,1068032
2026-08-11T08:15,1.0032000541687012,1.0037000179290771,1.0026999711990356,1.0026999711990356,697088
2026-08-11T08:20,1.0029000043869019,1.0032000541687012,1.0018999576568604,1.0020999908447266,127360
2026-08-11T08:25,1.0022000074386597,1.0039000511169434,1.0020999908447266,1.0032999515533447,469120
2026-08-11T08:30,1.0032999515533447,1.0032999515533447,1.0015000104904175,1.0016000270843506,0
2026-08-11T08:35,1.0016000270843506,1.0029000043869019,1.0016000270843506,1.0027999877929688,0
2026-08-11T08:40,1.0027999877929688,1.0045000314712524,1.0027999877929688,1.0044000148773193,162048
2026-08-11T08:45,1.0041999816894531,1.0047999620437622,1.0038000345230103,1.0038000345230103,0
2026-08-11T08:50,1.003999948501587,1.0049999952316284,1.0039000511169434,1.0048999786376953,0
2026-08-11T08:55,1.0048999786376953,1.0049999952316284,1.0045000314712524,1.0049999952316284,103296
2026-08-11T09:00,1.0049999952316284,1.0053999423980713,1.003999948501587,1.0044000148773193,0
2026-08-11T09:05,1.0044000148773193,1.004699945449829,1.003600001335144,1.003600001335144,1344256
2026-08-11T09:10,1.003999948501587,1.0046000480651855,1.003999948501587,1.0045000314712524,0
2026-08-11T09:15,1.0044000148773193,1.0055999755859375,1.00409996509552,1.0055999755859375,0
2026-08-11T09:20,1.0055999755859375,1.0059000253677368,1.0049999952316284,1.0054999589920044,486272
2026-08-11T09:25,1.0055999755859375,1.0059000253677368,1.0049999952316284,1.0052000284194946,0
2026-08-11T09:30,1.0053000450134277,1.0055999755859375,1.0045000314712524,1.0045000314712524,0
2026-08-11T09:35,1.0045000314712524,1.004699945449829,1.0044000148773193,1.0044000148773193,0
2026-08-11T09:40,1.0044000148773193,1.0056999921798706,1.0044000148773193,1.0053000450134277,0
2026-08-11T09:45,1.0053000450134277,1.0058000087738037,1.0052000284194946,1.0053999423980713,0
2026-08-11T09:50,1.0053999423980713,1.006700038909912,1.0049999952316284,1.0055999755859375,0
2026-08-11T09:55,1.0055999755859375,1.0063999891281128,1.0055999755859375,1.0062999725341797,1958784
2026-08-11T10:00,1.006100058555603,1.0061999559402466,1.0053000450134277,1.0055999755859375,0
2026-08-11T10:05,1.0054999589920044,1.00600004196167,1.0051000118255615,1.0052000284194946,176128
2026-08-11T10:10,1.0052000284194946,1.0053000450134277,1.0033999681472778,1.0033999681472778,0
2026-08-11T10:15,1.003100037574768,1.0033999681472778,1.0022000074386597,1.0026999711990356,0
2026-08-11T10:20,1.0025999546051025,1.0025999546051025,1.0010000467300415,1.0017000436782837,0
2026-08-11T10:25,1.0017000436782837,1.0037000179290771,1.0017000436782837,1.0033999681472778,2943872
2026-08-11T10:30,1.003499984741211,1.003600001335144,1.0023000240325928,1.0023000240325928,1575168
2026-08-11T10:35,1.0022000074386597,1.0026999711990356,1.0017000436782837,1.0020999908447266,1041792
2026-08-11T10:40,1.0020999908447266,1.0025999546051025,1.0019999742507935,1.002500057220459,360704
2026-08-11T10:45,1.0027999877929688,1.0051000118255615,1.0027999877929688,1.0051000118255615,730880
2026-08-11T10:50,1.0051000118255615,1.0056999921798706,1.0051000118255615,1.0055999755859375,3070080
2026-08-11T10:55,1.0055999755859375,1.0055999755859375,1.0044000148773193,1.004699945449829,1296896
2026-08-11T11:00,1.0049999952316284,1.0091999769210815,1.004699945449829,1.0082000494003296,400384
2026-08-11T11:05,1.0083999633789062,1.0083999633789062,1.0068000555038452,1.007099986076355,8710400
2026-08-11T11:10,1.007200002670288,1.0083999633789062,1.007200002670288,1.0074000358581543,1746688
2026-08-11T11:15,1.007599949836731,1.0078999996185303,1.0069999694824219,1.007099986076355,2969088
2026-08-11T11:20,1.0073000192642212,1.0082000494003296,1.0073000192642212,1.007699966430664,1467648
2026-08-11T11:25,1.007599949836731,1.0080000162124634,1.007599949836731,1.007599949836731,509824
2026-08-11T11:30,1.007599949836731,1.0077999830245972,1.007099986076355,1.0074000358581543,0
2026-08-11T11:35,1.0074000358581543,1.007699966430664,1.007099986076355,1.007599949836731,389504
2026-08-11T11:40,1.007599949836731,1.0078999996185303,1.0068999528884888,1.007200002670288,755712
2026-08-11T11:45,1.007200002670288,1.0082999467849731,1.007200002670288,1.0081000328063965,1112064
2026-08-11T11:50,1.0082000494003296,1.0082000494003296,1.0069999694824219,1.007699966430664,347136
2026-08-11T11:55,1.0075000524520874,1.0077999830245972,1.007200002670288,1.0074000358581543,1879040
2026-08-11T12:00,1.0080000162124634,1.0080000162124634,1.0068999528884888,1.007099986076355,0
2026-08-11T12:05,1.007099986076355,1.0084999799728394,1.007099986076355,1.0083999633789062,0
2026-08-11T12:10,1.0083999633789062,1.0087000131607056,1.0074000358581543,1.0077999830245972,613760
2026-08-11T12:15,1.007599949836731,1.0082999467849731,1.0074000358581543,1.0074000358581543,456704
2026-08-11T12:20,1.0074000358581543,1.0075000524520874,1.0051000118255615,1.0053000450134277,1966720
2026-08-11T12:25,1.0053000450134277,1.0053000450134277,1.0044000148773193,1.0053000450134277,1224960
2026-08-11T12:30,1.0056999921798706,1.0056999921798706,1.0045000314712524,1.0055999755859375,1213184
2026-08-11T12:35,1.0055999755859375,1.0061999559402466,1.0048999786376953,1.0061999559402466,981888
2026-08-11T12:40,1.0061999559402466,1.0062999725341797,1.0054999589920044,1.0055999755859375,64768
2026-08-11T12:45,1.0056999921798706,1.0059000253677368,1.0039000511169434,1.0041999816894531,0
2026-08-11T12:50,1.00409996509552,1.0046000480651855,1.003499984741211,1.003499984741211,64768
2026-08-11T12:55,1.003600001335144,1.003999948501587,1.0033999681472778,1.003600001335144,0
2026-08-11T13:00,1.0033999681472778,1.0048999786376953,1.0032999515533447,1.00409996509552,0
2026-08-11T13:05,1.00409996509552,1.006700038909912,1.0038000345230103,1.006600022315979,1859072
2026-08-11T13:10,1.006600022315979,1.0069999694824219,1.0048999786376953,1.0055999755859375,103168
2026-08-11T13:15,1.0053000450134277,1.0058000087738037,1.0042999982833862,1.004699945449829,486784
2026-08-11T13:20,1.0047999620437622,1.0056999921798706,1.0046000480651855,1.0055999755859375,0
2026-08-11T13:25,1.0058000087738037,1.0062999725341797,1.0049999952316284,1.0061999559402466,0
2026-08-11T13:30,1.006100058555603,1.0074000358581543,1.003600001335144,1.0041999816894531,0
2026-08-11T13:35,1.0045000314712524,1.0058000087738037,1.0027999877929688,1.0053999423980713,27776
2026-08-11T13:40,1.0058000087738037,1.0075000524520874,1.0058000087738037,1.006500005722046,0
2026-08-11T13:45,1.0063999891281128,1.0090999603271484,1.0053999423980713,1.0087000131607056,761856
2026-08-11T13:50,1.0083999633789062,1.0084999799728394,1.006100058555603,1.0061999559402466,0
2026-08-11T13:55,1.006100058555603,1.0082000494003296,1.0059000253677368,1.0080000162124634,0
2026-08-11T14:00,1.0078999996185303,1.0097999572753906,1.0074000358581543,1.0092999935150146,0
2026-08-11T14:05,1.0092999935150146,1.0103000402450562,1.0082000494003296,1.0090999603271484,0
2026-08-11T14:10,1.0091999769210815,1.0096999406814575,1.0084999799728394,1.0088000297546387,0
2026-08-11T14:15,1.0087000131607056,1.0097999572753906,1.0080000162124634,1.0082999467849731,0
2026-08-11T14:20,1.0085999965667725,1.0091999769210815,1.0052000284194946,1.0053999423980713,0
2026-08-11T14:25,1.0051000118255615,1.006700038909912,1.004699945449829,1.0055999755859375,114944
2026-08-11T14:30,1.0054999589920044,1.0054999589920044,1.0044000148773193,1.0047999620437622,1348608
2026-08-11T14:35,1.0049999952316284,1.0058000087738037,1.0026999711990356,1.003000020980835,0
2026-08-11T14:40,1.0029000043869019,1.0039000511169434,1.0019999742507935,1.0038000345230103,4473984
2026-08-11T14:45,1.0039000511169434,1.0045000314712524,1.0029000043869019,1.0029000043869019,409088
2026-08-11T14:50,1.0023000240325928,1.0023000240325928,0.9962999820709229,0.9986000061035156,40582656
2026-08-11T14:55,0.9983999729156494,0.9983999729156494,0.9908000230789185,0.9937000274658203,27065472
2026-08-11T15:00,0.9930999875068665,0.9970999956130981,0.9930999875068665,0.9968000054359436,18723200
2026-08-11T15:05,0.996999979019165,0.9991000294685364,0.996399998664856,0.9991000294685364,27894784
2026-08-11T15:10,0.9990000128746033,0.9991000294685364,0.9955999851226807,0.996399998664856,5440256
2026-08-11T15:15,0.9959999918937683,1.0003000497817993,0.9958999752998352,1.0002000331878662,0
2026-08-11T15:20,1.0,1.003000020980835,0.9993000030517578,1.002500057220459,7479296
2026-08-11T15:25,1.0026999711990356,1.0068999528884888,1.0023000240325928,1.0058000087738037,6175616
2026-08-11T15:30,1.0059000253677368,1.0061999559402466,1.0025999546051025,1.0026999711990356,9720064
2026-08-11T15:35,1.003000020980835,1.003100037574768,0.9991999864578247,0.9995999932289124,5477120
2026-08-11T15:40,0.9998000264167786,1.0002000331878662,0.9952999949455261,0.9995999932289124,6124800
2026-08-11T15:45,0.9994999766349792,1.0009000301361084,0.9991999864578247,1.0003999471664429,7734400
2026-08-11T15:50,1.0002000331878662,1.0017999410629272,0.9998999834060669,1.0009000301361084,5006336
2026-08-11T15:55,1.000599980354309,1.0033999681472778,1.0002000331878662,1.0032999515533447,1765760
2026-08-11T16:00,1.0024000406265259,1.004699945449829,1.0017000436782837,1.0038000345230103,0
2026-08-11T16:05,1.0042999982833862,1.0042999982833862,1.0016000270843506,1.0032000541687012,14174848
2026-08-11T16:10,1.003499984741211,1.0047999620437622,1.0029000043869019,1.0047999620437622,0
2026-08-11T16:15,1.0042999982833862,1.0056999921798706,1.0032000541687012,1.0056999921798706,0
2026-08-11T16:20,1.00600004196167,1.007099986076355,1.0051000118255615,1.0068999528884888,2101888
2026-08-11T16:25,1.006700038909912,1.0078999996185303,1.006100058555603,1.006500005722046,1567616
2026-08-11T16:30,1.006500005722046,1.0080000162124634,1.006100058555603,1.007099986076355,0
2026-08-11T16:35,1.007200002670288,1.0081000328063965,1.00600004196167,1.00600004196167,325760
2026-08-11T16:40,1.006100058555603,1.0078999996185303,1.006100058555603,1.0069999694824219,2152064
2026-08-11T16:45,1.0073000192642212,1.0078999996185303,1.00600004196167,1.0077999830245972,849920
2026-08-11T16:50,1.0078999996185303,1.0092999935150146,1.0068999528884888,1.0089999437332153,74752
2026-08-11T16:55,1.0089999437332153,1.0099999904632568,1.0087000131607056,1.0089000463485718,278656
2026-08-11T17:00,1.0091999769210815,1.010699987411499,1.0089999437332153,1.009600043296814,0
2026-08-11T17:05,1.0095000267028809,1.0103000402450562,1.0087000131607056,1.0090999603271484,1892992
2026-08-11T17:10,1.0089000463485718,1.010200023651123,1.0083999633789062,1.0091999769210815,952960
2026-08-11T17:15,1.0091999769210815,1.0118999481201172,1.0091999769210815,1.0118999481201172,2757376
2026-08-11T17:20,1.011299967765808,1.0121999979019165,1.0108000040054321,1.0115000009536743,3663232
2026-08-11T17:25,1.0116000175476074,1.013800024986267,1.0111000537872314,1.0135999917984009,4909184
2026-08-11T17:30,1.013700008392334,1.0153000354766846,1.0120999813079834,1.013100028038025,4363648
2026-08-11T17:35,1.013100028038025,1.0144000053405762,1.013100028038025,1.0139000415802002,5281152
2026-08-11T17:40,1.0139000415802002,1.014799952507019,1.013700008392334,1.0140999555587769,4357632
2026-08-11T17:45,1.013800024986267,1.0147000551223755,1.013700008392334,1.01419997215271,2641024
2026-08-11T17:50,1.014299988746643,1.0148999691009521,1.0128999948501587,1.0147000551223755,3359872
2026-08-11T17:55,1.014799952507019,1.0148999691009521,1.013100028038025,1.0133999586105347,6782720
2026-08-11T18:00,1.0134999752044678,1.0169999599456787,1.0134999752044678,1.0149999856948853,1147008
2026-08-11T18:05,1.0148999691009521,1.0151000022888184,1.0135999917984009,1.01419997215271,10944384
2026-08-11T18:10,1.014299988746643,1.014299988746643,1.0127999782562256,1.0139000415802002,3164160
2026-08-11T18:15,1.013800024986267,1.014299988746643,1.0130000114440918,1.014299988746643,1048192
2026-08-11T18:20,1.0144000053405762,1.0147000551223755,1.0120999813079834,1.0123000144958496,2915840
2026-08-11T18:25,1.0123000144958496,1.0134999752044678,1.011299967765808,1.011299967765808,899968
2026-08-11T18:30,1.0113999843597412,1.0113999843597412,1.0082999467849731,1.0103000402450562,3070848
2026-08-11T18:35,1.0104000568389893,1.0113999843597412,1.0092999935150146,1.0092999935150146,5382912
2026-08-11T18:40,1.0094000101089478,1.010200023651123,1.0087000131607056,1.0099999904632568,1125760
2026-08-11T18:45,1.0099999904632568,1.0111000537872314,1.0099999904632568,1.010699987411499,557056
2026-08-11T18:50,1.0104000568389893,1.011199951171875,1.010200023651123,1.0111000537872314,34816
2026-08-11T18:55,1.0111000537872314,1.0120999813079834,1.0111000537872314,1.0118999481201172,99328
2026-08-11T19:00,1.0115000009536743,1.0119999647140503,1.011199951171875,1.0118999481201172,0
2026-08-11T19:05,1.0118999481201172,1.0119999647140503,1.0104999542236328,1.0110000371932983,2894336
2026-08-11T19:10,1.0110000371932983,1.0111000537872314,1.0082999467849731,1.0084999799728394,0
2026-08-11T19:15,1.0083999633789062,1.01010000705719,1.0083999633789062,1.009600043296814,64128
2026-08-11T19:20,1.0096999406814575,1.0109000205993652,1.009600043296814,1.0099999904632568,1110272
2026-08-11T19:25,1.0098999738693237,1.0118000507354736,1.0098999738693237,1.0110000371932983,2838656
2026-08-11T19:30,1.011299967765808,1.0124000310897827,1.010699987411499,1.0111000537872314,1812096
2026-08-11T19:35,1.0110000371932983,1.0123000144958496,1.0108000040054321,1.0121999979019165,216832
2026-08-11T19:40,1.0123000144958496,1.0133999586105347,1.0118999481201172,1.0130000114440918,1964928
2026-08-11T19:45,1.0132999420166016,1.0140000581741333,1.0121999979019165,1.0123000144958496,1608704
2026-08-11T19:50,1.0123000144958496,1.014299988746643,1.0118000507354736,1.0135999917984009,5043712
2026-08-11T19:55,1.013700008392334,1.0149999856948853,1.0135999917984009,1.014299988746643,5007744
2026-08-11T20:00,1.0147000551223755,1.0154999494552612,1.0144000053405762,1.0154000520706177,0
2026-08-11T20:05,1.0154999494552612,1.0230000019073486,1.0154999494552612,1.0230000019073486,12405248
2026-08-11T20:10,1.0224000215530396,1.0235999822616577,1.0198999643325806,1.0198999643325806,23610496
2026-08-11T20:15,1.0202000141143799,1.0202000141143799,1.0176000595092773,1.017699956893921,1790592
2026-08-11T20:20,1.0175000429153442,1.017699956893921,1.0168999433517456,1.0168999433517456,3317248
2026-08-11T20:25,1.0169999599456787,1.017199993133545,1.0156999826431274,1.0162999629974365,1282560
2026-08-11T20:30,1.0164999961853027,1.017899990081787,1.0160000324249268,1.0162999629974365,3693952
2026-08-11T20:35,1.0163999795913696,1.0170999765396118,1.0161000490188599,1.0162999629974365,1819264
2026-08-11T20:40,1.0161000490188599,1.0168999433517456,1.0155999660491943,1.0164999961853027,965888
2026-08-11T20:45,1.016800045967102,1.017699956893921,1.0162999629974365,1.0162999629974365,1673984
2026-08-11T20:50,1.016700029373169,1.016700029373169,1.0160000324249268,1.0164999961853027,2304896
2026-08-11T20:55,1.0164999961853027,1.0169999599456787,1.0163999795913696,1.016700029373169,2126208
2026-08-11T21:00,1.0166000127792358,1.017199993133545,1.0163999795913696,1.017199993133545,0
2026-08-11T21:05,1.0174000263214111,1.0174000263214111,1.016700029373169,1.0174000263214111,4527872
2026-08-11T21:10,1.017300009727478,1.0196000337600708,1.0168999433517456,1.0196000337600708,483072
2026-08-11T21:15,1.0192999839782715,1.0196000337600708,1.018399953842163,1.0191999673843384,3002496
2026-08-11T21:20,1.0191999673843384,1.020400047302246,1.0189000368118286,1.020300030708313,1246336
2026-08-11T21:25,1.020300030708313,1.020900011062622,1.017899990081787,1.017899990081787,2951936
2026-08-11T21:30,1.0182000398635864,1.0188000202178955,1.017199993133545,1.0183000564575195,1738112
2026-08-11T21:35,1.0183000564575195,1.0230000019073486,1.0174000263214111,1.0230000019073486,2405120
2026-08-11T21:40,1.0219000577926636,1.0252000093460083,1.0219000577926636,1.0235999822616577,18903552
2026-08-11T21:45,1.0235999822616577,1.0236999988555908,1.0204999446868896,1.0206999778747559,4932352
2026-08-11T21:50,1.0219000577926636,1.0236999988555908,1.021399974822998,1.0230000019073486,4784000
2026-08-11T21:55,1.0230000019073486,1.023800015449524,1.0228999853134155,1.0234999656677246,2317312
2026-08-11T22:00,1.023800015449524,1.024999976158142,1.0219999551773071,1.0226999521255493,0
2026-08-11T22:05,1.0226999521255493,1.0226999521255493,1.0210000276565552,1.0210000276565552,0
2026-08-11T22:10,1.020799994468689,1.0216000080108643,1.0205999612808228,1.0216000080108643,0
2026-08-11T22:15,1.021299958229065,1.0220999717712402,1.0205999612808228,1.0205999612808228,0
2026-08-11T22:20,1.0206999778747559,1.0206999778747559,1.0200999975204468,1.0202000141143799,0
2026-08-11T22:25,1.0199999809265137,1.0204999446868896,1.0195000171661377,1.0204999446868896,0
2026-08-11T22:30,1.0206999778747559,1.0206999778747559,1.0195000171661377,1.020400047302246,0
2026-08-11T22:35,1.020400047302246,1.0204999446868896,1.0198999643325806,1.020400047302246,0
2026-08-11T22:40,1.020400047302246,1.020400047302246,1.0195000171661377,1.020300030708313,0
2026-08-11T22:45,1.0202000141143799,1.020300030708313,1.0195000171661377,1.019700050354004,0
2026-08-11T22:50,1.019700050354004,1.0205999612808228,1.0194000005722046,1.0199999809265137,0
2026-08-11T22:55,1.0200999975204468,1.0205999612808228,1.0198999643325806,1.020400047302246,755712
2026-08-11T23:00,1.0202000141143799,1.020400047302246,1.0188000202178955,1.0188000202178955,0
2026-08-11T23:05,1.0189000368118286,1.0191999673843384,1.018399953842163,1.0185999870300293,0
2026-08-11T23:10,1.0184999704360962,1.0190000534057617,1.017799973487854,1.017799973487854,0
2026-08-11T23:15,1.017899990081787,1.0188000202178955,1.017899990081787,1.0182000398635864,826752
2026-08-11T23:20,1.0182000398635864,1.019700050354004,1.0182000398635864,1.0194000005722046,1661312
2026-08-11T23:25,1.0195000171661377,1.020400047302246,1.0191999673843384,1.020400047302246,1568512
2026-08-11T23:30,1.020300030708313,1.0214999914169312,1.0199999809265137,1.021399974822998,2603392
2026-08-11T23:35,1.021399974822998,1.0217000246047974,1.020900011062622,1.0216000080108643,1042304
2026-08-11T23:40,1.0218000411987305,1.0227999687194824,1.0218000411987305,1.0226999521255493,1950464
2026-08-11T23:45,1.0226999521255493,1.0226999521255493,1.0216000080108643,1.0219000577926636,451840
2026-08-11T23:50,1.0218000411987305,1.0226999521255493,1.0218000411987305,1.0220999717712402,0
2026-08-11T23:55,1.0218000411987305,1.0221999883651733,1.021399974822998,1.0219000577926636,0
2026-08-12T00:00,1.0219999551773071,1.0224000215530396,1.0210000276565552,1.0211000442504883,0
2026-08-12T00:05,1.0210000276565552,1.0218000411987305,1.0206999778747559,1.021299958229065,0
2026-08-12T00:10,1.021399974822998,1.0214999914169312,1.0205999612808228,1.021299958229065,5532928
2026-08-12T00:15,1.0211999416351318,1.0214999914169312,1.0205999612808228,1.020900011062622,0
2026-08-12T00:20,1.020900011062622,1.0214999914169312,1.020799994468689,1.021299958229065,212608
2026-08-12T00:25,1.021399974822998,1.021399974822998,1.020400047302246,1.0204999446868896,548608
2026-08-12T00:30,1.0204999446868896,1.0218000411987305,1.020400047302246,1.0218000411987305,770048
2026-08-12T00:35,1.0217000246047974,1.0218000411987305,1.0205999612808228,1.0210000276565552,1534848
2026-08-12T00:40,1.0210000276565552,1.0219999551773071,1.0210000276565552,1.0211999416351318,241792
2026-08-12T00:45,1.0214999914169312,1.0218000411987305,1.020900011062622,1.0211999416351318,0
2026-08-12T00:50,1.021399974822998,1.021399974822998,1.0210000276565552,1.0211999416351318,0
2026-08-12T00:55,1.0211000442504883,1.0214999914169312,1.020799994468689,1.0214999914169312,0
2026-08-12T01:00,1.0214999914169312,1.0221999883651733,1.021399974822998,1.0219999551773071,0
2026-08-12T01:05,1.0221999883651733,1.023300051689148,1.0221999883651733,1.0221999883651733,0
2026-08-12T01:10,1.0221999883651733,1.023900032043457,1.0219999551773071,1.023900032043457,457216
2026-08-12T01:15,1.023900032043457,1.023900032043457,1.0223000049591064,1.0230000019073486,249600
2026-08-12T01:20,1.023300051689148,1.0233999490737915,1.0219999551773071,1.0226999521255493,332416
2026-08-12T01:25,1.0226000547409058,1.0231000185012817,1.0221999883651733,1.0226999521255493,49152
2026-08-12T01:30,1.0226000547409058,1.0230000019073486,1.0217000246047974,1.0225000381469727,0
2026-08-12T01:35,1.0225000381469727,1.0225000381469727,1.0219000577926636,1.0225000381469727,654208
2026-08-12T01:40,1.0224000215530396,1.0234999656677246,1.0224000215530396,1.0232000350952148,606336
2026-08-12T01:45,1.0231000185012817,1.023900032043457,1.0230000019073486,1.023800015449524,0
2026-08-12T01:50,1.023800015449524,1.023800015449524,1.0217000246047974,1.0219000577926636,184832
2026-08-12T01:55,1.0218000411987305,1.0226000547409058,1.0217000246047974,1.0220999717712402,2350208
2026-08-12T02:00,1.0221999883651733,1.023300051689148,1.0221999883651733,1.0232000350952148,0
2026-08-12T02:05,1.0232000350952148,1.0242999792099,1.0231000185012817,1.0240000486373901,1119872
2026-08-12T02:10,1.0241999626159668,1.024399995803833,1.0219000577926636,1.0220999717712402,1851008
2026-08-12T02:15,1.0220999717712402,1.0226999521255493,1.0218000411987305,1.0218000411987305,2345472
2026-08-12T02:20,1.0217000246047974,1.0217000246047974,1.0197999477386475,1.0197999477386475,1229440
2026-08-12T02:25,1.0197999477386475,1.0204999446868896,1.0196000337600708,1.020300030708313,671616
2026-08-12T02:30,1.0204999446868896,1.0204999446868896,1.0196000337600708,1.0197999477386475,1647744
2026-08-12T02:35,1.0197999477386475,1.0198999643325806,1.0187000036239624,1.0190000534057617,914432
2026-08-12T02:40,1.0190000534057617,1.0197999477386475,1.0190000534057617,1.0197999477386475,1705344
2026-08-12T02:45,1.0197999477386475,1.0206999778747559,1.019700050354004,1.0204999446868896,738944
2026-08-12T02:50,1.0202000141143799,1.0211000442504883,1.0202000141143799,1.0210000276565552,1474432
2026-08-12T02:55,1.0211000442504883,1.0211000442504883,1.0198999643325806,1.020400047302246,793984
2026-08-12T03:00,1.020300030708313,1.0210000276565552,1.020300030708313,1.020799994468689,0
2026-08-12T03:05,1.020799994468689,1.020900011062622,1.0197999477386475,1.0198999643325806,1058688
2026-08-12T03:10,1.0200999975204468,1.0200999975204468,1.0194000005722046,1.0194000005722046,0
2026-08-12T03:15,1.0192999839782715,1.0196000337600708,1.0188000202178955,1.0192999839782715,0
2026-08-12T03:20,1.0192999839782715,1.0199999809265137,1.0191999673843384,1.0195000171661377,0
2026-08-12T03:25,1.0195000171661377,1.0202000141143799,1.0189000368118286,1.0194000005722046,586752
2026-08-12T03:30,1.0191999673843384,1.0197999477386475,1.0190999507904053,1.0197999477386475,0
2026-08-12T03:35,1.0197999477386475,1.0205999612808228,1.0197999477386475,1.0200999975204468,514432
2026-08-12T03:40,1.0200999975204468,1.0204999446868896,1.019700050354004,1.019700050354004,0
2026-08-12T03:45,1.019700050354004,1.0199999809265137,1.0190999507904053,1.0195000171661377,0
2026-08-12T03:50,1.0192999839782715,1.0197999477386475,1.0190999507904053,1.0190999507904053,0
2026-08-12T03:55,1.0190000534057617,1.0194000005722046,1.0185999870300293,1.0192999839782715,301440
2026-08-12T04:00,1.0194000005722046,1.0198999643325806,1.0191999673843384,1.0194000005722046,0
2026-08-12T04:05,1.0192999839782715,1.0192999839782715,1.0188000202178955,1.0189000368118286,0
2026-08-12T04:10,1.0189000368118286,1.0197999477386475,1.0184999704360962,1.0194000005722046,911360
2026-08-12T04:15,1.0194000005722046,1.0199999809265137,1.0192999839782715,1.0197999477386475,471296
2026-08-12T04:20,1.0195000171661377,1.020799994468689,1.0195000171661377,1.0206999778747559,1515008
2026-08-12T04:25,1.020400047302246,1.020400047302246,1.0195000171661377,1.0195000171661377,1055616
2026-08-12T04:30,1.0192999839782715,1.0194000005722046,1.0184999704360962,1.0188000202178955,1007104
2026-08-12T04:35,1.0188000202178955,1.0190999507904053,1.0184999704360962,1.0189000368118286,775424
2026-08-12T04:40,1.0188000202178955,1.0195000171661377,1.0188000202178955,1.0191999673843384,1199872
2026-08-12T04:45,1.0190999507904053,1.0199999809265137,1.0190000534057617,1.0198999643325806,963200
2026-08-12T04:50,1.0198999643325806,1.0202000141143799,1.019700050354004,1.0200999975204468,1473920
2026-08-12T04:55,1.0200999975204468,1.0200999975204468,1.0192999839782715,1.0196000337600708,542080
2026-08-12T05:00,1.0196000337600708,1.0198999643325806,1.0185999870300293,1.0185999870300293,0
2026-08-12T05:05,1.018399953842163,1.0200999975204468,1.0181000232696533,1.0200999975204468,1370112
2026-08-12T05:10,1.0202000141143799,1.021399974822998,1.0200999975204468,1.0211999416351318,977792
2026-08-12T05:15,1.0210000276565552,1.021299958229065,1.0206999778747559,1.0210000276565552,2974720
2026-08-12T05:20,1.0211000442504883,1.0217000246047974,1.0210000276565552,1.0217000246047974,0
2026-08-12T05:25,1.0216000080108643,1.0221999883651733,1.020799994468689,1.0210000276565552,1156864
2026-08-12T05:30,1.021299958229065,1.0219999551773071,1.0210000276565552,1.0218000411987305,2549120
2026-08-12T05:35,1.0218000411987305,1.0219999551773071,1.021399974822998,1.0219999551773071,844928
2026-08-12T05:40,1.0219000577926636,1.0219999551773071,1.0214999914169312,1.0216000080108643,1644928
2026-08-12T05:45,1.0217000246047974,1.0218000411987305,1.021299958229065,1.0214999914169312,129536
2026-08-12T05:50,1.021299958229065,1.0216000080108643,1.0211000442504883,1.0211999416351318,0
2026-08-12T05:55,1.0211999416351318,1.021399974822998,1.020799994468689,1.020799994468689,0
2026-08-12T06:00,1.0206999778747559,1.020799994468689,1.019700050354004,1.019700050354004,0
2026-08-12T06:05,1.0198999643325806,1.0200999975204468,1.0189000368118286,1.0189000368118286,0
2026-08-12T06:10,1.0189000368118286,1.0190999507904053,1.018399953842163,1.0185999870300293,0
2026-08-12T06:15,1.018399953842163,1.0190999507904053,1.0182000398635864,1.0183000564575195,0
2026-08-12T06:20,1.0184999704360962,1.0184999704360962,1.0169999599456787,1.017300009727478,1079424
2026-08-12T06:25,1.0169999599456787,1.0180000066757202,1.0169999599456787,1.017699956893921,0
2026-08-12T06:30,1.017799973487854,1.0180000066757202,1.0170999765396118,1.0180000066757202,0
2026-08-12T06:35,1.0181000232696533,1.0194000005722046,1.0180000066757202,1.0187000036239624,0
2026-08-12T06:40,1.0185999870300293,1.0194000005722046,1.0184999704360962,1.0190000534057617,0
2026-08-12T06:45,1.0190000534057617,1.0192999839782715,1.0190000534057617,1.0191999673843384,0
2026-08-12T06:50,1.0191999673843384,1.0194000005722046,1.0182000398635864,1.0182000398635864,0
2026-08-12T06:55,1.0182000398635864,1.0189000368118286,1.017799973487854,1.0189000368118286,0
2026-08-12T07:00,1.0189000368118286,1.019700050354004,1.0188000202178955,1.019700050354004,0
2026-08-12T07:05,1.0198999643325806,1.020300030708313,1.0196000337600708,1.0200999975204468,0
2026-08-12T07:10,1.0199999809265137,1.0210000276565552,1.019700050354004,1.0210000276565552,0
2026-08-12T07:15,1.020900011062622,1.0214999914169312,1.0205999612808228,1.0206999778747559,0
2026-08-12T07:20,1.0206999778747559,1.020900011062622,1.020300030708313,1.020900011062622,0
2026-08-12T07:25,1.0210000276565552,1.0211999416351318,1.0204999446868896,1.0204999446868896,0
2026-08-12T07:30,1.0200999975204468,1.0210000276565552,1.0197999477386475,1.020400047302246,0
2026-08-12T07:35,1.020400047302246,1.020400047302246,1.0188000202178955,1.0188000202178955,0
2026-08-12T07:40,1.0188000202178955,1.0189000368118286,1.0184999704360962,1.0185999870300293,0
2026-08-12T07:45,1.0182000398635864,1.0183000564575195,1.0169999599456787,1.0181000232696533,0
2026-08-12T07:50,1.0182000398635864,1.0191999673843384,1.0182000398635864,1.0190999507904053,0
2026-08-12T07:55,1.0191999673843384,1.0197999477386475,1.0188000202178955,1.019700050354004,479360
2026-08-12T08:00,1.0194000005722046,1.0199999809265137,1.0185999870300293,1.0199999809265137,0
2026-08-12T08:05,1.0197999477386475,1.020400047302246,1.0189000368118286,1.0190000534057617,0
2026-08-12T08:10,1.0189000368118286,1.0189000368118286,1.0182000398635864,1.0183000564575195,1132032
2026-08-12T08:15,1.0183000564575195,1.0189000368118286,1.0183000564575195,1.0188000202178955,25856
2026-08-12T08:20,1.0185999870300293,1.0188000202178955,1.0181000232696533,1.018399953842163,0
2026-08-12T08:25,1.0183000564575195,1.0187000036239624,1.0181000232696533,1.018399953842163,0
2026-08-12T08:30,1.0182000398635864,1.0182000398635864,1.0176000595092773,1.0176000595092773,0
2026-08-12T08:35,1.017699956893921,1.017699956893921,1.0170999765396118,1.0175000429153442,0
2026-08-12T08:40,1.0174000263214111,1.0175000429153442,1.0169999599456787,1.0169999599456787,0
2026-08-12T08:45,1.0170999765396118,1.017899990081787,1.0169999599456787,1.0174000263214111,0
2026-08-12T08:50,1.0174000263214111,1.0175000429153442,1.0169999599456787,1.017300009727478,620800
2026-08-12T08:55,1.017199993133545,1.017300009727478,1.0161999464035034,1.0163999795913696,57344
2026-08-12T09:00,1.0161999464035034,1.0170999765396118,1.0161000490188599,1.0168999433517456,0
2026-08-12T09:05,1.0170999765396118,1.017899990081787,1.0168999433517456,1.017899990081787,0
2026-08-12T09:10,1.017899990081787,1.0185999870300293,1.017899990081787,1.0185999870300293,0
2026-08-12T09:15,1.0187000036239624,1.0211999416351318,1.0187000036239624,1.0211999416351318,185344
2026-08-12T09:20,1.0211000442504883,1.023300051689148,1.0200999975204468,1.0230000019073486,2162816
2026-08-12T09:25,1.0233999490737915,1.0245000123977661,1.0226999521255493,1.023800015449524,10518016
2026-08-12T09:30,1.0241999626159668,1.0245000123977661,1.0223000049591064,1.0223000049591064,3325312
2026-08-12T09:35,1.0226999521255493,1.0234999656677246,1.0223000049591064,1.0226999521255493,3307264
2026-08-12T09:40,1.0226000547409058,1.0227999687194824,1.0218000411987305,1.0224000215530396,1989120
2026-08-12T09:45,1.0227999687194824,1.0235999822616577,1.0227999687194824,1.0230000019073486,1453952
2026-08-12T09:50,1.0234999656677246,1.0240000486373901,1.0226000547409058,1.0226000547409058,1057280
2026-08-12T09:55,1.0226000547409058,1.023300051689148,1.0225000381469727,1.023300051689148,0
2026-08-12T10:00,1.0232000350952148,1.0246000289916992,1.0226999521255493,1.0226999521255493,0
2026-08-12T10:05,1.0226000547409058,1.0227999687194824,1.0220999717712402,1.0223000049591064,3291520
2026-08-12T10:10,1.0223000049591064,1.023800015449524,1.0221999883651733,1.0227999687194824,2745472
2026-08-12T10:15,1.0228999853134155,1.0232000350952148,1.0219999551773071,1.0219999551773071,51584
2026-08-12T10:20,1.0219999551773071,1.0228999853134155,1.021399974822998,1.021399974822998,129408
2026-08-12T10:25,1.021299958229065,1.0218000411987305,1.0206999778747559,1.0206999778747559,0
2026-08-12T10:30,1.0206999778747559,1.0218000411987305,1.0206999778747559,1.0211999416351318,5120
2026-08-12T10:35,1.0211000442504883,1.0214999914169312,1.0205999612808228,1.0210000276565552,0
2026-08-12T10:40,1.020900011062622,1.0216000080108643,1.0205999612808228,1.0205999612808228,195584
2026-08-12T10:45,1.0206999778747559,1.0214999914169312,1.0199999809265137,1.0200999975204468,621952
2026-08-12T10:50,1.0200999975204468,1.020799994468689,1.0200999975204468,1.020799994468689,2705024
2026-08-12T10:55,1.020799994468689,1.020799994468689,1.020400047302246,1.0204999446868896,147072
2026-08-12T11:00,1.020799994468689,1.0216000080108643,1.0202000141143799,1.0202000141143799,12032
2026-08-12T11:05,1.0202000141143799,1.0204999446868896,1.0198999643325806,1.0199999809265137,0
2026-08-12T11:10,1.0199999809265137,1.0205999612808228,1.0195000171661377,1.0195000171661377,136320
2026-08-12T11:15,1.0195000171661377,1.0202000141143799,1.0192999839782715,1.0202000141143799,0
2026-08-12T11:20,1.0202000141143799,1.0210000276565552,1.0202000141143799,1.020799994468689,79872
2026-08-12T11:25,1.0206999778747559,1.0210000276565552,1.020400047302246,1.0205999612808228,762752
2026-08-12T11:30,1.0206999778747559,1.020900011062622,1.0199999809265137,1.0199999809265137,808704
2026-08-12T11:35,1.0199999809265137,1.0202000141143799,1.0197999477386475,1.0200999975204468,24960
2026-08-12T11:40,1.0200999975204468,1.0200999975204468,1.0194000005722046,1.0199999809265137,122112
2026-08-12T11:45,1.0200999975204468,1.0200999975204468,1.0198999643325806,1.0200999975204468,22912
2026-08-12T11:50,1.0200999975204468,1.0210000276565552,1.0200999975204468,1.0210000276565552,0
2026-08-12T11:55,1.0211000442504883,1.0218000411987305,1.0210000276565552,1.0218000411987305,312704
2026-08-12T12:00,1.0217000246047974,1.0223000049591064,1.0211000442504883,1.0223000049591064,0
2026-08-12T12:05,1.0221999883651733,1.0226000547409058,1.0216000080108643,1.0220999717712402,624000
2026-08-12T12:10,1.0219999551773071,1.0223000049591064,1.0217000246047974,1.0218000411987305,329728
2026-08-12T12:15,1.0218000411987305,1.0226000547409058,1.0218000411987305,1.0220999717712402,52864
2026-08-12T12:20,1.0220999717712402,1.0223000049591064,1.0211999416351318,1.0211999416351318,121216
2026-08-12T12:25,1.0210000276565552,1.023800015449524,1.020400047302246,1.0235999822616577,179840
2026-08-12T12:30,1.0236999988555908,1.0236999988555908,1.0184999704360962,1.0221999883651733,24414592
2026-08-12T12:35,1.0220999717712402,1.0224000215530396,1.0195000171661377,1.0196000337600708,15088640
2026-08-12T12:40,1.019700050354004,1.0200999975204468,1.0176000595092773,1.0176000595092773,9984896
2026-08-12T12:45,1.0176000595092773,1.0176000595092773,1.0154999494552612,1.0155999660491943,4772352
2026-08-12T12:50,1.0156999826431274,1.0183000564575195,1.0156999826431274,1.017300009727478,9657984
2026-08-12T12:55,1.0174000263214111,1.0174000263214111,1.0160000324249268,1.0163999795913696,5545984
2026-08-12T13:00,1.0164999961853027,1.016800045967102,1.0155999660491943,1.0163999795913696,339200
2026-08-12T13:05,1.0161999464035034,1.017300009727478,1.0157999992370605,1.017199993133545,5037696
2026-08-12T13:10,1.0175000429153442,1.017699956893921,1.0148999691009521,1.0156999826431274,367104
2026-08-12T13:15,1.0159000158309937,1.0170999765396118,1.0159000158309937,1.0164999961853027,2281728
2026-08-12T13:20,1.0166000127792358,1.016800045967102,1.0159000158309937,1.0161000490188599,1132672
2026-08-12T13:25,1.0157999992370605,1.0157999992370605,1.0146000385284424,1.0151000022888184,35072
2026-08-12T13:30,1.0149999856948853,1.0155999660491943,1.0134999752044678,1.0144000053405762,503808
2026-08-12T13:35,1.0144000053405762,1.0152000188827515,1.0134999752044678,1.013800024986267,606720
2026-08-12T13:40,1.0139000415802002,1.0148999691009521,1.0125999450683594,1.01419997215271,515456
2026-08-12T13:45,1.0145000219345093,1.0155999660491943,1.0144000053405762,1.0146000385284424,1379200
2026-08-12T13:50,1.0146000385284424,1.0151000022888184,1.0140999555587769,1.0148999691009521,691200
2026-08-12T13:55,1.014299988746643,1.0155999660491943,1.0140000581741333,1.0140000581741333,29440
2026-08-12T14:00,1.0135999917984009,1.013800024986267,1.0110000371932983,1.0111000537872314,495872
2026-08-12T14:05,1.0113999843597412,1.0113999843597412,1.0113999843597412,1.0113999843597412,0
